# Blender 5.0.1
# www.blender.org
o Plane.011
v 0.240000 0.825000 -4.040001
v 0.240000 0.825000 -4.240002
v 0.040000 0.825000 -4.240002
v 0.240000 0.700000 -4.040001
v 0.240000 0.700000 -4.240002
v 0.040000 0.700000 -4.240002
v 0.040000 0.825000 -4.040001
v 0.040000 0.700000 -4.040001
v 0.215000 0.700000 -4.065001
v 0.215000 0.700000 -4.215001
v 0.065000 0.700000 -4.215001
v 0.065000 0.700000 -4.065001
v 0.215000 0.125000 -4.065001
v 0.215000 0.125000 -4.215001
v 0.065000 0.125000 -4.215001
v 0.065000 0.125000 -4.065001
v 0.280000 0.825000 -4.000001
v 0.280000 0.825000 -4.280002
v 0.000000 0.825000 -4.280002
v 0.000000 0.825000 -4.000000
v 0.280000 1.000000 -4.000001
v 0.280000 1.000000 -4.280002
v 0.000000 1.000000 -4.280002
v 0.000000 1.000000 -4.000001
v 0.240000 0.125000 -4.040001
v 0.240000 0.125000 -4.240002
v 0.040000 0.125000 -4.240002
v 0.240000 0.000000 -4.040001
v 0.240000 0.000000 -4.240002
v 0.040000 0.000000 -4.240002
v 0.040000 0.125000 -4.040001
v 0.040000 0.000000 -4.040001
v 0.240000 1.825000 -4.040001
v 0.240000 1.825000 -4.240002
v 0.040000 1.825000 -4.240002
v 0.240000 1.700000 -4.040001
v 0.240000 1.700000 -4.240002
v 0.040000 1.700000 -4.240002
v 0.040000 1.825000 -4.040001
v 0.040000 1.700000 -4.040001
v 0.215000 1.700000 -4.065001
v 0.215000 1.700000 -4.215001
v 0.065000 1.700000 -4.215001
v 0.065000 1.700000 -4.065001
v 0.215000 1.125000 -4.065001
v 0.215000 1.125000 -4.215001
v 0.065000 1.125000 -4.215001
v 0.065000 1.125000 -4.065001
v 0.280000 1.825000 -4.000001
v 0.280000 1.825000 -4.280002
v 0.000000 1.825000 -4.280002
v 0.000000 1.825000 -4.000000
v 0.280000 2.000000 -4.000001
v 0.280000 2.000000 -4.280002
v 0.000000 2.000000 -4.280002
v 0.000000 2.000000 -4.000001
v 0.240000 1.125000 -4.040001
v 0.240000 1.125000 -4.240002
v 0.040000 1.125000 -4.240002
v 0.240000 1.000000 -4.040001
v 0.240000 1.000000 -4.240002
v 0.040000 1.000000 -4.240002
v 0.040000 1.125000 -4.040001
v 0.040000 1.000000 -4.040001
v 0.240000 2.825000 -4.040001
v 0.240000 2.825000 -4.240002
v 0.040000 2.825000 -4.240002
v 0.240000 2.700000 -4.040001
v 0.240000 2.700000 -4.240002
v 0.040000 2.700000 -4.240002
v 0.040000 2.825000 -4.040001
v 0.040000 2.700000 -4.040001
v 0.215000 2.700000 -4.065001
v 0.215000 2.700000 -4.215001
v 0.065000 2.700000 -4.215001
v 0.065000 2.700000 -4.065001
v 0.215000 2.125000 -4.065001
v 0.215000 2.125000 -4.215001
v 0.065000 2.125000 -4.215001
v 0.065000 2.125000 -4.065001
v 0.280000 2.825000 -4.000001
v 0.280000 2.825000 -4.280002
v 0.000000 2.825000 -4.280002
v 0.000000 2.825000 -4.000000
v 0.280000 3.000000 -4.000001
v 0.280000 3.000000 -4.280002
v 0.000000 3.000000 -4.280002
v 0.000000 3.000000 -4.000001
v 0.240000 2.125000 -4.040001
v 0.240000 2.125000 -4.240002
v 0.040000 2.125000 -4.240002
v 0.240000 2.000000 -4.040001
v 0.240000 2.000000 -4.240002
v 0.040000 2.000000 -4.240002
v 0.040000 2.125000 -4.040001
v 0.040000 2.000000 -4.040001
v 0.240000 3.825000 -4.040001
v 0.240000 3.825000 -4.240002
v 0.040000 3.825000 -4.240002
v 0.240000 3.700000 -4.040001
v 0.240000 3.700000 -4.240002
v 0.040000 3.700000 -4.240002
v 0.040000 3.825000 -4.040001
v 0.040000 3.700000 -4.040001
v 0.215000 3.700000 -4.065001
v 0.215000 3.700000 -4.215001
v 0.065000 3.700000 -4.215001
v 0.065000 3.700000 -4.065001
v 0.215000 3.125000 -4.065001
v 0.215000 3.125000 -4.215001
v 0.065000 3.125000 -4.215001
v 0.065000 3.125000 -4.065001
v 0.280000 3.825000 -4.000001
v 0.280000 3.825000 -4.280002
v 0.000000 3.825000 -4.280002
v 0.000000 3.825000 -4.000000
v 0.280000 4.000000 -4.000001
v 0.280000 4.000000 -4.280002
v 0.000000 4.000000 -4.280002
v 0.000000 4.000000 -4.000001
v 0.240000 3.125000 -4.040001
v 0.240000 3.125000 -4.240002
v 0.040000 3.125000 -4.240002
v 0.240000 3.000000 -4.040001
v 0.240000 3.000000 -4.240002
v 0.040000 3.000000 -4.240002
v 0.040000 3.125000 -4.040001
v 0.040000 3.000000 -4.040001
v 0.240000 4.824999 -4.040001
v 0.240000 4.824999 -4.240002
v 0.040000 4.824999 -4.240002
v 0.240000 4.699999 -4.040001
v 0.240000 4.699999 -4.240002
v 0.040000 4.699999 -4.240002
v 0.040000 4.824999 -4.040001
v 0.040000 4.699999 -4.040001
v 0.215000 4.699999 -4.065001
v 0.215000 4.699999 -4.215001
v 0.065000 4.699999 -4.215001
v 0.065000 4.699999 -4.065001
v 0.215000 4.125000 -4.065001
v 0.215000 4.125000 -4.215001
v 0.065000 4.125000 -4.215001
v 0.065000 4.125000 -4.065001
v 0.280000 4.824999 -4.000001
v 0.280000 4.824999 -4.280002
v 0.000000 4.824999 -4.280002
v 0.000000 4.824999 -4.000000
v 0.280000 5.000000 -4.000001
v 0.280000 5.000000 -4.280002
v 0.000000 5.000000 -4.280002
v 0.000000 5.000000 -4.000001
v 0.240000 4.125000 -4.040001
v 0.240000 4.125000 -4.240002
v 0.040000 4.125000 -4.240002
v 0.240000 4.000000 -4.040001
v 0.240000 4.000000 -4.240002
v 0.040000 4.000000 -4.240002
v 0.040000 4.125000 -4.040001
v 0.040000 4.000000 -4.040001
v 0.240000 5.824999 -4.040001
v 0.240000 5.824999 -4.240002
v 0.040000 5.824999 -4.240002
v 0.240000 5.699999 -4.040001
v 0.240000 5.699999 -4.240002
v 0.040000 5.699999 -4.240002
v 0.040000 5.824999 -4.040001
v 0.040000 5.699999 -4.040001
v 0.215000 5.699999 -4.065001
v 0.215000 5.699999 -4.215001
v 0.065000 5.699999 -4.215001
v 0.065000 5.699999 -4.065001
v 0.215000 5.125000 -4.065001
v 0.215000 5.125000 -4.215001
v 0.065000 5.125000 -4.215001
v 0.065000 5.125000 -4.065001
v 0.280000 5.824999 -4.000001
v 0.280000 5.824999 -4.280002
v 0.000000 5.824999 -4.280002
v 0.000000 5.824999 -4.000000
v 0.280000 6.000000 -4.000001
v 0.280000 6.000000 -4.280002
v 0.000000 6.000000 -4.280002
v 0.000000 6.000000 -4.000001
v 0.240000 5.125000 -4.040001
v 0.240000 5.125000 -4.240002
v 0.040000 5.125000 -4.240002
v 0.240000 5.000000 -4.040001
v 0.240000 5.000000 -4.240002
v 0.040000 5.000000 -4.240002
v 0.040000 5.125000 -4.040001
v 0.040000 5.000000 -4.040001
v 0.240000 6.824999 -4.040001
v 0.240000 6.824999 -4.240002
v 0.040000 6.824999 -4.240002
v 0.240000 6.699999 -4.040001
v 0.240000 6.699999 -4.240002
v 0.040000 6.699999 -4.240002
v 0.040000 6.824999 -4.040001
v 0.040000 6.699999 -4.040001
v 0.215000 6.699999 -4.065001
v 0.215000 6.699999 -4.215001
v 0.065000 6.699999 -4.215001
v 0.065000 6.699999 -4.065001
v 0.215000 6.125000 -4.065001
v 0.215000 6.125000 -4.215001
v 0.065000 6.125000 -4.215001
v 0.065000 6.125000 -4.065001
v 0.280000 6.824999 -4.000001
v 0.280000 6.824999 -4.280002
v 0.000000 6.824999 -4.280002
v 0.000000 6.824999 -4.000000
v 0.280000 7.000000 -4.000001
v 0.280000 7.000000 -4.280002
v 0.000000 7.000000 -4.280002
v 0.000000 7.000000 -4.000001
v 0.240000 6.125000 -4.040001
v 0.240000 6.125000 -4.240002
v 0.040000 6.125000 -4.240002
v 0.240000 6.000000 -4.040001
v 0.240000 6.000000 -4.240002
v 0.040000 6.000000 -4.240002
v 0.040000 6.125000 -4.040001
v 0.040000 6.000000 -4.040001
v 0.240000 7.824999 -4.040001
v 0.240000 7.824999 -4.240002
v 0.040000 7.824999 -4.240002
v 0.240000 7.699999 -4.040001
v 0.240000 7.699999 -4.240002
v 0.040000 7.699999 -4.240002
v 0.040000 7.824999 -4.040001
v 0.040000 7.699999 -4.040001
v 0.215000 7.699999 -4.065001
v 0.215000 7.699999 -4.215001
v 0.065000 7.699999 -4.215001
v 0.065000 7.699999 -4.065001
v 0.215000 7.125000 -4.065001
v 0.215000 7.125000 -4.215001
v 0.065000 7.125000 -4.215001
v 0.065000 7.125000 -4.065001
v 0.280000 7.824999 -4.000001
v 0.280000 7.824999 -4.280002
v 0.000000 7.824999 -4.280002
v 0.000000 7.824999 -4.000000
v 0.280000 8.000000 -4.000001
v 0.280000 8.000000 -4.280002
v 0.000000 8.000000 -4.280002
v 0.000000 8.000000 -4.000001
v 0.240000 7.125000 -4.040001
v 0.240000 7.125000 -4.240002
v 0.040000 7.125000 -4.240002
v 0.240000 7.000000 -4.040001
v 0.240000 7.000000 -4.240002
v 0.040000 7.000000 -4.240002
v 0.040000 7.125000 -4.040001
v 0.040000 7.000000 -4.040001
v 0.240000 8.825000 -4.040001
v 0.240000 8.825000 -4.240002
v 0.040000 8.825000 -4.240002
v 0.240000 8.700000 -4.040001
v 0.240000 8.700000 -4.240002
v 0.040000 8.700000 -4.240002
v 0.040000 8.825000 -4.040001
v 0.040000 8.700000 -4.040001
v 0.215000 8.700000 -4.065001
v 0.215000 8.700000 -4.215001
v 0.065000 8.700000 -4.215001
v 0.065000 8.700000 -4.065001
v 0.215000 8.125000 -4.065001
v 0.215000 8.125000 -4.215001
v 0.065000 8.125000 -4.215001
v 0.065000 8.125000 -4.065001
v 0.280000 8.825000 -4.000001
v 0.280000 8.825000 -4.280002
v 0.000000 8.825000 -4.280002
v 0.000000 8.825000 -4.000000
v 0.280000 9.000000 -4.000001
v 0.280000 9.000000 -4.280002
v 0.000000 9.000000 -4.280002
v 0.000000 9.000000 -4.000001
v 0.240000 8.125000 -4.040001
v 0.240000 8.125000 -4.240002
v 0.040000 8.125000 -4.240002
v 0.240000 8.000000 -4.040001
v 0.240000 8.000000 -4.240002
v 0.040000 8.000000 -4.240002
v 0.040000 8.125000 -4.040001
v 0.040000 8.000000 -4.040001
v 0.240000 9.825000 -4.040001
v 0.240000 9.825000 -4.240002
v 0.040000 9.825000 -4.240002
v 0.240000 9.700000 -4.040001
v 0.240000 9.700000 -4.240002
v 0.040000 9.700000 -4.240002
v 0.040000 9.825000 -4.040001
v 0.040000 9.700000 -4.040001
v 0.215000 9.700000 -4.065001
v 0.215000 9.700000 -4.215001
v 0.065000 9.700000 -4.215001
v 0.065000 9.700000 -4.065001
v 0.215000 9.125000 -4.065001
v 0.215000 9.125000 -4.215001
v 0.065000 9.125000 -4.215001
v 0.065000 9.125000 -4.065001
v 0.280000 9.825000 -4.000001
v 0.280000 9.825000 -4.280002
v 0.000000 9.825000 -4.280002
v 0.000000 9.825000 -4.000000
v 0.280000 10.000000 -4.000001
v 0.280000 10.000000 -4.280002
v 0.000000 10.000000 -4.280002
v 0.000000 10.000000 -4.000001
v 0.240000 9.125000 -4.040001
v 0.240000 9.125000 -4.240002
v 0.040000 9.125000 -4.240002
v 0.240000 9.000000 -4.040001
v 0.240000 9.000000 -4.240002
v 0.040000 9.000000 -4.240002
v 0.040000 9.125000 -4.040001
v 0.040000 9.000000 -4.040001
v 0.240000 10.825000 -4.040001
v 0.240000 10.825000 -4.240002
v 0.040000 10.825000 -4.240002
v 0.240000 10.700000 -4.040001
v 0.240000 10.700000 -4.240002
v 0.040000 10.700000 -4.240002
v 0.040000 10.825000 -4.040001
v 0.040000 10.700000 -4.040001
v 0.215000 10.700000 -4.065001
v 0.215000 10.700000 -4.215001
v 0.065000 10.700000 -4.215001
v 0.065000 10.700000 -4.065001
v 0.215000 10.125000 -4.065001
v 0.215000 10.125000 -4.215001
v 0.065000 10.125000 -4.215001
v 0.065000 10.125000 -4.065001
v 0.280000 10.825000 -4.000001
v 0.280000 10.825000 -4.280002
v 0.000000 10.825000 -4.280002
v 0.000000 10.825000 -4.000000
v 0.280000 11.000000 -4.000001
v 0.280000 11.000000 -4.280002
v 0.000000 11.000000 -4.280002
v 0.000000 11.000000 -4.000001
v 0.240000 10.125000 -4.040001
v 0.240000 10.125000 -4.240002
v 0.040000 10.125000 -4.240002
v 0.240000 10.000000 -4.040001
v 0.240000 10.000000 -4.240002
v 0.040000 10.000000 -4.240002
v 0.040000 10.125000 -4.040001
v 0.040000 10.000000 -4.040001
v 0.240000 11.825000 -4.040001
v 0.240000 11.825000 -4.240002
v 0.040000 11.825000 -4.240002
v 0.240000 11.700000 -4.040001
v 0.240000 11.700000 -4.240002
v 0.040000 11.700000 -4.240002
v 0.040000 11.825000 -4.040001
v 0.040000 11.700000 -4.040001
v 0.215000 11.700000 -4.065001
v 0.215000 11.700000 -4.215001
v 0.065000 11.700000 -4.215001
v 0.065000 11.700000 -4.065001
v 0.215000 11.125000 -4.065001
v 0.215000 11.125000 -4.215001
v 0.065000 11.125000 -4.215001
v 0.065000 11.125000 -4.065001
v 0.280000 11.825000 -4.000001
v 0.280000 11.825000 -4.280002
v -0.000000 11.825000 -4.280002
v -0.000000 11.825000 -4.000000
v 0.280000 12.000000 -4.000001
v 0.280000 12.000000 -4.280002
v -0.000000 12.000000 -4.280002
v -0.000000 12.000000 -4.000001
v 0.240000 11.125000 -4.040001
v 0.240000 11.125000 -4.240002
v 0.040000 11.125000 -4.240002
v 0.240000 11.000000 -4.040001
v 0.240000 11.000000 -4.240002
v 0.040000 11.000000 -4.240002
v 0.040000 11.125000 -4.040001
v 0.040000 11.000000 -4.040001
v 0.240000 12.825000 -4.040001
v 0.240000 12.825000 -4.240002
v 0.040000 12.825000 -4.240002
v 0.240000 12.700000 -4.040001
v 0.240000 12.700000 -4.240002
v 0.040000 12.700000 -4.240002
v 0.040000 12.825000 -4.040001
v 0.040000 12.700000 -4.040001
v 0.215000 12.700000 -4.065001
v 0.215000 12.700000 -4.215001
v 0.065000 12.700000 -4.215001
v 0.065000 12.700000 -4.065001
v 0.215000 12.125000 -4.065001
v 0.215000 12.125000 -4.215001
v 0.065000 12.125000 -4.215001
v 0.065000 12.125000 -4.065001
v 0.280000 12.825000 -4.000001
v 0.280000 12.825000 -4.280002
v -0.000000 12.825000 -4.280002
v -0.000000 12.825000 -4.000000
v 0.280000 13.000000 -4.000001
v 0.280000 13.000000 -4.280002
v -0.000000 13.000000 -4.280002
v -0.000000 13.000000 -4.000001
v 0.240000 12.125000 -4.040001
v 0.240000 12.125000 -4.240002
v 0.040000 12.125000 -4.240002
v 0.240000 12.000000 -4.040001
v 0.240000 12.000000 -4.240002
v 0.040000 12.000000 -4.240002
v 0.040000 12.125000 -4.040001
v 0.040000 12.000000 -4.040001
v 0.240000 13.825000 -4.040001
v 0.240000 13.825000 -4.240002
v 0.040000 13.825000 -4.240002
v 0.240000 13.700000 -4.040001
v 0.240000 13.700000 -4.240002
v 0.040000 13.700000 -4.240002
v 0.040000 13.825000 -4.040001
v 0.040000 13.700000 -4.040001
v 0.215000 13.700000 -4.065001
v 0.215000 13.700000 -4.215001
v 0.065000 13.700000 -4.215001
v 0.065000 13.700000 -4.065001
v 0.215000 13.125000 -4.065001
v 0.215000 13.125000 -4.215001
v 0.065000 13.125000 -4.215001
v 0.065000 13.125000 -4.065001
v 0.280000 13.825000 -4.000001
v 0.280000 13.825000 -4.280002
v -0.000000 13.825000 -4.280002
v -0.000000 13.825000 -4.000000
v 0.280000 14.000000 -4.000001
v 0.280000 14.000000 -4.280002
v -0.000000 14.000000 -4.280002
v -0.000000 14.000000 -4.000001
v 0.240000 13.125000 -4.040001
v 0.240000 13.125000 -4.240002
v 0.040000 13.125000 -4.240002
v 0.240000 13.000000 -4.040001
v 0.240000 13.000000 -4.240002
v 0.040000 13.000000 -4.240002
v 0.040000 13.125000 -4.040001
v 0.040000 13.000000 -4.040001
v 0.000000 1.000000 -0.000001
v 0.000000 1.000000 -1.000001
v 0.000000 0.100000 -0.000001
v 0.000000 0.100000 -1.000001
v 0.100000 0.100000 0.100000
v 0.100000 0.000000 0.100000
v 0.100000 0.000000 -1.000001
v 0.100000 0.100000 -1.000001
v 0.000000 1.000000 -1.000001
v 0.000000 1.000000 -2.000001
v 0.000000 0.100000 -1.000001
v 0.000000 0.100000 -2.000001
v 0.100000 0.100000 -1.000001
v 0.100000 0.000000 -1.000001
v 0.100000 0.000000 -2.000001
v 0.100000 0.100000 -2.000001
v 0.000000 1.000000 -2.000001
v 0.000000 1.000000 -3.000001
v 0.000000 0.100000 -2.000001
v 0.000000 0.100000 -3.000001
v 0.100000 0.100000 -2.000001
v 0.100000 0.000000 -2.000001
v 0.100000 0.000000 -3.000001
v 0.100000 0.100000 -3.000001
v 0.000000 1.000000 -3.000001
v 0.000000 1.000000 -4.000001
v 0.000000 0.100000 -3.000001
v 0.000000 0.100000 -4.000001
v 0.100000 0.100000 -3.000001
v 0.100000 0.000000 -3.000001
v 0.100000 0.000000 -4.000001
v 0.100000 0.100000 -4.000001
v 0.000000 1.000000 -0.000001
v 0.000000 2.000000 -0.000001
v 1.000000 1.000000 -0.000001
v 1.000000 2.000000 -0.000001
v 1.000000 1.000000 -0.000001
v 1.000000 2.000000 -0.000001
v 1.000000 1.000000 -1.000001
v 1.000000 2.000000 -1.000001
v 0.000000 2.000000 -0.000001
v 1.000000 2.000000 -0.000001
v 0.000000 3.000000 -0.000001
v 1.000000 3.000000 -0.000001
v 1.000000 2.000000 -1.000001
v 1.000000 3.000000 -1.000001
v 0.000000 2.000000 -1.000001
v 0.000000 3.000000 -1.000001
v 1.000000 3.000000 -0.000001
v 1.000000 3.000000 -1.000001
v 0.000000 3.000000 -0.000001
v 0.000000 3.000000 -1.000001
v 1.000000 2.000000 -0.000001
v 1.000000 3.000000 -0.000001
v 1.000000 2.000000 -1.000001
v 1.000000 3.000000 -1.000001
v 0.500000 3.000000 -0.000001
v 0.500000 3.000000 -1.000001
v 0.500000 4.000000 -0.000001
v 0.500000 4.000000 -1.000001
v 0.000000 3.000000 -0.000001
v 0.000000 3.000000 -1.000001
v 0.000000 4.000000 -0.000001
v 0.000000 4.000000 -1.000001
v 0.500000 3.000000 -0.000001
v 0.500000 4.000000 -0.000001
v 0.500000 3.000000 -1.000001
v 0.500000 4.000000 -1.000001
v 0.000000 4.000000 -0.000001
v 0.000000 5.000000 -0.000001
v 1.000000 4.000000 -0.000001
v 1.000000 5.000000 -0.000001
v 1.000000 4.000000 -0.000001
v 1.000000 5.000000 -0.000001
v 1.000000 4.000000 -1.000001
v 1.000000 5.000000 -1.000001
v 1.000000 5.000000 -0.000001
v 1.000000 5.000000 -1.000001
v 0.000000 5.000000 -0.000001
v 0.000000 5.000000 -1.000001
v 0.000000 5.000000 -0.000001
v 0.000000 5.000000 -1.000001
v 0.000000 6.000000 -0.000001
v 0.000000 6.000000 -1.000001
v 0.000000 6.000000 -0.000001
v 1.000000 6.000000 -0.000001
v 0.000000 7.000000 -0.000001
v 1.000000 7.000000 -0.000001
v 1.000000 6.000000 -0.000001
v 1.000000 7.000000 -0.000001
v 1.000000 6.000000 -1.000001
v 1.000000 7.000000 -1.000001
v -0.000000 7.000000 -0.000001
v -0.000000 8.000000 -0.000001
v 1.000000 7.000000 -0.000001
v 1.000000 8.000000 -0.000001
v 1.000000 7.000000 -0.000001
v 1.000000 8.000000 -0.000001
v 1.000000 7.000000 -1.000001
v 1.000000 8.000000 -1.000001
v 1.000000 7.000000 -1.000001
v 1.000000 8.000000 -1.000001
v -0.000000 7.000000 -1.000001
v -0.000000 8.000000 -1.000001
v -0.000000 8.000000 -0.000001
v 1.000000 8.000000 -0.000001
v -0.000000 9.000000 -0.000001
v 1.000000 9.000000 -0.000001
v 1.000000 9.000000 -0.000001
v 1.000000 9.000000 -1.000001
v -0.000000 9.000000 -0.000001
v -0.000000 9.000000 -1.000001
v 1.000000 8.000000 -0.000001
v 1.000000 9.000000 -0.000001
v 1.000000 8.000000 -1.000001
v 1.000000 9.000000 -1.000001
v 1.000000 8.000000 -1.000001
v 1.000000 9.000000 -1.000000
v -0.000000 8.000000 -1.000001
v -0.000000 9.000000 -1.000001
v 0.500000 9.000000 -0.000001
v 0.500000 9.000000 -1.000001
v 0.500000 10.000000 -0.000001
v 0.500000 10.000000 -1.000001
v -0.000000 9.000000 -0.000001
v 0.000000 9.000000 -1.000001
v -0.000000 10.000000 -0.000001
v -0.000000 10.000000 -1.000001
v 0.500000 9.000000 -0.000001
v 0.500000 10.000000 -0.000001
v 0.500000 9.000000 -1.000001
v 0.500000 10.000000 -1.000001
v 0.500000 10.000000 -0.000001
v 0.500000 10.000000 -1.000001
v 0.500000 11.000000 -0.000001
v 0.500000 11.000000 -1.000001
v -0.000000 10.000000 -0.000001
v 0.000000 10.000000 -1.000001
v -0.000000 11.000000 -0.000001
v -0.000000 11.000000 -1.000001
v 0.500000 10.000000 -0.000001
v 0.500000 11.000000 -0.000001
v 0.500000 10.000000 -1.000001
v 0.500000 11.000000 -1.000001
v -0.000000 11.000000 -0.000001
v 1.000000 11.000000 -0.000001
v -0.000000 12.000000 -0.000001
v 1.000000 12.000000 -0.000001
v 1.000000 11.000000 -0.000001
v 1.000000 12.000000 -0.000001
v 1.000000 11.000000 -1.000001
v 1.000000 12.000000 -1.000001
v -0.000000 12.000000 -0.000001
v -0.000000 13.000000 -0.000001
v 1.000000 12.000000 -0.000001
v 1.000000 13.000000 -0.000001
v 1.000000 12.000000 -1.000001
v 1.000000 13.000000 -1.000001
v -0.000000 12.000000 -1.000001
v -0.000000 13.000000 -1.000001
v 1.000000 13.000000 -0.000001
v 1.000000 13.000000 -1.000001
v -0.000000 13.000000 -0.000001
v -0.000000 13.000000 -1.000001
v 1.000000 12.000000 -0.000001
v 1.000000 13.000000 -0.000001
v 1.000000 12.000000 -1.000001
v 1.000000 13.000000 -1.000001
v -0.000000 13.000000 -0.000001
v -0.000000 14.000000 -0.000001
v -0.000000 13.000000 -1.000001
v -0.000000 14.000000 -1.000001
v 1.000000 1.000000 -2.000001
v 1.000000 2.000000 -2.000000
v 0.000000 1.000000 -2.000001
v 0.000000 2.000000 -2.000001
v 1.000000 2.000000 -1.000001
v 1.000000 2.000000 -2.000001
v 0.000000 2.000000 -1.000001
v 0.000000 2.000000 -2.000001
v 1.000000 1.000000 -1.000001
v 1.000000 2.000000 -1.000001
v 1.000000 1.000000 -2.000001
v 1.000000 2.000000 -2.000001
v 0.000000 2.000000 -1.000001
v 0.000000 3.000000 -1.000001
v 0.000000 2.000000 -2.000001
v 0.000000 3.000000 -2.000001
v 0.000000 3.000000 -1.000001
v 0.000000 3.000000 -2.000001
v 0.000000 4.000000 -1.000001
v 0.000000 4.000000 -2.000001
v 1.000000 5.000000 -1.000001
v 1.000000 5.000000 -2.000001
v 0.000000 5.000000 -1.000001
v 0.000000 5.000000 -2.000001
v 1.000000 4.000000 -1.000001
v 1.000000 5.000000 -1.000001
v 1.000000 4.000000 -2.000001
v 1.000000 5.000000 -2.000001
v 0.000000 5.000000 -1.000001
v -0.000000 6.000000 -1.000001
v 0.000000 5.000000 -2.000001
v 0.000000 6.000000 -2.000001
v 1.000000 7.000000 -1.000001
v 1.000000 7.000000 -2.000001
v 0.000000 7.000000 -1.000001
v 0.000000 7.000000 -2.000001
v 1.000000 6.000000 -1.000001
v 1.000000 7.000000 -1.000001
v 1.000000 6.000000 -2.000001
v 1.000000 7.000000 -2.000001
v 0.500000 7.000000 -1.000001
v 0.500000 8.000000 -1.000001
v 0.500000 7.000000 -2.000001
v 0.500000 8.000000 -2.000001
v 0.500000 9.000000 -1.000001
v 0.500000 9.000000 -2.000001
v -0.000000 9.000000 -1.000001
v -0.000000 9.000000 -2.000001
v 0.500000 8.000000 -1.000001
v 0.500000 9.000000 -1.000001
v 0.500000 8.000000 -2.000001
v 0.500000 9.000000 -2.000001
v -0.000000 9.000000 -1.000001
v 0.000000 9.000000 -2.000001
v -0.000000 10.000000 -1.000001
v -0.000000 10.000000 -2.000001
v -0.000000 10.000000 -1.000001
v 0.000000 10.000000 -2.000001
v -0.000000 11.000000 -1.000001
v -0.000000 11.000000 -2.000001
v 1.000000 11.000000 -1.000001
v 1.000000 12.000000 -1.000001
v 1.000000 11.000000 -2.000001
v 1.000000 12.000000 -2.000001
v 1.000000 11.000000 -2.000001
v 1.000000 12.000000 -2.000000
v -0.000000 11.000000 -2.000001
v -0.000000 12.000000 -2.000001
v 1.000000 12.000000 -1.000001
v 1.000000 12.000000 -2.000001
v -0.000000 12.000000 -1.000001
v 0.000000 12.000000 -2.000001
v -0.000000 12.000000 -1.000001
v -0.000000 12.000000 -2.000001
v -0.000000 13.000000 -1.000001
v -0.000000 13.000000 -2.000001
v -0.000000 13.000000 -1.000001
v 1.000000 13.000000 -1.000001
v -0.000000 14.000000 -1.000001
v 1.000000 14.000000 -1.000001
v 1.000000 13.000000 -2.000001
v 1.000000 14.000000 -2.000000
v -0.000000 13.000000 -2.000001
v -0.000000 14.000000 -2.000001
v 1.000000 13.000000 -1.000001
v 1.000000 14.000000 -1.000001
v 1.000000 13.000000 -2.000001
v 1.000000 14.000000 -2.000001
v 0.000000 1.000000 -2.000001
v 0.000000 1.000000 -3.000001
v 0.000000 2.000000 -2.000001
v 0.000000 2.000000 -3.000001
v 0.000000 2.000000 -2.000001
v 0.000000 3.000000 -2.000001
v 1.000000 2.000000 -2.000001
v 1.000000 3.000000 -2.000001
v 1.000000 2.000000 -2.000001
v 1.000000 3.000000 -2.000001
v 1.000000 2.000000 -3.000001
v 1.000000 3.000000 -3.000001
v 0.000000 3.000000 -2.000001
v 1.000000 3.000000 -2.000001
v 0.000000 4.000000 -2.000001
v 1.000000 4.000000 -2.000001
v 1.000000 3.000000 -2.000001
v 1.000000 4.000000 -2.000001
v 1.000000 3.000000 -3.000001
v 1.000000 4.000000 -3.000001
v 1.000000 5.000000 -2.000001
v 1.000000 5.000000 -3.000001
v 0.000000 5.000000 -2.000001
v 0.000000 5.000000 -3.000001
v 1.000000 4.000000 -2.000001
v 1.000000 5.000000 -2.000001
v 1.000000 4.000000 -3.000001
v 1.000000 5.000000 -3.000001
v 0.500000 5.000000 -2.000001
v 0.500000 6.000000 -2.000001
v 0.000000 5.000000 -2.000001
v 0.000000 6.000000 -2.000001
v 0.500000 5.000000 -2.000001
v 0.500000 6.000000 -2.000001
v 0.500000 5.000000 -3.000001
v 0.500000 6.000000 -3.000001
v 1.000000 6.000000 -2.000001
v 1.000000 7.000000 -2.000001
v 1.000000 6.000000 -3.000001
v 1.000000 7.000000 -3.000001
v 1.000000 7.000000 -2.000001
v 1.000000 7.000000 -3.000001
v 0.000000 7.000000 -2.000001
v 0.000000 7.000000 -3.000001
v 0.500000 7.000000 -2.000001
v 0.500000 8.000000 -2.000001
v 0.500000 7.000000 -3.000001
v 0.500000 8.000000 -3.000001
v 0.500000 8.000000 -2.000001
v 0.500000 9.000000 -2.000001
v 0.500000 8.000000 -3.000001
v 0.500000 9.000000 -3.000001
v -0.000000 9.000000 -2.000001
v -0.000000 10.000000 -2.000001
v 1.000000 9.000000 -2.000001
v 1.000000 10.000000 -2.000001
v 1.000000 9.000000 -2.000001
v 1.000000 10.000000 -2.000001
v 1.000000 9.000000 -3.000001
v 1.000000 10.000000 -3.000001
v -0.000000 10.000000 -2.000001
v -0.000000 11.000000 -2.000001
v 1.000000 10.000000 -2.000001
v 1.000000 11.000000 -2.000001
v 1.000000 10.000000 -2.000001
v 1.000000 11.000000 -2.000001
v 1.000000 10.000000 -3.000001
v 1.000000 11.000000 -3.000001
v 1.000000 10.000000 -3.000001
v 1.000000 11.000000 -3.000000
v -0.000000 10.000000 -3.000001
v -0.000000 11.000000 -3.000001
v 1.000000 11.000000 -2.000001
v 1.000000 11.000000 -3.000001
v -0.000000 11.000000 -2.000001
v 0.000000 11.000000 -3.000001
v -0.000000 11.000000 -2.000001
v -0.000000 12.000000 -2.000001
v -0.000000 11.000000 -3.000001
v -0.000000 12.000000 -3.000001
v -0.000000 12.000000 -2.000001
v 1.000000 12.000000 -2.000001
v -0.000000 13.000000 -2.000001
v 1.000000 13.000000 -2.000001
v 1.000000 13.000000 -2.000001
v 1.000000 13.000000 -3.000001
v -0.000000 13.000000 -2.000001
v -0.000000 13.000000 -3.000001
v 1.000000 12.000000 -2.000001
v 1.000000 13.000000 -2.000001
v 1.000000 12.000000 -3.000001
v 1.000000 13.000000 -3.000001
v 0.500000 13.000000 -2.000001
v 0.500000 14.000000 -2.000001
v 0.500000 13.000000 -3.000001
v 0.500000 14.000000 -3.000001
v 0.000000 1.000000 -3.000001
v 1.000000 1.000000 -3.000001
v 0.000000 2.000000 -3.000001
v 1.000000 2.000000 -3.000001
v 1.000000 1.000000 -4.000001
v 1.000000 2.000000 -4.000000
v 0.000000 1.000000 -4.000001
v 0.000000 2.000000 -4.000001
v 1.000000 1.000000 -3.000001
v 1.000000 2.000000 -3.000001
v 1.000000 1.000000 -4.000001
v 1.000000 2.000000 -4.000001
v 1.000000 2.000000 -3.000001
v 1.000000 3.000000 -3.000001
v 1.000000 2.000000 -4.000001
v 1.000000 3.000000 -4.000001
v 1.000000 2.000000 -4.000002
v 1.000000 3.000000 -4.000001
v 0.000000 2.000000 -4.000002
v 0.000000 3.000000 -4.000002
v 1.000000 3.000000 -4.000001
v 1.000000 4.000000 -4.000000
v 0.000000 3.000000 -4.000001
v 0.000000 4.000000 -4.000001
v 1.000000 3.000000 -3.000001
v 1.000000 4.000000 -3.000001
v 1.000000 3.000000 -4.000001
v 1.000000 4.000000 -4.000001
v 1.000000 4.000000 -3.000001
v 1.000000 5.000000 -3.000001
v 1.000000 4.000000 -4.000001
v 1.000000 5.000000 -4.000001
v 1.000000 4.000000 -4.000001
v 1.000000 5.000000 -4.000000
v 0.000000 4.000000 -4.000001
v 0.000000 5.000000 -4.000001
v 0.000000 5.000000 -3.000001
v 1.000000 5.000000 -3.000001
v 0.000000 6.000000 -3.000001
v 1.000000 6.000000 -3.000001
v 1.000000 5.000000 -4.000001
v 1.000000 6.000000 -4.000000
v 0.000000 5.000000 -4.000001
v 0.000000 6.000000 -4.000001
v 1.000000 5.000000 -3.000001
v 1.000000 6.000000 -3.000001
v 1.000000 5.000000 -4.000001
v 1.000000 6.000000 -4.000001
v 1.000000 6.000000 -3.000001
v 1.000000 7.000000 -3.000001
v 1.000000 6.000000 -4.000001
v 1.000000 7.000000 -4.000001
v 1.000000 6.000000 -4.000000
v 1.000000 7.000000 -4.000000
v 0.000000 6.000000 -4.000001
v 0.000000 7.000000 -4.000001
v 0.000000 7.000000 -3.000001
v 1.000000 7.000000 -3.000001
v 0.000000 8.000000 -3.000001
v 1.000000 8.000000 -3.000001
v 1.000000 7.000000 -4.000001
v 1.000000 8.000000 -4.000000
v 0.000000 7.000000 -4.000001
v 0.000000 8.000000 -4.000001
v 1.000000 7.000000 -3.000001
v 1.000000 8.000000 -3.000001
v 1.000000 7.000000 -4.000001
v 1.000000 8.000000 -4.000001
v 0.000000 8.000000 -3.000001
v 0.000000 9.000000 -3.000001
v 1.000000 8.000000 -3.000001
v 1.000000 9.000000 -3.000001
v 1.000000 8.000000 -4.000001
v 1.000000 9.000000 -4.000000
v 0.000000 8.000000 -4.000001
v 0.000000 9.000000 -4.000001
v 1.000000 8.000000 -3.000001
v 1.000000 9.000000 -3.000001
v 1.000000 8.000000 -4.000001
v 1.000000 9.000000 -4.000001
v 1.000000 9.000000 -3.000001
v 1.000000 10.000000 -3.000001
v 1.000000 9.000000 -4.000001
v 1.000000 10.000000 -4.000001
v 1.000000 9.000000 -4.000001
v 1.000000 10.000000 -4.000000
v 0.000000 9.000000 -4.000001
v 0.000000 10.000000 -4.000001
v 1.000000 10.000000 -3.000001
v 1.000000 10.000000 -4.000001
v 0.000000 10.000000 -3.000001
v 0.000000 10.000000 -4.000001
v 0.500000 10.000000 -4.000001
v 0.500000 11.000000 -3.000001
v 0.500000 11.000000 -4.000001
v 0.000000 10.000000 -4.000001
v -0.000000 11.000000 -3.000001
v -0.000000 11.000000 -4.000001
v 0.500000 10.000000 -3.000001
v 0.500000 11.000000 -3.000001
v 0.500000 10.000000 -4.000001
v 0.500000 11.000000 -4.000001
v -0.000000 11.000000 -3.000001
v -0.000000 12.000000 -3.000001
v -0.000000 11.000000 -4.000001
v -0.000000 12.000000 -4.000001
v 1.000000 12.000000 -3.000001
v 1.000000 13.000000 -3.000001
v 1.000000 12.000000 -4.000001
v 1.000000 13.000000 -4.000001
v 1.000000 12.000000 -4.000000
v 1.000000 13.000000 -4.000000
v -0.000000 12.000000 -4.000001
v -0.000000 13.000000 -4.000001
v -0.000000 13.000000 -3.000001
v 1.000000 13.000000 -3.000001
v -0.000000 14.000000 -3.000001
v 1.000000 14.000000 -3.000001
v 1.000000 13.000000 -3.000001
v 1.000000 14.000000 -3.000001
v 1.000000 13.000000 -4.000001
v 1.000000 14.000000 -4.000001
v 1.000000 13.000000 -4.000000
v 1.000000 14.000000 -4.000000
v -0.000000 13.000000 -4.000001
v -0.000000 14.000000 -4.000001
v -4.240000 0.825000 0.039999
v -4.240000 0.825000 0.239999
v -4.040000 0.825000 0.239999
v -4.240000 0.700000 0.039999
v -4.240000 0.700000 0.239999
v -4.040000 0.700000 0.239999
v -4.040000 0.825000 0.039998
v -4.040000 0.700000 0.039998
v -4.215000 0.700000 0.064999
v -4.215000 0.700000 0.214999
v -4.065001 0.700000 0.214999
v -4.065001 0.700000 0.064998
v -4.215000 0.125000 0.064999
v -4.215000 0.125000 0.214999
v -4.065001 0.125000 0.214999
v -4.065001 0.125000 0.064998
v -4.280000 0.825000 -0.000001
v -4.280000 0.825000 0.279999
v -4.000000 0.825000 0.279999
v -4.000000 0.825000 -0.000002
v -4.280000 1.000000 -0.000001
v -4.280000 1.000000 0.279999
v -4.000000 1.000000 0.279999
v -4.000000 1.000000 -0.000002
v -4.240000 0.125000 0.039999
v -4.240000 0.125000 0.239999
v -4.040000 0.125000 0.239999
v -4.240000 0.000000 0.039999
v -4.240000 0.000000 0.239999
v -4.040000 0.000000 0.239999
v -4.040000 0.125000 0.039999
v -4.040000 0.000000 0.039999
v -4.240000 1.825000 0.039999
v -4.240000 1.825000 0.239999
v -4.040000 1.825000 0.239999
v -4.240000 1.700000 0.039999
v -4.240000 1.700000 0.239999
v -4.040000 1.700000 0.239999
v -4.040000 1.825000 0.039998
v -4.040000 1.700000 0.039998
v -4.215000 1.700000 0.064999
v -4.215000 1.700000 0.214999
v -4.065001 1.700000 0.214999
v -4.065001 1.700000 0.064998
v -4.215000 1.125000 0.064999
v -4.215000 1.125000 0.214999
v -4.065001 1.125000 0.214999
v -4.065001 1.125000 0.064998
v -4.280000 1.825000 -0.000001
v -4.280000 1.825000 0.279999
v -4.000000 1.825000 0.279999
v -4.000000 1.825000 -0.000002
v -4.280000 2.000000 -0.000001
v -4.280000 2.000000 0.279999
v -4.000000 2.000000 0.279999
v -4.000000 2.000000 -0.000002
v -4.240000 1.125000 0.039999
v -4.240000 1.125000 0.239999
v -4.040000 1.125000 0.239999
v -4.240000 1.000000 0.039999
v -4.240000 1.000000 0.239999
v -4.040000 1.000000 0.239999
v -4.040000 1.125000 0.039999
v -4.040000 1.000000 0.039999
v -4.240000 2.825000 0.039999
v -4.240000 2.825000 0.239999
v -4.040000 2.825000 0.239999
v -4.240000 2.700000 0.039999
v -4.240000 2.700000 0.239999
v -4.040000 2.700000 0.239999
v -4.040000 2.825000 0.039998
v -4.040000 2.700000 0.039998
v -4.215000 2.700000 0.064999
v -4.215000 2.700000 0.214999
v -4.065000 2.700000 0.214999
v -4.065000 2.700000 0.064998
v -4.215000 2.125000 0.064999
v -4.215000 2.125000 0.214999
v -4.065000 2.125000 0.214999
v -4.065000 2.125000 0.064998
v -4.280000 2.825000 -0.000001
v -4.280000 2.825000 0.279999
v -4.000000 2.825000 0.279999
v -4.000000 2.825000 -0.000002
v -4.280000 3.000000 -0.000001
v -4.280000 3.000000 0.279999
v -4.000000 3.000000 0.279999
v -4.000000 3.000000 -0.000002
v -4.240000 2.125000 0.039999
v -4.240000 2.125000 0.239999
v -4.040000 2.125000 0.239999
v -4.240000 2.000000 0.039999
v -4.240000 2.000000 0.239999
v -4.040000 2.000000 0.239999
v -4.040000 2.125000 0.039999
v -4.040000 2.000000 0.039999
v -4.240000 3.825000 0.039999
v -4.240000 3.825000 0.239999
v -4.040000 3.825000 0.239999
v -4.240000 3.700000 0.039999
v -4.240000 3.700000 0.239999
v -4.040000 3.700000 0.239999
v -4.040000 3.825000 0.039998
v -4.040000 3.700000 0.039998
v -4.215000 3.700000 0.064999
v -4.215000 3.700000 0.214999
v -4.065000 3.700000 0.214999
v -4.065000 3.700000 0.064998
v -4.215000 3.125000 0.064999
v -4.215000 3.125000 0.214999
v -4.065000 3.125000 0.214999
v -4.065000 3.125000 0.064998
v -4.280000 3.825000 -0.000001
v -4.280000 3.825000 0.279999
v -4.000000 3.825000 0.279999
v -4.000000 3.825000 -0.000002
v -4.280000 4.000000 -0.000001
v -4.280000 4.000000 0.279999
v -4.000000 4.000000 0.279999
v -4.000000 4.000000 -0.000002
v -4.240000 3.125000 0.039999
v -4.240000 3.125000 0.239999
v -4.040000 3.125000 0.239999
v -4.240000 3.000000 0.039999
v -4.240000 3.000000 0.239999
v -4.040000 3.000000 0.239999
v -4.040000 3.125000 0.039999
v -4.040000 3.000000 0.039999
v -4.240000 4.824999 0.039999
v -4.240000 4.824999 0.239999
v -4.040000 4.824999 0.239999
v -4.240000 4.699999 0.039999
v -4.240000 4.699999 0.239999
v -4.040000 4.699999 0.239999
v -4.040000 4.824999 0.039998
v -4.040000 4.699999 0.039998
v -4.215000 4.699999 0.064999
v -4.215000 4.699999 0.214999
v -4.065000 4.699999 0.214999
v -4.065000 4.699999 0.064998
v -4.215000 4.125000 0.064999
v -4.215000 4.125000 0.214999
v -4.065000 4.125000 0.214999
v -4.065000 4.125000 0.064998
v -4.280000 4.824999 -0.000001
v -4.280000 4.824999 0.279999
v -4.000000 4.824999 0.279999
v -4.000000 4.824999 -0.000002
v -4.280000 5.000000 -0.000001
v -4.280000 5.000000 0.279999
v -4.000000 5.000000 0.279999
v -4.000000 5.000000 -0.000002
v -4.240000 4.125000 0.039999
v -4.240000 4.125000 0.239999
v -4.040000 4.125000 0.239999
v -4.240000 4.000000 0.039999
v -4.240000 4.000000 0.239999
v -4.040000 4.000000 0.239999
v -4.040000 4.125000 0.039999
v -4.040000 4.000000 0.039999
v -4.240000 5.824999 0.039999
v -4.240000 5.824999 0.239999
v -4.040000 5.824999 0.239999
v -4.240000 5.699999 0.039999
v -4.240000 5.699999 0.239999
v -4.040000 5.699999 0.239999
v -4.040000 5.824999 0.039998
v -4.040000 5.699999 0.039998
v -4.215000 5.699999 0.064999
v -4.215000 5.699999 0.214999
v -4.065000 5.699999 0.214999
v -4.065000 5.699999 0.064998
v -4.215000 5.125000 0.064999
v -4.215000 5.125000 0.214999
v -4.065000 5.125000 0.214999
v -4.065000 5.125000 0.064998
v -4.280000 5.824999 -0.000001
v -4.280000 5.824999 0.279999
v -4.000000 5.824999 0.279999
v -4.000000 5.824999 -0.000002
v -4.280000 6.000000 -0.000001
v -4.280000 6.000000 0.279999
v -4.000000 6.000000 0.279999
v -4.000000 6.000000 -0.000002
v -4.240000 5.125000 0.039999
v -4.240000 5.125000 0.239999
v -4.040000 5.125000 0.239999
v -4.240000 5.000000 0.039999
v -4.240000 5.000000 0.239999
v -4.040000 5.000000 0.239999
v -4.040000 5.125000 0.039999
v -4.040000 5.000000 0.039999
v -4.240000 6.824999 0.039999
v -4.240000 6.824999 0.239999
v -4.040000 6.824999 0.239999
v -4.240000 6.699999 0.039999
v -4.240000 6.699999 0.239999
v -4.040000 6.699999 0.239999
v -4.040000 6.824999 0.039998
v -4.040000 6.699999 0.039998
v -4.215000 6.699999 0.064999
v -4.215000 6.699999 0.214999
v -4.065000 6.699999 0.214999
v -4.065000 6.699999 0.064998
v -4.215000 6.125000 0.064999
v -4.215000 6.125000 0.214999
v -4.065000 6.125000 0.214999
v -4.065000 6.125000 0.064998
v -4.280000 6.824999 -0.000001
v -4.280000 6.824999 0.279999
v -4.000000 6.824999 0.279999
v -4.000000 6.824999 -0.000002
v -4.280000 7.000000 -0.000001
v -4.280000 7.000000 0.279999
v -4.000000 7.000000 0.279999
v -4.000000 7.000000 -0.000002
v -4.240000 6.125000 0.039999
v -4.240000 6.125000 0.239999
v -4.040000 6.125000 0.239999
v -4.240000 6.000000 0.039999
v -4.240000 6.000000 0.239999
v -4.040000 6.000000 0.239999
v -4.040000 6.125000 0.039999
v -4.040000 6.000000 0.039999
v -4.240000 7.824999 0.039999
v -4.240000 7.824999 0.239999
v -4.040000 7.824999 0.239999
v -4.240000 7.699999 0.039999
v -4.240000 7.699999 0.239999
v -4.040000 7.699999 0.239999
v -4.040000 7.824999 0.039998
v -4.040000 7.699999 0.039998
v -4.215000 7.699999 0.064999
v -4.215000 7.699999 0.214999
v -4.065000 7.699999 0.214999
v -4.065000 7.699999 0.064998
v -4.215000 7.125000 0.064999
v -4.215000 7.125000 0.214999
v -4.065000 7.125000 0.214999
v -4.065000 7.125000 0.064998
v -4.280000 7.824999 -0.000001
v -4.280000 7.824999 0.279999
v -4.000000 7.824999 0.279999
v -4.000000 7.824999 -0.000002
v -4.280000 8.000000 -0.000001
v -4.280000 8.000000 0.279999
v -4.000000 8.000000 0.279999
v -4.000000 8.000000 -0.000002
v -4.240000 7.125000 0.039999
v -4.240000 7.125000 0.239999
v -4.040000 7.125000 0.239999
v -4.240000 7.000000 0.039999
v -4.240000 7.000000 0.239999
v -4.040000 7.000000 0.239999
v -4.040000 7.125000 0.039999
v -4.040000 7.000000 0.039999
v -4.240000 8.825000 0.039999
v -4.240000 8.825000 0.239999
v -4.040000 8.825000 0.239999
v -4.240000 8.700000 0.039999
v -4.240000 8.700000 0.239999
v -4.040000 8.700000 0.239999
v -4.040000 8.825000 0.039998
v -4.040000 8.700000 0.039998
v -4.215000 8.700000 0.064999
v -4.215000 8.700000 0.214999
v -4.065000 8.700000 0.214999
v -4.065000 8.700000 0.064998
v -4.215000 8.125000 0.064999
v -4.215000 8.125000 0.214999
v -4.065000 8.125000 0.214999
v -4.065000 8.125000 0.064998
v -4.280000 8.825000 -0.000001
v -4.280000 8.825000 0.279999
v -4.000000 8.825000 0.279999
v -4.000000 8.825000 -0.000002
v -4.280000 9.000000 -0.000001
v -4.280000 9.000000 0.279999
v -4.000000 9.000000 0.279999
v -4.000000 9.000000 -0.000002
v -4.240000 8.125000 0.039999
v -4.240000 8.125000 0.239999
v -4.040000 8.125000 0.239999
v -4.240000 8.000000 0.039999
v -4.240000 8.000000 0.239999
v -4.040000 8.000000 0.239999
v -4.040000 8.125000 0.039999
v -4.040000 8.000000 0.039999
v -4.240000 9.825000 0.039999
v -4.240000 9.825000 0.239999
v -4.040000 9.825000 0.239999
v -4.240000 9.700000 0.039999
v -4.240000 9.700000 0.239999
v -4.040000 9.700000 0.239999
v -4.040000 9.825000 0.039998
v -4.040000 9.700000 0.039998
v -4.215000 9.700000 0.064999
v -4.215000 9.700000 0.214999
v -4.065000 9.700000 0.214999
v -4.065000 9.700000 0.064998
v -4.215000 9.125000 0.064999
v -4.215000 9.125000 0.214999
v -4.065000 9.125000 0.214999
v -4.065000 9.125000 0.064998
v -4.280000 9.825000 -0.000001
v -4.280000 9.825000 0.279999
v -4.000000 9.825000 0.279999
v -4.000000 9.825000 -0.000002
v -4.280000 10.000000 -0.000001
v -4.280000 10.000000 0.279999
v -4.000000 10.000000 0.279999
v -4.000000 10.000000 -0.000002
v -4.240000 9.125000 0.039999
v -4.240000 9.125000 0.239999
v -4.040000 9.125000 0.239999
v -4.240000 9.000000 0.039999
v -4.240000 9.000000 0.239999
v -4.040000 9.000000 0.239999
v -4.040000 9.125000 0.039999
v -4.040000 9.000000 0.039999
v -4.240000 10.825000 0.039999
v -4.240000 10.825000 0.239999
v -4.040000 10.825000 0.239999
v -4.240000 10.700000 0.039999
v -4.240000 10.700000 0.239999
v -4.040000 10.700000 0.239999
v -4.040000 10.825000 0.039998
v -4.040000 10.700000 0.039998
v -4.215000 10.700000 0.064999
v -4.215000 10.700000 0.214999
v -4.065000 10.700000 0.214999
v -4.065000 10.700000 0.064998
v -4.215000 10.125000 0.064999
v -4.215000 10.125000 0.214999
v -4.065000 10.125000 0.214999
v -4.065000 10.125000 0.064998
v -4.280000 10.825000 -0.000001
v -4.280000 10.825000 0.279999
v -4.000000 10.825000 0.279999
v -4.000000 10.825000 -0.000002
v -4.280000 11.000000 -0.000001
v -4.280000 11.000000 0.279999
v -4.000000 11.000000 0.279999
v -4.000000 11.000000 -0.000002
v -4.240000 10.125000 0.039999
v -4.240000 10.125000 0.239999
v -4.040000 10.125000 0.239999
v -4.240000 10.000000 0.039999
v -4.240000 10.000000 0.239999
v -4.040000 10.000000 0.239999
v -4.040000 10.125000 0.039999
v -4.040000 10.000000 0.039999
v -4.240000 11.825000 0.039999
v -4.240000 11.825000 0.239999
v -4.040000 11.825000 0.239999
v -4.240000 11.700000 0.039999
v -4.240000 11.700000 0.239999
v -4.040000 11.700000 0.239999
v -4.040000 11.825000 0.039998
v -4.040000 11.700000 0.039998
v -4.215000 11.700000 0.064999
v -4.215000 11.700000 0.214999
v -4.065000 11.700000 0.214999
v -4.065000 11.700000 0.064998
v -4.215000 11.125000 0.064999
v -4.215000 11.125000 0.214999
v -4.065000 11.125000 0.214999
v -4.065000 11.125000 0.064998
v -4.280000 11.825000 -0.000001
v -4.280000 11.825000 0.279999
v -4.000000 11.825000 0.279999
v -4.000000 11.825000 -0.000002
v -4.280000 12.000000 -0.000001
v -4.280000 12.000000 0.279999
v -4.000000 12.000000 0.279999
v -4.000000 12.000000 -0.000002
v -4.240000 11.125000 0.039999
v -4.240000 11.125000 0.239999
v -4.040000 11.125000 0.239999
v -4.240000 11.000000 0.039999
v -4.240000 11.000000 0.239999
v -4.040000 11.000000 0.239999
v -4.040000 11.125000 0.039999
v -4.040000 11.000000 0.039999
v -4.240000 12.825000 0.039999
v -4.240000 12.825000 0.239999
v -4.040000 12.825000 0.239999
v -4.240000 12.700000 0.039999
v -4.240000 12.700000 0.239999
v -4.040000 12.700000 0.239999
v -4.040000 12.825000 0.039998
v -4.040000 12.700000 0.039998
v -4.215000 12.700000 0.064999
v -4.215000 12.700000 0.214999
v -4.065000 12.700000 0.214999
v -4.065000 12.700000 0.064998
v -4.215000 12.125000 0.064999
v -4.215000 12.125000 0.214999
v -4.065000 12.125000 0.214999
v -4.065000 12.125000 0.064998
v -4.280000 12.825000 -0.000001
v -4.280000 12.825000 0.279999
v -4.000000 12.825000 0.279999
v -4.000000 12.825000 -0.000002
v -4.280000 13.000000 -0.000001
v -4.280000 13.000000 0.279999
v -4.000000 13.000000 0.279999
v -4.000000 13.000000 -0.000002
v -4.240000 12.125000 0.039999
v -4.240000 12.125000 0.239999
v -4.040000 12.125000 0.239999
v -4.240000 12.000000 0.039999
v -4.240000 12.000000 0.239999
v -4.040000 12.000000 0.239999
v -4.040000 12.125000 0.039999
v -4.040000 12.000000 0.039999
v -4.240000 13.825000 0.039999
v -4.240000 13.825000 0.239999
v -4.040000 13.825000 0.239999
v -4.240000 13.700000 0.039999
v -4.240000 13.700000 0.239999
v -4.040000 13.700000 0.239999
v -4.040000 13.825000 0.039998
v -4.040000 13.700000 0.039998
v -4.215000 13.700000 0.064999
v -4.215000 13.700000 0.214999
v -4.065000 13.700000 0.214999
v -4.065000 13.700000 0.064998
v -4.215000 13.125000 0.064999
v -4.215000 13.125000 0.214999
v -4.065000 13.125000 0.214999
v -4.065000 13.125000 0.064998
v -4.280000 13.825000 -0.000001
v -4.280000 13.825000 0.279999
v -4.000000 13.825000 0.279999
v -4.000000 13.825000 -0.000002
v -4.280000 14.000000 -0.000001
v -4.280000 14.000000 0.279999
v -4.000000 14.000000 0.279999
v -4.000000 14.000000 -0.000002
v -4.240000 13.125000 0.039999
v -4.240000 13.125000 0.239999
v -4.040000 13.125000 0.239999
v -4.240000 13.000000 0.039999
v -4.240000 13.000000 0.239999
v -4.040000 13.000000 0.239999
v -4.040000 13.125000 0.039999
v -4.040000 13.000000 0.039999
v -4.000000 1.000000 0.000000
v -3.000000 1.000000 0.000000
v -4.000000 0.100000 0.000000
v -3.000000 0.100000 0.000000
v -4.000000 0.100000 0.100000
v -4.000000 0.000000 0.100000
v -3.000000 0.000000 0.100000
v -3.000000 0.100000 0.100000
v -3.000000 1.000000 0.000000
v -2.000000 1.000000 0.000000
v -3.000000 0.100000 0.000000
v -2.000000 0.100000 0.000000
v -3.000000 0.100000 0.100000
v -3.000000 0.000000 0.100000
v -2.000000 0.000000 0.100000
v -2.000000 0.100000 0.100000
v -2.000000 1.000000 0.000000
v -1.000000 1.000000 0.000000
v -2.000000 0.100000 0.000000
v -1.000000 0.100000 0.000000
v -2.000000 0.100000 0.100000
v -2.000000 0.000000 0.100000
v -1.000000 0.000000 0.100000
v -1.000000 0.100000 0.100000
v -1.000000 1.000000 0.000000
v 0.000000 1.000000 0.000000
v -1.000000 0.100000 0.000000
v 0.000000 0.100000 0.000000
v -1.000000 0.100000 0.100000
v -1.000000 0.000000 0.100000
v 0.099998 0.000000 0.100000
v 0.099998 0.100000 0.100000
v -4.000000 1.000000 0.000000
v -3.000000 1.000000 0.000000
v -4.000000 2.000000 0.000000
v -3.000000 2.000000 0.000000
v -4.000000 2.000000 0.000000
v -4.000000 3.000000 0.000000
v -3.000000 2.000000 0.000000
v -3.000000 3.000000 0.000000
v -4.000000 3.000000 0.000000
v -3.000000 3.000000 0.000000
v -4.000000 4.000000 0.000000
v -3.000000 4.000000 0.000000
v -4.000000 4.000000 -0.000000
v -4.000000 4.000000 1.000000
v -4.000000 5.000000 -0.000000
v -4.000000 5.000000 1.000000
v -4.000000 4.000000 1.000000
v -4.000000 5.000000 1.000000
v -3.000000 4.000000 1.000000
v -3.000000 5.000000 1.000000
v -3.000000 4.000000 1.000000
v -3.000000 5.000000 1.000000
v -2.999999 4.000000 -0.000000
v -3.000000 5.000000 -0.000000
v -4.000000 5.000000 -0.000000
v -4.000000 6.000000 -0.000000
v -4.000000 5.000000 1.000000
v -4.000000 6.000000 1.000000
v -3.000000 5.000000 1.000000
v -3.000000 6.000000 1.000000
v -3.000000 5.000000 -0.000000
v -3.000000 6.000000 -0.000000
v -4.000000 6.000000 1.000000
v -3.000000 6.000000 1.000000
v -4.000000 6.000000 -0.000000
v -3.000000 6.000000 0.000000
v -4.000000 5.000000 1.000000
v -4.000000 6.000000 1.000000
v -3.000000 5.000000 1.000000
v -3.000000 6.000000 1.000000
v -4.000000 6.000000 -0.000000
v -3.000000 6.000000 -0.000000
v -4.000000 7.000000 -0.000000
v -3.000000 7.000000 -0.000000
v -4.000000 7.000000 -0.000000
v -4.000000 7.000000 1.000000
v -4.000000 8.000000 -0.000000
v -4.000000 8.000000 1.000000
v -4.000000 7.000000 1.000000
v -4.000000 8.000000 1.000000
v -3.000000 7.000000 1.000000
v -3.000000 8.000000 1.000000
v -4.000000 8.000000 1.000000
v -3.000000 8.000000 1.000000
v -4.000000 8.000000 -0.000000
v -3.000000 8.000000 -0.000000
v -4.000000 8.000000 0.500000
v -4.000000 9.000000 0.500000
v -4.000000 8.000000 -0.000000
v -4.000000 9.000000 -0.000000
v -4.000000 8.000000 0.500000
v -4.000000 9.000000 0.500000
v -3.000000 8.000000 0.500000
v -3.000000 9.000000 0.500000
v -4.000000 9.000000 -0.000000
v -4.000000 10.000000 -0.000000
v -4.000000 9.000000 1.000000
v -4.000000 10.000000 1.000000
v -3.000000 9.000000 1.000000
v -3.000000 10.000000 1.000000
v -3.000000 9.000000 -0.000000
v -3.000000 10.000000 -0.000000
v -4.000000 10.000000 1.000000
v -3.000000 10.000000 1.000000
v -4.000000 10.000000 -0.000000
v -3.000000 10.000000 0.000000
v -4.000000 9.000000 1.000000
v -4.000000 10.000000 1.000000
v -3.000000 9.000000 1.000000
v -3.000000 10.000000 1.000000
v -4.000000 10.000000 0.500000
v -4.000000 11.000000 0.500000
v -3.000000 11.000000 0.500000
v -4.000000 10.000000 -0.000000
v -4.000000 11.000000 -0.000000
v -3.000000 11.000000 -0.000000
v -4.000000 10.000000 0.500000
v -4.000000 11.000000 0.500000
v -3.000000 10.000000 0.500000
v -3.000000 11.000000 0.500000
v -4.000000 11.000000 -0.000000
v -3.000000 11.000000 -0.000000
v -4.000000 12.000000 -0.000000
v -3.000000 12.000000 -0.000000
v -4.000000 12.000000 -0.000000
v -3.000000 12.000000 -0.000000
v -4.000000 13.000000 -0.000000
v -3.000000 13.000000 -0.000000
v -4.000000 13.000000 -0.000000
v -3.000000 13.000000 -0.000000
v -4.000000 14.000000 -0.000000
v -3.000000 14.000000 -0.000000
v -3.000000 1.000000 0.000000
v -3.000000 1.000000 1.000000
v -3.000000 2.000000 0.000000
v -3.000000 2.000000 1.000000
v -3.000000 1.000000 1.000000
v -3.000000 2.000000 1.000000
v -2.000000 1.000000 1.000000
v -2.000000 2.000000 1.000000
v -2.000000 1.000000 1.000000
v -2.000000 2.000000 1.000000
v -2.000000 1.000000 0.000000
v -2.000000 2.000000 0.000000
v -3.000000 2.000000 0.000000
v -3.000000 2.000000 1.000000
v -3.000000 3.000000 0.000000
v -3.000000 3.000000 1.000000
v -3.000000 2.000000 1.000000
v -3.000000 3.000000 1.000000
v -2.000000 2.000000 1.000000
v -2.000000 3.000000 1.000000
v -3.000000 3.000000 0.000000
v -3.000000 3.000000 1.000000
v -3.000000 4.000000 0.000000
v -3.000000 4.000000 1.000000
v -3.000000 4.000000 1.000000
v -2.000000 4.000000 1.000000
v -3.000000 4.000000 0.000000
v -2.000000 4.000000 0.000000
v -3.000000 3.000000 1.000000
v -3.000000 4.000000 1.000000
v -2.000000 3.000000 1.000000
v -2.000000 4.000000 1.000000
v -2.000000 3.000000 1.000000
v -2.000000 4.000000 1.000000
v -2.000000 3.000000 0.000000
v -2.000000 4.000000 0.000000
v -3.000000 4.000000 -0.000000
v -2.000000 4.000000 -0.000000
v -3.000000 5.000000 -0.000000
v -2.000000 5.000000 -0.000000
v -3.000000 5.000000 0.500000
v -3.000000 6.000000 0.500000
v -2.000000 5.000000 0.500000
v -2.000000 6.000000 0.500000
v -3.000000 6.000000 0.500000
v -3.000000 7.000000 0.500000
v -3.000000 6.000000 -0.000000
v -3.000000 7.000000 -0.000000
v -3.000000 6.000000 0.500000
v -3.000000 7.000000 0.500000
v -2.000000 6.000000 0.500000
v -2.000000 7.000000 0.500000
v -3.000000 7.000000 1.000000
v -3.000000 8.000000 1.000000
v -2.000000 7.000000 1.000000
v -2.000000 8.000000 1.000000
v -3.000000 8.000000 -0.000000
v -3.000000 8.000000 1.000000
v -3.000000 9.000000 -0.000000
v -3.000000 9.000000 1.000000
v -3.000000 8.000000 1.000000
v -3.000000 9.000000 1.000000
v -2.000000 8.000000 1.000000
v -2.000000 9.000000 1.000000
v -3.000000 9.000000 1.000000
v -2.000000 9.000000 1.000000
v -3.000000 9.000000 -0.000000
v -2.000000 9.000000 -0.000000
v -3.000000 9.000000 -0.000000
v -2.000000 9.000000 -0.000000
v -3.000000 10.000000 -0.000000
v -2.000000 10.000000 -0.000000
v -3.000000 10.000000 -0.000000
v -3.000000 10.000000 1.000000
v -3.000000 11.000000 -0.000000
v -3.000000 11.000000 1.000000
v -3.000000 10.000000 1.000000
v -3.000000 11.000000 1.000000
v -2.000000 10.000000 1.000000
v -2.000000 11.000000 1.000000
v -2.000000 10.000000 1.000000
v -2.000000 11.000000 1.000000
v -1.999999 10.000000 -0.000000
v -1.999999 11.000000 -0.000000
v -3.000000 11.000000 -0.000000
v -3.000000 11.000000 1.000000
v -3.000000 12.000000 -0.000000
v -3.000000 12.000000 1.000000
v -3.000000 12.000000 1.000000
v -2.000000 12.000000 1.000000
v -3.000000 12.000000 -0.000000
v -2.000000 12.000000 -0.000000
v -3.000000 11.000000 1.000000
v -3.000000 12.000000 1.000000
v -2.000000 11.000000 1.000000
v -2.000000 12.000000 1.000000
v -3.000000 12.000000 0.500000
v -3.000000 13.000000 0.499999
v -3.000000 12.000000 -0.000000
v -3.000000 13.000000 -0.000000
v -3.000000 12.000000 0.500000
v -3.000000 13.000000 0.499999
v -2.000000 12.000000 0.500000
v -2.000000 13.000000 0.499999
v -3.000000 13.000000 -0.000000
v -3.000000 13.000000 1.000000
v -3.000000 14.000000 -0.000000
v -3.000000 14.000000 1.000000
v -3.000000 13.000000 1.000000
v -3.000000 14.000000 1.000000
v -2.000000 13.000000 1.000000
v -2.000000 14.000000 1.000000
v -2.000000 1.000000 0.000000
v -2.000000 2.000000 0.000000
v -1.000000 1.000000 0.000000
v -1.000000 2.000000 0.000000
v -2.000000 3.000000 1.000000
v -1.000000 3.000000 1.000000
v -2.000000 3.000000 0.000000
v -1.000000 3.000000 0.000000
v -2.000000 2.000000 1.000000
v -2.000000 3.000000 1.000000
v -1.000000 2.000000 1.000000
v -1.000000 3.000000 1.000000
v -2.000000 3.000000 0.000000
v -2.000000 4.000000 0.000000
v -1.000000 3.000000 0.000000
v -1.000000 4.000000 0.000000
v -2.000000 4.000000 -0.000000
v -2.000000 5.000000 -0.000000
v -2.000000 4.000000 1.000000
v -2.000000 5.000000 1.000000
v -2.000000 4.000000 1.000000
v -2.000000 5.000000 1.000000
v -1.000000 4.000000 1.000000
v -1.000000 5.000000 1.000000
v -1.000000 4.000000 1.000000
v -1.000000 5.000000 1.000000
v -1.000000 4.000000 -0.000000
v -1.000000 5.000000 -0.000000
v -2.000000 5.000000 -0.000000
v -2.000000 5.000000 1.000000
v -2.000000 6.000000 -0.000000
v -2.000000 6.000000 1.000000
v -2.000000 5.000000 1.000000
v -2.000000 6.000000 1.000000
v -1.000000 5.000000 1.000000
v -1.000000 6.000000 1.000000
v -2.000000 6.000000 -0.000000
v -2.000000 6.000000 1.000000
v -2.000000 7.000000 -0.000000
v -2.000000 7.000000 1.000000
v -2.000000 6.000000 1.000000
v -2.000000 7.000000 1.000000
v -1.000000 6.000000 1.000000
v -1.000000 7.000000 1.000000
v -2.000000 7.000000 1.000000
v -2.000000 8.000000 1.000000
v -1.000000 7.000000 1.000000
v -1.000000 8.000000 1.000000
v -2.000000 9.000000 1.000000
v -1.000000 9.000000 1.000000
v -2.000000 9.000000 -0.000000
v -1.000000 9.000000 -0.000000
v -2.000000 8.000000 1.000000
v -2.000000 9.000000 1.000000
v -1.000000 8.000000 1.000000
v -1.000000 9.000000 1.000000
v -2.000000 9.000000 -0.000000
v -1.000000 9.000000 -0.000000
v -2.000000 10.000000 -0.000000
v -1.000000 10.000000 -0.000000
v -2.000000 10.000000 0.500000
v -2.000000 11.000000 0.500000
v -1.000000 10.000000 0.500000
v -1.000000 11.000000 0.500000
v -2.000000 11.000000 1.000000
v -2.000000 12.000000 1.000000
v -1.000000 11.000000 1.000000
v -1.000000 12.000000 1.000000
v -2.000000 12.000000 -0.000000
v -2.000000 12.000000 1.000000
v -2.000000 13.000000 -0.000000
v -2.000000 13.000000 1.000000
v -2.000000 12.000000 1.000000
v -2.000000 13.000000 1.000000
v -1.000000 12.000000 1.000000
v -1.000000 13.000000 0.999999
v -2.000000 13.000000 1.000000
v -2.000000 14.000000 1.000000
v -1.000000 13.000000 1.000000
v -1.000000 14.000000 1.000000
v -1.000000 1.000000 0.000000
v 0.000000 1.000000 0.000000
v -1.000000 2.000000 0.000000
v 0.000000 2.000000 0.000000
v -1.000000 2.000000 1.000000
v -1.000000 3.000000 1.000000
v 0.000000 2.000000 1.000000
v 0.000000 3.000000 1.000000
v -0.000000 2.000000 1.000000
v -0.000000 3.000000 1.000000
v -0.000000 2.000000 0.000000
v -0.000000 3.000000 0.000000
v -1.000000 3.000000 1.000000
v 0.000000 3.000000 1.000000
v -1.000000 3.000000 0.000000
v 0.000000 3.000000 0.000000
v -1.000000 3.000000 0.500000
v 0.000000 3.000000 0.500000
v -1.000000 4.000000 0.500000
v 0.000000 4.000000 0.500000
v -1.000000 3.000000 0.000000
v 0.000000 3.000000 0.000000
v -1.000000 4.000000 0.000000
v 0.000000 4.000000 0.000000
v -1.000000 3.000000 0.500000
v -1.000000 4.000000 0.500000
v 0.000000 3.000000 0.500000
v 0.000000 4.000000 0.500000
v -1.000000 4.000000 -0.000000
v -1.000000 5.000000 -0.000000
v 0.000000 4.000000 -0.000000
v 0.000000 5.000000 -0.000000
v -1.000000 5.000000 1.000000
v -1.000000 6.000000 1.000000
v 0.000000 5.000000 1.000000
v 0.000000 6.000000 1.000000
v -0.000000 5.000000 1.000000
v -0.000000 6.000000 1.000000
v -0.000000 5.000000 -0.000000
v -0.000000 6.000000 -0.000000
v -1.000000 6.000000 1.000000
v -1.000000 7.000000 1.000000
v 0.000000 6.000000 1.000000
v 0.000000 7.000000 1.000000
v -0.000000 6.000000 1.000000
v -0.000000 7.000000 1.000000
v -0.000000 6.000000 -0.000000
v -0.000000 7.000000 -0.000000
v -1.000000 7.000000 1.000000
v -1.000000 8.000000 1.000000
v 0.000000 7.000000 1.000000
v 0.000000 8.000000 1.000000
v -0.000000 7.000000 1.000000
v -0.000000 8.000000 1.000000
v -0.000000 7.000000 -0.000000
v -0.000000 8.000000 -0.000000
v -0.000000 8.000000 1.000000
v -0.000000 9.000000 1.000000
v -0.000000 8.000000 -0.000000
v -0.000000 9.000000 -0.000000
v -1.000000 9.000000 1.000000
v 0.000000 9.000000 1.000000
v -1.000000 9.000000 -0.000000
v 0.000000 9.000000 -0.000000
v -1.000000 8.000000 1.000000
v -1.000000 9.000000 1.000000
v 0.000000 8.000000 1.000000
v 0.000000 9.000000 1.000000
v -1.000000 9.000000 0.500000
v 0.000000 9.000000 0.500000
v -1.000000 10.000000 0.500000
v 0.000000 10.000000 0.500000
v -1.000000 9.000000 -0.000000
v 0.000000 9.000000 -0.000000
v -1.000000 10.000000 -0.000000
v 0.000000 10.000000 -0.000000
v -1.000000 9.000000 0.500000
v -1.000000 10.000000 0.500000
v 0.000000 9.000000 0.500000
v 0.000000 10.000000 0.500000
v -1.000000 10.000000 -0.000000
v -1.000000 11.000000 -0.000000
v -1.000000 10.000000 1.000000
v -1.000000 11.000000 1.000000
v -1.000000 10.000000 1.000000
v -1.000000 11.000000 1.000000
v 0.000000 10.000000 1.000000
v 0.000000 11.000000 1.000000
v -0.000000 10.000000 1.000000
v -0.000000 11.000000 1.000000
v -0.000000 10.000000 -0.000000
v -0.000000 11.000000 -0.000000
v -0.000000 11.000000 1.000000
v -0.000000 12.000000 1.000000
v -0.000000 11.000000 -0.000000
v -0.000000 12.000000 -0.000000
v -1.000000 11.000000 1.000000
v -1.000000 12.000000 1.000000
v 0.000000 11.000000 1.000000
v 0.000000 12.000000 1.000000
v -0.000000 12.000000 1.000000
v -0.000000 13.000000 1.000000
v -0.000000 12.000000 -0.000000
v -0.000000 13.000000 -0.000000
v -1.000000 12.000000 1.000000
v -1.000000 13.000000 1.000000
v 0.000000 12.000000 1.000000
v 0.000000 13.000000 1.000000
v -1.000000 13.000000 1.000000
v -1.000000 14.000000 1.000000
v 0.000000 13.000000 1.000000
v 0.000000 14.000000 1.000000
v -0.000000 13.000000 1.000000
v -0.000000 14.000000 1.000000
v -0.000000 13.000000 -0.000000
v -0.000000 14.000000 -0.000000
v 0.040000 0.825000 0.240000
v 0.240000 0.825000 0.240000
v 0.240000 0.825000 0.040000
v 0.040000 0.700000 0.240000
v 0.240000 0.700000 0.240000
v 0.240000 0.700000 0.040000
v 0.040000 0.825000 0.040000
v 0.040000 0.700000 0.040000
v 0.065000 0.700000 0.215000
v 0.215000 0.700000 0.215000
v 0.215000 0.700000 0.065000
v 0.064999 0.700000 0.065000
v 0.065000 0.125000 0.215000
v 0.215000 0.125000 0.215000
v 0.215000 0.125000 0.065000
v 0.064999 0.125000 0.065000
v 0.000000 0.825000 0.280000
v 0.280000 0.825000 0.280000
v 0.280000 0.825000 0.000000
v -0.000001 0.825000 0.000000
v 0.000000 1.000000 0.280000
v 0.280000 1.000000 0.280000
v 0.280000 1.000000 0.000000
v -0.000000 1.000000 0.000000
v 0.040000 0.125000 0.240000
v 0.240000 0.125000 0.240000
v 0.240000 0.125000 0.040000
v 0.040000 0.000000 0.240000
v 0.240000 0.000000 0.240000
v 0.240000 0.000000 0.040000
v 0.040000 0.125000 0.040000
v 0.040000 0.000000 0.040000
v 0.040000 1.825000 0.240000
v 0.240000 1.825000 0.240000
v 0.240000 1.825000 0.040000
v 0.040000 1.700000 0.240000
v 0.240000 1.700000 0.240000
v 0.240000 1.700000 0.040000
v 0.040000 1.825000 0.040000
v 0.040000 1.700000 0.040000
v 0.065000 1.700000 0.215000
v 0.215000 1.700000 0.215000
v 0.215000 1.700000 0.065000
v 0.064999 1.700000 0.065000
v 0.065000 1.125000 0.215000
v 0.215000 1.125000 0.215000
v 0.215000 1.125000 0.065000
v 0.064999 1.125000 0.065000
v 0.000000 1.825000 0.280000
v 0.280000 1.825000 0.280000
v 0.280000 1.825000 0.000000
v -0.000001 1.825000 0.000000
v 0.000000 2.000000 0.280000
v 0.280000 2.000000 0.280000
v 0.280000 2.000000 0.000000
v -0.000000 2.000000 0.000000
v 0.040000 1.125000 0.240000
v 0.240000 1.125000 0.240000
v 0.240000 1.125000 0.040000
v 0.040000 1.000000 0.240000
v 0.240000 1.000000 0.240000
v 0.240000 1.000000 0.040000
v 0.040000 1.125000 0.040000
v 0.040000 1.000000 0.040000
v 0.040000 2.825000 0.240000
v 0.240000 2.825000 0.240000
v 0.240000 2.825000 0.040000
v 0.040000 2.700000 0.240000
v 0.240000 2.700000 0.240000
v 0.240000 2.700000 0.040000
v 0.040000 2.825000 0.040000
v 0.040000 2.700000 0.040000
v 0.065000 2.700000 0.215000
v 0.215000 2.700000 0.215000
v 0.215000 2.700000 0.065000
v 0.064999 2.700000 0.065000
v 0.065000 2.125000 0.215000
v 0.215000 2.125000 0.215000
v 0.215000 2.125000 0.065000
v 0.064999 2.125000 0.065000
v 0.000000 2.825000 0.280000
v 0.280000 2.825000 0.280000
v 0.280000 2.825000 0.000000
v -0.000001 2.825000 0.000000
v 0.000000 3.000000 0.280000
v 0.280000 3.000000 0.280000
v 0.280000 3.000000 0.000000
v -0.000000 3.000000 0.000000
v 0.040000 2.125000 0.240000
v 0.240000 2.125000 0.240000
v 0.240000 2.125000 0.040000
v 0.040000 2.000000 0.240000
v 0.240000 2.000000 0.240000
v 0.240000 2.000000 0.040000
v 0.040000 2.125000 0.040000
v 0.040000 2.000000 0.040000
v 0.040000 3.825000 0.240000
v 0.240000 3.825000 0.240000
v 0.240000 3.825000 0.040000
v 0.040000 3.700000 0.240000
v 0.240000 3.700000 0.240000
v 0.240000 3.700000 0.040000
v 0.040000 3.825000 0.040000
v 0.040000 3.700000 0.040000
v 0.065000 3.700000 0.215000
v 0.215000 3.700000 0.215000
v 0.215000 3.700000 0.065000
v 0.064999 3.700000 0.065000
v 0.065000 3.125000 0.215000
v 0.215000 3.125000 0.215000
v 0.215000 3.125000 0.065000
v 0.064999 3.125000 0.065000
v 0.000000 3.825000 0.280000
v 0.280000 3.825000 0.280000
v 0.280000 3.825000 0.000000
v -0.000001 3.825000 0.000000
v 0.000000 4.000000 0.280000
v 0.280000 4.000000 0.280000
v 0.280000 4.000000 0.000000
v -0.000000 4.000000 0.000000
v 0.040000 3.125000 0.240000
v 0.240000 3.125000 0.240000
v 0.240000 3.125000 0.040000
v 0.040000 3.000000 0.240000
v 0.240000 3.000000 0.240000
v 0.240000 3.000000 0.040000
v 0.040000 3.125000 0.040000
v 0.040000 3.000000 0.040000
v 0.040000 4.824999 0.240000
v 0.240000 4.824999 0.240000
v 0.240000 4.824999 0.040000
v 0.040000 4.699999 0.240000
v 0.240000 4.699999 0.240000
v 0.240000 4.699999 0.040000
v 0.040000 4.824999 0.040000
v 0.040000 4.699999 0.040000
v 0.065000 4.699999 0.215000
v 0.215000 4.699999 0.215000
v 0.215000 4.699999 0.065000
v 0.064999 4.699999 0.065000
v 0.065000 4.125000 0.215000
v 0.215000 4.125000 0.215000
v 0.215000 4.125000 0.065000
v 0.064999 4.125000 0.065000
v 0.000000 4.824999 0.280000
v 0.280000 4.824999 0.280000
v 0.280000 4.824999 -0.000000
v -0.000001 4.824999 -0.000000
v 0.000000 5.000000 0.280000
v 0.280000 5.000000 0.280000
v 0.280000 5.000000 -0.000000
v -0.000000 5.000000 -0.000000
v 0.040000 4.125000 0.240000
v 0.240000 4.125000 0.240000
v 0.240000 4.125000 0.040000
v 0.040000 4.000000 0.240000
v 0.240000 4.000000 0.240000
v 0.240000 4.000000 0.040000
v 0.040000 4.125000 0.040000
v 0.040000 4.000000 0.040000
v 0.040000 5.824999 0.240000
v 0.240000 5.824999 0.240000
v 0.240000 5.824999 0.040000
v 0.040000 5.699999 0.240000
v 0.240000 5.699999 0.240000
v 0.240000 5.699999 0.040000
v 0.040000 5.824999 0.040000
v 0.040000 5.699999 0.040000
v 0.065000 5.699999 0.215000
v 0.215000 5.699999 0.215000
v 0.215000 5.699999 0.065000
v 0.064999 5.699999 0.065000
v 0.065000 5.125000 0.215000
v 0.215000 5.125000 0.215000
v 0.215000 5.125000 0.065000
v 0.064999 5.125000 0.065000
v 0.000000 5.824999 0.280000
v 0.280000 5.824999 0.280000
v 0.280000 5.824999 -0.000000
v -0.000001 5.824999 -0.000000
v 0.000000 6.000000 0.280000
v 0.280000 6.000000 0.280000
v 0.280000 6.000000 -0.000000
v -0.000000 6.000000 -0.000000
v 0.040000 5.125000 0.240000
v 0.240000 5.125000 0.240000
v 0.240000 5.125000 0.040000
v 0.040000 5.000000 0.240000
v 0.240000 5.000000 0.240000
v 0.240000 5.000000 0.040000
v 0.040000 5.125000 0.040000
v 0.040000 5.000000 0.040000
v 0.040000 6.824999 0.240000
v 0.240000 6.824999 0.240000
v 0.240000 6.824999 0.040000
v 0.040000 6.699999 0.240000
v 0.240000 6.699999 0.240000
v 0.240000 6.699999 0.040000
v 0.040000 6.824999 0.040000
v 0.040000 6.699999 0.040000
v 0.065000 6.699999 0.215000
v 0.215000 6.699999 0.215000
v 0.215000 6.699999 0.065000
v 0.064999 6.699999 0.065000
v 0.065000 6.125000 0.215000
v 0.215000 6.125000 0.215000
v 0.215000 6.125000 0.065000
v 0.064999 6.125000 0.065000
v 0.000000 6.824999 0.280000
v 0.280000 6.824999 0.280000
v 0.280000 6.824999 -0.000000
v -0.000001 6.824999 -0.000000
v 0.000000 7.000000 0.280000
v 0.280000 7.000000 0.280000
v 0.280000 7.000000 -0.000000
v -0.000000 7.000000 -0.000000
v 0.040000 6.125000 0.240000
v 0.240000 6.125000 0.240000
v 0.240000 6.125000 0.040000
v 0.040000 6.000000 0.240000
v 0.240000 6.000000 0.240000
v 0.240000 6.000000 0.040000
v 0.040000 6.125000 0.040000
v 0.040000 6.000000 0.040000
v 0.040000 7.824999 0.240000
v 0.240000 7.824999 0.240000
v 0.240000 7.824999 0.040000
v 0.040000 7.699999 0.240000
v 0.240000 7.699999 0.240000
v 0.240000 7.699999 0.040000
v 0.040000 7.824999 0.040000
v 0.040000 7.699999 0.040000
v 0.065000 7.699999 0.215000
v 0.215000 7.699999 0.215000
v 0.215000 7.699999 0.065000
v 0.064999 7.699999 0.065000
v 0.065000 7.125000 0.215000
v 0.215000 7.125000 0.215000
v 0.215000 7.125000 0.065000
v 0.064999 7.125000 0.065000
v 0.000000 7.824999 0.280000
v 0.280000 7.824999 0.280000
v 0.280000 7.824999 -0.000000
v -0.000001 7.824999 -0.000000
v 0.000000 8.000000 0.280000
v 0.280000 8.000000 0.280000
v 0.280000 8.000000 -0.000000
v -0.000000 8.000000 -0.000000
v 0.040000 7.125000 0.240000
v 0.240000 7.125000 0.240000
v 0.240000 7.125000 0.040000
v 0.040000 7.000000 0.240000
v 0.240000 7.000000 0.240000
v 0.240000 7.000000 0.040000
v 0.040000 7.125000 0.040000
v 0.040000 7.000000 0.040000
v 0.040000 8.825000 0.240000
v 0.240000 8.825000 0.240000
v 0.240000 8.825000 0.040000
v 0.040000 8.700000 0.240000
v 0.240000 8.700000 0.240000
v 0.240000 8.700000 0.040000
v 0.040000 8.825000 0.040000
v 0.040000 8.700000 0.040000
v 0.065000 8.700000 0.215000
v 0.215000 8.700000 0.215000
v 0.215000 8.700000 0.065000
v 0.064999 8.700000 0.065000
v 0.065000 8.125000 0.215000
v 0.215000 8.125000 0.215000
v 0.215000 8.125000 0.065000
v 0.064999 8.125000 0.065000
v 0.000000 8.825000 0.280000
v 0.280000 8.825000 0.280000
v 0.280000 8.825000 -0.000000
v -0.000001 8.825000 -0.000000
v 0.000000 9.000000 0.280000
v 0.280000 9.000000 0.280000
v 0.280000 9.000000 -0.000000
v -0.000000 9.000000 -0.000000
v 0.040000 8.125000 0.240000
v 0.240000 8.125000 0.240000
v 0.240000 8.125000 0.040000
v 0.040000 8.000000 0.240000
v 0.240000 8.000000 0.240000
v 0.240000 8.000000 0.040000
v 0.040000 8.125000 0.040000
v 0.040000 8.000000 0.040000
v 0.040000 9.825000 0.240000
v 0.240000 9.825000 0.240000
v 0.240000 9.825000 0.040000
v 0.040000 9.700000 0.240000
v 0.240000 9.700000 0.240000
v 0.240000 9.700000 0.040000
v 0.040000 9.825000 0.040000
v 0.040000 9.700000 0.040000
v 0.065000 9.700000 0.215000
v 0.215000 9.700000 0.215000
v 0.215000 9.700000 0.065000
v 0.064999 9.700000 0.065000
v 0.065000 9.125000 0.215000
v 0.215000 9.125000 0.215000
v 0.215000 9.125000 0.065000
v 0.064999 9.125000 0.065000
v 0.000000 9.825000 0.280000
v 0.280000 9.825000 0.280000
v 0.280000 9.825000 -0.000000
v -0.000001 9.825000 -0.000000
v 0.000000 10.000000 0.280000
v 0.280000 10.000000 0.280000
v 0.280000 10.000000 -0.000000
v -0.000000 10.000000 -0.000000
v 0.040000 9.125000 0.240000
v 0.240000 9.125000 0.240000
v 0.240000 9.125000 0.040000
v 0.040000 9.000000 0.240000
v 0.240000 9.000000 0.240000
v 0.240000 9.000000 0.040000
v 0.040000 9.125000 0.040000
v 0.040000 9.000000 0.040000
v 0.040000 10.825000 0.240000
v 0.240000 10.825000 0.240000
v 0.240000 10.825000 0.040000
v 0.040000 10.700000 0.240000
v 0.240000 10.700000 0.240000
v 0.240000 10.700000 0.040000
v 0.040000 10.825000 0.040000
v 0.040000 10.700000 0.040000
v 0.065000 10.700000 0.215000
v 0.215000 10.700000 0.215000
v 0.215000 10.700000 0.065000
v 0.064999 10.700000 0.065000
v 0.065000 10.125000 0.215000
v 0.215000 10.125000 0.215000
v 0.215000 10.125000 0.065000
v 0.064999 10.125000 0.065000
v 0.000000 10.825000 0.280000
v 0.280000 10.825000 0.280000
v 0.280000 10.825000 -0.000000
v -0.000001 10.825000 -0.000000
v 0.000000 11.000000 0.280000
v 0.280000 11.000000 0.280000
v 0.280000 11.000000 -0.000000
v -0.000000 11.000000 -0.000000
v 0.040000 10.125000 0.240000
v 0.240000 10.125000 0.240000
v 0.240000 10.125000 0.040000
v 0.040000 10.000000 0.240000
v 0.240000 10.000000 0.240000
v 0.240000 10.000000 0.040000
v 0.040000 10.125000 0.040000
v 0.040000 10.000000 0.040000
v 0.040000 11.825000 0.240000
v 0.240000 11.825000 0.240000
v 0.240000 11.825000 0.039999
v 0.040000 11.700000 0.240000
v 0.240000 11.700000 0.240000
v 0.240000 11.700000 0.039999
v 0.040000 11.825000 0.039999
v 0.040000 11.700000 0.039999
v 0.065000 11.700000 0.214999
v 0.215000 11.700000 0.214999
v 0.215000 11.700000 0.065000
v 0.064999 11.700000 0.065000
v 0.065000 11.125000 0.214999
v 0.215000 11.125000 0.214999
v 0.215000 11.125000 0.065000
v 0.064999 11.125000 0.065000
v 0.000000 11.825000 0.279999
v 0.280000 11.825000 0.279999
v 0.280000 11.825000 -0.000000
v -0.000001 11.825000 -0.000000
v 0.000000 12.000000 0.279999
v 0.280000 12.000000 0.279999
v 0.280000 12.000000 -0.000000
v -0.000000 12.000000 -0.000000
v 0.040000 11.125000 0.240000
v 0.240000 11.125000 0.240000
v 0.240000 11.125000 0.039999
v 0.040000 11.000000 0.240000
v 0.240000 11.000000 0.240000
v 0.240000 11.000000 0.039999
v 0.040000 11.125000 0.039999
v 0.040000 11.000000 0.039999
v 0.040000 12.825000 0.240000
v 0.240000 12.825000 0.240000
v 0.240000 12.825000 0.039999
v 0.040000 12.700000 0.240000
v 0.240000 12.700000 0.240000
v 0.240000 12.700000 0.039999
v 0.040000 12.825000 0.039999
v 0.040000 12.700000 0.039999
v 0.065000 12.700000 0.214999
v 0.215000 12.700000 0.214999
v 0.215000 12.700000 0.065000
v 0.064999 12.700000 0.065000
v 0.065000 12.125000 0.214999
v 0.215000 12.125000 0.214999
v 0.215000 12.125000 0.065000
v 0.064999 12.125000 0.065000
v 0.000000 12.825000 0.279999
v 0.280000 12.825000 0.279999
v 0.280000 12.825000 -0.000000
v -0.000001 12.825000 -0.000000
v 0.000000 13.000000 0.279999
v 0.280000 13.000000 0.279999
v 0.280000 13.000000 -0.000000
v -0.000000 13.000000 -0.000000
v 0.040000 12.125000 0.240000
v 0.240000 12.125000 0.240000
v 0.240000 12.125000 0.039999
v 0.040000 12.000000 0.240000
v 0.240000 12.000000 0.240000
v 0.240000 12.000000 0.039999
v 0.040000 12.125000 0.039999
v 0.040000 12.000000 0.039999
v 0.040000 13.825000 0.240000
v 0.240000 13.825000 0.240000
v 0.240000 13.825000 0.039999
v 0.040000 13.700000 0.240000
v 0.240000 13.700000 0.240000
v 0.240000 13.700000 0.039999
v 0.040000 13.825000 0.039999
v 0.040000 13.700000 0.039999
v 0.065000 13.700000 0.214999
v 0.215000 13.700000 0.214999
v 0.215000 13.700000 0.065000
v 0.064999 13.700000 0.065000
v 0.065000 13.125000 0.214999
v 0.215000 13.125000 0.214999
v 0.215000 13.125000 0.065000
v 0.064999 13.125000 0.065000
v 0.000000 13.825000 0.279999
v 0.280000 13.825000 0.279999
v 0.280000 13.825000 -0.000000
v -0.000001 13.825000 -0.000000
v 0.000000 14.000000 0.279999
v 0.280000 14.000000 0.279999
v 0.280000 14.000000 -0.000000
v -0.000000 14.000000 -0.000000
v 0.040000 13.125000 0.240000
v 0.240000 13.125000 0.240000
v 0.240000 13.125000 0.039999
v 0.040000 13.000000 0.240000
v 0.240000 13.000000 0.240000
v 0.240000 13.000000 0.039999
v 0.040000 13.125000 0.039999
v 0.040000 13.000000 0.039999
v -3.000000 14.000000 -0.000000
v -2.000000 14.000000 -0.000000
v -2.000000 14.000000 -0.000000
v -1.000000 14.000000 -0.000000
v -1.000000 14.000000 -0.000000
v 0.000000 14.000000 -0.000000
v -0.000000 14.000000 -1.000001
v -0.000000 14.000000 -2.000001
v -0.000000 14.000000 -2.000001
v -0.000000 14.000000 -3.000001
v -0.000000 14.000000 -3.000001
v -0.000000 14.000000 -4.000001
vn -0.0000 -0.0000 -1.0000
vn -0.0000 -0.0000 1.0000
vn 1.0000 -0.0000 -0.0000
vn -0.0000 1.0000 -0.0000
vn -1.0000 -0.0000 -0.0000
vt 0.999993 0.399767
vt 0.833686 0.399768
vt 0.833686 0.509719
vt 0.999993 0.509719
vt 0.833686 0.399767
vt 0.770482 0.286379
vt 0.831992 0.286379
vt 0.831992 0.999426
vt 0.770482 0.999426
vt 0.770482 0.286379
vt 0.831991 0.286379
vt 0.831991 0.999426
vt 0.770483 0.286379
vt 0.831992 0.999426
vt 0.770483 0.999426
vt 0.767581 0.344285
vt 0.767581 0.999426
vt 0.673283 0.999426
vt 0.673283 0.344285
vt 0.764372 0.283546
vt 0.764372 0.458730
vt 0.675622 0.458730
vt 0.675622 0.283546
vt 0.673283 0.999427
vt 0.673283 0.344286
vt 0.767581 0.344286
vt 0.767581 0.999427
vt 0.767581 0.344285
vt 0.673283 0.999427
vt 0.673283 0.344285
vt 0.833686 0.509719
vt 0.999992 0.509719
vt 0.999992 0.399767
vt 0.833686 0.399767
vt 0.833686 0.399768
vt 0.833686 0.509720
vt 0.999993 0.509719
vt 0.999993 0.399767
vt 0.998299 0.526081
vt 0.998299 0.636033
vt 0.831992 0.636033
vt 0.831992 0.526081
vt 0.331700 0.030964
vt 0.665276 0.030964
vt 0.665276 0.498948
vt 0.331700 0.498948
vt 0.766085 0.999996
vt 0.766085 0.498948
vt 0.832784 0.498948
vt 0.832784 0.999996
vt 0.999996 0.499995
vt 0.999996 0.999995
vt 0.833352 0.999995
vt 0.833352 0.499995
vt -0.001316 -0.000785
vt 0.332017 -0.000785
vt 0.332017 0.499215
vt -0.001316 0.499215
vt 0.999996 0.999995
vt 0.833352 0.499995
vt 0.833352 0.499995
vt 0.332017 -0.000785
vt 0.332017 0.499215
vt -0.001316 0.499215
vt -0.001316 -0.000785
vt 0.999996 0.874995
vt 0.833352 0.874995
vt 0.833352 0.624995
vt 0.999996 0.624995
vt 0.999996 0.874995
vt 0.833352 0.874995
vt 0.833352 0.624995
vt 0.999996 0.624995
vt 0.332018 0.999215
vt 0.332017 0.499215
vt 0.665351 0.499215
vt 0.665351 0.999215
vt 0.000003 0.000674
vt 0.331884 0.000674
vt 0.332529 0.498846
vt 0.000003 0.498846
vt 0.833352 0.499995
vt 0.833352 0.499995
vt 0.665351 0.499215
vt 0.332017 0.999215
vt 0.332017 0.499215
vt -0.001316 0.499215
vt -0.001316 -0.000785
vt 0.332017 -0.000785
vt 0.833352 0.999995
vt 0.665351 0.999215
vt 0.332017 0.999215
vt 0.332017 0.499215
vt 0.665351 0.499215
vt 0.332017 0.999215
vt 0.332017 0.499215
vt 0.331641 0.999999
vt 0.331641 0.499999
vt 0.664974 0.499999
vt 0.664974 0.999998
vt 0.833352 0.624995
vt 0.999996 0.499995
vt 0.833352 0.499995
vt 0.831992 0.286379
vt 0.831992 0.999426
vt 0.770482 0.999426
vt 0.767581 0.999430
vt 0.673283 0.999430
vt 0.833352 0.998264
vt 0.833352 0.499418
vt 0.999612 0.499418
vt 0.999612 0.998264
vt 0.833352 0.499418
vt 0.999612 0.998264
vt 0.833352 0.998841
vt 0.833352 0.499995
vt 0.999996 0.499995
vt 0.999996 0.998841
vt 0.999996 0.499995
vt 0.999996 0.998841
vt 0.833352 0.499995
vt 0.999996 0.875572
vt 0.833352 0.875572
vt 0.833352 0.625572
vt 0.999996 0.625572
vt 0.833352 0.999418
vt 0.833352 0.499418
vt 0.999611 0.499418
vt 0.999611 0.999418
s 0
f 3/1/1 2/2/1 5/3/1 6/4/1
f 4/4/2 1/1/2 7/5/2 8/3/2
f 11/6/1 10/7/1 14/8/1 15/9/1
f 9/10/2 12/11/2 16/12/2 13/9/2
f 10/13/3 9/7/3 13/14/3 14/15/3
f 2/2/3 1/1/3 4/4/3 5/3/3
f 20/16/2 17/17/2 21/18/2 24/19/2
f 23/20/4 24/21/4 21/22/4 22/23/4
f 23/24/1 22/25/1 18/26/1 19/27/1
f 17/28/3 18/27/3 22/29/3 21/30/3
f 27/31/1 26/32/1 29/33/1 30/34/1
f 28/35/2 25/36/2 31/37/2 32/38/2
f 26/32/3 25/36/3 28/35/3 29/33/3
f 27/39/4 31/40/4 25/41/4 26/42/4
f 35/1/1 34/2/1 37/3/1 38/4/1
f 36/4/2 33/1/2 39/5/2 40/3/2
f 43/6/1 42/7/1 46/8/1 47/9/1
f 41/10/2 44/11/2 48/12/2 45/9/2
f 42/13/3 41/7/3 45/14/3 46/15/3
f 34/2/3 33/1/3 36/4/3 37/3/3
f 52/16/2 49/17/2 53/18/2 56/19/2
f 55/20/4 56/21/4 53/22/4 54/23/4
f 55/24/1 54/25/1 50/26/1 51/27/1
f 49/28/3 50/27/3 54/29/3 53/30/3
f 59/31/1 58/32/1 61/33/1 62/34/1
f 60/35/2 57/36/2 63/37/2 64/38/2
f 58/32/3 57/36/3 60/35/3 61/33/3
f 59/39/4 63/40/4 57/41/4 58/42/4
f 67/1/1 66/2/1 69/3/1 70/4/1
f 68/4/2 65/1/2 71/5/2 72/3/2
f 75/6/1 74/7/1 78/8/1 79/9/1
f 73/10/2 76/11/2 80/12/2 77/9/2
f 74/13/3 73/7/3 77/14/3 78/15/3
f 66/2/3 65/1/3 68/4/3 69/3/3
f 84/16/2 81/17/2 85/18/2 88/19/2
f 87/20/4 88/21/4 85/22/4 86/23/4
f 87/24/1 86/25/1 82/26/1 83/27/1
f 81/28/3 82/27/3 86/29/3 85/30/3
f 91/31/1 90/32/1 93/33/1 94/34/1
f 92/35/2 89/36/2 95/37/2 96/38/2
f 90/32/3 89/36/3 92/35/3 93/33/3
f 91/39/4 95/40/4 89/41/4 90/42/4
f 99/1/1 98/2/1 101/3/1 102/4/1
f 100/4/2 97/1/2 103/5/2 104/3/2
f 107/6/1 106/7/1 110/8/1 111/9/1
f 105/10/2 108/11/2 112/12/2 109/9/2
f 106/13/3 105/7/3 109/14/3 110/15/3
f 98/2/3 97/1/3 100/4/3 101/3/3
f 116/16/2 113/17/2 117/18/2 120/19/2
f 119/20/4 120/21/4 117/22/4 118/23/4
f 119/24/1 118/25/1 114/26/1 115/27/1
f 113/28/3 114/27/3 118/29/3 117/30/3
f 123/31/1 122/32/1 125/33/1 126/34/1
f 124/35/2 121/36/2 127/37/2 128/38/2
f 122/32/3 121/36/3 124/35/3 125/33/3
f 123/39/4 127/40/4 121/41/4 122/42/4
f 131/1/1 130/2/1 133/3/1 134/4/1
f 132/4/2 129/1/2 135/5/2 136/3/2
f 139/6/1 138/7/1 142/8/1 143/9/1
f 137/10/2 140/11/2 144/12/2 141/9/2
f 138/13/3 137/7/3 141/14/3 142/15/3
f 130/2/3 129/1/3 132/4/3 133/3/3
f 148/16/2 145/17/2 149/18/2 152/19/2
f 151/20/4 152/21/4 149/22/4 150/23/4
f 151/24/1 150/25/1 146/26/1 147/27/1
f 145/28/3 146/27/3 150/29/3 149/30/3
f 155/31/1 154/32/1 157/33/1 158/34/1
f 156/35/2 153/36/2 159/37/2 160/38/2
f 154/32/3 153/36/3 156/35/3 157/33/3
f 155/39/4 159/40/4 153/41/4 154/42/4
f 163/1/1 162/2/1 165/3/1 166/4/1
f 164/4/2 161/1/2 167/5/2 168/3/2
f 171/6/1 170/7/1 174/8/1 175/9/1
f 169/10/2 172/11/2 176/12/2 173/9/2
f 170/13/3 169/7/3 173/14/3 174/15/3
f 162/2/3 161/1/3 164/4/3 165/3/3
f 180/16/2 177/17/2 181/18/2 184/19/2
f 183/20/4 184/21/4 181/22/4 182/23/4
f 183/24/1 182/25/1 178/26/1 179/27/1
f 177/28/3 178/27/3 182/29/3 181/30/3
f 187/31/1 186/32/1 189/33/1 190/34/1
f 188/35/2 185/36/2 191/37/2 192/38/2
f 186/32/3 185/36/3 188/35/3 189/33/3
f 187/39/4 191/40/4 185/41/4 186/42/4
f 195/1/1 194/2/1 197/3/1 198/4/1
f 196/4/2 193/1/2 199/5/2 200/3/2
f 203/6/1 202/7/1 206/8/1 207/9/1
f 201/10/2 204/11/2 208/12/2 205/9/2
f 202/13/3 201/7/3 205/14/3 206/15/3
f 194/2/3 193/1/3 196/4/3 197/3/3
f 212/16/2 209/17/2 213/18/2 216/19/2
f 215/20/4 216/21/4 213/22/4 214/23/4
f 215/24/1 214/25/1 210/26/1 211/27/1
f 209/28/3 210/27/3 214/29/3 213/30/3
f 219/31/1 218/32/1 221/33/1 222/34/1
f 220/35/2 217/36/2 223/37/2 224/38/2
f 218/32/3 217/36/3 220/35/3 221/33/3
f 219/39/4 223/40/4 217/41/4 218/42/4
f 227/1/1 226/2/1 229/3/1 230/4/1
f 228/4/2 225/1/2 231/5/2 232/3/2
f 235/6/1 234/7/1 238/8/1 239/9/1
f 233/10/2 236/11/2 240/12/2 237/9/2
f 234/13/3 233/7/3 237/14/3 238/15/3
f 226/2/3 225/1/3 228/4/3 229/3/3
f 244/16/2 241/17/2 245/18/2 248/19/2
f 247/20/4 248/21/4 245/22/4 246/23/4
f 247/24/1 246/25/1 242/26/1 243/27/1
f 241/28/3 242/27/3 246/29/3 245/30/3
f 251/31/1 250/32/1 253/33/1 254/34/1
f 252/35/2 249/36/2 255/37/2 256/38/2
f 250/32/3 249/36/3 252/35/3 253/33/3
f 251/39/4 255/40/4 249/41/4 250/42/4
f 259/1/1 258/2/1 261/3/1 262/4/1
f 260/4/2 257/1/2 263/5/2 264/3/2
f 267/6/1 266/7/1 270/8/1 271/9/1
f 265/10/2 268/11/2 272/12/2 269/9/2
f 266/13/3 265/7/3 269/14/3 270/15/3
f 258/2/3 257/1/3 260/4/3 261/3/3
f 276/16/2 273/17/2 277/18/2 280/19/2
f 279/20/4 280/21/4 277/22/4 278/23/4
f 279/24/1 278/25/1 274/26/1 275/27/1
f 273/28/3 274/27/3 278/29/3 277/30/3
f 283/31/1 282/32/1 285/33/1 286/34/1
f 284/35/2 281/36/2 287/37/2 288/38/2
f 282/32/3 281/36/3 284/35/3 285/33/3
f 283/39/4 287/40/4 281/41/4 282/42/4
f 291/1/1 290/2/1 293/3/1 294/4/1
f 292/4/2 289/1/2 295/5/2 296/3/2
f 299/6/1 298/7/1 302/8/1 303/9/1
f 297/10/2 300/11/2 304/12/2 301/9/2
f 298/13/3 297/7/3 301/14/3 302/15/3
f 290/2/3 289/1/3 292/4/3 293/3/3
f 308/16/2 305/17/2 309/18/2 312/19/2
f 311/20/4 312/21/4 309/22/4 310/23/4
f 311/24/1 310/25/1 306/26/1 307/27/1
f 305/28/3 306/27/3 310/29/3 309/30/3
f 315/31/1 314/32/1 317/33/1 318/34/1
f 316/35/2 313/36/2 319/37/2 320/38/2
f 314/32/3 313/36/3 316/35/3 317/33/3
f 315/39/4 319/40/4 313/41/4 314/42/4
f 323/1/1 322/2/1 325/3/1 326/4/1
f 324/4/2 321/1/2 327/5/2 328/3/2
f 331/6/1 330/7/1 334/8/1 335/9/1
f 329/10/2 332/11/2 336/12/2 333/9/2
f 330/13/3 329/7/3 333/14/3 334/15/3
f 322/2/3 321/1/3 324/4/3 325/3/3
f 340/16/2 337/17/2 341/18/2 344/19/2
f 343/20/4 344/21/4 341/22/4 342/23/4
f 343/24/1 342/25/1 338/26/1 339/27/1
f 337/28/3 338/27/3 342/29/3 341/30/3
f 347/31/1 346/32/1 349/33/1 350/34/1
f 348/35/2 345/36/2 351/37/2 352/38/2
f 346/32/3 345/36/3 348/35/3 349/33/3
f 347/39/4 351/40/4 345/41/4 346/42/4
f 355/1/1 354/2/1 357/3/1 358/4/1
f 356/4/2 353/1/2 359/5/2 360/3/2
f 363/6/1 362/7/1 366/8/1 367/9/1
f 361/10/2 364/11/2 368/12/2 365/9/2
f 362/13/3 361/7/3 365/14/3 366/15/3
f 354/2/3 353/1/3 356/4/3 357/3/3
f 372/16/2 369/17/2 373/18/2 376/19/2
f 375/20/4 376/21/4 373/22/4 374/23/4
f 375/24/1 374/25/1 370/26/1 371/27/1
f 369/28/3 370/27/3 374/29/3 373/30/3
f 379/31/1 378/32/1 381/33/1 382/34/1
f 380/35/2 377/36/2 383/37/2 384/38/2
f 378/32/3 377/36/3 380/35/3 381/33/3
f 379/39/4 383/40/4 377/41/4 378/42/4
f 387/1/1 386/2/1 389/3/1 390/4/1
f 388/4/2 385/1/2 391/5/2 392/3/2
f 395/6/1 394/7/1 398/8/1 399/9/1
f 393/10/2 396/11/2 400/12/2 397/9/2
f 394/13/3 393/7/3 397/14/3 398/15/3
f 386/2/3 385/1/3 388/4/3 389/3/3
f 404/16/2 401/17/2 405/18/2 408/19/2
f 407/20/4 408/21/4 405/22/4 406/23/4
f 407/24/1 406/25/1 402/26/1 403/27/1
f 401/28/3 402/27/3 406/29/3 405/30/3
f 411/31/1 410/32/1 413/33/1 414/34/1
f 412/35/2 409/36/2 415/37/2 416/38/2
f 410/32/3 409/36/3 412/35/3 413/33/3
f 411/39/4 415/40/4 409/41/4 410/42/4
f 419/1/1 418/2/1 421/3/1 422/4/1
f 420/4/2 417/1/2 423/5/2 424/3/2
f 427/6/1 426/7/1 430/8/1 431/9/1
f 425/10/2 428/11/2 432/12/2 429/9/2
f 426/13/3 425/7/3 429/14/3 430/15/3
f 418/2/3 417/1/3 420/4/3 421/3/3
f 436/16/2 433/17/2 437/18/2 440/19/2
f 439/24/1 438/25/1 434/26/1 435/27/1
f 433/28/3 434/27/3 438/29/3 437/30/3
f 443/31/1 442/32/1 445/33/1 446/34/1
f 444/35/2 441/36/2 447/37/2 448/38/2
f 442/32/3 441/36/3 444/35/3 445/33/3
f 443/39/4 447/40/4 441/41/4 442/42/4
f 451/43/3 452/44/3 450/45/3 449/46/3
f 454/47/3 455/48/3 456/49/3 453/50/3
f 452/49/4 451/50/4 453/47/4 456/48/4
f 459/43/3 460/44/3 458/45/3 457/46/3
f 462/47/3 463/48/3 464/49/3 461/50/3
f 460/49/4 459/50/4 461/47/4 464/48/4
f 467/43/3 468/44/3 466/45/3 465/46/3
f 470/47/3 471/48/3 472/49/3 469/50/3
f 468/49/4 467/50/4 469/47/4 472/48/4
f 475/43/3 476/44/3 474/45/3 473/46/3
f 478/47/3 479/48/3 480/49/3 477/50/3
f 476/49/4 475/50/4 477/47/4 480/48/4
f 482/51/2 481/52/2 483/53/2 484/54/2
f 485/55/3 487/56/3 488/57/3 486/58/3
f 489/59/2 490/53/2 492/60/2 491/51/2
f 493/59/1 495/53/1 496/61/1 494/51/1
f 497/51/4 498/59/4 500/53/4 499/54/4
f 502/62/3 501/63/3 503/64/3 504/65/3
f 508/66/1 506/67/1 510/68/1 512/69/1
f 505/70/2 507/71/2 511/72/2 509/73/2
f 514/74/3 513/75/3 515/76/3 516/77/3
f 518/51/2 517/52/2 519/53/2 520/54/2
f 521/55/3 523/56/3 524/57/3 522/58/3
f 525/53/4 526/61/4 528/51/4 527/59/4
f 529/78/3 530/79/3 532/80/3 531/81/3
f 533/59/2 534/53/2 536/60/2 535/51/2
f 538/62/3 537/63/3 539/64/3 540/65/3
f 542/51/2 541/52/2 543/53/2 544/54/2
f 545/55/3 547/56/3 548/57/3 546/58/3
f 549/82/1 551/51/1 552/52/1 550/53/1
f 553/59/2 554/53/2 556/60/2 555/51/2
f 557/51/4 558/59/4 560/53/4 559/83/4
f 562/84/3 561/77/3 563/85/3 564/86/3
f 566/53/1 565/54/1 567/51/1 568/59/1
f 572/66/1 570/67/1 574/68/1 576/69/1
f 569/70/2 571/71/2 575/72/2 573/73/2
f 578/74/3 577/75/3 579/76/3 580/77/3
f 584/66/1 582/67/1 586/68/1 588/69/1
f 581/70/2 583/71/2 587/72/2 585/73/2
f 590/87/3 589/88/3 591/89/3 592/57/3
f 593/52/2 594/90/2 596/54/2 595/51/2
f 597/91/3 599/92/3 600/93/3 598/94/3
f 602/51/2 601/59/2 603/53/2 604/54/2
f 605/52/1 607/53/1 608/54/1 606/51/1
f 609/53/4 610/83/4 612/51/4 611/52/4
f 614/95/3 613/96/3 615/94/3 616/77/3
f 618/97/3 617/98/3 619/99/3 620/100/3
f 621/59/1 623/53/1 624/61/1 622/51/1
f 625/51/4 626/59/4 628/53/4 627/54/4
f 630/62/3 629/63/3 631/64/3 632/65/3
f 634/97/3 633/98/3 635/99/3 636/100/3
f 637/78/3 638/79/3 640/80/3 639/81/3
f 641/53/4 642/83/4 644/51/4 643/52/4
f 646/95/3 645/96/3 647/94/3 648/77/3
f 650/97/3 649/98/3 651/99/3 652/100/3
f 653/51/4 654/59/4 656/53/4 655/54/4
f 658/62/3 657/63/3 659/64/3 660/65/3
f 662/87/3 661/88/3 663/89/3 664/57/3
f 665/70/4 666/71/4 668/101/4 667/69/4
f 670/74/3 669/75/3 671/76/3 672/77/3
f 673/78/3 674/79/3 676/80/3 675/81/3
f 677/78/3 678/79/3 680/80/3 679/81/3
f 681/55/3 683/56/3 684/57/3 682/58/3
f 685/82/1 687/51/1 688/52/1 686/53/1
f 689/53/4 690/61/4 692/51/4 691/59/4
f 693/78/3 694/79/3 696/80/3 695/81/3
f 697/59/2 698/53/2 700/60/2 699/51/2
f 701/59/1 703/53/1 704/61/1 702/51/1
f 706/62/3 705/63/3 707/64/3 708/65/3
f 709/78/3 710/79/3 712/80/3 711/81/3
f 714/51/2 713/52/2 715/53/2 716/54/2
f 717/55/3 719/56/3 720/57/3 718/58/3
f 721/59/2 722/53/2 724/60/2 723/51/2
f 726/84/3 725/77/3 727/85/3 728/86/3
f 729/53/4 730/83/4 732/51/4 731/52/4
f 734/95/3 733/96/3 735/94/3 736/77/3
f 737/70/2 738/71/2 740/72/2 739/73/2
f 742/87/3 741/88/3 743/89/3 744/57/3
f 745/91/3 747/92/3 748/93/3 746/94/3
f 749/51/4 750/59/4 752/53/4 751/54/4
f 754/87/3 753/88/3 755/89/3 756/57/3
f 758/87/3 757/88/3 759/89/3 760/57/3
f 762/51/2 761/52/2 763/53/2 764/54/2
f 765/55/3 767/56/3 768/57/3 766/58/3
f 770/51/2 769/52/2 771/53/2 772/54/2
f 773/55/3 775/56/3 776/57/3 774/58/3
f 777/82/1 779/51/1 780/52/1 778/53/1
f 781/53/4 782/61/4 784/51/4 783/59/4
f 786/97/3 785/98/3 787/99/3 788/100/3
f 789/59/2 790/53/2 792/60/2 791/51/2
f 793/51/4 794/59/4 796/53/4 795/83/4
f 798/84/3 797/77/3 799/85/3 800/86/3
f 802/74/3 801/75/3 803/76/3 804/77/3
f 805/59/2 806/53/2 808/60/2 807/51/2
f 809/59/1 811/53/1 812/61/1 810/51/1
f 814/62/3 813/63/3 815/64/3 816/65/3
f 817/91/3 819/92/3 820/93/3 818/94/3
f 822/102/1 821/52/1 823/53/1 824/103/1
f 825/52/1 827/53/1 828/54/1 826/51/1
f 830/95/3 829/96/3 831/94/3 832/77/3
f 833/55/3 835/56/3 836/57/3 834/58/3
f 837/82/1 839/51/1 840/52/1 838/53/1
f 841/59/2 842/53/2 844/60/2 843/51/2
f 845/59/1 847/53/1 848/61/1 846/51/1
f 850/62/3 849/63/3 851/64/3 852/65/3
f 854/84/3 853/77/3 855/85/3 856/86/3
f 858/53/1 857/54/1 859/51/1 860/59/1
f 861/59/2 862/53/2 864/60/2 863/51/2
f 865/59/1 867/53/1 868/61/1 866/51/1
f 870/62/3 869/63/3 871/64/3 872/65/3
f 874/51/2 873/59/2 875/53/2 876/54/2
f 877/52/1 879/53/1 880/54/1 878/51/1
f 882/95/3 881/96/3 883/94/3 884/77/3
f 885/55/3 887/56/3 888/57/3 886/58/3
f 889/82/1 891/51/1 892/52/1 890/53/1
f 893/53/4 894/61/4 896/51/4 895/59/4
f 898/70/4 899/71/4 902/101/4 901/69/4
f 899/66/1 897/67/1 900/68/1 902/69/1
f 904/87/3 903/88/3 905/89/3 906/57/3
f 908/97/3 907/98/3 909/99/3 910/100/3
f 912/84/3 911/77/3 913/85/3 914/86/3
f 916/53/1 915/54/1 917/51/1 918/59/1
f 919/59/2 920/53/2 922/60/2 921/51/2
f 924/84/3 923/77/3 925/85/3 926/86/3
f 928/53/1 927/54/1 929/51/1 930/59/1
f 933/1/2 932/2/2 935/3/2 936/4/2
f 934/4/1 931/1/1 937/5/1 938/3/1
f 941/6/2 940/7/2 944/8/2 945/9/2
f 939/10/1 942/11/1 946/12/1 943/9/1
f 940/13/5 939/7/5 943/14/5 944/15/5
f 942/6/3 941/104/3 945/105/3 946/106/3
f 932/2/5 931/1/5 934/4/5 935/3/5
f 936/4/3 938/3/3 937/5/3 933/1/3
f 949/26/3 950/107/3 954/108/3 953/25/3
f 950/16/1 947/17/1 951/18/1 954/19/1
f 953/20/4 954/21/4 951/22/4 952/23/4
f 953/24/2 952/25/2 948/26/2 949/27/2
f 947/28/5 948/27/5 952/29/5 951/30/5
f 957/31/2 956/32/2 959/33/2 960/34/2
f 958/35/1 955/36/1 961/37/1 962/38/1
f 956/32/5 955/36/5 958/35/5 959/33/5
f 960/34/3 962/38/3 961/37/3 957/31/3
f 957/39/4 961/40/4 955/41/4 956/42/4
f 965/1/2 964/2/2 967/3/2 968/4/2
f 966/4/1 963/1/1 969/5/1 970/3/1
f 973/6/2 972/7/2 976/8/2 977/9/2
f 971/10/1 974/11/1 978/12/1 975/9/1
f 972/13/5 971/7/5 975/14/5 976/15/5
f 974/6/3 973/104/3 977/105/3 978/106/3
f 964/2/5 963/1/5 966/4/5 967/3/5
f 968/4/3 970/3/3 969/5/3 965/1/3
f 981/26/3 982/107/3 986/108/3 985/25/3
f 982/16/1 979/17/1 983/18/1 986/19/1
f 985/20/4 986/21/4 983/22/4 984/23/4
f 985/24/2 984/25/2 980/26/2 981/27/2
f 979/28/5 980/27/5 984/29/5 983/30/5
f 989/31/2 988/32/2 991/33/2 992/34/2
f 990/35/1 987/36/1 993/37/1 994/38/1
f 988/32/5 987/36/5 990/35/5 991/33/5
f 992/34/3 994/38/3 993/37/3 989/31/3
f 989/39/4 993/40/4 987/41/4 988/42/4
f 997/1/2 996/2/2 999/3/2 1000/4/2
f 998/4/1 995/1/1 1001/5/1 1002/3/1
f 1005/6/2 1004/7/2 1008/8/2 1009/9/2
f 1003/10/1 1006/11/1 1010/12/1 1007/9/1
f 1004/13/5 1003/7/5 1007/14/5 1008/15/5
f 1006/6/3 1005/104/3 1009/105/3 1010/106/3
f 996/2/5 995/1/5 998/4/5 999/3/5
f 1000/4/3 1002/3/3 1001/5/3 997/1/3
f 1013/26/3 1014/107/3 1018/108/3 1017/25/3
f 1014/16/1 1011/17/1 1015/18/1 1018/19/1
f 1017/20/4 1018/21/4 1015/22/4 1016/23/4
f 1017/24/2 1016/25/2 1012/26/2 1013/27/2
f 1011/28/5 1012/27/5 1016/29/5 1015/30/5
f 1021/31/2 1020/32/2 1023/33/2 1024/34/2
f 1022/35/1 1019/36/1 1025/37/1 1026/38/1
f 1020/32/5 1019/36/5 1022/35/5 1023/33/5
f 1024/34/3 1026/38/3 1025/37/3 1021/31/3
f 1021/39/4 1025/40/4 1019/41/4 1020/42/4
f 1029/1/2 1028/2/2 1031/3/2 1032/4/2
f 1030/4/1 1027/1/1 1033/5/1 1034/3/1
f 1037/6/2 1036/7/2 1040/8/2 1041/9/2
f 1035/10/1 1038/11/1 1042/12/1 1039/9/1
f 1036/13/5 1035/7/5 1039/14/5 1040/15/5
f 1038/6/3 1037/104/3 1041/105/3 1042/106/3
f 1028/2/5 1027/1/5 1030/4/5 1031/3/5
f 1032/4/3 1034/3/3 1033/5/3 1029/1/3
f 1045/26/3 1046/107/3 1050/108/3 1049/25/3
f 1046/16/1 1043/17/1 1047/18/1 1050/19/1
f 1049/20/4 1050/21/4 1047/22/4 1048/23/4
f 1049/24/2 1048/25/2 1044/26/2 1045/27/2
f 1043/28/5 1044/27/5 1048/29/5 1047/30/5
f 1053/31/2 1052/32/2 1055/33/2 1056/34/2
f 1054/35/1 1051/36/1 1057/37/1 1058/38/1
f 1052/32/5 1051/36/5 1054/35/5 1055/33/5
f 1056/34/3 1058/38/3 1057/37/3 1053/31/3
f 1053/39/4 1057/40/4 1051/41/4 1052/42/4
f 1061/1/2 1060/2/2 1063/3/2 1064/4/2
f 1062/4/1 1059/1/1 1065/5/1 1066/3/1
f 1069/6/2 1068/7/2 1072/8/2 1073/9/2
f 1067/10/1 1070/11/1 1074/12/1 1071/9/1
f 1068/13/5 1067/7/5 1071/14/5 1072/15/5
f 1070/6/3 1069/104/3 1073/105/3 1074/106/3
f 1060/2/5 1059/1/5 1062/4/5 1063/3/5
f 1064/4/3 1066/3/3 1065/5/3 1061/1/3
f 1077/26/3 1078/107/3 1082/108/3 1081/25/3
f 1078/16/1 1075/17/1 1079/18/1 1082/19/1
f 1081/20/4 1082/21/4 1079/22/4 1080/23/4
f 1081/24/2 1080/25/2 1076/26/2 1077/27/2
f 1075/28/5 1076/27/5 1080/29/5 1079/30/5
f 1085/31/2 1084/32/2 1087/33/2 1088/34/2
f 1086/35/1 1083/36/1 1089/37/1 1090/38/1
f 1084/32/5 1083/36/5 1086/35/5 1087/33/5
f 1088/34/3 1090/38/3 1089/37/3 1085/31/3
f 1085/39/4 1089/40/4 1083/41/4 1084/42/4
f 1093/1/2 1092/2/2 1095/3/2 1096/4/2
f 1094/4/1 1091/1/1 1097/5/1 1098/3/1
f 1101/6/2 1100/7/2 1104/8/2 1105/9/2
f 1099/10/1 1102/11/1 1106/12/1 1103/9/1
f 1100/13/5 1099/7/5 1103/14/5 1104/15/5
f 1102/6/3 1101/104/3 1105/105/3 1106/106/3
f 1092/2/5 1091/1/5 1094/4/5 1095/3/5
f 1096/4/3 1098/3/3 1097/5/3 1093/1/3
f 1109/26/3 1110/107/3 1114/108/3 1113/25/3
f 1110/16/1 1107/17/1 1111/18/1 1114/19/1
f 1113/20/4 1114/21/4 1111/22/4 1112/23/4
f 1113/24/2 1112/25/2 1108/26/2 1109/27/2
f 1107/28/5 1108/27/5 1112/29/5 1111/30/5
f 1117/31/2 1116/32/2 1119/33/2 1120/34/2
f 1118/35/1 1115/36/1 1121/37/1 1122/38/1
f 1116/32/5 1115/36/5 1118/35/5 1119/33/5
f 1120/34/3 1122/38/3 1121/37/3 1117/31/3
f 1117/39/4 1121/40/4 1115/41/4 1116/42/4
f 1125/1/2 1124/2/2 1127/3/2 1128/4/2
f 1126/4/1 1123/1/1 1129/5/1 1130/3/1
f 1133/6/2 1132/7/2 1136/8/2 1137/9/2
f 1131/10/1 1134/11/1 1138/12/1 1135/9/1
f 1132/13/5 1131/7/5 1135/14/5 1136/15/5
f 1134/6/3 1133/104/3 1137/105/3 1138/106/3
f 1124/2/5 1123/1/5 1126/4/5 1127/3/5
f 1128/4/3 1130/3/3 1129/5/3 1125/1/3
f 1141/26/3 1142/107/3 1146/108/3 1145/25/3
f 1142/16/1 1139/17/1 1143/18/1 1146/19/1
f 1145/20/4 1146/21/4 1143/22/4 1144/23/4
f 1145/24/2 1144/25/2 1140/26/2 1141/27/2
f 1139/28/5 1140/27/5 1144/29/5 1143/30/5
f 1149/31/2 1148/32/2 1151/33/2 1152/34/2
f 1150/35/1 1147/36/1 1153/37/1 1154/38/1
f 1148/32/5 1147/36/5 1150/35/5 1151/33/5
f 1152/34/3 1154/38/3 1153/37/3 1149/31/3
f 1149/39/4 1153/40/4 1147/41/4 1148/42/4
f 1157/1/2 1156/2/2 1159/3/2 1160/4/2
f 1158/4/1 1155/1/1 1161/5/1 1162/3/1
f 1165/6/2 1164/7/2 1168/8/2 1169/9/2
f 1163/10/1 1166/11/1 1170/12/1 1167/9/1
f 1164/13/5 1163/7/5 1167/14/5 1168/15/5
f 1166/6/3 1165/104/3 1169/105/3 1170/106/3
f 1156/2/5 1155/1/5 1158/4/5 1159/3/5
f 1160/4/3 1162/3/3 1161/5/3 1157/1/3
f 1173/26/3 1174/107/3 1178/108/3 1177/25/3
f 1174/16/1 1171/17/1 1175/18/1 1178/19/1
f 1177/20/4 1178/21/4 1175/22/4 1176/23/4
f 1177/24/2 1176/25/2 1172/26/2 1173/27/2
f 1171/28/5 1172/27/5 1176/29/5 1175/30/5
f 1181/31/2 1180/32/2 1183/33/2 1184/34/2
f 1182/35/1 1179/36/1 1185/37/1 1186/38/1
f 1180/32/5 1179/36/5 1182/35/5 1183/33/5
f 1184/34/3 1186/38/3 1185/37/3 1181/31/3
f 1181/39/4 1185/40/4 1179/41/4 1180/42/4
f 1189/1/2 1188/2/2 1191/3/2 1192/4/2
f 1190/4/1 1187/1/1 1193/5/1 1194/3/1
f 1197/6/2 1196/7/2 1200/8/2 1201/9/2
f 1195/10/1 1198/11/1 1202/12/1 1199/9/1
f 1196/13/5 1195/7/5 1199/14/5 1200/15/5
f 1198/6/3 1197/104/3 1201/105/3 1202/106/3
f 1188/2/5 1187/1/5 1190/4/5 1191/3/5
f 1192/4/3 1194/3/3 1193/5/3 1189/1/3
f 1205/26/3 1206/107/3 1210/108/3 1209/25/3
f 1206/16/1 1203/17/1 1207/18/1 1210/19/1
f 1209/20/4 1210/21/4 1207/22/4 1208/23/4
f 1209/24/2 1208/25/2 1204/26/2 1205/27/2
f 1203/28/5 1204/27/5 1208/29/5 1207/30/5
f 1213/31/2 1212/32/2 1215/33/2 1216/34/2
f 1214/35/1 1211/36/1 1217/37/1 1218/38/1
f 1212/32/5 1211/36/5 1214/35/5 1215/33/5
f 1216/34/3 1218/38/3 1217/37/3 1213/31/3
f 1213/39/4 1217/40/4 1211/41/4 1212/42/4
f 1221/1/2 1220/2/2 1223/3/2 1224/4/2
f 1222/4/1 1219/1/1 1225/5/1 1226/3/1
f 1229/6/2 1228/7/2 1232/8/2 1233/9/2
f 1227/10/1 1230/11/1 1234/12/1 1231/9/1
f 1228/13/5 1227/7/5 1231/14/5 1232/15/5
f 1230/6/3 1229/104/3 1233/105/3 1234/106/3
f 1220/2/5 1219/1/5 1222/4/5 1223/3/5
f 1224/4/3 1226/3/3 1225/5/3 1221/1/3
f 1237/26/3 1238/107/3 1242/108/3 1241/25/3
f 1238/16/1 1235/17/1 1239/18/1 1242/19/1
f 1241/20/4 1242/21/4 1239/22/4 1240/23/4
f 1241/24/2 1240/25/2 1236/26/2 1237/27/2
f 1235/28/5 1236/27/5 1240/29/5 1239/30/5
f 1245/31/2 1244/32/2 1247/33/2 1248/34/2
f 1246/35/1 1243/36/1 1249/37/1 1250/38/1
f 1244/32/5 1243/36/5 1246/35/5 1247/33/5
f 1248/34/3 1250/38/3 1249/37/3 1245/31/3
f 1245/39/4 1249/40/4 1243/41/4 1244/42/4
f 1253/1/2 1252/2/2 1255/3/2 1256/4/2
f 1254/4/1 1251/1/1 1257/5/1 1258/3/1
f 1261/6/2 1260/7/2 1264/8/2 1265/9/2
f 1259/10/1 1262/11/1 1266/12/1 1263/9/1
f 1260/13/5 1259/7/5 1263/14/5 1264/15/5
f 1262/6/3 1261/104/3 1265/105/3 1266/106/3
f 1252/2/5 1251/1/5 1254/4/5 1255/3/5
f 1256/4/3 1258/3/3 1257/5/3 1253/1/3
f 1269/26/3 1270/107/3 1274/108/3 1273/25/3
f 1270/16/1 1267/17/1 1271/18/1 1274/19/1
f 1273/20/4 1274/21/4 1271/22/4 1272/23/4
f 1273/24/2 1272/25/2 1268/26/2 1269/27/2
f 1267/28/5 1268/27/5 1272/29/5 1271/30/5
f 1277/31/2 1276/32/2 1279/33/2 1280/34/2
f 1278/35/1 1275/36/1 1281/37/1 1282/38/1
f 1276/32/5 1275/36/5 1278/35/5 1279/33/5
f 1280/34/3 1282/38/3 1281/37/3 1277/31/3
f 1277/39/4 1281/40/4 1275/41/4 1276/42/4
f 1285/1/2 1284/2/2 1287/3/2 1288/4/2
f 1286/4/1 1283/1/1 1289/5/1 1290/3/1
f 1293/6/2 1292/7/2 1296/8/2 1297/9/2
f 1291/10/1 1294/11/1 1298/12/1 1295/9/1
f 1292/13/5 1291/7/5 1295/14/5 1296/15/5
f 1294/6/3 1293/104/3 1297/105/3 1298/106/3
f 1284/2/5 1283/1/5 1286/4/5 1287/3/5
f 1288/4/3 1290/3/3 1289/5/3 1285/1/3
f 1301/26/3 1302/107/3 1306/108/3 1305/25/3
f 1302/16/1 1299/17/1 1303/18/1 1306/19/1
f 1305/20/4 1306/21/4 1303/22/4 1304/23/4
f 1305/24/2 1304/25/2 1300/26/2 1301/27/2
f 1299/28/5 1300/27/5 1304/29/5 1303/30/5
f 1309/31/2 1308/32/2 1311/33/2 1312/34/2
f 1310/35/1 1307/36/1 1313/37/1 1314/38/1
f 1308/32/5 1307/36/5 1310/35/5 1311/33/5
f 1312/34/3 1314/38/3 1313/37/3 1309/31/3
f 1309/39/4 1313/40/4 1307/41/4 1308/42/4
f 1317/1/2 1316/2/2 1319/3/2 1320/4/2
f 1318/4/1 1315/1/1 1321/5/1 1322/3/1
f 1325/6/2 1324/7/2 1328/8/2 1329/9/2
f 1323/10/1 1326/11/1 1330/12/1 1327/9/1
f 1324/13/5 1323/7/5 1327/14/5 1328/15/5
f 1326/6/3 1325/104/3 1329/105/3 1330/106/3
f 1316/2/5 1315/1/5 1318/4/5 1319/3/5
f 1320/4/3 1322/3/3 1321/5/3 1317/1/3
f 1333/26/3 1334/107/3 1338/108/3 1337/25/3
f 1334/16/1 1331/17/1 1335/18/1 1338/19/1
f 1337/20/4 1338/21/4 1335/22/4 1336/23/4
f 1337/24/2 1336/25/2 1332/26/2 1333/27/2
f 1331/28/5 1332/27/5 1336/29/5 1335/30/5
f 1341/31/2 1340/32/2 1343/33/2 1344/34/2
f 1342/35/1 1339/36/1 1345/37/1 1346/38/1
f 1340/32/5 1339/36/5 1342/35/5 1343/33/5
f 1344/34/3 1346/38/3 1345/37/3 1341/31/3
f 1341/39/4 1345/40/4 1339/41/4 1340/42/4
f 1349/1/2 1348/2/2 1351/3/2 1352/4/2
f 1350/4/1 1347/1/1 1353/5/1 1354/3/1
f 1357/6/2 1356/7/2 1360/8/2 1361/9/2
f 1355/10/1 1358/11/1 1362/12/1 1359/9/1
f 1356/13/5 1355/7/5 1359/14/5 1360/15/5
f 1358/6/3 1357/104/3 1361/105/3 1362/106/3
f 1348/2/5 1347/1/5 1350/4/5 1351/3/5
f 1352/4/3 1354/3/3 1353/5/3 1349/1/3
f 1365/26/3 1366/107/3 1370/108/3 1369/25/3
f 1366/16/1 1363/17/1 1367/18/1 1370/19/1
f 1369/20/4 1370/21/4 1367/22/4 1368/23/4
f 1369/24/2 1368/25/2 1364/26/2 1365/27/2
f 1363/28/5 1364/27/5 1368/29/5 1367/30/5
f 1373/31/2 1372/32/2 1375/33/2 1376/34/2
f 1374/35/1 1371/36/1 1377/37/1 1378/38/1
f 1372/32/5 1371/36/5 1374/35/5 1375/33/5
f 1376/34/3 1378/38/3 1377/37/3 1373/31/3
f 1373/39/4 1377/40/4 1371/41/4 1372/42/4
f 1381/43/2 1382/44/2 1380/45/2 1379/46/2
f 1384/47/2 1385/48/2 1386/49/2 1383/50/2
f 1382/49/4 1381/50/4 1383/47/4 1386/48/4
f 1389/43/2 1390/44/2 1388/45/2 1387/46/2
f 1392/47/2 1393/48/2 1394/49/2 1391/50/2
f 1390/49/4 1389/50/4 1391/47/4 1394/48/4
f 1397/43/2 1398/44/2 1396/45/2 1395/46/2
f 1400/47/2 1401/48/2 1402/49/2 1399/50/2
f 1398/49/4 1397/50/4 1399/47/4 1402/48/4
f 1405/43/2 1406/44/2 1404/45/2 1403/46/2
f 1408/47/2 1409/48/2 1410/49/2 1407/50/2
f 1406/49/4 1405/50/4 1407/47/4 1410/48/4
f 1411/78/2 1412/79/2 1414/80/2 1413/81/2
f 1416/97/2 1415/98/2 1417/99/2 1418/100/2
f 1419/78/2 1420/79/2 1422/80/2 1421/81/2
f 1423/52/5 1424/90/5 1426/54/5 1425/51/5
f 1427/91/2 1429/92/2 1430/93/2 1428/94/2
f 1432/102/3 1431/52/3 1433/53/3 1434/103/3
f 1436/51/5 1435/59/5 1437/53/5 1438/54/5
f 1439/52/3 1441/53/3 1442/54/3 1440/51/3
f 1443/53/4 1444/83/4 1446/51/4 1445/52/4
f 1448/95/2 1447/96/2 1449/94/2 1450/77/2
f 1451/78/2 1452/79/2 1454/80/2 1453/81/2
f 1455/52/5 1456/90/5 1458/54/5 1457/51/5
f 1459/91/2 1461/92/2 1462/93/2 1460/94/2
f 1463/51/4 1464/59/4 1466/53/4 1465/54/4
f 1467/70/5 1468/71/5 1470/72/5 1469/73/5
f 1472/87/2 1471/88/2 1473/89/2 1474/57/2
f 1476/51/5 1475/59/5 1477/53/5 1478/54/5
f 1479/52/3 1481/53/3 1482/54/3 1480/51/3
f 1483/53/4 1484/83/4 1486/51/4 1485/52/4
f 1488/95/2 1487/96/2 1489/94/2 1490/77/2
f 1492/70/4 1493/71/4 1496/101/4 1495/69/4
f 1491/70/5 1492/71/5 1495/72/5 1494/73/5
f 1498/74/2 1497/75/2 1499/76/2 1500/77/2
f 1501/78/2 1502/79/2 1504/80/2 1503/81/2
f 1505/78/2 1506/79/2 1508/80/2 1507/81/2
f 1509/78/2 1510/79/2 1512/80/2 1511/81/2
f 1513/59/5 1514/53/5 1516/60/5 1515/51/5
f 1518/84/2 1517/77/2 1519/85/2 1520/86/2
f 1522/53/3 1521/54/3 1523/51/3 1524/59/3
f 1525/59/5 1526/53/5 1528/60/5 1527/51/5
f 1530/62/2 1529/63/2 1531/64/2 1532/65/2
f 1533/59/5 1534/53/5 1536/60/5 1535/51/5
f 1537/51/4 1538/59/4 1540/53/4 1539/83/4
f 1542/84/2 1541/77/2 1543/85/2 1544/86/2
f 1546/53/3 1545/54/3 1547/51/3 1548/59/3
f 1549/78/2 1550/79/2 1552/80/2 1551/81/2
f 1554/74/2 1553/75/2 1555/76/2 1556/77/2
f 1557/70/5 1558/71/5 1560/72/5 1559/73/5
f 1562/87/2 1561/88/2 1563/89/2 1564/57/2
f 1566/84/2 1565/77/2 1567/85/2 1568/86/2
f 1569/52/5 1570/90/5 1572/54/5 1571/51/5
f 1573/91/2 1575/92/2 1576/93/2 1574/94/2
f 1577/51/4 1578/59/4 1580/53/4 1579/54/4
f 1581/78/2 1582/79/2 1584/80/2 1583/81/2
f 1585/52/5 1586/90/5 1588/54/5 1587/51/5
f 1589/91/2 1591/92/2 1592/93/2 1590/94/2
f 1594/102/3 1593/52/3 1595/53/3 1596/103/3
f 1597/59/5 1598/53/5 1600/60/5 1599/51/5
f 1601/51/4 1602/59/4 1604/53/4 1603/83/4
f 1606/84/2 1605/77/2 1607/85/2 1608/86/2
f 1609/70/5 1610/71/5 1612/72/5 1611/73/5
f 1614/74/2 1613/75/2 1615/76/2 1616/77/2
f 1617/59/5 1618/53/5 1620/60/5 1619/51/5
f 1622/62/2 1621/63/2 1623/64/2 1624/65/2
f 1626/97/2 1625/98/2 1627/99/2 1628/100/2
f 1629/51/4 1630/59/4 1632/53/4 1631/54/4
f 1634/62/2 1633/63/2 1635/64/2 1636/65/2
f 1638/97/2 1637/98/2 1639/99/2 1640/100/2
f 1642/51/5 1641/52/5 1643/53/5 1644/54/5
f 1645/55/2 1647/56/2 1648/57/2 1646/58/2
f 1649/82/3 1651/51/3 1652/52/3 1650/53/3
f 1653/59/5 1654/53/5 1656/60/5 1655/51/5
f 1658/84/2 1657/77/2 1659/85/2 1660/86/2
f 1661/59/5 1662/53/5 1664/60/5 1663/51/5
f 1666/84/2 1665/77/2 1667/85/2 1668/86/2
f 1669/55/2 1671/56/2 1672/57/2 1670/58/2
f 1673/51/4 1674/59/4 1676/53/4 1675/83/4
f 1678/84/2 1677/77/2 1679/85/2 1680/86/2
f 1681/78/2 1682/79/2 1684/80/2 1683/81/2
f 1686/87/2 1685/88/2 1687/89/2 1688/57/2
f 1690/84/2 1689/77/2 1691/85/2 1692/86/2
f 1693/52/5 1694/90/5 1696/54/5 1695/51/5
f 1697/91/2 1699/92/2 1700/93/2 1698/94/2
f 1701/55/2 1703/56/2 1704/57/2 1702/58/2
f 1705/78/2 1706/79/2 1708/80/2 1707/81/2
f 1709/55/2 1711/56/2 1712/57/2 1710/58/2
f 1713/82/3 1715/51/3 1716/52/3 1714/53/3
f 1717/53/4 1718/61/4 1720/51/4 1719/59/4
f 1723/70/4 1724/71/4 1728/101/4 1727/69/4
f 1724/66/3 1722/67/3 1726/68/3 1728/69/3
f 1721/70/5 1723/71/5 1727/72/5 1725/73/5
f 1730/87/2 1729/88/2 1731/89/2 1732/57/2
f 1734/97/2 1733/98/2 1735/99/2 1736/100/2
f 1737/55/2 1739/56/2 1740/57/2 1738/58/2
f 1741/82/3 1743/51/3 1744/52/3 1742/53/3
f 1745/55/2 1747/56/2 1748/57/2 1746/58/2
f 1749/82/3 1751/51/3 1752/52/3 1750/53/3
f 1753/55/2 1755/56/2 1756/57/2 1754/58/2
f 1757/82/3 1759/51/3 1760/52/3 1758/53/3
f 1761/59/3 1763/53/3 1764/61/3 1762/51/3
f 1765/51/4 1766/59/4 1768/53/4 1767/54/4
f 1770/62/2 1769/63/2 1771/64/2 1772/65/2
f 1776/66/3 1774/67/3 1778/68/3 1780/69/3
f 1773/70/5 1775/71/5 1779/72/5 1777/73/5
f 1782/74/2 1781/75/2 1783/76/2 1784/77/2
f 1786/51/5 1785/52/5 1787/53/5 1788/54/5
f 1789/55/2 1791/56/2 1792/57/2 1790/58/2
f 1793/82/3 1795/51/3 1796/52/3 1794/53/3
f 1797/52/3 1799/53/3 1800/54/3 1798/51/3
f 1802/95/2 1801/96/2 1803/94/2 1804/77/2
f 1805/59/3 1807/53/3 1808/61/3 1806/51/3
f 1810/62/2 1809/63/2 1811/64/2 1812/65/2
f 1814/84/2 1813/77/2 1815/85/2 1816/86/2
f 1818/53/3 1817/54/3 1819/51/3 1820/59/3
f 1823/1/3 1822/2/3 1825/3/3 1826/4/3
f 1824/4/5 1821/1/5 1827/5/5 1828/3/5
f 1831/6/3 1830/7/3 1834/8/3 1835/9/3
f 1829/10/5 1832/11/5 1836/12/5 1833/9/5
f 1830/13/2 1829/7/2 1833/14/2 1834/15/2
f 1832/6/1 1831/104/1 1835/105/1 1836/106/1
f 1822/2/2 1821/1/2 1824/4/2 1825/3/2
f 1826/4/1 1828/3/1 1827/5/1 1823/1/1
f 1839/26/1 1840/107/1 1844/108/1 1843/25/1
f 1840/16/5 1837/17/5 1841/18/5 1844/19/5
f 1843/20/4 1844/21/4 1841/22/4 1842/23/4
f 1843/24/3 1842/25/3 1838/26/3 1839/27/3
f 1837/28/2 1838/27/2 1842/29/2 1841/30/2
f 1847/31/3 1846/32/3 1849/33/3 1850/34/3
f 1848/35/5 1845/36/5 1851/37/5 1852/38/5
f 1846/32/2 1845/36/2 1848/35/2 1849/33/2
f 1850/34/1 1852/38/1 1851/37/1 1847/31/1
f 1847/39/4 1851/40/4 1845/41/4 1846/42/4
f 1855/1/3 1854/2/3 1857/3/3 1858/4/3
f 1856/4/5 1853/1/5 1859/5/5 1860/3/5
f 1863/6/3 1862/7/3 1866/8/3 1867/9/3
f 1861/10/5 1864/11/5 1868/12/5 1865/9/5
f 1862/13/2 1861/7/2 1865/14/2 1866/15/2
f 1864/6/1 1863/104/1 1867/105/1 1868/106/1
f 1854/2/2 1853/1/2 1856/4/2 1857/3/2
f 1858/4/1 1860/3/1 1859/5/1 1855/1/1
f 1871/26/1 1872/107/1 1876/108/1 1875/25/1
f 1872/16/5 1869/17/5 1873/18/5 1876/19/5
f 1875/20/4 1876/21/4 1873/22/4 1874/23/4
f 1875/24/3 1874/25/3 1870/26/3 1871/27/3
f 1869/28/2 1870/27/2 1874/29/2 1873/30/2
f 1879/31/3 1878/32/3 1881/33/3 1882/34/3
f 1880/35/5 1877/36/5 1883/37/5 1884/38/5
f 1878/32/2 1877/36/2 1880/35/2 1881/33/2
f 1882/34/1 1884/38/1 1883/37/1 1879/31/1
f 1879/39/4 1883/40/4 1877/41/4 1878/42/4
f 1887/1/3 1886/2/3 1889/3/3 1890/4/3
f 1888/4/5 1885/1/5 1891/5/5 1892/3/5
f 1895/6/3 1894/7/3 1898/8/3 1899/9/3
f 1893/10/5 1896/11/5 1900/12/5 1897/9/5
f 1894/13/2 1893/7/2 1897/14/2 1898/15/2
f 1896/6/1 1895/104/1 1899/105/1 1900/106/1
f 1886/2/2 1885/1/2 1888/4/2 1889/3/2
f 1890/4/1 1892/3/1 1891/5/1 1887/1/1
f 1903/26/1 1904/107/1 1908/108/1 1907/25/1
f 1904/16/5 1901/17/5 1905/18/5 1908/19/5
f 1907/20/4 1908/21/4 1905/22/4 1906/23/4
f 1907/24/3 1906/25/3 1902/26/3 1903/27/3
f 1901/28/2 1902/27/2 1906/29/2 1905/30/2
f 1911/31/3 1910/32/3 1913/33/3 1914/34/3
f 1912/35/5 1909/36/5 1915/37/5 1916/38/5
f 1910/32/2 1909/36/2 1912/35/2 1913/33/2
f 1914/34/1 1916/38/1 1915/37/1 1911/31/1
f 1911/39/4 1915/40/4 1909/41/4 1910/42/4
f 1919/1/3 1918/2/3 1921/3/3 1922/4/3
f 1920/4/5 1917/1/5 1923/5/5 1924/3/5
f 1927/6/3 1926/7/3 1930/8/3 1931/9/3
f 1925/10/5 1928/11/5 1932/12/5 1929/9/5
f 1926/13/2 1925/7/2 1929/14/2 1930/15/2
f 1928/6/1 1927/104/1 1931/105/1 1932/106/1
f 1918/2/2 1917/1/2 1920/4/2 1921/3/2
f 1922/4/1 1924/3/1 1923/5/1 1919/1/1
f 1935/26/1 1936/107/1 1940/108/1 1939/25/1
f 1936/16/5 1933/17/5 1937/18/5 1940/19/5
f 1939/20/4 1940/21/4 1937/22/4 1938/23/4
f 1939/24/3 1938/25/3 1934/26/3 1935/27/3
f 1933/28/2 1934/27/2 1938/29/2 1937/30/2
f 1943/31/3 1942/32/3 1945/33/3 1946/34/3
f 1944/35/5 1941/36/5 1947/37/5 1948/38/5
f 1942/32/2 1941/36/2 1944/35/2 1945/33/2
f 1946/34/1 1948/38/1 1947/37/1 1943/31/1
f 1943/39/4 1947/40/4 1941/41/4 1942/42/4
f 1951/1/3 1950/2/3 1953/3/3 1954/4/3
f 1952/4/5 1949/1/5 1955/5/5 1956/3/5
f 1959/6/3 1958/7/3 1962/8/3 1963/9/3
f 1957/10/5 1960/11/5 1964/12/5 1961/9/5
f 1958/13/2 1957/7/2 1961/14/2 1962/15/2
f 1960/6/1 1959/104/1 1963/105/1 1964/106/1
f 1950/2/2 1949/1/2 1952/4/2 1953/3/2
f 1954/4/1 1956/3/1 1955/5/1 1951/1/1
f 1967/26/1 1968/107/1 1972/108/1 1971/25/1
f 1968/16/5 1965/17/5 1969/18/5 1972/19/5
f 1971/20/4 1972/21/4 1969/22/4 1970/23/4
f 1971/24/3 1970/25/3 1966/26/3 1967/27/3
f 1965/28/2 1966/27/2 1970/29/2 1969/30/2
f 1975/31/3 1974/32/3 1977/33/3 1978/34/3
f 1976/35/5 1973/36/5 1979/37/5 1980/38/5
f 1974/32/2 1973/36/2 1976/35/2 1977/33/2
f 1978/34/1 1980/38/1 1979/37/1 1975/31/1
f 1975/39/4 1979/40/4 1973/41/4 1974/42/4
f 1983/1/3 1982/2/3 1985/3/3 1986/4/3
f 1984/4/5 1981/1/5 1987/5/5 1988/3/5
f 1991/6/3 1990/7/3 1994/8/3 1995/9/3
f 1989/10/5 1992/11/5 1996/12/5 1993/9/5
f 1990/13/2 1989/7/2 1993/14/2 1994/15/2
f 1992/6/1 1991/104/1 1995/105/1 1996/106/1
f 1982/2/2 1981/1/2 1984/4/2 1985/3/2
f 1986/4/1 1988/3/1 1987/5/1 1983/1/1
f 1999/26/1 2000/107/1 2004/108/1 2003/25/1
f 2000/16/5 1997/17/5 2001/18/5 2004/19/5
f 2003/20/4 2004/21/4 2001/22/4 2002/23/4
f 2003/24/3 2002/25/3 1998/26/3 1999/27/3
f 1997/28/2 1998/27/2 2002/29/2 2001/30/2
f 2007/31/3 2006/32/3 2009/33/3 2010/34/3
f 2008/35/5 2005/36/5 2011/37/5 2012/38/5
f 2006/32/2 2005/36/2 2008/35/2 2009/33/2
f 2010/34/1 2012/38/1 2011/37/1 2007/31/1
f 2007/39/4 2011/40/4 2005/41/4 2006/42/4
f 2015/1/3 2014/2/3 2017/3/3 2018/4/3
f 2016/4/5 2013/1/5 2019/5/5 2020/3/5
f 2023/6/3 2022/7/3 2026/8/3 2027/9/3
f 2021/10/5 2024/11/5 2028/12/5 2025/9/5
f 2022/13/2 2021/7/2 2025/14/2 2026/15/2
f 2024/6/1 2023/104/1 2027/105/1 2028/106/1
f 2014/2/2 2013/1/2 2016/4/2 2017/3/2
f 2018/4/1 2020/3/1 2019/5/1 2015/1/1
f 2031/26/1 2032/107/1 2036/108/1 2035/25/1
f 2032/16/5 2029/17/5 2033/18/5 2036/19/5
f 2035/20/4 2036/21/4 2033/22/4 2034/23/4
f 2035/24/3 2034/25/3 2030/26/3 2031/27/3
f 2029/28/2 2030/27/2 2034/29/2 2033/30/2
f 2039/31/3 2038/32/3 2041/33/3 2042/34/3
f 2040/35/5 2037/36/5 2043/37/5 2044/38/5
f 2038/32/2 2037/36/2 2040/35/2 2041/33/2
f 2042/34/1 2044/38/1 2043/37/1 2039/31/1
f 2039/39/4 2043/40/4 2037/41/4 2038/42/4
f 2047/1/3 2046/2/3 2049/3/3 2050/4/3
f 2048/4/5 2045/1/5 2051/5/5 2052/3/5
f 2055/6/3 2054/7/3 2058/8/3 2059/9/3
f 2053/10/5 2056/11/5 2060/12/5 2057/9/5
f 2054/13/2 2053/7/2 2057/14/2 2058/15/2
f 2056/6/1 2055/104/1 2059/105/1 2060/106/1
f 2046/2/2 2045/1/2 2048/4/2 2049/3/2
f 2050/4/1 2052/3/1 2051/5/1 2047/1/1
f 2063/26/1 2064/107/1 2068/108/1 2067/25/1
f 2064/16/5 2061/17/5 2065/18/5 2068/19/5
f 2067/20/4 2068/21/4 2065/22/4 2066/23/4
f 2067/24/3 2066/25/3 2062/26/3 2063/27/3
f 2061/28/2 2062/27/2 2066/29/2 2065/30/2
f 2071/31/3 2070/32/3 2073/33/3 2074/34/3
f 2072/35/5 2069/36/5 2075/37/5 2076/38/5
f 2070/32/2 2069/36/2 2072/35/2 2073/33/2
f 2074/34/1 2076/38/1 2075/37/1 2071/31/1
f 2071/39/4 2075/40/4 2069/41/4 2070/42/4
f 2079/1/3 2078/2/3 2081/3/3 2082/4/3
f 2080/4/5 2077/1/5 2083/5/5 2084/3/5
f 2087/6/3 2086/7/3 2090/8/3 2091/9/3
f 2085/10/5 2088/11/5 2092/12/5 2089/9/5
f 2086/13/2 2085/7/2 2089/14/2 2090/15/2
f 2088/6/1 2087/104/1 2091/105/1 2092/106/1
f 2078/2/2 2077/1/2 2080/4/2 2081/3/2
f 2082/4/1 2084/3/1 2083/5/1 2079/1/1
f 2095/26/1 2096/107/1 2100/108/1 2099/25/1
f 2096/16/5 2093/17/5 2097/18/5 2100/19/5
f 2099/20/4 2100/21/4 2097/22/4 2098/23/4
f 2099/24/3 2098/25/3 2094/26/3 2095/27/3
f 2093/28/2 2094/27/2 2098/29/2 2097/30/2
f 2103/31/3 2102/32/3 2105/33/3 2106/34/3
f 2104/35/5 2101/36/5 2107/37/5 2108/38/5
f 2102/32/2 2101/36/2 2104/35/2 2105/33/2
f 2106/34/1 2108/38/1 2107/37/1 2103/31/1
f 2103/39/4 2107/40/4 2101/41/4 2102/42/4
f 2111/1/3 2110/2/3 2113/3/3 2114/4/3
f 2112/4/5 2109/1/5 2115/5/5 2116/3/5
f 2119/6/3 2118/7/3 2122/8/3 2123/9/3
f 2117/10/5 2120/11/5 2124/12/5 2121/9/5
f 2118/13/2 2117/7/2 2121/14/2 2122/15/2
f 2120/6/1 2119/104/1 2123/105/1 2124/106/1
f 2110/2/2 2109/1/2 2112/4/2 2113/3/2
f 2114/4/1 2116/3/1 2115/5/1 2111/1/1
f 2127/26/1 2128/107/1 2132/108/1 2131/25/1
f 2128/16/5 2125/17/5 2129/18/5 2132/19/5
f 2131/20/4 2132/21/4 2129/22/4 2130/23/4
f 2131/24/3 2130/25/3 2126/26/3 2127/27/3
f 2125/28/2 2126/27/2 2130/29/2 2129/30/2
f 2135/31/3 2134/32/3 2137/33/3 2138/34/3
f 2136/35/5 2133/36/5 2139/37/5 2140/38/5
f 2134/32/2 2133/36/2 2136/35/2 2137/33/2
f 2138/34/1 2140/38/1 2139/37/1 2135/31/1
f 2135/39/4 2139/40/4 2133/41/4 2134/42/4
f 2143/1/3 2142/2/3 2145/3/3 2146/4/3
f 2144/4/5 2141/1/5 2147/5/5 2148/3/5
f 2151/6/3 2150/7/3 2154/8/3 2155/9/3
f 2149/10/5 2152/11/5 2156/12/5 2153/9/5
f 2150/13/2 2149/7/2 2153/14/2 2154/15/2
f 2152/6/1 2151/104/1 2155/105/1 2156/106/1
f 2142/2/2 2141/1/2 2144/4/2 2145/3/2
f 2146/4/1 2148/3/1 2147/5/1 2143/1/1
f 2159/26/1 2160/107/1 2164/108/1 2163/25/1
f 2160/16/5 2157/17/5 2161/18/5 2164/19/5
f 2163/20/4 2164/21/4 2161/22/4 2162/23/4
f 2163/24/3 2162/25/3 2158/26/3 2159/27/3
f 2157/28/2 2158/27/2 2162/29/2 2161/30/2
f 2167/31/3 2166/32/3 2169/33/3 2170/34/3
f 2168/35/5 2165/36/5 2171/37/5 2172/38/5
f 2166/32/2 2165/36/2 2168/35/2 2169/33/2
f 2170/34/1 2172/38/1 2171/37/1 2167/31/1
f 2167/39/4 2171/40/4 2165/41/4 2166/42/4
f 2175/1/3 2174/2/3 2177/3/3 2178/4/3
f 2176/4/5 2173/1/5 2179/5/5 2180/3/5
f 2183/6/3 2182/7/3 2186/8/3 2187/9/3
f 2181/10/5 2184/11/5 2188/12/5 2185/9/5
f 2182/13/2 2181/7/2 2185/14/2 2186/15/2
f 2184/6/1 2183/104/1 2187/105/1 2188/106/1
f 2174/2/2 2173/1/2 2176/4/2 2177/3/2
f 2178/4/1 2180/3/1 2179/5/1 2175/1/1
f 2191/26/1 2192/107/1 2196/108/1 2195/25/1
f 2192/16/5 2189/17/5 2193/18/5 2196/19/5
f 2195/20/4 2196/21/4 2193/22/4 2194/23/4
f 2195/24/3 2194/25/3 2190/26/3 2191/27/3
f 2189/28/2 2190/27/2 2194/29/2 2193/30/2
f 2199/31/3 2198/32/3 2201/33/3 2202/34/3
f 2200/35/5 2197/36/5 2203/37/5 2204/38/5
f 2198/32/2 2197/36/2 2200/35/2 2201/33/2
f 2202/34/1 2204/38/1 2203/37/1 2199/31/1
f 2199/39/4 2203/40/4 2197/41/4 2198/42/4
f 2207/1/3 2206/2/3 2209/3/3 2210/4/3
f 2208/4/5 2205/1/5 2211/5/5 2212/3/5
f 2215/6/3 2214/7/3 2218/8/3 2219/9/3
f 2213/10/5 2216/11/5 2220/12/5 2217/9/5
f 2214/13/2 2213/7/2 2217/14/2 2218/15/2
f 2216/6/1 2215/104/1 2219/105/1 2220/106/1
f 2206/2/2 2205/1/2 2208/4/2 2209/3/2
f 2210/4/1 2212/3/1 2211/5/1 2207/1/1
f 2223/26/1 2224/107/1 2228/108/1 2227/25/1
f 2224/16/5 2221/17/5 2225/18/5 2228/19/5
f 2227/20/4 2228/21/4 2225/22/4 2226/23/4
f 2227/24/3 2226/25/3 2222/26/3 2223/27/3
f 2221/28/2 2222/27/2 2226/29/2 2225/30/2
f 2231/31/3 2230/32/3 2233/33/3 2234/34/3
f 2232/35/5 2229/36/5 2235/37/5 2236/38/5
f 2230/32/2 2229/36/2 2232/35/2 2233/33/2
f 2234/34/1 2236/38/1 2235/37/1 2231/31/1
f 2231/39/4 2235/40/4 2229/41/4 2230/42/4
f 2239/1/3 2238/2/3 2241/3/3 2242/4/3
f 2240/4/5 2237/1/5 2243/5/5 2244/3/5
f 2247/6/3 2246/7/3 2250/8/3 2251/9/3
f 2245/10/5 2248/11/5 2252/12/5 2249/9/5
f 2246/13/2 2245/7/2 2249/14/2 2250/15/2
f 2248/6/1 2247/104/1 2251/105/1 2252/106/1
f 2238/2/2 2237/1/2 2240/4/2 2241/3/2
f 2242/4/1 2244/3/1 2243/5/1 2239/1/1
f 2255/26/1 2256/107/1 2260/108/1 2259/25/1
f 2256/16/5 2253/17/5 2257/18/5 2260/19/5
f 2259/20/4 2260/21/4 2257/22/4 2258/23/4
f 2259/24/3 2258/25/3 2254/26/3 2255/27/3
f 2253/28/2 2254/27/2 2258/29/2 2257/30/2
f 2263/31/3 2262/32/3 2265/33/3 2266/34/3
f 2264/35/5 2261/36/5 2267/37/5 2268/38/5
f 2262/32/2 2261/36/2 2264/35/2 2265/33/2
f 2266/34/1 2268/38/1 2267/37/1 2263/31/1
f 2263/39/4 2267/40/4 2261/41/4 2262/42/4
f 1814/109/4 1816/110/4 2274/111/4 2273/112/4
f 1702/109/4 1704/113/4 2272/111/4 2271/114/4
f 1622/115/4 1624/116/4 2270/117/4 2269/118/4
f 924/119/4 926/120/4 2280/115/4 2279/121/4
f 802/122/4 804/123/4 2278/124/4 2277/125/4
f 706/126/4 708/127/4 2276/128/4 2275/129/4
