# Blender 5.0.1
# www.blender.org
o Plane.1490
v 0.075000 1.000000 -4.000001
v 0.075000 1.000000 -4.075001
v 0.000000 1.000000 -4.075001
v 0.000000 1.000000 -4.000001
v 0.075000 0.000000 -4.000001
v 0.075000 0.000000 -4.075001
v 0.000000 0.000000 -4.075001
v 0.000000 0.000000 -4.000001
v 0.075000 0.137500 -4.000001
v 0.075000 0.862500 -4.000001
v 0.075000 0.862500 -4.075002
v 0.075000 0.787500 -4.075002
v 0.075000 0.212500 -4.075002
v 0.075000 0.137500 -4.075001
v 0.000000 0.137500 -4.075001
v 0.000000 0.212500 -4.075002
v 0.000000 0.787500 -4.075002
v 0.000000 0.862500 -4.075002
v 0.000000 0.862500 -4.000001
v 0.000000 0.787500 -4.000001
v 0.000000 0.212500 -4.000001
v 0.000000 0.137500 -4.000001
v 0.075000 0.212500 -4.000001
v 0.075000 0.787500 -4.000001
v 0.150000 0.843750 -4.150002
v 0.150000 0.806250 -4.150002
v 0.000000 0.806250 -4.150002
v 0.000000 0.843750 -4.150002
v 0.150000 0.806250 -4.000001
v 0.150000 0.843750 -4.000001
v 0.150000 0.193750 -4.150002
v 0.150000 0.156250 -4.150002
v 0.000000 0.156250 -4.150002
v 0.000000 0.193750 -4.150002
v 0.150000 0.156250 -4.000001
v 0.150000 0.193750 -4.000001
v 0.075000 2.000000 -4.000001
v 0.075000 2.000000 -4.075001
v 0.000000 2.000000 -4.075001
v 0.000000 2.000000 -4.000001
v 0.075000 1.000000 -4.000001
v 0.075000 1.000000 -4.075001
v 0.000000 1.000000 -4.075001
v 0.000000 1.000000 -4.000001
v 0.075000 1.137500 -4.000001
v 0.075000 1.862500 -4.000001
v 0.075000 1.862500 -4.075002
v 0.075000 1.787500 -4.075002
v 0.075000 1.212500 -4.075002
v 0.075000 1.137500 -4.075001
v 0.000000 1.137500 -4.075001
v 0.000000 1.212500 -4.075002
v 0.000000 1.787500 -4.075002
v 0.000000 1.862500 -4.075002
v 0.000000 1.862500 -4.000001
v 0.000000 1.787500 -4.000001
v 0.000000 1.212500 -4.000001
v 0.000000 1.137500 -4.000001
v 0.075000 1.212500 -4.000001
v 0.075000 1.787500 -4.000001
v 0.150000 1.843750 -4.150002
v 0.150000 1.806250 -4.150002
v 0.000000 1.806250 -4.150002
v 0.000000 1.843750 -4.150002
v 0.150000 1.806250 -4.000001
v 0.150000 1.843750 -4.000001
v 0.150000 1.193750 -4.150002
v 0.150000 1.156250 -4.150002
v 0.000000 1.156250 -4.150002
v 0.000000 1.193750 -4.150002
v 0.150000 1.156250 -4.000001
v 0.150000 1.193750 -4.000001
v 0.075000 3.000000 -4.000001
v 0.075000 3.000000 -4.075001
v 0.000000 3.000000 -4.075001
v 0.000000 3.000000 -4.000001
v 0.075000 2.000000 -4.000001
v 0.075000 2.000000 -4.075001
v 0.000000 2.000000 -4.075001
v 0.000000 2.000000 -4.000001
v 0.075000 2.137500 -4.000001
v 0.075000 2.862500 -4.000001
v 0.075000 2.862500 -4.075002
v 0.075000 2.787500 -4.075002
v 0.075000 2.212500 -4.075002
v 0.075000 2.137500 -4.075001
v 0.000000 2.137500 -4.075001
v 0.000000 2.212500 -4.075002
v 0.000000 2.787500 -4.075002
v 0.000000 2.862500 -4.075002
v 0.000000 2.862500 -4.000001
v 0.000000 2.787500 -4.000001
v 0.000000 2.212500 -4.000001
v 0.000000 2.137500 -4.000001
v 0.075000 2.212500 -4.000001
v 0.075000 2.787500 -4.000001
v 0.150000 2.843750 -4.150002
v 0.150000 2.806250 -4.150002
v 0.000000 2.806250 -4.150002
v 0.000000 2.843750 -4.150002
v 0.150000 2.806250 -4.000001
v 0.150000 2.843750 -4.000001
v 0.150000 2.193750 -4.150002
v 0.150000 2.156250 -4.150002
v 0.000000 2.156250 -4.150002
v 0.000000 2.193750 -4.150002
v 0.150000 2.156250 -4.000001
v 0.150000 2.193750 -4.000001
v 0.075000 4.000000 -4.000001
v 0.075000 4.000000 -4.075001
v 0.000000 4.000000 -4.075001
v 0.000000 4.000000 -4.000001
v 0.075000 3.000000 -4.000001
v 0.075000 3.000000 -4.075001
v 0.000000 3.000000 -4.075001
v 0.000000 3.000000 -4.000001
v 0.075000 3.137500 -4.000001
v 0.075000 3.862500 -4.000001
v 0.075000 3.862500 -4.075002
v 0.075000 3.787500 -4.075002
v 0.075000 3.212500 -4.075002
v 0.075000 3.137500 -4.075001
v 0.000000 3.137500 -4.075001
v 0.000000 3.212500 -4.075002
v 0.000000 3.787500 -4.075002
v 0.000000 3.862500 -4.075002
v 0.000000 3.862500 -4.000001
v 0.000000 3.787500 -4.000001
v 0.000000 3.212500 -4.000001
v 0.000000 3.137500 -4.000001
v 0.075000 3.212500 -4.000001
v 0.075000 3.787500 -4.000001
v 0.150000 3.843750 -4.150002
v 0.150000 3.806250 -4.150002
v 0.000000 3.806250 -4.150002
v 0.000000 3.843750 -4.150002
v 0.150000 3.806250 -4.000001
v 0.150000 3.843750 -4.000001
v 0.150000 3.193750 -4.150002
v 0.150000 3.156250 -4.150002
v 0.000000 3.156250 -4.150002
v 0.000000 3.193750 -4.150002
v 0.150000 3.156250 -4.000001
v 0.150000 3.193750 -4.000001
v 0.075000 5.000000 -4.000001
v 0.075000 5.000000 -4.075001
v 0.000000 5.000000 -4.075001
v 0.000000 5.000000 -4.000001
v 0.075000 4.000000 -4.000001
v 0.075000 4.000000 -4.075001
v 0.000000 4.000000 -4.075001
v 0.000000 4.000000 -4.000001
v 0.075000 4.137499 -4.000001
v 0.075000 4.862500 -4.000001
v 0.075000 4.862500 -4.075002
v 0.075000 4.787500 -4.075002
v 0.075000 4.212499 -4.075002
v 0.075000 4.137499 -4.075001
v 0.000000 4.137499 -4.075001
v 0.000000 4.212499 -4.075002
v 0.000000 4.787500 -4.075002
v 0.000000 4.862500 -4.075002
v 0.000000 4.862500 -4.000001
v 0.000000 4.787500 -4.000001
v 0.000000 4.212499 -4.000001
v 0.000000 4.137499 -4.000001
v 0.075000 4.212499 -4.000001
v 0.075000 4.787500 -4.000001
v 0.150000 4.843750 -4.150002
v 0.150000 4.806250 -4.150002
v 0.000000 4.806250 -4.150002
v 0.000000 4.843750 -4.150002
v 0.150000 4.806250 -4.000001
v 0.150000 4.843750 -4.000001
v 0.150000 4.193749 -4.150002
v 0.150000 4.156250 -4.150002
v 0.000000 4.156250 -4.150002
v 0.000000 4.193749 -4.150002
v 0.150000 4.156250 -4.000001
v 0.150000 4.193749 -4.000001
v 0.075000 6.000000 -4.000001
v 0.075000 6.000000 -4.075001
v 0.000000 6.000000 -4.075001
v 0.000000 6.000000 -4.000001
v 0.075000 5.000000 -4.000001
v 0.075000 5.000000 -4.075001
v 0.000000 5.000000 -4.075001
v 0.000000 5.000000 -4.000001
v 0.075000 5.137499 -4.000001
v 0.075000 5.862500 -4.000001
v 0.075000 5.862500 -4.075002
v 0.075000 5.787500 -4.075002
v 0.075000 5.212499 -4.075002
v 0.075000 5.137499 -4.075001
v 0.000000 5.137499 -4.075001
v 0.000000 5.212499 -4.075002
v 0.000000 5.787500 -4.075002
v 0.000000 5.862500 -4.075002
v 0.000000 5.862500 -4.000001
v 0.000000 5.787500 -4.000001
v 0.000000 5.212499 -4.000001
v 0.000000 5.137499 -4.000001
v 0.075000 5.212499 -4.000001
v 0.075000 5.787500 -4.000001
v 0.150000 5.843750 -4.150002
v 0.150000 5.806250 -4.150002
v 0.000000 5.806250 -4.150002
v 0.000000 5.843750 -4.150002
v 0.150000 5.806250 -4.000001
v 0.150000 5.843750 -4.000001
v 0.150000 5.193749 -4.150002
v 0.150000 5.156250 -4.150002
v 0.000000 5.156250 -4.150002
v 0.000000 5.193749 -4.150002
v 0.150000 5.156250 -4.000001
v 0.150000 5.193749 -4.000001
v 0.075000 7.000000 -4.000001
v 0.075000 7.000000 -4.075001
v 0.000000 7.000000 -4.075001
v 0.000000 7.000000 -4.000001
v 0.075000 6.000000 -4.000001
v 0.075000 6.000000 -4.075001
v 0.000000 6.000000 -4.075001
v 0.000000 6.000000 -4.000001
v 0.075000 6.137499 -4.000001
v 0.075000 6.862500 -4.000001
v 0.075000 6.862500 -4.075002
v 0.075000 6.787500 -4.075002
v 0.075000 6.212499 -4.075002
v 0.075000 6.137499 -4.075001
v 0.000000 6.137499 -4.075001
v 0.000000 6.212499 -4.075002
v 0.000000 6.787500 -4.075002
v 0.000000 6.862500 -4.075002
v 0.000000 6.862500 -4.000001
v 0.000000 6.787500 -4.000001
v 0.000000 6.212499 -4.000001
v 0.000000 6.137499 -4.000001
v 0.075000 6.212499 -4.000001
v 0.075000 6.787500 -4.000001
v 0.150000 6.843750 -4.150002
v 0.150000 6.806250 -4.150002
v 0.000000 6.806250 -4.150002
v 0.000000 6.843750 -4.150002
v 0.150000 6.806250 -4.000001
v 0.150000 6.843750 -4.000001
v 0.150000 6.193749 -4.150002
v 0.150000 6.156250 -4.150002
v 0.000000 6.156250 -4.150002
v 0.000000 6.193749 -4.150002
v 0.150000 6.156250 -4.000001
v 0.150000 6.193749 -4.000001
v 0.075000 8.000000 -4.000001
v 0.075000 8.000000 -4.075001
v 0.000000 8.000000 -4.075001
v 0.000000 8.000000 -4.000001
v 0.075000 7.000000 -4.000001
v 0.075000 7.000000 -4.075001
v 0.000000 7.000000 -4.075001
v 0.000000 7.000000 -4.000001
v 0.075000 7.137499 -4.000001
v 0.075000 7.862500 -4.000001
v 0.075000 7.862500 -4.075002
v 0.075000 7.787500 -4.075002
v 0.075000 7.212499 -4.075002
v 0.075000 7.137499 -4.075001
v 0.000000 7.137499 -4.075001
v 0.000000 7.212499 -4.075002
v 0.000000 7.787500 -4.075002
v 0.000000 7.862500 -4.075002
v 0.000000 7.862500 -4.000001
v 0.000000 7.787500 -4.000001
v 0.000000 7.212499 -4.000001
v 0.000000 7.137499 -4.000001
v 0.075000 7.212499 -4.000001
v 0.075000 7.787500 -4.000001
v 0.150000 7.843750 -4.150002
v 0.150000 7.806250 -4.150002
v 0.000000 7.806250 -4.150002
v 0.000000 7.843750 -4.150002
v 0.150000 7.806250 -4.000001
v 0.150000 7.843750 -4.000001
v 0.150000 7.193749 -4.150002
v 0.150000 7.156250 -4.150002
v 0.000000 7.156250 -4.150002
v 0.000000 7.193749 -4.150002
v 0.150000 7.156250 -4.000001
v 0.150000 7.193749 -4.000001
v 0.075000 9.000000 -4.000001
v 0.075000 9.000000 -4.075001
v 0.000000 9.000000 -4.075001
v 0.000000 9.000000 -4.000001
v 0.075000 8.000000 -4.000001
v 0.075000 8.000000 -4.075001
v 0.000000 8.000000 -4.075001
v 0.000000 8.000000 -4.000001
v 0.075000 8.137500 -4.000001
v 0.075000 8.862500 -4.000001
v 0.075000 8.862500 -4.075002
v 0.075000 8.787500 -4.075002
v 0.075000 8.212500 -4.075002
v 0.075000 8.137500 -4.075001
v 0.000000 8.137500 -4.075001
v 0.000000 8.212500 -4.075002
v 0.000000 8.787500 -4.075002
v 0.000000 8.862500 -4.075002
v 0.000000 8.862500 -4.000001
v 0.000000 8.787500 -4.000001
v 0.000000 8.212500 -4.000001
v 0.000000 8.137500 -4.000001
v 0.075000 8.212500 -4.000001
v 0.075000 8.787500 -4.000001
v 0.150000 8.843750 -4.150002
v 0.150000 8.806250 -4.150002
v 0.000000 8.806250 -4.150002
v 0.000000 8.843750 -4.150002
v 0.150000 8.806250 -4.000001
v 0.150000 8.843750 -4.000001
v 0.150000 8.193749 -4.150002
v 0.150000 8.156250 -4.150002
v 0.000000 8.156250 -4.150002
v 0.000000 8.193749 -4.150002
v 0.150000 8.156250 -4.000001
v 0.150000 8.193749 -4.000001
v 0.075000 10.000000 -4.000001
v 0.075000 10.000000 -4.075001
v 0.000000 10.000000 -4.075001
v 0.000000 10.000000 -4.000001
v 0.075000 9.000000 -4.000001
v 0.075000 9.000000 -4.075001
v 0.000000 9.000000 -4.075001
v 0.000000 9.000000 -4.000001
v 0.075000 9.137500 -4.000001
v 0.075000 9.862500 -4.000001
v 0.075000 9.862500 -4.075002
v 0.075000 9.787500 -4.075002
v 0.075000 9.212500 -4.075002
v 0.075000 9.137500 -4.075001
v 0.000000 9.137500 -4.075001
v 0.000000 9.212500 -4.075002
v 0.000000 9.787500 -4.075002
v 0.000000 9.862500 -4.075002
v 0.000000 9.862500 -4.000001
v 0.000000 9.787500 -4.000001
v 0.000000 9.212500 -4.000001
v 0.000000 9.137500 -4.000001
v 0.075000 9.212500 -4.000001
v 0.075000 9.787500 -4.000001
v 0.150000 9.843750 -4.150002
v 0.150000 9.806250 -4.150002
v 0.000000 9.806250 -4.150002
v 0.000000 9.843750 -4.150002
v 0.150000 9.806250 -4.000001
v 0.150000 9.843750 -4.000001
v 0.150000 9.193749 -4.150002
v 0.150000 9.156250 -4.150002
v 0.000000 9.156250 -4.150002
v 0.000000 9.193749 -4.150002
v 0.150000 9.156250 -4.000001
v 0.150000 9.193749 -4.000001
v 0.075000 11.000000 -4.000001
v 0.075000 11.000000 -4.075001
v 0.000000 11.000000 -4.075001
v 0.000000 11.000000 -4.000001
v 0.075000 10.000000 -4.000001
v 0.075000 10.000000 -4.075001
v 0.000000 10.000000 -4.075001
v 0.000000 10.000000 -4.000001
v 0.075000 10.137500 -4.000001
v 0.075000 10.862500 -4.000001
v 0.075000 10.862500 -4.075002
v 0.075000 10.787500 -4.075002
v 0.075000 10.212500 -4.075002
v 0.075000 10.137500 -4.075001
v 0.000000 10.137500 -4.075001
v 0.000000 10.212500 -4.075002
v 0.000000 10.787500 -4.075002
v 0.000000 10.862500 -4.075002
v 0.000000 10.862500 -4.000001
v 0.000000 10.787500 -4.000001
v 0.000000 10.212500 -4.000001
v 0.000000 10.137500 -4.000001
v 0.075000 10.212500 -4.000001
v 0.075000 10.787500 -4.000001
v 0.150000 10.843750 -4.150002
v 0.150000 10.806250 -4.150002
v 0.000000 10.806250 -4.150002
v 0.000000 10.843750 -4.150002
v 0.150000 10.806250 -4.000001
v 0.150000 10.843750 -4.000001
v 0.150000 10.193749 -4.150002
v 0.150000 10.156250 -4.150002
v 0.000000 10.156250 -4.150002
v 0.000000 10.193749 -4.150002
v 0.150000 10.156250 -4.000001
v 0.150000 10.193749 -4.000001
v 0.075000 12.000000 -4.000001
v 0.075000 12.000000 -4.075001
v -0.000000 12.000000 -4.075001
v -0.000000 12.000000 -4.000001
v 0.075000 11.000000 -4.000001
v 0.075000 11.000000 -4.075001
v -0.000000 11.000000 -4.075001
v -0.000000 11.000000 -4.000001
v 0.075000 11.137500 -4.000001
v 0.075000 11.862500 -4.000001
v 0.075000 11.862500 -4.075002
v 0.075000 11.787500 -4.075002
v 0.075000 11.212500 -4.075002
v 0.075000 11.137500 -4.075001
v -0.000000 11.137500 -4.075001
v -0.000000 11.212500 -4.075002
v -0.000000 11.787500 -4.075002
v -0.000000 11.862500 -4.075002
v -0.000000 11.862500 -4.000001
v -0.000000 11.787500 -4.000001
v -0.000000 11.212500 -4.000001
v -0.000000 11.137500 -4.000001
v 0.075000 11.212500 -4.000001
v 0.075000 11.787500 -4.000001
v 0.150000 11.843750 -4.150002
v 0.150000 11.806250 -4.150002
v -0.000000 11.806250 -4.150002
v -0.000000 11.843750 -4.150002
v 0.150000 11.806250 -4.000001
v 0.150000 11.843750 -4.000001
v 0.150000 11.193749 -4.150002
v 0.150000 11.156250 -4.150002
v -0.000000 11.156250 -4.150002
v -0.000000 11.193749 -4.150002
v 0.150000 11.156250 -4.000001
v 0.150000 11.193749 -4.000001
v 0.075000 13.000000 -4.000001
v 0.075000 13.000000 -4.075001
v -0.000000 13.000000 -4.075001
v -0.000000 13.000000 -4.000001
v 0.075000 12.000000 -4.000001
v 0.075000 12.000000 -4.075001
v -0.000000 12.000000 -4.075001
v -0.000000 12.000000 -4.000001
v 0.075000 12.137500 -4.000001
v 0.075000 12.862500 -4.000001
v 0.075000 12.862500 -4.075002
v 0.075000 12.787500 -4.075002
v 0.075000 12.212500 -4.075002
v 0.075000 12.137500 -4.075001
v -0.000000 12.137500 -4.075001
v -0.000000 12.212500 -4.075002
v -0.000000 12.787500 -4.075002
v -0.000000 12.862500 -4.075002
v -0.000000 12.862500 -4.000001
v -0.000000 12.787500 -4.000001
v -0.000000 12.212500 -4.000001
v -0.000000 12.137500 -4.000001
v 0.075000 12.212500 -4.000001
v 0.075000 12.787500 -4.000001
v 0.150000 12.843750 -4.150002
v 0.150000 12.806250 -4.150002
v -0.000000 12.806250 -4.150002
v -0.000000 12.843750 -4.150002
v 0.150000 12.806250 -4.000001
v 0.150000 12.843750 -4.000001
v 0.150000 12.193749 -4.150002
v 0.150000 12.156250 -4.150002
v -0.000000 12.156250 -4.150002
v -0.000000 12.193749 -4.150002
v 0.150000 12.156250 -4.000001
v 0.150000 12.193749 -4.000001
v 0.075000 14.000000 -4.000001
v 0.075000 14.000000 -4.075001
v -0.000000 14.000000 -4.075001
v -0.000000 14.000000 -4.000001
v 0.075000 13.000000 -4.000001
v 0.075000 13.000000 -4.075001
v -0.000000 13.000000 -4.075001
v -0.000000 13.000000 -4.000001
v 0.075000 13.137500 -4.000001
v 0.075000 13.862500 -4.000001
v 0.075000 13.862500 -4.075002
v 0.075000 13.787500 -4.075002
v 0.075000 13.212500 -4.075002
v 0.075000 13.137500 -4.075001
v -0.000000 13.137500 -4.075001
v -0.000000 13.212500 -4.075002
v -0.000000 13.787500 -4.075002
v -0.000000 13.862500 -4.075002
v -0.000000 13.862500 -4.000001
v -0.000000 13.787500 -4.000001
v -0.000000 13.212500 -4.000001
v -0.000000 13.137500 -4.000001
v 0.075000 13.212500 -4.000001
v 0.075000 13.787500 -4.000001
v 0.150000 13.843750 -4.150002
v 0.150000 13.806250 -4.150002
v -0.000000 13.806250 -4.150002
v -0.000000 13.843750 -4.150002
v 0.150000 13.806250 -4.000001
v 0.150000 13.843750 -4.000001
v 0.150000 13.193749 -4.150002
v 0.150000 13.156250 -4.150002
v -0.000000 13.156250 -4.150002
v -0.000000 13.193749 -4.150002
v 0.150000 13.156250 -4.000001
v 0.150000 13.193749 -4.000001
v 0.000000 1.000000 -0.000001
v 0.000000 1.000000 -1.000001
v 0.000000 0.100000 -0.000001
v 0.000000 0.100000 -1.000001
v 0.100000 0.100000 -0.000001
v 0.100000 0.000000 -0.000001
v 0.100000 0.000000 -1.000001
v 0.100000 0.100000 -1.000001
v 0.000000 1.000000 -1.000001
v 0.000000 1.000000 -2.000001
v 0.000000 0.100000 -1.000001
v 0.000000 0.100000 -2.000001
v 0.100000 0.100000 -1.000001
v 0.100000 0.000000 -1.000001
v 0.100000 0.000000 -2.000001
v 0.100000 0.100000 -2.000001
v 0.000000 1.000000 -2.000001
v 0.000000 1.000000 -3.000001
v 0.000000 0.100000 -2.000001
v 0.000000 0.100000 -3.000001
v 0.100000 0.100000 -2.000001
v 0.100000 0.000000 -2.000001
v 0.100000 0.000000 -3.000001
v 0.100000 0.100000 -3.000001
v 0.000000 1.000000 -3.000001
v 0.000000 1.000000 -4.000001
v 0.000000 0.100000 -3.000001
v 0.000000 0.100000 -4.000001
v 0.100000 0.100000 -3.000001
v 0.100000 0.000000 -3.000001
v 0.100000 0.000000 -4.000001
v 0.100000 0.100000 -4.000001
v -0.000000 14.000000 -1.000001
v -0.000000 14.000000 -2.000001
v -0.000000 14.400000 -1.000001
v -0.000000 14.400000 -2.000001
v 0.075000 14.212500 -1.000001
v 0.075000 14.212500 -2.000001
v 0.166667 14.400000 -1.000001
v 0.166667 14.400000 -2.000001
v -0.000000 14.400000 -1.916668
v -0.000000 14.400000 -2.000001
v -0.000000 14.650000 -1.916668
v 0.166667 14.400000 -1.916668
v 0.166667 14.400000 -2.000001
v 0.166667 14.650000 -1.916668
v 0.125000 14.816666 -1.958334
v 0.166667 14.650000 -2.000001
v 0.125000 14.816666 -2.000001
v 0.041667 14.816667 -2.000001
v 0.041667 14.816667 -1.958334
v -0.000000 14.650000 -2.000001
v 0.166667 14.400000 -1.000001
v 0.166667 14.400000 -1.083335
v 0.166667 14.650000 -1.000001
v 0.125000 14.816666 -1.000001
v 0.166667 14.650000 -1.083335
v 0.125000 14.816666 -1.041668
v -0.000000 14.650000 -1.083335
v -0.000000 14.400000 -1.083335
v -0.000000 14.650000 -1.000001
v 0.041666 14.816667 -1.041668
v 0.041666 14.816667 -1.000001
v -0.000000 14.400000 -1.000001
v 0.125000 14.608334 -1.083335
v 0.125000 14.525000 -1.083335
v 0.041667 14.608334 -1.083335
v 0.125000 14.608334 -1.250002
v 0.125000 14.525000 -1.250002
v 0.041667 14.608334 -1.250002
v 0.041667 14.525000 -1.250002
v 0.041667 14.525000 -1.083335
v 0.166667 14.650000 -1.250002
v 0.125000 14.816666 -1.291668
v -0.000000 14.650000 -1.250002
v 0.166667 14.650000 -1.416668
v 0.166667 14.400000 -1.250002
v 0.166667 14.400000 -1.416668
v -0.000000 14.400000 -1.250002
v -0.000000 14.400000 -1.416668
v -0.000000 14.650000 -1.416668
v 0.041667 14.816667 -1.375002
v 0.125000 14.816666 -1.375002
v 0.041667 14.816667 -1.291668
v 0.041667 14.525000 -1.416668
v 0.041667 14.608334 -1.416668
v 0.041667 14.525000 -1.583335
v 0.041667 14.608334 -1.583335
v 0.125000 14.608334 -1.583335
v 0.125000 14.525000 -1.583335
v 0.125000 14.608334 -1.416668
v 0.125000 14.525000 -1.416668
v -0.000000 14.650000 -1.583335
v 0.041667 14.816667 -1.625002
v -0.000000 14.650000 -1.750002
v 0.166667 14.650000 -1.583335
v -0.000000 14.400000 -1.583335
v -0.000000 14.400000 -1.750002
v 0.166667 14.400000 -1.583335
v 0.166667 14.400000 -1.750002
v 0.166667 14.650000 -1.750002
v 0.125000 14.816666 -1.708335
v 0.125000 14.816666 -1.625002
v 0.041667 14.816667 -1.708335
v 0.041667 14.525000 -1.750002
v 0.041667 14.608334 -1.750002
v 0.041667 14.525000 -1.916668
v 0.041667 14.608334 -1.916668
v 0.125000 14.608334 -1.916668
v 0.125000 14.525000 -1.916668
v 0.125000 14.608334 -1.750002
v 0.125000 14.525000 -1.750002
v -0.500000 14.400000 -1.000001
v -0.500000 14.400000 -2.000001
v -0.000000 14.137500 -1.037501
v -0.000000 14.212500 -1.037501
v 0.075000 14.137500 -1.037501
v 0.150000 14.156250 -1.018751
v 0.075000 14.212500 -1.037501
v 0.075000 14.137500 -1.000001
v 0.150000 14.156250 -1.000001
v 0.150000 14.193750 -1.000001
v 0.075000 14.212500 -1.000001
v 0.150000 14.193750 -1.018751
v -0.000000 14.137500 -1.962501
v -0.000000 14.212500 -1.962501
v 0.075000 14.137500 -1.962501
v 0.150000 14.156250 -1.981251
v 0.075000 14.212500 -1.962501
v 0.075000 14.137500 -2.000001
v 0.150000 14.156250 -2.000001
v 0.150000 14.193750 -2.000001
v 0.075000 14.212500 -2.000001
v 0.150000 14.193750 -1.981251
v -0.000000 14.137500 -1.295835
v -0.000000 14.212500 -1.295835
v 0.075000 14.137500 -1.295835
v 0.150000 14.156250 -1.314585
v 0.075000 14.212500 -1.295835
v 0.075000 14.137500 -1.370835
v 0.150000 14.156250 -1.352085
v 0.075000 14.212500 -1.370835
v -0.000000 14.137500 -1.370835
v -0.000000 14.212500 -1.370835
v 0.150000 14.193750 -1.352085
v 0.150000 14.193750 -1.314585
v -0.000000 14.137500 -1.629168
v -0.000000 14.212500 -1.629168
v 0.075000 14.137500 -1.629168
v 0.150000 14.156250 -1.647918
v 0.075000 14.212500 -1.629168
v 0.075000 14.137500 -1.704168
v 0.150000 14.156250 -1.685418
v 0.075000 14.212500 -1.704168
v -0.000000 14.137500 -1.704168
v -0.000000 14.212500 -1.704168
v 0.150000 14.193750 -1.685418
v 0.150000 14.193750 -1.647918
v -0.000000 14.000000 -2.000001
v -0.000000 14.000000 -3.000001
v -0.000000 14.400000 -2.000001
v -0.000000 14.400000 -3.000001
v 0.075000 14.212500 -2.000001
v 0.075000 14.212500 -3.000001
v 0.166667 14.400000 -2.000001
v 0.166667 14.400000 -3.000001
v -0.000000 14.400000 -2.916668
v -0.000000 14.400000 -3.000001
v -0.000000 14.650000 -2.916668
v 0.166667 14.400000 -2.916668
v 0.166667 14.400000 -3.000001
v 0.166667 14.650000 -2.916668
v 0.125000 14.816666 -2.958334
v 0.166667 14.650000 -3.000001
v 0.125000 14.816666 -3.000001
v 0.041667 14.816667 -3.000001
v 0.041667 14.816667 -2.958334
v -0.000000 14.650000 -3.000001
v 0.166667 14.400000 -2.000001
v 0.166667 14.400000 -2.083335
v 0.166667 14.650000 -2.000001
v 0.125000 14.816666 -2.000001
v 0.166667 14.650000 -2.083335
v 0.125000 14.816666 -2.041668
v -0.000000 14.650000 -2.083335
v -0.000000 14.400000 -2.083335
v -0.000000 14.650000 -2.000001
v 0.041666 14.816667 -2.041668
v 0.041666 14.816667 -2.000001
v -0.000000 14.400000 -2.000001
v 0.125000 14.608334 -2.083335
v 0.125000 14.525000 -2.083335
v 0.041667 14.608334 -2.083335
v 0.125000 14.608334 -2.250002
v 0.125000 14.525000 -2.250002
v 0.041667 14.608334 -2.250002
v 0.041667 14.525000 -2.250002
v 0.041667 14.525000 -2.083335
v 0.166667 14.650000 -2.250002
v 0.125000 14.816666 -2.291668
v -0.000000 14.650000 -2.250002
v 0.166667 14.650000 -2.416668
v 0.166667 14.400000 -2.250002
v 0.166667 14.400000 -2.416668
v -0.000000 14.400000 -2.250002
v -0.000000 14.400000 -2.416668
v -0.000000 14.650000 -2.416668
v 0.041667 14.816667 -2.375002
v 0.125000 14.816666 -2.375002
v 0.041667 14.816667 -2.291668
v 0.041667 14.525000 -2.416668
v 0.041667 14.608334 -2.416668
v 0.041667 14.525000 -2.583335
v 0.041667 14.608334 -2.583335
v 0.125000 14.608334 -2.583335
v 0.125000 14.525000 -2.583335
v 0.125000 14.608334 -2.416668
v 0.125000 14.525000 -2.416668
v -0.000000 14.650000 -2.583335
v 0.041667 14.816667 -2.625002
v -0.000000 14.650000 -2.750002
v 0.166667 14.650000 -2.583335
v -0.000000 14.400000 -2.583335
v -0.000000 14.400000 -2.750002
v 0.166667 14.400000 -2.583335
v 0.166667 14.400000 -2.750002
v 0.166667 14.650000 -2.750002
v 0.125000 14.816666 -2.708335
v 0.125000 14.816666 -2.625002
v 0.041667 14.816667 -2.708335
v 0.041667 14.525000 -2.750002
v 0.041667 14.608334 -2.750002
v 0.041667 14.525000 -2.916668
v 0.041667 14.608334 -2.916668
v 0.125000 14.608334 -2.916668
v 0.125000 14.525000 -2.916668
v 0.125000 14.608334 -2.750002
v 0.125000 14.525000 -2.750002
v -0.500000 14.400000 -2.000001
v -0.500000 14.400000 -3.000001
v -0.000000 14.137500 -2.037501
v -0.000000 14.212500 -2.037501
v 0.075000 14.137500 -2.037501
v 0.150000 14.156250 -2.018751
v 0.075000 14.212500 -2.037501
v 0.075000 14.137500 -2.000001
v 0.150000 14.156250 -2.000001
v 0.150000 14.193750 -2.000001
v 0.075000 14.212500 -2.000001
v 0.150000 14.193750 -2.018751
v -0.000000 14.137500 -2.962501
v -0.000000 14.212500 -2.962501
v 0.075000 14.137500 -2.962501
v 0.150000 14.156250 -2.981251
v 0.075000 14.212500 -2.962501
v 0.075000 14.137500 -3.000001
v 0.150000 14.156250 -3.000001
v 0.150000 14.193750 -3.000001
v 0.075000 14.212500 -3.000001
v 0.150000 14.193750 -2.981251
v -0.000000 14.137500 -2.295835
v -0.000000 14.212500 -2.295835
v 0.075000 14.137500 -2.295835
v 0.150000 14.156250 -2.314585
v 0.075000 14.212500 -2.295835
v 0.075000 14.137500 -2.370835
v 0.150000 14.156250 -2.352085
v 0.075000 14.212500 -2.370835
v -0.000000 14.137500 -2.370835
v -0.000000 14.212500 -2.370835
v 0.150000 14.193750 -2.352085
v 0.150000 14.193750 -2.314585
v -0.000000 14.137500 -2.629168
v -0.000000 14.212500 -2.629168
v 0.075000 14.137500 -2.629168
v 0.150000 14.156250 -2.647918
v 0.075000 14.212500 -2.629168
v 0.075000 14.137500 -2.704168
v 0.150000 14.156250 -2.685418
v 0.075000 14.212500 -2.704168
v -0.000000 14.137500 -2.704168
v -0.000000 14.212500 -2.704168
v 0.150000 14.193750 -2.685418
v 0.150000 14.193750 -2.647918
v 0.000000 1.000000 -0.000001
v 0.000000 2.000000 -0.000001
v 0.000000 1.000000 -1.000001
v 0.000000 1.000000 -0.250001
v 0.000000 2.000000 -0.750001
v 0.000000 2.000000 -0.583335
v 0.000000 2.000000 -0.416668
v 0.000000 2.000000 -0.250001
v 0.000000 1.000000 -0.416668
v 0.000000 1.000000 -0.583335
v 0.000000 1.000000 -0.750001
v 0.000000 2.000000 -1.000001
v -0.050000 1.725000 -0.916668
v -0.050000 1.275000 -0.916668
v -0.050000 1.725000 -0.750001
v -0.050000 1.275000 -0.750001
v -0.050000 1.725000 -0.583335
v -0.050000 1.275000 -0.583335
v -0.050000 1.725000 -0.416668
v -0.050000 1.275000 -0.416668
v -0.050000 1.725000 -0.250001
v -0.050000 1.275000 -0.250001
v -0.050000 1.725000 -0.083334
v -0.050000 1.275000 -0.083334
v 0.000000 1.775000 -0.916668
v 0.000000 1.225000 -0.916668
v 0.000000 1.775000 -0.750001
v 0.000000 1.225000 -0.750001
v 0.000000 1.775000 -0.583335
v 0.000000 1.225000 -0.583335
v 0.000000 1.775000 -0.416668
v 0.000000 1.225000 -0.416668
v 0.000000 1.775000 -0.250001
v 0.000000 1.225000 -0.250001
v 0.000000 1.775000 -0.083334
v 0.000000 1.225000 -0.083334
v 0.000000 1.137500 -0.037501
v 0.000000 1.212500 -0.037501
v 0.075000 1.137500 -0.037501
v 0.150000 1.156250 -0.018751
v 0.075000 1.212500 -0.037501
v 0.075000 1.137500 -0.000001
v 0.150000 1.156250 -0.000001
v 0.150000 1.193750 -0.000001
v 0.075000 1.212500 -0.000001
v 0.150000 1.193750 -0.018751
v 0.000000 1.212500 -0.000001
v 0.000000 1.787500 -0.962501
v 0.000000 1.862500 -0.962501
v 0.075000 1.787500 -0.962501
v 0.150000 1.806250 -0.981251
v 0.075000 1.862500 -0.962501
v 0.075000 1.787500 -1.000001
v 0.150000 1.806250 -1.000001
v 0.150000 1.843750 -1.000001
v 0.075000 1.862500 -1.000001
v 0.150000 1.843750 -0.981251
v 0.000000 1.862500 -1.000001
v 0.000000 1.787500 -0.037501
v 0.000000 1.862500 -0.037501
v 0.075000 1.787500 -0.037501
v 0.150000 1.806250 -0.018751
v 0.075000 1.862500 -0.037501
v 0.075000 1.787500 -0.000001
v 0.150000 1.806250 -0.000001
v 0.150000 1.843750 -0.000001
v 0.075000 1.862500 -0.000001
v 0.150000 1.843750 -0.018751
v 0.000000 1.862500 -0.000001
v 0.000000 1.137500 -0.962501
v 0.000000 1.212500 -0.962501
v 0.075000 1.137500 -0.962501
v 0.150000 1.156250 -0.981251
v 0.075000 1.212500 -0.962501
v 0.075000 1.137500 -1.000001
v 0.150000 1.156250 -1.000001
v 0.150000 1.193750 -1.000001
v 0.075000 1.212500 -1.000001
v 0.150000 1.193750 -0.981251
v 0.000000 1.212500 -1.000001
v 0.000000 1.787500 -0.629168
v 0.000000 1.862500 -0.629168
v 0.075000 1.787500 -0.629168
v 0.150000 1.806250 -0.647918
v 0.075000 1.862500 -0.629168
v 0.075000 1.787500 -0.704168
v 0.150000 1.806250 -0.685418
v 0.075000 1.862500 -0.704168
v 0.000000 1.787500 -0.704168
v 0.000000 1.862500 -0.704168
v 0.150000 1.843750 -0.685418
v 0.150000 1.843750 -0.647918
v 0.000000 1.137500 -0.629168
v 0.000000 1.212500 -0.629168
v 0.075000 1.137500 -0.629168
v 0.150000 1.156250 -0.647918
v 0.075000 1.212500 -0.629168
v 0.075000 1.137500 -0.704168
v 0.150000 1.156250 -0.685418
v 0.075000 1.212500 -0.704168
v 0.000000 1.137500 -0.704168
v 0.000000 1.212500 -0.704168
v 0.150000 1.193750 -0.685418
v 0.150000 1.193750 -0.647918
v 0.000000 1.137500 -0.295835
v 0.000000 1.212500 -0.295835
v 0.075000 1.137500 -0.295835
v 0.150000 1.156250 -0.314585
v 0.075000 1.212500 -0.295835
v 0.075000 1.137500 -0.370835
v 0.150000 1.156250 -0.352085
v 0.075000 1.212500 -0.370835
v 0.000000 1.137500 -0.370835
v 0.000000 1.212500 -0.370835
v 0.150000 1.193750 -0.352085
v 0.150000 1.193750 -0.314585
v 0.000000 1.787500 -0.295835
v 0.000000 1.862500 -0.295835
v 0.075000 1.787500 -0.295835
v 0.150000 1.806250 -0.314585
v 0.075000 1.862500 -0.295835
v 0.075000 1.787500 -0.370835
v 0.150000 1.806250 -0.352085
v 0.075000 1.862500 -0.370835
v 0.000000 1.787500 -0.370835
v 0.000000 1.862500 -0.370835
v 0.150000 1.843750 -0.352085
v 0.150000 1.843750 -0.314585
v 0.000000 2.000000 -0.000001
v 0.000000 3.000000 -0.000001
v 0.000000 2.000000 -1.000001
v 0.000000 2.000000 -0.250001
v 0.000000 3.000000 -0.750001
v 0.000000 3.000000 -0.583335
v 0.000000 3.000000 -0.416668
v 0.000000 3.000000 -0.250001
v 0.000000 2.000000 -0.416668
v 0.000000 2.000000 -0.583335
v 0.000000 2.000000 -0.750001
v 0.000000 3.000000 -1.000001
v -0.050000 2.725000 -0.916668
v -0.050000 2.275000 -0.916668
v -0.050000 2.725000 -0.750001
v -0.050000 2.275000 -0.750001
v -0.050000 2.725000 -0.583335
v -0.050000 2.275000 -0.583335
v -0.050000 2.725000 -0.416668
v -0.050000 2.275000 -0.416668
v -0.050000 2.725000 -0.250001
v -0.050000 2.275000 -0.250001
v -0.050000 2.725000 -0.083334
v -0.050000 2.275000 -0.083334
v 0.000000 2.775000 -0.916668
v 0.000000 2.225000 -0.916668
v 0.000000 2.775000 -0.750001
v 0.000000 2.225000 -0.750001
v 0.000000 2.775000 -0.583335
v 0.000000 2.225000 -0.583335
v 0.000000 2.775000 -0.416668
v 0.000000 2.225000 -0.416668
v 0.000000 2.775000 -0.250001
v 0.000000 2.225000 -0.250001
v 0.000000 2.775000 -0.083334
v 0.000000 2.225000 -0.083334
v 0.000000 2.137500 -0.037501
v 0.000000 2.212500 -0.037501
v 0.075000 2.137500 -0.037501
v 0.150000 2.156250 -0.018751
v 0.075000 2.212500 -0.037501
v 0.075000 2.137500 -0.000001
v 0.150000 2.156250 -0.000001
v 0.150000 2.193750 -0.000001
v 0.075000 2.212500 -0.000001
v 0.150000 2.193750 -0.018751
v 0.000000 2.212500 -0.000001
v 0.000000 2.787500 -0.962501
v 0.000000 2.862500 -0.962501
v 0.075000 2.787500 -0.962501
v 0.150000 2.806250 -0.981251
v 0.075000 2.862500 -0.962501
v 0.075000 2.787500 -1.000001
v 0.150000 2.806250 -1.000001
v 0.150000 2.843750 -1.000001
v 0.075000 2.862500 -1.000001
v 0.150000 2.843750 -0.981251
v 0.000000 2.862500 -1.000001
v 0.000000 2.787500 -0.037501
v 0.000000 2.862500 -0.037501
v 0.075000 2.787500 -0.037501
v 0.150000 2.806250 -0.018751
v 0.075000 2.862500 -0.037501
v 0.075000 2.787500 -0.000001
v 0.150000 2.806250 -0.000001
v 0.150000 2.843750 -0.000001
v 0.075000 2.862500 -0.000001
v 0.150000 2.843750 -0.018751
v 0.000000 2.862500 -0.000001
v 0.000000 2.137500 -0.962501
v 0.000000 2.212500 -0.962501
v 0.075000 2.137500 -0.962501
v 0.150000 2.156250 -0.981251
v 0.075000 2.212500 -0.962501
v 0.075000 2.137500 -1.000001
v 0.150000 2.156250 -1.000001
v 0.150000 2.193750 -1.000001
v 0.075000 2.212500 -1.000001
v 0.150000 2.193750 -0.981251
v 0.000000 2.212500 -1.000001
v 0.000000 2.787500 -0.629168
v 0.000000 2.862500 -0.629168
v 0.075000 2.787500 -0.629168
v 0.150000 2.806250 -0.647918
v 0.075000 2.862500 -0.629168
v 0.075000 2.787500 -0.704168
v 0.150000 2.806250 -0.685418
v 0.075000 2.862500 -0.704168
v 0.000000 2.787500 -0.704168
v 0.000000 2.862500 -0.704168
v 0.150000 2.843750 -0.685418
v 0.150000 2.843750 -0.647918
v 0.000000 2.137500 -0.629168
v 0.000000 2.212500 -0.629168
v 0.075000 2.137500 -0.629168
v 0.150000 2.156250 -0.647918
v 0.075000 2.212500 -0.629168
v 0.075000 2.137500 -0.704168
v 0.150000 2.156250 -0.685418
v 0.075000 2.212500 -0.704168
v 0.000000 2.137500 -0.704168
v 0.000000 2.212500 -0.704168
v 0.150000 2.193750 -0.685418
v 0.150000 2.193750 -0.647918
v 0.000000 2.137500 -0.295835
v 0.000000 2.212500 -0.295835
v 0.075000 2.137500 -0.295835
v 0.150000 2.156250 -0.314585
v 0.075000 2.212500 -0.295835
v 0.075000 2.137500 -0.370835
v 0.150000 2.156250 -0.352085
v 0.075000 2.212500 -0.370835
v 0.000000 2.137500 -0.370835
v 0.000000 2.212500 -0.370835
v 0.150000 2.193750 -0.352085
v 0.150000 2.193750 -0.314585
v 0.000000 2.787500 -0.295835
v 0.000000 2.862500 -0.295835
v 0.075000 2.787500 -0.295835
v 0.150000 2.806250 -0.314585
v 0.075000 2.862500 -0.295835
v 0.075000 2.787500 -0.370835
v 0.150000 2.806250 -0.352085
v 0.075000 2.862500 -0.370835
v 0.000000 2.787500 -0.370835
v 0.000000 2.862500 -0.370835
v 0.150000 2.843750 -0.352085
v 0.150000 2.843750 -0.314585
v 0.000000 3.000000 -0.000001
v 0.000000 4.000000 -0.000001
v 0.000000 3.000000 -1.000001
v 0.000000 3.000000 -0.250001
v 0.000000 4.000000 -0.750001
v 0.000000 4.000000 -0.583335
v 0.000000 4.000000 -0.416668
v 0.000000 4.000000 -0.250001
v 0.000000 3.000000 -0.416668
v 0.000000 3.000000 -0.583335
v 0.000000 3.000000 -0.750001
v 0.000000 4.000000 -1.000001
v -0.050000 3.725000 -0.916668
v -0.050000 3.275000 -0.916668
v -0.050000 3.725000 -0.750001
v -0.050000 3.275000 -0.750001
v -0.050000 3.725000 -0.583335
v -0.050000 3.275000 -0.583335
v -0.050000 3.725000 -0.416668
v -0.050000 3.275000 -0.416668
v -0.050000 3.725000 -0.250001
v -0.050000 3.275000 -0.250001
v -0.050000 3.725000 -0.083334
v -0.050000 3.275000 -0.083334
v 0.000000 3.775000 -0.916668
v 0.000000 3.225000 -0.916668
v 0.000000 3.775000 -0.750001
v 0.000000 3.225000 -0.750001
v 0.000000 3.775000 -0.583335
v 0.000000 3.225000 -0.583335
v 0.000000 3.775000 -0.416668
v 0.000000 3.225000 -0.416668
v 0.000000 3.775000 -0.250001
v 0.000000 3.225000 -0.250001
v 0.000000 3.775000 -0.083334
v 0.000000 3.225000 -0.083334
v 0.000000 3.137500 -0.037501
v 0.000000 3.212500 -0.037501
v 0.075000 3.137500 -0.037501
v 0.150000 3.156250 -0.018751
v 0.075000 3.212500 -0.037501
v 0.075000 3.137500 -0.000001
v 0.150000 3.156250 -0.000001
v 0.150000 3.193750 -0.000001
v 0.075000 3.212500 -0.000001
v 0.150000 3.193750 -0.018751
v 0.000000 3.212500 -0.000001
v 0.000000 3.787500 -0.962501
v 0.000000 3.862500 -0.962501
v 0.075000 3.787500 -0.962501
v 0.150000 3.806250 -0.981251
v 0.075000 3.862500 -0.962501
v 0.075000 3.787500 -1.000001
v 0.150000 3.806250 -1.000001
v 0.150000 3.843750 -1.000001
v 0.075000 3.862500 -1.000001
v 0.150000 3.843750 -0.981251
v 0.000000 3.862500 -1.000001
v 0.000000 3.787500 -0.037501
v 0.000000 3.862500 -0.037501
v 0.075000 3.787500 -0.037501
v 0.150000 3.806250 -0.018751
v 0.075000 3.862500 -0.037501
v 0.075000 3.787500 -0.000001
v 0.150000 3.806250 -0.000001
v 0.150000 3.843750 -0.000001
v 0.075000 3.862500 -0.000001
v 0.150000 3.843750 -0.018751
v 0.000000 3.862500 -0.000001
v 0.000000 3.137500 -0.962501
v 0.000000 3.212500 -0.962501
v 0.075000 3.137500 -0.962501
v 0.150000 3.156250 -0.981251
v 0.075000 3.212500 -0.962501
v 0.075000 3.137500 -1.000001
v 0.150000 3.156250 -1.000001
v 0.150000 3.193750 -1.000001
v 0.075000 3.212500 -1.000001
v 0.150000 3.193750 -0.981251
v 0.000000 3.212500 -1.000001
v 0.000000 3.787500 -0.629168
v 0.000000 3.862500 -0.629168
v 0.075000 3.787500 -0.629168
v 0.150000 3.806250 -0.647918
v 0.075000 3.862500 -0.629168
v 0.075000 3.787500 -0.704168
v 0.150000 3.806250 -0.685418
v 0.075000 3.862500 -0.704168
v 0.000000 3.787500 -0.704168
v 0.000000 3.862500 -0.704168
v 0.150000 3.843750 -0.685418
v 0.150000 3.843750 -0.647918
v 0.000000 3.137500 -0.629168
v 0.000000 3.212500 -0.629168
v 0.075000 3.137500 -0.629168
v 0.150000 3.156250 -0.647918
v 0.075000 3.212500 -0.629168
v 0.075000 3.137500 -0.704168
v 0.150000 3.156250 -0.685418
v 0.075000 3.212500 -0.704168
v 0.000000 3.137500 -0.704168
v 0.000000 3.212500 -0.704168
v 0.150000 3.193750 -0.685418
v 0.150000 3.193750 -0.647918
v 0.000000 3.137500 -0.295835
v 0.000000 3.212500 -0.295835
v 0.075000 3.137500 -0.295835
v 0.150000 3.156250 -0.314585
v 0.075000 3.212500 -0.295835
v 0.075000 3.137500 -0.370835
v 0.150000 3.156250 -0.352085
v 0.075000 3.212500 -0.370835
v 0.000000 3.137500 -0.370835
v 0.000000 3.212500 -0.370835
v 0.150000 3.193750 -0.352085
v 0.150000 3.193750 -0.314585
v 0.000000 3.787500 -0.295835
v 0.000000 3.862500 -0.295835
v 0.075000 3.787500 -0.295835
v 0.150000 3.806250 -0.314585
v 0.075000 3.862500 -0.295835
v 0.075000 3.787500 -0.370835
v 0.150000 3.806250 -0.352085
v 0.075000 3.862500 -0.370835
v 0.000000 3.787500 -0.370835
v 0.000000 3.862500 -0.370835
v 0.150000 3.843750 -0.352085
v 0.150000 3.843750 -0.314585
v 0.500000 4.000000 -0.000001
v 0.500000 5.000000 -0.000001
v 0.000000 5.000000 -0.000001
v 0.000000 4.000000 -0.000001
v 0.500000 4.000000 -0.000001
v 0.500000 5.000000 -0.000001
v 0.500000 4.000000 -1.000001
v 0.500000 5.000000 -1.000001
v 0.500000 4.137499 -0.629168
v 0.500000 4.212500 -0.629168
v 0.575000 4.137499 -0.629168
v 0.650000 4.156250 -0.647918
v 0.575000 4.212500 -0.629168
v 0.575000 4.137499 -0.704168
v 0.650000 4.156250 -0.685418
v 0.575000 4.212500 -0.704168
v 0.500000 4.137499 -0.704168
v 0.500000 4.212500 -0.704168
v 0.650000 4.193749 -0.685418
v 0.650000 4.193749 -0.647918
v 0.500000 4.787499 -0.295836
v 0.500000 4.862500 -0.295836
v 0.575000 4.787499 -0.295836
v 0.650000 4.806250 -0.314586
v 0.575000 4.862500 -0.295836
v 0.575000 4.787499 -0.370836
v 0.650000 4.806250 -0.352086
v 0.575000 4.862500 -0.370836
v 0.500000 4.787499 -0.370836
v 0.500000 4.862500 -0.370836
v 0.650000 4.843750 -0.352086
v 0.650000 4.843750 -0.314586
v 0.500000 4.137499 -0.295836
v 0.500000 4.212500 -0.295836
v 0.575000 4.137499 -0.295836
v 0.650000 4.156250 -0.314586
v 0.575000 4.212500 -0.295836
v 0.575000 4.137499 -0.370836
v 0.650000 4.156250 -0.352086
v 0.575000 4.212500 -0.370836
v 0.500000 4.137499 -0.370836
v 0.500000 4.212500 -0.370836
v 0.650000 4.193749 -0.352086
v 0.650000 4.193749 -0.314586
v 0.500000 4.787499 -0.629169
v 0.500000 4.862500 -0.629169
v 0.575000 4.787499 -0.629169
v 0.650000 4.806250 -0.647919
v 0.575000 4.862500 -0.629169
v 0.575000 4.787499 -0.704169
v 0.650000 4.806250 -0.685419
v 0.575000 4.862500 -0.704169
v 0.500000 4.787499 -0.704169
v 0.500000 4.862500 -0.704169
v 0.650000 4.843750 -0.685419
v 0.650000 4.843750 -0.647919
v 1.000000 5.000000 -0.000001
v 1.000000 6.000000 -0.000001
v 1.000000 6.000000 -1.000001
v 0.000000 6.000000 -0.000001
v 0.000000 5.000000 -0.000001
v 0.000000 6.000000 -1.000001
v 1.000000 5.000000 -0.000001
v 1.000000 6.000000 -0.000001
v 1.000000 5.000000 -1.000001
v 1.000000 6.000000 -1.000001
v 1.000000 5.137499 -0.629168
v 1.000000 5.212500 -0.629168
v 1.075000 5.137499 -0.629168
v 1.150000 5.156250 -0.647918
v 1.075000 5.212500 -0.629168
v 1.075000 5.137499 -0.704168
v 1.150000 5.156250 -0.685418
v 1.075000 5.212500 -0.704168
v 1.000000 5.137499 -0.704168
v 1.000000 5.212500 -0.704168
v 1.150000 5.193749 -0.685418
v 1.150000 5.193749 -0.647918
v 1.000000 5.787499 -0.295836
v 1.000000 5.862500 -0.295836
v 1.075000 5.787499 -0.295836
v 1.150000 5.806250 -0.314586
v 1.075000 5.862500 -0.295836
v 1.075000 5.787499 -0.370836
v 1.150000 5.806250 -0.352086
v 1.075000 5.862500 -0.370836
v 1.000000 5.787499 -0.370836
v 1.000000 5.862500 -0.370836
v 1.150000 5.843750 -0.352086
v 1.150000 5.843750 -0.314586
v 1.000000 5.137499 -0.295836
v 1.000000 5.212500 -0.295836
v 1.075000 5.137499 -0.295836
v 1.150000 5.156250 -0.314586
v 1.075000 5.212500 -0.295836
v 1.075000 5.137499 -0.370836
v 1.150000 5.156250 -0.352086
v 1.075000 5.212500 -0.370836
v 1.000000 5.137499 -0.370836
v 1.000000 5.212500 -0.370836
v 1.150000 5.193749 -0.352086
v 1.150000 5.193749 -0.314586
v 1.000000 5.787499 -0.629169
v 1.000000 5.862500 -0.629169
v 1.075000 5.787499 -0.629169
v 1.150000 5.806250 -0.647919
v 1.075000 5.862500 -0.629169
v 1.075000 5.787499 -0.704169
v 1.150000 5.806250 -0.685419
v 1.075000 5.862500 -0.704169
v 1.000000 5.787499 -0.704169
v 1.000000 5.862500 -0.704169
v 1.150000 5.843750 -0.685419
v 1.150000 5.843750 -0.647919
v 0.000000 6.000000 -0.000001
v 0.000000 7.000000 -0.000001
v 0.000000 6.000000 -1.000001
v 0.000000 6.000000 -0.250001
v 0.000000 7.000000 -0.750001
v 0.000000 7.000000 -0.583335
v 0.000000 7.000000 -0.416668
v 0.000000 7.000000 -0.250001
v 0.000000 6.000000 -0.416668
v 0.000000 6.000000 -0.583335
v 0.000000 6.000000 -0.750001
v 0.000000 7.000000 -1.000001
v -0.050000 6.724999 -0.916668
v -0.050000 6.275000 -0.916668
v -0.050000 6.724999 -0.750001
v -0.050000 6.275000 -0.750001
v -0.050000 6.724999 -0.583335
v -0.050000 6.275000 -0.583335
v -0.050000 6.724999 -0.416668
v -0.050000 6.275000 -0.416668
v -0.050000 6.724999 -0.250001
v -0.050000 6.275000 -0.250001
v -0.050000 6.724999 -0.083334
v -0.050000 6.275000 -0.083334
v 0.000000 6.775000 -0.916668
v 0.000000 6.224999 -0.916668
v 0.000000 6.775000 -0.750001
v 0.000000 6.224999 -0.750001
v 0.000000 6.775000 -0.583335
v 0.000000 6.224999 -0.583335
v 0.000000 6.775000 -0.416668
v 0.000000 6.224999 -0.416668
v 0.000000 6.775000 -0.250001
v 0.000000 6.224999 -0.250001
v 0.000000 6.775000 -0.083334
v 0.000000 6.224999 -0.083334
v 0.000000 6.137499 -0.037501
v 0.000000 6.212499 -0.037501
v 0.075000 6.137499 -0.037501
v 0.150000 6.156250 -0.018751
v 0.075000 6.212499 -0.037501
v 0.075000 6.137499 -0.000001
v 0.150000 6.156250 -0.000001
v 0.150000 6.193749 -0.000001
v 0.075000 6.212499 -0.000001
v 0.150000 6.193749 -0.018751
v 0.000000 6.212499 -0.000001
v 0.000000 6.787499 -0.962501
v 0.000000 6.862500 -0.962501
v 0.075000 6.787499 -0.962501
v 0.150000 6.806250 -0.981251
v 0.075000 6.862500 -0.962501
v 0.075000 6.787499 -1.000001
v 0.150000 6.806250 -1.000001
v 0.150000 6.843750 -1.000001
v 0.075000 6.862500 -1.000001
v 0.150000 6.843750 -0.981251
v 0.000000 6.862500 -1.000001
v 0.000000 6.787499 -0.037501
v 0.000000 6.862500 -0.037501
v 0.075000 6.787499 -0.037501
v 0.150000 6.806250 -0.018751
v 0.075000 6.862500 -0.037501
v 0.075000 6.787499 -0.000001
v 0.150000 6.806250 -0.000001
v 0.150000 6.843750 -0.000001
v 0.075000 6.862500 -0.000001
v 0.150000 6.843750 -0.018751
v 0.000000 6.862500 -0.000001
v 0.000000 6.137499 -0.962501
v 0.000000 6.212499 -0.962501
v 0.075000 6.137499 -0.962501
v 0.150000 6.156250 -0.981251
v 0.075000 6.212499 -0.962501
v 0.075000 6.137499 -1.000001
v 0.150000 6.156250 -1.000001
v 0.150000 6.193749 -1.000001
v 0.075000 6.212499 -1.000001
v 0.150000 6.193749 -0.981251
v 0.000000 6.212499 -1.000001
v 0.000000 6.787499 -0.629168
v 0.000000 6.862500 -0.629168
v 0.075000 6.787499 -0.629168
v 0.150000 6.806250 -0.647918
v 0.075000 6.862500 -0.629168
v 0.075000 6.787499 -0.704168
v 0.150000 6.806250 -0.685418
v 0.075000 6.862500 -0.704168
v 0.000000 6.787499 -0.704168
v 0.000000 6.862500 -0.704168
v 0.150000 6.843750 -0.685418
v 0.150000 6.843750 -0.647918
v 0.000000 6.137499 -0.629168
v 0.000000 6.212499 -0.629168
v 0.075000 6.137499 -0.629168
v 0.150000 6.156250 -0.647918
v 0.075000 6.212499 -0.629168
v 0.075000 6.137499 -0.704168
v 0.150000 6.156250 -0.685418
v 0.075000 6.212499 -0.704168
v 0.000000 6.137499 -0.704168
v 0.000000 6.212499 -0.704168
v 0.150000 6.193749 -0.685418
v 0.150000 6.193749 -0.647918
v 0.000000 6.137499 -0.295835
v 0.000000 6.212499 -0.295835
v 0.075000 6.137499 -0.295835
v 0.150000 6.156250 -0.314585
v 0.075000 6.212499 -0.295835
v 0.075000 6.137499 -0.370835
v 0.150000 6.156250 -0.352085
v 0.075000 6.212499 -0.370835
v 0.000000 6.137499 -0.370835
v 0.000000 6.212499 -0.370835
v 0.150000 6.193749 -0.352085
v 0.150000 6.193749 -0.314585
v 0.000000 6.787499 -0.295835
v 0.000000 6.862500 -0.295835
v 0.075000 6.787499 -0.295835
v 0.150000 6.806250 -0.314585
v 0.075000 6.862500 -0.295835
v 0.075000 6.787499 -0.370835
v 0.150000 6.806250 -0.352085
v 0.075000 6.862500 -0.370835
v 0.000000 6.787499 -0.370835
v 0.000000 6.862500 -0.370835
v 0.150000 6.843750 -0.352085
v 0.150000 6.843750 -0.314585
v 1.000000 7.000000 -0.000001
v 1.000000 8.000000 -0.000001
v 1.000000 8.000000 -1.000001
v -0.000000 8.000000 -0.000001
v 0.000000 7.000000 -0.000001
v -0.000000 8.000000 -1.000001
v 1.000000 7.000000 -0.000001
v 1.000000 8.000000 -0.000001
v 1.000000 7.000000 -1.000001
v 1.000000 8.000000 -1.000001
v 1.000000 7.137499 -0.629168
v 1.000000 7.212500 -0.629168
v 1.075000 7.137499 -0.629168
v 1.150000 7.156250 -0.647918
v 1.075000 7.212500 -0.629168
v 1.075000 7.137499 -0.704168
v 1.150000 7.156250 -0.685418
v 1.075000 7.212500 -0.704168
v 1.000000 7.137499 -0.704168
v 1.000000 7.212500 -0.704168
v 1.150000 7.193749 -0.685418
v 1.150000 7.193749 -0.647918
v 1.000000 7.787499 -0.295836
v 1.000000 7.862500 -0.295836
v 1.075000 7.787499 -0.295836
v 1.150000 7.806250 -0.314586
v 1.075000 7.862500 -0.295836
v 1.075000 7.787499 -0.370836
v 1.150000 7.806250 -0.352086
v 1.075000 7.862500 -0.370836
v 1.000000 7.787499 -0.370836
v 1.000000 7.862500 -0.370836
v 1.150000 7.843750 -0.352086
v 1.150000 7.843750 -0.314586
v 1.000000 7.137499 -0.295836
v 1.000000 7.212500 -0.295836
v 1.075000 7.137499 -0.295836
v 1.150000 7.156250 -0.314586
v 1.075000 7.212500 -0.295836
v 1.075000 7.137499 -0.370836
v 1.150000 7.156250 -0.352086
v 1.075000 7.212500 -0.370836
v 1.000000 7.137499 -0.370836
v 1.000000 7.212500 -0.370836
v 1.150000 7.193749 -0.352086
v 1.150000 7.193749 -0.314586
v 1.000000 7.787499 -0.629169
v 1.000000 7.862500 -0.629169
v 1.075000 7.787499 -0.629169
v 1.150000 7.806250 -0.647919
v 1.075000 7.862500 -0.629169
v 1.075000 7.787499 -0.704169
v 1.150000 7.806250 -0.685419
v 1.075000 7.862500 -0.704169
v 1.000000 7.787499 -0.704169
v 1.000000 7.862500 -0.704169
v 1.150000 7.843750 -0.685419
v 1.150000 7.843750 -0.647919
v 0.500000 8.000000 -0.000001
v 0.500000 9.000000 -0.000001
v 0.500000 9.000000 -0.750001
v 0.500000 9.000000 -0.583335
v 0.500000 9.000000 -0.416668
v 0.500000 9.000000 -0.250001
v 0.500000 9.000000 -1.000001
v -0.000000 8.000000 -0.000001
v -0.000000 9.000000 -0.000001
v 0.000000 9.000000 -1.000001
v 0.500000 8.000000 -0.000001
v 0.500000 8.000000 -0.250001
v 0.500000 9.000000 -0.000001
v 0.500000 8.225000 -0.083334
v 0.500000 8.225000 -0.250001
v 0.500000 8.775000 -0.083334
v 0.450000 8.275000 -0.083334
v 0.450000 8.725000 -0.083334
v 0.450000 8.275000 -0.250001
v 0.450000 8.725000 -0.250001
v 0.500000 8.775000 -0.250001
v 0.500000 8.775000 -0.416668
v 0.500000 9.000000 -0.250001
v 0.500000 9.000000 -0.416668
v 0.500000 9.000000 -0.583335
v 0.500000 9.000000 -0.750001
v 0.500000 8.775000 -0.583335
v 0.500000 8.225000 -0.583335
v 0.500000 8.775000 -0.750001
v 0.450000 8.725000 -0.583335
v 0.450000 8.275000 -0.583335
v 0.450000 8.725000 -0.416668
v 0.450000 8.275000 -0.416668
v 0.500000 8.225000 -0.416668
v 0.500000 8.000000 -0.416668
v 0.500000 8.000000 -0.583335
v 0.500000 8.000000 -0.750001
v 0.500000 8.000000 -1.000001
v 0.500000 8.225000 -0.750001
v 0.500000 8.225000 -0.916668
v 0.450000 8.275000 -0.750001
v 0.450000 8.725000 -0.750001
v 0.450000 8.275000 -0.916668
v 0.450000 8.725000 -0.916668
v 0.500000 8.775000 -0.916668
v 0.500000 9.000000 -1.000001
v 0.500000 8.787500 -0.629168
v 0.500000 8.862500 -0.629168
v 0.575000 8.787500 -0.629168
v 0.650000 8.806250 -0.647918
v 0.575000 8.862500 -0.629168
v 0.575000 8.787500 -0.704168
v 0.650000 8.806250 -0.685418
v 0.575000 8.862500 -0.704168
v 0.500000 8.787500 -0.704168
v 0.500000 8.862500 -0.704168
v 0.650000 8.843750 -0.685418
v 0.650000 8.843750 -0.647918
v 0.500000 8.137500 -0.629168
v 0.500000 8.212500 -0.629168
v 0.575000 8.137500 -0.629168
v 0.650000 8.156250 -0.647918
v 0.575000 8.212500 -0.629168
v 0.575000 8.137500 -0.704168
v 0.650000 8.156250 -0.685418
v 0.575000 8.212500 -0.704168
v 0.500000 8.137500 -0.704168
v 0.500000 8.212500 -0.704168
v 0.650000 8.193749 -0.685418
v 0.650000 8.193749 -0.647918
v 0.500000 8.137500 -0.295835
v 0.500000 8.212500 -0.295835
v 0.575000 8.137500 -0.295835
v 0.650000 8.156250 -0.314585
v 0.575000 8.212500 -0.295835
v 0.575000 8.137500 -0.370835
v 0.650000 8.156250 -0.352085
v 0.575000 8.212500 -0.370835
v 0.500000 8.137500 -0.370835
v 0.500000 8.212500 -0.370835
v 0.650000 8.193749 -0.352085
v 0.650000 8.193749 -0.314585
v 0.500000 8.787500 -0.295835
v 0.500000 8.862500 -0.295835
v 0.575000 8.787500 -0.295835
v 0.650000 8.806250 -0.314585
v 0.575000 8.862500 -0.295835
v 0.575000 8.787500 -0.370835
v 0.650000 8.806250 -0.352085
v 0.575000 8.862500 -0.370835
v 0.500000 8.787500 -0.370835
v 0.500000 8.862500 -0.370835
v 0.650000 8.843750 -0.352085
v 0.650000 8.843750 -0.314585
v -0.000000 9.000000 -0.000001
v 0.000000 9.000000 -1.000001
v -0.000000 10.000000 -0.000001
v -0.000000 10.000000 -1.000001
v -0.000000 9.137500 -0.629168
v -0.000000 9.212500 -0.629168
v -0.000000 9.137500 -0.704168
v -0.000000 9.212500 -0.704168
v 0.150000 9.156250 -0.647918
v 0.075000 9.137500 -0.629168
v 0.150000 9.193749 -0.647918
v 0.075000 9.212500 -0.629168
v 0.150000 9.156250 -0.685418
v 0.075000 9.137500 -0.704168
v 0.150000 9.193749 -0.685418
v 0.075000 9.212500 -0.704168
v -0.000000 9.787500 -0.295836
v -0.000000 9.862500 -0.295836
v -0.000000 9.787500 -0.370836
v -0.000000 9.862500 -0.370836
v 0.150000 9.806250 -0.314586
v 0.075000 9.787500 -0.295836
v 0.150000 9.843750 -0.314586
v 0.075000 9.862500 -0.295836
v 0.150000 9.806250 -0.352086
v 0.075000 9.787500 -0.370836
v 0.150000 9.843750 -0.352086
v 0.075000 9.862500 -0.370836
v -0.000000 9.137500 -0.295836
v -0.000000 9.212500 -0.295836
v -0.000000 9.137500 -0.370836
v -0.000000 9.212500 -0.370836
v 0.150000 9.156250 -0.314586
v 0.075000 9.137500 -0.295836
v 0.150000 9.193749 -0.314586
v 0.075000 9.212500 -0.295836
v 0.150000 9.156250 -0.352086
v 0.075000 9.137500 -0.370836
v 0.150000 9.193749 -0.352086
v 0.075000 9.212500 -0.370836
v -0.000000 9.787500 -0.629169
v -0.000000 9.862500 -0.629169
v -0.000000 9.787500 -0.704169
v -0.000000 9.862500 -0.704169
v 0.150000 9.806250 -0.647919
v 0.075000 9.787500 -0.629169
v 0.150000 9.843750 -0.647919
v 0.075000 9.862500 -0.629169
v 0.150000 9.806250 -0.685419
v 0.075000 9.787500 -0.704169
v 0.150000 9.843750 -0.685419
v 0.075000 9.862500 -0.704169
v -0.000000 9.137500 -0.037502
v -0.000000 9.212500 -0.037502
v -0.000000 9.212500 -0.000002
v 0.150000 9.156250 -0.018752
v 0.075000 9.137500 -0.037502
v 0.150000 9.193749 -0.018752
v 0.075000 9.212500 -0.037502
v 0.075000 9.137500 -0.000002
v 0.150000 9.156250 -0.000002
v 0.150000 9.193749 -0.000002
v 0.075000 9.212500 -0.000002
v -0.000000 9.787500 -0.037502
v -0.000000 9.862500 -0.037502
v -0.000000 9.862500 -0.000002
v 0.150000 9.806250 -0.018752
v 0.075000 9.787500 -0.037502
v 0.150000 9.843750 -0.018752
v 0.075000 9.862500 -0.037502
v 0.075000 9.787500 -0.000002
v 0.150000 9.806250 -0.000002
v 0.150000 9.843750 -0.000002
v 0.075000 9.862500 -0.000002
v -0.000000 9.137500 -0.962502
v -0.000000 9.212500 -0.962502
v -0.000000 9.212500 -1.000002
v 0.150000 9.156250 -0.981252
v 0.075000 9.137500 -0.962502
v 0.150000 9.193749 -0.981252
v 0.075000 9.212500 -0.962502
v 0.150000 9.156250 -1.000002
v 0.075000 9.137500 -1.000002
v 0.075000 9.212500 -1.000002
v 0.150000 9.193749 -1.000002
v -0.000000 9.787500 -0.962502
v -0.000000 9.862500 -0.962502
v -0.000000 9.862500 -1.000002
v 0.150000 9.806250 -0.981252
v 0.075000 9.787500 -0.962502
v 0.150000 9.843750 -0.981252
v 0.075000 9.862500 -0.962502
v 0.150000 9.806250 -1.000002
v 0.075000 9.787500 -1.000002
v 0.075000 9.862500 -1.000002
v 0.150000 9.843750 -1.000002
v 0.500000 10.000000 -0.000001
v 0.500000 11.000000 -0.000001
v 0.500000 11.000000 -1.000001
v -0.000000 11.000000 -0.000001
v 0.000000 10.000000 -0.000001
v -0.000000 11.000000 -1.000001
v 0.500000 10.000000 -0.000001
v 0.500000 11.000000 -0.000001
v 0.500000 10.000000 -1.000001
v 0.500000 11.000000 -1.000001
v 0.500000 10.137500 -0.629168
v 0.500000 10.212500 -0.629168
v 0.575000 10.137500 -0.629168
v 0.650000 10.156250 -0.647918
v 0.575000 10.212500 -0.629168
v 0.575000 10.137500 -0.704168
v 0.650000 10.156250 -0.685418
v 0.575000 10.212500 -0.704168
v 0.500000 10.137500 -0.704168
v 0.500000 10.212500 -0.704168
v 0.650000 10.193749 -0.685418
v 0.650000 10.193749 -0.647918
v 0.500000 10.787500 -0.295836
v 0.500000 10.862500 -0.295836
v 0.575000 10.787500 -0.295836
v 0.650000 10.806250 -0.314586
v 0.575000 10.862500 -0.295836
v 0.575000 10.787500 -0.370836
v 0.650000 10.806250 -0.352086
v 0.575000 10.862500 -0.370836
v 0.500000 10.787500 -0.370836
v 0.500000 10.862500 -0.370836
v 0.650000 10.843750 -0.352086
v 0.650000 10.843750 -0.314586
v 0.500000 10.137500 -0.295836
v 0.500000 10.212500 -0.295836
v 0.575000 10.137500 -0.295836
v 0.650000 10.156250 -0.314586
v 0.575000 10.212500 -0.295836
v 0.575000 10.137500 -0.370836
v 0.650000 10.156250 -0.352086
v 0.575000 10.212500 -0.370836
v 0.500000 10.137500 -0.370836
v 0.500000 10.212500 -0.370836
v 0.650000 10.193749 -0.352086
v 0.650000 10.193749 -0.314586
v 0.500000 10.787500 -0.629169
v 0.500000 10.862500 -0.629169
v 0.575000 10.787500 -0.629169
v 0.650000 10.806250 -0.647919
v 0.575000 10.862500 -0.629169
v 0.575000 10.787500 -0.704169
v 0.650000 10.806250 -0.685419
v 0.575000 10.862500 -0.704169
v 0.500000 10.787500 -0.704169
v 0.500000 10.862500 -0.704169
v 0.650000 10.843750 -0.685419
v 0.650000 10.843750 -0.647919
v -0.000000 11.000000 -0.000001
v -0.000000 11.000000 -1.000001
v -0.000000 12.000000 -0.000001
v -0.000000 12.000000 -1.000001
v -0.000000 11.137500 -0.629168
v -0.000000 11.212500 -0.629168
v -0.000000 11.137500 -0.704168
v -0.000000 11.212500 -0.704168
v 0.150000 11.156250 -0.647918
v 0.075000 11.137500 -0.629168
v 0.150000 11.193749 -0.647918
v 0.075000 11.212500 -0.629168
v 0.150000 11.156250 -0.685418
v 0.075000 11.137500 -0.704168
v 0.150000 11.193749 -0.685418
v 0.075000 11.212500 -0.704168
v -0.000000 11.787500 -0.295836
v -0.000000 11.862500 -0.295836
v -0.000000 11.787500 -0.370836
v -0.000000 11.862500 -0.370836
v 0.150000 11.806250 -0.314586
v 0.075000 11.787500 -0.295836
v 0.150000 11.843750 -0.314586
v 0.075000 11.862500 -0.295836
v 0.150000 11.806250 -0.352086
v 0.075000 11.787500 -0.370836
v 0.150000 11.843750 -0.352086
v 0.075000 11.862500 -0.370836
v -0.000000 11.137500 -0.295836
v -0.000000 11.212500 -0.295836
v -0.000000 11.137500 -0.370836
v -0.000000 11.212500 -0.370836
v 0.150000 11.156250 -0.314586
v 0.075000 11.137500 -0.295836
v 0.150000 11.193749 -0.314586
v 0.075000 11.212500 -0.295836
v 0.150000 11.156250 -0.352086
v 0.075000 11.137500 -0.370836
v 0.150000 11.193749 -0.352086
v 0.075000 11.212500 -0.370836
v -0.000000 11.787500 -0.629169
v -0.000000 11.862500 -0.629169
v -0.000000 11.787500 -0.704169
v -0.000000 11.862500 -0.704169
v 0.150000 11.806250 -0.647919
v 0.075000 11.787500 -0.629169
v 0.150000 11.843750 -0.647919
v 0.075000 11.862500 -0.629169
v 0.150000 11.806250 -0.685419
v 0.075000 11.787500 -0.704169
v 0.150000 11.843750 -0.685419
v 0.075000 11.862500 -0.704169
v -0.000000 11.137500 -0.037502
v -0.000000 11.212500 -0.037502
v -0.000000 11.212500 -0.000002
v 0.150000 11.156250 -0.018752
v 0.075000 11.137500 -0.037502
v 0.150000 11.193749 -0.018752
v 0.075000 11.212500 -0.037502
v 0.075000 11.137500 -0.000002
v 0.150000 11.156250 -0.000002
v 0.150000 11.193749 -0.000002
v 0.075000 11.212500 -0.000002
v -0.000000 11.787500 -0.037502
v -0.000000 11.862500 -0.037502
v -0.000000 11.862500 -0.000002
v 0.150000 11.806250 -0.018752
v 0.075000 11.787500 -0.037502
v 0.150000 11.843750 -0.018752
v 0.075000 11.862500 -0.037502
v 0.075000 11.787500 -0.000002
v 0.150000 11.806250 -0.000002
v 0.150000 11.843750 -0.000002
v 0.075000 11.862500 -0.000002
v -0.000000 11.137500 -0.962502
v -0.000000 11.212500 -0.962502
v -0.000000 11.212500 -1.000002
v 0.150000 11.156250 -0.981252
v 0.075000 11.137500 -0.962502
v 0.150000 11.193749 -0.981252
v 0.075000 11.212500 -0.962502
v 0.150000 11.156250 -1.000002
v 0.075000 11.137500 -1.000002
v 0.075000 11.212500 -1.000002
v 0.150000 11.193749 -1.000002
v -0.000000 11.787500 -0.962502
v -0.000000 11.862500 -0.962502
v -0.000000 11.862500 -1.000002
v 0.150000 11.806250 -0.981252
v 0.075000 11.787500 -0.962502
v 0.150000 11.843750 -0.981252
v 0.075000 11.862500 -0.962502
v 0.150000 11.806250 -1.000002
v 0.075000 11.787500 -1.000002
v 0.075000 11.862500 -1.000002
v 0.150000 11.843750 -1.000002
v -0.000000 12.000000 -0.000001
v -0.000000 13.000000 -0.000001
v -0.000000 12.000000 -1.000001
v -0.000000 12.000000 -0.250001
v -0.000000 13.000000 -0.750001
v -0.000000 13.000000 -0.583335
v -0.000000 13.000000 -0.416668
v -0.000000 13.000000 -0.250001
v -0.000000 12.000000 -0.416668
v -0.000000 12.000000 -0.583335
v -0.000000 12.000000 -0.750001
v -0.000000 13.000000 -1.000001
v -0.050000 12.725000 -0.916668
v -0.050000 12.275000 -0.916668
v -0.050000 12.725000 -0.750001
v -0.050000 12.275000 -0.750001
v -0.050000 12.725000 -0.583335
v -0.050000 12.275000 -0.583335
v -0.050000 12.725000 -0.416668
v -0.050000 12.275000 -0.416668
v -0.050000 12.725000 -0.250001
v -0.050000 12.275000 -0.250001
v -0.050000 12.725000 -0.083334
v -0.050000 12.275000 -0.083334
v -0.000000 12.775000 -0.916668
v -0.000000 12.225000 -0.916668
v -0.000000 12.775000 -0.750001
v -0.000000 12.225000 -0.750001
v -0.000000 12.775000 -0.583335
v -0.000000 12.225000 -0.583335
v -0.000000 12.775000 -0.416668
v -0.000000 12.225000 -0.416668
v -0.000000 12.775000 -0.250001
v -0.000000 12.225000 -0.250001
v -0.000000 12.775000 -0.083334
v -0.000000 12.225000 -0.083334
v -0.000000 12.137500 -0.037501
v -0.000000 12.212500 -0.037501
v 0.075000 12.137500 -0.037501
v 0.150000 12.156250 -0.018751
v 0.075000 12.212500 -0.037501
v 0.075000 12.137500 -0.000001
v 0.150000 12.156250 -0.000001
v 0.150000 12.193749 -0.000001
v 0.075000 12.212500 -0.000001
v 0.150000 12.193749 -0.018751
v -0.000000 12.212500 -0.000001
v -0.000000 12.787500 -0.962501
v -0.000000 12.862500 -0.962501
v 0.075000 12.787500 -0.962501
v 0.150000 12.806250 -0.981251
v 0.075000 12.862500 -0.962501
v 0.075000 12.787500 -1.000001
v 0.150000 12.806250 -1.000001
v 0.150000 12.843750 -1.000001
v 0.075000 12.862500 -1.000001
v 0.150000 12.843750 -0.981251
v -0.000000 12.862500 -1.000001
v -0.000000 12.787500 -0.037501
v -0.000000 12.862500 -0.037501
v 0.075000 12.787500 -0.037501
v 0.150000 12.806250 -0.018751
v 0.075000 12.862500 -0.037501
v 0.075000 12.787500 -0.000001
v 0.150000 12.806250 -0.000001
v 0.150000 12.843750 -0.000001
v 0.075000 12.862500 -0.000001
v 0.150000 12.843750 -0.018751
v -0.000000 12.862500 -0.000001
v -0.000000 12.137500 -0.962501
v -0.000000 12.212500 -0.962501
v 0.075000 12.137500 -0.962501
v 0.150000 12.156250 -0.981251
v 0.075000 12.212500 -0.962501
v 0.075000 12.137500 -1.000001
v 0.150000 12.156250 -1.000001
v 0.150000 12.193749 -1.000001
v 0.075000 12.212500 -1.000001
v 0.150000 12.193749 -0.981251
v -0.000000 12.212500 -1.000001
v -0.000000 12.787500 -0.629168
v -0.000000 12.862500 -0.629168
v 0.075000 12.787500 -0.629168
v 0.150000 12.806250 -0.647918
v 0.075000 12.862500 -0.629168
v 0.075000 12.787500 -0.704168
v 0.150000 12.806250 -0.685418
v 0.075000 12.862500 -0.704168
v -0.000000 12.787500 -0.704168
v -0.000000 12.862500 -0.704168
v 0.150000 12.843750 -0.685418
v 0.150000 12.843750 -0.647918
v -0.000000 12.137500 -0.629168
v -0.000000 12.212500 -0.629168
v 0.075000 12.137500 -0.629168
v 0.150000 12.156250 -0.647918
v 0.075000 12.212500 -0.629168
v 0.075000 12.137500 -0.704168
v 0.150000 12.156250 -0.685418
v 0.075000 12.212500 -0.704168
v -0.000000 12.137500 -0.704168
v -0.000000 12.212500 -0.704168
v 0.150000 12.193749 -0.685418
v 0.150000 12.193749 -0.647918
v -0.000000 12.137500 -0.295835
v -0.000000 12.212500 -0.295835
v 0.075000 12.137500 -0.295835
v 0.150000 12.156250 -0.314585
v 0.075000 12.212500 -0.295835
v 0.075000 12.137500 -0.370835
v 0.150000 12.156250 -0.352085
v 0.075000 12.212500 -0.370835
v -0.000000 12.137500 -0.370835
v -0.000000 12.212500 -0.370835
v 0.150000 12.193749 -0.352085
v 0.150000 12.193749 -0.314585
v -0.000000 12.787500 -0.295835
v -0.000000 12.862500 -0.295835
v 0.075000 12.787500 -0.295835
v 0.150000 12.806250 -0.314585
v 0.075000 12.862500 -0.295835
v 0.075000 12.787500 -0.370835
v 0.150000 12.806250 -0.352085
v 0.075000 12.862500 -0.370835
v -0.000000 12.787500 -0.370835
v -0.000000 12.862500 -0.370835
v 0.150000 12.843750 -0.352085
v 0.150000 12.843750 -0.314585
v 1.000000 13.000000 -0.000001
v 1.000000 14.000000 -0.000001
v 1.000000 14.000000 -0.750001
v 1.000000 14.000000 -0.583335
v 1.000000 14.000000 -0.416668
v 1.000000 14.000000 -0.250001
v 1.000000 14.000000 -1.000001
v -0.000000 13.000000 -0.000001
v -0.000000 14.000000 -0.000001
v -0.000000 14.000000 -1.000001
v 1.000000 13.000000 -0.000001
v 1.000000 13.000000 -0.250001
v 1.000000 14.000000 -0.000001
v 1.000000 13.225000 -0.083334
v 1.000000 13.225000 -0.250001
v 1.000000 13.775000 -0.083334
v 0.950000 13.275000 -0.083334
v 0.950000 13.725000 -0.083334
v 0.950000 13.275000 -0.250001
v 0.950000 13.725000 -0.250001
v 1.000000 13.775000 -0.250001
v 1.000000 13.775000 -0.416668
v 1.000000 14.000000 -0.250001
v 1.000000 14.000000 -0.416668
v 1.000000 14.000000 -0.583335
v 1.000000 14.000000 -0.750001
v 1.000000 13.775000 -0.583335
v 1.000000 13.225000 -0.583335
v 1.000000 13.775000 -0.750001
v 0.950000 13.725000 -0.583335
v 0.950000 13.275000 -0.583335
v 0.950000 13.725000 -0.416668
v 0.950000 13.275000 -0.416668
v 1.000000 13.225000 -0.416668
v 1.000000 13.000000 -0.416668
v 1.000000 13.000000 -0.583335
v 1.000000 13.000000 -0.750001
v 1.000000 13.000000 -1.000001
v 1.000000 13.225000 -0.750001
v 1.000000 13.225000 -0.916668
v 0.950000 13.275000 -0.750001
v 0.950000 13.725000 -0.750001
v 0.950000 13.275000 -0.916668
v 0.950000 13.725000 -0.916668
v 1.000000 13.775000 -0.916668
v 1.000000 14.000000 -1.000001
v 1.000000 13.787500 -0.629168
v 1.000000 13.862500 -0.629168
v 1.075000 13.787500 -0.629168
v 1.150000 13.806250 -0.647918
v 1.075000 13.862500 -0.629168
v 1.075000 13.787500 -0.704168
v 1.150000 13.806250 -0.685418
v 1.075000 13.862500 -0.704168
v 1.000000 13.787500 -0.704168
v 1.000000 13.862500 -0.704168
v 1.150000 13.843750 -0.685418
v 1.150000 13.843750 -0.647918
v 1.000000 13.137500 -0.629168
v 1.000000 13.212500 -0.629168
v 1.075000 13.137500 -0.629168
v 1.150000 13.156250 -0.647918
v 1.075000 13.212500 -0.629168
v 1.075000 13.137500 -0.704168
v 1.150000 13.156250 -0.685418
v 1.075000 13.212500 -0.704168
v 1.000000 13.137500 -0.704168
v 1.000000 13.212500 -0.704168
v 1.150000 13.193749 -0.685418
v 1.150000 13.193749 -0.647918
v 1.000000 13.137500 -0.295835
v 1.000000 13.212500 -0.295835
v 1.075000 13.137500 -0.295835
v 1.150000 13.156250 -0.314585
v 1.075000 13.212500 -0.295835
v 1.075000 13.137500 -0.370835
v 1.150000 13.156250 -0.352085
v 1.075000 13.212500 -0.370835
v 1.000000 13.137500 -0.370835
v 1.000000 13.212500 -0.370835
v 1.150000 13.193749 -0.352085
v 1.150000 13.193749 -0.314585
v 1.000000 13.787500 -0.295835
v 1.000000 13.862500 -0.295835
v 1.075000 13.787500 -0.295835
v 1.150000 13.806250 -0.314585
v 1.075000 13.862500 -0.295835
v 1.075000 13.787500 -0.370835
v 1.150000 13.806250 -0.352085
v 1.075000 13.862500 -0.370835
v 1.000000 13.787500 -0.370835
v 1.000000 13.862500 -0.370835
v 1.150000 13.843750 -0.352085
v 1.150000 13.843750 -0.314585
v 1.000000 1.000000 -1.000001
v 1.000000 1.000000 -2.000001
v 1.000000 2.000000 -1.000001
v 1.000000 2.000000 -2.000001
v 0.000000 2.000000 -1.000001
v 0.000000 1.000000 -1.000001
v 0.000000 1.000000 -2.000001
v 0.000000 2.000000 -2.000001
v 1.000000 1.000000 -1.000001
v 1.000000 2.000000 -1.000001
v 1.000000 1.000000 -2.000001
v 1.000000 2.000000 -2.000001
v 1.000000 1.137500 -1.629168
v 1.000000 1.212500 -1.629168
v 1.075000 1.137500 -1.629168
v 1.150000 1.156250 -1.647918
v 1.075000 1.212500 -1.629168
v 1.075000 1.137500 -1.704168
v 1.150000 1.156250 -1.685418
v 1.075000 1.212500 -1.704168
v 1.000000 1.137500 -1.704168
v 1.000000 1.212500 -1.704168
v 1.150000 1.193750 -1.685418
v 1.150000 1.193750 -1.647918
v 1.000000 1.787500 -1.295836
v 1.000000 1.862500 -1.295836
v 1.075000 1.787500 -1.295836
v 1.150000 1.806250 -1.314586
v 1.075000 1.862500 -1.295836
v 1.075000 1.787500 -1.370836
v 1.150000 1.806250 -1.352086
v 1.075000 1.862500 -1.370836
v 1.000000 1.787500 -1.370836
v 1.000000 1.862500 -1.370836
v 1.150000 1.843750 -1.352086
v 1.150000 1.843750 -1.314586
v 1.000000 1.137500 -1.295836
v 1.000000 1.212500 -1.295836
v 1.075000 1.137500 -1.295836
v 1.150000 1.156250 -1.314586
v 1.075000 1.212500 -1.295836
v 1.075000 1.137500 -1.370836
v 1.150000 1.156250 -1.352086
v 1.075000 1.212500 -1.370836
v 1.000000 1.137500 -1.370836
v 1.000000 1.212500 -1.370836
v 1.150000 1.193750 -1.352086
v 1.150000 1.193750 -1.314586
v 1.000000 1.787500 -1.629169
v 1.000000 1.862500 -1.629169
v 1.075000 1.787500 -1.629169
v 1.150000 1.806250 -1.647919
v 1.075000 1.862500 -1.629169
v 1.075000 1.787500 -1.704169
v 1.150000 1.806250 -1.685419
v 1.075000 1.862500 -1.704169
v 1.000000 1.787500 -1.704169
v 1.000000 1.862500 -1.704169
v 1.150000 1.843750 -1.685419
v 1.150000 1.843750 -1.647919
v 0.000000 2.000000 -1.000001
v 0.000000 3.000000 -1.000001
v 0.000000 2.000000 -2.000001
v 0.000000 2.000000 -1.250001
v 0.000000 3.000000 -1.750001
v 0.000000 3.000000 -1.583335
v 0.000000 3.000000 -1.416668
v 0.000000 3.000000 -1.250001
v 0.000000 2.000000 -1.416668
v 0.000000 2.000000 -1.583335
v 0.000000 2.000000 -1.750001
v 0.000000 3.000000 -2.000001
v -0.050000 2.725000 -1.916668
v -0.050000 2.275000 -1.916668
v -0.050000 2.725000 -1.750001
v -0.050000 2.275000 -1.750001
v -0.050000 2.725000 -1.583335
v -0.050000 2.275000 -1.583335
v -0.050000 2.725000 -1.416668
v -0.050000 2.275000 -1.416668
v -0.050000 2.725000 -1.250001
v -0.050000 2.275000 -1.250001
v -0.050000 2.725000 -1.083334
v -0.050000 2.275000 -1.083334
v 0.000000 2.775000 -1.916668
v 0.000000 2.225000 -1.916668
v 0.000000 2.775000 -1.750001
v 0.000000 2.225000 -1.750001
v 0.000000 2.775000 -1.583335
v 0.000000 2.225000 -1.583335
v 0.000000 2.775000 -1.416668
v 0.000000 2.225000 -1.416668
v 0.000000 2.775000 -1.250001
v 0.000000 2.225000 -1.250001
v 0.000000 2.775000 -1.083334
v 0.000000 2.225000 -1.083334
v 0.000000 2.137500 -1.037501
v 0.000000 2.212500 -1.037501
v 0.075000 2.137500 -1.037501
v 0.150000 2.156250 -1.018751
v 0.075000 2.212500 -1.037501
v 0.075000 2.137500 -1.000001
v 0.150000 2.156250 -1.000001
v 0.150000 2.193750 -1.000001
v 0.075000 2.212500 -1.000001
v 0.150000 2.193750 -1.018751
v 0.000000 2.212500 -1.000001
v 0.000000 2.787500 -1.962501
v 0.000000 2.862500 -1.962501
v 0.075000 2.787500 -1.962501
v 0.150000 2.806250 -1.981251
v 0.075000 2.862500 -1.962501
v 0.075000 2.787500 -2.000001
v 0.150000 2.806250 -2.000001
v 0.150000 2.843750 -2.000001
v 0.075000 2.862500 -2.000001
v 0.150000 2.843750 -1.981251
v 0.000000 2.862500 -2.000001
v 0.000000 2.787500 -1.037501
v 0.000000 2.862500 -1.037501
v 0.075000 2.787500 -1.037501
v 0.150000 2.806250 -1.018751
v 0.075000 2.862500 -1.037501
v 0.075000 2.787500 -1.000001
v 0.150000 2.806250 -1.000001
v 0.150000 2.843750 -1.000001
v 0.075000 2.862500 -1.000001
v 0.150000 2.843750 -1.018751
v 0.000000 2.862500 -1.000001
v 0.000000 2.137500 -1.962501
v 0.000000 2.212500 -1.962501
v 0.075000 2.137500 -1.962501
v 0.150000 2.156250 -1.981251
v 0.075000 2.212500 -1.962501
v 0.075000 2.137500 -2.000001
v 0.150000 2.156250 -2.000001
v 0.150000 2.193750 -2.000001
v 0.075000 2.212500 -2.000001
v 0.150000 2.193750 -1.981251
v 0.000000 2.212500 -2.000001
v 0.000000 2.787500 -1.629168
v 0.000000 2.862500 -1.629168
v 0.075000 2.787500 -1.629168
v 0.150000 2.806250 -1.647918
v 0.075000 2.862500 -1.629168
v 0.075000 2.787500 -1.704168
v 0.150000 2.806250 -1.685418
v 0.075000 2.862500 -1.704168
v 0.000000 2.787500 -1.704168
v 0.000000 2.862500 -1.704168
v 0.150000 2.843750 -1.685418
v 0.150000 2.843750 -1.647918
v 0.000000 2.137500 -1.629168
v 0.000000 2.212500 -1.629168
v 0.075000 2.137500 -1.629168
v 0.150000 2.156250 -1.647918
v 0.075000 2.212500 -1.629168
v 0.075000 2.137500 -1.704168
v 0.150000 2.156250 -1.685418
v 0.075000 2.212500 -1.704168
v 0.000000 2.137500 -1.704168
v 0.000000 2.212500 -1.704168
v 0.150000 2.193750 -1.685418
v 0.150000 2.193750 -1.647918
v 0.000000 2.137500 -1.295835
v 0.000000 2.212500 -1.295835
v 0.075000 2.137500 -1.295835
v 0.150000 2.156250 -1.314585
v 0.075000 2.212500 -1.295835
v 0.075000 2.137500 -1.370835
v 0.150000 2.156250 -1.352085
v 0.075000 2.212500 -1.370835
v 0.000000 2.137500 -1.370835
v 0.000000 2.212500 -1.370835
v 0.150000 2.193750 -1.352085
v 0.150000 2.193750 -1.314585
v 0.000000 2.787500 -1.295835
v 0.000000 2.862500 -1.295835
v 0.075000 2.787500 -1.295835
v 0.150000 2.806250 -1.314585
v 0.075000 2.862500 -1.295835
v 0.075000 2.787500 -1.370835
v 0.150000 2.806250 -1.352085
v 0.075000 2.862500 -1.370835
v 0.000000 2.787500 -1.370835
v 0.000000 2.862500 -1.370835
v 0.150000 2.843750 -1.352085
v 0.150000 2.843750 -1.314585
v 0.500000 3.000000 -1.000001
v 0.500000 3.000000 -2.000001
v 0.500000 4.000000 -1.000001
v 0.500000 4.000000 -2.000001
v 0.000000 4.000000 -1.000001
v 0.000000 3.000000 -1.000001
v 0.000000 3.000000 -2.000001
v 0.000000 4.000000 -2.000001
v 0.500000 3.000000 -1.000001
v 0.500000 4.000000 -1.000001
v 0.500000 3.000000 -2.000001
v 0.500000 4.000000 -2.000001
v 0.500000 3.137500 -1.629168
v 0.500000 3.212500 -1.629168
v 0.575000 3.137500 -1.629168
v 0.650000 3.156250 -1.647918
v 0.575000 3.212500 -1.629168
v 0.575000 3.137500 -1.704168
v 0.650000 3.156250 -1.685418
v 0.575000 3.212500 -1.704168
v 0.500000 3.137500 -1.704168
v 0.500000 3.212500 -1.704168
v 0.650000 3.193750 -1.685418
v 0.650000 3.193750 -1.647918
v 0.500000 3.787500 -1.295836
v 0.500000 3.862500 -1.295836
v 0.575000 3.787500 -1.295836
v 0.650000 3.806250 -1.314586
v 0.575000 3.862500 -1.295836
v 0.575000 3.787500 -1.370836
v 0.650000 3.806250 -1.352086
v 0.575000 3.862500 -1.370836
v 0.500000 3.787500 -1.370836
v 0.500000 3.862500 -1.370836
v 0.650000 3.843750 -1.352086
v 0.650000 3.843750 -1.314586
v 0.500000 3.137500 -1.295836
v 0.500000 3.212500 -1.295836
v 0.575000 3.137500 -1.295836
v 0.650000 3.156250 -1.314586
v 0.575000 3.212500 -1.295836
v 0.575000 3.137500 -1.370836
v 0.650000 3.156250 -1.352086
v 0.575000 3.212500 -1.370836
v 0.500000 3.137500 -1.370836
v 0.500000 3.212500 -1.370836
v 0.650000 3.193750 -1.352086
v 0.650000 3.193750 -1.314586
v 0.500000 3.787500 -1.629169
v 0.500000 3.862500 -1.629169
v 0.575000 3.787500 -1.629169
v 0.650000 3.806250 -1.647919
v 0.575000 3.862500 -1.629169
v 0.575000 3.787500 -1.704169
v 0.650000 3.806250 -1.685419
v 0.575000 3.862500 -1.704169
v 0.500000 3.787500 -1.704169
v 0.500000 3.862500 -1.704169
v 0.650000 3.843750 -1.685419
v 0.650000 3.843750 -1.647919
v 1.000000 4.000000 -1.000001
v 1.000000 5.000000 -1.000001
v 0.000000 4.000000 -1.000001
v 0.000000 5.000000 -1.000001
v 1.000000 4.000000 -1.000001
v 1.000000 4.000000 -1.250001
v 1.000000 5.000000 -1.000001
v 1.000000 4.224999 -1.083334
v 1.000000 4.224999 -1.250001
v 1.000000 4.775000 -1.083334
v 0.950000 4.275000 -1.083334
v 0.950000 4.724999 -1.083334
v 0.950000 4.275000 -1.250001
v 0.950000 4.724999 -1.250001
v 1.000000 4.775000 -1.250001
v 1.000000 4.775000 -1.416668
v 1.000000 5.000000 -1.250001
v 1.000000 5.000000 -1.416668
v 1.000000 5.000000 -1.583335
v 1.000000 5.000000 -1.750001
v 1.000000 4.775000 -1.583335
v 1.000000 4.224999 -1.583335
v 1.000000 4.775000 -1.750001
v 0.950000 4.724999 -1.583335
v 0.950000 4.275000 -1.583335
v 0.950000 4.724999 -1.416668
v 0.950000 4.275000 -1.416668
v 1.000000 4.224999 -1.416668
v 1.000000 4.000000 -1.416668
v 1.000000 4.000000 -1.583335
v 1.000000 4.000000 -1.750001
v 1.000000 4.000000 -2.000001
v 1.000000 4.224999 -1.750001
v 1.000000 4.224999 -1.916668
v 0.950000 4.275000 -1.750001
v 0.950000 4.724999 -1.750001
v 0.950000 4.275000 -1.916668
v 0.950000 4.724999 -1.916668
v 1.000000 4.775000 -1.916668
v 1.000000 5.000000 -2.000001
v 1.000000 4.787499 -1.629168
v 1.000000 4.862500 -1.629168
v 1.075000 4.787499 -1.629168
v 1.150000 4.806250 -1.647918
v 1.075000 4.862500 -1.629168
v 1.075000 4.787499 -1.704168
v 1.150000 4.806250 -1.685418
v 1.075000 4.862500 -1.704168
v 1.000000 4.787499 -1.704168
v 1.000000 4.862500 -1.704168
v 1.150000 4.843750 -1.685418
v 1.150000 4.843750 -1.647918
v 1.000000 4.137499 -1.629168
v 1.000000 4.212499 -1.629168
v 1.075000 4.137499 -1.629168
v 1.150000 4.156250 -1.647918
v 1.075000 4.212499 -1.629168
v 1.075000 4.137499 -1.704168
v 1.150000 4.156250 -1.685418
v 1.075000 4.212499 -1.704168
v 1.000000 4.137499 -1.704168
v 1.000000 4.212499 -1.704168
v 1.150000 4.193749 -1.685418
v 1.150000 4.193749 -1.647918
v 1.000000 4.137499 -1.295835
v 1.000000 4.212499 -1.295835
v 1.075000 4.137499 -1.295835
v 1.150000 4.156250 -1.314585
v 1.075000 4.212499 -1.295835
v 1.075000 4.137499 -1.370835
v 1.150000 4.156250 -1.352085
v 1.075000 4.212499 -1.370835
v 1.000000 4.137499 -1.370835
v 1.000000 4.212499 -1.370835
v 1.150000 4.193749 -1.352085
v 1.150000 4.193749 -1.314585
v 1.000000 4.787499 -1.295835
v 1.000000 4.862500 -1.295835
v 1.075000 4.787499 -1.295835
v 1.150000 4.806250 -1.314585
v 1.075000 4.862500 -1.295835
v 1.075000 4.787499 -1.370835
v 1.150000 4.806250 -1.352085
v 1.075000 4.862500 -1.370835
v 1.000000 4.787499 -1.370835
v 1.000000 4.862500 -1.370835
v 1.150000 4.843750 -1.352085
v 1.150000 4.843750 -1.314585
v 1.000000 6.000000 -1.000001
v -0.000000 6.000000 -1.000001
v -0.000000 6.000000 -2.000001
v 1.000000 6.000000 -2.000001
v 1.000000 5.000000 -1.000001
v 1.000000 6.000000 -1.000001
v 1.000000 5.000000 -2.000001
v 1.000000 6.000000 -2.000001
v 1.000000 5.137499 -1.629168
v 1.000000 5.212499 -1.629168
v 1.075000 5.137499 -1.629168
v 1.150000 5.156250 -1.647918
v 1.075000 5.212499 -1.629168
v 1.075000 5.137499 -1.704168
v 1.150000 5.156250 -1.685418
v 1.075000 5.212499 -1.704168
v 1.000000 5.137499 -1.704168
v 1.000000 5.212499 -1.704168
v 1.150000 5.193749 -1.685418
v 1.150000 5.193749 -1.647918
v 1.000000 5.787499 -1.295836
v 1.000000 5.862500 -1.295836
v 1.075000 5.787499 -1.295836
v 1.150000 5.806250 -1.314586
v 1.075000 5.862500 -1.295836
v 1.075000 5.787499 -1.370836
v 1.150000 5.806250 -1.352086
v 1.075000 5.862500 -1.370836
v 1.000000 5.787499 -1.370836
v 1.000000 5.862500 -1.370836
v 1.150000 5.843750 -1.352086
v 1.150000 5.843750 -1.314586
v 1.000000 5.137499 -1.295836
v 1.000000 5.212499 -1.295836
v 1.075000 5.137499 -1.295836
v 1.150000 5.156250 -1.314586
v 1.075000 5.212499 -1.295836
v 1.075000 5.137499 -1.370836
v 1.150000 5.156250 -1.352086
v 1.075000 5.212499 -1.370836
v 1.000000 5.137499 -1.370836
v 1.000000 5.212499 -1.370836
v 1.150000 5.193749 -1.352086
v 1.150000 5.193749 -1.314586
v 1.000000 5.787499 -1.629169
v 1.000000 5.862500 -1.629169
v 1.075000 5.787499 -1.629169
v 1.150000 5.806250 -1.647919
v 1.075000 5.862500 -1.629169
v 1.075000 5.787499 -1.704169
v 1.150000 5.806250 -1.685419
v 1.075000 5.862500 -1.704169
v 1.000000 5.787499 -1.704169
v 1.000000 5.862500 -1.704169
v 1.150000 5.843750 -1.685419
v 1.150000 5.843750 -1.647919
v 0.000000 6.000000 -1.000001
v 0.000000 7.000000 -1.000001
v 0.000000 6.000000 -2.000001
v 0.000000 6.000000 -1.250001
v 0.000000 7.000000 -1.750001
v 0.000000 7.000000 -1.583335
v 0.000000 7.000000 -1.416668
v 0.000000 7.000000 -1.250001
v 0.000000 6.000000 -1.416668
v 0.000000 6.000000 -1.583335
v 0.000000 6.000000 -1.750001
v 0.000000 7.000000 -2.000001
v -0.050000 6.724999 -1.916668
v -0.050000 6.275000 -1.916668
v -0.050000 6.724999 -1.750001
v -0.050000 6.275000 -1.750001
v -0.050000 6.724999 -1.583335
v -0.050000 6.275000 -1.583335
v -0.050000 6.724999 -1.416668
v -0.050000 6.275000 -1.416668
v -0.050000 6.724999 -1.250001
v -0.050000 6.275000 -1.250001
v -0.050000 6.724999 -1.083334
v -0.050000 6.275000 -1.083334
v 0.000000 6.775000 -1.916668
v 0.000000 6.224999 -1.916668
v 0.000000 6.775000 -1.750001
v 0.000000 6.224999 -1.750001
v 0.000000 6.775000 -1.583335
v 0.000000 6.224999 -1.583335
v 0.000000 6.775000 -1.416668
v 0.000000 6.224999 -1.416668
v 0.000000 6.775000 -1.250001
v 0.000000 6.224999 -1.250001
v 0.000000 6.775000 -1.083334
v 0.000000 6.224999 -1.083334
v 0.000000 6.137499 -1.037501
v 0.000000 6.212499 -1.037501
v 0.075000 6.137499 -1.037501
v 0.150000 6.156250 -1.018751
v 0.075000 6.212499 -1.037501
v 0.075000 6.137499 -1.000001
v 0.150000 6.156250 -1.000001
v 0.150000 6.193749 -1.000001
v 0.075000 6.212499 -1.000001
v 0.150000 6.193749 -1.018751
v 0.000000 6.212499 -1.000001
v 0.000000 6.787499 -1.962501
v 0.000000 6.862500 -1.962501
v 0.075000 6.787499 -1.962501
v 0.150000 6.806250 -1.981251
v 0.075000 6.862500 -1.962501
v 0.075000 6.787499 -2.000001
v 0.150000 6.806250 -2.000001
v 0.150000 6.843750 -2.000001
v 0.075000 6.862500 -2.000001
v 0.150000 6.843750 -1.981251
v 0.000000 6.862500 -2.000001
v 0.000000 6.787499 -1.037501
v 0.000000 6.862500 -1.037501
v 0.075000 6.787499 -1.037501
v 0.150000 6.806250 -1.018751
v 0.075000 6.862500 -1.037501
v 0.075000 6.787499 -1.000001
v 0.150000 6.806250 -1.000001
v 0.150000 6.843750 -1.000001
v 0.075000 6.862500 -1.000001
v 0.150000 6.843750 -1.018751
v 0.000000 6.862500 -1.000001
v 0.000000 6.137499 -1.962501
v 0.000000 6.212499 -1.962501
v 0.075000 6.137499 -1.962501
v 0.150000 6.156250 -1.981251
v 0.075000 6.212499 -1.962501
v 0.075000 6.137499 -2.000001
v 0.150000 6.156250 -2.000001
v 0.150000 6.193749 -2.000001
v 0.075000 6.212499 -2.000001
v 0.150000 6.193749 -1.981251
v 0.000000 6.212499 -2.000001
v 0.000000 6.787499 -1.629168
v 0.000000 6.862500 -1.629168
v 0.075000 6.787499 -1.629168
v 0.150000 6.806250 -1.647918
v 0.075000 6.862500 -1.629168
v 0.075000 6.787499 -1.704168
v 0.150000 6.806250 -1.685418
v 0.075000 6.862500 -1.704168
v 0.000000 6.787499 -1.704168
v 0.000000 6.862500 -1.704168
v 0.150000 6.843750 -1.685418
v 0.150000 6.843750 -1.647918
v 0.000000 6.137499 -1.629168
v 0.000000 6.212499 -1.629168
v 0.075000 6.137499 -1.629168
v 0.150000 6.156250 -1.647918
v 0.075000 6.212499 -1.629168
v 0.075000 6.137499 -1.704168
v 0.150000 6.156250 -1.685418
v 0.075000 6.212499 -1.704168
v 0.000000 6.137499 -1.704168
v 0.000000 6.212499 -1.704168
v 0.150000 6.193749 -1.685418
v 0.150000 6.193749 -1.647918
v 0.000000 6.137499 -1.295835
v 0.000000 6.212499 -1.295835
v 0.075000 6.137499 -1.295835
v 0.150000 6.156250 -1.314585
v 0.075000 6.212499 -1.295835
v 0.075000 6.137499 -1.370835
v 0.150000 6.156250 -1.352085
v 0.075000 6.212499 -1.370835
v 0.000000 6.137499 -1.370835
v 0.000000 6.212499 -1.370835
v 0.150000 6.193749 -1.352085
v 0.150000 6.193749 -1.314585
v 0.000000 6.787499 -1.295835
v 0.000000 6.862500 -1.295835
v 0.075000 6.787499 -1.295835
v 0.150000 6.806250 -1.314585
v 0.075000 6.862500 -1.295835
v 0.075000 6.787499 -1.370835
v 0.150000 6.806250 -1.352085
v 0.075000 6.862500 -1.370835
v 0.000000 6.787499 -1.370835
v 0.000000 6.862500 -1.370835
v 0.150000 6.843750 -1.352085
v 0.150000 6.843750 -1.314585
v 1.000000 8.000000 -1.000001
v 1.000000 8.000000 -2.000001
v 1.000000 7.000000 -1.000001
v 1.000000 8.000000 -1.000001
v 1.000000 7.000000 -2.000001
v 1.000000 8.000000 -2.000001
v 1.000000 7.137499 -1.629168
v 1.000000 7.212499 -1.629168
v 1.075000 7.137499 -1.629168
v 1.150000 7.156250 -1.647918
v 1.075000 7.212499 -1.629168
v 1.075000 7.137499 -1.704168
v 1.150000 7.156250 -1.685418
v 1.075000 7.212499 -1.704168
v 1.000000 7.137499 -1.704168
v 1.000000 7.212499 -1.704168
v 1.150000 7.193749 -1.685418
v 1.150000 7.193749 -1.647918
v 1.000000 7.787499 -1.295836
v 1.000000 7.862500 -1.295836
v 1.075000 7.787499 -1.295836
v 1.150000 7.806250 -1.314586
v 1.075000 7.862500 -1.295836
v 1.075000 7.787499 -1.370836
v 1.150000 7.806250 -1.352086
v 1.075000 7.862500 -1.370836
v 1.000000 7.787499 -1.370836
v 1.000000 7.862500 -1.370836
v 1.150000 7.843750 -1.352086
v 1.150000 7.843750 -1.314586
v 1.000000 7.137499 -1.295836
v 1.000000 7.212499 -1.295836
v 1.075000 7.137499 -1.295836
v 1.150000 7.156250 -1.314586
v 1.075000 7.212499 -1.295836
v 1.075000 7.137499 -1.370836
v 1.150000 7.156250 -1.352086
v 1.075000 7.212499 -1.370836
v 1.000000 7.137499 -1.370836
v 1.000000 7.212499 -1.370836
v 1.150000 7.193749 -1.352086
v 1.150000 7.193749 -1.314586
v 1.000000 7.787499 -1.629169
v 1.000000 7.862500 -1.629169
v 1.075000 7.787499 -1.629169
v 1.150000 7.806250 -1.647919
v 1.075000 7.862500 -1.629169
v 1.075000 7.787499 -1.704169
v 1.150000 7.806250 -1.685419
v 1.075000 7.862500 -1.704169
v 1.000000 7.787499 -1.704169
v 1.000000 7.862500 -1.704169
v 1.150000 7.843750 -1.685419
v 1.150000 7.843750 -1.647919
v 1.000000 8.000000 -1.000001
v 1.000000 8.000000 -2.000001
v 1.000000 9.000000 -1.000001
v 1.000000 9.000000 -2.000001
v -0.000000 9.000000 -1.000001
v 0.000000 8.000000 -1.000001
v 0.000000 8.000000 -2.000001
v -0.000000 9.000000 -2.000001
v 1.000000 8.000000 -1.000001
v 1.000000 9.000000 -1.000001
v 1.000000 8.000000 -2.000001
v 1.000000 9.000000 -2.000001
v 1.000000 8.137500 -1.629168
v 1.000000 8.212500 -1.629168
v 1.075000 8.137500 -1.629168
v 1.150000 8.156250 -1.647918
v 1.075000 8.212500 -1.629168
v 1.075000 8.137500 -1.704168
v 1.150000 8.156250 -1.685418
v 1.075000 8.212500 -1.704168
v 1.000000 8.137500 -1.704168
v 1.000000 8.212500 -1.704168
v 1.150000 8.193749 -1.685418
v 1.150000 8.193749 -1.647918
v 1.000000 8.787500 -1.295836
v 1.000000 8.862500 -1.295836
v 1.075000 8.787500 -1.295836
v 1.150000 8.806250 -1.314586
v 1.075000 8.862500 -1.295836
v 1.075000 8.787500 -1.370836
v 1.150000 8.806250 -1.352086
v 1.075000 8.862500 -1.370836
v 1.000000 8.787500 -1.370836
v 1.000000 8.862500 -1.370836
v 1.150000 8.843750 -1.352086
v 1.150000 8.843750 -1.314586
v 1.000000 8.137500 -1.295836
v 1.000000 8.212500 -1.295836
v 1.075000 8.137500 -1.295836
v 1.150000 8.156250 -1.314586
v 1.075000 8.212500 -1.295836
v 1.075000 8.137500 -1.370836
v 1.150000 8.156250 -1.352086
v 1.075000 8.212500 -1.370836
v 1.000000 8.137500 -1.370836
v 1.000000 8.212500 -1.370836
v 1.150000 8.193749 -1.352086
v 1.150000 8.193749 -1.314586
v 1.000000 8.787500 -1.629169
v 1.000000 8.862500 -1.629169
v 1.075000 8.787500 -1.629169
v 1.150000 8.806250 -1.647919
v 1.075000 8.862500 -1.629169
v 1.075000 8.787500 -1.704169
v 1.150000 8.806250 -1.685419
v 1.075000 8.862500 -1.704169
v 1.000000 8.787500 -1.704169
v 1.000000 8.862500 -1.704169
v 1.150000 8.843750 -1.685419
v 1.150000 8.843750 -1.647919
v 1.000000 9.000000 -1.000001
v 1.000000 10.000000 -1.000001
v 1.000000 9.000000 -2.000001
v 1.000000 10.000000 -2.000001
v -0.000000 9.000000 -1.000001
v -0.000000 10.000000 -1.000001
v -0.000000 9.000000 -2.000001
v -0.000000 10.000000 -2.000001
v 1.000000 9.000000 -1.000001
v 1.000000 9.000000 -1.250001
v 1.000000 10.000000 -1.000001
v 1.000000 9.225000 -1.083334
v 1.000000 9.225000 -1.250001
v 1.000000 9.775000 -1.083334
v 0.950000 9.275000 -1.083334
v 0.950000 9.725000 -1.083334
v 0.950000 9.275000 -1.250001
v 0.950000 9.725000 -1.250001
v 1.000000 9.775000 -1.250001
v 1.000000 9.775000 -1.416668
v 1.000000 10.000000 -1.250001
v 1.000000 10.000000 -1.416668
v 1.000000 10.000000 -1.583335
v 1.000000 10.000000 -1.750001
v 1.000000 9.775000 -1.583335
v 1.000000 9.225000 -1.583335
v 1.000000 9.775000 -1.750001
v 0.950000 9.725000 -1.583335
v 0.950000 9.275000 -1.583335
v 0.950000 9.725000 -1.416668
v 0.950000 9.275000 -1.416668
v 1.000000 9.225000 -1.416668
v 1.000000 9.000000 -1.416668
v 1.000000 9.000000 -1.583335
v 1.000000 9.000000 -1.750001
v 1.000000 9.000000 -2.000001
v 1.000000 9.225000 -1.750001
v 1.000000 9.225000 -1.916668
v 0.950000 9.275000 -1.750001
v 0.950000 9.725000 -1.750001
v 0.950000 9.275000 -1.916668
v 0.950000 9.725000 -1.916668
v 1.000000 9.775000 -1.916668
v 1.000000 10.000000 -2.000001
v 1.000000 9.787500 -1.629168
v 1.000000 9.862500 -1.629168
v 1.075000 9.787500 -1.629168
v 1.150000 9.806250 -1.647918
v 1.075000 9.862500 -1.629168
v 1.075000 9.787500 -1.704168
v 1.150000 9.806250 -1.685418
v 1.075000 9.862500 -1.704168
v 1.000000 9.787500 -1.704168
v 1.000000 9.862500 -1.704168
v 1.150000 9.843750 -1.685418
v 1.150000 9.843750 -1.647918
v 1.000000 9.137500 -1.629168
v 1.000000 9.212500 -1.629168
v 1.075000 9.137500 -1.629168
v 1.150000 9.156250 -1.647918
v 1.075000 9.212500 -1.629168
v 1.075000 9.137500 -1.704168
v 1.150000 9.156250 -1.685418
v 1.075000 9.212500 -1.704168
v 1.000000 9.137500 -1.704168
v 1.000000 9.212500 -1.704168
v 1.150000 9.193749 -1.685418
v 1.150000 9.193749 -1.647918
v 1.000000 9.137500 -1.295835
v 1.000000 9.212500 -1.295835
v 1.075000 9.137500 -1.295835
v 1.150000 9.156250 -1.314585
v 1.075000 9.212500 -1.295835
v 1.075000 9.137500 -1.370835
v 1.150000 9.156250 -1.352085
v 1.075000 9.212500 -1.370835
v 1.000000 9.137500 -1.370835
v 1.000000 9.212500 -1.370835
v 1.150000 9.193749 -1.352085
v 1.150000 9.193749 -1.314585
v 1.000000 9.787500 -1.295835
v 1.000000 9.862500 -1.295835
v 1.075000 9.787500 -1.295835
v 1.150000 9.806250 -1.314585
v 1.075000 9.862500 -1.295835
v 1.075000 9.787500 -1.370835
v 1.150000 9.806250 -1.352085
v 1.075000 9.862500 -1.370835
v 1.000000 9.787500 -1.370835
v 1.000000 9.862500 -1.370835
v 1.150000 9.843750 -1.352085
v 1.150000 9.843750 -1.314585
v 1.000000 10.000000 -1.000001
v 1.000000 11.000000 -1.000001
v -0.000000 11.000000 -1.000001
v 0.000000 10.000000 -1.000001
v 1.000000 10.000000 -1.000001
v 1.000000 11.000000 -1.000001
v 1.000000 10.000000 -2.000001
v 1.000000 11.000000 -2.000001
v 1.000000 10.137500 -1.629168
v 1.000000 10.212500 -1.629168
v 1.075000 10.137500 -1.629168
v 1.150000 10.156250 -1.647918
v 1.075000 10.212500 -1.629168
v 1.075000 10.137500 -1.704168
v 1.150000 10.156250 -1.685418
v 1.075000 10.212500 -1.704168
v 1.000000 10.137500 -1.704168
v 1.000000 10.212500 -1.704168
v 1.150000 10.193749 -1.685418
v 1.150000 10.193749 -1.647918
v 1.000000 10.787500 -1.295836
v 1.000000 10.862500 -1.295836
v 1.075000 10.787500 -1.295836
v 1.150000 10.806250 -1.314586
v 1.075000 10.862500 -1.295836
v 1.075000 10.787500 -1.370836
v 1.150000 10.806250 -1.352086
v 1.075000 10.862500 -1.370836
v 1.000000 10.787500 -1.370836
v 1.000000 10.862500 -1.370836
v 1.150000 10.843750 -1.352086
v 1.150000 10.843750 -1.314586
v 1.000000 10.137500 -1.295836
v 1.000000 10.212500 -1.295836
v 1.075000 10.137500 -1.295836
v 1.150000 10.156250 -1.314586
v 1.075000 10.212500 -1.295836
v 1.075000 10.137500 -1.370836
v 1.150000 10.156250 -1.352086
v 1.075000 10.212500 -1.370836
v 1.000000 10.137500 -1.370836
v 1.000000 10.212500 -1.370836
v 1.150000 10.193749 -1.352086
v 1.150000 10.193749 -1.314586
v 1.000000 10.787500 -1.629169
v 1.000000 10.862500 -1.629169
v 1.075000 10.787500 -1.629169
v 1.150000 10.806250 -1.647919
v 1.075000 10.862500 -1.629169
v 1.075000 10.787500 -1.704169
v 1.150000 10.806250 -1.685419
v 1.075000 10.862500 -1.704169
v 1.000000 10.787500 -1.704169
v 1.000000 10.862500 -1.704169
v 1.150000 10.843750 -1.685419
v 1.150000 10.843750 -1.647919
v 1.000000 11.000000 -1.000001
v 1.000000 12.000000 -1.000001
v 1.000000 12.000000 -1.750001
v 1.000000 12.000000 -1.583335
v 1.000000 12.000000 -1.416668
v 1.000000 12.000000 -1.250001
v 1.000000 12.000000 -2.000001
v -0.000000 11.000000 -1.000001
v -0.000000 12.000000 -1.000001
v -0.000000 12.000000 -2.000001
v 1.000000 11.000000 -1.000001
v 1.000000 11.000000 -1.250001
v 1.000000 12.000000 -1.000001
v 1.000000 11.225000 -1.083334
v 1.000000 11.225000 -1.250001
v 1.000000 11.775000 -1.083334
v 0.950000 11.275000 -1.083334
v 0.950000 11.725000 -1.083334
v 0.950000 11.275000 -1.250001
v 0.950000 11.725000 -1.250001
v 1.000000 11.775000 -1.250001
v 1.000000 11.775000 -1.416668
v 1.000000 12.000000 -1.250001
v 1.000000 12.000000 -1.416668
v 1.000000 12.000000 -1.583335
v 1.000000 12.000000 -1.750001
v 1.000000 11.775000 -1.583335
v 1.000000 11.225000 -1.583335
v 1.000000 11.775000 -1.750001
v 0.950000 11.725000 -1.583335
v 0.950000 11.275000 -1.583335
v 0.950000 11.725000 -1.416668
v 0.950000 11.275000 -1.416668
v 1.000000 11.225000 -1.416668
v 1.000000 11.000000 -1.416668
v 1.000000 11.000000 -1.583335
v 1.000000 11.000000 -1.750001
v 1.000000 11.000000 -2.000001
v 1.000000 11.225000 -1.750001
v 1.000000 11.225000 -1.916668
v 0.950000 11.275000 -1.750001
v 0.950000 11.725000 -1.750001
v 0.950000 11.275000 -1.916668
v 0.950000 11.725000 -1.916668
v 1.000000 11.775000 -1.916668
v 1.000000 12.000000 -2.000001
v 1.000000 11.787500 -1.629168
v 1.000000 11.862500 -1.629168
v 1.075000 11.787500 -1.629168
v 1.150000 11.806250 -1.647918
v 1.075000 11.862500 -1.629168
v 1.075000 11.787500 -1.704168
v 1.150000 11.806250 -1.685418
v 1.075000 11.862500 -1.704168
v 1.000000 11.787500 -1.704168
v 1.000000 11.862500 -1.704168
v 1.150000 11.843750 -1.685418
v 1.150000 11.843750 -1.647918
v 1.000000 11.137500 -1.629168
v 1.000000 11.212500 -1.629168
v 1.075000 11.137500 -1.629168
v 1.150000 11.156250 -1.647918
v 1.075000 11.212500 -1.629168
v 1.075000 11.137500 -1.704168
v 1.150000 11.156250 -1.685418
v 1.075000 11.212500 -1.704168
v 1.000000 11.137500 -1.704168
v 1.000000 11.212500 -1.704168
v 1.150000 11.193749 -1.685418
v 1.150000 11.193749 -1.647918
v 1.000000 11.137500 -1.295835
v 1.000000 11.212500 -1.295835
v 1.075000 11.137500 -1.295835
v 1.150000 11.156250 -1.314585
v 1.075000 11.212500 -1.295835
v 1.075000 11.137500 -1.370835
v 1.150000 11.156250 -1.352085
v 1.075000 11.212500 -1.370835
v 1.000000 11.137500 -1.370835
v 1.000000 11.212500 -1.370835
v 1.150000 11.193749 -1.352085
v 1.150000 11.193749 -1.314585
v 1.000000 11.787500 -1.295835
v 1.000000 11.862500 -1.295835
v 1.075000 11.787500 -1.295835
v 1.150000 11.806250 -1.314585
v 1.075000 11.862500 -1.295835
v 1.075000 11.787500 -1.370835
v 1.150000 11.806250 -1.352085
v 1.075000 11.862500 -1.370835
v 1.000000 11.787500 -1.370835
v 1.000000 11.862500 -1.370835
v 1.150000 11.843750 -1.352085
v 1.150000 11.843750 -1.314585
v -0.000000 12.000000 -1.000001
v -0.000000 13.000000 -1.000001
v -0.000000 12.000000 -2.000001
v -0.000000 12.000000 -1.250001
v -0.000000 13.000000 -1.750001
v -0.000000 13.000000 -1.583335
v -0.000000 13.000000 -1.416668
v -0.000000 13.000000 -1.250001
v -0.000000 12.000000 -1.416668
v -0.000000 12.000000 -1.583335
v -0.000000 12.000000 -1.750001
v -0.000000 13.000000 -2.000001
v -0.050000 12.725000 -1.916668
v -0.050000 12.275000 -1.916668
v -0.050000 12.725000 -1.750001
v -0.050000 12.275000 -1.750001
v -0.050000 12.725000 -1.583335
v -0.050000 12.275000 -1.583335
v -0.050000 12.725000 -1.416668
v -0.050000 12.275000 -1.416668
v -0.050000 12.725000 -1.250001
v -0.050000 12.275000 -1.250001
v -0.050000 12.725000 -1.083334
v -0.050000 12.275000 -1.083334
v -0.000000 12.775000 -1.916668
v -0.000000 12.225000 -1.916668
v -0.000000 12.775000 -1.750001
v -0.000000 12.225000 -1.750001
v -0.000000 12.775000 -1.583335
v -0.000000 12.225000 -1.583335
v -0.000000 12.775000 -1.416668
v -0.000000 12.225000 -1.416668
v -0.000000 12.775000 -1.250001
v -0.000000 12.225000 -1.250001
v -0.000000 12.775000 -1.083334
v -0.000000 12.225000 -1.083334
v -0.000000 12.137500 -1.037501
v -0.000000 12.212500 -1.037501
v 0.075000 12.137500 -1.037501
v 0.150000 12.156250 -1.018751
v 0.075000 12.212500 -1.037501
v 0.075000 12.137500 -1.000001
v 0.150000 12.156250 -1.000001
v 0.150000 12.193749 -1.000001
v 0.075000 12.212500 -1.000001
v 0.150000 12.193749 -1.018751
v -0.000000 12.212500 -1.000001
v -0.000000 12.787500 -1.962501
v -0.000000 12.862500 -1.962501
v 0.075000 12.787500 -1.962501
v 0.150000 12.806250 -1.981251
v 0.075000 12.862500 -1.962501
v 0.075000 12.787500 -2.000001
v 0.150000 12.806250 -2.000001
v 0.150000 12.843750 -2.000001
v 0.075000 12.862500 -2.000001
v 0.150000 12.843750 -1.981251
v -0.000000 12.862500 -2.000001
v -0.000000 12.787500 -1.037501
v -0.000000 12.862500 -1.037501
v 0.075000 12.787500 -1.037501
v 0.150000 12.806250 -1.018751
v 0.075000 12.862500 -1.037501
v 0.075000 12.787500 -1.000001
v 0.150000 12.806250 -1.000001
v 0.150000 12.843750 -1.000001
v 0.075000 12.862500 -1.000001
v 0.150000 12.843750 -1.018751
v -0.000000 12.862500 -1.000001
v -0.000000 12.137500 -1.962501
v -0.000000 12.212500 -1.962501
v 0.075000 12.137500 -1.962501
v 0.150000 12.156250 -1.981251
v 0.075000 12.212500 -1.962501
v 0.075000 12.137500 -2.000001
v 0.150000 12.156250 -2.000001
v 0.150000 12.193749 -2.000001
v 0.075000 12.212500 -2.000001
v 0.150000 12.193749 -1.981251
v -0.000000 12.212500 -2.000001
v -0.000000 12.787500 -1.629168
v -0.000000 12.862500 -1.629168
v 0.075000 12.787500 -1.629168
v 0.150000 12.806250 -1.647918
v 0.075000 12.862500 -1.629168
v 0.075000 12.787500 -1.704168
v 0.150000 12.806250 -1.685418
v 0.075000 12.862500 -1.704168
v -0.000000 12.787500 -1.704168
v -0.000000 12.862500 -1.704168
v 0.150000 12.843750 -1.685418
v 0.150000 12.843750 -1.647918
v -0.000000 12.137500 -1.629168
v -0.000000 12.212500 -1.629168
v 0.075000 12.137500 -1.629168
v 0.150000 12.156250 -1.647918
v 0.075000 12.212500 -1.629168
v 0.075000 12.137500 -1.704168
v 0.150000 12.156250 -1.685418
v 0.075000 12.212500 -1.704168
v -0.000000 12.137500 -1.704168
v -0.000000 12.212500 -1.704168
v 0.150000 12.193749 -1.685418
v 0.150000 12.193749 -1.647918
v -0.000000 12.137500 -1.295835
v -0.000000 12.212500 -1.295835
v 0.075000 12.137500 -1.295835
v 0.150000 12.156250 -1.314585
v 0.075000 12.212500 -1.295835
v 0.075000 12.137500 -1.370835
v 0.150000 12.156250 -1.352085
v 0.075000 12.212500 -1.370835
v -0.000000 12.137500 -1.370835
v -0.000000 12.212500 -1.370835
v 0.150000 12.193749 -1.352085
v 0.150000 12.193749 -1.314585
v -0.000000 12.787500 -1.295835
v -0.000000 12.862500 -1.295835
v 0.075000 12.787500 -1.295835
v 0.150000 12.806250 -1.314585
v 0.075000 12.862500 -1.295835
v 0.075000 12.787500 -1.370835
v 0.150000 12.806250 -1.352085
v 0.075000 12.862500 -1.370835
v -0.000000 12.787500 -1.370835
v -0.000000 12.862500 -1.370835
v 0.150000 12.843750 -1.352085
v 0.150000 12.843750 -1.314585
v 1.000000 14.000000 -1.000001
v 1.000000 14.000000 -2.000001
v -0.000000 14.000000 -1.000001
v -0.000000 14.000000 -2.000001
v 1.000000 13.000000 -1.000001
v 1.000000 14.000000 -1.000001
v 1.000000 13.000000 -2.000001
v 1.000000 14.000000 -2.000001
v 1.000000 13.137500 -1.629168
v 1.000000 13.212500 -1.629168
v 1.075000 13.137500 -1.629168
v 1.150000 13.156250 -1.647918
v 1.075000 13.212500 -1.629168
v 1.075000 13.137500 -1.704168
v 1.150000 13.156250 -1.685418
v 1.075000 13.212500 -1.704168
v 1.000000 13.137500 -1.704168
v 1.000000 13.212500 -1.704168
v 1.150000 13.193749 -1.685418
v 1.150000 13.193749 -1.647918
v 1.000000 13.787500 -1.295836
v 1.000000 13.862500 -1.295836
v 1.075000 13.787500 -1.295836
v 1.150000 13.806250 -1.314586
v 1.075000 13.862500 -1.295836
v 1.075000 13.787500 -1.370836
v 1.150000 13.806250 -1.352086
v 1.075000 13.862500 -1.370836
v 1.000000 13.787500 -1.370836
v 1.000000 13.862500 -1.370836
v 1.150000 13.843750 -1.352086
v 1.150000 13.843750 -1.314586
v 1.000000 13.137500 -1.295836
v 1.000000 13.212500 -1.295836
v 1.075000 13.137500 -1.295836
v 1.150000 13.156250 -1.314586
v 1.075000 13.212500 -1.295836
v 1.075000 13.137500 -1.370836
v 1.150000 13.156250 -1.352086
v 1.075000 13.212500 -1.370836
v 1.000000 13.137500 -1.370836
v 1.000000 13.212500 -1.370836
v 1.150000 13.193749 -1.352086
v 1.150000 13.193749 -1.314586
v 1.000000 13.787500 -1.629169
v 1.000000 13.862500 -1.629169
v 1.075000 13.787500 -1.629169
v 1.150000 13.806250 -1.647919
v 1.075000 13.862500 -1.629169
v 1.075000 13.787500 -1.704169
v 1.150000 13.806250 -1.685419
v 1.075000 13.862500 -1.704169
v 1.000000 13.787500 -1.704169
v 1.000000 13.862500 -1.704169
v 1.150000 13.843750 -1.685419
v 1.150000 13.843750 -1.647919
v 0.500000 2.000000 -2.000001
v 0.500000 2.000000 -3.000001
v 0.000000 2.000000 -2.000001
v 0.000000 2.000000 -3.000001
v 0.500000 1.000000 -2.000001
v 0.500000 2.000000 -2.000001
v 0.500000 1.000000 -3.000001
v 0.500000 2.000000 -3.000001
v 0.500000 1.137500 -2.629168
v 0.500000 1.212500 -2.629168
v 0.575000 1.137500 -2.629168
v 0.650000 1.156250 -2.647918
v 0.575000 1.212500 -2.629168
v 0.575000 1.137500 -2.704168
v 0.650000 1.156250 -2.685418
v 0.575000 1.212500 -2.704168
v 0.500000 1.137500 -2.704168
v 0.500000 1.212500 -2.704168
v 0.650000 1.193750 -2.685418
v 0.650000 1.193750 -2.647918
v 0.500000 1.787500 -2.295836
v 0.500000 1.862500 -2.295836
v 0.575000 1.787500 -2.295836
v 0.650000 1.806250 -2.314586
v 0.575000 1.862500 -2.295836
v 0.575000 1.787500 -2.370836
v 0.650000 1.806250 -2.352086
v 0.575000 1.862500 -2.370836
v 0.500000 1.787500 -2.370836
v 0.500000 1.862500 -2.370836
v 0.650000 1.843750 -2.352086
v 0.650000 1.843750 -2.314586
v 0.500000 1.137500 -2.295836
v 0.500000 1.212500 -2.295836
v 0.575000 1.137500 -2.295836
v 0.650000 1.156250 -2.314586
v 0.575000 1.212500 -2.295836
v 0.575000 1.137500 -2.370836
v 0.650000 1.156250 -2.352086
v 0.575000 1.212500 -2.370836
v 0.500000 1.137500 -2.370836
v 0.500000 1.212500 -2.370836
v 0.650000 1.193750 -2.352086
v 0.650000 1.193750 -2.314586
v 0.500000 1.787500 -2.629169
v 0.500000 1.862500 -2.629169
v 0.575000 1.787500 -2.629169
v 0.650000 1.806250 -2.647919
v 0.575000 1.862500 -2.629169
v 0.575000 1.787500 -2.704169
v 0.650000 1.806250 -2.685419
v 0.575000 1.862500 -2.704169
v 0.500000 1.787500 -2.704169
v 0.500000 1.862500 -2.704169
v 0.650000 1.843750 -2.685419
v 0.650000 1.843750 -2.647919
v 0.000000 2.000000 -2.000001
v 0.000000 2.000000 -3.000001
v 0.000000 3.000000 -2.000001
v 0.000000 3.000000 -3.000001
v 0.000000 2.137500 -2.629168
v 0.000000 2.212500 -2.629168
v 0.000000 2.137500 -2.704168
v 0.000000 2.212500 -2.704168
v 0.150000 2.156250 -2.647918
v 0.075000 2.137500 -2.629168
v 0.150000 2.193750 -2.647918
v 0.075000 2.212500 -2.629168
v 0.150000 2.156250 -2.685418
v 0.075000 2.137500 -2.704168
v 0.150000 2.193750 -2.685418
v 0.075000 2.212500 -2.704168
v 0.000000 2.787500 -2.295836
v 0.000000 2.862500 -2.295836
v 0.000000 2.787500 -2.370836
v 0.000000 2.862500 -2.370836
v 0.150000 2.806250 -2.314586
v 0.075000 2.787500 -2.295836
v 0.150000 2.843750 -2.314586
v 0.075000 2.862500 -2.295836
v 0.150000 2.806250 -2.352086
v 0.075000 2.787500 -2.370836
v 0.150000 2.843750 -2.352086
v 0.075000 2.862500 -2.370836
v 0.000000 2.137500 -2.295836
v 0.000000 2.212500 -2.295836
v 0.000000 2.137500 -2.370836
v 0.000000 2.212500 -2.370836
v 0.150000 2.156250 -2.314586
v 0.075000 2.137500 -2.295836
v 0.150000 2.193750 -2.314586
v 0.075000 2.212500 -2.295836
v 0.150000 2.156250 -2.352086
v 0.075000 2.137500 -2.370836
v 0.150000 2.193750 -2.352086
v 0.075000 2.212500 -2.370836
v 0.000000 2.787500 -2.629169
v 0.000000 2.862500 -2.629169
v 0.000000 2.787500 -2.704169
v 0.000000 2.862500 -2.704169
v 0.150000 2.806250 -2.647919
v 0.075000 2.787500 -2.629169
v 0.150000 2.843750 -2.647919
v 0.075000 2.862500 -2.629169
v 0.150000 2.806250 -2.685419
v 0.075000 2.787500 -2.704169
v 0.150000 2.843750 -2.685419
v 0.075000 2.862500 -2.704169
v 0.000000 2.137500 -2.037502
v 0.000000 2.212500 -2.037502
v 0.000000 2.212500 -2.000002
v 0.150000 2.156250 -2.018752
v 0.075000 2.137500 -2.037502
v 0.150000 2.193750 -2.018752
v 0.075000 2.212500 -2.037502
v 0.075000 2.137500 -2.000002
v 0.150000 2.156250 -2.000002
v 0.150000 2.193750 -2.000002
v 0.075000 2.212500 -2.000002
v 0.000000 2.787500 -2.037502
v 0.000000 2.862500 -2.037502
v 0.000000 2.862500 -2.000002
v 0.150000 2.806250 -2.018752
v 0.075000 2.787500 -2.037502
v 0.150000 2.843750 -2.018752
v 0.075000 2.862500 -2.037502
v 0.075000 2.787500 -2.000002
v 0.150000 2.806250 -2.000002
v 0.150000 2.843750 -2.000002
v 0.075000 2.862500 -2.000002
v 0.000000 2.137500 -2.962502
v 0.000000 2.212500 -2.962502
v 0.000000 2.212500 -3.000001
v 0.150000 2.156250 -2.981252
v 0.075000 2.137500 -2.962502
v 0.150000 2.193750 -2.981252
v 0.075000 2.212500 -2.962502
v 0.150000 2.156250 -3.000001
v 0.075000 2.137500 -3.000001
v 0.075000 2.212500 -3.000001
v 0.150000 2.193750 -3.000001
v 0.000000 2.787500 -2.962502
v 0.000000 2.862500 -2.962502
v 0.000000 2.862500 -3.000001
v 0.150000 2.806250 -2.981252
v 0.075000 2.787500 -2.962502
v 0.150000 2.843750 -2.981252
v 0.075000 2.862500 -2.962502
v 0.150000 2.806250 -3.000001
v 0.075000 2.787500 -3.000001
v 0.075000 2.862500 -3.000001
v 0.150000 2.843750 -3.000001
v 0.000000 3.000000 -2.000001
v 0.000000 3.000000 -3.000001
v 0.000000 4.000000 -2.000001
v 0.000000 4.000000 -3.000001
v 0.000000 3.137500 -2.629168
v 0.000000 3.212500 -2.629168
v 0.000000 3.137500 -2.704168
v 0.000000 3.212500 -2.704168
v 0.150000 3.156250 -2.647918
v 0.075000 3.137500 -2.629168
v 0.150000 3.193750 -2.647918
v 0.075000 3.212500 -2.629168
v 0.150000 3.156250 -2.685418
v 0.075000 3.137500 -2.704168
v 0.150000 3.193750 -2.685418
v 0.075000 3.212500 -2.704168
v 0.000000 3.787500 -2.295836
v 0.000000 3.862500 -2.295836
v 0.000000 3.787500 -2.370836
v 0.000000 3.862500 -2.370836
v 0.150000 3.806250 -2.314586
v 0.075000 3.787500 -2.295836
v 0.150000 3.843750 -2.314586
v 0.075000 3.862500 -2.295836
v 0.150000 3.806250 -2.352086
v 0.075000 3.787500 -2.370836
v 0.150000 3.843750 -2.352086
v 0.075000 3.862500 -2.370836
v 0.000000 3.137500 -2.295836
v 0.000000 3.212500 -2.295836
v 0.000000 3.137500 -2.370836
v 0.000000 3.212500 -2.370836
v 0.150000 3.156250 -2.314586
v 0.075000 3.137500 -2.295836
v 0.150000 3.193750 -2.314586
v 0.075000 3.212500 -2.295836
v 0.150000 3.156250 -2.352086
v 0.075000 3.137500 -2.370836
v 0.150000 3.193750 -2.352086
v 0.075000 3.212500 -2.370836
v 0.000000 3.787500 -2.629169
v 0.000000 3.862500 -2.629169
v 0.000000 3.787500 -2.704169
v 0.000000 3.862500 -2.704169
v 0.150000 3.806250 -2.647919
v 0.075000 3.787500 -2.629169
v 0.150000 3.843750 -2.647919
v 0.075000 3.862500 -2.629169
v 0.150000 3.806250 -2.685419
v 0.075000 3.787500 -2.704169
v 0.150000 3.843750 -2.685419
v 0.075000 3.862500 -2.704169
v 0.000000 3.137500 -2.037502
v 0.000000 3.212500 -2.037502
v 0.000000 3.212500 -2.000002
v 0.150000 3.156250 -2.018752
v 0.075000 3.137500 -2.037502
v 0.150000 3.193750 -2.018752
v 0.075000 3.212500 -2.037502
v 0.075000 3.137500 -2.000002
v 0.150000 3.156250 -2.000002
v 0.150000 3.193750 -2.000002
v 0.075000 3.212500 -2.000002
v 0.000000 3.787500 -2.037502
v 0.000000 3.862500 -2.037502
v 0.000000 3.862500 -2.000002
v 0.150000 3.806250 -2.018752
v 0.075000 3.787500 -2.037502
v 0.150000 3.843750 -2.018752
v 0.075000 3.862500 -2.037502
v 0.075000 3.787500 -2.000002
v 0.150000 3.806250 -2.000002
v 0.150000 3.843750 -2.000002
v 0.075000 3.862500 -2.000002
v 0.000000 3.137500 -2.962502
v 0.000000 3.212500 -2.962502
v 0.000000 3.212500 -3.000001
v 0.150000 3.156250 -2.981252
v 0.075000 3.137500 -2.962502
v 0.150000 3.193750 -2.981252
v 0.075000 3.212500 -2.962502
v 0.150000 3.156250 -3.000001
v 0.075000 3.137500 -3.000001
v 0.075000 3.212500 -3.000001
v 0.150000 3.193750 -3.000001
v 0.000000 3.787500 -2.962502
v 0.000000 3.862500 -2.962502
v 0.000000 3.862500 -3.000001
v 0.150000 3.806250 -2.981252
v 0.075000 3.787500 -2.962502
v 0.150000 3.843750 -2.981252
v 0.075000 3.862500 -2.962502
v 0.150000 3.806250 -3.000001
v 0.075000 3.787500 -3.000001
v 0.075000 3.862500 -3.000001
v 0.150000 3.843750 -3.000001
v 1.000000 4.000000 -3.000001
v 1.000000 5.000000 -3.000001
v 0.000000 4.000000 -3.000001
v 0.000000 5.000000 -3.000001
v 1.000000 4.000000 -2.000001
v 1.000000 4.000000 -2.250001
v 1.000000 5.000000 -2.000001
v 1.000000 4.224999 -2.083334
v 1.000000 4.224999 -2.250001
v 1.000000 4.775000 -2.083334
v 0.950000 4.275000 -2.083334
v 0.950000 4.724999 -2.083334
v 0.950000 4.275000 -2.250001
v 0.950000 4.724999 -2.250001
v 1.000000 4.775000 -2.250001
v 1.000000 4.775000 -2.416668
v 1.000000 5.000000 -2.250001
v 1.000000 5.000000 -2.416668
v 1.000000 5.000000 -2.583334
v 1.000000 5.000000 -2.750001
v 1.000000 4.775000 -2.583334
v 1.000000 4.224999 -2.583334
v 1.000000 4.775000 -2.750001
v 0.950000 4.724999 -2.583334
v 0.950000 4.275000 -2.583334
v 0.950000 4.724999 -2.416668
v 0.950000 4.275000 -2.416668
v 1.000000 4.224999 -2.416668
v 1.000000 4.000000 -2.416668
v 1.000000 4.000000 -2.583334
v 1.000000 4.000000 -2.750001
v 1.000000 4.000000 -3.000001
v 1.000000 4.224999 -2.750001
v 1.000000 4.224999 -2.916668
v 0.950000 4.275000 -2.750001
v 0.950000 4.724999 -2.750001
v 0.950000 4.275000 -2.916668
v 0.950000 4.724999 -2.916668
v 1.000000 4.775000 -2.916668
v 1.000000 5.000000 -3.000001
v 1.000000 4.787499 -2.629168
v 1.000000 4.862500 -2.629168
v 1.075000 4.787499 -2.629168
v 1.150000 4.806250 -2.647918
v 1.075000 4.862500 -2.629168
v 1.075000 4.787499 -2.704168
v 1.150000 4.806250 -2.685418
v 1.075000 4.862500 -2.704168
v 1.000000 4.787499 -2.704168
v 1.000000 4.862500 -2.704168
v 1.150000 4.843750 -2.685418
v 1.150000 4.843750 -2.647918
v 1.000000 4.137499 -2.629168
v 1.000000 4.212499 -2.629168
v 1.075000 4.137499 -2.629168
v 1.150000 4.156250 -2.647918
v 1.075000 4.212499 -2.629168
v 1.075000 4.137499 -2.704168
v 1.150000 4.156250 -2.685418
v 1.075000 4.212499 -2.704168
v 1.000000 4.137499 -2.704168
v 1.000000 4.212499 -2.704168
v 1.150000 4.193749 -2.685418
v 1.150000 4.193749 -2.647918
v 1.000000 4.137499 -2.295835
v 1.000000 4.212499 -2.295835
v 1.075000 4.137499 -2.295835
v 1.150000 4.156250 -2.314585
v 1.075000 4.212499 -2.295835
v 1.075000 4.137499 -2.370835
v 1.150000 4.156250 -2.352085
v 1.075000 4.212499 -2.370835
v 1.000000 4.137499 -2.370835
v 1.000000 4.212499 -2.370835
v 1.150000 4.193749 -2.352085
v 1.150000 4.193749 -2.314585
v 1.000000 4.787499 -2.295835
v 1.000000 4.862500 -2.295835
v 1.075000 4.787499 -2.295835
v 1.150000 4.806250 -2.314585
v 1.075000 4.862500 -2.295835
v 1.075000 4.787499 -2.370835
v 1.150000 4.806250 -2.352085
v 1.075000 4.862500 -2.370835
v 1.000000 4.787499 -2.370835
v 1.000000 4.862500 -2.370835
v 1.150000 4.843750 -2.352085
v 1.150000 4.843750 -2.314585
v 1.000000 5.000000 -2.000001
v 1.000000 6.000000 -2.000001
v 1.000000 5.000000 -3.000001
v 1.000000 6.000000 -3.000001
v 1.000000 5.137499 -2.629168
v 1.000000 5.212499 -2.629168
v 1.075000 5.137499 -2.629168
v 1.150000 5.156250 -2.647918
v 1.075000 5.212499 -2.629168
v 1.075000 5.137499 -2.704168
v 1.150000 5.156250 -2.685418
v 1.075000 5.212499 -2.704168
v 1.000000 5.137499 -2.704168
v 1.000000 5.212499 -2.704168
v 1.150000 5.193749 -2.685418
v 1.150000 5.193749 -2.647918
v 1.000000 5.787499 -2.295836
v 1.000000 5.862500 -2.295836
v 1.075000 5.787499 -2.295836
v 1.150000 5.806250 -2.314586
v 1.075000 5.862500 -2.295836
v 1.075000 5.787499 -2.370836
v 1.150000 5.806250 -2.352086
v 1.075000 5.862500 -2.370836
v 1.000000 5.787499 -2.370836
v 1.000000 5.862500 -2.370836
v 1.150000 5.843750 -2.352086
v 1.150000 5.843750 -2.314586
v 1.000000 5.137499 -2.295836
v 1.000000 5.212499 -2.295836
v 1.075000 5.137499 -2.295836
v 1.150000 5.156250 -2.314586
v 1.075000 5.212499 -2.295836
v 1.075000 5.137499 -2.370836
v 1.150000 5.156250 -2.352086
v 1.075000 5.212499 -2.370836
v 1.000000 5.137499 -2.370836
v 1.000000 5.212499 -2.370836
v 1.150000 5.193749 -2.352086
v 1.150000 5.193749 -2.314586
v 1.000000 5.787499 -2.629169
v 1.000000 5.862500 -2.629169
v 1.075000 5.787499 -2.629169
v 1.150000 5.806250 -2.647919
v 1.075000 5.862500 -2.629169
v 1.075000 5.787499 -2.704169
v 1.150000 5.806250 -2.685419
v 1.075000 5.862500 -2.704169
v 1.000000 5.787499 -2.704169
v 1.000000 5.862500 -2.704169
v 1.150000 5.843750 -2.685419
v 1.150000 5.843750 -2.647919
v 1.000000 6.000000 -2.000001
v 1.000000 7.000000 -2.000001
v 0.000000 6.000000 -2.000001
v 0.000000 7.000000 -2.000001
v 1.000000 6.000000 -2.000001
v 1.000000 6.000000 -2.250001
v 1.000000 7.000000 -2.000001
v 1.000000 6.224999 -2.083334
v 1.000000 6.224999 -2.250001
v 1.000000 6.775000 -2.083334
v 0.950000 6.275000 -2.083334
v 0.950000 6.724999 -2.083334
v 0.950000 6.275000 -2.250001
v 0.950000 6.724999 -2.250001
v 1.000000 6.775000 -2.250001
v 1.000000 6.775000 -2.416668
v 1.000000 7.000000 -2.250001
v 1.000000 7.000000 -2.416668
v 1.000000 7.000000 -2.583334
v 1.000000 7.000000 -2.750001
v 1.000000 6.775000 -2.583334
v 1.000000 6.224999 -2.583334
v 1.000000 6.775000 -2.750001
v 0.950000 6.724999 -2.583334
v 0.950000 6.275000 -2.583334
v 0.950000 6.724999 -2.416668
v 0.950000 6.275000 -2.416668
v 1.000000 6.224999 -2.416668
v 1.000000 6.000000 -2.416668
v 1.000000 6.000000 -2.583334
v 1.000000 6.000000 -2.750001
v 1.000000 6.000000 -3.000001
v 1.000000 6.224999 -2.750001
v 1.000000 6.224999 -2.916668
v 0.950000 6.275000 -2.750001
v 0.950000 6.724999 -2.750001
v 0.950000 6.275000 -2.916668
v 0.950000 6.724999 -2.916668
v 1.000000 6.775000 -2.916668
v 1.000000 7.000000 -3.000001
v 1.000000 6.787499 -2.629168
v 1.000000 6.862500 -2.629168
v 1.075000 6.787499 -2.629168
v 1.150000 6.806250 -2.647918
v 1.075000 6.862500 -2.629168
v 1.075000 6.787499 -2.704168
v 1.150000 6.806250 -2.685418
v 1.075000 6.862500 -2.704168
v 1.000000 6.787499 -2.704168
v 1.000000 6.862500 -2.704168
v 1.150000 6.843750 -2.685418
v 1.150000 6.843750 -2.647918
v 1.000000 6.137499 -2.629168
v 1.000000 6.212499 -2.629168
v 1.075000 6.137499 -2.629168
v 1.150000 6.156250 -2.647918
v 1.075000 6.212499 -2.629168
v 1.075000 6.137499 -2.704168
v 1.150000 6.156250 -2.685418
v 1.075000 6.212499 -2.704168
v 1.000000 6.137499 -2.704168
v 1.000000 6.212499 -2.704168
v 1.150000 6.193749 -2.685418
v 1.150000 6.193749 -2.647918
v 1.000000 6.137499 -2.295835
v 1.000000 6.212499 -2.295835
v 1.075000 6.137499 -2.295835
v 1.150000 6.156250 -2.314585
v 1.075000 6.212499 -2.295835
v 1.075000 6.137499 -2.370835
v 1.150000 6.156250 -2.352085
v 1.075000 6.212499 -2.370835
v 1.000000 6.137499 -2.370835
v 1.000000 6.212499 -2.370835
v 1.150000 6.193749 -2.352085
v 1.150000 6.193749 -2.314585
v 1.000000 6.787499 -2.295835
v 1.000000 6.862500 -2.295835
v 1.075000 6.787499 -2.295835
v 1.150000 6.806250 -2.314585
v 1.075000 6.862500 -2.295835
v 1.075000 6.787499 -2.370835
v 1.150000 6.806250 -2.352085
v 1.075000 6.862500 -2.370835
v 1.000000 6.787499 -2.370835
v 1.000000 6.862500 -2.370835
v 1.150000 6.843750 -2.352085
v 1.150000 6.843750 -2.314585
v 1.000000 8.000000 -2.000001
v 1.000000 8.000000 -2.750001
v 1.000000 8.000000 -2.583334
v 1.000000 8.000000 -2.416668
v 1.000000 8.000000 -2.250001
v 1.000000 8.000000 -3.000001
v 0.000000 8.000000 -2.000001
v 0.000000 8.000000 -3.000001
v 1.000000 7.000000 -2.000001
v 1.000000 7.000000 -2.250001
v 1.000000 8.000000 -2.000001
v 1.000000 7.224999 -2.083334
v 1.000000 7.224999 -2.250001
v 1.000000 7.775000 -2.083334
v 0.950000 7.275000 -2.083334
v 0.950000 7.724999 -2.083334
v 0.950000 7.275000 -2.250001
v 0.950000 7.724999 -2.250001
v 1.000000 7.775000 -2.250001
v 1.000000 7.775000 -2.416668
v 1.000000 8.000000 -2.250001
v 1.000000 8.000000 -2.416668
v 1.000000 8.000000 -2.583334
v 1.000000 8.000000 -2.750001
v 1.000000 7.775000 -2.583334
v 1.000000 7.224999 -2.583334
v 1.000000 7.775000 -2.750001
v 0.950000 7.724999 -2.583334
v 0.950000 7.275000 -2.583334
v 0.950000 7.724999 -2.416668
v 0.950000 7.275000 -2.416668
v 1.000000 7.224999 -2.416668
v 1.000000 7.000000 -2.416668
v 1.000000 7.000000 -2.583334
v 1.000000 7.000000 -2.750001
v 1.000000 7.000000 -3.000001
v 1.000000 7.224999 -2.750001
v 1.000000 7.224999 -2.916668
v 0.950000 7.275000 -2.750001
v 0.950000 7.724999 -2.750001
v 0.950000 7.275000 -2.916668
v 0.950000 7.724999 -2.916668
v 1.000000 7.775000 -2.916668
v 1.000000 8.000000 -3.000001
v 1.000000 7.787499 -2.629168
v 1.000000 7.862500 -2.629168
v 1.075000 7.787499 -2.629168
v 1.150000 7.806250 -2.647918
v 1.075000 7.862500 -2.629168
v 1.075000 7.787499 -2.704168
v 1.150000 7.806250 -2.685418
v 1.075000 7.862500 -2.704168
v 1.000000 7.787499 -2.704168
v 1.000000 7.862500 -2.704168
v 1.150000 7.843750 -2.685418
v 1.150000 7.843750 -2.647918
v 1.000000 7.137499 -2.629168
v 1.000000 7.212499 -2.629168
v 1.075000 7.137499 -2.629168
v 1.150000 7.156250 -2.647918
v 1.075000 7.212499 -2.629168
v 1.075000 7.137499 -2.704168
v 1.150000 7.156250 -2.685418
v 1.075000 7.212499 -2.704168
v 1.000000 7.137499 -2.704168
v 1.000000 7.212499 -2.704168
v 1.150000 7.193749 -2.685418
v 1.150000 7.193749 -2.647918
v 1.000000 7.137499 -2.295835
v 1.000000 7.212499 -2.295835
v 1.075000 7.137499 -2.295835
v 1.150000 7.156250 -2.314585
v 1.075000 7.212499 -2.295835
v 1.075000 7.137499 -2.370835
v 1.150000 7.156250 -2.352085
v 1.075000 7.212499 -2.370835
v 1.000000 7.137499 -2.370835
v 1.000000 7.212499 -2.370835
v 1.150000 7.193749 -2.352085
v 1.150000 7.193749 -2.314585
v 1.000000 7.787499 -2.295835
v 1.000000 7.862500 -2.295835
v 1.075000 7.787499 -2.295835
v 1.150000 7.806250 -2.314585
v 1.075000 7.862500 -2.295835
v 1.075000 7.787499 -2.370835
v 1.150000 7.806250 -2.352085
v 1.075000 7.862500 -2.370835
v 1.000000 7.787499 -2.370835
v 1.000000 7.862500 -2.370835
v 1.150000 7.843750 -2.352085
v 1.150000 7.843750 -2.314585
v 0.000000 8.000000 -2.000001
v 0.000000 9.000000 -2.000001
v 0.000000 8.000000 -3.000001
v 0.000000 8.000000 -2.250001
v 0.000000 9.000000 -2.750001
v 0.000000 9.000000 -2.583335
v 0.000000 9.000000 -2.416668
v 0.000000 9.000000 -2.250001
v 0.000000 8.000000 -2.416668
v 0.000000 8.000000 -2.583335
v 0.000000 8.000000 -2.750001
v 0.000000 9.000000 -3.000001
v -0.050000 8.725000 -2.916668
v -0.050000 8.275000 -2.916668
v -0.050000 8.725000 -2.750001
v -0.050000 8.275000 -2.750001
v -0.050000 8.725000 -2.583335
v -0.050000 8.275000 -2.583335
v -0.050000 8.725000 -2.416668
v -0.050000 8.275000 -2.416668
v -0.050000 8.725000 -2.250001
v -0.050000 8.275000 -2.250001
v -0.050000 8.725000 -2.083334
v -0.050000 8.275000 -2.083334
v 0.000000 8.775000 -2.916668
v 0.000000 8.225000 -2.916668
v 0.000000 8.775000 -2.750001
v 0.000000 8.225000 -2.750001
v 0.000000 8.775000 -2.583335
v 0.000000 8.225000 -2.583335
v 0.000000 8.775000 -2.416668
v 0.000000 8.225000 -2.416668
v 0.000000 8.775000 -2.250001
v 0.000000 8.225000 -2.250001
v 0.000000 8.775000 -2.083334
v 0.000000 8.225000 -2.083334
v 0.000000 8.137500 -2.037501
v 0.000000 8.212500 -2.037501
v 0.075000 8.137500 -2.037501
v 0.150000 8.156250 -2.018751
v 0.075000 8.212500 -2.037501
v 0.075000 8.137500 -2.000001
v 0.150000 8.156250 -2.000001
v 0.150000 8.193749 -2.000001
v 0.075000 8.212500 -2.000001
v 0.150000 8.193749 -2.018751
v 0.000000 8.212500 -2.000001
v 0.000000 8.787500 -2.962501
v 0.000000 8.862500 -2.962501
v 0.075000 8.787500 -2.962501
v 0.150000 8.806250 -2.981251
v 0.075000 8.862500 -2.962501
v 0.075000 8.787500 -3.000001
v 0.150000 8.806250 -3.000001
v 0.150000 8.843750 -3.000001
v 0.075000 8.862500 -3.000001
v 0.150000 8.843750 -2.981251
v 0.000000 8.862500 -3.000001
v 0.000000 8.787500 -2.037501
v 0.000000 8.862500 -2.037501
v 0.075000 8.787500 -2.037501
v 0.150000 8.806250 -2.018751
v 0.075000 8.862500 -2.037501
v 0.075000 8.787500 -2.000001
v 0.150000 8.806250 -2.000001
v 0.150000 8.843750 -2.000001
v 0.075000 8.862500 -2.000001
v 0.150000 8.843750 -2.018751
v 0.000000 8.862500 -2.000001
v 0.000000 8.137500 -2.962501
v 0.000000 8.212500 -2.962501
v 0.075000 8.137500 -2.962501
v 0.150000 8.156250 -2.981251
v 0.075000 8.212500 -2.962501
v 0.075000 8.137500 -3.000001
v 0.150000 8.156250 -3.000001
v 0.150000 8.193749 -3.000001
v 0.075000 8.212500 -3.000001
v 0.150000 8.193749 -2.981251
v 0.000000 8.212500 -3.000001
v 0.000000 8.787500 -2.629168
v 0.000000 8.862500 -2.629168
v 0.075000 8.787500 -2.629168
v 0.150000 8.806250 -2.647918
v 0.075000 8.862500 -2.629168
v 0.075000 8.787500 -2.704168
v 0.150000 8.806250 -2.685418
v 0.075000 8.862500 -2.704168
v 0.000000 8.787500 -2.704168
v 0.000000 8.862500 -2.704168
v 0.150000 8.843750 -2.685418
v 0.150000 8.843750 -2.647918
v 0.000000 8.137500 -2.629168
v 0.000000 8.212500 -2.629168
v 0.075000 8.137500 -2.629168
v 0.150000 8.156250 -2.647918
v 0.075000 8.212500 -2.629168
v 0.075000 8.137500 -2.704168
v 0.150000 8.156250 -2.685418
v 0.075000 8.212500 -2.704168
v 0.000000 8.137500 -2.704168
v 0.000000 8.212500 -2.704168
v 0.150000 8.193749 -2.685418
v 0.150000 8.193749 -2.647918
v 0.000000 8.137500 -2.295835
v 0.000000 8.212500 -2.295835
v 0.075000 8.137500 -2.295835
v 0.150000 8.156250 -2.314585
v 0.075000 8.212500 -2.295835
v 0.075000 8.137500 -2.370835
v 0.150000 8.156250 -2.352085
v 0.075000 8.212500 -2.370835
v 0.000000 8.137500 -2.370835
v 0.000000 8.212500 -2.370835
v 0.150000 8.193749 -2.352085
v 0.150000 8.193749 -2.314585
v 0.000000 8.787500 -2.295835
v 0.000000 8.862500 -2.295835
v 0.075000 8.787500 -2.295835
v 0.150000 8.806250 -2.314585
v 0.075000 8.862500 -2.295835
v 0.075000 8.787500 -2.370835
v 0.150000 8.806250 -2.352085
v 0.075000 8.862500 -2.370835
v 0.000000 8.787500 -2.370835
v 0.000000 8.862500 -2.370835
v 0.150000 8.843750 -2.352085
v 0.150000 8.843750 -2.314585
v 0.500000 10.000000 -2.000001
v 0.500000 10.000000 -3.000001
v -0.000000 10.000000 -2.000001
v -0.000000 10.000000 -3.000001
v 0.500000 9.000000 -2.000001
v 0.500000 10.000000 -2.000001
v 0.500000 9.000000 -3.000001
v 0.500000 10.000000 -3.000001
v 0.500000 9.137500 -2.629168
v 0.500000 9.212500 -2.629168
v 0.575000 9.137500 -2.629168
v 0.650000 9.156250 -2.647918
v 0.575000 9.212500 -2.629168
v 0.575000 9.137500 -2.704168
v 0.650000 9.156250 -2.685418
v 0.575000 9.212500 -2.704168
v 0.500000 9.137500 -2.704168
v 0.500000 9.212500 -2.704168
v 0.650000 9.193749 -2.685418
v 0.650000 9.193749 -2.647918
v 0.500000 9.787500 -2.295836
v 0.500000 9.862500 -2.295836
v 0.575000 9.787500 -2.295836
v 0.650000 9.806250 -2.314586
v 0.575000 9.862500 -2.295836
v 0.575000 9.787500 -2.370836
v 0.650000 9.806250 -2.352086
v 0.575000 9.862500 -2.370836
v 0.500000 9.787500 -2.370836
v 0.500000 9.862500 -2.370836
v 0.650000 9.843750 -2.352086
v 0.650000 9.843750 -2.314586
v 0.500000 9.137500 -2.295836
v 0.500000 9.212500 -2.295836
v 0.575000 9.137500 -2.295836
v 0.650000 9.156250 -2.314586
v 0.575000 9.212500 -2.295836
v 0.575000 9.137500 -2.370836
v 0.650000 9.156250 -2.352086
v 0.575000 9.212500 -2.370836
v 0.500000 9.137500 -2.370836
v 0.500000 9.212500 -2.370836
v 0.650000 9.193749 -2.352086
v 0.650000 9.193749 -2.314586
v 0.500000 9.787500 -2.629169
v 0.500000 9.862500 -2.629169
v 0.575000 9.787500 -2.629169
v 0.650000 9.806250 -2.647919
v 0.575000 9.862500 -2.629169
v 0.575000 9.787500 -2.704169
v 0.650000 9.806250 -2.685419
v 0.575000 9.862500 -2.704169
v 0.500000 9.787500 -2.704169
v 0.500000 9.862500 -2.704169
v 0.650000 9.843750 -2.685419
v 0.650000 9.843750 -2.647919
v 1.000000 10.000000 -2.000001
v 1.000000 10.000000 -2.250001
v 1.000000 11.000000 -2.000001
v 1.000000 10.225000 -2.083334
v 1.000000 10.225000 -2.250001
v 1.000000 10.775000 -2.083334
v 0.950000 10.275000 -2.083334
v 0.950000 10.725000 -2.083334
v 0.950000 10.275000 -2.250001
v 0.950000 10.725000 -2.250001
v 1.000000 10.775000 -2.250001
v 1.000000 10.775000 -2.416668
v 1.000000 11.000000 -2.250001
v 1.000000 11.000000 -2.416668
v 1.000000 11.000000 -2.583334
v 1.000000 11.000000 -2.750001
v 1.000000 10.775000 -2.583334
v 1.000000 10.225000 -2.583334
v 1.000000 10.775000 -2.750001
v 0.950000 10.725000 -2.583334
v 0.950000 10.275000 -2.583334
v 0.950000 10.725000 -2.416668
v 0.950000 10.275000 -2.416668
v 1.000000 10.225000 -2.416668
v 1.000000 10.000000 -2.416668
v 1.000000 10.000000 -2.583334
v 1.000000 10.000000 -2.750001
v 1.000000 10.000000 -3.000001
v 1.000000 10.225000 -2.750001
v 1.000000 10.225000 -2.916668
v 0.950000 10.275000 -2.750001
v 0.950000 10.725000 -2.750001
v 0.950000 10.275000 -2.916668
v 0.950000 10.725000 -2.916668
v 1.000000 10.775000 -2.916668
v 1.000000 11.000000 -3.000001
v 1.000000 10.787500 -2.629168
v 1.000000 10.862500 -2.629168
v 1.075000 10.787500 -2.629168
v 1.150000 10.806250 -2.647918
v 1.075000 10.862500 -2.629168
v 1.075000 10.787500 -2.704168
v 1.150000 10.806250 -2.685418
v 1.075000 10.862500 -2.704168
v 1.000000 10.787500 -2.704168
v 1.000000 10.862500 -2.704168
v 1.150000 10.843750 -2.685418
v 1.150000 10.843750 -2.647918
v 1.000000 10.137500 -2.629168
v 1.000000 10.212500 -2.629168
v 1.075000 10.137500 -2.629168
v 1.150000 10.156250 -2.647918
v 1.075000 10.212500 -2.629168
v 1.075000 10.137500 -2.704168
v 1.150000 10.156250 -2.685418
v 1.075000 10.212500 -2.704168
v 1.000000 10.137500 -2.704168
v 1.000000 10.212500 -2.704168
v 1.150000 10.193749 -2.685418
v 1.150000 10.193749 -2.647918
v 1.000000 10.137500 -2.295835
v 1.000000 10.212500 -2.295835
v 1.075000 10.137500 -2.295835
v 1.150000 10.156250 -2.314585
v 1.075000 10.212500 -2.295835
v 1.075000 10.137500 -2.370835
v 1.150000 10.156250 -2.352085
v 1.075000 10.212500 -2.370835
v 1.000000 10.137500 -2.370835
v 1.000000 10.212500 -2.370835
v 1.150000 10.193749 -2.352085
v 1.150000 10.193749 -2.314585
v 1.000000 10.787500 -2.295835
v 1.000000 10.862500 -2.295835
v 1.075000 10.787500 -2.295835
v 1.150000 10.806250 -2.314585
v 1.075000 10.862500 -2.295835
v 1.075000 10.787500 -2.370835
v 1.150000 10.806250 -2.352085
v 1.075000 10.862500 -2.370835
v 1.000000 10.787500 -2.370835
v 1.000000 10.862500 -2.370835
v 1.150000 10.843750 -2.352085
v 1.150000 10.843750 -2.314585
v 1.000000 11.000000 -2.000001
v 1.000000 12.000000 -2.000001
v 1.000000 11.000000 -3.000001
v 1.000000 12.000000 -3.000001
v 1.000000 11.137500 -2.629168
v 1.000000 11.212500 -2.629168
v 1.075000 11.137500 -2.629168
v 1.150000 11.156250 -2.647918
v 1.075000 11.212500 -2.629168
v 1.075000 11.137500 -2.704168
v 1.150000 11.156250 -2.685418
v 1.075000 11.212500 -2.704168
v 1.000000 11.137500 -2.704168
v 1.000000 11.212500 -2.704168
v 1.150000 11.193749 -2.685418
v 1.150000 11.193749 -2.647918
v 1.000000 11.787500 -2.295836
v 1.000000 11.862500 -2.295836
v 1.075000 11.787500 -2.295836
v 1.150000 11.806250 -2.314586
v 1.075000 11.862500 -2.295836
v 1.075000 11.787500 -2.370836
v 1.150000 11.806250 -2.352086
v 1.075000 11.862500 -2.370836
v 1.000000 11.787500 -2.370836
v 1.000000 11.862500 -2.370836
v 1.150000 11.843750 -2.352086
v 1.150000 11.843750 -2.314586
v 1.000000 11.137500 -2.295836
v 1.000000 11.212500 -2.295836
v 1.075000 11.137500 -2.295836
v 1.150000 11.156250 -2.314586
v 1.075000 11.212500 -2.295836
v 1.075000 11.137500 -2.370836
v 1.150000 11.156250 -2.352086
v 1.075000 11.212500 -2.370836
v 1.000000 11.137500 -2.370836
v 1.000000 11.212500 -2.370836
v 1.150000 11.193749 -2.352086
v 1.150000 11.193749 -2.314586
v 1.000000 11.787500 -2.629169
v 1.000000 11.862500 -2.629169
v 1.075000 11.787500 -2.629169
v 1.150000 11.806250 -2.647919
v 1.075000 11.862500 -2.629169
v 1.075000 11.787500 -2.704169
v 1.150000 11.806250 -2.685419
v 1.075000 11.862500 -2.704169
v 1.000000 11.787500 -2.704169
v 1.000000 11.862500 -2.704169
v 1.150000 11.843750 -2.685419
v 1.150000 11.843750 -2.647919
v 1.000000 12.000000 -2.000001
v 1.000000 13.000000 -2.000001
v 1.000000 12.000000 -3.000001
v 1.000000 13.000000 -3.000001
v -0.000000 12.000000 -2.000001
v -0.000000 13.000000 -2.000001
v -0.000000 12.000000 -3.000001
v -0.000000 13.000000 -3.000001
v 1.000000 12.000000 -2.000001
v 1.000000 12.000000 -2.250001
v 1.000000 13.000000 -2.000001
v 1.000000 12.225000 -2.083334
v 1.000000 12.225000 -2.250001
v 1.000000 12.775000 -2.083334
v 0.950000 12.275000 -2.083334
v 0.950000 12.725000 -2.083334
v 0.950000 12.275000 -2.250001
v 0.950000 12.725000 -2.250001
v 1.000000 12.775000 -2.250001
v 1.000000 12.775000 -2.416668
v 1.000000 13.000000 -2.250001
v 1.000000 13.000000 -2.416668
v 1.000000 13.000000 -2.583334
v 1.000000 13.000000 -2.750001
v 1.000000 12.775000 -2.583334
v 1.000000 12.225000 -2.583334
v 1.000000 12.775000 -2.750001
v 0.950000 12.725000 -2.583334
v 0.950000 12.275000 -2.583334
v 0.950000 12.725000 -2.416668
v 0.950000 12.275000 -2.416668
v 1.000000 12.225000 -2.416668
v 1.000000 12.000000 -2.416668
v 1.000000 12.000000 -2.583334
v 1.000000 12.000000 -2.750001
v 1.000000 12.000000 -3.000001
v 1.000000 12.225000 -2.750001
v 1.000000 12.225000 -2.916668
v 0.950000 12.275000 -2.750001
v 0.950000 12.725000 -2.750001
v 0.950000 12.275000 -2.916668
v 0.950000 12.725000 -2.916668
v 1.000000 12.775000 -2.916668
v 1.000000 13.000000 -3.000001
v 1.000000 12.787500 -2.629168
v 1.000000 12.862500 -2.629168
v 1.075000 12.787500 -2.629168
v 1.150000 12.806250 -2.647918
v 1.075000 12.862500 -2.629168
v 1.075000 12.787500 -2.704168
v 1.150000 12.806250 -2.685418
v 1.075000 12.862500 -2.704168
v 1.000000 12.787500 -2.704168
v 1.000000 12.862500 -2.704168
v 1.150000 12.843750 -2.685418
v 1.150000 12.843750 -2.647918
v 1.000000 12.137500 -2.629168
v 1.000000 12.212500 -2.629168
v 1.075000 12.137500 -2.629168
v 1.150000 12.156250 -2.647918
v 1.075000 12.212500 -2.629168
v 1.075000 12.137500 -2.704168
v 1.150000 12.156250 -2.685418
v 1.075000 12.212500 -2.704168
v 1.000000 12.137500 -2.704168
v 1.000000 12.212500 -2.704168
v 1.150000 12.193749 -2.685418
v 1.150000 12.193749 -2.647918
v 1.000000 12.137500 -2.295835
v 1.000000 12.212500 -2.295835
v 1.075000 12.137500 -2.295835
v 1.150000 12.156250 -2.314585
v 1.075000 12.212500 -2.295835
v 1.075000 12.137500 -2.370835
v 1.150000 12.156250 -2.352085
v 1.075000 12.212500 -2.370835
v 1.000000 12.137500 -2.370835
v 1.000000 12.212500 -2.370835
v 1.150000 12.193749 -2.352085
v 1.150000 12.193749 -2.314585
v 1.000000 12.787500 -2.295835
v 1.000000 12.862500 -2.295835
v 1.075000 12.787500 -2.295835
v 1.150000 12.806250 -2.314585
v 1.075000 12.862500 -2.295835
v 1.075000 12.787500 -2.370835
v 1.150000 12.806250 -2.352085
v 1.075000 12.862500 -2.370835
v 1.000000 12.787500 -2.370835
v 1.000000 12.862500 -2.370835
v 1.150000 12.843750 -2.352085
v 1.150000 12.843750 -2.314585
v 1.000000 14.000000 -2.000001
v 1.000000 13.000000 -3.000001
v 1.000000 14.000000 -2.750001
v 1.000000 14.000000 -2.583334
v 1.000000 14.000000 -2.416668
v 1.000000 14.000000 -2.250001
v 1.000000 14.000000 -3.000001
v -0.000000 14.000000 -2.000001
v -0.000000 13.000000 -3.000001
v -0.000000 14.000000 -3.000001
v 1.000000 13.000000 -2.000001
v 1.000000 13.000000 -2.250001
v 1.000000 14.000000 -2.000001
v 1.000000 13.225000 -2.083334
v 1.000000 13.225000 -2.250001
v 1.000000 13.775000 -2.083334
v 0.950000 13.275000 -2.083334
v 0.950000 13.725000 -2.083334
v 0.950000 13.275000 -2.250001
v 0.950000 13.725000 -2.250001
v 1.000000 13.775000 -2.250001
v 1.000000 13.775000 -2.416668
v 1.000000 14.000000 -2.250001
v 1.000000 14.000000 -2.416668
v 1.000000 14.000000 -2.583334
v 1.000000 14.000000 -2.750001
v 1.000000 13.775000 -2.583334
v 1.000000 13.225000 -2.583334
v 1.000000 13.775000 -2.750001
v 0.950000 13.725000 -2.583334
v 0.950000 13.275000 -2.583334
v 0.950000 13.725000 -2.416668
v 0.950000 13.275000 -2.416668
v 1.000000 13.225000 -2.416668
v 1.000000 13.000000 -2.416668
v 1.000000 13.000000 -2.583334
v 1.000000 13.000000 -2.750001
v 1.000000 13.000000 -3.000001
v 1.000000 13.225000 -2.750001
v 1.000000 13.225000 -2.916668
v 0.950000 13.275000 -2.750001
v 0.950000 13.725000 -2.750001
v 0.950000 13.275000 -2.916668
v 0.950000 13.725000 -2.916668
v 1.000000 13.775000 -2.916668
v 1.000000 14.000000 -3.000001
v 1.000000 13.787500 -2.629168
v 1.000000 13.862500 -2.629168
v 1.075000 13.787500 -2.629168
v 1.150000 13.806250 -2.647918
v 1.075000 13.862500 -2.629168
v 1.075000 13.787500 -2.704168
v 1.150000 13.806250 -2.685418
v 1.075000 13.862500 -2.704168
v 1.000000 13.787500 -2.704168
v 1.000000 13.862500 -2.704168
v 1.150000 13.843750 -2.685418
v 1.150000 13.843750 -2.647918
v 1.000000 13.137500 -2.629168
v 1.000000 13.212500 -2.629168
v 1.075000 13.137500 -2.629168
v 1.150000 13.156250 -2.647918
v 1.075000 13.212500 -2.629168
v 1.075000 13.137500 -2.704168
v 1.150000 13.156250 -2.685418
v 1.075000 13.212500 -2.704168
v 1.000000 13.137500 -2.704168
v 1.000000 13.212500 -2.704168
v 1.150000 13.193749 -2.685418
v 1.150000 13.193749 -2.647918
v 1.000000 13.137500 -2.295835
v 1.000000 13.212500 -2.295835
v 1.075000 13.137500 -2.295835
v 1.150000 13.156250 -2.314585
v 1.075000 13.212500 -2.295835
v 1.075000 13.137500 -2.370835
v 1.150000 13.156250 -2.352085
v 1.075000 13.212500 -2.370835
v 1.000000 13.137500 -2.370835
v 1.000000 13.212500 -2.370835
v 1.150000 13.193749 -2.352085
v 1.150000 13.193749 -2.314585
v 1.000000 13.787500 -2.295835
v 1.000000 13.862500 -2.295835
v 1.075000 13.787500 -2.295835
v 1.150000 13.806250 -2.314585
v 1.075000 13.862500 -2.295835
v 1.075000 13.787500 -2.370835
v 1.150000 13.806250 -2.352085
v 1.075000 13.862500 -2.370835
v 1.000000 13.787500 -2.370835
v 1.000000 13.862500 -2.370835
v 1.150000 13.843750 -2.352085
v 1.150000 13.843750 -2.314585
v 1.000000 1.000000 -3.000001
v 1.000000 2.000000 -3.000001
v 0.000000 1.000000 -3.000001
v 0.000000 2.000000 -3.000001
v 0.000000 2.000000 -4.000001
v 0.000000 1.000000 -4.000001
v 1.000000 2.000000 -4.000001
v 1.000000 1.000000 -4.000001
v 1.000000 1.000000 -3.000001
v 1.000000 2.000000 -3.000001
v 1.000000 1.000000 -4.000001
v 1.000000 2.000000 -4.000001
v 1.000000 1.137500 -3.629168
v 1.000000 1.212500 -3.629168
v 1.075000 1.137500 -3.629168
v 1.150000 1.156250 -3.647918
v 1.075000 1.212500 -3.629168
v 1.075000 1.137500 -3.704168
v 1.150000 1.156250 -3.685418
v 1.075000 1.212500 -3.704168
v 1.000000 1.137500 -3.704168
v 1.000000 1.212500 -3.704168
v 1.150000 1.193750 -3.685418
v 1.150000 1.193750 -3.647918
v 1.000000 1.787500 -3.295836
v 1.000000 1.862500 -3.295836
v 1.075000 1.787500 -3.295836
v 1.150000 1.806250 -3.314586
v 1.075000 1.862500 -3.295836
v 1.075000 1.787500 -3.370836
v 1.150000 1.806250 -3.352086
v 1.075000 1.862500 -3.370836
v 1.000000 1.787500 -3.370836
v 1.000000 1.862500 -3.370836
v 1.150000 1.843750 -3.352086
v 1.150000 1.843750 -3.314586
v 1.000000 1.137500 -3.295836
v 1.000000 1.212500 -3.295836
v 1.075000 1.137500 -3.295836
v 1.150000 1.156250 -3.314586
v 1.075000 1.212500 -3.295836
v 1.075000 1.137500 -3.370836
v 1.150000 1.156250 -3.352086
v 1.075000 1.212500 -3.370836
v 1.000000 1.137500 -3.370836
v 1.000000 1.212500 -3.370836
v 1.150000 1.193750 -3.352086
v 1.150000 1.193750 -3.314586
v 1.000000 1.787500 -3.629169
v 1.000000 1.862500 -3.629169
v 1.075000 1.787500 -3.629169
v 1.150000 1.806250 -3.647919
v 1.075000 1.862500 -3.629169
v 1.075000 1.787500 -3.704169
v 1.150000 1.806250 -3.685419
v 1.075000 1.862500 -3.704169
v 1.000000 1.787500 -3.704169
v 1.000000 1.862500 -3.704169
v 1.150000 1.843750 -3.685419
v 1.150000 1.843750 -3.647919
v 0.000000 2.000000 -3.000001
v 0.000000 3.000000 -3.000001
v 0.000000 2.000000 -4.000001
v 0.000000 2.000000 -3.250001
v 0.000000 3.000000 -3.750001
v 0.000000 3.000000 -3.583335
v 0.000000 3.000000 -3.416668
v 0.000000 3.000000 -3.250001
v 0.000000 2.000000 -3.416668
v 0.000000 2.000000 -3.583335
v 0.000000 2.000000 -3.750001
v 0.000000 3.000000 -4.000001
v -0.050000 2.725000 -3.916668
v -0.050000 2.275000 -3.916668
v -0.050000 2.725000 -3.750001
v -0.050000 2.275000 -3.750001
v -0.050000 2.725000 -3.583335
v -0.050000 2.275000 -3.583335
v -0.050000 2.725000 -3.416668
v -0.050000 2.275000 -3.416668
v -0.050000 2.725000 -3.250001
v -0.050000 2.275000 -3.250001
v -0.050000 2.725000 -3.083334
v -0.050000 2.275000 -3.083334
v 0.000000 2.775000 -3.916668
v 0.000000 2.225000 -3.916668
v 0.000000 2.775000 -3.750001
v 0.000000 2.225000 -3.750001
v 0.000000 2.775000 -3.583335
v 0.000000 2.225000 -3.583335
v 0.000000 2.775000 -3.416668
v 0.000000 2.225000 -3.416668
v 0.000000 2.775000 -3.250001
v 0.000000 2.225000 -3.250001
v 0.000000 2.775000 -3.083334
v 0.000000 2.225000 -3.083334
v 0.000000 2.137500 -3.037501
v 0.000000 2.212500 -3.037501
v 0.075000 2.137500 -3.037501
v 0.150000 2.156250 -3.018751
v 0.075000 2.212500 -3.037501
v 0.075000 2.137500 -3.000001
v 0.150000 2.156250 -3.000001
v 0.150000 2.193750 -3.000001
v 0.075000 2.212500 -3.000001
v 0.150000 2.193750 -3.018751
v 0.000000 2.212500 -3.000001
v 0.000000 2.787500 -3.962501
v 0.000000 2.862500 -3.962501
v 0.075000 2.787500 -3.962501
v 0.150000 2.806250 -3.981251
v 0.075000 2.862500 -3.962501
v 0.075000 2.787500 -4.000001
v 0.150000 2.806250 -4.000001
v 0.150000 2.843750 -4.000001
v 0.075000 2.862500 -4.000001
v 0.150000 2.843750 -3.981251
v 0.000000 2.862500 -4.000001
v 0.000000 2.787500 -3.037501
v 0.000000 2.862500 -3.037501
v 0.075000 2.787500 -3.037501
v 0.150000 2.806250 -3.018751
v 0.075000 2.862500 -3.037501
v 0.075000 2.787500 -3.000001
v 0.150000 2.806250 -3.000001
v 0.150000 2.843750 -3.000001
v 0.075000 2.862500 -3.000001
v 0.150000 2.843750 -3.018751
v 0.000000 2.862500 -3.000001
v 0.000000 2.137500 -3.962501
v 0.000000 2.212500 -3.962501
v 0.075000 2.137500 -3.962501
v 0.150000 2.156250 -3.981251
v 0.075000 2.212500 -3.962501
v 0.075000 2.137500 -4.000001
v 0.150000 2.156250 -4.000001
v 0.150000 2.193750 -4.000001
v 0.075000 2.212500 -4.000001
v 0.150000 2.193750 -3.981251
v 0.000000 2.212500 -4.000001
v 0.000000 2.787500 -3.629168
v 0.000000 2.862500 -3.629168
v 0.075000 2.787500 -3.629168
v 0.150000 2.806250 -3.647918
v 0.075000 2.862500 -3.629168
v 0.075000 2.787500 -3.704168
v 0.150000 2.806250 -3.685418
v 0.075000 2.862500 -3.704168
v 0.000000 2.787500 -3.704168
v 0.000000 2.862500 -3.704168
v 0.150000 2.843750 -3.685418
v 0.150000 2.843750 -3.647918
v 0.000000 2.137500 -3.629168
v 0.000000 2.212500 -3.629168
v 0.075000 2.137500 -3.629168
v 0.150000 2.156250 -3.647918
v 0.075000 2.212500 -3.629168
v 0.075000 2.137500 -3.704168
v 0.150000 2.156250 -3.685418
v 0.075000 2.212500 -3.704168
v 0.000000 2.137500 -3.704168
v 0.000000 2.212500 -3.704168
v 0.150000 2.193750 -3.685418
v 0.150000 2.193750 -3.647918
v 0.000000 2.137500 -3.295835
v 0.000000 2.212500 -3.295835
v 0.075000 2.137500 -3.295835
v 0.150000 2.156250 -3.314585
v 0.075000 2.212500 -3.295835
v 0.075000 2.137500 -3.370835
v 0.150000 2.156250 -3.352085
v 0.075000 2.212500 -3.370835
v 0.000000 2.137500 -3.370835
v 0.000000 2.212500 -3.370835
v 0.150000 2.193750 -3.352085
v 0.150000 2.193750 -3.314585
v 0.000000 2.787500 -3.295835
v 0.000000 2.862500 -3.295835
v 0.075000 2.787500 -3.295835
v 0.150000 2.806250 -3.314585
v 0.075000 2.862500 -3.295835
v 0.075000 2.787500 -3.370835
v 0.150000 2.806250 -3.352085
v 0.075000 2.862500 -3.370835
v 0.000000 2.787500 -3.370835
v 0.000000 2.862500 -3.370835
v 0.150000 2.843750 -3.352085
v 0.150000 2.843750 -3.314585
v 0.000000 3.000000 -3.000001
v 0.000000 4.000000 -3.000001
v 0.000000 3.000000 -4.000001
v 0.000000 3.000000 -3.250001
v 0.000000 4.000000 -3.750001
v 0.000000 4.000000 -3.583335
v 0.000000 4.000000 -3.416668
v 0.000000 4.000000 -3.250001
v 0.000000 3.000000 -3.416668
v 0.000000 3.000000 -3.583335
v 0.000000 3.000000 -3.750001
v 0.000000 4.000000 -4.000001
v -0.050000 3.725000 -3.916668
v -0.050000 3.275000 -3.916668
v -0.050000 3.725000 -3.750001
v -0.050000 3.275000 -3.750001
v -0.050000 3.725000 -3.583335
v -0.050000 3.275000 -3.583335
v -0.050000 3.725000 -3.416668
v -0.050000 3.275000 -3.416668
v -0.050000 3.725000 -3.250001
v -0.050000 3.275000 -3.250001
v -0.050000 3.725000 -3.083334
v -0.050000 3.275000 -3.083334
v 0.000000 3.775000 -3.916668
v 0.000000 3.225000 -3.916668
v 0.000000 3.775000 -3.750001
v 0.000000 3.225000 -3.750001
v 0.000000 3.775000 -3.583335
v 0.000000 3.225000 -3.583335
v 0.000000 3.775000 -3.416668
v 0.000000 3.225000 -3.416668
v 0.000000 3.775000 -3.250001
v 0.000000 3.225000 -3.250001
v 0.000000 3.775000 -3.083334
v 0.000000 3.225000 -3.083334
v 0.000000 3.137500 -3.037501
v 0.000000 3.212500 -3.037501
v 0.075000 3.137500 -3.037501
v 0.150000 3.156250 -3.018751
v 0.075000 3.212500 -3.037501
v 0.075000 3.137500 -3.000001
v 0.150000 3.156250 -3.000001
v 0.150000 3.193750 -3.000001
v 0.075000 3.212500 -3.000001
v 0.150000 3.193750 -3.018751
v 0.000000 3.212500 -3.000001
v 0.000000 3.787500 -3.962501
v 0.000000 3.862500 -3.962501
v 0.075000 3.787500 -3.962501
v 0.150000 3.806250 -3.981251
v 0.075000 3.862500 -3.962501
v 0.075000 3.787500 -4.000001
v 0.150000 3.806250 -4.000001
v 0.150000 3.843750 -4.000001
v 0.075000 3.862500 -4.000001
v 0.150000 3.843750 -3.981251
v 0.000000 3.862500 -4.000001
v 0.000000 3.787500 -3.037501
v 0.000000 3.862500 -3.037501
v 0.075000 3.787500 -3.037501
v 0.150000 3.806250 -3.018751
v 0.075000 3.862500 -3.037501
v 0.075000 3.787500 -3.000001
v 0.150000 3.806250 -3.000001
v 0.150000 3.843750 -3.000001
v 0.075000 3.862500 -3.000001
v 0.150000 3.843750 -3.018751
v 0.000000 3.862500 -3.000001
v 0.000000 3.137500 -3.962501
v 0.000000 3.212500 -3.962501
v 0.075000 3.137500 -3.962501
v 0.150000 3.156250 -3.981251
v 0.075000 3.212500 -3.962501
v 0.075000 3.137500 -4.000001
v 0.150000 3.156250 -4.000001
v 0.150000 3.193750 -4.000001
v 0.075000 3.212500 -4.000001
v 0.150000 3.193750 -3.981251
v 0.000000 3.212500 -4.000001
v 0.000000 3.787500 -3.629168
v 0.000000 3.862500 -3.629168
v 0.075000 3.787500 -3.629168
v 0.150000 3.806250 -3.647918
v 0.075000 3.862500 -3.629168
v 0.075000 3.787500 -3.704168
v 0.150000 3.806250 -3.685418
v 0.075000 3.862500 -3.704168
v 0.000000 3.787500 -3.704168
v 0.000000 3.862500 -3.704168
v 0.150000 3.843750 -3.685418
v 0.150000 3.843750 -3.647918
v 0.000000 3.137500 -3.629168
v 0.000000 3.212500 -3.629168
v 0.075000 3.137500 -3.629168
v 0.150000 3.156250 -3.647918
v 0.075000 3.212500 -3.629168
v 0.075000 3.137500 -3.704168
v 0.150000 3.156250 -3.685418
v 0.075000 3.212500 -3.704168
v 0.000000 3.137500 -3.704168
v 0.000000 3.212500 -3.704168
v 0.150000 3.193750 -3.685418
v 0.150000 3.193750 -3.647918
v 0.000000 3.137500 -3.295835
v 0.000000 3.212500 -3.295835
v 0.075000 3.137500 -3.295835
v 0.150000 3.156250 -3.314585
v 0.075000 3.212500 -3.295835
v 0.075000 3.137500 -3.370835
v 0.150000 3.156250 -3.352085
v 0.075000 3.212500 -3.370835
v 0.000000 3.137500 -3.370835
v 0.000000 3.212500 -3.370835
v 0.150000 3.193750 -3.352085
v 0.150000 3.193750 -3.314585
v 0.000000 3.787500 -3.295835
v 0.000000 3.862500 -3.295835
v 0.075000 3.787500 -3.295835
v 0.150000 3.806250 -3.314585
v 0.075000 3.862500 -3.295835
v 0.075000 3.787500 -3.370835
v 0.150000 3.806250 -3.352085
v 0.075000 3.862500 -3.370835
v 0.000000 3.787500 -3.370835
v 0.000000 3.862500 -3.370835
v 0.150000 3.843750 -3.352085
v 0.150000 3.843750 -3.314585
v 0.000000 4.000000 -3.000001
v 0.000000 4.000000 -4.000001
v 0.000000 5.000000 -3.000001
v 0.000000 5.000000 -4.000001
v 0.000000 4.137499 -3.629168
v 0.000000 4.212500 -3.629168
v 0.000000 4.137499 -3.704168
v 0.000000 4.212500 -3.704168
v 0.150000 4.156250 -3.647918
v 0.075000 4.137499 -3.629168
v 0.150000 4.193749 -3.647918
v 0.075000 4.212500 -3.629168
v 0.150000 4.156250 -3.685418
v 0.075000 4.137499 -3.704168
v 0.150000 4.193749 -3.685418
v 0.075000 4.212500 -3.704168
v 0.000000 4.787499 -3.295836
v 0.000000 4.862500 -3.295836
v 0.000000 4.787499 -3.370836
v 0.000000 4.862500 -3.370836
v 0.150000 4.806250 -3.314586
v 0.075000 4.787499 -3.295836
v 0.150000 4.843750 -3.314586
v 0.075000 4.862500 -3.295836
v 0.150000 4.806250 -3.352086
v 0.075000 4.787499 -3.370836
v 0.150000 4.843750 -3.352086
v 0.075000 4.862500 -3.370836
v 0.000000 4.137499 -3.295836
v 0.000000 4.212500 -3.295836
v 0.000000 4.137499 -3.370836
v 0.000000 4.212500 -3.370836
v 0.150000 4.156250 -3.314586
v 0.075000 4.137499 -3.295836
v 0.150000 4.193749 -3.314586
v 0.075000 4.212500 -3.295836
v 0.150000 4.156250 -3.352086
v 0.075000 4.137499 -3.370836
v 0.150000 4.193749 -3.352086
v 0.075000 4.212500 -3.370836
v 0.000000 4.787499 -3.629169
v 0.000000 4.862500 -3.629169
v 0.000000 4.787499 -3.704169
v 0.000000 4.862500 -3.704169
v 0.150000 4.806250 -3.647919
v 0.075000 4.787499 -3.629169
v 0.150000 4.843750 -3.647919
v 0.075000 4.862500 -3.629169
v 0.150000 4.806250 -3.685419
v 0.075000 4.787499 -3.704169
v 0.150000 4.843750 -3.685419
v 0.075000 4.862500 -3.704169
v 0.000000 4.137499 -3.037502
v 0.000000 4.212500 -3.037502
v 0.000000 4.212500 -3.000002
v 0.150000 4.156250 -3.018752
v 0.075000 4.137499 -3.037502
v 0.150000 4.193749 -3.018752
v 0.075000 4.212500 -3.037502
v 0.075000 4.137499 -3.000002
v 0.150000 4.156250 -3.000002
v 0.150000 4.193749 -3.000002
v 0.075000 4.212500 -3.000002
v 0.000000 4.787499 -3.037502
v 0.000000 4.862500 -3.037502
v 0.000000 4.862500 -3.000002
v 0.150000 4.806250 -3.018752
v 0.075000 4.787499 -3.037502
v 0.150000 4.843750 -3.018752
v 0.075000 4.862500 -3.037502
v 0.075000 4.787499 -3.000002
v 0.150000 4.806250 -3.000002
v 0.150000 4.843750 -3.000002
v 0.075000 4.862500 -3.000002
v 0.000000 4.137499 -3.962502
v 0.000000 4.212500 -3.962502
v 0.000000 4.212500 -4.000002
v 0.150000 4.156250 -3.981252
v 0.075000 4.137499 -3.962502
v 0.150000 4.193749 -3.981252
v 0.075000 4.212500 -3.962502
v 0.150000 4.156250 -4.000002
v 0.075000 4.137499 -4.000002
v 0.075000 4.212500 -4.000002
v 0.150000 4.193749 -4.000002
v 0.000000 4.787499 -3.962502
v 0.000000 4.862500 -3.962502
v 0.000000 4.862500 -4.000002
v 0.150000 4.806250 -3.981252
v 0.075000 4.787499 -3.962502
v 0.150000 4.843750 -3.981252
v 0.075000 4.862500 -3.962502
v 0.150000 4.806250 -4.000002
v 0.075000 4.787499 -4.000002
v 0.075000 4.862500 -4.000002
v 0.150000 4.843750 -4.000002
v -0.000000 6.000000 -4.000001
v 0.000000 5.000000 -4.000001
v 1.000000 6.000000 -4.000001
v 1.000000 5.000000 -4.000001
v 1.000000 5.000000 -3.000001
v 1.000000 6.000000 -3.000001
v 1.000000 5.000000 -4.000001
v 1.000000 6.000000 -4.000001
v 1.000000 5.137499 -3.629168
v 1.000000 5.212499 -3.629168
v 1.075000 5.137499 -3.629168
v 1.150000 5.156250 -3.647918
v 1.075000 5.212499 -3.629168
v 1.075000 5.137499 -3.704168
v 1.150000 5.156250 -3.685418
v 1.075000 5.212499 -3.704168
v 1.000000 5.137499 -3.704168
v 1.000000 5.212499 -3.704168
v 1.150000 5.193749 -3.685418
v 1.150000 5.193749 -3.647918
v 1.000000 5.787499 -3.295836
v 1.000000 5.862500 -3.295836
v 1.075000 5.787499 -3.295836
v 1.150000 5.806250 -3.314586
v 1.075000 5.862500 -3.295836
v 1.075000 5.787499 -3.370836
v 1.150000 5.806250 -3.352086
v 1.075000 5.862500 -3.370836
v 1.000000 5.787499 -3.370836
v 1.000000 5.862500 -3.370836
v 1.150000 5.843750 -3.352086
v 1.150000 5.843750 -3.314586
v 1.000000 5.137499 -3.295836
v 1.000000 5.212499 -3.295836
v 1.075000 5.137499 -3.295836
v 1.150000 5.156250 -3.314586
v 1.075000 5.212499 -3.295836
v 1.075000 5.137499 -3.370836
v 1.150000 5.156250 -3.352086
v 1.075000 5.212499 -3.370836
v 1.000000 5.137499 -3.370836
v 1.000000 5.212499 -3.370836
v 1.150000 5.193749 -3.352086
v 1.150000 5.193749 -3.314586
v 1.000000 5.787499 -3.629169
v 1.000000 5.862500 -3.629169
v 1.075000 5.787499 -3.629169
v 1.150000 5.806250 -3.647919
v 1.075000 5.862500 -3.629169
v 1.075000 5.787499 -3.704169
v 1.150000 5.806250 -3.685419
v 1.075000 5.862500 -3.704169
v 1.000000 5.787499 -3.704169
v 1.000000 5.862500 -3.704169
v 1.150000 5.843750 -3.685419
v 1.150000 5.843750 -3.647919
v 1.000000 6.000000 -4.000001
v 1.000000 7.000000 -4.000001
v 0.000000 6.000000 -4.000001
v 0.000000 7.000000 -4.000001
v 1.000000 6.000000 -3.000001
v 1.000000 6.000000 -3.250001
v 1.000000 7.000000 -3.000001
v 1.000000 6.224999 -3.083334
v 1.000000 6.224999 -3.250001
v 1.000000 6.775000 -3.083334
v 0.950000 6.275000 -3.083334
v 0.950000 6.724999 -3.083334
v 0.950000 6.275000 -3.250001
v 0.950000 6.724999 -3.250001
v 1.000000 6.775000 -3.250001
v 1.000000 6.775000 -3.416668
v 1.000000 7.000000 -3.250001
v 1.000000 7.000000 -3.416668
v 1.000000 7.000000 -3.583334
v 1.000000 7.000000 -3.750001
v 1.000000 6.775000 -3.583334
v 1.000000 6.224999 -3.583334
v 1.000000 6.775000 -3.750001
v 0.950000 6.724999 -3.583334
v 0.950000 6.275000 -3.583334
v 0.950000 6.724999 -3.416668
v 0.950000 6.275000 -3.416668
v 1.000000 6.224999 -3.416668
v 1.000000 6.000000 -3.416668
v 1.000000 6.000000 -3.583334
v 1.000000 6.000000 -3.750001
v 1.000000 6.000000 -4.000001
v 1.000000 6.224999 -3.750001
v 1.000000 6.224999 -3.916668
v 0.950000 6.275000 -3.750001
v 0.950000 6.724999 -3.750001
v 0.950000 6.275000 -3.916668
v 0.950000 6.724999 -3.916668
v 1.000000 6.775000 -3.916668
v 1.000000 7.000000 -4.000001
v 1.000000 6.787499 -3.629168
v 1.000000 6.862500 -3.629168
v 1.075000 6.787499 -3.629168
v 1.150000 6.806250 -3.647918
v 1.075000 6.862500 -3.629168
v 1.075000 6.787499 -3.704168
v 1.150000 6.806250 -3.685418
v 1.075000 6.862500 -3.704168
v 1.000000 6.787499 -3.704168
v 1.000000 6.862500 -3.704168
v 1.150000 6.843750 -3.685418
v 1.150000 6.843750 -3.647918
v 1.000000 6.137499 -3.629168
v 1.000000 6.212499 -3.629168
v 1.075000 6.137499 -3.629168
v 1.150000 6.156250 -3.647918
v 1.075000 6.212499 -3.629168
v 1.075000 6.137499 -3.704168
v 1.150000 6.156250 -3.685418
v 1.075000 6.212499 -3.704168
v 1.000000 6.137499 -3.704168
v 1.000000 6.212499 -3.704168
v 1.150000 6.193749 -3.685418
v 1.150000 6.193749 -3.647918
v 1.000000 6.137499 -3.295835
v 1.000000 6.212499 -3.295835
v 1.075000 6.137499 -3.295835
v 1.150000 6.156250 -3.314585
v 1.075000 6.212499 -3.295835
v 1.075000 6.137499 -3.370835
v 1.150000 6.156250 -3.352085
v 1.075000 6.212499 -3.370835
v 1.000000 6.137499 -3.370835
v 1.000000 6.212499 -3.370835
v 1.150000 6.193749 -3.352085
v 1.150000 6.193749 -3.314585
v 1.000000 6.787499 -3.295835
v 1.000000 6.862500 -3.295835
v 1.075000 6.787499 -3.295835
v 1.150000 6.806250 -3.314585
v 1.075000 6.862500 -3.295835
v 1.075000 6.787499 -3.370835
v 1.150000 6.806250 -3.352085
v 1.075000 6.862500 -3.370835
v 1.000000 6.787499 -3.370835
v 1.000000 6.862500 -3.370835
v 1.150000 6.843750 -3.352085
v 1.150000 6.843750 -3.314585
v 1.000000 7.000000 -4.000001
v 1.000000 8.000000 -3.000001
v 1.000000 8.000000 -4.000001
v 0.000000 8.000000 -3.000001
v 0.000000 7.000000 -4.000001
v 0.000000 8.000000 -4.000001
v 1.000000 7.000000 -3.000001
v 1.000000 8.000000 -3.000001
v 1.000000 7.000000 -4.000001
v 1.000000 8.000000 -4.000001
v 1.000000 7.137499 -3.629168
v 1.000000 7.212500 -3.629168
v 1.075000 7.137499 -3.629168
v 1.150000 7.156250 -3.647918
v 1.075000 7.212500 -3.629168
v 1.075000 7.137499 -3.704168
v 1.150000 7.156250 -3.685418
v 1.075000 7.212500 -3.704168
v 1.000000 7.137499 -3.704168
v 1.000000 7.212500 -3.704168
v 1.150000 7.193749 -3.685418
v 1.150000 7.193749 -3.647918
v 1.000000 7.787499 -3.295836
v 1.000000 7.862500 -3.295836
v 1.075000 7.787499 -3.295836
v 1.150000 7.806250 -3.314586
v 1.075000 7.862500 -3.295836
v 1.075000 7.787499 -3.370836
v 1.150000 7.806250 -3.352086
v 1.075000 7.862500 -3.370836
v 1.000000 7.787499 -3.370836
v 1.000000 7.862500 -3.370836
v 1.150000 7.843750 -3.352086
v 1.150000 7.843750 -3.314586
v 1.000000 7.137499 -3.295836
v 1.000000 7.212500 -3.295836
v 1.075000 7.137499 -3.295836
v 1.150000 7.156250 -3.314586
v 1.075000 7.212500 -3.295836
v 1.075000 7.137499 -3.370836
v 1.150000 7.156250 -3.352086
v 1.075000 7.212500 -3.370836
v 1.000000 7.137499 -3.370836
v 1.000000 7.212500 -3.370836
v 1.150000 7.193749 -3.352086
v 1.150000 7.193749 -3.314586
v 1.000000 7.787499 -3.629169
v 1.000000 7.862500 -3.629169
v 1.075000 7.787499 -3.629169
v 1.150000 7.806250 -3.647919
v 1.075000 7.862500 -3.629169
v 1.075000 7.787499 -3.704169
v 1.150000 7.806250 -3.685419
v 1.075000 7.862500 -3.704169
v 1.000000 7.787499 -3.704169
v 1.000000 7.862500 -3.704169
v 1.150000 7.843750 -3.685419
v 1.150000 7.843750 -3.647919
v 0.000000 8.000000 -3.000001
v 0.000000 8.000000 -4.000001
v 0.000000 9.000000 -3.000001
v 0.000000 9.000000 -4.000001
v 0.000000 8.137500 -3.629168
v 0.000000 8.212500 -3.629168
v 0.000000 8.137500 -3.704168
v 0.000000 8.212500 -3.704168
v 0.150000 8.156250 -3.647918
v 0.075000 8.137500 -3.629168
v 0.150000 8.193749 -3.647918
v 0.075000 8.212500 -3.629168
v 0.150000 8.156250 -3.685418
v 0.075000 8.137500 -3.704168
v 0.150000 8.193749 -3.685418
v 0.075000 8.212500 -3.704168
v 0.000000 8.787500 -3.295836
v 0.000000 8.862500 -3.295836
v 0.000000 8.787500 -3.370836
v 0.000000 8.862500 -3.370836
v 0.150000 8.806250 -3.314586
v 0.075000 8.787500 -3.295836
v 0.150000 8.843750 -3.314586
v 0.075000 8.862500 -3.295836
v 0.150000 8.806250 -3.352086
v 0.075000 8.787500 -3.370836
v 0.150000 8.843750 -3.352086
v 0.075000 8.862500 -3.370836
v 0.000000 8.137500 -3.295836
v 0.000000 8.212500 -3.295836
v 0.000000 8.137500 -3.370836
v 0.000000 8.212500 -3.370836
v 0.150000 8.156250 -3.314586
v 0.075000 8.137500 -3.295836
v 0.150000 8.193749 -3.314586
v 0.075000 8.212500 -3.295836
v 0.150000 8.156250 -3.352086
v 0.075000 8.137500 -3.370836
v 0.150000 8.193749 -3.352086
v 0.075000 8.212500 -3.370836
v 0.000000 8.787500 -3.629169
v 0.000000 8.862500 -3.629169
v 0.000000 8.787500 -3.704169
v 0.000000 8.862500 -3.704169
v 0.150000 8.806250 -3.647919
v 0.075000 8.787500 -3.629169
v 0.150000 8.843750 -3.647919
v 0.075000 8.862500 -3.629169
v 0.150000 8.806250 -3.685419
v 0.075000 8.787500 -3.704169
v 0.150000 8.843750 -3.685419
v 0.075000 8.862500 -3.704169
v 0.000000 8.137500 -3.037502
v 0.000000 8.212500 -3.037502
v 0.000000 8.212500 -3.000002
v 0.150000 8.156250 -3.018752
v 0.075000 8.137500 -3.037502
v 0.150000 8.193749 -3.018752
v 0.075000 8.212500 -3.037502
v 0.075000 8.137500 -3.000002
v 0.150000 8.156250 -3.000002
v 0.150000 8.193749 -3.000002
v 0.075000 8.212500 -3.000002
v 0.000000 8.787500 -3.037502
v 0.000000 8.862500 -3.037502
v 0.000000 8.862500 -3.000002
v 0.150000 8.806250 -3.018752
v 0.075000 8.787500 -3.037502
v 0.150000 8.843750 -3.018752
v 0.075000 8.862500 -3.037502
v 0.075000 8.787500 -3.000002
v 0.150000 8.806250 -3.000002
v 0.150000 8.843750 -3.000002
v 0.075000 8.862500 -3.000002
v 0.000000 8.137500 -3.962502
v 0.000000 8.212500 -3.962502
v 0.000000 8.212500 -4.000002
v 0.150000 8.156250 -3.981252
v 0.075000 8.137500 -3.962502
v 0.150000 8.193749 -3.981252
v 0.075000 8.212500 -3.962502
v 0.150000 8.156250 -4.000002
v 0.075000 8.137500 -4.000002
v 0.075000 8.212500 -4.000002
v 0.150000 8.193749 -4.000002
v 0.000000 8.787500 -3.962502
v 0.000000 8.862500 -3.962502
v 0.000000 8.862500 -4.000002
v 0.150000 8.806250 -3.981252
v 0.075000 8.787500 -3.962502
v 0.150000 8.843750 -3.981252
v 0.075000 8.862500 -3.962502
v 0.150000 8.806250 -4.000002
v 0.075000 8.787500 -4.000002
v 0.075000 8.862500 -4.000002
v 0.150000 8.843750 -4.000002
v 0.500000 9.000000 -4.000001
v 0.500000 10.000000 -3.000001
v 0.500000 10.000000 -4.000001
v 0.000000 10.000000 -3.000001
v 0.000000 9.000000 -4.000001
v 0.000000 10.000000 -4.000001
v 0.500000 9.000000 -3.000001
v 0.500000 10.000000 -3.000001
v 0.500000 9.000000 -4.000001
v 0.500000 10.000000 -4.000001
v 0.500000 9.137500 -3.629168
v 0.500000 9.212500 -3.629168
v 0.575000 9.137500 -3.629168
v 0.650000 9.156250 -3.647918
v 0.575000 9.212500 -3.629168
v 0.575000 9.137500 -3.704168
v 0.650000 9.156250 -3.685418
v 0.575000 9.212500 -3.704168
v 0.500000 9.137500 -3.704168
v 0.500000 9.212500 -3.704168
v 0.650000 9.193749 -3.685418
v 0.650000 9.193749 -3.647918
v 0.500000 9.787500 -3.295836
v 0.500000 9.862500 -3.295836
v 0.575000 9.787500 -3.295836
v 0.650000 9.806250 -3.314586
v 0.575000 9.862500 -3.295836
v 0.575000 9.787500 -3.370836
v 0.650000 9.806250 -3.352086
v 0.575000 9.862500 -3.370836
v 0.500000 9.787500 -3.370836
v 0.500000 9.862500 -3.370836
v 0.650000 9.843750 -3.352086
v 0.650000 9.843750 -3.314586
v 0.500000 9.137500 -3.295836
v 0.500000 9.212500 -3.295836
v 0.575000 9.137500 -3.295836
v 0.650000 9.156250 -3.314586
v 0.575000 9.212500 -3.295836
v 0.575000 9.137500 -3.370836
v 0.650000 9.156250 -3.352086
v 0.575000 9.212500 -3.370836
v 0.500000 9.137500 -3.370836
v 0.500000 9.212500 -3.370836
v 0.650000 9.193749 -3.352086
v 0.650000 9.193749 -3.314586
v 0.500000 9.787500 -3.629169
v 0.500000 9.862500 -3.629169
v 0.575000 9.787500 -3.629169
v 0.650000 9.806250 -3.647919
v 0.575000 9.862500 -3.629169
v 0.575000 9.787500 -3.704169
v 0.650000 9.806250 -3.685419
v 0.575000 9.862500 -3.704169
v 0.500000 9.787500 -3.704169
v 0.500000 9.862500 -3.704169
v 0.650000 9.843750 -3.685419
v 0.650000 9.843750 -3.647919
v 1.000000 10.000000 -4.000001
v 1.000000 11.000000 -4.000001
v -0.000000 10.000000 -4.000001
v -0.000000 11.000000 -4.000001
v 1.000000 10.000000 -3.000001
v 1.000000 10.000000 -3.250001
v 1.000000 11.000000 -3.000001
v 1.000000 10.225000 -3.083334
v 1.000000 10.225000 -3.250001
v 1.000000 10.775000 -3.083334
v 0.950000 10.275000 -3.083334
v 0.950000 10.725000 -3.083334
v 0.950000 10.275000 -3.250001
v 0.950000 10.725000 -3.250001
v 1.000000 10.775000 -3.250001
v 1.000000 10.775000 -3.416668
v 1.000000 11.000000 -3.250001
v 1.000000 11.000000 -3.416668
v 1.000000 11.000000 -3.583334
v 1.000000 11.000000 -3.750001
v 1.000000 10.775000 -3.583334
v 1.000000 10.225000 -3.583334
v 1.000000 10.775000 -3.750001
v 0.950000 10.725000 -3.583334
v 0.950000 10.275000 -3.583334
v 0.950000 10.725000 -3.416668
v 0.950000 10.275000 -3.416668
v 1.000000 10.225000 -3.416668
v 1.000000 10.000000 -3.416668
v 1.000000 10.000000 -3.583334
v 1.000000 10.000000 -3.750001
v 1.000000 10.000000 -4.000001
v 1.000000 10.225000 -3.750001
v 1.000000 10.225000 -3.916668
v 0.950000 10.275000 -3.750001
v 0.950000 10.725000 -3.750001
v 0.950000 10.275000 -3.916668
v 0.950000 10.725000 -3.916668
v 1.000000 10.775000 -3.916668
v 1.000000 11.000000 -4.000001
v 1.000000 10.787500 -3.629168
v 1.000000 10.862500 -3.629168
v 1.075000 10.787500 -3.629168
v 1.150000 10.806250 -3.647918
v 1.075000 10.862500 -3.629168
v 1.075000 10.787500 -3.704168
v 1.150000 10.806250 -3.685418
v 1.075000 10.862500 -3.704168
v 1.000000 10.787500 -3.704168
v 1.000000 10.862500 -3.704168
v 1.150000 10.843750 -3.685418
v 1.150000 10.843750 -3.647918
v 1.000000 10.137500 -3.629168
v 1.000000 10.212500 -3.629168
v 1.075000 10.137500 -3.629168
v 1.150000 10.156250 -3.647918
v 1.075000 10.212500 -3.629168
v 1.075000 10.137500 -3.704168
v 1.150000 10.156250 -3.685418
v 1.075000 10.212500 -3.704168
v 1.000000 10.137500 -3.704168
v 1.000000 10.212500 -3.704168
v 1.150000 10.193749 -3.685418
v 1.150000 10.193749 -3.647918
v 1.000000 10.137500 -3.295835
v 1.000000 10.212500 -3.295835
v 1.075000 10.137500 -3.295835
v 1.150000 10.156250 -3.314585
v 1.075000 10.212500 -3.295835
v 1.075000 10.137500 -3.370835
v 1.150000 10.156250 -3.352085
v 1.075000 10.212500 -3.370835
v 1.000000 10.137500 -3.370835
v 1.000000 10.212500 -3.370835
v 1.150000 10.193749 -3.352085
v 1.150000 10.193749 -3.314585
v 1.000000 10.787500 -3.295835
v 1.000000 10.862500 -3.295835
v 1.075000 10.787500 -3.295835
v 1.150000 10.806250 -3.314585
v 1.075000 10.862500 -3.295835
v 1.075000 10.787500 -3.370835
v 1.150000 10.806250 -3.352085
v 1.075000 10.862500 -3.370835
v 1.000000 10.787500 -3.370835
v 1.000000 10.862500 -3.370835
v 1.150000 10.843750 -3.352085
v 1.150000 10.843750 -3.314585
v 1.000000 12.000000 -3.000001
v 1.000000 11.000000 -4.000001
v 1.000000 12.000000 -3.750001
v 1.000000 12.000000 -3.583334
v 1.000000 12.000000 -3.416668
v 1.000000 12.000000 -3.250001
v 1.000000 12.000000 -4.000001
v -0.000000 12.000000 -3.000001
v -0.000000 11.000000 -4.000001
v -0.000000 12.000000 -4.000001
v 1.000000 11.000000 -3.000001
v 1.000000 11.000000 -3.250001
v 1.000000 12.000000 -3.000001
v 1.000000 11.225000 -3.083334
v 1.000000 11.225000 -3.250001
v 1.000000 11.775000 -3.083334
v 0.950000 11.275000 -3.083334
v 0.950000 11.725000 -3.083334
v 0.950000 11.275000 -3.250001
v 0.950000 11.725000 -3.250001
v 1.000000 11.775000 -3.250001
v 1.000000 11.775000 -3.416668
v 1.000000 12.000000 -3.250001
v 1.000000 12.000000 -3.416668
v 1.000000 12.000000 -3.583334
v 1.000000 12.000000 -3.750001
v 1.000000 11.775000 -3.583334
v 1.000000 11.225000 -3.583334
v 1.000000 11.775000 -3.750001
v 0.950000 11.725000 -3.583334
v 0.950000 11.275000 -3.583334
v 0.950000 11.725000 -3.416668
v 0.950000 11.275000 -3.416668
v 1.000000 11.225000 -3.416668
v 1.000000 11.000000 -3.416668
v 1.000000 11.000000 -3.583334
v 1.000000 11.000000 -3.750001
v 1.000000 11.000000 -4.000001
v 1.000000 11.225000 -3.750001
v 1.000000 11.225000 -3.916668
v 0.950000 11.275000 -3.750001
v 0.950000 11.725000 -3.750001
v 0.950000 11.275000 -3.916668
v 0.950000 11.725000 -3.916668
v 1.000000 11.775000 -3.916668
v 1.000000 12.000000 -4.000001
v 1.000000 11.787500 -3.629168
v 1.000000 11.862500 -3.629168
v 1.075000 11.787500 -3.629168
v 1.150000 11.806250 -3.647918
v 1.075000 11.862500 -3.629168
v 1.075000 11.787500 -3.704168
v 1.150000 11.806250 -3.685418
v 1.075000 11.862500 -3.704168
v 1.000000 11.787500 -3.704168
v 1.000000 11.862500 -3.704168
v 1.150000 11.843750 -3.685418
v 1.150000 11.843750 -3.647918
v 1.000000 11.137500 -3.629168
v 1.000000 11.212500 -3.629168
v 1.075000 11.137500 -3.629168
v 1.150000 11.156250 -3.647918
v 1.075000 11.212500 -3.629168
v 1.075000 11.137500 -3.704168
v 1.150000 11.156250 -3.685418
v 1.075000 11.212500 -3.704168
v 1.000000 11.137500 -3.704168
v 1.000000 11.212500 -3.704168
v 1.150000 11.193749 -3.685418
v 1.150000 11.193749 -3.647918
v 1.000000 11.137500 -3.295835
v 1.000000 11.212500 -3.295835
v 1.075000 11.137500 -3.295835
v 1.150000 11.156250 -3.314585
v 1.075000 11.212500 -3.295835
v 1.075000 11.137500 -3.370835
v 1.150000 11.156250 -3.352085
v 1.075000 11.212500 -3.370835
v 1.000000 11.137500 -3.370835
v 1.000000 11.212500 -3.370835
v 1.150000 11.193749 -3.352085
v 1.150000 11.193749 -3.314585
v 1.000000 11.787500 -3.295835
v 1.000000 11.862500 -3.295835
v 1.075000 11.787500 -3.295835
v 1.150000 11.806250 -3.314585
v 1.075000 11.862500 -3.295835
v 1.075000 11.787500 -3.370835
v 1.150000 11.806250 -3.352085
v 1.075000 11.862500 -3.370835
v 1.000000 11.787500 -3.370835
v 1.000000 11.862500 -3.370835
v 1.150000 11.843750 -3.352085
v 1.150000 11.843750 -3.314585
v -0.000000 12.000000 -3.000001
v -0.000000 13.000000 -3.000001
v 0.000000 12.000000 -4.000001
v -0.000000 12.000000 -3.250001
v -0.000000 13.000000 -3.750001
v -0.000000 13.000000 -3.583335
v -0.000000 13.000000 -3.416668
v -0.000000 13.000000 -3.250001
v -0.000000 12.000000 -3.416668
v -0.000000 12.000000 -3.583335
v 0.000000 12.000000 -3.750001
v -0.000000 13.000000 -4.000001
v -0.050000 12.725000 -3.916668
v -0.050000 12.275000 -3.916668
v -0.050000 12.725000 -3.750001
v -0.050000 12.275000 -3.750001
v -0.050000 12.725000 -3.583335
v -0.050000 12.275000 -3.583335
v -0.050000 12.725000 -3.416668
v -0.050000 12.275000 -3.416668
v -0.050000 12.725000 -3.250001
v -0.050000 12.275000 -3.250001
v -0.050000 12.725000 -3.083334
v -0.050000 12.275000 -3.083334
v -0.000000 12.775000 -3.916668
v -0.000000 12.225000 -3.916668
v -0.000000 12.775000 -3.750001
v -0.000000 12.225000 -3.750001
v -0.000000 12.775000 -3.583335
v -0.000000 12.225000 -3.583335
v -0.000000 12.775000 -3.416668
v -0.000000 12.225000 -3.416668
v -0.000000 12.775000 -3.250001
v -0.000000 12.225000 -3.250001
v -0.000000 12.775000 -3.083334
v -0.000000 12.225000 -3.083334
v -0.000000 12.137500 -3.037501
v -0.000000 12.212500 -3.037501
v 0.075000 12.137500 -3.037501
v 0.150000 12.156250 -3.018751
v 0.075000 12.212500 -3.037501
v 0.075000 12.137500 -3.000001
v 0.150000 12.156250 -3.000001
v 0.150000 12.193749 -3.000001
v 0.075000 12.212500 -3.000001
v 0.150000 12.193749 -3.018751
v -0.000000 12.212500 -3.000001
v -0.000000 12.787500 -3.962501
v -0.000000 12.862500 -3.962501
v 0.075000 12.787500 -3.962501
v 0.150000 12.806250 -3.981251
v 0.075000 12.862500 -3.962501
v 0.075000 12.787500 -4.000001
v 0.150000 12.806250 -4.000001
v 0.150000 12.843750 -4.000001
v 0.075000 12.862500 -4.000001
v 0.150000 12.843750 -3.981251
v -0.000000 12.862500 -4.000001
v -0.000000 12.787500 -3.037501
v -0.000000 12.862500 -3.037501
v 0.075000 12.787500 -3.037501
v 0.150000 12.806250 -3.018751
v 0.075000 12.862500 -3.037501
v 0.075000 12.787500 -3.000001
v 0.150000 12.806250 -3.000001
v 0.150000 12.843750 -3.000001
v 0.075000 12.862500 -3.000001
v 0.150000 12.843750 -3.018751
v -0.000000 12.862500 -3.000001
v -0.000000 12.137500 -3.962501
v -0.000000 12.212500 -3.962501
v 0.075000 12.137500 -3.962501
v 0.150000 12.156250 -3.981251
v 0.075000 12.212500 -3.962501
v 0.075000 12.137500 -4.000001
v 0.150000 12.156250 -4.000001
v 0.150000 12.193749 -4.000001
v 0.075000 12.212500 -4.000001
v 0.150000 12.193749 -3.981251
v -0.000000 12.212500 -4.000001
v -0.000000 12.787500 -3.629168
v -0.000000 12.862500 -3.629168
v 0.075000 12.787500 -3.629168
v 0.150000 12.806250 -3.647918
v 0.075000 12.862500 -3.629168
v 0.075000 12.787500 -3.704168
v 0.150000 12.806250 -3.685418
v 0.075000 12.862500 -3.704168
v -0.000000 12.787500 -3.704168
v -0.000000 12.862500 -3.704168
v 0.150000 12.843750 -3.685418
v 0.150000 12.843750 -3.647918
v -0.000000 12.137500 -3.629168
v -0.000000 12.212500 -3.629168
v 0.075000 12.137500 -3.629168
v 0.150000 12.156250 -3.647918
v 0.075000 12.212500 -3.629168
v 0.075000 12.137500 -3.704168
v 0.150000 12.156250 -3.685418
v 0.075000 12.212500 -3.704168
v -0.000000 12.137500 -3.704168
v -0.000000 12.212500 -3.704168
v 0.150000 12.193749 -3.685418
v 0.150000 12.193749 -3.647918
v -0.000000 12.137500 -3.295835
v -0.000000 12.212500 -3.295835
v 0.075000 12.137500 -3.295835
v 0.150000 12.156250 -3.314585
v 0.075000 12.212500 -3.295835
v 0.075000 12.137500 -3.370835
v 0.150000 12.156250 -3.352085
v 0.075000 12.212500 -3.370835
v -0.000000 12.137500 -3.370835
v -0.000000 12.212500 -3.370835
v 0.150000 12.193749 -3.352085
v 0.150000 12.193749 -3.314585
v -0.000000 12.787500 -3.295835
v -0.000000 12.862500 -3.295835
v 0.075000 12.787500 -3.295835
v 0.150000 12.806250 -3.314585
v 0.075000 12.862500 -3.295835
v 0.075000 12.787500 -3.370835
v 0.150000 12.806250 -3.352085
v 0.075000 12.862500 -3.370835
v -0.000000 12.787500 -3.370835
v -0.000000 12.862500 -3.370835
v 0.150000 12.843750 -3.352085
v 0.150000 12.843750 -3.314585
v 0.500000 13.000000 -4.000001
v 0.500000 14.000000 -3.000001
v 0.500000 14.000000 -4.000001
v -0.000000 14.000000 -3.000001
v 0.000000 13.000000 -4.000001
v -0.000000 14.000000 -4.000001
v 0.500000 13.000000 -3.000001
v 0.500000 14.000000 -3.000001
v 0.500000 13.000000 -4.000001
v 0.500000 14.000000 -4.000001
v 0.500000 13.137500 -3.629168
v 0.500000 13.212500 -3.629168
v 0.575000 13.137500 -3.629168
v 0.650000 13.156250 -3.647918
v 0.575000 13.212500 -3.629168
v 0.575000 13.137500 -3.704168
v 0.650000 13.156250 -3.685418
v 0.575000 13.212500 -3.704168
v 0.500000 13.137500 -3.704168
v 0.500000 13.212500 -3.704168
v 0.650000 13.193749 -3.685418
v 0.650000 13.193749 -3.647918
v 0.500000 13.787500 -3.295836
v 0.500000 13.862500 -3.295836
v 0.575000 13.787500 -3.295836
v 0.650000 13.806250 -3.314586
v 0.575000 13.862500 -3.295836
v 0.575000 13.787500 -3.370836
v 0.650000 13.806250 -3.352086
v 0.575000 13.862500 -3.370836
v 0.500000 13.787500 -3.370836
v 0.500000 13.862500 -3.370836
v 0.650000 13.843750 -3.352086
v 0.650000 13.843750 -3.314586
v 0.500000 13.137500 -3.295836
v 0.500000 13.212500 -3.295836
v 0.575000 13.137500 -3.295836
v 0.650000 13.156250 -3.314586
v 0.575000 13.212500 -3.295836
v 0.575000 13.137500 -3.370836
v 0.650000 13.156250 -3.352086
v 0.575000 13.212500 -3.370836
v 0.500000 13.137500 -3.370836
v 0.500000 13.212500 -3.370836
v 0.650000 13.193749 -3.352086
v 0.650000 13.193749 -3.314586
v 0.500000 13.787500 -3.629169
v 0.500000 13.862500 -3.629169
v 0.575000 13.787500 -3.629169
v 0.650000 13.806250 -3.647919
v 0.575000 13.862500 -3.629169
v 0.575000 13.787500 -3.704169
v 0.650000 13.806250 -3.685419
v 0.575000 13.862500 -3.704169
v 0.500000 13.787500 -3.704169
v 0.500000 13.862500 -3.704169
v 0.650000 13.843750 -3.685419
v 0.650000 13.843750 -3.647919
v -0.000000 14.000000 -3.000001
v -0.000000 14.400000 -3.000001
v 0.000000 14.400000 -4.000001
v 0.075000 14.000000 -4.000001
v 0.075000 14.000000 -4.075001
v -0.000000 14.000000 -4.000001
v 0.075000 14.137500 -4.075001
v -0.000000 14.137500 -4.000001
v 0.075000 14.137500 -4.000001
v -0.083334 14.775001 -3.916668
v -0.083334 14.400000 -3.916668
v 0.166667 14.775001 -3.916668
v -0.020834 15.025000 -3.979168
v 0.104166 15.025000 -3.979168
v 0.104167 15.025000 -4.104169
v 0.166667 14.775000 -4.166669
v 0.166666 14.400000 -4.166668
v 0.166666 14.400000 -3.916669
v 0.041666 14.525000 -3.750002
v 0.041666 14.608334 -3.750002
v 0.041666 14.525000 -3.916669
v 0.041666 14.608334 -3.916669
v 0.124999 14.608334 -3.916669
v 0.124999 14.525000 -3.916669
v 0.124999 14.608334 -3.750002
v 0.124999 14.525000 -3.750002
v 0.124999 14.816666 -3.041668
v 0.124999 14.816666 -3.000001
v 0.041666 14.816667 -3.041668
v 0.166666 14.650000 -3.083335
v 0.166666 14.400000 -3.083335
v -0.000001 14.650000 -3.083335
v 0.166666 14.650000 -3.000001
v 0.166666 14.400000 -3.000001
v -0.000001 14.400000 -3.083335
v -0.000001 14.650000 -3.000001
v 0.041666 14.816667 -3.000001
v -0.000001 14.400000 -3.000001
v 0.124999 14.816666 -3.708335
v 0.124999 14.816666 -3.625002
v 0.041666 14.816667 -3.708335
v 0.166666 14.650000 -3.750002
v 0.166666 14.650000 -3.583335
v -0.000001 14.650000 -3.750002
v 0.166666 14.400000 -3.750002
v 0.166666 14.400000 -3.583335
v -0.000001 14.400000 -3.750002
v -0.000001 14.400000 -3.583335
v -0.000001 14.650000 -3.583335
v 0.041666 14.816667 -3.625002
v 0.124999 14.816666 -3.375002
v 0.124999 14.816666 -3.291668
v 0.041666 14.816667 -3.375002
v 0.166666 14.650000 -3.416668
v 0.166666 14.400000 -3.416668
v -0.000001 14.650000 -3.416668
v 0.166666 14.650000 -3.250002
v 0.166666 14.400000 -3.250002
v -0.000001 14.650000 -3.250002
v 0.041666 14.816667 -3.291668
v -0.000001 14.400000 -3.250002
v -0.000001 14.400000 -3.416668
v 0.124999 14.525000 -3.083335
v 0.124999 14.608334 -3.083335
v 0.124999 14.525000 -3.250002
v 0.124999 14.608334 -3.250002
v 0.041666 14.608334 -3.250002
v 0.041666 14.525000 -3.250002
v 0.041666 14.608334 -3.083335
v 0.041666 14.525000 -3.083335
v 0.041666 14.525000 -3.416668
v 0.041666 14.608334 -3.416668
v 0.041666 14.525000 -3.583335
v 0.041666 14.608334 -3.583335
v 0.124999 14.608334 -3.583335
v 0.124999 14.525000 -3.583335
v 0.124999 14.608334 -3.416668
v 0.124999 14.525000 -3.416668
v 0.075000 14.212500 -3.000001
v 0.075000 14.212500 -4.075001
v 0.166666 14.400000 -3.000001
v 0.166666 14.400000 -4.166668
v -0.500000 14.400000 -3.000001
v -0.500000 14.400000 -4.166668
v -0.000000 14.137500 -3.037501
v -0.000000 14.212500 -3.037501
v 0.075000 14.137500 -3.037501
v 0.150000 14.156250 -3.018751
v 0.075000 14.212500 -3.037501
v 0.075000 14.137500 -3.000001
v 0.150000 14.156250 -3.000001
v 0.150000 14.193750 -3.000001
v 0.075000 14.212500 -3.000001
v 0.150000 14.193750 -3.018751
v -0.000000 14.137500 -3.295835
v -0.000000 14.212500 -3.295835
v 0.075000 14.137500 -3.295835
v 0.150000 14.156250 -3.314585
v 0.075000 14.212500 -3.295835
v 0.075000 14.137500 -3.370835
v 0.150000 14.156250 -3.352085
v 0.075000 14.212500 -3.370835
v -0.000000 14.137500 -3.370835
v -0.000000 14.212500 -3.370835
v 0.150000 14.193750 -3.352085
v 0.150000 14.193750 -3.314585
v -0.000000 14.137500 -3.629168
v -0.000000 14.212500 -3.629168
v 0.075000 14.137500 -3.629168
v 0.150000 14.156250 -3.647918
v 0.075000 14.212500 -3.629168
v 0.075000 14.137500 -3.704168
v 0.150000 14.156250 -3.685418
v 0.075000 14.212500 -3.704168
v -0.000000 14.137500 -3.704168
v -0.000000 14.212500 -3.704168
v 0.150000 14.193750 -3.685418
v 0.150000 14.193750 -3.647918
v -0.000000 14.137500 -3.962502
v -0.000000 14.212500 -3.962502
v 0.075000 14.137500 -3.962502
v 0.150000 14.156250 -3.981252
v 0.075000 14.212500 -3.962502
v 0.075000 14.137500 -4.075001
v 0.150000 14.156250 -4.150002
v 0.150000 14.193749 -4.150002
v 0.075000 14.212500 -4.075001
v 0.150000 14.193750 -3.981252
v -0.000000 14.000000 -1.000001
v -0.000000 14.000000 -0.000001
v -0.000000 14.400000 -1.000001
v -0.000000 14.400000 -0.000001
v 0.075000 14.000000 0.074999
v 0.075000 14.000000 -0.000001
v 0.075000 14.137500 0.074999
v 0.075000 14.137500 -0.000001
v -0.000000 14.137500 -0.000001
v 0.125000 14.816666 -0.958334
v 0.125000 14.816666 -1.000001
v 0.041667 14.816667 -0.958334
v 0.166667 14.650000 -0.916667
v 0.166667 14.400000 -0.916667
v -0.000000 14.650000 -0.916667
v 0.166667 14.650000 -1.000001
v 0.166667 14.400000 -1.000001
v -0.000000 14.400000 -0.916667
v -0.000000 14.650000 -1.000001
v 0.041667 14.816667 -1.000001
v -0.000000 14.400000 -1.000001
v 0.166667 14.775000 -0.083335
v 0.104167 15.025000 -0.020835
v 0.166667 14.400000 -0.083335
v -0.083333 14.775001 -0.083335
v 0.166667 14.775000 0.166665
v 0.104167 15.025000 0.104165
v 0.166667 14.400000 0.166665
v -0.020833 15.025000 -0.020835
v -0.083333 14.400000 -0.083335
v 0.125000 14.816666 -0.291667
v 0.125000 14.816666 -0.375000
v 0.041667 14.816667 -0.291667
v 0.166667 14.650000 -0.250001
v 0.166667 14.650000 -0.416667
v -0.000000 14.650000 -0.250001
v 0.166667 14.400000 -0.250001
v 0.166667 14.400000 -0.416667
v -0.000000 14.400000 -0.250001
v -0.000000 14.400000 -0.416667
v -0.000000 14.650000 -0.416667
v 0.041667 14.816667 -0.375000
v 0.125000 14.816666 -0.625000
v 0.125000 14.816666 -0.708334
v 0.041667 14.816667 -0.625000
v 0.166667 14.650000 -0.583334
v 0.166667 14.400000 -0.583334
v -0.000000 14.650000 -0.583334
v 0.166667 14.650000 -0.750000
v 0.166667 14.400000 -0.750000
v -0.000000 14.650000 -0.750000
v 0.041667 14.816667 -0.708334
v -0.000000 14.400000 -0.750000
v -0.000000 14.400000 -0.583334
v 0.125000 14.525000 -0.916667
v 0.125000 14.608334 -0.916667
v 0.125000 14.525000 -0.750000
v 0.125000 14.608334 -0.750000
v 0.041667 14.608334 -0.750000
v 0.041667 14.525000 -0.750000
v 0.041667 14.608334 -0.916667
v 0.041667 14.525000 -0.916667
v 0.041667 14.525000 -0.583334
v 0.041667 14.608334 -0.583334
v 0.041667 14.525000 -0.416667
v 0.041667 14.608334 -0.416667
v 0.125000 14.608334 -0.416667
v 0.125000 14.525000 -0.416667
v 0.125000 14.608334 -0.583334
v 0.125000 14.525000 -0.583334
v 0.041667 14.525000 -0.250001
v 0.041667 14.608334 -0.250001
v 0.041667 14.525000 -0.083334
v 0.041667 14.608334 -0.083334
v 0.125000 14.608334 -0.083334
v 0.125000 14.525000 -0.083334
v 0.125000 14.608334 -0.250001
v 0.125000 14.525000 -0.250001
v 0.075000 14.212500 0.074999
v 0.075000 14.212500 -1.000001
v 0.166667 14.400000 0.166665
v 0.166667 14.400000 -1.000001
v -0.500000 14.400000 -0.500001
v -0.500000 14.400000 -1.000001
v -0.000000 14.137500 -0.962501
v -0.000000 14.212500 -0.962501
v 0.075000 14.137500 -0.962501
v 0.150000 14.156250 -0.981251
v 0.075000 14.212500 -0.962501
v 0.075000 14.137500 -1.000001
v 0.150000 14.156250 -1.000001
v 0.150000 14.193750 -1.000001
v 0.075000 14.212500 -1.000001
v 0.150000 14.193750 -0.981251
v -0.000000 14.137500 -0.704167
v -0.000000 14.212500 -0.704167
v 0.075000 14.137500 -0.704167
v 0.150000 14.156250 -0.685417
v 0.075000 14.212500 -0.704167
v 0.075000 14.137500 -0.629167
v 0.150000 14.156250 -0.647918
v 0.075000 14.212500 -0.629167
v -0.000000 14.137500 -0.629167
v -0.000000 14.212500 -0.629167
v 0.150000 14.193750 -0.647918
v 0.150000 14.193750 -0.685417
v -0.000000 14.137500 -0.370834
v -0.000000 14.212500 -0.370834
v 0.075000 14.137500 -0.370834
v 0.150000 14.156250 -0.352084
v 0.075000 14.212500 -0.370834
v 0.075000 14.137500 -0.295834
v 0.150000 14.156250 -0.314584
v 0.075000 14.212500 -0.295834
v -0.000000 14.137500 -0.295834
v -0.000000 14.212500 -0.295834
v 0.150000 14.193750 -0.314584
v 0.150000 14.193750 -0.352084
v -0.000000 14.137500 -0.037501
v -0.000000 14.212500 -0.037501
v 0.075000 14.137500 -0.037501
v 0.150000 14.156250 -0.018751
v 0.075000 14.212500 -0.037501
v 0.075000 14.137500 0.074999
v 0.150000 14.156250 0.149999
v 0.150000 14.193749 0.149999
v 0.075000 14.212500 0.074999
v 0.150000 14.193750 -0.018751
v -4.075000 1.000000 -0.000001
v -4.075000 1.000000 0.074999
v -4.000000 1.000000 0.074999
v -4.000000 1.000000 -0.000002
v -4.075000 0.000000 -0.000001
v -4.075000 0.000000 0.074998
v -4.000000 0.000000 0.074998
v -4.000000 0.000000 -0.000001
v -4.075000 0.137500 -0.000001
v -4.075000 0.862500 -0.000001
v -4.075000 0.862500 0.074999
v -4.075000 0.787500 0.074999
v -4.075000 0.212500 0.074999
v -4.075000 0.137500 0.074998
v -4.000000 0.137500 0.074998
v -4.000000 0.212500 0.074999
v -4.000000 0.787500 0.074999
v -4.000000 0.862500 0.074999
v -4.000000 0.862500 -0.000001
v -4.000000 0.787500 -0.000001
v -4.000000 0.212500 -0.000001
v -4.000000 0.137500 -0.000001
v -4.075000 0.212500 -0.000001
v -4.075000 0.787500 -0.000001
v -4.150001 0.843750 0.149999
v -4.150001 0.806250 0.149999
v -4.000000 0.806250 0.149999
v -4.000000 0.843750 0.149999
v -4.150001 0.806250 -0.000001
v -4.150001 0.843750 -0.000001
v -4.150000 0.193750 0.149999
v -4.150000 0.156250 0.149999
v -4.000000 0.156250 0.149999
v -4.000000 0.193750 0.149999
v -4.150000 0.156250 -0.000001
v -4.150000 0.193750 -0.000001
v -4.075000 2.000000 -0.000001
v -4.075000 2.000000 0.074999
v -4.000000 2.000000 0.074999
v -4.000000 2.000000 -0.000002
v -4.075000 1.000000 -0.000001
v -4.075000 1.000000 0.074998
v -4.000000 1.000000 0.074998
v -4.000000 1.000000 -0.000001
v -4.075000 1.137500 -0.000001
v -4.075000 1.862500 -0.000001
v -4.075000 1.862500 0.074999
v -4.075000 1.787500 0.074999
v -4.075000 1.212500 0.074999
v -4.075000 1.137500 0.074998
v -4.000000 1.137500 0.074998
v -4.000000 1.212500 0.074999
v -4.000000 1.787500 0.074999
v -4.000000 1.862500 0.074999
v -4.000000 1.862500 -0.000001
v -4.000000 1.787500 -0.000001
v -4.000000 1.212500 -0.000001
v -4.000000 1.137500 -0.000001
v -4.075000 1.212500 -0.000001
v -4.075000 1.787500 -0.000001
v -4.150001 1.843750 0.149999
v -4.150001 1.806250 0.149999
v -4.000000 1.806250 0.149999
v -4.000000 1.843750 0.149999
v -4.150001 1.806250 -0.000001
v -4.150001 1.843750 -0.000001
v -4.150000 1.193750 0.149999
v -4.150000 1.156250 0.149999
v -4.000000 1.156250 0.149999
v -4.000000 1.193750 0.149999
v -4.150000 1.156250 -0.000001
v -4.150000 1.193750 -0.000001
v -4.075000 3.000000 -0.000001
v -4.075000 3.000000 0.074999
v -4.000000 3.000000 0.074999
v -4.000000 3.000000 -0.000002
v -4.075000 2.000000 -0.000001
v -4.075000 2.000000 0.074998
v -4.000000 2.000000 0.074998
v -4.000000 2.000000 -0.000001
v -4.075000 2.137500 -0.000001
v -4.075000 2.862500 -0.000001
v -4.075000 2.862500 0.074999
v -4.075000 2.787500 0.074999
v -4.075000 2.212500 0.074999
v -4.075000 2.137500 0.074998
v -4.000000 2.137500 0.074998
v -4.000000 2.212500 0.074999
v -4.000000 2.787500 0.074999
v -4.000000 2.862500 0.074999
v -4.000000 2.862500 -0.000001
v -4.000000 2.787500 -0.000001
v -4.000000 2.212500 -0.000001
v -4.000000 2.137500 -0.000001
v -4.075000 2.212500 -0.000001
v -4.075000 2.787500 -0.000001
v -4.150000 2.843750 0.149999
v -4.150000 2.806250 0.149999
v -4.000000 2.806250 0.149999
v -4.000000 2.843750 0.149999
v -4.150000 2.806250 -0.000001
v -4.150000 2.843750 -0.000001
v -4.150000 2.193750 0.149999
v -4.150000 2.156250 0.149999
v -4.000000 2.156250 0.149999
v -4.000000 2.193750 0.149999
v -4.150000 2.156250 -0.000001
v -4.150000 2.193750 -0.000001
v -4.075000 4.000000 -0.000001
v -4.075000 4.000000 0.074999
v -4.000000 4.000000 0.074999
v -4.000000 4.000000 -0.000002
v -4.075000 3.000000 -0.000001
v -4.075000 3.000000 0.074998
v -4.000000 3.000000 0.074998
v -4.000000 3.000000 -0.000001
v -4.075000 3.137500 -0.000001
v -4.075000 3.862500 -0.000001
v -4.075000 3.862500 0.074999
v -4.075000 3.787500 0.074999
v -4.075000 3.212500 0.074999
v -4.075000 3.137500 0.074998
v -4.000000 3.137500 0.074998
v -4.000000 3.212500 0.074999
v -4.000000 3.787500 0.074999
v -4.000000 3.862500 0.074999
v -4.000000 3.862500 -0.000001
v -4.000000 3.787500 -0.000001
v -4.000000 3.212500 -0.000001
v -4.000000 3.137500 -0.000001
v -4.075000 3.212500 -0.000001
v -4.075000 3.787500 -0.000001
v -4.150000 3.843750 0.149999
v -4.150000 3.806250 0.149999
v -4.000000 3.806250 0.149999
v -4.000000 3.843750 0.149999
v -4.150000 3.806250 -0.000001
v -4.150000 3.843750 -0.000001
v -4.150000 3.193750 0.149999
v -4.150000 3.156250 0.149999
v -4.000000 3.156250 0.149999
v -4.000000 3.193750 0.149999
v -4.150000 3.156250 -0.000001
v -4.150000 3.193750 -0.000001
v -4.075000 5.000000 -0.000001
v -4.075000 5.000000 0.074999
v -4.000000 5.000000 0.074999
v -4.000000 5.000000 -0.000002
v -4.075000 4.000000 -0.000001
v -4.075000 4.000000 0.074998
v -4.000000 4.000000 0.074998
v -4.000000 4.000000 -0.000001
v -4.075000 4.137499 -0.000001
v -4.075000 4.862500 -0.000001
v -4.075000 4.862500 0.074999
v -4.075000 4.787500 0.074999
v -4.075000 4.212499 0.074999
v -4.075000 4.137499 0.074998
v -4.000000 4.137499 0.074998
v -4.000000 4.212499 0.074999
v -4.000000 4.787500 0.074999
v -4.000000 4.862500 0.074999
v -4.000000 4.862500 -0.000001
v -4.000000 4.787500 -0.000001
v -4.000000 4.212499 -0.000001
v -4.000000 4.137499 -0.000001
v -4.075000 4.212499 -0.000001
v -4.075000 4.787500 -0.000001
v -4.150000 4.843750 0.149999
v -4.150000 4.806250 0.149999
v -4.000000 4.806250 0.149999
v -4.000000 4.843750 0.149999
v -4.150000 4.806250 -0.000001
v -4.150000 4.843750 -0.000001
v -4.150000 4.193749 0.149999
v -4.150000 4.156250 0.149999
v -4.000000 4.156250 0.149999
v -4.000000 4.193749 0.149999
v -4.150000 4.156250 -0.000001
v -4.150000 4.193749 -0.000001
v -4.075000 6.000000 -0.000001
v -4.075000 6.000000 0.074999
v -4.000000 6.000000 0.074999
v -4.000000 6.000000 -0.000002
v -4.075000 5.000000 -0.000001
v -4.075000 5.000000 0.074998
v -4.000000 5.000000 0.074998
v -4.000000 5.000000 -0.000001
v -4.075000 5.137499 -0.000001
v -4.075000 5.862500 -0.000001
v -4.075000 5.862500 0.074999
v -4.075000 5.787500 0.074999
v -4.075000 5.212499 0.074999
v -4.075000 5.137499 0.074998
v -4.000000 5.137499 0.074998
v -4.000000 5.212499 0.074999
v -4.000000 5.787500 0.074999
v -4.000000 5.862500 0.074999
v -4.000000 5.862500 -0.000001
v -4.000000 5.787500 -0.000001
v -4.000000 5.212499 -0.000001
v -4.000000 5.137499 -0.000001
v -4.075000 5.212499 -0.000001
v -4.075000 5.787500 -0.000001
v -4.150000 5.843750 0.149999
v -4.150000 5.806250 0.149999
v -4.000000 5.806250 0.149999
v -4.000000 5.843750 0.149999
v -4.150000 5.806250 -0.000001
v -4.150000 5.843750 -0.000001
v -4.150000 5.193749 0.149999
v -4.150000 5.156250 0.149999
v -4.000000 5.156250 0.149999
v -4.000000 5.193749 0.149999
v -4.150000 5.156250 -0.000001
v -4.150000 5.193749 -0.000001
v -4.075000 7.000000 -0.000001
v -4.075000 7.000000 0.074999
v -4.000000 7.000000 0.074999
v -4.000000 7.000000 -0.000002
v -4.075000 6.000000 -0.000001
v -4.075000 6.000000 0.074998
v -4.000000 6.000000 0.074998
v -4.000000 6.000000 -0.000001
v -4.075000 6.137499 -0.000001
v -4.075000 6.862500 -0.000001
v -4.075000 6.862500 0.074999
v -4.075000 6.787500 0.074999
v -4.075000 6.212499 0.074999
v -4.075000 6.137499 0.074998
v -4.000000 6.137499 0.074998
v -4.000000 6.212499 0.074999
v -4.000000 6.787500 0.074999
v -4.000000 6.862500 0.074999
v -4.000000 6.862500 -0.000001
v -4.000000 6.787500 -0.000001
v -4.000000 6.212499 -0.000001
v -4.000000 6.137499 -0.000001
v -4.075000 6.212499 -0.000001
v -4.075000 6.787500 -0.000001
v -4.150000 6.843750 0.149999
v -4.150000 6.806250 0.149999
v -4.000000 6.806250 0.149999
v -4.000000 6.843750 0.149999
v -4.150000 6.806250 -0.000001
v -4.150000 6.843750 -0.000001
v -4.150000 6.193749 0.149999
v -4.150000 6.156250 0.149999
v -4.000000 6.156250 0.149999
v -4.000000 6.193749 0.149999
v -4.150000 6.156250 -0.000001
v -4.150000 6.193749 -0.000001
v -4.075000 8.000000 -0.000001
v -4.075000 8.000000 0.074999
v -4.000000 8.000000 0.074999
v -4.000000 8.000000 -0.000002
v -4.075000 7.000000 -0.000001
v -4.075000 7.000000 0.074998
v -4.000000 7.000000 0.074998
v -4.000000 7.000000 -0.000001
v -4.075000 7.137499 -0.000001
v -4.075000 7.862500 -0.000001
v -4.075000 7.862500 0.074999
v -4.075000 7.787500 0.074999
v -4.075000 7.212499 0.074999
v -4.075000 7.137499 0.074998
v -4.000000 7.137499 0.074998
v -4.000000 7.212499 0.074999
v -4.000000 7.787500 0.074999
v -4.000000 7.862500 0.074999
v -4.000000 7.862500 -0.000001
v -4.000000 7.787500 -0.000001
v -4.000000 7.212499 -0.000001
v -4.000000 7.137499 -0.000001
v -4.075000 7.212499 -0.000001
v -4.075000 7.787500 -0.000001
v -4.150000 7.843750 0.149999
v -4.150000 7.806250 0.149999
v -4.000000 7.806250 0.149999
v -4.000000 7.843750 0.149999
v -4.150000 7.806250 -0.000001
v -4.150000 7.843750 -0.000001
v -4.150000 7.193749 0.149999
v -4.150000 7.156250 0.149999
v -4.000000 7.156250 0.149999
v -4.000000 7.193749 0.149999
v -4.150000 7.156250 -0.000001
v -4.150000 7.193749 -0.000001
v -4.075000 9.000000 -0.000001
v -4.075000 9.000000 0.074999
v -4.000000 9.000000 0.074999
v -4.000000 9.000000 -0.000002
v -4.075000 8.000000 -0.000001
v -4.075000 8.000000 0.074998
v -4.000000 8.000000 0.074998
v -4.000000 8.000000 -0.000001
v -4.075000 8.137500 -0.000001
v -4.075000 8.862500 -0.000001
v -4.075000 8.862500 0.074999
v -4.075000 8.787500 0.074999
v -4.075000 8.212500 0.074999
v -4.075000 8.137500 0.074998
v -4.000000 8.137500 0.074998
v -4.000000 8.212500 0.074999
v -4.000000 8.787500 0.074999
v -4.000000 8.862500 0.074999
v -4.000000 8.862500 -0.000001
v -4.000000 8.787500 -0.000001
v -4.000000 8.212500 -0.000001
v -4.000000 8.137500 -0.000001
v -4.075000 8.212500 -0.000001
v -4.075000 8.787500 -0.000001
v -4.150000 8.843750 0.149999
v -4.150000 8.806250 0.149999
v -4.000000 8.806250 0.149999
v -4.000000 8.843750 0.149999
v -4.150000 8.806250 -0.000001
v -4.150000 8.843750 -0.000001
v -4.150000 8.193749 0.149999
v -4.150000 8.156250 0.149999
v -4.000000 8.156250 0.149999
v -4.000000 8.193749 0.149999
v -4.150000 8.156250 -0.000001
v -4.150000 8.193749 -0.000001
v -4.075000 10.000000 -0.000001
v -4.075000 10.000000 0.074999
v -4.000000 10.000000 0.074999
v -4.000000 10.000000 -0.000002
v -4.075000 9.000000 -0.000001
v -4.075000 9.000000 0.074998
v -4.000000 9.000000 0.074998
v -4.000000 9.000000 -0.000001
v -4.075000 9.137500 -0.000001
v -4.075000 9.862500 -0.000001
v -4.075000 9.862500 0.074999
v -4.075000 9.787500 0.074999
v -4.075000 9.212500 0.074999
v -4.075000 9.137500 0.074998
v -4.000000 9.137500 0.074998
v -4.000000 9.212500 0.074999
v -4.000000 9.787500 0.074999
v -4.000000 9.862500 0.074999
v -4.000000 9.862500 -0.000001
v -4.000000 9.787500 -0.000001
v -4.000000 9.212500 -0.000001
v -4.000000 9.137500 -0.000001
v -4.075000 9.212500 -0.000001
v -4.075000 9.787500 -0.000001
v -4.150000 9.843750 0.149999
v -4.150000 9.806250 0.149999
v -4.000000 9.806250 0.149999
v -4.000000 9.843750 0.149999
v -4.150000 9.806250 -0.000001
v -4.150000 9.843750 -0.000001
v -4.150000 9.193749 0.149999
v -4.150000 9.156250 0.149999
v -4.000000 9.156250 0.149999
v -4.000000 9.193749 0.149999
v -4.150000 9.156250 -0.000001
v -4.150000 9.193749 -0.000001
v -4.075000 11.000000 -0.000001
v -4.075000 11.000000 0.074999
v -4.000000 11.000000 0.074999
v -4.000000 11.000000 -0.000002
v -4.075000 10.000000 -0.000001
v -4.075000 10.000000 0.074998
v -4.000000 10.000000 0.074998
v -4.000000 10.000000 -0.000001
v -4.075000 10.137500 -0.000001
v -4.075000 10.862500 -0.000001
v -4.075000 10.862500 0.074999
v -4.075000 10.787500 0.074999
v -4.075000 10.212500 0.074999
v -4.075000 10.137500 0.074998
v -4.000000 10.137500 0.074998
v -4.000000 10.212500 0.074999
v -4.000000 10.787500 0.074999
v -4.000000 10.862500 0.074999
v -4.000000 10.862500 -0.000001
v -4.000000 10.787500 -0.000001
v -4.000000 10.212500 -0.000001
v -4.000000 10.137500 -0.000001
v -4.075000 10.212500 -0.000001
v -4.075000 10.787500 -0.000001
v -4.150000 10.843750 0.149999
v -4.150000 10.806250 0.149999
v -4.000000 10.806250 0.149999
v -4.000000 10.843750 0.149999
v -4.150000 10.806250 -0.000001
v -4.150000 10.843750 -0.000001
v -4.150000 10.193749 0.149999
v -4.150000 10.156250 0.149999
v -4.000000 10.156250 0.149999
v -4.000000 10.193749 0.149999
v -4.150000 10.156250 -0.000001
v -4.150000 10.193749 -0.000001
v -4.075000 12.000000 -0.000001
v -4.075000 12.000000 0.074999
v -4.000000 12.000000 0.074999
v -4.000000 12.000000 -0.000002
v -4.075000 11.000000 -0.000001
v -4.075000 11.000000 0.074998
v -4.000000 11.000000 0.074998
v -4.000000 11.000000 -0.000001
v -4.075000 11.137500 -0.000001
v -4.075000 11.862500 -0.000001
v -4.075000 11.862500 0.074999
v -4.075000 11.787500 0.074999
v -4.075000 11.212500 0.074999
v -4.075000 11.137500 0.074998
v -4.000000 11.137500 0.074998
v -4.000000 11.212500 0.074999
v -4.000000 11.787500 0.074999
v -4.000000 11.862500 0.074999
v -4.000000 11.862500 -0.000001
v -4.000000 11.787500 -0.000001
v -4.000000 11.212500 -0.000001
v -4.000000 11.137500 -0.000001
v -4.075000 11.212500 -0.000001
v -4.075000 11.787500 -0.000001
v -4.150000 11.843750 0.149999
v -4.150000 11.806250 0.149999
v -4.000000 11.806250 0.149999
v -4.000000 11.843750 0.149999
v -4.150000 11.806250 -0.000001
v -4.150000 11.843750 -0.000001
v -4.150000 11.193749 0.149999
v -4.150000 11.156250 0.149999
v -4.000000 11.156250 0.149999
v -4.000000 11.193749 0.149999
v -4.150000 11.156250 -0.000001
v -4.150000 11.193749 -0.000001
v -4.075000 13.000000 -0.000001
v -4.075000 13.000000 0.074999
v -4.000000 13.000000 0.074999
v -4.000000 13.000000 -0.000002
v -4.075000 12.000000 -0.000001
v -4.075000 12.000000 0.074998
v -4.000000 12.000000 0.074998
v -4.000000 12.000000 -0.000001
v -4.075000 12.137500 -0.000001
v -4.075000 12.862500 -0.000001
v -4.075000 12.862500 0.074999
v -4.075000 12.787500 0.074999
v -4.075000 12.212500 0.074999
v -4.075000 12.137500 0.074998
v -4.000000 12.137500 0.074998
v -4.000000 12.212500 0.074999
v -4.000000 12.787500 0.074999
v -4.000000 12.862500 0.074999
v -4.000000 12.862500 -0.000001
v -4.000000 12.787500 -0.000001
v -4.000000 12.212500 -0.000001
v -4.000000 12.137500 -0.000001
v -4.075000 12.212500 -0.000001
v -4.075000 12.787500 -0.000001
v -4.150000 12.843750 0.149999
v -4.150000 12.806250 0.149999
v -4.000000 12.806250 0.149999
v -4.000000 12.843750 0.149999
v -4.150000 12.806250 -0.000001
v -4.150000 12.843750 -0.000001
v -4.150000 12.193749 0.149999
v -4.150000 12.156250 0.149999
v -4.000000 12.156250 0.149999
v -4.000000 12.193749 0.149999
v -4.150000 12.156250 -0.000001
v -4.150000 12.193749 -0.000001
v -4.075000 14.000000 -0.000001
v -4.075000 14.000000 0.074999
v -4.000000 14.000000 0.074999
v -4.000000 14.000000 -0.000002
v -4.075000 13.000000 -0.000001
v -4.075000 13.000000 0.074998
v -4.000000 13.000000 0.074998
v -4.000000 13.000000 -0.000001
v -4.075000 13.137500 -0.000001
v -4.075000 13.862500 -0.000001
v -4.075000 13.862500 0.074999
v -4.075000 13.787500 0.074999
v -4.075000 13.212500 0.074999
v -4.075000 13.137500 0.074998
v -4.000000 13.137500 0.074998
v -4.000000 13.212500 0.074999
v -4.000000 13.787500 0.074999
v -4.000000 13.862500 0.074999
v -4.000000 13.862500 -0.000001
v -4.000000 13.787500 -0.000001
v -4.000000 13.212500 -0.000001
v -4.000000 13.137500 -0.000001
v -4.075000 13.212500 -0.000001
v -4.075000 13.787500 -0.000001
v -4.150000 13.843750 0.149999
v -4.150000 13.806250 0.149999
v -4.000000 13.806250 0.149999
v -4.000000 13.843750 0.149999
v -4.150000 13.806250 -0.000001
v -4.150000 13.843750 -0.000001
v -4.150000 13.193749 0.149999
v -4.150000 13.156250 0.149999
v -4.000000 13.156250 0.149999
v -4.000000 13.193749 0.149999
v -4.150000 13.156250 -0.000001
v -4.150000 13.193749 -0.000001
v -4.075000 14.000000 -0.000001
v -4.075000 14.000000 0.074999
v -4.000000 14.000000 -0.000001
v -4.075000 14.137500 0.074999
v -4.000000 14.137500 -0.000001
v -4.075000 14.137500 -0.000001
v -3.916667 14.775001 -0.083334
v -3.916667 14.400000 -0.083334
v -4.166666 14.775001 -0.083334
v -3.979167 15.025000 -0.020834
v -4.104166 15.025000 -0.020834
v -4.104166 15.025000 0.104166
v -4.166666 14.775000 0.166666
v -4.166666 14.400000 0.166666
v -4.166666 14.400000 -0.083334
v -4.000000 14.137500 -0.037501
v -4.000000 14.212500 -0.037501
v -4.075000 14.137500 -0.037501
v -4.150000 14.156250 -0.018751
v -4.075000 14.212500 -0.037501
v -4.075000 14.137500 0.074999
v -4.150000 14.156250 0.149999
v -4.150000 14.193749 0.149999
v -4.075000 14.212500 0.074999
v -4.150000 14.193750 -0.018751
v -3.000000 14.000000 -0.000000
v -4.000000 14.000000 -0.000000
v -3.000000 14.400000 -0.000001
v -4.000000 14.400000 -0.000000
v -4.075000 14.000000 0.075000
v -4.000000 14.000000 0.075000
v -4.075000 14.137500 0.075000
v -4.000000 14.137500 0.075000
v -4.000000 14.137500 -0.000001
v -3.041667 14.816666 0.125000
v -3.000000 14.816666 0.125000
v -3.041667 14.816667 0.041666
v -3.083334 14.650000 0.166666
v -3.083334 14.400000 0.166666
v -3.083334 14.650000 -0.000000
v -3.000000 14.650000 0.166666
v -3.000000 14.400000 0.166666
v -3.083334 14.400000 -0.000000
v -3.000000 14.650000 -0.000000
v -3.000000 14.816667 0.041666
v -3.000000 14.400000 -0.000000
v -3.916667 14.775000 0.166667
v -3.979167 15.025000 0.104167
v -3.916667 14.400000 0.166667
v -3.916667 14.775001 -0.083333
v -4.166667 14.775000 0.166667
v -4.104167 15.025000 0.104167
v -4.166666 14.400000 0.166667
v -3.979167 15.025000 -0.020833
v -3.916667 14.400000 -0.083333
v -3.708334 14.816666 0.125000
v -3.625001 14.816666 0.125000
v -3.708334 14.816667 0.041667
v -3.750000 14.650000 0.166667
v -3.583334 14.650000 0.166667
v -3.750000 14.650000 -0.000000
v -3.750000 14.400000 0.166667
v -3.583334 14.400000 0.166667
v -3.750000 14.400000 -0.000000
v -3.583334 14.400000 -0.000000
v -3.583334 14.650000 -0.000000
v -3.625001 14.816667 0.041666
v -3.375000 14.816666 0.125000
v -3.291667 14.816666 0.125000
v -3.375000 14.816667 0.041666
v -3.416667 14.650000 0.166666
v -3.416667 14.400000 0.166666
v -3.416667 14.650000 -0.000000
v -3.250000 14.650000 0.166666
v -3.250000 14.400000 0.166666
v -3.250000 14.650000 -0.000000
v -3.291667 14.816667 0.041666
v -3.250000 14.400000 -0.000000
v -3.416667 14.400000 -0.000000
v -3.083334 14.525000 0.125000
v -3.083334 14.608334 0.125000
v -3.250000 14.525000 0.125000
v -3.250000 14.608334 0.125000
v -3.250000 14.608334 0.041666
v -3.250000 14.525000 0.041666
v -3.083334 14.608334 0.041666
v -3.083334 14.525000 0.041666
v -3.416667 14.525000 0.041666
v -3.416667 14.608334 0.041666
v -3.583334 14.525000 0.041666
v -3.583334 14.608334 0.041666
v -3.583334 14.608334 0.125000
v -3.583334 14.525000 0.125000
v -3.416667 14.608334 0.125000
v -3.416667 14.525000 0.125000
v -3.750000 14.525000 0.041666
v -3.750000 14.608334 0.041666
v -3.916667 14.525000 0.041666
v -3.916667 14.608334 0.041666
v -3.916667 14.608334 0.125000
v -3.916667 14.525000 0.125000
v -3.750000 14.608334 0.125000
v -3.750000 14.525000 0.125000
v -4.075000 14.212500 0.074999
v -3.000000 14.212500 0.074999
v -4.166666 14.400000 0.166667
v -3.000000 14.400000 0.166667
v -4.166664 14.400000 -0.500001
v -3.000000 14.400000 -0.500000
v -3.037500 14.137500 -0.000001
v -3.037500 14.212500 -0.000001
v -3.037500 14.137500 0.074999
v -3.018750 14.156250 0.149999
v -3.037500 14.212500 0.074999
v -3.000000 14.137500 0.074999
v -3.000000 14.156250 0.149999
v -3.000000 14.193750 0.149999
v -3.000000 14.212500 0.074999
v -3.018750 14.193750 0.149999
v -3.295834 14.137500 -0.000000
v -3.295834 14.212500 -0.000000
v -3.295834 14.137500 0.074999
v -3.314584 14.156250 0.149999
v -3.295834 14.212500 0.074999
v -3.370834 14.137500 0.074999
v -3.352084 14.156250 0.149999
v -3.370834 14.212500 0.074999
v -3.370834 14.137500 -0.000000
v -3.370834 14.212500 -0.000000
v -3.352084 14.193750 0.149999
v -3.314584 14.193750 0.149999
v -3.629167 14.137500 -0.000000
v -3.629167 14.212500 -0.000000
v -3.629167 14.137500 0.075000
v -3.647917 14.156250 0.149999
v -3.629167 14.212500 0.075000
v -3.704167 14.137500 0.075000
v -3.685417 14.156250 0.149999
v -3.704167 14.212500 0.075000
v -3.704167 14.137500 -0.000000
v -3.704167 14.212500 -0.000000
v -3.685417 14.193750 0.149999
v -3.647917 14.193750 0.149999
v -3.962500 14.137500 -0.000000
v -3.962500 14.212500 -0.000000
v -3.962500 14.137500 0.075000
v -3.981250 14.156250 0.150000
v -3.962500 14.212500 0.075000
v -4.075000 14.137500 0.075000
v -4.150000 14.156250 0.150000
v -4.150000 14.193749 0.150000
v -4.075000 14.212500 0.075000
v -3.981250 14.193750 0.150000
v -4.000000 1.000000 0.000000
v -3.000000 1.000000 0.000000
v -4.000000 0.100000 0.000000
v -3.000000 0.100000 0.000000
v -4.000000 0.100000 0.100000
v -4.000000 0.000000 0.100000
v -3.000000 0.000000 0.100000
v -3.000000 0.100000 0.100000
v -3.000000 1.000000 0.000000
v -2.000000 1.000000 0.000000
v -3.000000 0.100000 0.000000
v -2.000000 0.100000 0.000000
v -3.000000 0.100000 0.100000
v -3.000000 0.000000 0.100000
v -2.000000 0.000000 0.100000
v -2.000000 0.100000 0.100000
v -2.000000 1.000000 0.000000
v -1.000000 1.000000 0.000000
v -2.000000 0.100000 0.000000
v -1.000000 0.100000 0.000000
v -2.000000 0.100000 0.100000
v -2.000000 0.000000 0.100000
v -1.000000 0.000000 0.100000
v -1.000000 0.100000 0.100000
v -1.000000 1.000000 0.000000
v 0.000000 1.000000 0.000000
v -1.000000 0.100000 0.000000
v 0.000000 0.100000 0.000000
v -1.000000 0.100000 0.100000
v -1.000000 0.000000 0.100000
v 0.000000 0.000000 0.100000
v 0.000000 0.100000 0.100000
v -4.000000 1.000000 1.000000
v -4.000000 2.000000 1.000000
v -4.000000 1.000000 0.000000
v -4.000000 2.000000 0.000000
v -4.000000 1.000000 1.000000
v -3.750000 1.000000 1.000000
v -4.000000 2.000000 1.000000
v -3.916667 1.225000 1.000000
v -3.750000 1.225000 1.000000
v -3.916667 1.775000 1.000000
v -3.916667 1.275000 0.950000
v -3.916667 1.725000 0.950000
v -3.750000 1.275000 0.950000
v -3.750000 1.725000 0.950000
v -3.750000 1.775000 1.000000
v -3.583333 1.775000 1.000000
v -3.750000 2.000000 1.000000
v -3.583333 2.000000 1.000000
v -3.416667 2.000000 1.000000
v -3.250000 2.000000 1.000000
v -3.416667 1.775000 1.000000
v -3.416667 1.225000 1.000000
v -3.250000 1.775000 1.000000
v -3.416667 1.725000 0.950000
v -3.416667 1.275000 0.950000
v -3.583333 1.725000 0.950000
v -3.583333 1.275000 0.950000
v -3.583333 1.225000 1.000000
v -3.583333 1.000000 1.000000
v -3.416667 1.000000 1.000000
v -3.250000 1.000000 1.000000
v -3.000000 1.000000 1.000000
v -3.250000 1.225000 1.000000
v -3.083333 1.225000 1.000000
v -3.250000 1.275000 0.950000
v -3.250000 1.725000 0.950000
v -3.083333 1.275000 0.950000
v -3.083333 1.725000 0.950000
v -3.083333 1.775000 1.000000
v -3.000000 2.000000 1.000000
v -3.370833 1.787500 1.000000
v -3.370833 1.862500 1.000000
v -3.370833 1.787500 1.075000
v -3.352083 1.806250 1.150000
v -3.370833 1.862500 1.075000
v -3.295833 1.787500 1.075000
v -3.314583 1.806250 1.150000
v -3.295833 1.862500 1.075000
v -3.295833 1.787500 1.000000
v -3.295833 1.862500 1.000000
v -3.314583 1.843750 1.150000
v -3.352083 1.843750 1.150000
v -3.370833 1.137500 1.000000
v -3.370833 1.212500 1.000000
v -3.370833 1.137500 1.075000
v -3.352083 1.156250 1.150000
v -3.370833 1.212500 1.075000
v -3.295833 1.137500 1.075000
v -3.314583 1.156250 1.150000
v -3.295833 1.212500 1.075000
v -3.295833 1.137500 1.000000
v -3.295833 1.212500 1.000000
v -3.314583 1.193750 1.150000
v -3.352083 1.193750 1.150000
v -3.704166 1.137500 1.000000
v -3.704166 1.212500 1.000000
v -3.704166 1.137500 1.075000
v -3.685416 1.156250 1.150000
v -3.704166 1.212500 1.075000
v -3.629166 1.137500 1.075000
v -3.647916 1.156250 1.150000
v -3.629166 1.212500 1.075000
v -3.629166 1.137500 1.000000
v -3.629166 1.212500 1.000000
v -3.647916 1.193750 1.150000
v -3.685416 1.193750 1.150000
v -3.704166 1.787500 1.000000
v -3.704166 1.862500 1.000000
v -3.704166 1.787500 1.075000
v -3.685416 1.806250 1.150000
v -3.704166 1.862500 1.075000
v -3.629166 1.787500 1.075000
v -3.647916 1.806250 1.150000
v -3.629166 1.862500 1.075000
v -3.629166 1.787500 1.000000
v -3.629166 1.862500 1.000000
v -3.647916 1.843750 1.150000
v -3.685416 1.843750 1.150000
v -4.000000 2.000000 0.500000
v -4.000000 3.000000 0.500000
v -4.000000 2.000000 0.000000
v -4.000000 3.000000 0.000000
v -4.000000 2.000000 0.500000
v -3.750000 2.000000 0.500000
v -4.000000 3.000000 0.500000
v -3.916667 2.225000 0.500000
v -3.750000 2.225000 0.500000
v -3.916667 2.775000 0.500000
v -3.916667 2.275000 0.450000
v -3.916667 2.725000 0.450000
v -3.750000 2.275000 0.450000
v -3.750000 2.725000 0.450000
v -3.750000 2.775000 0.500000
v -3.583333 2.775000 0.500000
v -3.750000 3.000000 0.500000
v -3.583333 3.000000 0.500000
v -3.416667 3.000000 0.500000
v -3.250000 3.000000 0.500000
v -3.416667 2.775000 0.500000
v -3.416667 2.225000 0.500000
v -3.250000 2.775000 0.500000
v -3.416667 2.725000 0.450000
v -3.416667 2.275000 0.450000
v -3.583333 2.725000 0.450000
v -3.583333 2.275000 0.450000
v -3.583333 2.225000 0.500000
v -3.583333 2.000000 0.500000
v -3.416667 2.000000 0.500000
v -3.250000 2.000000 0.500000
v -3.000000 2.000000 0.500000
v -3.250000 2.225000 0.500000
v -3.083333 2.225000 0.500000
v -3.250000 2.275000 0.450000
v -3.250000 2.725000 0.450000
v -3.083333 2.275000 0.450000
v -3.083333 2.725000 0.450000
v -3.083333 2.775000 0.500000
v -3.000000 3.000000 0.500000
v -3.370833 2.787500 0.500000
v -3.370833 2.862500 0.500000
v -3.370833 2.787500 0.575000
v -3.352083 2.806250 0.650000
v -3.370833 2.862500 0.575000
v -3.295833 2.787500 0.575000
v -3.314583 2.806250 0.650000
v -3.295833 2.862500 0.575000
v -3.295833 2.787500 0.500000
v -3.295833 2.862500 0.500000
v -3.314583 2.843750 0.650000
v -3.352083 2.843750 0.650000
v -3.370833 2.137500 0.500000
v -3.370833 2.212500 0.500000
v -3.370833 2.137500 0.575000
v -3.352083 2.156250 0.650000
v -3.370833 2.212500 0.575000
v -3.295833 2.137500 0.575000
v -3.314583 2.156250 0.650000
v -3.295833 2.212500 0.575000
v -3.295833 2.137500 0.500000
v -3.295833 2.212500 0.500000
v -3.314583 2.193750 0.650000
v -3.352083 2.193750 0.650000
v -3.704166 2.137500 0.500000
v -3.704166 2.212500 0.500000
v -3.704166 2.137500 0.575000
v -3.685416 2.156250 0.650000
v -3.704166 2.212500 0.575000
v -3.629166 2.137500 0.575000
v -3.647916 2.156250 0.650000
v -3.629166 2.212500 0.575000
v -3.629166 2.137500 0.500000
v -3.629166 2.212500 0.500000
v -3.647916 2.193750 0.650000
v -3.685416 2.193750 0.650000
v -3.704166 2.787500 0.500000
v -3.704166 2.862500 0.500000
v -3.704166 2.787500 0.575000
v -3.685416 2.806250 0.650000
v -3.704166 2.862500 0.575000
v -3.629166 2.787500 0.575000
v -3.647916 2.806250 0.650000
v -3.629166 2.862500 0.575000
v -3.629166 2.787500 0.500000
v -3.629166 2.862500 0.500000
v -3.647916 2.843750 0.650000
v -3.685416 2.843750 0.650000
v -4.000000 3.000000 1.000000
v -3.000000 3.000000 1.000000
v -4.000000 4.000000 1.000000
v -3.000000 4.000000 1.000000
v -4.000000 4.000000 0.000000
v -4.000000 3.000000 0.000000
v -3.000000 3.000000 0.000000
v -3.000000 4.000000 0.000000
v -4.000000 3.000000 1.000000
v -4.000000 4.000000 1.000000
v -3.000000 3.000000 1.000000
v -3.000000 4.000000 1.000000
v -3.370833 3.137500 1.000000
v -3.370833 3.212500 1.000000
v -3.370833 3.137500 1.075000
v -3.352083 3.156250 1.150000
v -3.370833 3.212500 1.075000
v -3.295833 3.137500 1.075000
v -3.314583 3.156250 1.150000
v -3.295833 3.212500 1.075000
v -3.295833 3.137500 1.000000
v -3.295833 3.212500 1.000000
v -3.314583 3.193750 1.150000
v -3.352083 3.193750 1.150000
v -3.704165 3.787500 1.000000
v -3.704165 3.862500 1.000000
v -3.704165 3.787500 1.075000
v -3.685415 3.806250 1.150000
v -3.704165 3.862500 1.075000
v -3.629165 3.787500 1.075000
v -3.647915 3.806250 1.150000
v -3.629165 3.862500 1.075000
v -3.629165 3.787500 1.000000
v -3.629165 3.862500 1.000000
v -3.647915 3.843750 1.150000
v -3.685415 3.843750 1.150000
v -3.704165 3.137500 1.000000
v -3.704165 3.212500 1.000000
v -3.704165 3.137500 1.075000
v -3.685415 3.156250 1.150000
v -3.704165 3.212500 1.075000
v -3.629165 3.137500 1.075000
v -3.647915 3.156250 1.150000
v -3.629165 3.212500 1.075000
v -3.629165 3.137500 1.000000
v -3.629165 3.212500 1.000000
v -3.647915 3.193750 1.150000
v -3.685415 3.193750 1.150000
v -3.370832 3.787500 1.000000
v -3.370832 3.862500 1.000000
v -3.370832 3.787500 1.075000
v -3.352082 3.806250 1.150000
v -3.370832 3.862500 1.075000
v -3.295832 3.787500 1.075000
v -3.314582 3.806250 1.150000
v -3.295832 3.862500 1.075000
v -3.295832 3.787500 1.000000
v -3.295832 3.862500 1.000000
v -3.314582 3.843750 1.150000
v -3.352082 3.843750 1.150000
v -4.000000 4.000000 1.000000
v -4.000000 5.000000 1.000000
v -4.000000 4.000000 -0.000000
v -4.000000 5.000000 -0.000000
v -3.000000 5.000000 -0.000000
v -3.000000 4.000000 -0.000000
v -3.000000 5.000000 1.000000
v -3.000000 4.000000 1.000000
v -4.000000 4.000000 1.000000
v -4.000000 5.000000 1.000000
v -3.000000 4.000000 1.000000
v -3.000000 5.000000 1.000000
v -3.370833 4.137499 1.000000
v -3.370833 4.212499 1.000000
v -3.370833 4.137499 1.075000
v -3.352083 4.156250 1.150000
v -3.370833 4.212499 1.075000
v -3.295833 4.137499 1.075000
v -3.314583 4.156250 1.150000
v -3.295833 4.212499 1.075000
v -3.295833 4.137499 1.000000
v -3.295833 4.212499 1.000000
v -3.314583 4.193749 1.150000
v -3.352083 4.193749 1.150000
v -3.704165 4.787499 1.000000
v -3.704165 4.862500 1.000000
v -3.704165 4.787499 1.075000
v -3.685415 4.806250 1.150000
v -3.704165 4.862500 1.075000
v -3.629165 4.787499 1.075000
v -3.647915 4.806250 1.150000
v -3.629165 4.862500 1.075000
v -3.629165 4.787499 1.000000
v -3.629165 4.862500 1.000000
v -3.647915 4.843750 1.150000
v -3.685415 4.843750 1.150000
v -3.704165 4.137499 1.000000
v -3.704165 4.212499 1.000000
v -3.704165 4.137499 1.075000
v -3.685415 4.156250 1.150000
v -3.704165 4.212499 1.075000
v -3.629165 4.137499 1.075000
v -3.647915 4.156250 1.150000
v -3.629165 4.212499 1.075000
v -3.629165 4.137499 1.000000
v -3.629165 4.212499 1.000000
v -3.647915 4.193749 1.150000
v -3.685415 4.193749 1.150000
v -3.370832 4.787499 1.000000
v -3.370832 4.862500 1.000000
v -3.370832 4.787499 1.075000
v -3.352082 4.806250 1.150000
v -3.370832 4.862500 1.075000
v -3.295832 4.787499 1.075000
v -3.314582 4.806250 1.150000
v -3.295832 4.862500 1.075000
v -3.295832 4.787499 1.000000
v -3.295832 4.862500 1.000000
v -3.314582 4.843750 1.150000
v -3.352082 4.843750 1.150000
v -4.000000 5.000000 -0.000000
v -3.000000 5.000000 -0.000000
v -4.000000 6.000000 -0.000000
v -3.000000 6.000000 -0.000000
v -3.370833 5.137499 -0.000000
v -3.370833 5.212500 -0.000000
v -3.295833 5.137499 -0.000000
v -3.295833 5.212500 -0.000000
v -3.352083 5.156250 0.150000
v -3.370833 5.137499 0.075000
v -3.352083 5.193749 0.150000
v -3.370833 5.212500 0.075000
v -3.314583 5.156250 0.150000
v -3.295833 5.137499 0.075000
v -3.314583 5.193749 0.150000
v -3.295833 5.212500 0.075000
v -3.704165 5.787499 -0.000000
v -3.704165 5.862500 -0.000000
v -3.629165 5.787499 -0.000000
v -3.629165 5.862500 -0.000000
v -3.685415 5.806250 0.150000
v -3.704165 5.787499 0.075000
v -3.685415 5.843750 0.150000
v -3.704165 5.862500 0.075000
v -3.647915 5.806250 0.150000
v -3.629165 5.787499 0.075000
v -3.647915 5.843750 0.150000
v -3.629165 5.862500 0.075000
v -3.704165 5.137499 -0.000000
v -3.704165 5.212500 -0.000000
v -3.629165 5.137499 -0.000000
v -3.629165 5.212500 -0.000000
v -3.685415 5.156250 0.150000
v -3.704165 5.137499 0.075000
v -3.685415 5.193749 0.150000
v -3.704165 5.212500 0.075000
v -3.647915 5.156250 0.150000
v -3.629165 5.137499 0.075000
v -3.647915 5.193749 0.150000
v -3.629165 5.212500 0.075000
v -3.370832 5.787499 -0.000000
v -3.370832 5.862500 -0.000000
v -3.295832 5.787499 -0.000000
v -3.295832 5.862500 -0.000000
v -3.352082 5.806250 0.150000
v -3.370832 5.787499 0.075000
v -3.352082 5.843750 0.150000
v -3.370832 5.862500 0.075000
v -3.314582 5.806250 0.150000
v -3.295832 5.787499 0.075000
v -3.314582 5.843750 0.150000
v -3.295832 5.862500 0.075000
v -3.962499 5.137499 -0.000000
v -3.962499 5.212500 -0.000000
v -3.999999 5.212500 -0.000000
v -3.981249 5.156250 0.150000
v -3.962499 5.137499 0.075000
v -3.981249 5.193749 0.150000
v -3.962499 5.212500 0.075000
v -3.999999 5.137499 0.075000
v -3.999999 5.156250 0.150000
v -3.999999 5.193749 0.150000
v -3.999999 5.212500 0.075000
v -3.962499 5.787499 -0.000000
v -3.962499 5.862500 -0.000000
v -3.999999 5.862500 -0.000000
v -3.981249 5.806250 0.150000
v -3.962499 5.787499 0.075000
v -3.981249 5.843750 0.150000
v -3.962499 5.862500 0.075000
v -3.999999 5.787499 0.075000
v -3.999999 5.806250 0.150000
v -3.999999 5.843750 0.150000
v -3.999999 5.862500 0.075000
v -3.037499 5.137499 -0.000000
v -3.037499 5.212500 -0.000000
v -3.000000 5.212500 -0.000000
v -3.018749 5.156250 0.150000
v -3.037499 5.137499 0.075000
v -3.018749 5.193749 0.150000
v -3.037499 5.212500 0.075000
v -3.000000 5.156250 0.150000
v -3.000000 5.137499 0.075000
v -3.000000 5.212500 0.075000
v -3.000000 5.193749 0.150000
v -3.037499 5.787499 -0.000000
v -3.037499 5.862500 -0.000000
v -3.000000 5.862500 -0.000000
v -3.018749 5.806250 0.150000
v -3.037499 5.787499 0.075000
v -3.018749 5.843750 0.150000
v -3.037499 5.862500 0.075000
v -3.000000 5.806250 0.150000
v -3.000000 5.787499 0.075000
v -3.000000 5.862500 0.075000
v -3.000000 5.843750 0.150000
v -4.000000 6.000000 0.500000
v -4.000000 7.000000 0.500000
v -3.000000 6.000000 0.500000
v -3.000000 7.000000 0.500000
v -4.000000 6.000000 -0.000000
v -4.000000 7.000000 -0.000000
v -3.000000 6.000000 -0.000000
v -3.000000 7.000000 -0.000000
v -4.000000 6.000000 0.500000
v -3.750000 6.000000 0.500000
v -4.000000 7.000000 0.500000
v -3.916667 6.224999 0.500000
v -3.750000 6.224999 0.500000
v -3.916667 6.775000 0.500000
v -3.916667 6.275000 0.450000
v -3.916667 6.724999 0.450000
v -3.750000 6.275000 0.450000
v -3.750000 6.724999 0.450000
v -3.750000 6.775000 0.500000
v -3.583333 6.775000 0.500000
v -3.750000 7.000000 0.500000
v -3.583333 7.000000 0.500000
v -3.416667 7.000000 0.500000
v -3.250000 7.000000 0.500000
v -3.416667 6.775000 0.500000
v -3.416667 6.224999 0.500000
v -3.250000 6.775000 0.500000
v -3.416667 6.724999 0.450000
v -3.416667 6.275000 0.450000
v -3.583333 6.724999 0.450000
v -3.583333 6.275000 0.450000
v -3.583333 6.224999 0.500000
v -3.583333 6.000000 0.500000
v -3.416667 6.000000 0.500000
v -3.250000 6.000000 0.500000
v -3.000000 6.000000 0.500000
v -3.250000 6.224999 0.500000
v -3.083333 6.224999 0.500000
v -3.250000 6.275000 0.450000
v -3.250000 6.724999 0.450000
v -3.083333 6.275000 0.450000
v -3.083333 6.724999 0.450000
v -3.083333 6.775000 0.500000
v -3.000000 7.000000 0.500000
v -3.370833 6.787499 0.500000
v -3.370833 6.862500 0.500000
v -3.370833 6.787499 0.575000
v -3.352083 6.806250 0.650000
v -3.370833 6.862500 0.575000
v -3.295833 6.787499 0.575000
v -3.314583 6.806250 0.650000
v -3.295833 6.862500 0.575000
v -3.295833 6.787499 0.500000
v -3.295833 6.862500 0.500000
v -3.314583 6.843750 0.650000
v -3.352083 6.843750 0.650000
v -3.370833 6.137499 0.500000
v -3.370833 6.212499 0.500000
v -3.370833 6.137499 0.575000
v -3.352083 6.156250 0.650000
v -3.370833 6.212499 0.575000
v -3.295833 6.137499 0.575000
v -3.314583 6.156250 0.650000
v -3.295833 6.212499 0.575000
v -3.295833 6.137499 0.500000
v -3.295833 6.212499 0.500000
v -3.314583 6.193749 0.650000
v -3.352083 6.193749 0.650000
v -3.704166 6.137499 0.500000
v -3.704166 6.212499 0.500000
v -3.704166 6.137499 0.575000
v -3.685416 6.156250 0.650000
v -3.704166 6.212499 0.575000
v -3.629166 6.137499 0.575000
v -3.647916 6.156250 0.650000
v -3.629166 6.212499 0.575000
v -3.629166 6.137499 0.500000
v -3.629166 6.212499 0.500000
v -3.647916 6.193749 0.650000
v -3.685416 6.193749 0.650000
v -3.704166 6.787499 0.500000
v -3.704166 6.862500 0.500000
v -3.704166 6.787499 0.575000
v -3.685416 6.806250 0.650000
v -3.704166 6.862500 0.575000
v -3.629166 6.787499 0.575000
v -3.647916 6.806250 0.650000
v -3.629166 6.862500 0.575000
v -3.629166 6.787499 0.500000
v -3.629166 6.862500 0.500000
v -3.647916 6.843750 0.650000
v -3.685416 6.843750 0.650000
v -4.000000 7.000000 0.500000
v -4.000000 8.000000 0.500000
v -4.000000 7.000000 -0.000000
v -4.000000 8.000000 -0.000000
v -4.000000 7.000000 0.500000
v -3.750000 7.000000 0.500000
v -4.000000 8.000000 0.500000
v -3.916667 7.224999 0.500000
v -3.750000 7.224999 0.500000
v -3.916667 7.775000 0.500000
v -3.916667 7.275000 0.450000
v -3.916667 7.724999 0.450000
v -3.750000 7.275000 0.450000
v -3.750000 7.724999 0.450000
v -3.750000 7.775000 0.500000
v -3.583333 7.775000 0.500000
v -3.750000 8.000000 0.500000
v -3.583333 8.000000 0.500000
v -3.416667 8.000000 0.500000
v -3.250000 8.000000 0.500000
v -3.416667 7.775000 0.500000
v -3.416667 7.224999 0.500000
v -3.250000 7.775000 0.500000
v -3.416667 7.724999 0.450000
v -3.416667 7.275000 0.450000
v -3.583333 7.724999 0.450000
v -3.583333 7.275000 0.450000
v -3.583333 7.224999 0.500000
v -3.583333 7.000000 0.500000
v -3.416667 7.000000 0.500000
v -3.250000 7.000000 0.500000
v -3.000000 7.000000 0.500000
v -3.250000 7.224999 0.500000
v -3.083333 7.224999 0.500000
v -3.250000 7.275000 0.450000
v -3.250000 7.724999 0.450000
v -3.083333 7.275000 0.450000
v -3.083333 7.724999 0.450000
v -3.083333 7.775000 0.500000
v -3.000000 8.000000 0.500000
v -3.370833 7.787499 0.500000
v -3.370833 7.862500 0.500000
v -3.370833 7.787499 0.575000
v -3.352083 7.806250 0.650000
v -3.370833 7.862500 0.575000
v -3.295833 7.787499 0.575000
v -3.314583 7.806250 0.650000
v -3.295833 7.862500 0.575000
v -3.295833 7.787499 0.500000
v -3.295833 7.862500 0.500000
v -3.314583 7.843750 0.650000
v -3.352083 7.843750 0.650000
v -3.370833 7.137499 0.500000
v -3.370833 7.212499 0.500000
v -3.370833 7.137499 0.575000
v -3.352083 7.156250 0.650000
v -3.370833 7.212499 0.575000
v -3.295833 7.137499 0.575000
v -3.314583 7.156250 0.650000
v -3.295833 7.212499 0.575000
v -3.295833 7.137499 0.500000
v -3.295833 7.212499 0.500000
v -3.314583 7.193749 0.650000
v -3.352083 7.193749 0.650000
v -3.704166 7.137499 0.500000
v -3.704166 7.212499 0.500000
v -3.704166 7.137499 0.575000
v -3.685416 7.156250 0.650000
v -3.704166 7.212499 0.575000
v -3.629166 7.137499 0.575000
v -3.647916 7.156250 0.650000
v -3.629166 7.212499 0.575000
v -3.629166 7.137499 0.500000
v -3.629166 7.212499 0.500000
v -3.647916 7.193749 0.650000
v -3.685416 7.193749 0.650000
v -3.704166 7.787499 0.500000
v -3.704166 7.862500 0.500000
v -3.704166 7.787499 0.575000
v -3.685416 7.806250 0.650000
v -3.704166 7.862500 0.575000
v -3.629166 7.787499 0.575000
v -3.647916 7.806250 0.650000
v -3.629166 7.862500 0.575000
v -3.629166 7.787499 0.500000
v -3.629166 7.862500 0.500000
v -3.647916 7.843750 0.650000
v -3.685416 7.843750 0.650000
v -4.000000 8.000000 1.000000
v -3.000000 8.000000 1.000000
v -4.000000 9.000000 1.000000
v -3.000000 9.000000 1.000000
v -4.000000 9.000000 -0.000000
v -4.000000 8.000000 -0.000000
v -3.000000 8.000000 -0.000000
v -3.000000 9.000000 -0.000000
v -4.000000 8.000000 1.000000
v -4.000000 9.000000 1.000000
v -3.000000 8.000000 1.000000
v -3.000000 9.000000 1.000000
v -3.370833 8.137500 1.000000
v -3.370833 8.212500 1.000000
v -3.370833 8.137500 1.075000
v -3.352083 8.156250 1.150000
v -3.370833 8.212500 1.075000
v -3.295833 8.137500 1.075000
v -3.314583 8.156250 1.150000
v -3.295833 8.212500 1.075000
v -3.295833 8.137500 1.000000
v -3.295833 8.212500 1.000000
v -3.314583 8.193749 1.150000
v -3.352083 8.193749 1.150000
v -3.704165 8.787500 1.000000
v -3.704165 8.862500 1.000000
v -3.704165 8.787500 1.075000
v -3.685415 8.806250 1.150000
v -3.704165 8.862500 1.075000
v -3.629165 8.787500 1.075000
v -3.647915 8.806250 1.150000
v -3.629165 8.862500 1.075000
v -3.629165 8.787500 1.000000
v -3.629165 8.862500 1.000000
v -3.647915 8.843750 1.150000
v -3.685415 8.843750 1.150000
v -3.704165 8.137500 1.000000
v -3.704165 8.212500 1.000000
v -3.704165 8.137500 1.075000
v -3.685415 8.156250 1.150000
v -3.704165 8.212500 1.075000
v -3.629165 8.137500 1.075000
v -3.647915 8.156250 1.150000
v -3.629165 8.212500 1.075000
v -3.629165 8.137500 1.000000
v -3.629165 8.212500 1.000000
v -3.647915 8.193749 1.150000
v -3.685415 8.193749 1.150000
v -3.370832 8.787500 1.000000
v -3.370832 8.862500 1.000000
v -3.370832 8.787500 1.075000
v -3.352082 8.806250 1.150000
v -3.370832 8.862500 1.075000
v -3.295832 8.787500 1.075000
v -3.314582 8.806250 1.150000
v -3.295832 8.862500 1.075000
v -3.295832 8.787500 1.000000
v -3.295832 8.862500 1.000000
v -3.314582 8.843750 1.150000
v -3.352082 8.843750 1.150000
v -4.000000 9.000000 1.000000
v -4.000000 10.000000 1.000000
v -4.000000 9.000000 -0.000000
v -4.000000 10.000000 -0.000000
v -4.000000 9.000000 1.000000
v -3.750000 9.000000 1.000000
v -4.000000 10.000000 1.000000
v -3.916667 9.225000 1.000000
v -3.750000 9.225000 1.000000
v -3.916667 9.775000 1.000000
v -3.916667 9.275000 0.950000
v -3.916667 9.725000 0.950000
v -3.750000 9.275000 0.950000
v -3.750000 9.725000 0.950000
v -3.750000 9.775000 1.000000
v -3.583333 9.775000 1.000000
v -3.750000 10.000000 1.000000
v -3.583333 10.000000 1.000000
v -3.416667 10.000000 1.000000
v -3.250000 10.000000 1.000000
v -3.416667 9.775000 1.000000
v -3.416667 9.225000 1.000000
v -3.250000 9.775000 1.000000
v -3.416667 9.725000 0.950000
v -3.416667 9.275000 0.950000
v -3.583333 9.725000 0.950000
v -3.583333 9.275000 0.950000
v -3.583333 9.225000 1.000000
v -3.583333 9.000000 1.000000
v -3.416667 9.000000 1.000000
v -3.250000 9.000000 1.000000
v -3.000000 9.000000 1.000000
v -3.250000 9.225000 1.000000
v -3.083333 9.225000 1.000000
v -3.250000 9.275000 0.950000
v -3.250000 9.725000 0.950000
v -3.083333 9.275000 0.950000
v -3.083333 9.725000 0.950000
v -3.083333 9.775000 1.000000
v -3.000000 10.000000 1.000000
v -3.370833 9.787500 1.000000
v -3.370833 9.862500 1.000000
v -3.370833 9.787500 1.075000
v -3.352083 9.806250 1.150000
v -3.370833 9.862500 1.075000
v -3.295833 9.787500 1.075000
v -3.314583 9.806250 1.150000
v -3.295833 9.862500 1.075000
v -3.295833 9.787500 1.000000
v -3.295833 9.862500 1.000000
v -3.314583 9.843750 1.150000
v -3.352083 9.843750 1.150000
v -3.370833 9.137500 1.000000
v -3.370833 9.212500 1.000000
v -3.370833 9.137500 1.075000
v -3.352083 9.156250 1.150000
v -3.370833 9.212500 1.075000
v -3.295833 9.137500 1.075000
v -3.314583 9.156250 1.150000
v -3.295833 9.212500 1.075000
v -3.295833 9.137500 1.000000
v -3.295833 9.212500 1.000000
v -3.314583 9.193749 1.150000
v -3.352083 9.193749 1.150000
v -3.704166 9.137500 1.000000
v -3.704166 9.212500 1.000000
v -3.704166 9.137500 1.075000
v -3.685416 9.156250 1.150000
v -3.704166 9.212500 1.075000
v -3.629166 9.137500 1.075000
v -3.647916 9.156250 1.150000
v -3.629166 9.212500 1.075000
v -3.629166 9.137500 1.000000
v -3.629166 9.212500 1.000000
v -3.647916 9.193749 1.150000
v -3.685416 9.193749 1.150000
v -3.704166 9.787500 1.000000
v -3.704166 9.862500 1.000000
v -3.704166 9.787500 1.075000
v -3.685416 9.806250 1.150000
v -3.704166 9.862500 1.075000
v -3.629166 9.787500 1.075000
v -3.647916 9.806250 1.150000
v -3.629166 9.862500 1.075000
v -3.629166 9.787500 1.000000
v -3.629166 9.862500 1.000000
v -3.647916 9.843750 1.150000
v -3.685416 9.843750 1.150000
v -4.000000 10.000000 1.000000
v -4.000000 11.000000 1.000000
v -3.000000 10.000000 1.000000
v -3.000000 11.000000 1.000000
v -4.000000 10.000000 -0.000000
v -4.000000 11.000000 -0.000000
v -3.000000 10.000000 -0.000000
v -3.000000 11.000000 -0.000000
v -4.000000 10.000000 1.000000
v -3.750000 10.000000 1.000000
v -4.000000 11.000000 1.000000
v -3.916667 10.225000 1.000000
v -3.750000 10.225000 1.000000
v -3.916667 10.775000 1.000000
v -3.916667 10.275000 0.950000
v -3.916667 10.725000 0.950000
v -3.750000 10.275000 0.950000
v -3.750000 10.725000 0.950000
v -3.750000 10.775000 1.000000
v -3.583333 10.775000 1.000000
v -3.750000 11.000000 1.000000
v -3.583333 11.000000 1.000000
v -3.416667 11.000000 1.000000
v -3.250000 11.000000 1.000000
v -3.416667 10.775000 1.000000
v -3.416667 10.225000 1.000000
v -3.250000 10.775000 1.000000
v -3.416667 10.725000 0.950000
v -3.416667 10.275000 0.950000
v -3.583333 10.725000 0.950000
v -3.583333 10.275000 0.950000
v -3.583333 10.225000 1.000000
v -3.583333 10.000000 1.000000
v -3.416667 10.000000 1.000000
v -3.250000 10.000000 1.000000
v -3.000000 10.000000 1.000000
v -3.250000 10.225000 1.000000
v -3.083333 10.225000 1.000000
v -3.250000 10.275000 0.950000
v -3.250000 10.725000 0.950000
v -3.083333 10.275000 0.950000
v -3.083333 10.725000 0.950000
v -3.083333 10.775000 1.000000
v -3.000000 11.000000 1.000000
v -3.370833 10.787500 1.000000
v -3.370833 10.862500 1.000000
v -3.370833 10.787500 1.075000
v -3.352083 10.806250 1.150000
v -3.370833 10.862500 1.075000
v -3.295833 10.787500 1.075000
v -3.314583 10.806250 1.150000
v -3.295833 10.862500 1.075000
v -3.295833 10.787500 1.000000
v -3.295833 10.862500 1.000000
v -3.314583 10.843750 1.150000
v -3.352083 10.843750 1.150000
v -3.370833 10.137500 1.000000
v -3.370833 10.212500 1.000000
v -3.370833 10.137500 1.075000
v -3.352083 10.156250 1.150000
v -3.370833 10.212500 1.075000
v -3.295833 10.137500 1.075000
v -3.314583 10.156250 1.150000
v -3.295833 10.212500 1.075000
v -3.295833 10.137500 1.000000
v -3.295833 10.212500 1.000000
v -3.314583 10.193749 1.150000
v -3.352083 10.193749 1.150000
v -3.704166 10.137500 1.000000
v -3.704166 10.212500 1.000000
v -3.704166 10.137500 1.075000
v -3.685416 10.156250 1.150000
v -3.704166 10.212500 1.075000
v -3.629166 10.137500 1.075000
v -3.647916 10.156250 1.150000
v -3.629166 10.212500 1.075000
v -3.629166 10.137500 1.000000
v -3.629166 10.212500 1.000000
v -3.647916 10.193749 1.150000
v -3.685416 10.193749 1.150000
v -3.704166 10.787500 1.000000
v -3.704166 10.862500 1.000000
v -3.704166 10.787500 1.075000
v -3.685416 10.806250 1.150000
v -3.704166 10.862500 1.075000
v -3.629166 10.787500 1.075000
v -3.647916 10.806250 1.150000
v -3.629166 10.862500 1.075000
v -3.629166 10.787500 1.000000
v -3.629166 10.862500 1.000000
v -3.647916 10.843750 1.150000
v -3.685416 10.843750 1.150000
v -4.000000 11.000000 1.000000
v -4.000000 12.000000 1.000000
v -3.000000 11.000000 1.000000
v -3.250000 12.000000 1.000000
v -3.416667 12.000000 1.000000
v -3.583333 12.000000 1.000000
v -3.750000 12.000000 1.000000
v -3.000000 12.000000 1.000000
v -4.000000 11.000000 -0.000000
v -4.000000 12.000000 -0.000000
v -3.000000 11.000000 -0.000000
v -3.000000 12.000000 -0.000000
v -4.000000 11.000000 1.000000
v -3.750000 11.000000 1.000000
v -4.000000 12.000000 1.000000
v -3.916667 11.225000 1.000000
v -3.750000 11.225000 1.000000
v -3.916667 11.775000 1.000000
v -3.916667 11.275000 0.950000
v -3.916667 11.725000 0.950000
v -3.750000 11.275000 0.950000
v -3.750000 11.725000 0.950000
v -3.750000 11.775000 1.000000
v -3.583333 11.775000 1.000000
v -3.750000 12.000000 1.000000
v -3.583333 12.000000 1.000000
v -3.416667 12.000000 1.000000
v -3.250000 12.000000 1.000000
v -3.416667 11.775000 1.000000
v -3.416667 11.225000 1.000000
v -3.250000 11.775000 1.000000
v -3.416667 11.725000 0.950000
v -3.416667 11.275000 0.950000
v -3.583333 11.725000 0.950000
v -3.583333 11.275000 0.950000
v -3.583333 11.225000 1.000000
v -3.583333 11.000000 1.000000
v -3.416667 11.000000 1.000000
v -3.250000 11.000000 1.000000
v -3.000000 11.000000 1.000000
v -3.250000 11.225000 1.000000
v -3.083333 11.225000 1.000000
v -3.250000 11.275000 0.950000
v -3.250000 11.725000 0.950000
v -3.083333 11.275000 0.950000
v -3.083333 11.725000 0.950000
v -3.083333 11.775000 1.000000
v -3.000000 12.000000 1.000000
v -3.370833 11.787500 1.000000
v -3.370833 11.862500 1.000000
v -3.370833 11.787500 1.075000
v -3.352083 11.806250 1.150000
v -3.370833 11.862500 1.075000
v -3.295833 11.787500 1.075000
v -3.314583 11.806250 1.150000
v -3.295833 11.862500 1.075000
v -3.295833 11.787500 1.000000
v -3.295833 11.862500 1.000000
v -3.314583 11.843750 1.150000
v -3.352083 11.843750 1.150000
v -3.370833 11.137500 1.000000
v -3.370833 11.212500 1.000000
v -3.370833 11.137500 1.075000
v -3.352083 11.156250 1.150000
v -3.370833 11.212500 1.075000
v -3.295833 11.137500 1.075000
v -3.314583 11.156250 1.150000
v -3.295833 11.212500 1.075000
v -3.295833 11.137500 1.000000
v -3.295833 11.212500 1.000000
v -3.314583 11.193749 1.150000
v -3.352083 11.193749 1.150000
v -3.704166 11.137500 1.000000
v -3.704166 11.212500 1.000000
v -3.704166 11.137500 1.075000
v -3.685416 11.156250 1.150000
v -3.704166 11.212500 1.075000
v -3.629166 11.137500 1.075000
v -3.647916 11.156250 1.150000
v -3.629166 11.212500 1.075000
v -3.629166 11.137500 1.000000
v -3.629166 11.212500 1.000000
v -3.647916 11.193749 1.150000
v -3.685416 11.193749 1.150000
v -3.704166 11.787500 1.000000
v -3.704166 11.862500 1.000000
v -3.704166 11.787500 1.075000
v -3.685416 11.806250 1.150000
v -3.704166 11.862500 1.075000
v -3.629166 11.787500 1.075000
v -3.647916 11.806250 1.150000
v -3.629166 11.862500 1.075000
v -3.629166 11.787500 1.000000
v -3.629166 11.862500 1.000000
v -3.647916 11.843750 1.150000
v -3.685416 11.843750 1.150000
v -4.000000 12.000000 0.500000
v -4.000000 13.000000 0.500000
v -4.000000 12.000000 -0.000000
v -4.000000 13.000000 -0.000000
v -4.000000 12.000000 0.500000
v -3.750000 12.000000 0.500000
v -4.000000 13.000000 0.500000
v -3.916667 12.225000 0.500000
v -3.750000 12.225000 0.500000
v -3.916667 12.775000 0.500000
v -3.916667 12.275000 0.450000
v -3.916667 12.725000 0.450000
v -3.750000 12.275000 0.450000
v -3.750000 12.725000 0.450000
v -3.750000 12.775000 0.500000
v -3.583333 12.775000 0.500000
v -3.750000 13.000000 0.500000
v -3.583333 13.000000 0.500000
v -3.416667 13.000000 0.500000
v -3.250000 13.000000 0.500000
v -3.416667 12.775000 0.500000
v -3.416667 12.225000 0.500000
v -3.250000 12.775000 0.500000
v -3.416667 12.725000 0.450000
v -3.416667 12.275000 0.450000
v -3.583333 12.725000 0.450000
v -3.583333 12.275000 0.450000
v -3.583333 12.225000 0.500000
v -3.583333 12.000000 0.500000
v -3.416667 12.000000 0.500000
v -3.250000 12.000000 0.500000
v -3.000000 12.000000 0.500000
v -3.250000 12.225000 0.500000
v -3.083333 12.225000 0.500000
v -3.250000 12.275000 0.450000
v -3.250000 12.725000 0.450000
v -3.083333 12.275000 0.450000
v -3.083333 12.725000 0.450000
v -3.083333 12.775000 0.500000
v -3.000000 13.000000 0.500000
v -3.370833 12.787500 0.500000
v -3.370833 12.862500 0.500000
v -3.370833 12.787500 0.575000
v -3.352083 12.806250 0.650000
v -3.370833 12.862500 0.575000
v -3.295833 12.787500 0.575000
v -3.314583 12.806250 0.650000
v -3.295833 12.862500 0.575000
v -3.295833 12.787500 0.500000
v -3.295833 12.862500 0.500000
v -3.314583 12.843750 0.650000
v -3.352083 12.843750 0.650000
v -3.370833 12.137500 0.500000
v -3.370833 12.212500 0.500000
v -3.370833 12.137500 0.575000
v -3.352083 12.156250 0.650000
v -3.370833 12.212500 0.575000
v -3.295833 12.137500 0.575000
v -3.314583 12.156250 0.650000
v -3.295833 12.212500 0.575000
v -3.295833 12.137500 0.500000
v -3.295833 12.212500 0.500000
v -3.314583 12.193749 0.650000
v -3.352083 12.193749 0.650000
v -3.704166 12.137500 0.500000
v -3.704166 12.212500 0.500000
v -3.704166 12.137500 0.575000
v -3.685416 12.156250 0.650000
v -3.704166 12.212500 0.575000
v -3.629166 12.137500 0.575000
v -3.647916 12.156250 0.650000
v -3.629166 12.212500 0.575000
v -3.629166 12.137500 0.500000
v -3.629166 12.212500 0.500000
v -3.647916 12.193749 0.650000
v -3.685416 12.193749 0.650000
v -3.704166 12.787500 0.500000
v -3.704166 12.862500 0.500000
v -3.704166 12.787500 0.575000
v -3.685416 12.806250 0.650000
v -3.704166 12.862500 0.575000
v -3.629166 12.787500 0.575000
v -3.647916 12.806250 0.650000
v -3.629166 12.862500 0.575000
v -3.629166 12.787500 0.500000
v -3.629166 12.862500 0.500000
v -3.647916 12.843750 0.650000
v -3.685416 12.843750 0.650000
v -4.000000 13.000000 1.000000
v -4.000000 14.000000 1.000000
v -3.250000 14.000000 1.000000
v -3.416667 14.000000 1.000000
v -3.583333 14.000000 1.000000
v -3.750000 14.000000 1.000000
v -3.000000 14.000000 1.000000
v -4.000000 13.000000 -0.000000
v -4.000000 14.000000 -0.000000
v -3.000000 14.000000 -0.000000
v -4.000000 13.000000 1.000000
v -3.750000 13.000000 1.000000
v -4.000000 14.000000 1.000000
v -3.916667 13.225000 1.000000
v -3.750000 13.225000 1.000000
v -3.916667 13.775000 1.000000
v -3.916667 13.275000 0.950000
v -3.916667 13.725000 0.950000
v -3.750000 13.275000 0.950000
v -3.750000 13.725000 0.950000
v -3.750000 13.775000 1.000000
v -3.583333 13.775000 1.000000
v -3.750000 14.000000 1.000000
v -3.583333 14.000000 1.000000
v -3.416667 14.000000 1.000000
v -3.250000 14.000000 1.000000
v -3.416667 13.775000 1.000000
v -3.416667 13.225000 1.000000
v -3.250000 13.775000 1.000000
v -3.416667 13.725000 0.950000
v -3.416667 13.275000 0.950000
v -3.583333 13.725000 0.950000
v -3.583333 13.275000 0.950000
v -3.583333 13.225000 1.000000
v -3.583333 13.000000 1.000000
v -3.416667 13.000000 1.000000
v -3.250000 13.000000 1.000000
v -3.000000 13.000000 1.000000
v -3.250000 13.225000 1.000000
v -3.083333 13.225000 1.000000
v -3.250000 13.275000 0.950000
v -3.250000 13.725000 0.950000
v -3.083333 13.275000 0.950000
v -3.083333 13.725000 0.950000
v -3.083333 13.775000 1.000000
v -3.000000 14.000000 1.000000
v -3.370833 13.787500 1.000000
v -3.370833 13.862500 1.000000
v -3.370833 13.787500 1.075000
v -3.352083 13.806250 1.150000
v -3.370833 13.862500 1.075000
v -3.295833 13.787500 1.075000
v -3.314583 13.806250 1.150000
v -3.295833 13.862500 1.075000
v -3.295833 13.787500 1.000000
v -3.295833 13.862500 1.000000
v -3.314583 13.843750 1.150000
v -3.352083 13.843750 1.150000
v -3.370833 13.137500 1.000000
v -3.370833 13.212500 1.000000
v -3.370833 13.137500 1.075000
v -3.352083 13.156250 1.150000
v -3.370833 13.212500 1.075000
v -3.295833 13.137500 1.075000
v -3.314583 13.156250 1.150000
v -3.295833 13.212500 1.075000
v -3.295833 13.137500 1.000000
v -3.295833 13.212500 1.000000
v -3.314583 13.193749 1.150000
v -3.352083 13.193749 1.150000
v -3.704166 13.137500 1.000000
v -3.704166 13.212500 1.000000
v -3.704166 13.137500 1.075000
v -3.685416 13.156250 1.150000
v -3.704166 13.212500 1.075000
v -3.629166 13.137500 1.075000
v -3.647916 13.156250 1.150000
v -3.629166 13.212500 1.075000
v -3.629166 13.137500 1.000000
v -3.629166 13.212500 1.000000
v -3.647916 13.193749 1.150000
v -3.685416 13.193749 1.150000
v -3.704166 13.787500 1.000000
v -3.704166 13.862500 1.000000
v -3.704166 13.787500 1.075000
v -3.685416 13.806250 1.150000
v -3.704166 13.862500 1.075000
v -3.629166 13.787500 1.075000
v -3.647916 13.806250 1.150000
v -3.629166 13.862500 1.075000
v -3.629166 13.787500 1.000000
v -3.629166 13.862500 1.000000
v -3.647916 13.843750 1.150000
v -3.685416 13.843750 1.150000
v -2.000000 2.000000 -0.000000
v -2.000000 1.000000 0.000000
v -2.000000 2.000000 1.000000
v -2.000000 1.000000 1.000000
v -3.000000 1.000000 1.000000
v -3.000000 2.000000 1.000000
v -2.000000 1.000000 1.000000
v -2.000000 2.000000 1.000000
v -2.370833 1.137500 1.000000
v -2.370833 1.212500 1.000000
v -2.370833 1.137500 1.075000
v -2.352083 1.156250 1.150000
v -2.370833 1.212500 1.075000
v -2.295833 1.137500 1.075000
v -2.314583 1.156250 1.150000
v -2.295833 1.212500 1.075000
v -2.295833 1.137500 1.000000
v -2.295833 1.212500 1.000000
v -2.314583 1.193750 1.150000
v -2.352083 1.193750 1.150000
v -2.704165 1.787500 1.000000
v -2.704165 1.862500 1.000000
v -2.704165 1.787500 1.075000
v -2.685415 1.806250 1.150000
v -2.704165 1.862500 1.075000
v -2.629165 1.787500 1.075000
v -2.647915 1.806250 1.150000
v -2.629165 1.862500 1.075000
v -2.629165 1.787500 1.000000
v -2.629165 1.862500 1.000000
v -2.647915 1.843750 1.150000
v -2.685415 1.843750 1.150000
v -2.704165 1.137500 1.000000
v -2.704165 1.212500 1.000000
v -2.704165 1.137500 1.075000
v -2.685415 1.156250 1.150000
v -2.704165 1.212500 1.075000
v -2.629165 1.137500 1.075000
v -2.647915 1.156250 1.150000
v -2.629165 1.212500 1.075000
v -2.629165 1.137500 1.000000
v -2.629165 1.212500 1.000000
v -2.647915 1.193750 1.150000
v -2.685415 1.193750 1.150000
v -2.370832 1.787500 1.000000
v -2.370832 1.862500 1.000000
v -2.370832 1.787500 1.075000
v -2.352082 1.806250 1.150000
v -2.370832 1.862500 1.075000
v -2.295832 1.787500 1.075000
v -2.314582 1.806250 1.150000
v -2.295832 1.862500 1.075000
v -2.295832 1.787500 1.000000
v -2.295832 1.862500 1.000000
v -2.314582 1.843750 1.150000
v -2.352082 1.843750 1.150000
v -3.000000 2.000000 1.000000
v -2.000000 2.000000 1.000000
v -3.000000 3.000000 1.000000
v -2.000000 3.000000 1.000000
v -3.000000 3.000000 0.000000
v -3.000000 2.000000 0.000000
v -2.000000 2.000000 0.000000
v -2.000000 3.000000 0.000000
v -3.000000 2.000000 1.000000
v -3.000000 3.000000 1.000000
v -2.000000 2.000000 1.000000
v -2.000000 3.000000 1.000000
v -2.370833 2.137500 1.000000
v -2.370833 2.212500 1.000000
v -2.370833 2.137500 1.075000
v -2.352083 2.156250 1.150000
v -2.370833 2.212500 1.075000
v -2.295833 2.137500 1.075000
v -2.314583 2.156250 1.150000
v -2.295833 2.212500 1.075000
v -2.295833 2.137500 1.000000
v -2.295833 2.212500 1.000000
v -2.314583 2.193750 1.150000
v -2.352083 2.193750 1.150000
v -2.704165 2.787500 1.000000
v -2.704165 2.862500 1.000000
v -2.704165 2.787500 1.075000
v -2.685415 2.806250 1.150000
v -2.704165 2.862500 1.075000
v -2.629165 2.787500 1.075000
v -2.647915 2.806250 1.150000
v -2.629165 2.862500 1.075000
v -2.629165 2.787500 1.000000
v -2.629165 2.862500 1.000000
v -2.647915 2.843750 1.150000
v -2.685415 2.843750 1.150000
v -2.704165 2.137500 1.000000
v -2.704165 2.212500 1.000000
v -2.704165 2.137500 1.075000
v -2.685415 2.156250 1.150000
v -2.704165 2.212500 1.075000
v -2.629165 2.137500 1.075000
v -2.647915 2.156250 1.150000
v -2.629165 2.212500 1.075000
v -2.629165 2.137500 1.000000
v -2.629165 2.212500 1.000000
v -2.647915 2.193750 1.150000
v -2.685415 2.193750 1.150000
v -2.370832 2.787500 1.000000
v -2.370832 2.862500 1.000000
v -2.370832 2.787500 1.075000
v -2.352082 2.806250 1.150000
v -2.370832 2.862500 1.075000
v -2.295832 2.787500 1.075000
v -2.314582 2.806250 1.150000
v -2.295832 2.862500 1.075000
v -2.295832 2.787500 1.000000
v -2.295832 2.862500 1.000000
v -2.314582 2.843750 1.150000
v -2.352082 2.843750 1.150000
v -3.000000 3.000000 0.000000
v -2.000000 3.000000 0.000000
v -3.000000 4.000000 0.000000
v -2.000000 4.000000 0.000000
v -2.370833 3.137500 0.000000
v -2.370833 3.212500 0.000000
v -2.295833 3.137500 0.000000
v -2.295833 3.212500 0.000000
v -2.352083 3.156250 0.150000
v -2.370833 3.137500 0.075000
v -2.352083 3.193750 0.150000
v -2.370833 3.212500 0.075000
v -2.314583 3.156250 0.150000
v -2.295833 3.137500 0.075000
v -2.314583 3.193750 0.150000
v -2.295833 3.212500 0.075000
v -2.704165 3.787500 0.000000
v -2.704165 3.862500 0.000000
v -2.629165 3.787500 0.000000
v -2.629165 3.862500 0.000000
v -2.685415 3.806250 0.150000
v -2.704165 3.787500 0.075000
v -2.685415 3.843750 0.150000
v -2.704165 3.862500 0.075000
v -2.647915 3.806250 0.150000
v -2.629165 3.787500 0.075000
v -2.647915 3.843750 0.150000
v -2.629165 3.862500 0.075000
v -2.704165 3.137500 0.000000
v -2.704165 3.212500 0.000000
v -2.629165 3.137500 0.000000
v -2.629165 3.212500 0.000000
v -2.685415 3.156250 0.150000
v -2.704165 3.137500 0.075000
v -2.685415 3.193750 0.150000
v -2.704165 3.212500 0.075000
v -2.647915 3.156250 0.150000
v -2.629165 3.137500 0.075000
v -2.647915 3.193750 0.150000
v -2.629165 3.212500 0.075000
v -2.370832 3.787500 0.000000
v -2.370832 3.862500 0.000000
v -2.295832 3.787500 0.000000
v -2.295832 3.862500 0.000000
v -2.352082 3.806250 0.150000
v -2.370832 3.787500 0.075000
v -2.352082 3.843750 0.150000
v -2.370832 3.862500 0.075000
v -2.314582 3.806250 0.150000
v -2.295832 3.787500 0.075000
v -2.314582 3.843750 0.150000
v -2.295832 3.862500 0.075000
v -2.962499 3.137500 0.000000
v -2.962499 3.212500 0.000000
v -2.999999 3.212500 0.000000
v -2.981249 3.156250 0.150000
v -2.962499 3.137500 0.075000
v -2.981249 3.193750 0.150000
v -2.962499 3.212500 0.075000
v -2.999999 3.137500 0.075000
v -2.999999 3.156250 0.150000
v -2.999999 3.193750 0.150000
v -2.999999 3.212500 0.075000
v -2.962499 3.787500 0.000000
v -2.962499 3.862500 0.000000
v -2.999999 3.862500 0.000000
v -2.981249 3.806250 0.150000
v -2.962499 3.787500 0.075000
v -2.981249 3.843750 0.150000
v -2.962499 3.862500 0.075000
v -2.999999 3.787500 0.075000
v -2.999999 3.806250 0.150000
v -2.999999 3.843750 0.150000
v -2.999999 3.862500 0.075000
v -2.037499 3.137500 0.000000
v -2.037499 3.212500 0.000000
v -2.000000 3.212500 0.000000
v -2.018749 3.156250 0.150000
v -2.037499 3.137500 0.075000
v -2.018749 3.193750 0.150000
v -2.037499 3.212500 0.075000
v -2.000000 3.156250 0.150000
v -2.000000 3.137500 0.075000
v -2.000000 3.212500 0.075000
v -2.000000 3.193750 0.150000
v -2.037499 3.787500 0.000000
v -2.037499 3.862500 0.000000
v -2.000000 3.862500 0.000000
v -2.018749 3.806250 0.150000
v -2.037499 3.787500 0.075000
v -2.018749 3.843750 0.150000
v -2.037499 3.862500 0.075000
v -2.000000 3.806250 0.150000
v -2.000000 3.787500 0.075000
v -2.000000 3.862500 0.075000
v -2.000000 3.843750 0.150000
v -3.000000 4.000000 -0.000000
v -2.000000 4.000000 -0.000000
v -3.000000 5.000000 -0.000000
v -2.000000 5.000000 -0.000000
v -2.370833 4.137499 -0.000000
v -2.370833 4.212500 -0.000000
v -2.295833 4.137499 -0.000000
v -2.295833 4.212500 -0.000000
v -2.352083 4.156250 0.150000
v -2.370833 4.137499 0.075000
v -2.352083 4.193749 0.150000
v -2.370833 4.212500 0.075000
v -2.314583 4.156250 0.150000
v -2.295833 4.137499 0.075000
v -2.314583 4.193749 0.150000
v -2.295833 4.212500 0.075000
v -2.704165 4.787499 -0.000000
v -2.704165 4.862500 -0.000000
v -2.629165 4.787499 -0.000000
v -2.629165 4.862500 -0.000000
v -2.685415 4.806250 0.150000
v -2.704165 4.787499 0.075000
v -2.685415 4.843750 0.150000
v -2.704165 4.862500 0.075000
v -2.647915 4.806250 0.150000
v -2.629165 4.787499 0.075000
v -2.647915 4.843750 0.150000
v -2.629165 4.862500 0.075000
v -2.704165 4.137499 -0.000000
v -2.704165 4.212500 -0.000000
v -2.629165 4.137499 -0.000000
v -2.629165 4.212500 -0.000000
v -2.685415 4.156250 0.150000
v -2.704165 4.137499 0.075000
v -2.685415 4.193749 0.150000
v -2.704165 4.212500 0.075000
v -2.647915 4.156250 0.150000
v -2.629165 4.137499 0.075000
v -2.647915 4.193749 0.150000
v -2.629165 4.212500 0.075000
v -2.370832 4.787499 -0.000000
v -2.370832 4.862500 -0.000000
v -2.295832 4.787499 -0.000000
v -2.295832 4.862500 -0.000000
v -2.352082 4.806250 0.150000
v -2.370832 4.787499 0.075000
v -2.352082 4.843750 0.150000
v -2.370832 4.862500 0.075000
v -2.314582 4.806250 0.150000
v -2.295832 4.787499 0.075000
v -2.314582 4.843750 0.150000
v -2.295832 4.862500 0.075000
v -2.962499 4.137499 -0.000000
v -2.962499 4.212500 -0.000000
v -2.999999 4.212500 -0.000000
v -2.981249 4.156250 0.150000
v -2.962499 4.137499 0.075000
v -2.981249 4.193749 0.150000
v -2.962499 4.212500 0.075000
v -2.999999 4.137499 0.075000
v -2.999999 4.156250 0.150000
v -2.999999 4.193749 0.150000
v -2.999999 4.212500 0.075000
v -2.962499 4.787499 -0.000000
v -2.962499 4.862500 -0.000000
v -2.999999 4.862500 -0.000000
v -2.981249 4.806250 0.150000
v -2.962499 4.787499 0.075000
v -2.981249 4.843750 0.150000
v -2.962499 4.862500 0.075000
v -2.999999 4.787499 0.075000
v -2.999999 4.806250 0.150000
v -2.999999 4.843750 0.150000
v -2.999999 4.862500 0.075000
v -2.037499 4.137499 -0.000000
v -2.037499 4.212500 -0.000000
v -2.000000 4.212500 -0.000000
v -2.018749 4.156250 0.150000
v -2.037499 4.137499 0.075000
v -2.018749 4.193749 0.150000
v -2.037499 4.212500 0.075000
v -2.000000 4.156250 0.150000
v -2.000000 4.137499 0.075000
v -2.000000 4.212500 0.075000
v -2.000000 4.193749 0.150000
v -2.037499 4.787499 -0.000000
v -2.037499 4.862500 -0.000000
v -2.000000 4.862500 -0.000000
v -2.018749 4.806250 0.150000
v -2.037499 4.787499 0.075000
v -2.018749 4.843750 0.150000
v -2.037499 4.862500 0.075000
v -2.000000 4.806250 0.150000
v -2.000000 4.787499 0.075000
v -2.000000 4.862500 0.075000
v -2.000000 4.843750 0.150000
v -3.000000 5.000000 0.500000
v -3.000000 6.000000 0.500000
v -3.000000 6.000000 -0.000000
v -3.000000 5.000000 -0.000000
v -3.000000 5.000000 0.500000
v -3.000000 6.000000 0.500000
v -2.000000 5.000000 0.500000
v -2.000000 6.000000 0.500000
v -2.370833 5.137499 0.500000
v -2.370833 5.212500 0.500000
v -2.370833 5.137499 0.575000
v -2.352083 5.156250 0.650000
v -2.370833 5.212500 0.575000
v -2.295833 5.137499 0.575000
v -2.314583 5.156250 0.650000
v -2.295833 5.212500 0.575000
v -2.295833 5.137499 0.500000
v -2.295833 5.212500 0.500000
v -2.314583 5.193749 0.650000
v -2.352083 5.193749 0.650000
v -2.704165 5.787499 0.500000
v -2.704165 5.862500 0.500000
v -2.704165 5.787499 0.575000
v -2.685415 5.806250 0.650000
v -2.704165 5.862500 0.575000
v -2.629165 5.787499 0.575000
v -2.647915 5.806250 0.650000
v -2.629165 5.862500 0.575000
v -2.629165 5.787499 0.500000
v -2.629165 5.862500 0.500000
v -2.647915 5.843750 0.650000
v -2.685415 5.843750 0.650000
v -2.704165 5.137499 0.500000
v -2.704165 5.212500 0.500000
v -2.704165 5.137499 0.575000
v -2.685415 5.156250 0.650000
v -2.704165 5.212500 0.575000
v -2.629165 5.137499 0.575000
v -2.647915 5.156250 0.650000
v -2.629165 5.212500 0.575000
v -2.629165 5.137499 0.500000
v -2.629165 5.212500 0.500000
v -2.647915 5.193749 0.650000
v -2.685415 5.193749 0.650000
v -2.370832 5.787499 0.500000
v -2.370832 5.862500 0.500000
v -2.370832 5.787499 0.575000
v -2.352082 5.806250 0.650000
v -2.370832 5.862500 0.575000
v -2.295832 5.787499 0.575000
v -2.314582 5.806250 0.650000
v -2.295832 5.862500 0.575000
v -2.295832 5.787499 0.500000
v -2.295832 5.862500 0.500000
v -2.314582 5.843750 0.650000
v -2.352082 5.843750 0.650000
v -3.000000 6.000000 0.500000
v -2.000000 6.000000 0.500000
v -3.000000 7.000000 0.500000
v -2.000000 7.000000 0.500000
v -3.000000 7.000000 -0.000000
v -3.000000 6.000000 -0.000000
v -2.000000 6.000000 -0.000000
v -2.000000 7.000000 -0.000000
v -3.000000 6.000000 0.500000
v -3.000000 7.000000 0.500000
v -2.000000 6.000000 0.500000
v -2.000000 7.000000 0.500000
v -2.370833 6.137499 0.500000
v -2.370833 6.212500 0.500000
v -2.370833 6.137499 0.575000
v -2.352083 6.156250 0.650000
v -2.370833 6.212500 0.575000
v -2.295833 6.137499 0.575000
v -2.314583 6.156250 0.650000
v -2.295833 6.212500 0.575000
v -2.295833 6.137499 0.500000
v -2.295833 6.212500 0.500000
v -2.314583 6.193749 0.650000
v -2.352083 6.193749 0.650000
v -2.704165 6.787499 0.500000
v -2.704165 6.862500 0.500000
v -2.704165 6.787499 0.575000
v -2.685415 6.806250 0.650000
v -2.704165 6.862500 0.575000
v -2.629165 6.787499 0.575000
v -2.647915 6.806250 0.650000
v -2.629165 6.862500 0.575000
v -2.629165 6.787499 0.500000
v -2.629165 6.862500 0.500000
v -2.647915 6.843750 0.650000
v -2.685415 6.843750 0.650000
v -2.704165 6.137499 0.500000
v -2.704165 6.212500 0.500000
v -2.704165 6.137499 0.575000
v -2.685415 6.156250 0.650000
v -2.704165 6.212500 0.575000
v -2.629165 6.137499 0.575000
v -2.647915 6.156250 0.650000
v -2.629165 6.212500 0.575000
v -2.629165 6.137499 0.500000
v -2.629165 6.212500 0.500000
v -2.647915 6.193749 0.650000
v -2.685415 6.193749 0.650000
v -2.370832 6.787499 0.500000
v -2.370832 6.862500 0.500000
v -2.370832 6.787499 0.575000
v -2.352082 6.806250 0.650000
v -2.370832 6.862500 0.575000
v -2.295832 6.787499 0.575000
v -2.314582 6.806250 0.650000
v -2.295832 6.862500 0.575000
v -2.295832 6.787499 0.500000
v -2.295832 6.862500 0.500000
v -2.314582 6.843750 0.650000
v -2.352082 6.843750 0.650000
v -3.000000 7.000000 0.500000
v -3.000000 8.000000 0.500000
v -3.000000 8.000000 -0.000000
v -3.000000 7.000000 -0.000000
v -3.000000 7.000000 0.500000
v -3.000000 8.000000 0.500000
v -2.000000 7.000000 0.500000
v -2.000000 8.000000 0.500000
v -2.370833 7.137499 0.500000
v -2.370833 7.212500 0.500000
v -2.370833 7.137499 0.575000
v -2.352083 7.156250 0.650000
v -2.370833 7.212500 0.575000
v -2.295833 7.137499 0.575000
v -2.314583 7.156250 0.650000
v -2.295833 7.212500 0.575000
v -2.295833 7.137499 0.500000
v -2.295833 7.212500 0.500000
v -2.314583 7.193749 0.650000
v -2.352083 7.193749 0.650000
v -2.704165 7.787499 0.500000
v -2.704165 7.862500 0.500000
v -2.704165 7.787499 0.575000
v -2.685415 7.806250 0.650000
v -2.704165 7.862500 0.575000
v -2.629165 7.787499 0.575000
v -2.647915 7.806250 0.650000
v -2.629165 7.862500 0.575000
v -2.629165 7.787499 0.500000
v -2.629165 7.862500 0.500000
v -2.647915 7.843750 0.650000
v -2.685415 7.843750 0.650000
v -2.704165 7.137499 0.500000
v -2.704165 7.212500 0.500000
v -2.704165 7.137499 0.575000
v -2.685415 7.156250 0.650000
v -2.704165 7.212500 0.575000
v -2.629165 7.137499 0.575000
v -2.647915 7.156250 0.650000
v -2.629165 7.212500 0.575000
v -2.629165 7.137499 0.500000
v -2.629165 7.212500 0.500000
v -2.647915 7.193749 0.650000
v -2.685415 7.193749 0.650000
v -2.370832 7.787499 0.500000
v -2.370832 7.862500 0.500000
v -2.370832 7.787499 0.575000
v -2.352082 7.806250 0.650000
v -2.370832 7.862500 0.575000
v -2.295832 7.787499 0.575000
v -2.314582 7.806250 0.650000
v -2.295832 7.862500 0.575000
v -2.295832 7.787499 0.500000
v -2.295832 7.862500 0.500000
v -2.314582 7.843750 0.650000
v -2.352082 7.843750 0.650000
v -3.000000 8.000000 0.500000
v -3.000000 9.000000 0.500000
v -2.000000 8.000000 0.500000
v -2.000000 9.000000 0.500000
v -2.370833 8.137500 0.500000
v -2.370833 8.212500 0.500000
v -2.370833 8.137500 0.575000
v -2.352083 8.156250 0.650000
v -2.370833 8.212500 0.575000
v -2.295833 8.137500 0.575000
v -2.314583 8.156250 0.650000
v -2.295833 8.212500 0.575000
v -2.295833 8.137500 0.500000
v -2.295833 8.212500 0.500000
v -2.314583 8.193749 0.650000
v -2.352083 8.193749 0.650000
v -2.704165 8.787500 0.500000
v -2.704165 8.862500 0.500000
v -2.704165 8.787500 0.575000
v -2.685415 8.806250 0.650000
v -2.704165 8.862500 0.575000
v -2.629165 8.787500 0.575000
v -2.647915 8.806250 0.650000
v -2.629165 8.862500 0.575000
v -2.629165 8.787500 0.500000
v -2.629165 8.862500 0.500000
v -2.647915 8.843750 0.650000
v -2.685415 8.843750 0.650000
v -2.704165 8.137500 0.500000
v -2.704165 8.212500 0.500000
v -2.704165 8.137500 0.575000
v -2.685415 8.156250 0.650000
v -2.704165 8.212500 0.575000
v -2.629165 8.137500 0.575000
v -2.647915 8.156250 0.650000
v -2.629165 8.212500 0.575000
v -2.629165 8.137500 0.500000
v -2.629165 8.212500 0.500000
v -2.647915 8.193749 0.650000
v -2.685415 8.193749 0.650000
v -2.370832 8.787500 0.500000
v -2.370832 8.862500 0.500000
v -2.370832 8.787500 0.575000
v -2.352082 8.806250 0.650000
v -2.370832 8.862500 0.575000
v -2.295832 8.787500 0.575000
v -2.314582 8.806250 0.650000
v -2.295832 8.862500 0.575000
v -2.295832 8.787500 0.500000
v -2.295832 8.862500 0.500000
v -2.314582 8.843750 0.650000
v -2.352082 8.843750 0.650000
v -3.000000 10.000000 1.000000
v -2.000000 9.000000 1.000000
v -2.250000 10.000000 1.000000
v -2.416667 10.000000 1.000000
v -2.583333 10.000000 1.000000
v -2.750000 10.000000 1.000000
v -2.000000 10.000000 1.000000
v -3.000000 10.000000 -0.000000
v -2.000000 9.000000 -0.000000
v -2.000000 10.000000 -0.000000
v -3.000000 9.000000 1.000000
v -2.750000 9.000000 1.000000
v -3.000000 10.000000 1.000000
v -2.916667 9.225000 1.000000
v -2.750000 9.225000 1.000000
v -2.916667 9.775000 1.000000
v -2.916667 9.275000 0.950000
v -2.916667 9.725000 0.950000
v -2.750000 9.275000 0.950000
v -2.750000 9.725000 0.950000
v -2.750000 9.775000 1.000000
v -2.583333 9.775000 1.000000
v -2.750000 10.000000 1.000000
v -2.583333 10.000000 1.000000
v -2.416667 10.000000 1.000000
v -2.250000 10.000000 1.000000
v -2.416667 9.775000 1.000000
v -2.416667 9.225000 1.000000
v -2.250000 9.775000 1.000000
v -2.416667 9.725000 0.950000
v -2.416667 9.275000 0.950000
v -2.583333 9.725000 0.950000
v -2.583333 9.275000 0.950000
v -2.583333 9.225000 1.000000
v -2.583333 9.000000 1.000000
v -2.416667 9.000000 1.000000
v -2.250000 9.000000 1.000000
v -2.000000 9.000000 1.000000
v -2.250000 9.225000 1.000000
v -2.083333 9.225000 1.000000
v -2.250000 9.275000 0.950000
v -2.250000 9.725000 0.950000
v -2.083333 9.275000 0.950000
v -2.083333 9.725000 0.950000
v -2.083333 9.775000 1.000000
v -2.000000 10.000000 1.000000
v -2.370833 9.787500 1.000000
v -2.370833 9.862500 1.000000
v -2.370833 9.787500 1.075000
v -2.352083 9.806250 1.150000
v -2.370833 9.862500 1.075000
v -2.295833 9.787500 1.075000
v -2.314583 9.806250 1.150000
v -2.295833 9.862500 1.075000
v -2.295833 9.787500 1.000000
v -2.295833 9.862500 1.000000
v -2.314583 9.843750 1.150000
v -2.352083 9.843750 1.150000
v -2.370833 9.137500 1.000000
v -2.370833 9.212500 1.000000
v -2.370833 9.137500 1.075000
v -2.352083 9.156250 1.150000
v -2.370833 9.212500 1.075000
v -2.295833 9.137500 1.075000
v -2.314583 9.156250 1.150000
v -2.295833 9.212500 1.075000
v -2.295833 9.137500 1.000000
v -2.295833 9.212500 1.000000
v -2.314583 9.193749 1.150000
v -2.352083 9.193749 1.150000
v -2.704166 9.137500 1.000000
v -2.704166 9.212500 1.000000
v -2.704166 9.137500 1.075000
v -2.685416 9.156250 1.150000
v -2.704166 9.212500 1.075000
v -2.629166 9.137500 1.075000
v -2.647916 9.156250 1.150000
v -2.629166 9.212500 1.075000
v -2.629166 9.137500 1.000000
v -2.629166 9.212500 1.000000
v -2.647916 9.193749 1.150000
v -2.685416 9.193749 1.150000
v -2.704166 9.787500 1.000000
v -2.704166 9.862500 1.000000
v -2.704166 9.787500 1.075000
v -2.685416 9.806250 1.150000
v -2.704166 9.862500 1.075000
v -2.629166 9.787500 1.075000
v -2.647916 9.806250 1.150000
v -2.629166 9.862500 1.075000
v -2.629166 9.787500 1.000000
v -2.629166 9.862500 1.000000
v -2.647916 9.843750 1.150000
v -2.685416 9.843750 1.150000
v -3.000000 10.000000 -0.000000
v -2.000000 10.000000 -0.000000
v -3.000000 11.000000 -0.000000
v -2.000000 11.000000 -0.000000
v -2.370833 10.137500 -0.000000
v -2.370833 10.212500 -0.000000
v -2.295833 10.137500 -0.000000
v -2.295833 10.212500 -0.000000
v -2.352083 10.156250 0.150000
v -2.370833 10.137500 0.075000
v -2.352083 10.193749 0.150000
v -2.370833 10.212500 0.075000
v -2.314583 10.156250 0.150000
v -2.295833 10.137500 0.075000
v -2.314583 10.193749 0.150000
v -2.295833 10.212500 0.075000
v -2.704165 10.787500 -0.000000
v -2.704165 10.862500 -0.000000
v -2.629165 10.787500 -0.000000
v -2.629165 10.862500 -0.000000
v -2.685415 10.806250 0.150000
v -2.704165 10.787500 0.075000
v -2.685415 10.843750 0.150000
v -2.704165 10.862500 0.075000
v -2.647915 10.806250 0.150000
v -2.629165 10.787500 0.075000
v -2.647915 10.843750 0.150000
v -2.629165 10.862500 0.075000
v -2.704165 10.137500 -0.000000
v -2.704165 10.212500 -0.000000
v -2.629165 10.137500 -0.000000
v -2.629165 10.212500 -0.000000
v -2.685415 10.156250 0.150000
v -2.704165 10.137500 0.075000
v -2.685415 10.193749 0.150000
v -2.704165 10.212500 0.075000
v -2.647915 10.156250 0.150000
v -2.629165 10.137500 0.075000
v -2.647915 10.193749 0.150000
v -2.629165 10.212500 0.075000
v -2.370832 10.787500 -0.000000
v -2.370832 10.862500 -0.000000
v -2.295832 10.787500 -0.000000
v -2.295832 10.862500 -0.000000
v -2.352082 10.806250 0.150000
v -2.370832 10.787500 0.075000
v -2.352082 10.843750 0.150000
v -2.370832 10.862500 0.075000
v -2.314582 10.806250 0.150000
v -2.295832 10.787500 0.075000
v -2.314582 10.843750 0.150000
v -2.295832 10.862500 0.075000
v -2.962499 10.137500 -0.000000
v -2.962499 10.212500 -0.000000
v -2.999999 10.212500 -0.000000
v -2.981249 10.156250 0.150000
v -2.962499 10.137500 0.075000
v -2.981249 10.193749 0.150000
v -2.962499 10.212500 0.075000
v -2.999999 10.137500 0.075000
v -2.999999 10.156250 0.150000
v -2.999999 10.193749 0.150000
v -2.999999 10.212500 0.075000
v -2.962499 10.787500 -0.000000
v -2.962499 10.862500 -0.000000
v -2.999999 10.862500 -0.000000
v -2.981249 10.806250 0.150000
v -2.962499 10.787500 0.075000
v -2.981249 10.843750 0.150000
v -2.962499 10.862500 0.075000
v -2.999999 10.787500 0.075000
v -2.999999 10.806250 0.150000
v -2.999999 10.843750 0.150000
v -2.999999 10.862500 0.075000
v -2.037499 10.137500 -0.000000
v -2.037499 10.212500 -0.000000
v -2.000000 10.212500 -0.000000
v -2.018749 10.156250 0.150000
v -2.037499 10.137500 0.075000
v -2.018749 10.193749 0.150000
v -2.037499 10.212500 0.075000
v -2.000000 10.156250 0.150000
v -2.000000 10.137500 0.075000
v -2.000000 10.212500 0.075000
v -2.000000 10.193749 0.150000
v -2.037499 10.787500 -0.000000
v -2.037499 10.862500 -0.000000
v -2.000000 10.862500 -0.000000
v -2.018749 10.806250 0.150000
v -2.037499 10.787500 0.075000
v -2.018749 10.843750 0.150000
v -2.037499 10.862500 0.075000
v -2.000000 10.806250 0.150000
v -2.000000 10.787500 0.075000
v -2.000000 10.862500 0.075000
v -2.000000 10.843750 0.150000
v -3.000000 11.000000 0.500000
v -3.000000 12.000000 0.500000
v -2.000000 11.000000 0.500000
v -2.000000 12.000000 0.500000
v -2.370833 11.137500 0.500000
v -2.370833 11.212500 0.500000
v -2.370833 11.137500 0.575000
v -2.352083 11.156250 0.650000
v -2.370833 11.212500 0.575000
v -2.295833 11.137500 0.575000
v -2.314583 11.156250 0.650000
v -2.295833 11.212500 0.575000
v -2.295833 11.137500 0.500000
v -2.295833 11.212500 0.500000
v -2.314583 11.193749 0.650000
v -2.352083 11.193749 0.650000
v -2.704165 11.787500 0.500000
v -2.704165 11.862500 0.500000
v -2.704165 11.787500 0.575000
v -2.685415 11.806250 0.650000
v -2.704165 11.862500 0.575000
v -2.629165 11.787500 0.575000
v -2.647915 11.806250 0.650000
v -2.629165 11.862500 0.575000
v -2.629165 11.787500 0.500000
v -2.629165 11.862500 0.500000
v -2.647915 11.843750 0.650000
v -2.685415 11.843750 0.650000
v -2.704165 11.137500 0.500000
v -2.704165 11.212500 0.500000
v -2.704165 11.137500 0.575000
v -2.685415 11.156250 0.650000
v -2.704165 11.212500 0.575000
v -2.629165 11.137500 0.575000
v -2.647915 11.156250 0.650000
v -2.629165 11.212500 0.575000
v -2.629165 11.137500 0.500000
v -2.629165 11.212500 0.500000
v -2.647915 11.193749 0.650000
v -2.685415 11.193749 0.650000
v -2.370832 11.787500 0.500000
v -2.370832 11.862500 0.500000
v -2.370832 11.787500 0.575000
v -2.352082 11.806250 0.650000
v -2.370832 11.862500 0.575000
v -2.295832 11.787500 0.575000
v -2.314582 11.806250 0.650000
v -2.295832 11.862500 0.575000
v -2.295832 11.787500 0.500000
v -2.295832 11.862500 0.500000
v -2.314582 11.843750 0.650000
v -2.352082 11.843750 0.650000
v -3.000000 12.000000 1.000000
v -3.000000 13.000000 1.000000
v -2.000000 12.000000 1.000000
v -2.000000 13.000000 1.000000
v -3.000000 12.000000 -0.000000
v -3.000000 13.000000 -0.000000
v -2.000000 12.000000 -0.000000
v -2.000000 13.000000 -0.000000
v -3.000000 12.000000 1.000000
v -2.750000 12.000000 1.000000
v -3.000000 13.000000 1.000000
v -2.916667 12.225000 1.000000
v -2.750000 12.225000 1.000000
v -2.916667 12.775000 1.000000
v -2.916667 12.275000 0.950000
v -2.916667 12.725000 0.950000
v -2.750000 12.275000 0.950000
v -2.750000 12.725000 0.950000
v -2.750000 12.775000 1.000000
v -2.583333 12.775000 1.000000
v -2.750000 13.000000 1.000000
v -2.583333 13.000000 1.000000
v -2.416667 13.000000 1.000000
v -2.250000 13.000000 1.000000
v -2.416667 12.775000 1.000000
v -2.416667 12.225000 1.000000
v -2.250000 12.775000 1.000000
v -2.416667 12.725000 0.950000
v -2.416667 12.275000 0.950000
v -2.583333 12.725000 0.950000
v -2.583333 12.275000 0.950000
v -2.583333 12.225000 1.000000
v -2.583333 12.000000 1.000000
v -2.416667 12.000000 1.000000
v -2.250000 12.000000 1.000000
v -2.000000 12.000000 1.000000
v -2.250000 12.225000 1.000000
v -2.083333 12.225000 1.000000
v -2.250000 12.275000 0.950000
v -2.250000 12.725000 0.950000
v -2.083333 12.275000 0.950000
v -2.083333 12.725000 0.950000
v -2.083333 12.775000 1.000000
v -2.000000 13.000000 1.000000
v -2.370833 12.787500 1.000000
v -2.370833 12.862500 1.000000
v -2.370833 12.787500 1.075000
v -2.352083 12.806250 1.150000
v -2.370833 12.862500 1.075000
v -2.295833 12.787500 1.075000
v -2.314583 12.806250 1.150000
v -2.295833 12.862500 1.075000
v -2.295833 12.787500 1.000000
v -2.295833 12.862500 1.000000
v -2.314583 12.843750 1.150000
v -2.352083 12.843750 1.150000
v -2.370833 12.137500 1.000000
v -2.370833 12.212500 1.000000
v -2.370833 12.137500 1.075000
v -2.352083 12.156250 1.150000
v -2.370833 12.212500 1.075000
v -2.295833 12.137500 1.075000
v -2.314583 12.156250 1.150000
v -2.295833 12.212500 1.075000
v -2.295833 12.137500 1.000000
v -2.295833 12.212500 1.000000
v -2.314583 12.193749 1.150000
v -2.352083 12.193749 1.150000
v -2.704166 12.137500 1.000000
v -2.704166 12.212500 1.000000
v -2.704166 12.137500 1.075000
v -2.685416 12.156250 1.150000
v -2.704166 12.212500 1.075000
v -2.629166 12.137500 1.075000
v -2.647916 12.156250 1.150000
v -2.629166 12.212500 1.075000
v -2.629166 12.137500 1.000000
v -2.629166 12.212500 1.000000
v -2.647916 12.193749 1.150000
v -2.685416 12.193749 1.150000
v -2.704166 12.787500 1.000000
v -2.704166 12.862500 1.000000
v -2.704166 12.787500 1.075000
v -2.685416 12.806250 1.150000
v -2.704166 12.862500 1.075000
v -2.629166 12.787500 1.075000
v -2.647916 12.806250 1.150000
v -2.629166 12.862500 1.075000
v -2.629166 12.787500 1.000000
v -2.629166 12.862500 1.000000
v -2.647916 12.843750 1.150000
v -2.685416 12.843750 1.150000
v -3.000000 14.000000 1.000000
v -3.000000 14.000000 -0.000001
v -2.000000 14.000000 -0.000001
v -2.000000 13.000000 -0.000000
v -2.000000 14.000000 1.000000
v -2.000000 13.000000 1.000000
v -3.000000 13.000000 1.000000
v -3.000000 14.000000 1.000000
v -2.000000 13.000000 1.000000
v -2.000000 14.000000 1.000000
v -2.370833 13.137500 1.000000
v -2.370833 13.212500 1.000000
v -2.370833 13.137500 1.075000
v -2.352083 13.156250 1.149999
v -2.370833 13.212500 1.075000
v -2.295833 13.137500 1.075000
v -2.314583 13.156250 1.149999
v -2.295833 13.212500 1.075000
v -2.295833 13.137500 1.000000
v -2.295833 13.212500 1.000000
v -2.314583 13.193750 1.149999
v -2.352083 13.193750 1.149999
v -2.704165 13.787500 1.000000
v -2.704165 13.862500 1.000000
v -2.704165 13.787500 1.075000
v -2.685415 13.806250 1.149999
v -2.704165 13.862500 1.075000
v -2.629165 13.787500 1.075000
v -2.647915 13.806250 1.149999
v -2.629165 13.862500 1.075000
v -2.629165 13.787500 1.000000
v -2.629165 13.862500 1.000000
v -2.647915 13.843750 1.149999
v -2.685415 13.843750 1.149999
v -2.704165 13.137500 1.000000
v -2.704165 13.212500 1.000000
v -2.704165 13.137500 1.075000
v -2.685415 13.156250 1.149999
v -2.704165 13.212500 1.075000
v -2.629165 13.137500 1.075000
v -2.647915 13.156250 1.149999
v -2.629165 13.212500 1.075000
v -2.629165 13.137500 1.000000
v -2.629165 13.212500 1.000000
v -2.647915 13.193750 1.149999
v -2.685415 13.193750 1.149999
v -2.370832 13.787500 1.000000
v -2.370832 13.862500 1.000000
v -2.370832 13.787500 1.075000
v -2.352082 13.806250 1.149999
v -2.370832 13.862500 1.075000
v -2.295832 13.787500 1.075000
v -2.314582 13.806250 1.149999
v -2.295832 13.862500 1.075000
v -2.295832 13.787500 1.000000
v -2.295832 13.862500 1.000000
v -2.314582 13.843750 1.149999
v -2.352082 13.843750 1.149999
v -2.000000 1.000000 0.000000
v -2.000000 2.000000 0.000000
v -1.000000 1.000000 0.000000
v -1.750000 1.000000 0.000000
v -1.250000 2.000000 0.000000
v -1.416667 2.000000 0.000000
v -1.583333 2.000000 0.000000
v -1.750000 2.000000 0.000000
v -1.583333 1.000000 0.000000
v -1.416667 1.000000 0.000000
v -1.250000 1.000000 0.000000
v -1.000000 2.000000 0.000000
v -1.083333 1.725000 -0.050000
v -1.083333 1.275000 -0.050000
v -1.250000 1.725000 -0.050000
v -1.250000 1.275000 -0.050000
v -1.416667 1.725000 -0.050000
v -1.416667 1.275000 -0.050000
v -1.583333 1.725000 -0.050000
v -1.583333 1.275000 -0.050000
v -1.750000 1.725000 -0.050000
v -1.750000 1.275000 -0.050000
v -1.916667 1.725000 -0.050000
v -1.916667 1.275000 -0.050000
v -1.083333 1.775000 0.000000
v -1.083333 1.225000 0.000000
v -1.250000 1.775000 0.000000
v -1.250000 1.225000 0.000000
v -1.416667 1.775000 0.000000
v -1.416667 1.225000 0.000000
v -1.583333 1.775000 0.000000
v -1.583333 1.225000 0.000000
v -1.750000 1.775000 0.000000
v -1.750000 1.225000 0.000000
v -1.916667 1.775000 0.000000
v -1.916667 1.225000 0.000000
v -1.962500 1.137500 0.000000
v -1.962500 1.212500 0.000000
v -1.962500 1.137500 0.075000
v -1.981250 1.156250 0.150000
v -1.962500 1.212500 0.075000
v -2.000000 1.137500 0.075000
v -2.000000 1.156250 0.150000
v -2.000000 1.193750 0.150000
v -2.000000 1.212500 0.075000
v -1.981250 1.193750 0.150000
v -2.000000 1.212500 0.000000
v -1.037500 1.787500 0.000000
v -1.037500 1.862500 0.000000
v -1.037500 1.787500 0.075000
v -1.018750 1.806250 0.150000
v -1.037500 1.862500 0.075000
v -1.000000 1.787500 0.075000
v -1.000000 1.806250 0.150000
v -1.000000 1.843750 0.150000
v -1.000000 1.862500 0.075000
v -1.018750 1.843750 0.150000
v -1.000000 1.862500 0.000000
v -1.962500 1.787500 0.000000
v -1.962500 1.862500 0.000000
v -1.962500 1.787500 0.075000
v -1.981250 1.806250 0.150000
v -1.962500 1.862500 0.075000
v -2.000000 1.787500 0.075000
v -2.000000 1.806250 0.150000
v -2.000000 1.843750 0.150000
v -2.000000 1.862500 0.075000
v -1.981250 1.843750 0.150000
v -2.000000 1.862500 0.000000
v -1.037500 1.137500 0.000000
v -1.037500 1.212500 0.000000
v -1.037500 1.137500 0.075000
v -1.018750 1.156250 0.150000
v -1.037500 1.212500 0.075000
v -1.000000 1.137500 0.075000
v -1.000000 1.156250 0.150000
v -1.000000 1.193750 0.150000
v -1.000000 1.212500 0.075000
v -1.018750 1.193750 0.150000
v -1.000000 1.212500 0.000000
v -1.370833 1.787500 0.000000
v -1.370833 1.862500 0.000000
v -1.370833 1.787500 0.075000
v -1.352083 1.806250 0.150000
v -1.370833 1.862500 0.075000
v -1.295833 1.787500 0.075000
v -1.314583 1.806250 0.150000
v -1.295833 1.862500 0.075000
v -1.295833 1.787500 0.000000
v -1.295833 1.862500 0.000000
v -1.314583 1.843750 0.150000
v -1.352083 1.843750 0.150000
v -1.370833 1.137500 0.000000
v -1.370833 1.212500 0.000000
v -1.370833 1.137500 0.075000
v -1.352083 1.156250 0.150000
v -1.370833 1.212500 0.075000
v -1.295833 1.137500 0.075000
v -1.314583 1.156250 0.150000
v -1.295833 1.212500 0.075000
v -1.295833 1.137500 0.000000
v -1.295833 1.212500 0.000000
v -1.314583 1.193750 0.150000
v -1.352083 1.193750 0.150000
v -1.704166 1.137500 0.000000
v -1.704166 1.212500 0.000000
v -1.704166 1.137500 0.075000
v -1.685416 1.156250 0.150000
v -1.704166 1.212500 0.075000
v -1.629166 1.137500 0.075000
v -1.647916 1.156250 0.150000
v -1.629166 1.212500 0.075000
v -1.629166 1.137500 0.000000
v -1.629166 1.212500 0.000000
v -1.647916 1.193750 0.150000
v -1.685416 1.193750 0.150000
v -1.704166 1.787500 0.000000
v -1.704166 1.862500 0.000000
v -1.704166 1.787500 0.075000
v -1.685416 1.806250 0.150000
v -1.704166 1.862500 0.075000
v -1.629166 1.787500 0.075000
v -1.647916 1.806250 0.150000
v -1.629166 1.862500 0.075000
v -1.629166 1.787500 0.000000
v -1.629166 1.862500 0.000000
v -1.647916 1.843750 0.150000
v -1.685416 1.843750 0.150000
v -2.000000 3.000000 0.500000
v -1.000000 3.000000 0.500000
v -2.000000 3.000000 0.000000
v -1.000000 3.000000 0.000000
v -2.000000 2.000000 0.500000
v -2.000000 3.000000 0.500000
v -1.000000 2.000000 0.500000
v -1.000000 3.000000 0.500000
v -1.370833 2.137500 0.500000
v -1.370833 2.212500 0.500000
v -1.370833 2.137500 0.575000
v -1.352083 2.156250 0.650000
v -1.370833 2.212500 0.575000
v -1.295833 2.137500 0.575000
v -1.314583 2.156250 0.650000
v -1.295833 2.212500 0.575000
v -1.295833 2.137500 0.500000
v -1.295833 2.212500 0.500000
v -1.314583 2.193750 0.650000
v -1.352083 2.193750 0.650000
v -1.704165 2.787500 0.500000
v -1.704165 2.862500 0.500000
v -1.704165 2.787500 0.575000
v -1.685415 2.806250 0.650000
v -1.704165 2.862500 0.575000
v -1.629165 2.787500 0.575000
v -1.647915 2.806250 0.650000
v -1.629165 2.862500 0.575000
v -1.629165 2.787500 0.500000
v -1.629165 2.862500 0.500000
v -1.647915 2.843750 0.650000
v -1.685415 2.843750 0.650000
v -1.704165 2.137500 0.500000
v -1.704165 2.212500 0.500000
v -1.704165 2.137500 0.575000
v -1.685415 2.156250 0.650000
v -1.704165 2.212500 0.575000
v -1.629165 2.137500 0.575000
v -1.647915 2.156250 0.650000
v -1.629165 2.212500 0.575000
v -1.629165 2.137500 0.500000
v -1.629165 2.212500 0.500000
v -1.647915 2.193750 0.650000
v -1.685415 2.193750 0.650000
v -1.370832 2.787500 0.500000
v -1.370832 2.862500 0.500000
v -1.370832 2.787500 0.575000
v -1.352082 2.806250 0.650000
v -1.370832 2.862500 0.575000
v -1.295832 2.787500 0.575000
v -1.314582 2.806250 0.650000
v -1.295832 2.862500 0.575000
v -1.295832 2.787500 0.500000
v -1.295832 2.862500 0.500000
v -1.314582 2.843750 0.650000
v -1.352082 2.843750 0.650000
v -2.000000 3.000000 0.000000
v -1.000000 3.000000 0.000000
v -2.000000 4.000000 0.000000
v -1.000000 4.000000 0.000000
v -1.370833 3.137500 0.000000
v -1.370833 3.212500 0.000000
v -1.295833 3.137500 0.000000
v -1.295833 3.212500 0.000000
v -1.352083 3.156250 0.150000
v -1.370833 3.137500 0.075000
v -1.352083 3.193750 0.150000
v -1.370833 3.212500 0.075000
v -1.314583 3.156250 0.150000
v -1.295833 3.137500 0.075000
v -1.314583 3.193750 0.150000
v -1.295833 3.212500 0.075000
v -1.704165 3.787500 0.000000
v -1.704165 3.862500 0.000000
v -1.629165 3.787500 0.000000
v -1.629165 3.862500 0.000000
v -1.685415 3.806250 0.150000
v -1.704165 3.787500 0.075000
v -1.685415 3.843750 0.150000
v -1.704165 3.862500 0.075000
v -1.647915 3.806250 0.150000
v -1.629165 3.787500 0.075000
v -1.647915 3.843750 0.150000
v -1.629165 3.862500 0.075000
v -1.704165 3.137500 0.000000
v -1.704165 3.212500 0.000000
v -1.629165 3.137500 0.000000
v -1.629165 3.212500 0.000000
v -1.685415 3.156250 0.150000
v -1.704165 3.137500 0.075000
v -1.685415 3.193750 0.150000
v -1.704165 3.212500 0.075000
v -1.647915 3.156250 0.150000
v -1.629165 3.137500 0.075000
v -1.647915 3.193750 0.150000
v -1.629165 3.212500 0.075000
v -1.370832 3.787500 0.000000
v -1.370832 3.862500 0.000000
v -1.295832 3.787500 0.000000
v -1.295832 3.862500 0.000000
v -1.352082 3.806250 0.150000
v -1.370832 3.787500 0.075000
v -1.352082 3.843750 0.150000
v -1.370832 3.862500 0.075000
v -1.314582 3.806250 0.150000
v -1.295832 3.787500 0.075000
v -1.314582 3.843750 0.150000
v -1.295832 3.862500 0.075000
v -1.962499 3.137500 0.000000
v -1.962499 3.212500 0.000000
v -1.999999 3.212500 0.000000
v -1.981249 3.156250 0.150000
v -1.962499 3.137500 0.075000
v -1.981249 3.193750 0.150000
v -1.962499 3.212500 0.075000
v -1.999999 3.137500 0.075000
v -1.999999 3.156250 0.150000
v -1.999999 3.193750 0.150000
v -1.999999 3.212500 0.075000
v -1.962499 3.787500 0.000000
v -1.962499 3.862500 0.000000
v -1.999999 3.862500 0.000000
v -1.981249 3.806250 0.150000
v -1.962499 3.787500 0.075000
v -1.981249 3.843750 0.150000
v -1.962499 3.862500 0.075000
v -1.999999 3.787500 0.075000
v -1.999999 3.806250 0.150000
v -1.999999 3.843750 0.150000
v -1.999999 3.862500 0.075000
v -1.037500 3.137500 0.000000
v -1.037500 3.212500 0.000000
v -1.000000 3.212500 0.000000
v -1.018749 3.156250 0.150000
v -1.037500 3.137500 0.075000
v -1.018749 3.193750 0.150000
v -1.037500 3.212500 0.075000
v -1.000000 3.156250 0.150000
v -1.000000 3.137500 0.075000
v -1.000000 3.212500 0.075000
v -1.000000 3.193750 0.150000
v -1.037500 3.787500 0.000000
v -1.037500 3.862500 0.000000
v -1.000000 3.862500 0.000000
v -1.018749 3.806250 0.150000
v -1.037500 3.787500 0.075000
v -1.018749 3.843750 0.150000
v -1.037500 3.862500 0.075000
v -1.000000 3.806250 0.150000
v -1.000000 3.787500 0.075000
v -1.000000 3.862500 0.075000
v -1.000000 3.843750 0.150000
v -2.000000 4.000000 1.000000
v -2.000000 5.000000 1.000000
v -1.000000 5.000000 1.000000
v -2.000000 5.000000 -0.000000
v -2.000000 4.000000 -0.000000
v -1.000000 5.000000 -0.000000
v -2.000000 4.000000 1.000000
v -2.000000 5.000000 1.000000
v -1.000000 4.000000 1.000000
v -1.000000 5.000000 1.000000
v -1.370833 4.137499 1.000000
v -1.370833 4.212500 1.000000
v -1.370833 4.137499 1.075000
v -1.352083 4.156250 1.150000
v -1.370833 4.212500 1.075000
v -1.295833 4.137499 1.075000
v -1.314583 4.156250 1.150000
v -1.295833 4.212500 1.075000
v -1.295833 4.137499 1.000000
v -1.295833 4.212500 1.000000
v -1.314583 4.193749 1.150000
v -1.352083 4.193749 1.150000
v -1.704165 4.787499 1.000000
v -1.704165 4.862500 1.000000
v -1.704165 4.787499 1.075000
v -1.685415 4.806250 1.150000
v -1.704165 4.862500 1.075000
v -1.629165 4.787499 1.075000
v -1.647915 4.806250 1.150000
v -1.629165 4.862500 1.075000
v -1.629165 4.787499 1.000000
v -1.629165 4.862500 1.000000
v -1.647915 4.843750 1.150000
v -1.685415 4.843750 1.150000
v -1.704165 4.137499 1.000000
v -1.704165 4.212500 1.000000
v -1.704165 4.137499 1.075000
v -1.685415 4.156250 1.150000
v -1.704165 4.212500 1.075000
v -1.629165 4.137499 1.075000
v -1.647915 4.156250 1.150000
v -1.629165 4.212500 1.075000
v -1.629165 4.137499 1.000000
v -1.629165 4.212500 1.000000
v -1.647915 4.193749 1.150000
v -1.685415 4.193749 1.150000
v -1.370832 4.787499 1.000000
v -1.370832 4.862500 1.000000
v -1.370832 4.787499 1.075000
v -1.352082 4.806250 1.150000
v -1.370832 4.862500 1.075000
v -1.295832 4.787499 1.075000
v -1.314582 4.806250 1.150000
v -1.295832 4.862500 1.075000
v -1.295832 4.787499 1.000000
v -1.295832 4.862500 1.000000
v -1.314582 4.843750 1.150000
v -1.352082 4.843750 1.150000
v -2.000000 5.000000 0.500000
v -2.000000 6.000000 0.500000
v -1.250000 6.000000 0.500000
v -1.416667 6.000000 0.500000
v -1.583333 6.000000 0.500000
v -1.750000 6.000000 0.500000
v -1.000000 6.000000 0.500000
v -2.000000 5.000000 -0.000000
v -2.000000 6.000000 -0.000000
v -1.000000 6.000000 -0.000000
v -2.000000 5.000000 0.500000
v -1.750000 5.000000 0.500000
v -2.000000 6.000000 0.500000
v -1.916667 5.224999 0.500000
v -1.750000 5.224999 0.500000
v -1.916667 5.775000 0.500000
v -1.916667 5.275000 0.450000
v -1.916667 5.724999 0.450000
v -1.750000 5.275000 0.450000
v -1.750000 5.724999 0.450000
v -1.750000 5.775000 0.500000
v -1.583333 5.775000 0.500000
v -1.750000 6.000000 0.500000
v -1.583333 6.000000 0.500000
v -1.416667 6.000000 0.500000
v -1.250000 6.000000 0.500000
v -1.416667 5.775000 0.500000
v -1.416667 5.224999 0.500000
v -1.250000 5.775000 0.500000
v -1.416667 5.724999 0.450000
v -1.416667 5.275000 0.450000
v -1.583333 5.724999 0.450000
v -1.583333 5.275000 0.450000
v -1.583333 5.224999 0.500000
v -1.583333 5.000000 0.500000
v -1.416667 5.000000 0.500000
v -1.250000 5.000000 0.500000
v -1.000000 5.000000 0.500000
v -1.250000 5.224999 0.500000
v -1.083333 5.224999 0.500000
v -1.250000 5.275000 0.450000
v -1.250000 5.724999 0.450000
v -1.083333 5.275000 0.450000
v -1.083333 5.724999 0.450000
v -1.083333 5.775000 0.500000
v -1.000000 6.000000 0.500000
v -1.370833 5.787499 0.500000
v -1.370833 5.862500 0.500000
v -1.370833 5.787499 0.575000
v -1.352083 5.806250 0.650000
v -1.370833 5.862500 0.575000
v -1.295833 5.787499 0.575000
v -1.314583 5.806250 0.650000
v -1.295833 5.862500 0.575000
v -1.295833 5.787499 0.500000
v -1.295833 5.862500 0.500000
v -1.314583 5.843750 0.650000
v -1.352083 5.843750 0.650000
v -1.370833 5.137499 0.500000
v -1.370833 5.212499 0.500000
v -1.370833 5.137499 0.575000
v -1.352083 5.156250 0.650000
v -1.370833 5.212499 0.575000
v -1.295833 5.137499 0.575000
v -1.314583 5.156250 0.650000
v -1.295833 5.212499 0.575000
v -1.295833 5.137499 0.500000
v -1.295833 5.212499 0.500000
v -1.314583 5.193749 0.650000
v -1.352083 5.193749 0.650000
v -1.704166 5.137499 0.500000
v -1.704166 5.212499 0.500000
v -1.704166 5.137499 0.575000
v -1.685416 5.156250 0.650000
v -1.704166 5.212499 0.575000
v -1.629166 5.137499 0.575000
v -1.647916 5.156250 0.650000
v -1.629166 5.212499 0.575000
v -1.629166 5.137499 0.500000
v -1.629166 5.212499 0.500000
v -1.647916 5.193749 0.650000
v -1.685416 5.193749 0.650000
v -1.704166 5.787499 0.500000
v -1.704166 5.862500 0.500000
v -1.704166 5.787499 0.575000
v -1.685416 5.806250 0.650000
v -1.704166 5.862500 0.575000
v -1.629166 5.787499 0.575000
v -1.647916 5.806250 0.650000
v -1.629166 5.862500 0.575000
v -1.629166 5.787499 0.500000
v -1.629166 5.862500 0.500000
v -1.647916 5.843750 0.650000
v -1.685416 5.843750 0.650000
v -2.000000 6.000000 -0.000000
v -2.000000 7.000000 -0.000000
v -1.000000 6.000000 -0.000000
v -1.750000 6.000000 -0.000000
v -1.250000 7.000000 -0.000000
v -1.416667 7.000000 -0.000000
v -1.583333 7.000000 -0.000000
v -1.750000 7.000000 -0.000000
v -1.583333 6.000000 -0.000000
v -1.416667 6.000000 -0.000000
v -1.250000 6.000000 -0.000000
v -1.000000 7.000000 -0.000000
v -1.083333 6.724999 -0.050000
v -1.083333 6.275000 -0.050000
v -1.250000 6.724999 -0.050000
v -1.250000 6.275000 -0.050000
v -1.416667 6.724999 -0.050000
v -1.416667 6.275000 -0.050000
v -1.583333 6.724999 -0.050000
v -1.583333 6.275000 -0.050000
v -1.750000 6.724999 -0.050000
v -1.750000 6.275000 -0.050000
v -1.916667 6.724999 -0.050000
v -1.916667 6.275000 -0.050000
v -1.083333 6.775000 -0.000000
v -1.083333 6.224999 -0.000000
v -1.250000 6.775000 -0.000000
v -1.250000 6.224999 -0.000000
v -1.416667 6.775000 -0.000000
v -1.416667 6.224999 -0.000000
v -1.583333 6.775000 -0.000000
v -1.583333 6.224999 -0.000000
v -1.750000 6.775000 -0.000000
v -1.750000 6.224999 -0.000000
v -1.916667 6.775000 -0.000000
v -1.916667 6.224999 -0.000000
v -1.962500 6.137499 -0.000000
v -1.962500 6.212499 -0.000000
v -1.962500 6.137499 0.075000
v -1.981250 6.156250 0.150000
v -1.962500 6.212499 0.075000
v -2.000000 6.137499 0.075000
v -2.000000 6.156250 0.150000
v -2.000000 6.193749 0.150000
v -2.000000 6.212499 0.075000
v -1.981250 6.193749 0.150000
v -2.000000 6.212499 -0.000000
v -1.037500 6.787499 -0.000000
v -1.037500 6.862500 -0.000000
v -1.037500 6.787499 0.075000
v -1.018750 6.806250 0.150000
v -1.037500 6.862500 0.075000
v -1.000000 6.787499 0.075000
v -1.000000 6.806250 0.150000
v -1.000000 6.843750 0.150000
v -1.000000 6.862500 0.075000
v -1.018750 6.843750 0.150000
v -1.000000 6.862500 -0.000000
v -1.962500 6.787499 -0.000000
v -1.962500 6.862500 -0.000000
v -1.962500 6.787499 0.075000
v -1.981250 6.806250 0.150000
v -1.962500 6.862500 0.075000
v -2.000000 6.787499 0.075000
v -2.000000 6.806250 0.150000
v -2.000000 6.843750 0.150000
v -2.000000 6.862500 0.075000
v -1.981250 6.843750 0.150000
v -2.000000 6.862500 -0.000000
v -1.037500 6.137499 -0.000000
v -1.037500 6.212499 -0.000000
v -1.037500 6.137499 0.075000
v -1.018750 6.156250 0.150000
v -1.037500 6.212499 0.075000
v -1.000000 6.137499 0.075000
v -1.000000 6.156250 0.150000
v -1.000000 6.193749 0.150000
v -1.000000 6.212499 0.075000
v -1.018750 6.193749 0.150000
v -1.000000 6.212499 -0.000000
v -1.370833 6.787499 -0.000000
v -1.370833 6.862500 -0.000000
v -1.370833 6.787499 0.075000
v -1.352083 6.806250 0.150000
v -1.370833 6.862500 0.075000
v -1.295833 6.787499 0.075000
v -1.314583 6.806250 0.150000
v -1.295833 6.862500 0.075000
v -1.295833 6.787499 -0.000000
v -1.295833 6.862500 -0.000000
v -1.314583 6.843750 0.150000
v -1.352083 6.843750 0.150000
v -1.370833 6.137499 -0.000000
v -1.370833 6.212499 -0.000000
v -1.370833 6.137499 0.075000
v -1.352083 6.156250 0.150000
v -1.370833 6.212499 0.075000
v -1.295833 6.137499 0.075000
v -1.314583 6.156250 0.150000
v -1.295833 6.212499 0.075000
v -1.295833 6.137499 -0.000000
v -1.295833 6.212499 -0.000000
v -1.314583 6.193749 0.150000
v -1.352083 6.193749 0.150000
v -1.704166 6.137499 -0.000000
v -1.704166 6.212499 -0.000000
v -1.704166 6.137499 0.075000
v -1.685416 6.156250 0.150000
v -1.704166 6.212499 0.075000
v -1.629166 6.137499 0.075000
v -1.647916 6.156250 0.150000
v -1.629166 6.212499 0.075000
v -1.629166 6.137499 -0.000000
v -1.629166 6.212499 -0.000000
v -1.647916 6.193749 0.150000
v -1.685416 6.193749 0.150000
v -1.704166 6.787499 -0.000000
v -1.704166 6.862500 -0.000000
v -1.704166 6.787499 0.075000
v -1.685416 6.806250 0.150000
v -1.704166 6.862500 0.075000
v -1.629166 6.787499 0.075000
v -1.647916 6.806250 0.150000
v -1.629166 6.862500 0.075000
v -1.629166 6.787499 -0.000000
v -1.629166 6.862500 -0.000000
v -1.647916 6.843750 0.150000
v -1.685416 6.843750 0.150000
v -2.000000 7.000000 0.500000
v -2.000000 8.000000 0.500000
v -2.000000 7.000000 -0.000000
v -2.000000 8.000000 -0.000000
v -2.000000 7.000000 0.500000
v -1.750000 7.000000 0.500000
v -2.000000 8.000000 0.500000
v -1.916667 7.224999 0.500000
v -1.750000 7.224999 0.500000
v -1.916667 7.775000 0.500000
v -1.916667 7.275000 0.450000
v -1.916667 7.724999 0.450000
v -1.750000 7.275000 0.450000
v -1.750000 7.724999 0.450000
v -1.750000 7.775000 0.500000
v -1.583333 7.775000 0.500000
v -1.750000 8.000000 0.500000
v -1.583333 8.000000 0.500000
v -1.416667 8.000000 0.500000
v -1.250000 8.000000 0.500000
v -1.416667 7.775000 0.500000
v -1.416667 7.224999 0.500000
v -1.250000 7.775000 0.500000
v -1.416667 7.724999 0.450000
v -1.416667 7.275000 0.450000
v -1.583333 7.724999 0.450000
v -1.583333 7.275000 0.450000
v -1.583333 7.224999 0.500000
v -1.583333 7.000000 0.500000
v -1.416667 7.000000 0.500000
v -1.250000 7.000000 0.500000
v -1.000000 7.000000 0.500000
v -1.250000 7.224999 0.500000
v -1.083333 7.224999 0.500000
v -1.250000 7.275000 0.450000
v -1.250000 7.724999 0.450000
v -1.083333 7.275000 0.450000
v -1.083333 7.724999 0.450000
v -1.083333 7.775000 0.500000
v -1.000000 8.000000 0.500000
v -1.370833 7.787499 0.500000
v -1.370833 7.862500 0.500000
v -1.370833 7.787499 0.575000
v -1.352083 7.806250 0.650000
v -1.370833 7.862500 0.575000
v -1.295833 7.787499 0.575000
v -1.314583 7.806250 0.650000
v -1.295833 7.862500 0.575000
v -1.295833 7.787499 0.500000
v -1.295833 7.862500 0.500000
v -1.314583 7.843750 0.650000
v -1.352083 7.843750 0.650000
v -1.370833 7.137499 0.500000
v -1.370833 7.212499 0.500000
v -1.370833 7.137499 0.575000
v -1.352083 7.156250 0.650000
v -1.370833 7.212499 0.575000
v -1.295833 7.137499 0.575000
v -1.314583 7.156250 0.650000
v -1.295833 7.212499 0.575000
v -1.295833 7.137499 0.500000
v -1.295833 7.212499 0.500000
v -1.314583 7.193749 0.650000
v -1.352083 7.193749 0.650000
v -1.704166 7.137499 0.500000
v -1.704166 7.212499 0.500000
v -1.704166 7.137499 0.575000
v -1.685416 7.156250 0.650000
v -1.704166 7.212499 0.575000
v -1.629166 7.137499 0.575000
v -1.647916 7.156250 0.650000
v -1.629166 7.212499 0.575000
v -1.629166 7.137499 0.500000
v -1.629166 7.212499 0.500000
v -1.647916 7.193749 0.650000
v -1.685416 7.193749 0.650000
v -1.704166 7.787499 0.500000
v -1.704166 7.862500 0.500000
v -1.704166 7.787499 0.575000
v -1.685416 7.806250 0.650000
v -1.704166 7.862500 0.575000
v -1.629166 7.787499 0.575000
v -1.647916 7.806250 0.650000
v -1.629166 7.862500 0.575000
v -1.629166 7.787499 0.500000
v -1.629166 7.862500 0.500000
v -1.647916 7.843750 0.650000
v -1.685416 7.843750 0.650000
v -2.000000 8.000000 1.000000
v -1.000000 8.000000 1.000000
v -2.000000 9.000000 1.000000
v -1.000000 9.000000 1.000000
v -2.000000 9.000000 -0.000000
v -2.000000 8.000000 -0.000000
v -1.000000 8.000000 -0.000000
v -1.000000 9.000000 -0.000000
v -2.000000 8.000000 1.000000
v -2.000000 9.000000 1.000000
v -1.000000 8.000000 1.000000
v -1.000000 9.000000 1.000000
v -1.370833 8.137500 1.000000
v -1.370833 8.212500 1.000000
v -1.370833 8.137500 1.075000
v -1.352083 8.156250 1.150000
v -1.370833 8.212500 1.075000
v -1.295833 8.137500 1.075000
v -1.314583 8.156250 1.150000
v -1.295833 8.212500 1.075000
v -1.295833 8.137500 1.000000
v -1.295833 8.212500 1.000000
v -1.314583 8.193749 1.150000
v -1.352083 8.193749 1.150000
v -1.704165 8.787500 1.000000
v -1.704165 8.862500 1.000000
v -1.704165 8.787500 1.075000
v -1.685415 8.806250 1.150000
v -1.704165 8.862500 1.075000
v -1.629165 8.787500 1.075000
v -1.647915 8.806250 1.150000
v -1.629165 8.862500 1.075000
v -1.629165 8.787500 1.000000
v -1.629165 8.862500 1.000000
v -1.647915 8.843750 1.150000
v -1.685415 8.843750 1.150000
v -1.704165 8.137500 1.000000
v -1.704165 8.212500 1.000000
v -1.704165 8.137500 1.075000
v -1.685415 8.156250 1.150000
v -1.704165 8.212500 1.075000
v -1.629165 8.137500 1.075000
v -1.647915 8.156250 1.150000
v -1.629165 8.212500 1.075000
v -1.629165 8.137500 1.000000
v -1.629165 8.212500 1.000000
v -1.647915 8.193749 1.150000
v -1.685415 8.193749 1.150000
v -1.370832 8.787500 1.000000
v -1.370832 8.862500 1.000000
v -1.370832 8.787500 1.075000
v -1.352082 8.806250 1.150000
v -1.370832 8.862500 1.075000
v -1.295832 8.787500 1.075000
v -1.314582 8.806250 1.150000
v -1.295832 8.862500 1.075000
v -1.295832 8.787500 1.000000
v -1.295832 8.862500 1.000000
v -1.314582 8.843750 1.150000
v -1.352082 8.843750 1.150000
v -2.000000 9.000000 1.000000
v -1.000000 9.000000 1.000000
v -2.000000 10.000000 1.000000
v -1.000000 10.000000 1.000000
v -2.000000 10.000000 -0.000000
v -2.000000 9.000000 -0.000000
v -1.000000 9.000000 -0.000000
v -1.000000 10.000000 -0.000000
v -2.000000 9.000000 1.000000
v -2.000000 10.000000 1.000000
v -1.000000 9.000000 1.000000
v -1.000000 10.000000 1.000000
v -1.370833 9.137500 1.000000
v -1.370833 9.212500 1.000000
v -1.370833 9.137500 1.075000
v -1.352083 9.156250 1.150000
v -1.370833 9.212500 1.075000
v -1.295833 9.137500 1.075000
v -1.314583 9.156250 1.150000
v -1.295833 9.212500 1.075000
v -1.295833 9.137500 1.000000
v -1.295833 9.212500 1.000000
v -1.314583 9.193749 1.150000
v -1.352083 9.193749 1.150000
v -1.704165 9.787500 1.000000
v -1.704165 9.862500 1.000000
v -1.704165 9.787500 1.075000
v -1.685415 9.806250 1.150000
v -1.704165 9.862500 1.075000
v -1.629165 9.787500 1.075000
v -1.647915 9.806250 1.150000
v -1.629165 9.862500 1.075000
v -1.629165 9.787500 1.000000
v -1.629165 9.862500 1.000000
v -1.647915 9.843750 1.150000
v -1.685415 9.843750 1.150000
v -1.704165 9.137500 1.000000
v -1.704165 9.212500 1.000000
v -1.704165 9.137500 1.075000
v -1.685415 9.156250 1.150000
v -1.704165 9.212500 1.075000
v -1.629165 9.137500 1.075000
v -1.647915 9.156250 1.150000
v -1.629165 9.212500 1.075000
v -1.629165 9.137500 1.000000
v -1.629165 9.212500 1.000000
v -1.647915 9.193749 1.150000
v -1.685415 9.193749 1.150000
v -1.370832 9.787500 1.000000
v -1.370832 9.862500 1.000000
v -1.370832 9.787500 1.075000
v -1.352082 9.806250 1.150000
v -1.370832 9.862500 1.075000
v -1.295832 9.787500 1.075000
v -1.314582 9.806250 1.150000
v -1.295832 9.862500 1.075000
v -1.295832 9.787500 1.000000
v -1.295832 9.862500 1.000000
v -1.314582 9.843750 1.150000
v -1.352082 9.843750 1.150000
v -2.000000 10.000000 1.000000
v -2.000000 11.000000 1.000000
v -2.000000 10.000000 -0.000000
v -2.000000 11.000000 -0.000000
v -2.000000 10.000000 1.000000
v -1.750000 10.000000 1.000000
v -2.000000 11.000000 1.000000
v -1.916667 10.225000 1.000000
v -1.750000 10.225000 1.000000
v -1.916667 10.775000 1.000000
v -1.916667 10.275000 0.950000
v -1.916667 10.725000 0.950000
v -1.750000 10.275000 0.950000
v -1.750000 10.725000 0.950000
v -1.750000 10.775000 1.000000
v -1.583333 10.775000 1.000000
v -1.750000 11.000000 1.000000
v -1.583333 11.000000 1.000000
v -1.416667 11.000000 1.000000
v -1.250000 11.000000 1.000000
v -1.416667 10.775000 1.000000
v -1.416667 10.225000 1.000000
v -1.250000 10.775000 1.000000
v -1.416667 10.725000 0.950000
v -1.416667 10.275000 0.950000
v -1.583333 10.725000 0.950000
v -1.583333 10.275000 0.950000
v -1.583333 10.225000 1.000000
v -1.583333 10.000000 1.000000
v -1.416667 10.000000 1.000000
v -1.250000 10.000000 1.000000
v -1.000000 10.000000 1.000000
v -1.250000 10.225000 1.000000
v -1.083333 10.225000 1.000000
v -1.250000 10.275000 0.950000
v -1.250000 10.725000 0.950000
v -1.083333 10.275000 0.950000
v -1.083333 10.725000 0.950000
v -1.083333 10.775000 1.000000
v -1.000000 11.000000 1.000000
v -1.370833 10.787500 1.000000
v -1.370833 10.862500 1.000000
v -1.370833 10.787500 1.075000
v -1.352083 10.806250 1.150000
v -1.370833 10.862500 1.075000
v -1.295833 10.787500 1.075000
v -1.314583 10.806250 1.150000
v -1.295833 10.862500 1.075000
v -1.295833 10.787500 1.000000
v -1.295833 10.862500 1.000000
v -1.314583 10.843750 1.150000
v -1.352083 10.843750 1.150000
v -1.370833 10.137500 1.000000
v -1.370833 10.212500 1.000000
v -1.370833 10.137500 1.075000
v -1.352083 10.156250 1.150000
v -1.370833 10.212500 1.075000
v -1.295833 10.137500 1.075000
v -1.314583 10.156250 1.150000
v -1.295833 10.212500 1.075000
v -1.295833 10.137500 1.000000
v -1.295833 10.212500 1.000000
v -1.314583 10.193749 1.150000
v -1.352083 10.193749 1.150000
v -1.704166 10.137500 1.000000
v -1.704166 10.212500 1.000000
v -1.704166 10.137500 1.075000
v -1.685416 10.156250 1.150000
v -1.704166 10.212500 1.075000
v -1.629166 10.137500 1.075000
v -1.647916 10.156250 1.150000
v -1.629166 10.212500 1.075000
v -1.629166 10.137500 1.000000
v -1.629166 10.212500 1.000000
v -1.647916 10.193749 1.150000
v -1.685416 10.193749 1.150000
v -1.704166 10.787500 1.000000
v -1.704166 10.862500 1.000000
v -1.704166 10.787500 1.075000
v -1.685416 10.806250 1.150000
v -1.704166 10.862500 1.075000
v -1.629166 10.787500 1.075000
v -1.647916 10.806250 1.150000
v -1.629166 10.862500 1.075000
v -1.629166 10.787500 1.000000
v -1.629166 10.862500 1.000000
v -1.647916 10.843750 1.150000
v -1.685416 10.843750 1.150000
v -2.000000 11.000000 1.000000
v -2.000000 12.000000 1.000000
v -1.250000 12.000000 1.000000
v -1.416667 12.000000 1.000000
v -1.583333 12.000000 1.000000
v -1.750000 12.000000 1.000000
v -1.000000 12.000000 1.000000
v -2.000000 11.000000 -0.000000
v -2.000000 12.000000 -0.000000
v -1.000000 12.000000 -0.000000
v -2.000000 11.000000 1.000000
v -1.750000 11.000000 1.000000
v -2.000000 12.000000 1.000000
v -1.916667 11.225000 1.000000
v -1.750000 11.225000 1.000000
v -1.916667 11.775000 1.000000
v -1.916667 11.275000 0.950000
v -1.916667 11.725000 0.950000
v -1.750000 11.275000 0.950000
v -1.750000 11.725000 0.950000
v -1.750000 11.775000 1.000000
v -1.583333 11.775000 1.000000
v -1.750000 12.000000 1.000000
v -1.583333 12.000000 1.000000
v -1.416667 12.000000 1.000000
v -1.250000 12.000000 1.000000
v -1.416667 11.775000 1.000000
v -1.416667 11.225000 1.000000
v -1.250000 11.775000 1.000000
v -1.416667 11.725000 0.950000
v -1.416667 11.275000 0.950000
v -1.583333 11.725000 0.950000
v -1.583333 11.275000 0.950000
v -1.583333 11.225000 1.000000
v -1.583333 11.000000 1.000000
v -1.416667 11.000000 1.000000
v -1.250000 11.000000 1.000000
v -1.000000 11.000000 1.000000
v -1.250000 11.225000 1.000000
v -1.083333 11.225000 1.000000
v -1.250000 11.275000 0.950000
v -1.250000 11.725000 0.950000
v -1.083333 11.275000 0.950000
v -1.083333 11.725000 0.950000
v -1.083333 11.775000 1.000000
v -1.000000 12.000000 1.000000
v -1.370833 11.787500 1.000000
v -1.370833 11.862500 1.000000
v -1.370833 11.787500 1.075000
v -1.352083 11.806250 1.150000
v -1.370833 11.862500 1.075000
v -1.295833 11.787500 1.075000
v -1.314583 11.806250 1.150000
v -1.295833 11.862500 1.075000
v -1.295833 11.787500 1.000000
v -1.295833 11.862500 1.000000
v -1.314583 11.843750 1.150000
v -1.352083 11.843750 1.150000
v -1.370833 11.137500 1.000000
v -1.370833 11.212500 1.000000
v -1.370833 11.137500 1.075000
v -1.352083 11.156250 1.150000
v -1.370833 11.212500 1.075000
v -1.295833 11.137500 1.075000
v -1.314583 11.156250 1.150000
v -1.295833 11.212500 1.075000
v -1.295833 11.137500 1.000000
v -1.295833 11.212500 1.000000
v -1.314583 11.193749 1.150000
v -1.352083 11.193749 1.150000
v -1.704166 11.137500 1.000000
v -1.704166 11.212500 1.000000
v -1.704166 11.137500 1.075000
v -1.685416 11.156250 1.150000
v -1.704166 11.212500 1.075000
v -1.629166 11.137500 1.075000
v -1.647916 11.156250 1.150000
v -1.629166 11.212500 1.075000
v -1.629166 11.137500 1.000000
v -1.629166 11.212500 1.000000
v -1.647916 11.193749 1.150000
v -1.685416 11.193749 1.150000
v -1.704166 11.787500 1.000000
v -1.704166 11.862500 1.000000
v -1.704166 11.787500 1.075000
v -1.685416 11.806250 1.150000
v -1.704166 11.862500 1.075000
v -1.629166 11.787500 1.075000
v -1.647916 11.806250 1.150000
v -1.629166 11.862500 1.075000
v -1.629166 11.787500 1.000000
v -1.629166 11.862500 1.000000
v -1.647916 11.843750 1.150000
v -1.685416 11.843750 1.150000
v -1.000000 12.000000 0.500000
v -1.000000 13.000000 0.500000
v -1.000000 12.000000 -0.000000
v -1.000000 13.000000 -0.000000
v -2.000000 12.000000 0.500000
v -1.750000 12.000000 0.500000
v -2.000000 13.000000 0.500000
v -1.916667 12.225000 0.500000
v -1.750000 12.225000 0.500000
v -1.916667 12.775000 0.500000
v -1.916667 12.275000 0.450000
v -1.916667 12.725000 0.450000
v -1.750000 12.275000 0.450000
v -1.750000 12.725000 0.450000
v -1.750000 12.775000 0.500000
v -1.583333 12.775000 0.500000
v -1.750000 13.000000 0.500000
v -1.583333 13.000000 0.500000
v -1.416667 13.000000 0.500000
v -1.250000 13.000000 0.500000
v -1.416667 12.775000 0.500000
v -1.416667 12.225000 0.500000
v -1.250000 12.775000 0.500000
v -1.416667 12.725000 0.450000
v -1.416667 12.275000 0.450000
v -1.583333 12.725000 0.450000
v -1.583333 12.275000 0.450000
v -1.583333 12.225000 0.500000
v -1.583333 12.000000 0.500000
v -1.416667 12.000000 0.500000
v -1.250000 12.000000 0.500000
v -1.000000 12.000000 0.500000
v -1.250000 12.225000 0.500000
v -1.083333 12.225000 0.500000
v -1.250000 12.275000 0.450000
v -1.250000 12.725000 0.450000
v -1.083333 12.275000 0.450000
v -1.083333 12.725000 0.450000
v -1.083333 12.775000 0.500000
v -1.000000 13.000000 0.500000
v -1.370833 12.787500 0.500000
v -1.370833 12.862500 0.500000
v -1.370833 12.787500 0.575000
v -1.352083 12.806250 0.650000
v -1.370833 12.862500 0.575000
v -1.295833 12.787500 0.575000
v -1.314583 12.806250 0.650000
v -1.295833 12.862500 0.575000
v -1.295833 12.787500 0.500000
v -1.295833 12.862500 0.500000
v -1.314583 12.843750 0.650000
v -1.352083 12.843750 0.650000
v -1.370833 12.137500 0.500000
v -1.370833 12.212500 0.500000
v -1.370833 12.137500 0.575000
v -1.352083 12.156250 0.650000
v -1.370833 12.212500 0.575000
v -1.295833 12.137500 0.575000
v -1.314583 12.156250 0.650000
v -1.295833 12.212500 0.575000
v -1.295833 12.137500 0.500000
v -1.295833 12.212500 0.500000
v -1.314583 12.193749 0.650000
v -1.352083 12.193749 0.650000
v -1.704166 12.137500 0.500000
v -1.704166 12.212500 0.500000
v -1.704166 12.137500 0.575000
v -1.685416 12.156250 0.650000
v -1.704166 12.212500 0.575000
v -1.629166 12.137500 0.575000
v -1.647916 12.156250 0.650000
v -1.629166 12.212500 0.575000
v -1.629166 12.137500 0.500000
v -1.629166 12.212500 0.500000
v -1.647916 12.193749 0.650000
v -1.685416 12.193749 0.650000
v -1.704166 12.787500 0.500000
v -1.704166 12.862500 0.500000
v -1.704166 12.787500 0.575000
v -1.685416 12.806250 0.650000
v -1.704166 12.862500 0.575000
v -1.629166 12.787500 0.575000
v -1.647916 12.806250 0.650000
v -1.629166 12.862500 0.575000
v -1.629166 12.787500 0.500000
v -1.629166 12.862500 0.500000
v -1.647916 12.843750 0.650000
v -1.685416 12.843750 0.650000
v -2.000000 14.000000 0.500000
v -1.250000 14.000000 0.500000
v -1.416667 14.000000 0.500000
v -1.583333 14.000000 0.500000
v -1.750000 14.000000 0.500000
v -1.000000 14.000000 0.500000
v -2.000000 14.000000 -0.000000
v -1.000000 14.000000 -0.000000
v -2.000000 13.000000 0.500000
v -1.750000 13.000000 0.500000
v -2.000000 14.000000 0.500000
v -1.916667 13.225000 0.500000
v -1.750000 13.225000 0.500000
v -1.916667 13.775000 0.500000
v -1.916667 13.275000 0.450000
v -1.916667 13.725000 0.450000
v -1.750000 13.275000 0.450000
v -1.750000 13.725000 0.450000
v -1.750000 13.775000 0.500000
v -1.583333 13.775000 0.500000
v -1.750000 14.000000 0.500000
v -1.583333 14.000000 0.500000
v -1.416667 14.000000 0.500000
v -1.250000 14.000000 0.500000
v -1.416667 13.775000 0.500000
v -1.416667 13.225000 0.500000
v -1.250000 13.775000 0.500000
v -1.416667 13.725000 0.450000
v -1.416667 13.275000 0.450000
v -1.583333 13.725000 0.450000
v -1.583333 13.275000 0.450000
v -1.583333 13.225000 0.500000
v -1.583333 13.000000 0.500000
v -1.416667 13.000000 0.500000
v -1.250000 13.000000 0.500000
v -1.000000 13.000000 0.500000
v -1.250000 13.225000 0.500000
v -1.083333 13.225000 0.500000
v -1.250000 13.275000 0.450000
v -1.250000 13.725000 0.450000
v -1.083333 13.275000 0.450000
v -1.083333 13.725000 0.450000
v -1.083333 13.775000 0.500000
v -1.000000 14.000000 0.500000
v -1.370833 13.787500 0.500000
v -1.370833 13.862500 0.500000
v -1.370833 13.787500 0.575000
v -1.352083 13.806250 0.650000
v -1.370833 13.862500 0.575000
v -1.295833 13.787500 0.575000
v -1.314583 13.806250 0.650000
v -1.295833 13.862500 0.575000
v -1.295833 13.787500 0.500000
v -1.295833 13.862500 0.500000
v -1.314583 13.843750 0.650000
v -1.352083 13.843750 0.650000
v -1.370833 13.137500 0.500000
v -1.370833 13.212500 0.500000
v -1.370833 13.137500 0.575000
v -1.352083 13.156250 0.650000
v -1.370833 13.212500 0.575000
v -1.295833 13.137500 0.575000
v -1.314583 13.156250 0.650000
v -1.295833 13.212500 0.575000
v -1.295833 13.137500 0.500000
v -1.295833 13.212500 0.500000
v -1.314583 13.193749 0.650000
v -1.352083 13.193749 0.650000
v -1.704166 13.137500 0.500000
v -1.704166 13.212500 0.500000
v -1.704166 13.137500 0.575000
v -1.685416 13.156250 0.650000
v -1.704166 13.212500 0.575000
v -1.629166 13.137500 0.575000
v -1.647916 13.156250 0.650000
v -1.629166 13.212500 0.575000
v -1.629166 13.137500 0.500000
v -1.629166 13.212500 0.500000
v -1.647916 13.193749 0.650000
v -1.685416 13.193749 0.650000
v -1.704166 13.787500 0.500000
v -1.704166 13.862500 0.500000
v -1.704166 13.787500 0.575000
v -1.685416 13.806250 0.650000
v -1.704166 13.862500 0.575000
v -1.629166 13.787500 0.575000
v -1.647916 13.806250 0.650000
v -1.629166 13.862500 0.575000
v -1.629166 13.787500 0.500000
v -1.629166 13.862500 0.500000
v -1.647916 13.843750 0.650000
v -1.685416 13.843750 0.650000
v -1.000000 1.000000 1.000000
v -1.000000 2.000000 1.000000
v 0.000000 1.000000 1.000000
v 0.000000 2.000000 1.000000
v -1.000000 1.000000 0.000000
v -1.000000 2.000000 0.000000
v 0.000000 1.000000 0.000000
v 0.000000 2.000000 0.000000
v -1.000000 1.000000 1.000000
v -0.750000 1.000000 1.000000
v -1.000000 2.000000 1.000000
v -0.916667 1.225000 1.000000
v -0.750000 1.225000 1.000000
v -0.916667 1.775000 1.000000
v -0.916667 1.275000 0.950000
v -0.916667 1.725000 0.950000
v -0.750000 1.275000 0.950000
v -0.750000 1.725000 0.950000
v -0.750000 1.775000 1.000000
v -0.583333 1.775000 1.000000
v -0.750000 2.000000 1.000000
v -0.583333 2.000000 1.000000
v -0.416667 2.000000 1.000000
v -0.250000 2.000000 1.000000
v -0.416667 1.775000 1.000000
v -0.416667 1.225000 1.000000
v -0.250000 1.775000 1.000000
v -0.416667 1.725000 0.950000
v -0.416667 1.275000 0.950000
v -0.583333 1.725000 0.950000
v -0.583333 1.275000 0.950000
v -0.583333 1.225000 1.000000
v -0.583333 1.000000 1.000000
v -0.416667 1.000000 1.000000
v -0.250000 1.000000 1.000000
v 0.000000 1.000000 1.000000
v -0.250000 1.225000 1.000000
v -0.083333 1.225000 1.000000
v -0.250000 1.275000 0.950000
v -0.250000 1.725000 0.950000
v -0.083333 1.275000 0.950000
v -0.083333 1.725000 0.950000
v -0.083333 1.775000 1.000000
v 0.000000 2.000000 1.000000
v -0.370833 1.787500 1.000000
v -0.370833 1.862500 1.000000
v -0.370833 1.787500 1.075000
v -0.352083 1.806250 1.150000
v -0.370833 1.862500 1.075000
v -0.295833 1.787500 1.075000
v -0.314583 1.806250 1.150000
v -0.295833 1.862500 1.075000
v -0.295833 1.787500 1.000000
v -0.295833 1.862500 1.000000
v -0.314583 1.843750 1.150000
v -0.352083 1.843750 1.150000
v -0.370833 1.137500 1.000000
v -0.370833 1.212500 1.000000
v -0.370833 1.137500 1.075000
v -0.352083 1.156250 1.150000
v -0.370833 1.212500 1.075000
v -0.295833 1.137500 1.075000
v -0.314583 1.156250 1.150000
v -0.295833 1.212500 1.075000
v -0.295833 1.137500 1.000000
v -0.295833 1.212500 1.000000
v -0.314583 1.193750 1.150000
v -0.352083 1.193750 1.150000
v -0.704166 1.137500 1.000000
v -0.704166 1.212500 1.000000
v -0.704166 1.137500 1.075000
v -0.685416 1.156250 1.150000
v -0.704166 1.212500 1.075000
v -0.629166 1.137500 1.075000
v -0.647916 1.156250 1.150000
v -0.629166 1.212500 1.075000
v -0.629166 1.137500 1.000000
v -0.629166 1.212500 1.000000
v -0.647916 1.193750 1.150000
v -0.685416 1.193750 1.150000
v -0.704166 1.787500 1.000000
v -0.704166 1.862500 1.000000
v -0.704166 1.787500 1.075000
v -0.685416 1.806250 1.150000
v -0.704166 1.862500 1.075000
v -0.629166 1.787500 1.075000
v -0.647916 1.806250 1.150000
v -0.629166 1.862500 1.075000
v -0.629166 1.787500 1.000000
v -0.629166 1.862500 1.000000
v -0.647916 1.843750 1.150000
v -0.685416 1.843750 1.150000
v -1.000000 2.000000 1.000000
v -1.000000 3.000000 1.000000
v 0.000000 2.000000 1.000000
v 0.000000 3.000000 1.000000
v -1.000000 2.000000 0.000000
v -1.000000 3.000000 0.000000
v 0.000000 2.000000 0.000000
v 0.000000 3.000000 0.000000
v -1.000000 2.000000 1.000000
v -0.750000 2.000000 1.000000
v -1.000000 3.000000 1.000000
v -0.916667 2.225000 1.000000
v -0.750000 2.225000 1.000000
v -0.916667 2.775000 1.000000
v -0.916667 2.275000 0.950000
v -0.916667 2.725000 0.950000
v -0.750000 2.275000 0.950000
v -0.750000 2.725000 0.950000
v -0.750000 2.775000 1.000000
v -0.583333 2.775000 1.000000
v -0.750000 3.000000 1.000000
v -0.583333 3.000000 1.000000
v -0.416667 3.000000 1.000000
v -0.250000 3.000000 1.000000
v -0.416667 2.775000 1.000000
v -0.416667 2.225000 1.000000
v -0.250000 2.775000 1.000000
v -0.416667 2.725000 0.950000
v -0.416667 2.275000 0.950000
v -0.583333 2.725000 0.950000
v -0.583333 2.275000 0.950000
v -0.583333 2.225000 1.000000
v -0.583333 2.000000 1.000000
v -0.416667 2.000000 1.000000
v -0.250000 2.000000 1.000000
v 0.000000 2.000000 1.000000
v -0.250000 2.225000 1.000000
v -0.083333 2.225000 1.000000
v -0.250000 2.275000 0.950000
v -0.250000 2.725000 0.950000
v -0.083333 2.275000 0.950000
v -0.083333 2.725000 0.950000
v -0.083333 2.775000 1.000000
v 0.000000 3.000000 1.000000
v -0.370833 2.787500 1.000000
v -0.370833 2.862500 1.000000
v -0.370833 2.787500 1.075000
v -0.352083 2.806250 1.150000
v -0.370833 2.862500 1.075000
v -0.295833 2.787500 1.075000
v -0.314583 2.806250 1.150000
v -0.295833 2.862500 1.075000
v -0.295833 2.787500 1.000000
v -0.295833 2.862500 1.000000
v -0.314583 2.843750 1.150000
v -0.352083 2.843750 1.150000
v -0.370833 2.137500 1.000000
v -0.370833 2.212500 1.000000
v -0.370833 2.137500 1.075000
v -0.352083 2.156250 1.150000
v -0.370833 2.212500 1.075000
v -0.295833 2.137500 1.075000
v -0.314583 2.156250 1.150000
v -0.295833 2.212500 1.075000
v -0.295833 2.137500 1.000000
v -0.295833 2.212500 1.000000
v -0.314583 2.193750 1.150000
v -0.352083 2.193750 1.150000
v -0.704166 2.137500 1.000000
v -0.704166 2.212500 1.000000
v -0.704166 2.137500 1.075000
v -0.685416 2.156250 1.150000
v -0.704166 2.212500 1.075000
v -0.629166 2.137500 1.075000
v -0.647916 2.156250 1.150000
v -0.629166 2.212500 1.075000
v -0.629166 2.137500 1.000000
v -0.629166 2.212500 1.000000
v -0.647916 2.193750 1.150000
v -0.685416 2.193750 1.150000
v -0.704166 2.787500 1.000000
v -0.704166 2.862500 1.000000
v -0.704166 2.787500 1.075000
v -0.685416 2.806250 1.150000
v -0.704166 2.862500 1.075000
v -0.629166 2.787500 1.075000
v -0.647916 2.806250 1.150000
v -0.629166 2.862500 1.075000
v -0.629166 2.787500 1.000000
v -0.629166 2.862500 1.000000
v -0.647916 2.843750 1.150000
v -0.685416 2.843750 1.150000
v -1.000000 3.000000 1.000000
v -1.000000 4.000000 1.000000
v 0.000000 3.000000 1.000000
v 0.000000 4.000000 1.000000
v -1.000000 3.000000 0.000000
v -1.000000 4.000000 0.000000
v 0.000000 3.000000 0.000000
v 0.000000 4.000000 0.000000
v -1.000000 3.000000 1.000000
v -0.750000 3.000000 1.000000
v -1.000000 4.000000 1.000000
v -0.916667 3.225000 1.000000
v -0.750000 3.225000 1.000000
v -0.916667 3.775000 1.000000
v -0.916667 3.275000 0.950000
v -0.916667 3.725000 0.950000
v -0.750000 3.275000 0.950000
v -0.750000 3.725000 0.950000
v -0.750000 3.775000 1.000000
v -0.583333 3.775000 1.000000
v -0.750000 4.000000 1.000000
v -0.583333 4.000000 1.000000
v -0.416667 4.000000 1.000000
v -0.250000 4.000000 1.000000
v -0.416667 3.775000 1.000000
v -0.416667 3.225000 1.000000
v -0.250000 3.775000 1.000000
v -0.416667 3.725000 0.950000
v -0.416667 3.275000 0.950000
v -0.583333 3.725000 0.950000
v -0.583333 3.275000 0.950000
v -0.583333 3.225000 1.000000
v -0.583333 3.000000 1.000000
v -0.416667 3.000000 1.000000
v -0.250000 3.000000 1.000000
v 0.000000 3.000000 1.000000
v -0.250000 3.225000 1.000000
v -0.083333 3.225000 1.000000
v -0.250000 3.275000 0.950000
v -0.250000 3.725000 0.950000
v -0.083333 3.275000 0.950000
v -0.083333 3.725000 0.950000
v -0.083333 3.775000 1.000000
v 0.000000 4.000000 1.000000
v -0.370833 3.787500 1.000000
v -0.370833 3.862500 1.000000
v -0.370833 3.787500 1.075000
v -0.352083 3.806250 1.150000
v -0.370833 3.862500 1.075000
v -0.295833 3.787500 1.075000
v -0.314583 3.806250 1.150000
v -0.295833 3.862500 1.075000
v -0.295833 3.787500 1.000000
v -0.295833 3.862500 1.000000
v -0.314583 3.843750 1.150000
v -0.352083 3.843750 1.150000
v -0.370833 3.137500 1.000000
v -0.370833 3.212500 1.000000
v -0.370833 3.137500 1.075000
v -0.352083 3.156250 1.150000
v -0.370833 3.212500 1.075000
v -0.295833 3.137500 1.075000
v -0.314583 3.156250 1.150000
v -0.295833 3.212500 1.075000
v -0.295833 3.137500 1.000000
v -0.295833 3.212500 1.000000
v -0.314583 3.193750 1.150000
v -0.352083 3.193750 1.150000
v -0.704166 3.137500 1.000000
v -0.704166 3.212500 1.000000
v -0.704166 3.137500 1.075000
v -0.685416 3.156250 1.150000
v -0.704166 3.212500 1.075000
v -0.629166 3.137500 1.075000
v -0.647916 3.156250 1.150000
v -0.629166 3.212500 1.075000
v -0.629166 3.137500 1.000000
v -0.629166 3.212500 1.000000
v -0.647916 3.193750 1.150000
v -0.685416 3.193750 1.150000
v -0.704166 3.787500 1.000000
v -0.704166 3.862500 1.000000
v -0.704166 3.787500 1.075000
v -0.685416 3.806250 1.150000
v -0.704166 3.862500 1.075000
v -0.629166 3.787500 1.075000
v -0.647916 3.806250 1.150000
v -0.629166 3.862500 1.075000
v -0.629166 3.787500 1.000000
v -0.629166 3.862500 1.000000
v -0.647916 3.843750 1.150000
v -0.685416 3.843750 1.150000
v 0.000000 4.000000 1.000000
v 0.000000 5.000000 1.000000
v 0.000000 4.000000 -0.000000
v 0.000000 5.000000 -0.000000
v -1.000000 4.000000 1.000000
v -0.750000 4.000000 1.000000
v -1.000000 5.000000 1.000000
v -0.916667 4.224999 1.000000
v -0.750000 4.224999 1.000000
v -0.916667 4.775000 1.000000
v -0.916667 4.275000 0.950000
v -0.916667 4.724999 0.950000
v -0.750000 4.275000 0.950000
v -0.750000 4.724999 0.950000
v -0.750000 4.775000 1.000000
v -0.583333 4.775000 1.000000
v -0.750000 5.000000 1.000000
v -0.583333 5.000000 1.000000
v -0.416667 5.000000 1.000000
v -0.250000 5.000000 1.000000
v -0.416667 4.775000 1.000000
v -0.416667 4.224999 1.000000
v -0.250000 4.775000 1.000000
v -0.416667 4.724999 0.950000
v -0.416667 4.275000 0.950000
v -0.583333 4.724999 0.950000
v -0.583333 4.275000 0.950000
v -0.583333 4.224999 1.000000
v -0.583333 4.000000 1.000000
v -0.416667 4.000000 1.000000
v -0.250000 4.000000 1.000000
v 0.000000 4.000000 1.000000
v -0.250000 4.224999 1.000000
v -0.083333 4.224999 1.000000
v -0.250000 4.275000 0.950000
v -0.250000 4.724999 0.950000
v -0.083333 4.275000 0.950000
v -0.083333 4.724999 0.950000
v -0.083333 4.775000 1.000000
v 0.000000 5.000000 1.000000
v -0.370833 4.787499 1.000000
v -0.370833 4.862500 1.000000
v -0.370833 4.787499 1.075000
v -0.352083 4.806250 1.150000
v -0.370833 4.862500 1.075000
v -0.295833 4.787499 1.075000
v -0.314583 4.806250 1.150000
v -0.295833 4.862500 1.075000
v -0.295833 4.787499 1.000000
v -0.295833 4.862500 1.000000
v -0.314583 4.843750 1.150000
v -0.352083 4.843750 1.150000
v -0.370833 4.137499 1.000000
v -0.370833 4.212499 1.000000
v -0.370833 4.137499 1.075000
v -0.352083 4.156250 1.150000
v -0.370833 4.212499 1.075000
v -0.295833 4.137499 1.075000
v -0.314583 4.156250 1.150000
v -0.295833 4.212499 1.075000
v -0.295833 4.137499 1.000000
v -0.295833 4.212499 1.000000
v -0.314583 4.193749 1.150000
v -0.352083 4.193749 1.150000
v -0.704166 4.137499 1.000000
v -0.704166 4.212499 1.000000
v -0.704166 4.137499 1.075000
v -0.685416 4.156250 1.150000
v -0.704166 4.212499 1.075000
v -0.629166 4.137499 1.075000
v -0.647916 4.156250 1.150000
v -0.629166 4.212499 1.075000
v -0.629166 4.137499 1.000000
v -0.629166 4.212499 1.000000
v -0.647916 4.193749 1.150000
v -0.685416 4.193749 1.150000
v -0.704166 4.787499 1.000000
v -0.704166 4.862500 1.000000
v -0.704166 4.787499 1.075000
v -0.685416 4.806250 1.150000
v -0.704166 4.862500 1.075000
v -0.629166 4.787499 1.075000
v -0.647916 4.806250 1.150000
v -0.629166 4.862500 1.075000
v -0.629166 4.787499 1.000000
v -0.629166 4.862500 1.000000
v -0.647916 4.843750 1.150000
v -0.685416 4.843750 1.150000
v -1.000000 5.000000 1.000000
v 0.000000 5.000000 1.000000
v -1.000000 6.000000 1.000000
v 0.000000 6.000000 1.000000
v -1.000000 6.000000 -0.000000
v -1.000000 5.000000 -0.000000
v 0.000000 5.000000 -0.000000
v 0.000000 6.000000 -0.000000
v -1.000000 5.000000 1.000000
v -1.000000 6.000000 1.000000
v 0.000000 5.000000 1.000000
v 0.000000 6.000000 1.000000
v -0.370833 5.137499 1.000000
v -0.370833 5.212500 1.000000
v -0.370833 5.137499 1.075000
v -0.352083 5.156250 1.150000
v -0.370833 5.212500 1.075000
v -0.295833 5.137499 1.075000
v -0.314583 5.156250 1.150000
v -0.295833 5.212500 1.075000
v -0.295833 5.137499 1.000000
v -0.295833 5.212500 1.000000
v -0.314583 5.193749 1.150000
v -0.352083 5.193749 1.150000
v -0.704165 5.787499 1.000000
v -0.704165 5.862500 1.000000
v -0.704165 5.787499 1.075000
v -0.685415 5.806250 1.150000
v -0.704165 5.862500 1.075000
v -0.629165 5.787499 1.075000
v -0.647915 5.806250 1.150000
v -0.629165 5.862500 1.075000
v -0.629165 5.787499 1.000000
v -0.629165 5.862500 1.000000
v -0.647915 5.843750 1.150000
v -0.685415 5.843750 1.150000
v -0.704165 5.137499 1.000000
v -0.704165 5.212500 1.000000
v -0.704165 5.137499 1.075000
v -0.685415 5.156250 1.150000
v -0.704165 5.212500 1.075000
v -0.629165 5.137499 1.075000
v -0.647915 5.156250 1.150000
v -0.629165 5.212500 1.075000
v -0.629165 5.137499 1.000000
v -0.629165 5.212500 1.000000
v -0.647915 5.193749 1.150000
v -0.685415 5.193749 1.150000
v -0.370832 5.787499 1.000000
v -0.370832 5.862500 1.000000
v -0.370832 5.787499 1.075000
v -0.352082 5.806250 1.150000
v -0.370832 5.862500 1.075000
v -0.295832 5.787499 1.075000
v -0.314582 5.806250 1.150000
v -0.295832 5.862500 1.075000
v -0.295832 5.787499 1.000000
v -0.295832 5.862500 1.000000
v -0.314582 5.843750 1.150000
v -0.352082 5.843750 1.150000
v -1.000000 6.000000 1.000000
v -1.000000 7.000000 1.000000
v -1.000000 6.000000 -0.000000
v -1.000000 7.000000 -0.000000
v 0.000000 7.000000 -0.000000
v 0.000000 6.000000 -0.000000
v 0.000000 7.000000 1.000000
v 0.000000 6.000000 1.000000
v -1.000000 6.000000 1.000000
v -1.000000 7.000000 1.000000
v 0.000000 6.000000 1.000000
v 0.000000 7.000000 1.000000
v -0.370833 6.137499 1.000000
v -0.370833 6.212499 1.000000
v -0.370833 6.137499 1.075000
v -0.352083 6.156250 1.150000
v -0.370833 6.212499 1.075000
v -0.295833 6.137499 1.075000
v -0.314583 6.156250 1.150000
v -0.295833 6.212499 1.075000
v -0.295833 6.137499 1.000000
v -0.295833 6.212499 1.000000
v -0.314583 6.193749 1.150000
v -0.352083 6.193749 1.150000
v -0.704165 6.787499 1.000000
v -0.704165 6.862500 1.000000
v -0.704165 6.787499 1.075000
v -0.685415 6.806250 1.150000
v -0.704165 6.862500 1.075000
v -0.629165 6.787499 1.075000
v -0.647915 6.806250 1.150000
v -0.629165 6.862500 1.075000
v -0.629165 6.787499 1.000000
v -0.629165 6.862500 1.000000
v -0.647915 6.843750 1.150000
v -0.685415 6.843750 1.150000
v -0.704165 6.137499 1.000000
v -0.704165 6.212499 1.000000
v -0.704165 6.137499 1.075000
v -0.685415 6.156250 1.150000
v -0.704165 6.212499 1.075000
v -0.629165 6.137499 1.075000
v -0.647915 6.156250 1.150000
v -0.629165 6.212499 1.075000
v -0.629165 6.137499 1.000000
v -0.629165 6.212499 1.000000
v -0.647915 6.193749 1.150000
v -0.685415 6.193749 1.150000
v -0.370832 6.787499 1.000000
v -0.370832 6.862500 1.000000
v -0.370832 6.787499 1.075000
v -0.352082 6.806250 1.150000
v -0.370832 6.862500 1.075000
v -0.295832 6.787499 1.075000
v -0.314582 6.806250 1.150000
v -0.295832 6.862500 1.075000
v -0.295832 6.787499 1.000000
v -0.295832 6.862500 1.000000
v -0.314582 6.843750 1.150000
v -0.352082 6.843750 1.150000
v -1.000000 7.000000 1.000000
v -1.000000 8.000000 1.000000
v -1.000000 7.000000 -0.000000
v -1.000000 8.000000 -0.000000
v 0.000000 8.000000 -0.000000
v 0.000000 7.000000 -0.000000
v 0.000000 8.000000 1.000000
v 0.000000 7.000000 1.000000
v -1.000000 7.000000 1.000000
v -1.000000 8.000000 1.000000
v 0.000000 7.000000 1.000000
v 0.000000 8.000000 1.000000
v -0.370833 7.137499 1.000000
v -0.370833 7.212499 1.000000
v -0.370833 7.137499 1.075000
v -0.352083 7.156250 1.150000
v -0.370833 7.212499 1.075000
v -0.295833 7.137499 1.075000
v -0.314583 7.156250 1.150000
v -0.295833 7.212499 1.075000
v -0.295833 7.137499 1.000000
v -0.295833 7.212499 1.000000
v -0.314583 7.193749 1.150000
v -0.352083 7.193749 1.150000
v -0.704165 7.787499 1.000000
v -0.704165 7.862500 1.000000
v -0.704165 7.787499 1.075000
v -0.685415 7.806250 1.150000
v -0.704165 7.862500 1.075000
v -0.629165 7.787499 1.075000
v -0.647915 7.806250 1.150000
v -0.629165 7.862500 1.075000
v -0.629165 7.787499 1.000000
v -0.629165 7.862500 1.000000
v -0.647915 7.843750 1.150000
v -0.685415 7.843750 1.150000
v -0.704165 7.137499 1.000000
v -0.704165 7.212499 1.000000
v -0.704165 7.137499 1.075000
v -0.685415 7.156250 1.150000
v -0.704165 7.212499 1.075000
v -0.629165 7.137499 1.075000
v -0.647915 7.156250 1.150000
v -0.629165 7.212499 1.075000
v -0.629165 7.137499 1.000000
v -0.629165 7.212499 1.000000
v -0.647915 7.193749 1.150000
v -0.685415 7.193749 1.150000
v -0.370832 7.787499 1.000000
v -0.370832 7.862500 1.000000
v -0.370832 7.787499 1.075000
v -0.352082 7.806250 1.150000
v -0.370832 7.862500 1.075000
v -0.295832 7.787499 1.075000
v -0.314582 7.806250 1.150000
v -0.295832 7.862500 1.075000
v -0.295832 7.787499 1.000000
v -0.295832 7.862500 1.000000
v -0.314582 7.843750 1.150000
v -0.352082 7.843750 1.150000
v -1.000000 8.000000 1.000000
v -1.000000 9.000000 1.000000
v 0.000000 8.000000 1.000000
v -0.250000 9.000000 1.000000
v -0.416667 9.000000 1.000000
v -0.583333 9.000000 1.000000
v -0.750000 9.000000 1.000000
v 0.000000 9.000000 1.000000
v -1.000000 8.000000 -0.000000
v -1.000000 9.000000 -0.000000
v 0.000000 8.000000 -0.000000
v 0.000000 9.000000 -0.000000
v -1.000000 8.000000 1.000000
v -0.750000 8.000000 1.000000
v -1.000000 9.000000 1.000000
v -0.916667 8.225000 1.000000
v -0.750000 8.225000 1.000000
v -0.916667 8.775000 1.000000
v -0.916667 8.275000 0.950000
v -0.916667 8.725000 0.950000
v -0.750000 8.275000 0.950000
v -0.750000 8.725000 0.950000
v -0.750000 8.775000 1.000000
v -0.583333 8.775000 1.000000
v -0.750000 9.000000 1.000000
v -0.583333 9.000000 1.000000
v -0.416667 9.000000 1.000000
v -0.250000 9.000000 1.000000
v -0.416667 8.775000 1.000000
v -0.416667 8.225000 1.000000
v -0.250000 8.775000 1.000000
v -0.416667 8.725000 0.950000
v -0.416667 8.275000 0.950000
v -0.583333 8.725000 0.950000
v -0.583333 8.275000 0.950000
v -0.583333 8.225000 1.000000
v -0.583333 8.000000 1.000000
v -0.416667 8.000000 1.000000
v -0.250000 8.000000 1.000000
v 0.000000 8.000000 1.000000
v -0.250000 8.225000 1.000000
v -0.083333 8.225000 1.000000
v -0.250000 8.275000 0.950000
v -0.250000 8.725000 0.950000
v -0.083333 8.275000 0.950000
v -0.083333 8.725000 0.950000
v -0.083333 8.775000 1.000000
v 0.000000 9.000000 1.000000
v -0.370833 8.787500 1.000000
v -0.370833 8.862500 1.000000
v -0.370833 8.787500 1.075000
v -0.352083 8.806250 1.150000
v -0.370833 8.862500 1.075000
v -0.295833 8.787500 1.075000
v -0.314583 8.806250 1.150000
v -0.295833 8.862500 1.075000
v -0.295833 8.787500 1.000000
v -0.295833 8.862500 1.000000
v -0.314583 8.843750 1.150000
v -0.352083 8.843750 1.150000
v -0.370833 8.137500 1.000000
v -0.370833 8.212500 1.000000
v -0.370833 8.137500 1.075000
v -0.352083 8.156250 1.150000
v -0.370833 8.212500 1.075000
v -0.295833 8.137500 1.075000
v -0.314583 8.156250 1.150000
v -0.295833 8.212500 1.075000
v -0.295833 8.137500 1.000000
v -0.295833 8.212500 1.000000
v -0.314583 8.193749 1.150000
v -0.352083 8.193749 1.150000
v -0.704166 8.137500 1.000000
v -0.704166 8.212500 1.000000
v -0.704166 8.137500 1.075000
v -0.685416 8.156250 1.150000
v -0.704166 8.212500 1.075000
v -0.629166 8.137500 1.075000
v -0.647916 8.156250 1.150000
v -0.629166 8.212500 1.075000
v -0.629166 8.137500 1.000000
v -0.629166 8.212500 1.000000
v -0.647916 8.193749 1.150000
v -0.685416 8.193749 1.150000
v -0.704166 8.787500 1.000000
v -0.704166 8.862500 1.000000
v -0.704166 8.787500 1.075000
v -0.685416 8.806250 1.150000
v -0.704166 8.862500 1.075000
v -0.629166 8.787500 1.075000
v -0.647916 8.806250 1.150000
v -0.629166 8.862500 1.075000
v -0.629166 8.787500 1.000000
v -0.629166 8.862500 1.000000
v -0.647916 8.843750 1.150000
v -0.685416 8.843750 1.150000
v -1.000000 9.000000 -0.000000
v 0.000000 9.000000 -0.000000
v -1.000000 10.000000 -0.000000
v 0.000000 10.000000 -0.000000
v -0.370833 9.137500 -0.000000
v -0.370833 9.212500 -0.000000
v -0.295833 9.137500 -0.000000
v -0.295833 9.212500 -0.000000
v -0.352083 9.156250 0.150000
v -0.370833 9.137500 0.075000
v -0.352083 9.193749 0.150000
v -0.370833 9.212500 0.075000
v -0.314583 9.156250 0.150000
v -0.295833 9.137500 0.075000
v -0.314583 9.193749 0.150000
v -0.295833 9.212500 0.075000
v -0.704165 9.787500 -0.000000
v -0.704165 9.862500 -0.000000
v -0.629165 9.787500 -0.000000
v -0.629165 9.862500 -0.000000
v -0.685415 9.806250 0.150000
v -0.704165 9.787500 0.075000
v -0.685415 9.843750 0.150000
v -0.704165 9.862500 0.075000
v -0.647915 9.806250 0.150000
v -0.629165 9.787500 0.075000
v -0.647915 9.843750 0.150000
v -0.629165 9.862500 0.075000
v -0.704165 9.137500 -0.000000
v -0.704165 9.212500 -0.000000
v -0.629165 9.137500 -0.000000
v -0.629165 9.212500 -0.000000
v -0.685415 9.156250 0.150000
v -0.704165 9.137500 0.075000
v -0.685415 9.193749 0.150000
v -0.704165 9.212500 0.075000
v -0.647915 9.156250 0.150000
v -0.629165 9.137500 0.075000
v -0.647915 9.193749 0.150000
v -0.629165 9.212500 0.075000
v -0.370832 9.787500 -0.000000
v -0.370832 9.862500 -0.000000
v -0.295832 9.787500 -0.000000
v -0.295832 9.862500 -0.000000
v -0.352082 9.806250 0.150000
v -0.370832 9.787500 0.075000
v -0.352082 9.843750 0.150000
v -0.370832 9.862500 0.075000
v -0.314582 9.806250 0.150000
v -0.295832 9.787500 0.075000
v -0.314582 9.843750 0.150000
v -0.295832 9.862500 0.075000
v -0.962499 9.137500 -0.000000
v -0.962499 9.212500 -0.000000
v -0.999999 9.212500 -0.000000
v -0.981249 9.156250 0.150000
v -0.962499 9.137500 0.075000
v -0.981249 9.193749 0.150000
v -0.962499 9.212500 0.075000
v -0.999999 9.137500 0.075000
v -0.999999 9.156250 0.150000
v -0.999999 9.193749 0.150000
v -0.999999 9.212500 0.075000
v -0.962499 9.787500 -0.000000
v -0.962499 9.862500 -0.000000
v -0.999999 9.862500 -0.000000
v -0.981249 9.806250 0.150000
v -0.962499 9.787500 0.075000
v -0.981249 9.843750 0.150000
v -0.962499 9.862500 0.075000
v -0.999999 9.787500 0.075000
v -0.999999 9.806250 0.150000
v -0.999999 9.843750 0.150000
v -0.999999 9.862500 0.075000
v -0.037500 9.137500 -0.000000
v -0.037500 9.212500 -0.000000
v 0.000000 9.212500 -0.000000
v -0.018749 9.156250 0.150000
v -0.037500 9.137500 0.075000
v -0.018749 9.193749 0.150000
v -0.037500 9.212500 0.075000
v 0.000000 9.156250 0.150000
v 0.000000 9.137500 0.075000
v 0.000000 9.212500 0.075000
v 0.000000 9.193749 0.150000
v -0.037500 9.787500 -0.000000
v -0.037500 9.862500 -0.000000
v 0.000000 9.862500 -0.000000
v -0.018749 9.806250 0.150000
v -0.037500 9.787500 0.075000
v -0.018749 9.843750 0.150000
v -0.037500 9.862500 0.075000
v 0.000000 9.806250 0.150000
v 0.000000 9.787500 0.075000
v 0.000000 9.862500 0.075000
v 0.000000 9.843750 0.150000
v 0.000000 10.000000 1.000000
v 0.000000 11.000000 1.000000
v 0.000000 10.000000 -0.000000
v 0.000000 11.000000 -0.000000
v -1.000000 10.000000 1.000000
v -0.750000 10.000000 1.000000
v -1.000000 11.000000 1.000000
v -0.916667 10.225000 1.000000
v -0.750000 10.225000 1.000000
v -0.916667 10.775000 1.000000
v -0.916667 10.275000 0.950000
v -0.916667 10.725000 0.950000
v -0.750000 10.275000 0.950000
v -0.750000 10.725000 0.950000
v -0.750000 10.775000 1.000000
v -0.583333 10.775000 1.000000
v -0.750000 11.000000 1.000000
v -0.583333 11.000000 1.000000
v -0.416667 11.000000 1.000000
v -0.250000 11.000000 1.000000
v -0.416667 10.775000 1.000000
v -0.416667 10.225000 1.000000
v -0.250000 10.775000 1.000000
v -0.416667 10.725000 0.950000
v -0.416667 10.275000 0.950000
v -0.583333 10.725000 0.950000
v -0.583333 10.275000 0.950000
v -0.583333 10.225000 1.000000
v -0.583333 10.000000 1.000000
v -0.416667 10.000000 1.000000
v -0.250000 10.000000 1.000000
v 0.000000 10.000000 1.000000
v -0.250000 10.225000 1.000000
v -0.083333 10.225000 1.000000
v -0.250000 10.275000 0.950000
v -0.250000 10.725000 0.950000
v -0.083333 10.275000 0.950000
v -0.083333 10.725000 0.950000
v -0.083333 10.775000 1.000000
v 0.000000 11.000000 1.000000
v -0.370833 10.787500 1.000000
v -0.370833 10.862500 1.000000
v -0.370833 10.787500 1.075000
v -0.352083 10.806250 1.150000
v -0.370833 10.862500 1.075000
v -0.295833 10.787500 1.075000
v -0.314583 10.806250 1.150000
v -0.295833 10.862500 1.075000
v -0.295833 10.787500 1.000000
v -0.295833 10.862500 1.000000
v -0.314583 10.843750 1.150000
v -0.352083 10.843750 1.150000
v -0.370833 10.137500 1.000000
v -0.370833 10.212500 1.000000
v -0.370833 10.137500 1.075000
v -0.352083 10.156250 1.150000
v -0.370833 10.212500 1.075000
v -0.295833 10.137500 1.075000
v -0.314583 10.156250 1.150000
v -0.295833 10.212500 1.075000
v -0.295833 10.137500 1.000000
v -0.295833 10.212500 1.000000
v -0.314583 10.193749 1.150000
v -0.352083 10.193749 1.150000
v -0.704166 10.137500 1.000000
v -0.704166 10.212500 1.000000
v -0.704166 10.137500 1.075000
v -0.685416 10.156250 1.150000
v -0.704166 10.212500 1.075000
v -0.629166 10.137500 1.075000
v -0.647916 10.156250 1.150000
v -0.629166 10.212500 1.075000
v -0.629166 10.137500 1.000000
v -0.629166 10.212500 1.000000
v -0.647916 10.193749 1.150000
v -0.685416 10.193749 1.150000
v -0.704166 10.787500 1.000000
v -0.704166 10.862500 1.000000
v -0.704166 10.787500 1.075000
v -0.685416 10.806250 1.150000
v -0.704166 10.862500 1.075000
v -0.629166 10.787500 1.075000
v -0.647916 10.806250 1.150000
v -0.629166 10.862500 1.075000
v -0.629166 10.787500 1.000000
v -0.629166 10.862500 1.000000
v -0.647916 10.843750 1.150000
v -0.685416 10.843750 1.150000
v -1.000000 12.000000 1.000000
v 0.000000 11.000000 1.000000
v -0.250000 12.000000 1.000000
v -0.416667 12.000000 1.000000
v -0.583333 12.000000 1.000000
v -0.750000 12.000000 1.000000
v 0.000000 12.000000 1.000000
v -1.000000 12.000000 -0.000000
v 0.000000 11.000000 -0.000000
v 0.000000 12.000000 -0.000000
v -1.000000 11.000000 1.000000
v -0.750000 11.000000 1.000000
v -1.000000 12.000000 1.000000
v -0.916667 11.225000 1.000000
v -0.750000 11.225000 1.000000
v -0.916667 11.775000 1.000000
v -0.916667 11.275000 0.950000
v -0.916667 11.725000 0.950000
v -0.750000 11.275000 0.950000
v -0.750000 11.725000 0.950000
v -0.750000 11.775000 1.000000
v -0.583333 11.775000 1.000000
v -0.750000 12.000000 1.000000
v -0.583333 12.000000 1.000000
v -0.416667 12.000000 1.000000
v -0.250000 12.000000 1.000000
v -0.416667 11.775000 1.000000
v -0.416667 11.225000 1.000000
v -0.250000 11.775000 1.000000
v -0.416667 11.725000 0.950000
v -0.416667 11.275000 0.950000
v -0.583333 11.725000 0.950000
v -0.583333 11.275000 0.950000
v -0.583333 11.225000 1.000000
v -0.583333 11.000000 1.000000
v -0.416667 11.000000 1.000000
v -0.250000 11.000000 1.000000
v 0.000000 11.000000 1.000000
v -0.250000 11.225000 1.000000
v -0.083333 11.225000 1.000000
v -0.250000 11.275000 0.950000
v -0.250000 11.725000 0.950000
v -0.083333 11.275000 0.950000
v -0.083333 11.725000 0.950000
v -0.083333 11.775000 1.000000
v 0.000000 12.000000 1.000000
v -0.370833 11.787500 1.000000
v -0.370833 11.862500 1.000000
v -0.370833 11.787500 1.075000
v -0.352083 11.806250 1.150000
v -0.370833 11.862500 1.075000
v -0.295833 11.787500 1.075000
v -0.314583 11.806250 1.150000
v -0.295833 11.862500 1.075000
v -0.295833 11.787500 1.000000
v -0.295833 11.862500 1.000000
v -0.314583 11.843750 1.150000
v -0.352083 11.843750 1.150000
v -0.370833 11.137500 1.000000
v -0.370833 11.212500 1.000000
v -0.370833 11.137500 1.075000
v -0.352083 11.156250 1.150000
v -0.370833 11.212500 1.075000
v -0.295833 11.137500 1.075000
v -0.314583 11.156250 1.150000
v -0.295833 11.212500 1.075000
v -0.295833 11.137500 1.000000
v -0.295833 11.212500 1.000000
v -0.314583 11.193749 1.150000
v -0.352083 11.193749 1.150000
v -0.704166 11.137500 1.000000
v -0.704166 11.212500 1.000000
v -0.704166 11.137500 1.075000
v -0.685416 11.156250 1.150000
v -0.704166 11.212500 1.075000
v -0.629166 11.137500 1.075000
v -0.647916 11.156250 1.150000
v -0.629166 11.212500 1.075000
v -0.629166 11.137500 1.000000
v -0.629166 11.212500 1.000000
v -0.647916 11.193749 1.150000
v -0.685416 11.193749 1.150000
v -0.704166 11.787500 1.000000
v -0.704166 11.862500 1.000000
v -0.704166 11.787500 1.075000
v -0.685416 11.806250 1.150000
v -0.704166 11.862500 1.075000
v -0.629166 11.787500 1.075000
v -0.647916 11.806250 1.150000
v -0.629166 11.862500 1.075000
v -0.629166 11.787500 1.000000
v -0.629166 11.862500 1.000000
v -0.647916 11.843750 1.150000
v -0.685416 11.843750 1.150000
v -1.000000 12.000000 -0.000000
v -1.000000 13.000000 -0.000000
v 0.000000 12.000000 -0.000000
v -0.750000 12.000000 -0.000000
v -0.250000 13.000000 -0.000000
v -0.416667 13.000000 -0.000000
v -0.583333 13.000000 -0.000000
v -0.750000 13.000000 -0.000000
v -0.583333 12.000000 -0.000000
v -0.416667 12.000000 -0.000000
v -0.250000 12.000000 -0.000000
v 0.000000 13.000000 -0.000000
v -0.083333 12.725000 -0.050000
v -0.083333 12.275000 -0.050000
v -0.250000 12.725000 -0.050000
v -0.250000 12.275000 -0.050000
v -0.416667 12.725000 -0.050000
v -0.416667 12.275000 -0.050000
v -0.583333 12.725000 -0.050000
v -0.583333 12.275000 -0.050000
v -0.750000 12.725000 -0.050000
v -0.750000 12.275000 -0.050000
v -0.916667 12.725000 -0.050000
v -0.916667 12.275000 -0.050000
v -0.083333 12.775000 -0.000000
v -0.083333 12.225000 -0.000000
v -0.250000 12.775000 -0.000000
v -0.250000 12.225000 -0.000000
v -0.416667 12.775000 -0.000000
v -0.416667 12.225000 -0.000000
v -0.583333 12.775000 -0.000000
v -0.583333 12.225000 -0.000000
v -0.750000 12.775000 -0.000000
v -0.750000 12.225000 -0.000000
v -0.916667 12.775000 -0.000000
v -0.916667 12.225000 -0.000000
v -0.962500 12.137500 -0.000000
v -0.962500 12.212500 -0.000000
v -0.962500 12.137500 0.075000
v -0.981250 12.156250 0.150000
v -0.962500 12.212500 0.075000
v -1.000000 12.137500 0.075000
v -1.000000 12.156250 0.150000
v -1.000000 12.193749 0.150000
v -1.000000 12.212500 0.075000
v -0.981250 12.193749 0.150000
v -1.000000 12.212500 -0.000000
v -0.037500 12.787500 -0.000000
v -0.037500 12.862500 -0.000000
v -0.037500 12.787500 0.075000
v -0.018750 12.806250 0.150000
v -0.037500 12.862500 0.075000
v 0.000000 12.787500 0.075000
v 0.000000 12.806250 0.150000
v 0.000000 12.843750 0.150000
v 0.000000 12.862500 0.075000
v -0.018750 12.843750 0.150000
v 0.000000 12.862500 -0.000000
v -0.962500 12.787500 -0.000000
v -0.962500 12.862500 -0.000000
v -0.962500 12.787500 0.075000
v -0.981250 12.806250 0.150000
v -0.962500 12.862500 0.075000
v -1.000000 12.787500 0.075000
v -1.000000 12.806250 0.150000
v -1.000000 12.843750 0.150000
v -1.000000 12.862500 0.075000
v -0.981250 12.843750 0.150000
v -1.000000 12.862500 -0.000000
v -0.037500 12.137500 -0.000000
v -0.037500 12.212500 -0.000000
v -0.037500 12.137500 0.075000
v -0.018750 12.156250 0.150000
v -0.037500 12.212500 0.075000
v 0.000000 12.137500 0.075000
v 0.000000 12.156250 0.150000
v 0.000000 12.193749 0.150000
v 0.000000 12.212500 0.075000
v -0.018750 12.193749 0.150000
v 0.000000 12.212500 -0.000000
v -0.370833 12.787500 -0.000000
v -0.370833 12.862500 -0.000000
v -0.370833 12.787500 0.075000
v -0.352083 12.806250 0.150000
v -0.370833 12.862500 0.075000
v -0.295833 12.787500 0.075000
v -0.314583 12.806250 0.150000
v -0.295833 12.862500 0.075000
v -0.295833 12.787500 -0.000000
v -0.295833 12.862500 -0.000000
v -0.314583 12.843750 0.150000
v -0.352083 12.843750 0.150000
v -0.370833 12.137500 -0.000000
v -0.370833 12.212500 -0.000000
v -0.370833 12.137500 0.075000
v -0.352083 12.156250 0.150000
v -0.370833 12.212500 0.075000
v -0.295833 12.137500 0.075000
v -0.314583 12.156250 0.150000
v -0.295833 12.212500 0.075000
v -0.295833 12.137500 -0.000000
v -0.295833 12.212500 -0.000000
v -0.314583 12.193749 0.150000
v -0.352083 12.193749 0.150000
v -0.704166 12.137500 -0.000000
v -0.704166 12.212500 -0.000000
v -0.704166 12.137500 0.075000
v -0.685416 12.156250 0.150000
v -0.704166 12.212500 0.075000
v -0.629166 12.137500 0.075000
v -0.647916 12.156250 0.150000
v -0.629166 12.212500 0.075000
v -0.629166 12.137500 -0.000000
v -0.629166 12.212500 -0.000000
v -0.647916 12.193749 0.150000
v -0.685416 12.193749 0.150000
v -0.704166 12.787500 -0.000000
v -0.704166 12.862500 -0.000000
v -0.704166 12.787500 0.075000
v -0.685416 12.806250 0.150000
v -0.704166 12.862500 0.075000
v -0.629166 12.787500 0.075000
v -0.647916 12.806250 0.150000
v -0.629166 12.862500 0.075000
v -0.629166 12.787500 -0.000000
v -0.629166 12.862500 -0.000000
v -0.647916 12.843750 0.150000
v -0.685416 12.843750 0.150000
v -1.000000 13.000000 1.000000
v -1.000000 14.000000 1.000000
v -1.000000 13.000000 -0.000000
v -1.000000 14.000000 -0.000001
v 0.000000 14.000000 -0.000001
v 0.000000 13.000000 -0.000000
v 0.000000 14.000000 1.000000
v 0.000000 13.000000 1.000000
v -1.000000 13.000000 1.000000
v -1.000000 14.000000 1.000000
v 0.000000 13.000000 1.000000
v 0.000000 14.000000 1.000000
v -0.370833 13.137500 1.000000
v -0.370833 13.212500 1.000000
v -0.370833 13.137500 1.075000
v -0.352083 13.156250 1.149999
v -0.370833 13.212500 1.075000
v -0.295833 13.137500 1.075000
v -0.314583 13.156250 1.149999
v -0.295833 13.212500 1.075000
v -0.295833 13.137500 1.000000
v -0.295833 13.212500 1.000000
v -0.314583 13.193750 1.149999
v -0.352083 13.193750 1.149999
v -0.704165 13.787500 1.000000
v -0.704165 13.862500 1.000000
v -0.704165 13.787500 1.075000
v -0.685415 13.806250 1.149999
v -0.704165 13.862500 1.075000
v -0.629165 13.787500 1.075000
v -0.647915 13.806250 1.149999
v -0.629165 13.862500 1.075000
v -0.629165 13.787500 1.000000
v -0.629165 13.862500 1.000000
v -0.647915 13.843750 1.149999
v -0.685415 13.843750 1.149999
v -0.704165 13.137500 1.000000
v -0.704165 13.212500 1.000000
v -0.704165 13.137500 1.075000
v -0.685415 13.156250 1.149999
v -0.704165 13.212500 1.075000
v -0.629165 13.137500 1.075000
v -0.647915 13.156250 1.149999
v -0.629165 13.212500 1.075000
v -0.629165 13.137500 1.000000
v -0.629165 13.212500 1.000000
v -0.647915 13.193750 1.149999
v -0.685415 13.193750 1.149999
v -0.370832 13.787500 1.000000
v -0.370832 13.862500 1.000000
v -0.370832 13.787500 1.075000
v -0.352082 13.806250 1.149999
v -0.370832 13.862500 1.075000
v -0.295832 13.787500 1.075000
v -0.314582 13.806250 1.149999
v -0.295832 13.862500 1.075000
v -0.295832 13.787500 1.000000
v -0.295832 13.862500 1.000000
v -0.314582 13.843750 1.149999
v -0.352082 13.843750 1.149999
v -1.000000 14.000000 -0.000000
v -1.000000 14.400000 -0.000000
v 0.000000 14.400000 -0.000000
v 0.000000 14.000000 0.075000
v 0.075000 14.000000 0.075000
v -0.000000 14.000000 -0.000000
v 0.075000 14.137500 0.075000
v -0.000000 14.137500 -0.000000
v 0.000000 14.137500 0.075000
v -0.083333 14.775001 -0.083334
v -0.083333 14.400000 -0.083334
v -0.083333 14.775001 0.166666
v -0.020833 15.025000 -0.020834
v -0.020833 15.025000 0.104166
v 0.104167 15.025000 0.104166
v 0.166667 14.775000 0.166666
v 0.166667 14.400000 0.166666
v -0.083333 14.400000 0.166666
v -0.249999 14.525000 0.041665
v -0.249999 14.608334 0.041665
v -0.083332 14.525000 0.041665
v -0.083332 14.608334 0.041665
v -0.083332 14.608334 0.124999
v -0.083332 14.525000 0.124999
v -0.249999 14.608334 0.124999
v -0.249999 14.525000 0.124999
v -0.958333 14.816666 0.124999
v -1.000000 14.816666 0.124999
v -0.958333 14.816667 0.041665
v -0.916666 14.650000 0.166666
v -0.916666 14.400000 0.166666
v -0.916666 14.650000 -0.000001
v -1.000000 14.650000 0.166666
v -1.000000 14.400000 0.166666
v -0.916666 14.400000 -0.000001
v -1.000000 14.650000 -0.000001
v -1.000000 14.816667 0.041665
v -1.000000 14.400000 -0.000001
v -0.291666 14.816666 0.124999
v -0.374999 14.816666 0.124999
v -0.291666 14.816667 0.041665
v -0.249999 14.650000 0.166666
v -0.416666 14.650000 0.166666
v -0.249999 14.650000 -0.000001
v -0.250000 14.400000 0.166666
v -0.416666 14.400000 0.166666
v -0.249999 14.400000 -0.000001
v -0.416666 14.400000 -0.000001
v -0.416666 14.650000 -0.000001
v -0.374999 14.816667 0.041665
v -0.624999 14.816666 0.124999
v -0.708333 14.816666 0.124999
v -0.624999 14.816667 0.041665
v -0.583333 14.650000 0.166666
v -0.583333 14.400000 0.166666
v -0.583333 14.650000 -0.000001
v -0.749999 14.650000 0.166666
v -0.749999 14.400000 0.166666
v -0.749999 14.650000 -0.000001
v -0.708333 14.816667 0.041665
v -0.749999 14.400000 -0.000001
v -0.583333 14.400000 -0.000001
v -0.916666 14.525000 0.124999
v -0.916666 14.608334 0.124999
v -0.749999 14.525000 0.124999
v -0.749999 14.608334 0.124999
v -0.749999 14.608334 0.041665
v -0.749999 14.525000 0.041665
v -0.916666 14.608334 0.041665
v -0.916666 14.525000 0.041665
v -0.583333 14.525000 0.041665
v -0.583333 14.608334 0.041665
v -0.416666 14.525000 0.041665
v -0.416666 14.608334 0.041665
v -0.416666 14.608334 0.124999
v -0.416666 14.525000 0.124999
v -0.583333 14.608334 0.124999
v -0.583333 14.525000 0.124999
v -1.000000 14.212500 0.075000
v 0.075000 14.212500 0.075000
v -1.000000 14.400000 0.166666
v 0.166667 14.400000 0.166666
v -1.000000 14.400000 -0.500000
v -0.500000 14.400000 -0.500000
v -0.962500 14.137500 -0.000000
v -0.962500 14.212500 -0.000000
v -0.962500 14.137500 0.075000
v -0.981250 14.156250 0.150000
v -0.962500 14.212500 0.075000
v -1.000000 14.137500 0.075000
v -1.000000 14.156250 0.150000
v -1.000000 14.193750 0.150000
v -1.000000 14.212500 0.075000
v -0.981250 14.193750 0.150000
v -0.704166 14.137500 -0.000000
v -0.704166 14.212500 -0.000000
v -0.704166 14.137500 0.075000
v -0.685416 14.156250 0.150000
v -0.704166 14.212500 0.075000
v -0.629166 14.137500 0.075000
v -0.647916 14.156250 0.150000
v -0.629166 14.212500 0.075000
v -0.629166 14.137500 -0.000000
v -0.629166 14.212500 -0.000000
v -0.647916 14.193750 0.150000
v -0.685416 14.193750 0.150000
v -0.370833 14.137500 -0.000000
v -0.370833 14.212500 -0.000000
v -0.370833 14.137500 0.075000
v -0.352083 14.156250 0.150000
v -0.370833 14.212500 0.075000
v -0.295833 14.137500 0.075000
v -0.314583 14.156250 0.150000
v -0.295833 14.212500 0.075000
v -0.295833 14.137500 -0.000000
v -0.295833 14.212500 -0.000000
v -0.314583 14.193750 0.150000
v -0.352083 14.193750 0.150000
v -0.037500 14.137500 -0.000000
v -0.037500 14.212500 -0.000000
v -0.037500 14.137500 0.075000
v -0.018749 14.156250 0.150000
v -0.037500 14.212500 0.075000
v 0.075000 14.137500 0.075000
v 0.150000 14.156250 0.150000
v 0.150000 14.193749 0.150000
v 0.075000 14.212500 0.075000
v -0.018749 14.193750 0.150000
v 0.000000 1.000000 0.075000
v 0.075000 1.000000 0.075000
v 0.075000 1.000000 0.000000
v -0.000000 1.000000 0.000000
v 0.000000 0.000000 0.075000
v 0.075000 0.000000 0.075000
v 0.075000 0.000000 0.000000
v -0.000000 0.000000 0.000000
v 0.000000 0.137500 0.075000
v 0.000000 0.862500 0.075000
v 0.075000 0.862500 0.075000
v 0.075000 0.787500 0.075000
v 0.075000 0.212500 0.075000
v 0.075000 0.137500 0.075000
v 0.075000 0.137500 0.000000
v 0.075000 0.212500 0.000000
v 0.075000 0.787500 0.000000
v 0.075000 0.862500 0.000000
v -0.000000 0.862500 0.000000
v -0.000000 0.787500 0.000000
v -0.000000 0.212500 0.000000
v -0.000000 0.137500 0.000000
v 0.000000 0.212500 0.075000
v 0.000000 0.787500 0.075000
v 0.150000 0.843750 0.150000
v 0.150000 0.806250 0.150000
v 0.150000 0.806250 0.000000
v 0.150000 0.843750 0.000000
v 0.000000 0.806250 0.150000
v 0.000000 0.843750 0.150000
v 0.150000 0.193750 0.150000
v 0.150000 0.156250 0.150000
v 0.150000 0.156250 0.000000
v 0.150000 0.193750 0.000000
v 0.000000 0.156250 0.150000
v 0.000000 0.193750 0.150000
v 0.000000 2.000000 0.075000
v 0.075000 2.000000 0.075000
v 0.075000 2.000000 0.000000
v -0.000000 2.000000 0.000000
v 0.000000 1.000000 0.075000
v 0.075000 1.000000 0.075000
v 0.075000 1.000000 0.000000
v -0.000000 1.000000 0.000000
v 0.000000 1.137500 0.075000
v 0.000000 1.862500 0.075000
v 0.075000 1.862500 0.075000
v 0.075000 1.787500 0.075000
v 0.075000 1.212500 0.075000
v 0.075000 1.137500 0.075000
v 0.075000 1.137500 0.000000
v 0.075000 1.212500 0.000000
v 0.075000 1.787500 0.000000
v 0.075000 1.862500 0.000000
v -0.000000 1.862500 0.000000
v -0.000000 1.787500 0.000000
v -0.000000 1.212500 0.000000
v -0.000000 1.137500 0.000000
v 0.000000 1.212500 0.075000
v 0.000000 1.787500 0.075000
v 0.150000 1.843750 0.150000
v 0.150000 1.806250 0.150000
v 0.150000 1.806250 0.000000
v 0.150000 1.843750 0.000000
v 0.000000 1.806250 0.150000
v 0.000000 1.843750 0.150000
v 0.150000 1.193750 0.150000
v 0.150000 1.156250 0.150000
v 0.150000 1.156250 0.000000
v 0.150000 1.193750 0.000000
v 0.000000 1.156250 0.150000
v 0.000000 1.193750 0.150000
v 0.000000 3.000000 0.075000
v 0.075000 3.000000 0.075000
v 0.075000 3.000000 0.000000
v -0.000000 3.000000 0.000000
v 0.000000 2.000000 0.075000
v 0.075000 2.000000 0.075000
v 0.075000 2.000000 0.000000
v -0.000000 2.000000 0.000000
v 0.000000 2.137500 0.075000
v 0.000000 2.862500 0.075000
v 0.075000 2.862500 0.075000
v 0.075000 2.787500 0.075000
v 0.075000 2.212500 0.075000
v 0.075000 2.137500 0.075000
v 0.075000 2.137500 0.000000
v 0.075000 2.212500 0.000000
v 0.075000 2.787500 0.000000
v 0.075000 2.862500 0.000000
v -0.000000 2.862500 0.000000
v -0.000000 2.787500 0.000000
v -0.000000 2.212500 0.000000
v -0.000000 2.137500 0.000000
v 0.000000 2.212500 0.075000
v 0.000000 2.787500 0.075000
v 0.150000 2.843750 0.150000
v 0.150000 2.806250 0.150000
v 0.150000 2.806250 0.000000
v 0.150000 2.843750 0.000000
v 0.000000 2.806250 0.150000
v 0.000000 2.843750 0.150000
v 0.150000 2.193750 0.150000
v 0.150000 2.156250 0.150000
v 0.150000 2.156250 0.000000
v 0.150000 2.193750 0.000000
v 0.000000 2.156250 0.150000
v 0.000000 2.193750 0.150000
v 0.000000 4.000000 0.075000
v 0.075000 4.000000 0.075000
v 0.075000 4.000000 0.000000
v -0.000000 4.000000 0.000000
v 0.000000 3.000000 0.075000
v 0.075000 3.000000 0.075000
v 0.075000 3.000000 0.000000
v -0.000000 3.000000 0.000000
v 0.000000 3.137500 0.075000
v 0.000000 3.862500 0.075000
v 0.075000 3.862500 0.075000
v 0.075000 3.787500 0.075000
v 0.075000 3.212500 0.075000
v 0.075000 3.137500 0.075000
v 0.075000 3.137500 0.000000
v 0.075000 3.212500 0.000000
v 0.075000 3.787500 0.000000
v 0.075000 3.862500 0.000000
v -0.000000 3.862500 0.000000
v -0.000000 3.787500 0.000000
v -0.000000 3.212500 0.000000
v -0.000000 3.137500 0.000000
v 0.000000 3.212500 0.075000
v 0.000000 3.787500 0.075000
v 0.150000 3.843750 0.150000
v 0.150000 3.806250 0.150000
v 0.150000 3.806250 0.000000
v 0.150000 3.843750 0.000000
v 0.000000 3.806250 0.150000
v 0.000000 3.843750 0.150000
v 0.150000 3.193750 0.150000
v 0.150000 3.156250 0.150000
v 0.150000 3.156250 0.000000
v 0.150000 3.193750 0.000000
v 0.000000 3.156250 0.150000
v 0.000000 3.193750 0.150000
v 0.000000 5.000000 0.075000
v 0.075000 5.000000 0.075000
v 0.075000 5.000000 -0.000000
v 0.000000 4.000000 0.075000
v 0.075000 4.000000 0.075000
v 0.075000 4.000000 -0.000000
v 0.000000 4.137499 0.075000
v 0.000000 4.862500 0.075000
v 0.075000 4.862500 0.075000
v 0.075000 4.787500 0.075000
v 0.075000 4.212499 0.075000
v 0.075000 4.137499 0.075000
v 0.075000 4.137499 -0.000000
v 0.075000 4.212499 -0.000000
v 0.075000 4.787500 -0.000000
v 0.075000 4.862500 -0.000000
v 0.000000 4.212499 0.075000
v 0.000000 4.787500 0.075000
v 0.150000 4.843750 0.150000
v 0.150000 4.806250 0.150000
v 0.150000 4.806250 -0.000000
v 0.150000 4.843750 -0.000000
v 0.000000 4.806250 0.150000
v 0.000000 4.843750 0.150000
v 0.150000 4.193749 0.150000
v 0.150000 4.156250 0.150000
v 0.150000 4.156250 -0.000000
v 0.150000 4.193749 -0.000000
v 0.000000 4.156250 0.150000
v 0.000000 4.193749 0.150000
v 0.000000 6.000000 0.075000
v 0.075000 6.000000 0.075000
v 0.075000 6.000000 -0.000000
v 0.000000 5.000000 0.075000
v 0.075000 5.000000 0.075000
v 0.075000 5.000000 -0.000000
v 0.000000 5.137499 0.075000
v 0.000000 5.862500 0.075000
v 0.075000 5.862500 0.075000
v 0.075000 5.787500 0.075000
v 0.075000 5.212499 0.075000
v 0.075000 5.137499 0.075000
v 0.075000 5.137499 -0.000000
v 0.075000 5.212499 -0.000000
v 0.075000 5.787500 -0.000000
v 0.075000 5.862500 -0.000000
v 0.000000 5.212499 0.075000
v 0.000000 5.787500 0.075000
v 0.150000 5.843750 0.150000
v 0.150000 5.806250 0.150000
v 0.150000 5.806250 -0.000000
v 0.150000 5.843750 -0.000000
v 0.000000 5.806250 0.150000
v 0.000000 5.843750 0.150000
v 0.150000 5.193749 0.150000
v 0.150000 5.156250 0.150000
v 0.150000 5.156250 -0.000000
v 0.150000 5.193749 -0.000000
v 0.000000 5.156250 0.150000
v 0.000000 5.193749 0.150000
v 0.000000 7.000000 0.075000
v 0.075000 7.000000 0.075000
v 0.075000 7.000000 -0.000000
v -0.000000 7.000000 -0.000000
v 0.000000 6.000000 0.075000
v 0.075000 6.000000 0.075000
v 0.075000 6.000000 -0.000000
v -0.000000 6.000000 -0.000000
v 0.000000 6.137499 0.075000
v 0.000000 6.862500 0.075000
v 0.075000 6.862500 0.075000
v 0.075000 6.787500 0.075000
v 0.075000 6.212499 0.075000
v 0.075000 6.137499 0.075000
v 0.075000 6.137499 -0.000000
v 0.075000 6.212499 -0.000000
v 0.075000 6.787500 -0.000000
v 0.075000 6.862500 -0.000000
v -0.000000 6.862500 -0.000000
v -0.000000 6.787500 -0.000000
v -0.000000 6.212499 -0.000000
v -0.000000 6.137499 -0.000000
v 0.000000 6.212499 0.075000
v 0.000000 6.787500 0.075000
v 0.150000 6.843750 0.150000
v 0.150000 6.806250 0.150000
v 0.150000 6.806250 -0.000000
v 0.150000 6.843750 -0.000000
v 0.000000 6.806250 0.150000
v 0.000000 6.843750 0.150000
v 0.150000 6.193749 0.150000
v 0.150000 6.156250 0.150000
v 0.150000 6.156250 -0.000000
v 0.150000 6.193749 -0.000000
v 0.000000 6.156250 0.150000
v 0.000000 6.193749 0.150000
v 0.000000 8.000000 0.075000
v 0.075000 8.000000 0.075000
v 0.075000 8.000000 -0.000000
v 0.000000 7.000000 0.075000
v 0.075000 7.000000 0.075000
v 0.075000 7.000000 -0.000000
v 0.000000 7.137499 0.075000
v 0.000000 7.862500 0.075000
v 0.075000 7.862500 0.075000
v 0.075000 7.787500 0.075000
v 0.075000 7.212499 0.075000
v 0.075000 7.137499 0.075000
v 0.075000 7.137499 -0.000000
v 0.075000 7.212499 -0.000000
v 0.075000 7.787500 -0.000000
v 0.075000 7.862500 -0.000000
v 0.000000 7.212499 0.075000
v 0.000000 7.787500 0.075000
v 0.150000 7.843750 0.150000
v 0.150000 7.806250 0.150000
v 0.150000 7.806250 -0.000000
v 0.150000 7.843750 -0.000000
v 0.000000 7.806250 0.150000
v 0.000000 7.843750 0.150000
v 0.150000 7.193749 0.150000
v 0.150000 7.156250 0.150000
v 0.150000 7.156250 -0.000000
v 0.150000 7.193749 -0.000000
v 0.000000 7.156250 0.150000
v 0.000000 7.193749 0.150000
v 0.000000 9.000000 0.075000
v 0.075000 9.000000 0.075000
v 0.075000 9.000000 -0.000000
v 0.000000 8.000000 0.075000
v 0.075000 8.000000 0.075000
v 0.075000 8.000000 -0.000000
v 0.000000 8.137500 0.075000
v 0.000000 8.862500 0.075000
v 0.075000 8.862500 0.075000
v 0.075000 8.787500 0.075000
v 0.075000 8.212500 0.075000
v 0.075000 8.137500 0.075000
v 0.075000 8.137500 -0.000000
v 0.075000 8.212500 -0.000000
v 0.075000 8.787500 -0.000000
v 0.075000 8.862500 -0.000000
v 0.000000 8.212500 0.075000
v 0.000000 8.787500 0.075000
v 0.150000 8.843750 0.150000
v 0.150000 8.806250 0.150000
v 0.150000 8.806250 -0.000000
v 0.150000 8.843750 -0.000000
v 0.000000 8.806250 0.150000
v 0.000000 8.843750 0.150000
v 0.150000 8.193749 0.150000
v 0.150000 8.156250 0.150000
v 0.150000 8.156250 -0.000000
v 0.150000 8.193749 -0.000000
v 0.000000 8.156250 0.150000
v 0.000000 8.193749 0.150000
v 0.000000 10.000000 0.075000
v 0.075000 10.000000 0.075000
v 0.075000 10.000000 -0.000000
v -0.000000 10.000000 -0.000000
v 0.000000 9.000000 0.075000
v 0.075000 9.000000 0.075000
v 0.075000 9.000000 -0.000000
v -0.000000 9.000000 -0.000000
v 0.000000 9.137500 0.075000
v 0.000000 9.862500 0.075000
v 0.075000 9.862500 0.075000
v 0.075000 9.787500 0.075000
v 0.075000 9.212500 0.075000
v 0.075000 9.137500 0.075000
v 0.075000 9.137500 -0.000000
v 0.075000 9.212500 -0.000000
v 0.075000 9.787500 -0.000000
v 0.075000 9.862500 -0.000000
v -0.000000 9.862500 -0.000000
v -0.000000 9.787500 -0.000000
v -0.000000 9.212500 -0.000000
v -0.000000 9.137500 -0.000000
v 0.000000 9.212500 0.075000
v 0.000000 9.787500 0.075000
v 0.150000 9.843750 0.150000
v 0.150000 9.806250 0.150000
v 0.150000 9.806250 -0.000000
v 0.150000 9.843750 -0.000000
v 0.000000 9.806250 0.150000
v 0.000000 9.843750 0.150000
v 0.150000 9.193749 0.150000
v 0.150000 9.156250 0.150000
v 0.150000 9.156250 -0.000000
v 0.150000 9.193749 -0.000000
v 0.000000 9.156250 0.150000
v 0.000000 9.193749 0.150000
v 0.000000 11.000000 0.075000
v 0.075000 11.000000 0.075000
v 0.075000 11.000000 -0.000000
v 0.000000 10.000000 0.075000
v 0.075000 10.000000 0.075000
v 0.075000 10.000000 -0.000000
v 0.000000 10.137500 0.075000
v 0.000000 10.862500 0.075000
v 0.075000 10.862500 0.075000
v 0.075000 10.787500 0.075000
v 0.075000 10.212500 0.075000
v 0.075000 10.137500 0.075000
v 0.075000 10.137500 -0.000000
v 0.075000 10.212500 -0.000000
v 0.075000 10.787500 -0.000000
v 0.075000 10.862500 -0.000000
v 0.000000 10.212500 0.075000
v 0.000000 10.787500 0.075000
v 0.150000 10.843750 0.150000
v 0.150000 10.806250 0.150000
v 0.150000 10.806250 -0.000000
v 0.150000 10.843750 -0.000000
v 0.000000 10.806250 0.150000
v 0.000000 10.843750 0.150000
v 0.150000 10.193749 0.150000
v 0.150000 10.156250 0.150000
v 0.150000 10.156250 -0.000000
v 0.150000 10.193749 -0.000000
v 0.000000 10.156250 0.150000
v 0.000000 10.193749 0.150000
v 0.000000 12.000000 0.075000
v 0.075000 12.000000 0.075000
v 0.075000 12.000000 -0.000000
v -0.000000 12.000000 -0.000000
v 0.000000 11.000000 0.075000
v 0.075000 11.000000 0.075000
v 0.075000 11.000000 -0.000000
v -0.000000 11.000000 -0.000000
v 0.000000 11.137500 0.075000
v 0.000000 11.862500 0.075000
v 0.075000 11.862500 0.075000
v 0.075000 11.787500 0.075000
v 0.075000 11.212500 0.075000
v 0.075000 11.137500 0.075000
v 0.075000 11.137500 -0.000000
v 0.075000 11.212500 -0.000000
v 0.075000 11.787500 -0.000000
v 0.075000 11.862500 -0.000000
v -0.000000 11.862500 -0.000000
v -0.000000 11.787500 -0.000000
v -0.000000 11.212500 -0.000000
v -0.000000 11.137500 -0.000000
v 0.000000 11.212500 0.075000
v 0.000000 11.787500 0.075000
v 0.150000 11.843750 0.150000
v 0.150000 11.806250 0.150000
v 0.150000 11.806250 -0.000000
v 0.150000 11.843750 -0.000000
v 0.000000 11.806250 0.150000
v 0.000000 11.843750 0.150000
v 0.150000 11.193749 0.149999
v 0.150000 11.156250 0.149999
v 0.150000 11.156250 -0.000000
v 0.150000 11.193749 -0.000000
v 0.000000 11.156250 0.149999
v 0.000000 11.193749 0.149999
v 0.000000 13.000000 0.075000
v 0.075000 13.000000 0.075000
v 0.075000 13.000000 -0.000000
v -0.000000 13.000000 -0.000000
v 0.000000 12.000000 0.075000
v 0.075000 12.000000 0.075000
v 0.075000 12.000000 -0.000000
v -0.000000 12.000000 -0.000000
v 0.000000 12.137500 0.075000
v 0.000000 12.862500 0.075000
v 0.075000 12.862500 0.075000
v 0.075000 12.787500 0.075000
v 0.075000 12.212500 0.075000
v 0.075000 12.137500 0.075000
v 0.075000 12.137500 -0.000000
v 0.075000 12.212500 -0.000000
v 0.075000 12.787500 -0.000000
v 0.075000 12.862500 -0.000000
v -0.000000 12.862500 -0.000000
v -0.000000 12.787500 -0.000000
v -0.000000 12.212500 -0.000000
v -0.000000 12.137500 -0.000000
v 0.000000 12.212500 0.075000
v 0.000000 12.787500 0.075000
v 0.150000 12.843750 0.150000
v 0.150000 12.806250 0.150000
v 0.150000 12.806250 -0.000000
v 0.150000 12.843750 -0.000000
v 0.000000 12.806250 0.150000
v 0.000000 12.843750 0.150000
v 0.150000 12.193749 0.149999
v 0.150000 12.156250 0.149999
v 0.150000 12.156250 -0.000000
v 0.150000 12.193749 -0.000000
v 0.000000 12.156250 0.149999
v 0.000000 12.193749 0.149999
v 0.000000 14.000000 0.075000
v 0.075000 14.000000 0.075000
v 0.075000 14.000000 -0.000000
v 0.000000 13.000000 0.075000
v 0.075000 13.000000 0.075000
v 0.075000 13.000000 -0.000000
v 0.000000 13.137500 0.075000
v 0.000000 13.862500 0.075000
v 0.075000 13.862500 0.075000
v 0.075000 13.787500 0.075000
v 0.075000 13.212500 0.075000
v 0.075000 13.137500 0.075000
v 0.075000 13.137500 -0.000000
v 0.075000 13.212500 -0.000000
v 0.075000 13.787500 -0.000000
v 0.075000 13.862500 -0.000000
v 0.000000 13.212500 0.075000
v 0.000000 13.787500 0.075000
v 0.150000 13.843750 0.150000
v 0.150000 13.806250 0.150000
v 0.150000 13.806250 -0.000000
v 0.150000 13.843750 -0.000000
v 0.000000 13.806250 0.150000
v 0.000000 13.843750 0.150000
v 0.150000 13.193749 0.149999
v 0.150000 13.156250 0.149999
v 0.150000 13.156250 -0.000000
v 0.150000 13.193749 -0.000000
v 0.000000 13.156250 0.149999
v 0.000000 13.193749 0.149999
v -3.000000 14.000000 -0.000000
v -2.000000 14.000000 -0.000000
v -3.000000 14.400000 -0.000000
v -2.000000 14.400000 -0.000000
v -3.000000 14.212500 0.075000
v -2.000000 14.212500 0.075000
v -3.000000 14.400000 0.166666
v -2.000000 14.400000 0.166666
v -2.083333 14.400000 -0.000000
v -2.000000 14.400000 -0.000000
v -2.083333 14.650000 -0.000000
v -2.083333 14.400000 0.166666
v -2.000000 14.400000 0.166666
v -2.083333 14.650000 0.166666
v -2.041667 14.816666 0.125000
v -2.000000 14.650000 0.166666
v -2.000000 14.816666 0.125000
v -2.000000 14.816667 0.041666
v -2.041667 14.816667 0.041666
v -2.000000 14.650000 -0.000000
v -3.000000 14.400000 0.166666
v -2.916666 14.400000 0.166666
v -3.000000 14.650000 0.166666
v -3.000000 14.816666 0.125000
v -2.916666 14.650000 0.166666
v -2.958333 14.816666 0.125000
v -2.916666 14.650000 -0.000000
v -2.916666 14.400000 -0.000000
v -3.000000 14.650000 -0.000000
v -2.958333 14.816667 0.041666
v -3.000000 14.816667 0.041666
v -3.000000 14.400000 -0.000000
v -2.916666 14.608334 0.125000
v -2.916666 14.525000 0.125000
v -2.916666 14.608334 0.041666
v -2.750000 14.608334 0.125000
v -2.750000 14.525000 0.125000
v -2.750000 14.608334 0.041666
v -2.750000 14.525000 0.041666
v -2.916666 14.525000 0.041666
v -2.750000 14.650000 0.166666
v -2.708333 14.816666 0.125000
v -2.750000 14.650000 -0.000000
v -2.583333 14.650000 0.166666
v -2.750000 14.400000 0.166666
v -2.583333 14.400000 0.166666
v -2.750000 14.400000 -0.000000
v -2.583333 14.400000 -0.000000
v -2.583333 14.650000 -0.000000
v -2.625000 14.816667 0.041666
v -2.625000 14.816666 0.125000
v -2.708333 14.816667 0.041666
v -2.583333 14.525000 0.041666
v -2.583333 14.608334 0.041666
v -2.416666 14.525000 0.041666
v -2.416666 14.608334 0.041666
v -2.416666 14.608334 0.125000
v -2.416666 14.525000 0.125000
v -2.583333 14.608334 0.125000
v -2.583333 14.525000 0.125000
v -2.416666 14.650000 -0.000000
v -2.374999 14.816667 0.041666
v -2.250000 14.650000 -0.000000
v -2.416666 14.650000 0.166666
v -2.416666 14.400000 -0.000000
v -2.250000 14.400000 -0.000000
v -2.416666 14.400000 0.166666
v -2.250000 14.400000 0.166666
v -2.250000 14.650000 0.166666
v -2.291666 14.816666 0.125000
v -2.374999 14.816666 0.125000
v -2.291666 14.816667 0.041666
v -2.250000 14.525000 0.041666
v -2.250000 14.608334 0.041666
v -2.083333 14.525000 0.041666
v -2.083333 14.608334 0.041666
v -2.083333 14.608334 0.125000
v -2.083333 14.525000 0.125000
v -2.250000 14.608334 0.125000
v -2.250000 14.525000 0.125000
v -3.000000 14.400000 -0.500000
v -2.000000 14.400000 -0.500000
v -2.962500 14.137500 -0.000000
v -2.962500 14.212500 -0.000000
v -2.962500 14.137500 0.075000
v -2.981250 14.156250 0.150000
v -2.962500 14.212500 0.075000
v -3.000000 14.137500 0.075000
v -3.000000 14.156250 0.150000
v -3.000000 14.193750 0.150000
v -3.000000 14.212500 0.075000
v -2.981250 14.193750 0.150000
v -2.037500 14.137500 -0.000000
v -2.037500 14.212500 -0.000000
v -2.037500 14.137500 0.075000
v -2.018750 14.156250 0.150000
v -2.037500 14.212500 0.075000
v -2.000000 14.137500 0.075000
v -2.000000 14.156250 0.150000
v -2.000000 14.193750 0.150000
v -2.000000 14.212500 0.075000
v -2.018750 14.193750 0.150000
v -2.704166 14.137500 -0.000000
v -2.704166 14.212500 -0.000000
v -2.704166 14.137500 0.075000
v -2.685416 14.156250 0.150000
v -2.704166 14.212500 0.075000
v -2.629166 14.137500 0.075000
v -2.647916 14.156250 0.150000
v -2.629166 14.212500 0.075000
v -2.629166 14.137500 -0.000000
v -2.629166 14.212500 -0.000000
v -2.647916 14.193750 0.150000
v -2.685416 14.193750 0.150000
v -2.370833 14.137500 -0.000000
v -2.370833 14.212500 -0.000000
v -2.370833 14.137500 0.075000
v -2.352083 14.156250 0.150000
v -2.370833 14.212500 0.075000
v -2.295833 14.137500 0.075000
v -2.314583 14.156250 0.150000
v -2.295833 14.212500 0.075000
v -2.295833 14.137500 -0.000000
v -2.295833 14.212500 -0.000000
v -2.314583 14.193750 0.150000
v -2.352083 14.193750 0.150000
v -2.000000 14.000000 -0.000000
v -1.000000 14.000000 -0.000000
v -2.000000 14.400000 -0.000000
v -1.000000 14.400000 -0.000000
v -2.000000 14.212500 0.075000
v -1.000000 14.212500 0.075000
v -2.000000 14.400000 0.166666
v -1.000000 14.400000 0.166666
v -1.083333 14.400000 -0.000000
v -1.000000 14.400000 -0.000000
v -1.083333 14.650000 -0.000000
v -1.083333 14.400000 0.166666
v -1.000000 14.400000 0.166666
v -1.083333 14.650000 0.166666
v -1.041667 14.816666 0.125000
v -1.000000 14.650000 0.166666
v -1.000000 14.816666 0.125000
v -1.000000 14.816667 0.041666
v -1.041667 14.816667 0.041666
v -1.000000 14.650000 -0.000000
v -2.000000 14.400000 0.166666
v -1.916666 14.400000 0.166666
v -2.000000 14.650000 0.166666
v -2.000000 14.816666 0.125000
v -1.916666 14.650000 0.166666
v -1.958333 14.816666 0.125000
v -1.916666 14.650000 -0.000000
v -1.916666 14.400000 -0.000000
v -2.000000 14.650000 -0.000000
v -1.958333 14.816667 0.041666
v -2.000000 14.816667 0.041666
v -2.000000 14.400000 -0.000000
v -1.916666 14.608334 0.125000
v -1.916666 14.525000 0.125000
v -1.916666 14.608334 0.041666
v -1.749999 14.608334 0.125000
v -1.749999 14.525000 0.125000
v -1.749999 14.608334 0.041666
v -1.749999 14.525000 0.041666
v -1.916666 14.525000 0.041666
v -1.749999 14.650000 0.166666
v -1.708333 14.816666 0.125000
v -1.749999 14.650000 -0.000000
v -1.583333 14.650000 0.166666
v -1.749999 14.400000 0.166666
v -1.583333 14.400000 0.166666
v -1.749999 14.400000 -0.000000
v -1.583333 14.400000 -0.000000
v -1.583333 14.650000 -0.000000
v -1.624999 14.816667 0.041666
v -1.624999 14.816666 0.125000
v -1.708333 14.816667 0.041666
v -1.583333 14.525000 0.041666
v -1.583333 14.608334 0.041666
v -1.416666 14.525000 0.041666
v -1.416666 14.608334 0.041666
v -1.416666 14.608334 0.125000
v -1.416666 14.525000 0.125000
v -1.583333 14.608334 0.125000
v -1.583333 14.525000 0.125000
v -1.416666 14.650000 -0.000000
v -1.374999 14.816667 0.041666
v -1.249999 14.650000 -0.000000
v -1.416666 14.650000 0.166666
v -1.416666 14.400000 -0.000000
v -1.249999 14.400000 -0.000000
v -1.416666 14.400000 0.166666
v -1.249999 14.400000 0.166666
v -1.249999 14.650000 0.166666
v -1.291666 14.816666 0.125000
v -1.374999 14.816666 0.125000
v -1.291666 14.816667 0.041666
v -1.249999 14.525000 0.041666
v -1.249999 14.608334 0.041666
v -1.083333 14.525000 0.041666
v -1.083333 14.608334 0.041666
v -1.083333 14.608334 0.125000
v -1.083333 14.525000 0.125000
v -1.249999 14.608334 0.125000
v -1.249999 14.525000 0.125000
v -2.000000 14.400000 -0.500000
v -1.000000 14.400000 -0.500000
v -1.962500 14.137500 -0.000000
v -1.962500 14.212500 -0.000000
v -1.962500 14.137500 0.075000
v -1.981250 14.156250 0.150000
v -1.962500 14.212500 0.075000
v -2.000000 14.137500 0.075000
v -2.000000 14.156250 0.150000
v -2.000000 14.193750 0.150000
v -2.000000 14.212500 0.075000
v -1.981250 14.193750 0.150000
v -1.037500 14.137500 -0.000000
v -1.037500 14.212500 -0.000000
v -1.037500 14.137500 0.075000
v -1.018750 14.156250 0.150000
v -1.037500 14.212500 0.075000
v -1.000000 14.137500 0.075000
v -1.000000 14.156250 0.150000
v -1.000000 14.193750 0.150000
v -1.000000 14.212500 0.075000
v -1.018750 14.193750 0.150000
v -1.704166 14.137500 -0.000000
v -1.704166 14.212500 -0.000000
v -1.704166 14.137500 0.075000
v -1.685416 14.156250 0.150000
v -1.704166 14.212500 0.075000
v -1.629166 14.137500 0.075000
v -1.647916 14.156250 0.150000
v -1.629166 14.212500 0.075000
v -1.629166 14.137500 -0.000000
v -1.629166 14.212500 -0.000000
v -1.647916 14.193750 0.150000
v -1.685416 14.193750 0.150000
v -1.370833 14.137500 -0.000000
v -1.370833 14.212500 -0.000000
v -1.370833 14.137500 0.075000
v -1.352083 14.156250 0.150000
v -1.370833 14.212500 0.075000
v -1.295833 14.137500 0.075000
v -1.314583 14.156250 0.150000
v -1.295833 14.212500 0.075000
v -1.295833 14.137500 -0.000000
v -1.295833 14.212500 -0.000000
v -1.314583 14.193750 0.150000
v -1.352083 14.193750 0.150000
v 0.000000 14.000000 -4.000001
v 0.075000 14.000000 -4.075002
v 0.000000 14.000000 -4.075002
v 0.075000 14.137500 -4.075002
v 0.000000 14.137500 -4.075001
v 0.000000 14.137500 -4.000001
v -0.083333 14.775000 -4.166669
v -0.020833 15.025000 -4.104169
v -0.083333 14.400000 -4.166668
v -0.083333 14.775001 -3.916668
v 0.166667 14.775000 -4.166669
v 0.104167 15.025000 -4.104169
v 0.166666 14.400000 -4.166668
v -0.020833 15.025000 -3.979168
v -0.083333 14.400000 -3.916668
v -0.037500 14.137500 -4.000001
v -0.037500 14.212500 -4.000001
v -0.037500 14.137500 -4.075001
v -0.018750 14.156250 -4.150002
v -0.037500 14.212500 -4.075001
v 0.075000 14.137500 -4.075002
v 0.150000 14.156250 -4.150002
v 0.150000 14.193749 -4.150002
v 0.075000 14.212500 -4.075002
v -0.018750 14.193750 -4.150002
vn -0.0000 -0.0000 1.0000
vn -0.0000 -0.0000 -1.0000
vn -1.0000 -0.0000 -0.0000
vn 1.0000 -0.0000 -0.0000
vn 0.2425 -0.9701 -0.0000
vn -0.0000 -0.9701 -0.2425
vn -0.0000 0.9701 -0.2425
vn 0.2425 0.9701 -0.0000
vn 0.2426 0.9701 -0.0000
vn -0.0000 1.0000 -0.0000
vn 0.8984 -0.4392 -0.0000
vn -0.0000 0.2425 0.9701
vn 0.9701 0.2425 -0.0000
vn -0.9701 0.2425 -0.0000
vn -0.0000 0.2425 -0.9701
vn 0.2425 -0.0000 -0.9701
vn 0.2426 -0.9701 -0.0000
vn 0.2425 -0.0000 0.9701
vn 0.2425 0.9702 -0.0000
vn 0.7071 0.7071 -0.0000
vn 0.7071 -0.7071 -0.0000
vn 0.2425 -0.9702 -0.0000
vn -0.2425 -0.9701 -0.0000
vn -0.0000 -0.9701 0.2425
vn -0.0000 0.9701 0.2425
vn -0.2425 0.9701 -0.0000
vn -0.2425 -0.0000 -0.9701
vn -0.0000 -0.4392 0.8984
vn -0.9701 -0.0000 0.2425
vn 0.9701 -0.0000 0.2425
vn -0.0000 0.7071 0.7071
vn -0.0000 -0.7071 0.7071
vn -0.9701 -0.0000 -0.2425
vt 0.786380 0.998364
vt 0.786379 0.902751
vt 0.994989 0.902751
vt 0.994989 0.998364
vt 0.786379 0.998364
vt 0.786379 0.902751
vt 0.994990 0.902751
vt 0.994990 0.998364
vt 0.786379 0.998364
vt 0.994990 0.998364
vt 0.786381 0.998364
vt 0.786381 0.902751
vt 0.994990 0.902751
vt 0.994987 0.998364
vt 0.786379 0.998364
vt 0.786379 0.902751
vt 0.994987 0.902751
vt 0.994988 0.998364
vt 0.994988 0.902751
vt 0.786379 0.502916
vt 0.994989 0.502916
vt -0.135548 0.295294
vt -0.135548 0.515260
vt -0.248916 0.515260
vt -0.248916 0.405277
vt 0.994989 0.902751
vt 0.786379 0.902751
vt 0.994989 0.502915
vt -0.248916 0.735225
vt -0.248916 0.955191
vt -0.362284 0.955191
vt -0.362284 0.845209
vt 0.994988 0.902751
vt 0.786378 0.902751
vt 0.994988 0.502916
vt -0.022181 0.295294
vt -0.022181 0.515259
vt -0.135548 0.405277
vt -0.135548 0.295294
vt 0.994988 0.902751
vt 0.786379 0.502915
vt -0.135548 0.735225
vt -0.135548 0.955191
vt -0.248916 0.845208
vt -0.248916 0.735225
vt 0.807414 0.820923
vt 0.807414 0.899799
vt 0.726111 0.978674
vt 0.726111 0.820923
vt 0.992098 0.508897
vt 0.992098 0.728862
vt 0.937107 0.728862
vt 0.937107 0.508897
vt 0.807414 0.820923
vt 0.937107 0.508897
vt 0.937107 0.728862
vt 0.882115 0.728862
vt 0.882115 0.508897
vt -0.022181 0.515260
vt -0.022181 0.625242
vt -0.135548 0.735225
vt -0.135548 0.515260
vt 0.926539 0.970692
vt 0.926539 0.750727
vt 0.981531 0.750727
vt 0.981531 0.970692
vt -0.362284 0.625243
vt -0.362284 0.515260
vt -0.248916 0.515260
vt -0.248916 0.735225
vt 0.981531 0.530761
vt 0.926539 0.530761
vt 0.786379 0.902751
vt 0.994989 0.998364
vt -0.000000 0.000000
vt 0.500000 0.000000
vt 0.500000 0.500000
vt 0.000000 0.500000
vt 0.799968 1.000000
vt 0.799968 0.500000
vt 0.899968 0.500000
vt 0.899968 1.000000
vt 0.999968 0.500000
vt 0.999968 1.000000
vt 0.000000 0.000000
vt 0.500000 -0.000000
vt 0.500000 0.500000
vt 0.000000 0.500000
vt 0.602988 0.504471
vt 0.667598 0.504471
vt 0.667598 0.698301
vt 0.602988 0.698301
vt 0.667569 0.504396
vt 0.796790 0.504396
vt 0.796790 0.698227
vt 0.667569 0.698227
vt 0.667598 0.698301
vt 0.602988 0.698301
vt 0.764485 0.831423
vt 0.699874 0.831424
vt 0.667598 0.831498
vt 0.635293 0.831498
vt 0.635279 0.896034
vt 0.635279 0.831424
vt 0.667584 0.831424
vt 0.667583 0.896034
vt 0.635293 0.831498
vt 0.602989 0.831498
vt 0.602988 0.504471
vt 0.667599 0.504471
vt 0.667599 0.698301
vt 0.602988 0.698301
vt 0.635293 0.831498
vt 0.602988 0.831498
vt 0.667569 0.698227
vt 0.796790 0.698227
vt 0.764485 0.831424
vt 0.699874 0.831424
vt 0.667569 0.504396
vt 0.602988 0.504471
vt 0.667598 0.504471
vt 0.667598 0.698301
vt 0.602988 0.698301
vt 0.667599 0.831498
vt 0.635293 0.831498
vt 0.635279 0.896034
vt 0.635279 0.831424
vt 0.667584 0.831424
vt 0.667584 0.896034
vt 0.874998 0.750000
vt 0.874998 0.500000
vt 0.999998 0.500000
vt 0.999998 0.750000
vt 0.874999 1.000000
vt 0.749999 1.000000
vt 0.749999 0.750000
vt 0.874999 0.750000
vt 0.624998 0.750000
vt 0.624998 0.500000
vt 0.749999 0.500000
vt 0.589444 0.698227
vt 0.718665 0.698227
vt 0.686360 0.831423
vt 0.621749 0.831424
vt 0.862882 0.698227
vt 0.992102 0.698227
vt 0.959797 0.831424
vt 0.895187 0.831424
vt 0.589444 0.504396
vt 0.718665 0.504396
vt 0.862882 0.504396
vt 0.992102 0.504396
vt 0.862882 0.504396
vt 0.862882 0.698227
vt 0.589444 0.504396
vt 0.718665 0.698227
vt 0.589444 0.698227
vt 0.959797 0.831423
vt 0.895187 0.831424
vt 0.686360 0.831424
vt 0.621749 0.831423
vt 0.817062 0.896034
vt 0.817062 0.831423
vt 0.881672 0.831423
vt 0.881672 0.896034
vt 0.937498 0.750000
vt 0.812498 0.750000
vt 0.812498 0.500000
vt 0.937498 0.500000
vt 0.687497 0.750000
vt 0.687497 0.500000
vt 0.947291 0.750000
vt 0.822291 0.750000
vt 0.822291 0.500000
vt 0.947291 0.500000
vt 0.667569 0.698227
vt 0.764484 0.831423
vt 0.699874 0.831424
vt 0.667569 0.698227
vt 0.764485 0.831424
vt 0.699874 0.831424
vt 0.667569 0.504396
vt 0.667569 0.504396
vt 0.796790 0.504396
vt 0.667569 0.698227
vt 0.796790 0.504396
vt 0.667569 0.698227
vt 0.667569 0.504396
vt 0.764485 0.831424
vt 0.699875 0.831424
vt 0.699874 0.831423
vt 0.699874 0.896033
vt 0.764484 0.896033
vt 0.937498 0.750000
vt 0.812497 0.750000
vt 0.812497 0.500000
vt 0.937498 0.500000
vt 0.687497 0.750000
vt 0.687497 0.500000
vt 0.526351 0.750000
vt 0.526351 0.500000
vt 0.651351 0.500000
vt 0.651351 0.750000
vt 0.588934 0.998164
vt 0.507345 0.998164
vt 0.507281 0.916694
vt 0.589058 0.916091
vt 0.526308 0.832552
vt 0.567301 0.831673
vt 0.375000 2.127558
vt 0.375000 1.955683
vt 0.437500 2.065058
vt 0.437500 2.127558
vt 0.525729 0.812169
vt 0.566656 0.811188
vt 0.672762 0.830081
vt 0.631879 0.830070
vt 0.631879 0.745792
vt 0.652324 0.745784
vt 0.507281 0.916694
vt 0.589058 0.916091
vt 0.588934 0.998165
vt 0.507345 0.998165
vt 0.526308 0.832552
vt 0.567301 0.831673
vt 0.125000 1.940058
vt 0.250000 1.940058
vt 0.250000 2.002558
vt 0.187500 2.002558
vt 0.525729 0.812169
vt 0.566656 0.811188
vt 0.631879 0.830070
vt 0.672762 0.830081
vt 0.652324 0.745784
vt 0.631879 0.745792
vt 0.589196 0.706495
vt 0.507452 0.705554
vt 0.509509 0.623351
vt 0.590990 0.625196
vt 0.375000 2.252558
vt 0.437500 2.065058
vt 0.437500 2.190058
vt 0.569117 0.790028
vt 0.528036 0.790622
vt 0.529325 0.831486
vt 0.570406 0.830892
vt 0.590990 0.915960
vt 0.509247 0.915019
vt 0.588934 0.998163
vt 0.507452 0.996318
vt 0.508937 0.915788
vt 0.590696 0.915788
vt 0.570248 0.831488
vt 0.529351 0.831513
vt 0.507287 0.998464
vt 0.507287 0.916694
vt 0.589058 0.916694
vt 0.589058 0.998465
vt 0.570282 0.831513
vt 0.529385 0.831488
vt 0.508937 0.915788
vt 0.590696 0.915788
vt 0.507287 0.916694
vt 0.529351 0.831514
vt 0.570248 0.831488
vt 0.631879 0.789187
vt 0.631879 0.830072
vt 0.590993 0.830072
vt 0.590993 0.789187
vt 0.945766 0.499191
vt 0.554300 0.499191
vt 0.554300 0.001149
vt 0.945766 0.001149
vt 0.554300 0.001150
vt 0.945766 0.001150
vt 0.945766 0.499191
vt 0.554300 0.499191
vt 0.999054 0.054437
vt 0.999054 0.445903
vt 0.501012 0.445903
vt 0.501012 0.054437
vt 0.500979 0.499994
vt 0.500978 0.000993
vt 0.546433 0.046448
vt 0.546433 0.454539
vt 0.500979 0.499994
vt 0.500979 0.000993
vt 0.546433 0.046448
vt 0.546433 0.454539
vt 0.500978 0.000993
vt 0.546433 0.454539
vt 0.500978 0.499994
vt 0.500979 0.000993
vt 0.546433 0.046448
vt 0.546433 0.454539
vt 0.501267 0.499191
vt 0.501267 0.001150
vt 0.998799 0.001149
vt 0.998799 0.499191
vt 0.501012 0.001404
vt 0.999054 0.001404
vt 0.501267 0.499191
vt 0.501267 0.001149
vt 0.998799 0.001150
vt 0.998799 0.499191
vt 0.999054 0.498936
vt 0.501012 0.498936
vt 0.374350 1.000000
vt 0.374350 0.925000
vt 0.457354 0.925000
vt 0.498856 1.000000
vt 0.498856 0.500000
vt 0.457354 0.575000
vt 0.374350 0.500000
vt 0.374350 0.575000
vt 0.291347 1.000000
vt 0.291347 0.925000
vt 0.291346 0.575000
vt 0.291346 0.500000
vt 0.208343 1.000000
vt 0.208343 0.925000
vt 0.208343 0.500000
vt 0.208343 0.575000
vt 0.125339 1.000000
vt 0.125339 0.925000
vt 0.125339 0.575000
vt 0.125339 0.500000
vt 0.000834 1.000000
vt 0.042335 0.925000
vt 0.042335 0.575000
vt 0.000834 0.500000
vt 0.588993 0.998165
vt 0.507404 0.998165
vt 0.507340 0.916694
vt 0.589117 0.916091
vt 0.631879 0.830070
vt 0.672762 0.830081
vt 0.652324 0.745784
vt 0.631879 0.745792
vt 0.526367 0.832552
vt 0.567360 0.831673
vt 0.525788 0.812169
vt 0.566715 0.811188
vt 0.631763 0.707215
vt 0.590874 0.707221
vt 0.590836 0.622937
vt 0.611279 0.622929
vt 0.631714 0.789006
vt 0.590836 0.788972
vt 0.507340 0.916694
vt 0.589117 0.916091
vt 0.507404 0.998165
vt 0.672762 0.830081
vt 0.631879 0.745792
vt 0.652324 0.745784
vt 0.526367 0.832552
vt 0.567360 0.831673
vt 0.525788 0.812169
vt 0.566715 0.811188
vt 0.590822 0.704751
vt 0.631777 0.704178
vt 0.613549 0.788578
vt 0.593162 0.789302
vt 0.590822 0.622633
vt 0.631606 0.622748
vt 0.588993 0.998165
vt 0.507404 0.998165
vt 0.672762 0.830081
vt 0.526367 0.832552
vt 0.567360 0.831673
vt 0.566715 0.811188
vt 0.631763 0.707215
vt 0.590874 0.707221
vt 0.611279 0.622929
vt 0.631714 0.789006
vt 0.589117 0.916694
vt 0.507340 0.916091
vt 0.507464 0.998165
vt 0.589052 0.998165
vt 0.631879 0.830070
vt 0.570090 0.832552
vt 0.529097 0.831673
vt 0.570669 0.812169
vt 0.529741 0.811188
vt 0.631777 0.707184
vt 0.590822 0.707757
vt 0.609050 0.623357
vt 0.629437 0.622633
vt 0.631777 0.789302
vt 0.509307 0.915021
vt 0.591050 0.915962
vt 0.588994 0.998165
vt 0.507512 0.996321
vt 0.590696 0.915788
vt 0.508937 0.915788
vt 0.529351 0.831513
vt 0.570248 0.831488
vt 0.529385 0.831488
vt 0.570466 0.830893
vt 0.569177 0.790029
vt 0.528096 0.790624
vt 0.507512 0.705555
vt 0.589256 0.706496
vt 0.509569 0.623352
vt 0.591050 0.625197
vt 0.672660 0.830072
vt 0.672720 0.911678
vt 0.590930 0.912010
vt 0.653012 0.995938
vt 0.612067 0.996319
vt 0.509306 0.915021
vt 0.591050 0.915962
vt 0.588994 0.998165
vt 0.508937 0.915788
vt 0.590696 0.915788
vt 0.570283 0.831513
vt 0.529385 0.831488
vt 0.570466 0.830893
vt 0.569177 0.790029
vt 0.528096 0.790624
vt 0.507512 0.705555
vt 0.509569 0.623352
vt 0.591050 0.625197
vt 0.672657 0.996319
vt 0.590991 0.996319
vt 0.590930 0.914714
vt 0.672720 0.914382
vt 0.610638 0.830454
vt 0.651584 0.830072
vt 0.589256 0.706496
vt 0.509569 0.623352
vt 0.591050 0.625197
vt 0.508937 0.915788
vt 0.569177 0.790029
vt 0.528096 0.790624
vt 0.570466 0.830893
vt 0.509307 0.915021
vt 0.588994 0.998165
vt 0.672657 0.996319
vt 0.590991 0.996319
vt 0.590930 0.914714
vt 0.672720 0.914382
vt 0.610638 0.830454
vt 0.651583 0.830072
vt 0.589256 0.706497
vt 0.507512 0.705555
vt 0.509568 0.623352
vt 0.591050 0.625197
vt 0.569177 0.790029
vt 0.528096 0.790624
vt 0.529385 0.831488
vt 0.570466 0.830893
vt 0.509306 0.915021
vt 0.588993 0.998165
vt 0.507512 0.996320
vt 0.672664 0.996345
vt 0.591001 0.996345
vt 0.590894 0.914773
vt 0.672757 0.914374
vt 0.610559 0.830533
vt 0.651362 0.830047
vt 0.499287 0.500713
vt 0.499287 1.000000
vt 0.000000 1.000000
vt 0.000000 0.500713
vt 0.000000 0.500000
vt 0.500000 0.500000
vt 0.500000 1.000000
vt -0.000000 1.000000
vt 0.589256 0.706496
vt 0.590696 0.915788
vt 0.570283 0.831513
vt 0.569177 0.790029
vt 0.529385 0.831488
vt 0.509306 0.915021
vt 0.588994 0.998165
vt 0.507512 0.996321
vt 0.672720 0.914382
vt 0.610638 0.830454
vt 0.651583 0.830072
vt 0.509569 0.623352
vt 0.570283 0.831513
vt 0.529385 0.831488
vt 0.591050 0.915962
vt 0.509306 0.915021
vt 0.672657 0.996319
vt 0.509568 0.623352
vt 0.591050 0.625197
vt 0.528096 0.790624
vt 0.507512 0.996321
vt 0.672657 0.996319
vt 0.509307 0.915021
vt 0.588994 0.998165
vt 0.507512 0.996321
vt 0.590696 0.915788
vt 0.570466 0.830893
vt 0.528096 0.790624
vt 0.590993 0.830072
vt 0.672660 0.830072
vt 0.672720 0.911678
vt 0.590930 0.912010
vt 0.653012 0.995938
vt 0.612067 0.996319
vt 0.000713 1.000000
vt 0.000713 0.500713
vt 0.500000 0.500713
vt 0.500000 1.000000
vt 0.000713 1.000000
vt 0.000713 0.500713
vt 0.500000 0.500713
vt 0.500000 1.000000
vt 0.529385 0.831488
vt 0.208352 0.999684
vt 0.125138 0.999684
vt 0.000316 0.500397
vt 0.499603 0.999684
vt 0.374782 0.999684
vt 0.499603 0.500397
vt 0.291567 0.999684
vt 0.499287 1.000000
vt 0.000000 1.000000
vt 0.000000 0.500713
vt 0.499287 0.500713
vt 0.000316 0.999684
vt 0.570090 0.832552
vt 0.529097 0.831673
vt 0.507340 0.916091
vt 0.589117 0.916694
vt 0.631879 0.830070
vt 0.672762 0.830081
vt 0.652324 0.745784
vt 0.631879 0.745792
vt 0.590836 0.704720
vt 0.631725 0.704714
vt 0.631763 0.788998
vt 0.611320 0.789006
vt 0.507464 0.998165
vt 0.589052 0.998165
vt 0.570669 0.812169
vt 0.529741 0.811188
vt 0.590885 0.622929
vt 0.631763 0.622963
vt 0.529097 0.831673
vt 0.507340 0.916091
vt 0.589117 0.916694
vt 0.652324 0.745783
vt 0.590874 0.707221
vt 0.590836 0.622937
vt 0.611279 0.622929
vt 0.507464 0.998165
vt 0.589052 0.998165
vt 0.529741 0.811188
vt 0.631714 0.789006
vt 0.590836 0.788972
vt 0.570090 0.832552
vt 0.631777 0.704178
vt 0.613549 0.788578
vt 0.589052 0.998165
vt 0.631606 0.622748
vt 0.570090 0.832552
vt 0.529097 0.831673
vt 0.507340 0.916091
vt 0.589117 0.916694
vt 0.631777 0.707184
vt 0.609050 0.623357
vt 0.629437 0.622633
vt 0.570669 0.812169
vt 0.499287 0.500713
vt 0.499287 1.000000
vt 0.375495 0.500397
vt 0.500316 0.500397
vt 0.500316 0.999684
vt 0.125851 0.500397
vt 0.209066 0.500397
vt 0.001029 0.999684
vt 0.292280 0.500397
vt 0.001029 0.500397
vt 0.499287 1.000000
vt -0.000000 1.000000
vt -0.000000 0.500713
vt 0.499287 0.500713
vt 0.500000 0.500713
vt 0.000713 1.000000
vt 0.000713 0.500713
vt -0.000000 1.000000
vt -0.000000 0.500713
vt 0.499287 0.500713
vt 0.499287 1.000000
vt 0.500000 1.000000
vt 0.000713 1.000000
vt 0.000713 0.500713
vt 0.500000 0.500713
vt 0.000713 0.500713
vt 0.292280 0.999684
vt 0.209065 0.999684
vt 0.001029 0.500397
vt 0.375494 0.999684
vt 0.125851 0.999684
vt -0.000000 0.500713
vt 0.499287 0.500713
vt 0.499287 1.000000
vt -0.000000 1.000000
vt -0.000000 0.500713
vt 0.499287 0.500713
vt 0.499287 1.000000
vt 0.499287 0.500713
vt -0.000000 1.000000
vt 0.000000 0.000000
vt 0.500000 0.000000
vt 0.500000 0.500000
vt 0.000000 0.500000
vt 0.994989 0.998364
vt 0.994989 0.998364
vt 0.786379 0.902751
vt 0.990543 0.504575
vt 0.990543 0.795188
vt 0.796801 0.795188
vt 0.796801 0.504575
vt 0.942107 0.994892
vt 0.845236 0.994892
vt 0.748490 0.953976
vt 0.651619 0.953976
vt 0.651619 0.857105
vt 0.848941 0.795188
vt 0.800506 0.994892
vt 0.703635 0.994892
vt 0.655199 0.795188
vt 0.655200 0.504575
vt 0.848942 0.504575
vt 0.562497 0.750000
vt 0.562497 0.500000
vt 0.749998 0.750000
vt 0.624998 0.750000
vt 0.624998 0.500000
vt 0.749998 0.500000
vt 0.668403 0.750000
vt 0.543403 0.750000
vt 0.543403 0.500000
vt 0.668403 0.500000
vt 0.603003 0.698287
vt 0.667584 0.698287
vt 0.635293 0.831424
vt 0.603002 0.831424
vt 0.635286 0.896019
vt 0.635286 0.831438
vt 0.667576 0.831438
vt 0.667576 0.896019
vt 0.667599 0.698213
vt 0.796760 0.698213
vt 0.764470 0.831349
vt 0.699889 0.831349
vt 0.667599 0.504471
vt 0.796760 0.504471
vt 0.603003 0.504545
vt 0.667584 0.504545
vt 0.603002 0.698287
vt 0.667584 0.698287
vt 0.635293 0.831424
vt 0.603002 0.504545
vt 0.667584 0.504545
vt 0.900084 0.896019
vt 0.900084 0.831438
vt 0.964665 0.831438
vt 0.964665 0.896019
vt 0.867794 0.698213
vt 0.996955 0.698213
vt 0.964665 0.831349
vt 0.900085 0.831349
vt 0.667599 0.698213
vt 0.796760 0.698213
vt 0.764470 0.831349
vt 0.699889 0.831349
vt 0.867794 0.504471
vt 0.996955 0.504471
vt 0.796760 0.504471
vt 0.996955 0.504471
vt 0.796760 0.698213
vt 0.667599 0.698213
vt 0.667599 0.504471
vt 0.964665 0.831349
vt 0.900084 0.831349
vt 0.764470 0.831349
vt 0.862911 0.698213
vt 0.992073 0.698213
vt 0.959782 0.831349
vt 0.895202 0.831349
vt 0.817076 0.896019
vt 0.817076 0.831438
vt 0.881657 0.831438
vt 0.881657 0.896019
vt 0.589474 0.698213
vt 0.718635 0.698213
vt 0.686345 0.831349
vt 0.621764 0.831349
vt 0.589474 0.504471
vt 0.718635 0.504471
vt 0.862911 0.504471
vt 0.992073 0.504471
vt 0.589474 0.698213
vt 0.718635 0.698213
vt 0.686345 0.831349
vt 0.621764 0.831349
vt 0.718635 0.504471
vt 0.589474 0.504471
vt 0.862911 0.698213
vt 0.959782 0.831349
vt 0.644585 0.750000
vt 0.644584 0.500000
vt 0.769585 0.500000
vt 0.769585 0.750000
vt 0.624998 1.000000
vt 0.499998 1.000000
vt 0.499998 0.750000
vt 0.624998 0.750000
vt 0.499998 0.750000
vt 0.499998 0.500000
vt 0.812498 0.750000
vt 0.687497 0.750000
vt 0.687497 0.500000
vt 0.812498 0.500000
vt 0.999999 1.000000
vt 0.874999 0.750000
vt 0.999999 0.750000
vt 0.881199 0.750000
vt 0.756199 0.750000
vt 0.756199 0.500000
vt 0.881199 0.500000
vt 0.588934 0.998165
vt 0.507345 0.998165
vt 0.507281 0.916694
vt 0.589058 0.916091
vt 0.526307 0.832551
vt 0.567301 0.831673
vt 0.525728 0.812169
vt 0.566656 0.811188
vt 0.672762 0.830081
vt 0.631879 0.830071
vt 0.631879 0.745792
vt 0.652324 0.745783
vt 0.509246 0.915020
vt 0.590991 0.915961
vt 0.507452 0.996320
vt 0.529325 0.831486
vt 0.570406 0.830892
vt 0.569118 0.790028
vt 0.528036 0.790622
vt 0.507452 0.705553
vt 0.589196 0.706494
vt 0.509508 0.623350
vt 0.590991 0.625194
vt 0.508937 0.915788
vt 0.590696 0.915788
vt 0.570248 0.831488
vt 0.529350 0.831513
vt 0.589196 0.706494
vt 0.509508 0.623350
vt 0.590991 0.625194
vt 0.528036 0.790622
vt 0.529325 0.831487
vt 0.570406 0.830892
vt 0.590991 0.915961
vt 0.588934 0.998165
vt 0.507452 0.996320
vt 0.590696 0.915788
vt 0.570283 0.831513
vt 0.424828 0.462695
vt 0.344983 0.462695
vt 0.344983 0.382851
vt 0.424828 0.382851
vt 0.821903 1.020426
vt 0.821904 0.663189
vt 0.985563 0.623496
vt 0.985562 0.861654
vt 0.404867 0.544997
vt 0.364944 0.544997
vt 0.364945 0.724647
vt 0.404867 0.724647
vt 0.985575 0.862333
vt 0.985882 0.624175
vt 0.822172 0.663657
vt 0.821711 1.020894
vt 0.500000 0.000000
vt -0.000000 0.500000
vt 0.994989 0.998364
vt 0.786380 0.998364
vt 0.786380 0.902751
vt 0.994990 0.902751
vt 0.569941 0.698300
vt 0.569941 0.831493
vt 0.537637 0.831493
vt 0.505332 0.698300
vt 0.568088 0.896033
vt 0.535783 0.896033
vt 0.535783 0.831425
vt 0.568088 0.831425
vt 0.718662 0.698226
vt 0.686358 0.831418
vt 0.621750 0.831418
vt 0.589446 0.698226
vt 0.589446 0.504402
vt 0.718662 0.504402
vt 0.569941 0.504476
vt 0.505332 0.504476
vt 0.569941 0.698300
vt 0.537637 0.831492
vt 0.505332 0.831492
vt 0.505333 0.698300
vt 0.505333 0.504476
vt 0.912459 0.795207
vt 0.864003 0.994996
vt 0.767091 0.994996
vt 0.718635 0.795207
vt 0.990584 0.795207
vt 0.942128 0.994996
vt 0.845216 0.994995
vt 0.796760 0.795207
vt 0.990584 0.504471
vt 0.912459 0.504471
vt 0.718635 0.504471
vt 0.649759 0.953996
vt 0.649759 0.857084
vt 0.746671 0.857084
vt 0.900071 0.831424
vt 0.964678 0.831424
vt 0.964678 0.896032
vt 0.900071 0.896032
vt 0.996983 0.698226
vt 0.964678 0.831418
vt 0.900070 0.831418
vt 0.867767 0.698226
vt 0.796787 0.698226
vt 0.764483 0.831418
vt 0.699875 0.831418
vt 0.667571 0.698226
vt 0.996983 0.504402
vt 0.867767 0.504402
vt 0.667571 0.504402
vt 0.796788 0.504402
vt 0.867767 0.698226
vt 0.867767 0.504402
vt 0.667571 0.504402
vt 0.796787 0.504402
vt 0.796787 0.698226
vt 0.667571 0.698226
vt 0.964679 0.831418
vt 0.900071 0.831418
vt 0.764483 0.831418
vt 0.699875 0.831418
vt 0.764484 0.831418
vt 0.699876 0.831418
vt 0.667571 0.698226
vt 0.699875 0.831424
vt 0.764483 0.831424
vt 0.764483 0.896032
vt 0.699875 0.896032
vt 0.796787 0.698226
vt 0.667571 0.698226
vt 0.667572 0.504402
vt 0.667571 0.504402
vt 0.796787 0.698226
vt 0.667571 0.698226
vt 0.667572 0.504402
vt 0.764483 0.831418
vt 0.699876 0.831418
vt 0.667572 0.698226
vt 0.796787 0.504402
vt 0.812498 1.000000
vt 0.687497 1.000000
vt 0.687497 0.750000
vt 0.812498 0.750000
vt 0.562497 0.750000
vt 0.562497 0.500000
vt 0.687497 0.500000
vt 0.687497 0.750000
vt 0.749998 0.750000
vt 0.749999 1.000000
vt 0.624998 1.000000
vt 0.624998 0.750000
vt 0.687497 0.500000
vt 0.687497 0.750000
vt 0.562497 0.750000
vt 0.562497 0.500000
vt 0.749998 0.500000
vt 0.749998 0.750000
vt 0.624998 0.750000
vt 0.937498 0.750000
vt 0.937498 1.000000
vt 0.812498 1.000000
vt 0.812498 0.750000
vt 0.937498 0.500000
vt 0.937498 0.750000
vt 0.812497 0.750000
vt 0.812497 0.500000
vt 0.562497 1.000000
vt 0.562497 0.750000
vt 0.687497 1.000000
vt 0.874999 0.500000
vt 0.874999 0.750000
vt 0.749999 0.750000
vt 0.749999 0.500000
vt 0.507281 0.916091
vt 0.570031 0.832551
vt 0.529038 0.831673
vt 0.631879 0.830071
vt 0.631879 0.745792
vt 0.652324 0.745783
vt 0.672762 0.830081
vt 0.529682 0.811188
vt 0.570610 0.812169
vt 0.672762 0.830081
vt 0.652324 0.745783
vt 0.631879 0.745792
vt 0.631879 0.830070
vt 0.509247 0.706495
vt 0.507452 0.625195
vt 0.588934 0.623350
vt 0.590991 0.705553
vt 0.590696 0.915788
vt 0.570248 0.831488
vt 0.508937 0.915788
vt 0.529325 0.790028
vt 0.570406 0.790622
vt 0.569118 0.831487
vt 0.589196 0.915020
vt 0.507452 0.915961
vt 0.528036 0.830892
vt 0.509509 0.998164
vt 0.508937 0.915788
vt 0.529385 0.831488
vt 0.570282 0.831513
vt 0.589196 0.915019
vt 0.590991 0.996320
vt 0.509509 0.998164
vt 0.507452 0.915961
vt 0.590696 0.915788
vt 0.529350 0.831513
vt 0.569118 0.831486
vt 0.528036 0.830892
vt 0.529325 0.790028
vt 0.509247 0.706495
vt 0.570406 0.790622
vt 0.588934 0.623350
vt 0.507452 0.625195
vt 0.590696 0.915788
vt 0.570248 0.831488
vt 0.508937 0.915788
vt 0.924034 0.881155
vt 0.924034 0.995891
vt 0.809298 0.995891
vt 0.809298 0.881155
vt 0.821711 0.662815
vt 0.821711 1.020894
vt 0.985755 0.861748
vt 0.985755 0.623028
vt 0.895350 0.762887
vt 0.837982 0.762887
vt 0.837982 0.504730
vt 0.895351 0.504730
vt 0.985755 0.861748
vt 0.125851 0.500397
vt 0.209066 0.500397
vt 0.292280 0.500397
vt 0.500316 0.999684
vt 0.375495 0.500397
vt 0.500316 0.500397
s 0
f 4/1/1 19/2/1 10/3/1 1/4/1
f 2/5/2 11/2/2 18/3/2 3/4/2
f 18/6/3 19/7/3 4/8/3 3/9/3
f 15/10/2 14/11/2 6/12/2 7/13/2
f 9/10/1 22/11/1 8/12/1 5/13/1
f 14/14/4 9/15/4 5/16/4 6/17/4
f 22/18/3 15/15/3 7/16/3 8/19/3
f 20/3/3 17/16/3 16/20/3 21/21/3
f 26/22/5 29/23/5 24/24/5 12/25/5
f 12/26/4 24/27/4 23/20/4 13/28/4
f 32/29/5 35/30/5 9/31/5 14/32/5
f 24/33/1 20/34/1 21/20/1 23/35/1
f 27/36/6 26/37/6 12/38/6 17/39/6
f 17/40/2 12/16/2 13/41/2 16/35/2
f 33/42/6 32/43/6 14/44/6 15/45/6
f 18/46/7 11/47/7 25/48/7 28/49/7
f 28/50/2 25/51/2 26/52/2 27/53/2
f 11/47/8 10/54/8 30/49/8 25/48/8
f 25/55/4 30/56/4 29/57/4 26/58/4
f 16/59/7 13/60/7 31/61/7 34/62/7
f 34/63/2 31/64/2 32/65/2 33/66/2
f 13/67/8 23/68/8 36/69/8 31/70/8
f 31/71/4 36/65/4 35/64/4 32/72/4
f 1/9/4 10/73/4 11/3/4 2/74/4
f 40/1/1 55/2/1 46/3/1 37/4/1
f 38/5/2 47/2/2 54/3/2 39/4/2
f 54/6/3 55/7/3 40/8/3 39/9/3
f 51/10/2 50/11/2 42/12/2 43/13/2
f 45/10/1 58/11/1 44/12/1 41/13/1
f 50/14/4 45/15/4 41/16/4 42/17/4
f 58/18/3 51/15/3 43/16/3 44/19/3
f 56/3/3 53/16/3 52/20/3 57/21/3
f 62/22/5 65/23/5 60/24/5 48/25/5
f 48/26/4 60/27/4 59/20/4 49/28/4
f 68/29/5 71/30/5 45/31/5 50/32/5
f 60/33/1 56/34/1 57/20/1 59/35/1
f 63/36/6 62/37/6 48/38/6 53/39/6
f 53/40/2 48/16/2 49/41/2 52/35/2
f 69/42/6 68/43/6 50/44/6 51/45/6
f 54/46/7 47/47/7 61/48/7 64/49/7
f 64/50/2 61/51/2 62/52/2 63/53/2
f 47/47/8 46/54/8 66/49/8 61/48/8
f 61/55/4 66/56/4 65/57/4 62/58/4
f 52/59/7 49/60/7 67/61/7 70/62/7
f 70/63/2 67/64/2 68/65/2 69/66/2
f 49/67/8 59/68/8 72/69/8 67/70/8
f 67/71/4 72/65/4 71/64/4 68/72/4
f 37/9/4 46/73/4 47/3/4 38/74/4
f 76/1/1 91/2/1 82/3/1 73/4/1
f 74/5/2 83/2/2 90/3/2 75/4/2
f 90/6/3 91/7/3 76/8/3 75/9/3
f 87/10/2 86/11/2 78/12/2 79/13/2
f 81/10/1 94/11/1 80/12/1 77/13/1
f 86/14/4 81/15/4 77/16/4 78/17/4
f 94/18/3 87/15/3 79/16/3 80/19/3
f 92/3/3 89/16/3 88/20/3 93/21/3
f 98/22/5 101/23/5 96/24/5 84/25/5
f 84/26/4 96/27/4 95/20/4 85/28/4
f 104/29/5 107/30/5 81/31/5 86/32/5
f 96/33/1 92/34/1 93/20/1 95/35/1
f 99/36/6 98/37/6 84/38/6 89/39/6
f 89/40/2 84/16/2 85/41/2 88/35/2
f 105/42/6 104/43/6 86/44/6 87/45/6
f 90/46/7 83/47/7 97/48/7 100/49/7
f 100/50/2 97/51/2 98/52/2 99/53/2
f 83/47/8 82/54/8 102/49/8 97/48/8
f 97/55/4 102/56/4 101/57/4 98/58/4
f 88/59/7 85/60/7 103/61/7 106/62/7
f 106/63/2 103/64/2 104/65/2 105/66/2
f 85/67/8 95/68/8 108/69/8 103/70/8
f 103/71/4 108/65/4 107/64/4 104/72/4
f 73/9/4 82/73/4 83/3/4 74/74/4
f 112/1/1 127/2/1 118/3/1 109/4/1
f 110/5/2 119/2/2 126/3/2 111/4/2
f 126/6/3 127/7/3 112/8/3 111/9/3
f 123/10/2 122/11/2 114/12/2 115/13/2
f 117/10/1 130/11/1 116/12/1 113/13/1
f 122/14/4 117/15/4 113/16/4 114/17/4
f 130/18/3 123/15/3 115/16/3 116/19/3
f 128/3/3 125/16/3 124/20/3 129/21/3
f 134/22/5 137/23/5 132/24/5 120/25/5
f 120/26/4 132/27/4 131/20/4 121/28/4
f 140/29/5 143/30/5 117/31/5 122/32/5
f 132/33/1 128/34/1 129/20/1 131/35/1
f 135/36/6 134/37/6 120/38/6 125/39/6
f 125/40/2 120/16/2 121/41/2 124/35/2
f 141/42/6 140/43/6 122/44/6 123/45/6
f 126/46/7 119/47/7 133/48/7 136/49/7
f 136/50/2 133/51/2 134/52/2 135/53/2
f 119/47/8 118/54/8 138/49/8 133/48/8
f 133/55/4 138/56/4 137/57/4 134/58/4
f 124/59/7 121/60/7 139/61/7 142/62/7
f 142/63/2 139/64/2 140/65/2 141/66/2
f 121/67/8 131/68/8 144/69/8 139/70/8
f 139/71/4 144/65/4 143/64/4 140/72/4
f 109/9/4 118/73/4 119/3/4 110/74/4
f 148/1/1 163/2/1 154/3/1 145/4/1
f 146/5/2 155/2/2 162/3/2 147/4/2
f 162/6/3 163/7/3 148/8/3 147/9/3
f 159/10/2 158/11/2 150/12/2 151/13/2
f 153/10/1 166/11/1 152/12/1 149/13/1
f 158/14/4 153/15/4 149/16/4 150/17/4
f 166/18/3 159/15/3 151/16/3 152/19/3
f 164/3/3 161/16/3 160/20/3 165/21/3
f 170/22/5 173/23/5 168/24/5 156/25/5
f 156/26/4 168/27/4 167/20/4 157/28/4
f 176/29/5 179/30/5 153/31/5 158/32/5
f 168/33/1 164/34/1 165/20/1 167/35/1
f 171/36/6 170/37/6 156/38/6 161/39/6
f 161/40/2 156/16/2 157/41/2 160/35/2
f 177/42/6 176/43/6 158/44/6 159/45/6
f 162/46/7 155/47/7 169/48/7 172/49/7
f 172/50/2 169/51/2 170/52/2 171/53/2
f 155/47/8 154/54/8 174/49/8 169/48/8
f 169/55/4 174/56/4 173/57/4 170/58/4
f 160/59/7 157/60/7 175/61/7 178/62/7
f 178/63/2 175/64/2 176/65/2 177/66/2
f 157/67/8 167/68/8 180/69/8 175/70/8
f 175/71/4 180/65/4 179/64/4 176/72/4
f 145/9/4 154/73/4 155/3/4 146/74/4
f 184/1/1 199/2/1 190/3/1 181/4/1
f 182/5/2 191/2/2 198/3/2 183/4/2
f 198/6/3 199/7/3 184/8/3 183/9/3
f 195/10/2 194/11/2 186/12/2 187/13/2
f 189/10/1 202/11/1 188/12/1 185/13/1
f 194/14/4 189/15/4 185/16/4 186/17/4
f 202/18/3 195/15/3 187/16/3 188/19/3
f 200/3/3 197/16/3 196/20/3 201/21/3
f 206/22/5 209/23/5 204/24/5 192/25/5
f 192/26/4 204/27/4 203/20/4 193/28/4
f 212/29/5 215/30/5 189/31/5 194/32/5
f 204/33/1 200/34/1 201/20/1 203/35/1
f 207/36/6 206/37/6 192/38/6 197/39/6
f 197/40/2 192/16/2 193/41/2 196/35/2
f 213/42/6 212/43/6 194/44/6 195/45/6
f 198/46/7 191/47/7 205/48/7 208/49/7
f 208/50/2 205/51/2 206/52/2 207/53/2
f 191/47/8 190/54/8 210/49/8 205/48/8
f 205/55/4 210/56/4 209/57/4 206/58/4
f 196/59/7 193/60/7 211/61/7 214/62/7
f 214/63/2 211/64/2 212/65/2 213/66/2
f 193/67/8 203/68/8 216/69/8 211/70/8
f 211/71/4 216/65/4 215/64/4 212/72/4
f 181/9/4 190/73/4 191/3/4 182/74/4
f 220/1/1 235/2/1 226/3/1 217/4/1
f 218/5/2 227/2/2 234/3/2 219/4/2
f 234/6/3 235/7/3 220/8/3 219/9/3
f 231/10/2 230/11/2 222/12/2 223/13/2
f 225/10/1 238/11/1 224/12/1 221/13/1
f 230/14/4 225/15/4 221/16/4 222/17/4
f 238/18/3 231/15/3 223/16/3 224/19/3
f 236/3/3 233/16/3 232/20/3 237/21/3
f 242/22/5 245/23/5 240/24/5 228/25/5
f 228/26/4 240/27/4 239/20/4 229/28/4
f 248/29/5 251/30/5 225/31/5 230/32/5
f 240/33/1 236/34/1 237/20/1 239/35/1
f 243/36/6 242/37/6 228/38/6 233/39/6
f 233/40/2 228/16/2 229/41/2 232/35/2
f 249/42/6 248/43/6 230/44/6 231/45/6
f 234/46/7 227/47/7 241/48/7 244/49/7
f 244/50/2 241/51/2 242/52/2 243/53/2
f 227/47/8 226/54/8 246/49/8 241/48/8
f 241/55/4 246/56/4 245/57/4 242/58/4
f 232/59/7 229/60/7 247/61/7 250/62/7
f 250/63/2 247/64/2 248/65/2 249/66/2
f 229/67/8 239/68/8 252/69/8 247/70/8
f 247/71/4 252/65/4 251/64/4 248/72/4
f 217/9/4 226/73/4 227/3/4 218/74/4
f 256/1/1 271/2/1 262/3/1 253/4/1
f 254/5/2 263/2/2 270/3/2 255/4/2
f 270/6/3 271/7/3 256/8/3 255/9/3
f 267/10/2 266/11/2 258/12/2 259/13/2
f 261/10/1 274/11/1 260/12/1 257/13/1
f 266/14/4 261/15/4 257/16/4 258/17/4
f 274/18/3 267/15/3 259/16/3 260/19/3
f 272/3/3 269/16/3 268/20/3 273/21/3
f 278/22/5 281/23/5 276/24/5 264/25/5
f 264/26/4 276/27/4 275/20/4 265/28/4
f 284/29/5 287/30/5 261/31/5 266/32/5
f 276/33/1 272/34/1 273/20/1 275/35/1
f 279/36/6 278/37/6 264/38/6 269/39/6
f 269/40/2 264/16/2 265/41/2 268/35/2
f 285/42/6 284/43/6 266/44/6 267/45/6
f 270/46/7 263/47/7 277/48/7 280/49/7
f 280/50/2 277/51/2 278/52/2 279/53/2
f 263/47/8 262/54/8 282/49/8 277/48/8
f 277/55/4 282/56/4 281/57/4 278/58/4
f 268/59/7 265/60/7 283/61/7 286/62/7
f 286/63/2 283/64/2 284/65/2 285/66/2
f 265/67/8 275/68/8 288/69/8 283/70/8
f 283/71/4 288/65/4 287/64/4 284/72/4
f 253/9/4 262/73/4 263/3/4 254/74/4
f 292/1/1 307/2/1 298/3/1 289/4/1
f 290/5/2 299/2/2 306/3/2 291/4/2
f 306/6/3 307/7/3 292/8/3 291/9/3
f 303/10/2 302/11/2 294/12/2 295/13/2
f 297/10/1 310/11/1 296/12/1 293/13/1
f 302/14/4 297/15/4 293/16/4 294/17/4
f 310/18/3 303/15/3 295/16/3 296/19/3
f 308/3/3 305/16/3 304/20/3 309/21/3
f 314/22/5 317/23/5 312/24/5 300/25/5
f 300/26/4 312/27/4 311/20/4 301/28/4
f 320/29/5 323/30/5 297/31/5 302/32/5
f 312/33/1 308/34/1 309/20/1 311/35/1
f 315/36/6 314/37/6 300/38/6 305/39/6
f 305/40/2 300/16/2 301/41/2 304/35/2
f 321/42/6 320/43/6 302/44/6 303/45/6
f 306/46/7 299/47/7 313/48/7 316/49/7
f 316/50/2 313/51/2 314/52/2 315/53/2
f 299/47/8 298/54/8 318/49/8 313/48/8
f 313/55/4 318/56/4 317/57/4 314/58/4
f 304/59/7 301/60/7 319/61/7 322/62/7
f 322/63/2 319/64/2 320/65/2 321/66/2
f 301/67/9 311/68/9 324/69/9 319/70/9
f 319/71/4 324/65/4 323/64/4 320/72/4
f 289/9/4 298/73/4 299/3/4 290/74/4
f 328/1/1 343/2/1 334/3/1 325/4/1
f 326/5/2 335/2/2 342/3/2 327/4/2
f 342/6/3 343/7/3 328/8/3 327/9/3
f 339/10/2 338/11/2 330/12/2 331/13/2
f 333/10/1 346/11/1 332/12/1 329/13/1
f 338/14/4 333/15/4 329/16/4 330/17/4
f 346/18/3 339/15/3 331/16/3 332/19/3
f 344/3/3 341/16/3 340/20/3 345/21/3
f 350/22/5 353/23/5 348/24/5 336/25/5
f 336/26/4 348/27/4 347/20/4 337/28/4
f 356/29/5 359/30/5 333/31/5 338/32/5
f 348/33/1 344/34/1 345/20/1 347/35/1
f 351/36/6 350/37/6 336/38/6 341/39/6
f 341/40/2 336/16/2 337/41/2 340/35/2
f 357/42/6 356/43/6 338/44/6 339/45/6
f 342/46/7 335/47/7 349/48/7 352/49/7
f 352/50/2 349/51/2 350/52/2 351/53/2
f 335/47/8 334/54/8 354/49/8 349/48/8
f 349/55/4 354/56/4 353/57/4 350/58/4
f 340/59/7 337/60/7 355/61/7 358/62/7
f 358/63/2 355/64/2 356/65/2 357/66/2
f 337/67/9 347/68/9 360/69/9 355/70/9
f 355/71/4 360/65/4 359/64/4 356/72/4
f 325/9/4 334/73/4 335/3/4 326/74/4
f 364/1/1 379/2/1 370/3/1 361/4/1
f 362/5/2 371/2/2 378/3/2 363/4/2
f 378/6/3 379/7/3 364/8/3 363/9/3
f 375/10/2 374/11/2 366/12/2 367/13/2
f 369/10/1 382/11/1 368/12/1 365/13/1
f 374/14/4 369/15/4 365/16/4 366/17/4
f 382/18/3 375/15/3 367/16/3 368/19/3
f 380/3/3 377/16/3 376/20/3 381/21/3
f 386/22/5 389/23/5 384/24/5 372/25/5
f 372/26/4 384/27/4 383/20/4 373/28/4
f 392/29/5 395/30/5 369/31/5 374/32/5
f 384/33/1 380/34/1 381/20/1 383/35/1
f 387/36/6 386/37/6 372/38/6 377/39/6
f 377/40/2 372/16/2 373/41/2 376/35/2
f 393/42/6 392/43/6 374/44/6 375/45/6
f 378/46/7 371/47/7 385/48/7 388/49/7
f 388/50/2 385/51/2 386/52/2 387/53/2
f 371/47/8 370/54/8 390/49/8 385/48/8
f 385/55/4 390/56/4 389/57/4 386/58/4
f 376/59/7 373/60/7 391/61/7 394/62/7
f 394/63/2 391/64/2 392/65/2 393/66/2
f 373/67/9 383/68/9 396/69/9 391/70/9
f 391/71/4 396/65/4 395/64/4 392/72/4
f 361/9/4 370/73/4 371/3/4 362/74/4
f 400/1/1 415/2/1 406/3/1 397/4/1
f 398/5/2 407/2/2 414/3/2 399/4/2
f 414/6/3 415/7/3 400/8/3 399/9/3
f 411/10/2 410/11/2 402/12/2 403/13/2
f 405/10/1 418/11/1 404/12/1 401/13/1
f 410/14/4 405/15/4 401/16/4 402/17/4
f 418/18/3 411/15/3 403/16/3 404/19/3
f 416/3/3 413/16/3 412/20/3 417/21/3
f 422/22/5 425/23/5 420/24/5 408/25/5
f 408/26/4 420/27/4 419/20/4 409/28/4
f 428/29/5 431/30/5 405/31/5 410/32/5
f 420/33/1 416/34/1 417/20/1 419/35/1
f 423/36/6 422/37/6 408/38/6 413/39/6
f 413/40/2 408/16/2 409/41/2 412/35/2
f 429/42/6 428/43/6 410/44/6 411/45/6
f 414/46/7 407/47/7 421/48/7 424/49/7
f 424/50/2 421/51/2 422/52/2 423/53/2
f 407/47/8 406/54/8 426/49/8 421/48/8
f 421/55/4 426/56/4 425/57/4 422/58/4
f 412/59/7 409/60/7 427/61/7 430/62/7
f 430/63/2 427/64/2 428/65/2 429/66/2
f 409/67/9 419/68/9 432/69/9 427/70/9
f 427/71/4 432/65/4 431/64/4 428/72/4
f 397/9/4 406/73/4 407/3/4 398/74/4
f 436/1/1 451/2/1 442/3/1 433/4/1
f 434/5/2 443/2/2 450/3/2 435/4/2
f 450/6/3 451/7/3 436/8/3 435/9/3
f 447/10/2 446/11/2 438/12/2 439/13/2
f 441/10/1 454/11/1 440/12/1 437/13/1
f 446/14/4 441/15/4 437/16/4 438/17/4
f 454/18/3 447/15/3 439/16/3 440/19/3
f 452/3/3 449/16/3 448/20/3 453/21/3
f 458/22/5 461/23/5 456/24/5 444/25/5
f 444/26/4 456/27/4 455/20/4 445/28/4
f 464/29/5 467/30/5 441/31/5 446/32/5
f 456/33/1 452/34/1 453/20/1 455/35/1
f 459/36/6 458/37/6 444/38/6 449/39/6
f 449/40/2 444/16/2 445/41/2 448/35/2
f 465/42/6 464/43/6 446/44/6 447/45/6
f 450/46/7 443/47/7 457/48/7 460/49/7
f 460/50/2 457/51/2 458/52/2 459/53/2
f 443/47/8 442/54/8 462/49/8 457/48/8
f 457/55/4 462/56/4 461/57/4 458/58/4
f 448/59/7 445/60/7 463/61/7 466/62/7
f 466/63/2 463/64/2 464/65/2 465/66/2
f 445/67/9 455/68/9 468/69/9 463/70/9
f 463/71/4 468/65/4 467/64/4 464/72/4
f 433/9/4 442/73/4 443/3/4 434/74/4
f 472/1/1 487/2/1 478/3/1 469/4/1
f 470/5/2 479/2/2 486/3/2 471/4/2
f 486/6/3 487/7/3 472/8/3 471/9/3
f 483/10/2 482/11/2 474/12/2 475/13/2
f 477/10/1 490/11/1 476/12/1 473/13/1
f 482/14/4 477/15/4 473/16/4 474/17/4
f 490/18/3 483/15/3 475/16/3 476/19/3
f 488/3/3 485/16/3 484/20/3 489/21/3
f 494/22/5 497/23/5 492/24/5 480/25/5
f 480/26/4 492/27/4 491/20/4 481/28/4
f 500/29/5 503/30/5 477/31/5 482/32/5
f 492/33/1 488/34/1 489/20/1 491/35/1
f 495/36/6 494/37/6 480/38/6 485/39/6
f 485/40/2 480/16/2 481/41/2 484/35/2
f 501/42/6 500/43/6 482/44/6 483/45/6
f 486/46/7 479/47/7 493/48/7 496/49/7
f 496/50/2 493/51/2 494/52/2 495/53/2
f 479/47/8 478/54/8 498/49/8 493/48/8
f 493/55/4 498/56/4 497/57/4 494/58/4
f 484/59/7 481/60/7 499/61/7 502/62/7
f 502/63/2 499/64/2 500/65/2 501/66/2
f 481/67/9 491/68/9 504/69/9 499/70/9
f 499/71/4 504/65/4 503/64/4 500/72/4
f 469/9/4 478/73/4 479/3/4 470/74/4
f 507/75/4 508/76/4 506/77/4 505/78/4
f 510/79/4 511/80/4 512/81/4 509/82/4
f 508/83/10 507/84/10 509/82/10 512/81/10
f 515/75/4 516/76/4 514/77/4 513/78/4
f 518/79/4 519/80/4 520/81/4 517/82/4
f 516/83/10 515/84/10 517/82/10 520/81/10
f 523/75/4 524/76/4 522/77/4 521/78/4
f 526/79/4 527/80/4 528/81/4 525/82/4
f 524/83/10 523/84/10 525/82/10 528/81/10
f 531/75/4 532/76/4 530/77/4 529/78/4
f 534/79/4 535/80/4 536/81/4 533/82/4
f 532/83/10 531/84/10 533/82/10 536/81/10
f 540/85/4 539/86/4 537/87/4 538/88/4
f 544/85/11 543/86/11 541/87/11 542/88/11
f 546/89/3 545/90/3 547/91/3 556/92/3
f 545/93/1 548/94/1 550/95/1 547/96/1
f 548/89/4 549/90/4 552/97/4 550/98/4
f 547/96/12 550/95/12 551/99/12 555/100/12
f 550/98/13 552/97/13 553/101/13 551/102/13
f 553/103/10 554/104/10 555/105/10 551/106/10
f 556/92/14 547/91/14 555/107/14 554/108/14
f 557/109/4 558/110/4 561/111/4 559/112/4
f 559/112/13 561/111/13 562/113/13 560/114/13
f 561/115/15 563/116/15 566/117/15 562/118/15
f 563/116/2 561/115/2 558/119/2 564/94/2
f 564/120/3 568/121/3 565/122/3 563/123/3
f 563/123/14 565/122/14 567/124/14 566/125/14
f 562/126/10 566/127/10 567/128/10 560/129/10
f 570/130/4 573/131/4 572/132/4 569/133/4
f 571/134/10 569/135/10 572/136/10 574/137/10
f 576/136/3 571/138/3 574/139/3 575/140/3
f 579/141/12 577/142/12 578/143/12 588/144/12
f 577/145/13 580/146/13 587/147/13 578/148/13
f 579/141/1 583/149/1 581/150/1 577/142/1
f 581/151/4 582/152/4 580/146/4 577/145/4
f 584/153/3 583/152/3 579/146/3 585/154/3
f 582/155/2 584/150/2 585/156/2 580/157/2
f 585/154/14 579/146/14 588/158/14 586/159/14
f 580/157/15 585/156/15 586/160/15 587/161/15
f 587/162/10 586/163/10 588/164/10 578/165/10
f 589/166/3 590/167/3 592/168/3 591/169/3
f 590/167/10 595/170/10 593/171/10 592/168/10
f 595/172/4 596/173/4 594/174/4 593/175/4
f 599/176/14 597/116/14 598/177/14 608/178/14
f 597/179/12 600/116/12 607/180/12 598/181/12
f 602/182/3 601/94/3 597/116/3 599/176/3
f 600/116/1 597/179/1 601/183/1 603/184/1
f 603/182/4 604/94/4 605/95/4 600/185/4
f 602/186/2 599/95/2 605/187/2 604/188/2
f 600/185/13 605/95/13 606/189/13 607/190/13
f 605/187/15 599/95/15 608/180/15 606/191/15
f 606/192/10 608/178/10 598/177/10 607/193/10
f 609/194/3 610/195/3 612/196/3 611/197/3
f 610/195/10 615/198/10 613/199/10 612/196/10
f 616/200/4 614/201/4 613/202/4 615/203/4
f 543/86/10 544/85/10 618/85/10 617/86/10
f 619/204/2 620/205/2 623/206/2 621/207/2
f 628/208/16 622/209/16 621/207/16 623/206/16
f 624/210/17 621/211/17 622/212/17 625/213/17
f 622/209/4 628/208/4 626/214/4 625/215/4
f 623/216/8 627/217/8 626/218/8 628/219/8
f 631/220/1 633/221/1 630/222/1 629/223/1
f 632/224/18 638/225/18 633/221/18 631/220/18
f 631/226/5 634/227/5 635/228/5 632/229/5
f 635/230/4 636/231/4 638/225/4 632/224/4
f 637/232/8 633/233/8 638/234/8 636/235/8
f 641/236/1 643/237/1 640/238/1 639/239/1
f 641/240/17 644/211/17 645/241/17 642/242/17
f 642/243/18 650/244/18 643/237/18 641/236/18
f 649/245/16 645/246/16 644/247/16 646/248/16
f 647/249/2 648/250/2 646/248/2 644/247/2
f 646/251/8 643/252/8 650/253/8 649/254/8
f 645/246/4 649/245/4 650/244/4 642/243/4
f 653/255/1 655/256/1 652/257/1 651/258/1
f 653/240/17 656/211/17 657/241/17 654/242/17
f 654/259/18 662/260/18 655/261/18 653/262/18
f 661/259/16 657/260/16 656/261/16 658/262/16
f 659/257/2 660/258/2 658/255/2 656/263/2
f 658/262/8 655/261/8 662/264/8 661/265/8
f 657/266/4 661/267/4 662/268/4 654/269/4
f 666/85/4 665/86/4 663/87/4 664/88/4
f 670/85/11 669/86/11 667/87/11 668/88/11
f 672/89/3 671/90/3 673/91/3 682/92/3
f 671/93/1 674/94/1 676/95/1 673/96/1
f 674/89/4 675/90/4 678/97/4 676/98/4
f 673/96/12 676/95/12 677/99/12 681/100/12
f 676/98/13 678/97/13 679/101/13 677/102/13
f 679/103/10 680/104/10 681/105/10 677/106/10
f 682/92/14 673/91/14 681/107/14 680/108/14
f 683/109/4 684/110/4 687/111/4 685/112/4
f 685/112/13 687/111/13 688/113/13 686/114/13
f 687/115/15 689/116/15 692/117/15 688/118/15
f 689/116/2 687/115/2 684/119/2 690/94/2
f 690/120/3 694/121/3 691/122/3 689/123/3
f 689/123/14 691/122/14 693/124/14 692/125/14
f 688/126/10 692/127/10 693/128/10 686/129/10
f 696/130/4 699/131/4 698/132/4 695/133/4
f 697/134/10 695/135/10 698/136/10 700/137/10
f 702/136/3 697/138/3 700/139/3 701/140/3
f 705/141/12 703/142/12 704/143/12 714/144/12
f 703/145/13 706/146/13 713/147/13 704/148/13
f 705/141/1 709/149/1 707/150/1 703/142/1
f 707/151/4 708/152/4 706/146/4 703/145/4
f 710/153/3 709/152/3 705/146/3 711/154/3
f 708/155/2 710/150/2 711/156/2 706/157/2
f 711/154/14 705/146/14 714/158/14 712/159/14
f 706/157/15 711/156/15 712/160/15 713/161/15
f 713/162/10 712/163/10 714/164/10 704/165/10
f 715/166/3 716/167/3 718/168/3 717/169/3
f 716/167/10 721/170/10 719/171/10 718/168/10
f 721/172/4 722/173/4 720/174/4 719/175/4
f 725/176/14 723/116/14 724/177/14 734/178/14
f 723/179/12 726/116/12 733/180/12 724/181/12
f 728/182/3 727/94/3 723/116/3 725/176/3
f 726/116/1 723/179/1 727/183/1 729/184/1
f 729/182/4 730/94/4 731/95/4 726/185/4
f 728/186/2 725/95/2 731/187/2 730/188/2
f 726/185/13 731/95/13 732/189/13 733/190/13
f 731/187/15 725/95/15 734/180/15 732/191/15
f 732/192/10 734/178/10 724/177/10 733/193/10
f 735/194/3 736/195/3 738/196/3 737/197/3
f 736/195/10 741/198/10 739/199/10 738/196/10
f 742/200/4 740/201/4 739/202/4 741/203/4
f 669/86/10 670/85/10 744/85/10 743/86/10
f 745/204/2 746/205/2 749/206/2 747/207/2
f 754/208/16 748/209/16 747/207/16 749/206/16
f 750/210/17 747/211/17 748/212/17 751/213/17
f 748/209/4 754/208/4 752/214/4 751/215/4
f 749/216/8 753/217/8 752/218/8 754/219/8
f 757/220/1 759/221/1 756/222/1 755/223/1
f 758/224/18 764/225/18 759/221/18 757/220/18
f 757/226/5 760/227/5 761/228/5 758/229/5
f 761/230/4 762/231/4 764/225/4 758/224/4
f 763/232/8 759/233/8 764/234/8 762/235/8
f 767/236/1 769/237/1 766/238/1 765/239/1
f 767/240/17 770/211/17 771/241/17 768/242/17
f 768/243/18 776/244/18 769/237/18 767/236/18
f 775/245/16 771/246/16 770/247/16 772/248/16
f 773/249/2 774/250/2 772/248/2 770/247/2
f 772/251/8 769/252/8 776/253/8 775/254/8
f 771/246/4 775/245/4 776/244/4 768/243/4
f 779/255/1 781/256/1 778/257/1 777/258/1
f 779/240/17 782/211/17 783/241/17 780/242/17
f 780/259/18 788/260/18 781/261/18 779/262/18
f 787/259/16 783/260/16 782/261/16 784/262/16
f 785/257/2 786/258/2 784/255/2 782/263/2
f 784/262/19 781/261/19 788/264/19 787/265/19
f 783/266/4 787/267/4 788/268/4 780/269/4
f 810/270/4 809/271/4 811/272/4 812/273/4
f 806/274/4 805/275/4 807/276/4 808/277/4
f 802/278/4 801/279/4 803/280/4 804/281/4
f 814/282/1 813/283/1 801/284/1 802/285/1
f 815/286/2 816/287/2 804/288/2 803/289/2
f 818/286/1 817/290/1 805/288/1 806/291/1
f 819/286/2 820/287/2 808/288/2 807/289/2
f 822/292/1 821/293/1 809/294/1 810/295/1
f 823/286/2 824/287/2 812/288/2 811/289/2
f 806/274/20 808/277/20 820/296/20 818/297/20
f 810/270/20 812/273/20 824/298/20 822/299/20
f 802/278/20 804/281/20 816/300/20 814/301/20
f 821/302/21 823/303/21 811/272/21 809/271/21
f 817/304/21 819/305/21 807/276/21 805/275/21
f 813/306/21 815/307/21 803/280/21 801/279/21
f 793/308/4 815/309/4 813/310/4 800/311/4
f 791/312/4 800/311/4 813/310/4 814/313/4
f 799/314/4 791/312/4 814/313/4 816/315/4
f 815/309/4 793/308/4 794/316/4 817/317/4
f 816/315/4 815/309/4 817/317/4 818/318/4
f 799/314/4 816/315/4 818/318/4 798/319/4
f 795/320/4 819/321/4 817/317/4 794/316/4
f 797/322/4 798/319/4 818/318/4 820/323/4
f 819/321/4 795/320/4 796/324/4 821/325/4
f 820/323/4 819/321/4 821/325/4 822/326/4
f 797/322/4 820/323/4 822/326/4 792/327/4
f 790/328/4 823/329/4 821/325/4 796/324/4
f 792/327/4 822/326/4 824/330/4 789/331/4
f 824/330/4 823/329/4 790/328/4 789/331/4
f 825/332/2 826/333/2 829/334/2 827/335/2
f 830/336/5 827/337/5 828/338/5 831/339/5
f 834/340/16 828/341/16 827/335/16 829/334/16
f 828/341/4 834/340/4 832/342/4 831/343/4
f 829/344/8 833/345/8 832/346/8 834/347/8
f 826/348/10 835/349/10 833/345/10 829/344/10
f 838/350/1 840/351/1 837/332/1 836/352/1
f 838/353/5 841/336/5 842/354/5 839/355/5
f 839/356/18 845/357/18 840/351/18 838/350/18
f 842/358/4 843/359/4 845/357/4 839/356/4
f 844/360/8 840/361/8 845/362/8 843/363/8
f 846/364/10 837/365/10 840/361/10 844/360/10
f 847/366/2 848/367/2 851/350/2 849/351/2
f 852/336/5 849/368/5 850/338/5 853/339/5
f 856/369/16 850/370/16 849/351/16 851/350/16
f 850/370/4 856/369/4 854/342/4 853/371/4
f 851/372/8 855/373/8 854/346/8 856/374/8
f 848/375/10 857/349/10 855/373/10 851/372/10
f 860/376/1 862/377/1 859/378/1 858/379/1
f 860/337/5 863/380/5 864/339/5 861/355/5
f 861/381/18 867/382/18 862/377/18 860/376/18
f 864/383/4 865/384/4 867/382/4 861/381/4
f 866/385/8 862/386/8 867/387/8 865/388/8
f 868/389/10 859/269/10 862/386/10 866/385/10
f 871/390/1 873/391/1 870/392/1 869/393/1
f 871/394/5 874/395/5 875/396/5 872/397/5
f 872/398/18 880/399/18 873/391/18 871/390/18
f 879/400/16 875/401/16 874/402/16 876/403/16
f 877/404/2 878/405/2 876/403/2 874/402/2
f 878/268/10 870/406/10 873/407/10 876/408/10
f 876/408/8 873/407/8 880/409/8 879/410/8
f 875/401/4 879/400/4 880/399/4 872/398/4
f 883/411/1 885/412/1 882/413/1 881/393/1
f 883/414/5 886/415/5 887/416/5 884/417/5
f 884/417/18 892/418/18 885/412/18 883/411/18
f 891/419/16 887/420/16 886/421/16 888/403/16
f 889/422/2 890/423/2 888/403/2 886/421/2
f 890/424/10 882/425/10 885/426/10 888/427/10
f 888/427/8 885/426/8 892/428/8 891/429/8
f 887/420/4 891/419/4 892/418/4 884/417/4
f 895/430/1 897/402/1 894/431/1 893/432/1
f 895/394/5 898/433/5 899/254/5 896/397/5
f 896/434/18 904/435/18 897/402/18 895/430/18
f 903/398/16 899/436/16 898/391/16 900/437/16
f 901/438/2 902/393/2 900/437/2 898/391/2
f 902/439/10 894/440/10 897/441/10 900/442/10
f 900/442/8 897/441/8 904/443/8 903/444/8
f 899/436/4 903/398/4 904/435/4 896/434/4
f 907/445/1 909/446/1 906/447/1 905/448/1
f 907/394/5 910/433/5 911/396/5 908/397/5
f 908/449/18 916/450/18 909/446/18 907/445/18
f 915/451/16 911/452/16 910/412/16 912/453/16
f 913/454/2 914/455/2 912/453/2 910/412/2
f 914/456/10 906/457/10 909/458/10 912/459/10
f 912/459/8 909/458/8 916/460/8 915/461/8
f 911/452/4 915/451/4 916/450/4 908/449/4
f 938/270/4 937/271/4 939/272/4 940/273/4
f 934/274/4 933/275/4 935/276/4 936/277/4
f 930/278/4 929/279/4 931/280/4 932/281/4
f 942/282/1 941/283/1 929/284/1 930/285/1
f 943/286/2 944/287/2 932/288/2 931/289/2
f 946/286/1 945/290/1 933/288/1 934/291/1
f 947/286/2 948/287/2 936/288/2 935/289/2
f 950/292/1 949/293/1 937/294/1 938/295/1
f 951/286/2 952/287/2 940/288/2 939/289/2
f 934/274/20 936/277/20 948/296/20 946/297/20
f 938/270/20 940/273/20 952/298/20 950/299/20
f 930/278/20 932/281/20 944/300/20 942/301/20
f 949/302/21 951/303/21 939/272/21 937/271/21
f 945/304/21 947/305/21 935/276/21 933/275/21
f 941/306/21 943/307/21 931/280/21 929/279/21
f 921/308/4 943/309/4 941/310/4 928/311/4
f 919/312/4 928/311/4 941/310/4 942/313/4
f 927/314/4 919/312/4 942/313/4 944/315/4
f 943/309/4 921/308/4 922/316/4 945/317/4
f 944/315/4 943/309/4 945/317/4 946/318/4
f 927/314/4 944/315/4 946/318/4 926/319/4
f 923/320/4 947/321/4 945/317/4 922/316/4
f 925/322/4 926/319/4 946/318/4 948/323/4
f 947/321/4 923/320/4 924/324/4 949/325/4
f 948/323/4 947/321/4 949/325/4 950/326/4
f 925/322/4 948/323/4 950/326/4 920/327/4
f 918/328/4 951/329/4 949/325/4 924/324/4
f 920/327/4 950/326/4 952/330/4 917/331/4
f 952/330/4 951/329/4 918/328/4 917/331/4
f 953/332/2 954/333/2 957/334/2 955/335/2
f 958/336/5 955/337/5 956/338/5 959/339/5
f 962/340/16 956/341/16 955/335/16 957/334/16
f 956/341/4 962/340/4 960/342/4 959/343/4
f 957/344/8 961/345/8 960/346/8 962/347/8
f 954/348/10 963/349/10 961/345/10 957/344/10
f 966/350/1 968/351/1 965/332/1 964/352/1
f 966/353/5 969/336/5 970/354/5 967/355/5
f 967/356/18 973/357/18 968/351/18 966/350/18
f 970/358/4 971/359/4 973/357/4 967/356/4
f 972/360/8 968/361/8 973/362/8 971/363/8
f 974/364/10 965/365/10 968/361/10 972/360/10
f 975/366/2 976/367/2 979/350/2 977/351/2
f 980/336/5 977/368/5 978/338/5 981/339/5
f 984/369/16 978/370/16 977/351/16 979/350/16
f 978/370/4 984/369/4 982/342/4 981/371/4
f 979/372/8 983/373/8 982/346/8 984/374/8
f 976/375/10 985/349/10 983/373/10 979/372/10
f 988/376/1 990/377/1 987/378/1 986/379/1
f 988/337/5 991/380/5 992/339/5 989/355/5
f 989/381/18 995/382/18 990/377/18 988/376/18
f 992/383/4 993/384/4 995/382/4 989/381/4
f 994/385/8 990/386/8 995/387/8 993/388/8
f 996/389/10 987/269/10 990/386/10 994/385/10
f 999/390/1 1001/391/1 998/392/1 997/393/1
f 999/394/5 1002/395/5 1003/396/5 1000/397/5
f 1000/398/18 1008/399/18 1001/391/18 999/390/18
f 1007/400/16 1003/401/16 1002/402/16 1004/403/16
f 1005/404/2 1006/405/2 1004/403/2 1002/402/2
f 1006/268/10 998/406/10 1001/407/10 1004/408/10
f 1004/408/8 1001/407/8 1008/409/8 1007/410/8
f 1003/401/4 1007/400/4 1008/399/4 1000/398/4
f 1011/411/1 1013/412/1 1010/413/1 1009/393/1
f 1011/414/5 1014/415/5 1015/416/5 1012/417/5
f 1012/417/18 1020/418/18 1013/412/18 1011/411/18
f 1019/419/16 1015/420/16 1014/421/16 1016/403/16
f 1017/422/2 1018/423/2 1016/403/2 1014/421/2
f 1018/424/10 1010/425/10 1013/426/10 1016/427/10
f 1016/427/8 1013/426/8 1020/428/8 1019/429/8
f 1015/420/4 1019/419/4 1020/418/4 1012/417/4
f 1023/430/1 1025/402/1 1022/431/1 1021/432/1
f 1023/394/5 1026/433/5 1027/254/5 1024/397/5
f 1024/434/18 1032/435/18 1025/402/18 1023/430/18
f 1031/398/16 1027/436/16 1026/391/16 1028/437/16
f 1029/438/2 1030/393/2 1028/437/2 1026/391/2
f 1030/439/10 1022/440/10 1025/441/10 1028/442/10
f 1028/442/8 1025/441/8 1032/443/8 1031/444/8
f 1027/436/4 1031/398/4 1032/435/4 1024/434/4
f 1035/445/1 1037/446/1 1034/447/1 1033/448/1
f 1035/394/5 1038/433/5 1039/396/5 1036/397/5
f 1036/449/18 1044/450/18 1037/446/18 1035/445/18
f 1043/451/16 1039/452/16 1038/412/16 1040/453/16
f 1041/454/2 1042/455/2 1040/453/2 1038/412/2
f 1042/456/10 1034/457/10 1037/458/10 1040/459/10
f 1040/459/8 1037/458/8 1044/460/8 1043/461/8
f 1039/452/4 1043/451/4 1044/450/4 1036/449/4
f 1066/270/4 1065/271/4 1067/272/4 1068/273/4
f 1062/274/4 1061/275/4 1063/276/4 1064/277/4
f 1058/278/4 1057/279/4 1059/280/4 1060/281/4
f 1070/282/1 1069/283/1 1057/284/1 1058/285/1
f 1071/286/2 1072/287/2 1060/288/2 1059/289/2
f 1074/286/1 1073/290/1 1061/288/1 1062/291/1
f 1075/286/2 1076/287/2 1064/288/2 1063/289/2
f 1078/292/1 1077/293/1 1065/294/1 1066/295/1
f 1079/286/2 1080/287/2 1068/288/2 1067/289/2
f 1062/274/20 1064/277/20 1076/296/20 1074/297/20
f 1066/270/20 1068/273/20 1080/298/20 1078/299/20
f 1058/278/20 1060/281/20 1072/300/20 1070/301/20
f 1077/302/21 1079/303/21 1067/272/21 1065/271/21
f 1073/304/21 1075/305/21 1063/276/21 1061/275/21
f 1069/306/21 1071/307/21 1059/280/21 1057/279/21
f 1049/308/4 1071/309/4 1069/310/4 1056/311/4
f 1047/312/4 1056/311/4 1069/310/4 1070/313/4
f 1055/314/4 1047/312/4 1070/313/4 1072/315/4
f 1071/309/4 1049/308/4 1050/316/4 1073/317/4
f 1072/315/4 1071/309/4 1073/317/4 1074/318/4
f 1055/314/4 1072/315/4 1074/318/4 1054/319/4
f 1051/320/4 1075/321/4 1073/317/4 1050/316/4
f 1053/322/4 1054/319/4 1074/318/4 1076/323/4
f 1075/321/4 1051/320/4 1052/324/4 1077/325/4
f 1076/323/4 1075/321/4 1077/325/4 1078/326/4
f 1053/322/4 1076/323/4 1078/326/4 1048/327/4
f 1046/328/4 1079/329/4 1077/325/4 1052/324/4
f 1048/327/4 1078/326/4 1080/330/4 1045/331/4
f 1080/330/4 1079/329/4 1046/328/4 1045/331/4
f 1081/332/2 1082/333/2 1085/334/2 1083/335/2
f 1086/336/5 1083/337/5 1084/338/5 1087/339/5
f 1090/340/16 1084/341/16 1083/335/16 1085/334/16
f 1084/341/4 1090/340/4 1088/342/4 1087/343/4
f 1085/344/8 1089/345/8 1088/346/8 1090/347/8
f 1082/348/10 1091/349/10 1089/345/10 1085/344/10
f 1094/350/1 1096/351/1 1093/332/1 1092/352/1
f 1094/353/5 1097/336/5 1098/354/5 1095/355/5
f 1095/356/18 1101/357/18 1096/351/18 1094/350/18
f 1098/358/4 1099/359/4 1101/357/4 1095/356/4
f 1100/360/8 1096/361/8 1101/362/8 1099/363/8
f 1102/364/10 1093/365/10 1096/361/10 1100/360/10
f 1103/366/2 1104/367/2 1107/350/2 1105/351/2
f 1108/336/5 1105/368/5 1106/338/5 1109/339/5
f 1112/369/16 1106/370/16 1105/351/16 1107/350/16
f 1106/370/4 1112/369/4 1110/342/4 1109/371/4
f 1107/372/8 1111/373/8 1110/346/8 1112/374/8
f 1104/375/10 1113/349/10 1111/373/10 1107/372/10
f 1116/376/1 1118/377/1 1115/378/1 1114/379/1
f 1116/337/5 1119/380/5 1120/339/5 1117/355/5
f 1117/381/18 1123/382/18 1118/377/18 1116/376/18
f 1120/383/4 1121/384/4 1123/382/4 1117/381/4
f 1122/385/8 1118/386/8 1123/387/8 1121/388/8
f 1124/389/10 1115/269/10 1118/386/10 1122/385/10
f 1127/390/1 1129/391/1 1126/392/1 1125/393/1
f 1127/394/5 1130/395/5 1131/396/5 1128/397/5
f 1128/398/18 1136/399/18 1129/391/18 1127/390/18
f 1135/400/16 1131/401/16 1130/402/16 1132/403/16
f 1133/404/2 1134/405/2 1132/403/2 1130/402/2
f 1134/268/10 1126/406/10 1129/407/10 1132/408/10
f 1132/408/8 1129/407/8 1136/409/8 1135/410/8
f 1131/401/4 1135/400/4 1136/399/4 1128/398/4
f 1139/411/1 1141/412/1 1138/413/1 1137/393/1
f 1139/414/5 1142/415/5 1143/416/5 1140/417/5
f 1140/417/18 1148/418/18 1141/412/18 1139/411/18
f 1147/419/16 1143/420/16 1142/421/16 1144/403/16
f 1145/422/2 1146/423/2 1144/403/2 1142/421/2
f 1146/424/10 1138/425/10 1141/426/10 1144/427/10
f 1144/427/8 1141/426/8 1148/428/8 1147/429/8
f 1143/420/4 1147/419/4 1148/418/4 1140/417/4
f 1151/430/1 1153/402/1 1150/431/1 1149/432/1
f 1151/394/5 1154/433/5 1155/254/5 1152/397/5
f 1152/434/18 1160/435/18 1153/402/18 1151/430/18
f 1159/398/16 1155/436/16 1154/391/16 1156/437/16
f 1157/438/2 1158/393/2 1156/437/2 1154/391/2
f 1158/439/10 1150/440/10 1153/441/10 1156/442/10
f 1156/442/8 1153/441/8 1160/443/8 1159/444/8
f 1155/436/4 1159/398/4 1160/435/4 1152/434/4
f 1163/445/1 1165/446/1 1162/447/1 1161/448/1
f 1163/394/5 1166/433/5 1167/396/5 1164/397/5
f 1164/449/18 1172/450/18 1165/446/18 1163/445/18
f 1171/451/16 1167/452/16 1166/412/16 1168/453/16
f 1169/454/2 1170/455/2 1168/453/2 1166/412/2
f 1170/456/10 1162/457/10 1165/458/10 1168/459/10
f 1168/459/8 1165/458/8 1172/460/8 1171/461/8
f 1167/452/4 1171/451/4 1172/450/4 1164/449/4
f 1174/462/1 1175/463/1 1176/464/1 1173/465/1
f 1177/466/4 1179/467/4 1180/468/4 1178/469/4
f 1183/470/1 1185/421/1 1182/404/1 1181/405/1
f 1183/433/5 1186/471/5 1187/472/5 1184/417/5
f 1184/473/18 1192/401/18 1185/421/18 1183/470/18
f 1191/474/16 1187/452/16 1186/412/16 1188/475/16
f 1189/476/2 1190/477/2 1188/475/2 1186/412/2
f 1190/439/10 1182/440/10 1185/441/10 1188/478/10
f 1188/478/8 1185/441/8 1192/479/8 1191/480/8
f 1187/452/4 1191/474/4 1192/401/4 1184/473/4
f 1195/430/1 1197/421/1 1194/481/1 1193/432/1
f 1195/414/5 1198/415/5 1199/482/5 1196/483/5
f 1196/473/18 1204/401/18 1197/421/18 1195/430/18
f 1203/398/16 1199/399/16 1198/484/16 1200/485/16
f 1201/413/2 1202/477/2 1200/485/2 1198/484/2
f 1202/486/10 1194/425/10 1197/426/10 1200/427/10
f 1200/427/8 1197/426/8 1204/428/8 1203/429/8
f 1199/399/4 1203/398/4 1204/401/4 1196/473/4
f 1207/470/1 1209/402/1 1206/487/1 1205/488/1
f 1207/394/5 1210/395/5 1211/396/5 1208/397/5
f 1208/473/18 1216/489/18 1209/402/18 1207/470/18
f 1215/451/16 1211/399/16 1210/391/16 1212/411/16
f 1213/413/2 1214/490/2 1212/411/2 1210/391/2
f 1214/491/10 1206/440/10 1209/441/10 1212/478/10
f 1212/478/8 1209/441/8 1216/479/8 1215/429/8
f 1211/399/4 1215/451/4 1216/489/4 1208/473/4
f 1219/492/1 1221/412/1 1218/493/1 1217/494/1
f 1219/414/5 1222/495/5 1223/482/5 1220/483/5
f 1220/483/18 1228/496/18 1221/412/18 1219/492/18
f 1227/400/16 1223/497/16 1222/421/16 1224/430/16
f 1225/404/2 1226/405/2 1224/430/2 1222/421/2
f 1226/498/10 1218/499/10 1221/500/10 1224/501/10
f 1224/501/8 1221/500/8 1228/502/8 1227/503/8
f 1223/497/4 1227/400/4 1228/496/4 1220/483/4
f 1230/504/1 1232/505/1 1233/506/1 1229/507/1
f 1231/508/10 1234/509/10 1232/510/10 1230/511/10
f 1235/466/4 1237/467/4 1238/468/4 1236/469/4
f 1241/470/1 1243/421/1 1240/404/1 1239/405/1
f 1242/473/18 1250/401/18 1243/421/18 1241/470/18
f 1241/433/5 1244/471/5 1245/472/5 1242/417/5
f 1249/474/16 1245/452/16 1244/412/16 1246/475/16
f 1247/476/2 1248/477/2 1246/475/2 1244/412/2
f 1248/439/10 1240/440/10 1243/441/10 1246/478/10
f 1246/478/8 1243/441/8 1250/479/8 1249/480/8
f 1245/452/4 1249/474/4 1250/401/4 1242/473/4
f 1253/430/1 1255/421/1 1252/481/1 1251/432/1
f 1254/473/18 1262/401/18 1255/421/18 1253/430/18
f 1253/414/5 1256/415/5 1257/482/5 1254/483/5
f 1261/398/16 1257/399/16 1256/484/16 1258/485/16
f 1259/413/2 1260/477/2 1258/485/2 1256/484/2
f 1260/486/10 1252/425/10 1255/426/10 1258/427/10
f 1258/427/8 1255/426/8 1262/428/8 1261/429/8
f 1257/399/4 1261/398/4 1262/401/4 1254/473/4
f 1265/470/1 1267/402/1 1264/487/1 1263/488/1
f 1266/473/18 1274/489/18 1267/402/18 1265/470/18
f 1265/394/5 1268/395/5 1269/396/5 1266/397/5
f 1273/451/16 1269/399/16 1268/391/16 1270/411/16
f 1271/413/2 1272/490/2 1270/411/2 1268/391/2
f 1272/491/10 1264/440/10 1267/441/10 1270/478/10
f 1270/478/8 1267/441/8 1274/479/8 1273/429/8
f 1269/399/4 1273/451/4 1274/489/4 1266/473/4
f 1277/492/1 1279/412/1 1276/493/1 1275/494/1
f 1278/512/18 1286/496/18 1279/412/18 1277/492/18
f 1277/414/5 1280/495/5 1281/482/5 1278/512/5
f 1285/400/16 1281/497/16 1280/421/16 1282/430/16
f 1283/404/2 1284/405/2 1282/430/2 1280/421/2
f 1284/498/10 1276/499/10 1279/500/10 1282/501/10
f 1282/501/8 1279/500/8 1286/502/8 1285/503/8
f 1281/497/4 1285/400/4 1286/496/4 1278/512/4
f 1308/270/4 1307/271/4 1309/272/4 1310/273/4
f 1304/274/4 1303/275/4 1305/276/4 1306/277/4
f 1300/278/4 1299/279/4 1301/280/4 1302/281/4
f 1312/282/1 1311/283/1 1299/284/1 1300/285/1
f 1313/286/2 1314/287/2 1302/288/2 1301/289/2
f 1316/286/1 1315/290/1 1303/288/1 1304/291/1
f 1317/286/2 1318/287/2 1306/288/2 1305/289/2
f 1320/292/1 1319/293/1 1307/294/1 1308/295/1
f 1321/286/2 1322/287/2 1310/288/2 1309/289/2
f 1304/274/20 1306/277/20 1318/296/20 1316/297/20
f 1308/270/20 1310/273/20 1322/298/20 1320/299/20
f 1300/278/20 1302/281/20 1314/300/20 1312/301/20
f 1319/302/21 1321/303/21 1309/272/21 1307/271/21
f 1315/304/21 1317/305/21 1305/276/21 1303/275/21
f 1311/306/21 1313/307/21 1301/280/21 1299/279/21
f 1291/308/4 1313/309/4 1311/310/4 1298/311/4
f 1289/312/4 1298/311/4 1311/310/4 1312/313/4
f 1297/314/4 1289/312/4 1312/313/4 1314/315/4
f 1313/309/4 1291/308/4 1292/316/4 1315/317/4
f 1314/315/4 1313/309/4 1315/317/4 1316/318/4
f 1297/314/4 1314/315/4 1316/318/4 1296/319/4
f 1293/320/4 1317/321/4 1315/317/4 1292/316/4
f 1295/322/4 1296/319/4 1316/318/4 1318/323/4
f 1317/321/4 1293/320/4 1294/324/4 1319/325/4
f 1318/323/4 1317/321/4 1319/325/4 1320/326/4
f 1295/322/4 1318/323/4 1320/326/4 1290/327/4
f 1288/328/4 1321/329/4 1319/325/4 1294/324/4
f 1290/327/4 1320/326/4 1322/330/4 1287/331/4
f 1322/330/4 1321/329/4 1288/328/4 1287/331/4
f 1323/332/2 1324/333/2 1327/334/2 1325/335/2
f 1328/336/5 1325/337/5 1326/338/5 1329/339/5
f 1332/340/16 1326/341/16 1325/335/16 1327/334/16
f 1326/341/4 1332/340/4 1330/342/4 1329/343/4
f 1327/344/8 1331/345/8 1330/346/8 1332/347/8
f 1324/348/10 1333/349/10 1331/345/10 1327/344/10
f 1336/350/1 1338/351/1 1335/332/1 1334/352/1
f 1336/353/5 1339/336/5 1340/354/5 1337/355/5
f 1337/356/18 1343/357/18 1338/351/18 1336/350/18
f 1340/358/4 1341/359/4 1343/357/4 1337/356/4
f 1342/360/8 1338/361/8 1343/362/8 1341/363/8
f 1344/364/10 1335/365/10 1338/361/10 1342/360/10
f 1345/366/2 1346/367/2 1349/350/2 1347/351/2
f 1350/336/5 1347/368/5 1348/338/5 1351/339/5
f 1354/369/16 1348/370/16 1347/351/16 1349/350/16
f 1348/370/4 1354/369/4 1352/342/4 1351/371/4
f 1349/372/8 1353/373/8 1352/346/8 1354/374/8
f 1346/375/10 1355/349/10 1353/373/10 1349/372/10
f 1358/376/1 1360/377/1 1357/378/1 1356/379/1
f 1358/337/5 1361/380/5 1362/339/5 1359/355/5
f 1359/381/18 1365/382/18 1360/377/18 1358/376/18
f 1362/383/4 1363/384/4 1365/382/4 1359/381/4
f 1364/385/8 1360/386/8 1365/387/8 1363/388/8
f 1366/389/10 1357/269/10 1360/386/10 1364/385/10
f 1369/390/1 1371/391/1 1368/392/1 1367/393/1
f 1369/394/5 1372/395/5 1373/396/5 1370/397/5
f 1370/398/18 1378/399/18 1371/391/18 1369/390/18
f 1377/400/16 1373/401/16 1372/402/16 1374/403/16
f 1375/404/2 1376/405/2 1374/403/2 1372/402/2
f 1376/268/10 1368/406/10 1371/407/10 1374/408/10
f 1374/408/8 1371/407/8 1378/409/8 1377/410/8
f 1373/401/4 1377/400/4 1378/399/4 1370/398/4
f 1381/411/1 1383/412/1 1380/413/1 1379/393/1
f 1381/414/5 1384/415/5 1385/416/5 1382/417/5
f 1382/417/18 1390/418/18 1383/412/18 1381/411/18
f 1389/419/16 1385/420/16 1384/421/16 1386/403/16
f 1387/422/2 1388/423/2 1386/403/2 1384/421/2
f 1388/424/10 1380/425/10 1383/426/10 1386/427/10
f 1386/427/8 1383/426/8 1390/428/8 1389/429/8
f 1385/420/4 1389/419/4 1390/418/4 1382/417/4
f 1393/430/1 1395/402/1 1392/431/1 1391/432/1
f 1393/394/5 1396/433/5 1397/254/5 1394/397/5
f 1394/434/18 1402/435/18 1395/402/18 1393/430/18
f 1401/398/16 1397/436/16 1396/391/16 1398/437/16
f 1399/438/2 1400/393/2 1398/437/2 1396/391/2
f 1400/439/10 1392/440/10 1395/441/10 1398/442/10
f 1398/442/8 1395/441/8 1402/443/8 1401/444/8
f 1397/436/4 1401/398/4 1402/435/4 1394/434/4
f 1405/445/1 1407/446/1 1404/447/1 1403/448/1
f 1405/394/5 1408/433/5 1409/396/5 1406/397/5
f 1406/449/18 1414/450/18 1407/446/18 1405/445/18
f 1413/451/16 1409/452/16 1408/412/16 1410/453/16
f 1411/454/2 1412/455/2 1410/453/2 1408/412/2
f 1412/456/10 1404/457/10 1407/458/10 1410/459/10
f 1410/459/8 1407/458/8 1414/460/8 1413/461/8
f 1409/452/4 1413/451/4 1414/450/4 1406/449/4
f 1416/504/1 1418/505/1 1419/506/1 1415/507/1
f 1417/508/10 1420/509/10 1418/510/10 1416/511/10
f 1421/466/4 1423/467/4 1424/468/4 1422/469/4
f 1427/470/1 1429/421/1 1426/404/1 1425/405/1
f 1428/473/18 1436/401/18 1429/421/18 1427/470/18
f 1427/433/5 1430/471/5 1431/472/5 1428/417/5
f 1435/474/16 1431/452/16 1430/412/16 1432/475/16
f 1433/476/2 1434/477/2 1432/475/2 1430/412/2
f 1434/439/10 1426/440/10 1429/441/10 1432/478/10
f 1432/478/9 1429/441/9 1436/479/9 1435/480/9
f 1431/452/4 1435/474/4 1436/401/4 1428/473/4
f 1439/430/1 1441/421/1 1438/481/1 1437/432/1
f 1440/473/18 1448/401/18 1441/421/18 1439/430/18
f 1439/414/5 1442/415/5 1443/482/5 1440/483/5
f 1447/398/16 1443/399/16 1442/484/16 1444/485/16
f 1445/413/2 1446/477/2 1444/485/2 1442/484/2
f 1446/486/10 1438/425/10 1441/426/10 1444/427/10
f 1444/427/8 1441/426/8 1448/428/8 1447/429/8
f 1443/399/4 1447/398/4 1448/401/4 1440/473/4
f 1451/470/1 1453/402/1 1450/487/1 1449/488/1
f 1452/473/18 1460/489/18 1453/402/18 1451/470/18
f 1451/394/5 1454/395/5 1455/396/5 1452/397/5
f 1459/451/16 1455/399/16 1454/391/16 1456/411/16
f 1457/413/2 1458/490/2 1456/411/2 1454/391/2
f 1458/491/10 1450/440/10 1453/441/10 1456/478/10
f 1456/478/8 1453/441/8 1460/479/8 1459/429/8
f 1455/399/4 1459/451/4 1460/489/4 1452/473/4
f 1463/492/1 1465/412/1 1462/493/1 1461/494/1
f 1464/512/18 1472/496/18 1465/412/18 1463/492/18
f 1463/414/5 1466/495/5 1467/482/5 1464/512/5
f 1471/400/16 1467/497/16 1466/421/16 1468/430/16
f 1469/404/2 1470/405/2 1468/430/2 1466/421/2
f 1470/498/10 1462/499/10 1465/500/10 1468/501/10
f 1468/501/8 1465/500/8 1472/502/8 1471/503/8
f 1467/497/4 1471/400/4 1472/496/4 1464/512/4
f 1476/513/10 1475/514/10 1482/515/10
f 1474/516/10 1478/517/10 1481/518/10
f 1477/519/10 1476/513/10 1482/515/10 1481/518/10
f 1473/520/1 1474/521/1 1481/522/1 1480/523/1
f 1475/514/10 1479/524/10 1482/515/10
f 1478/517/10 1477/519/10 1481/518/10
f 1484/327/4 1487/326/4 1486/330/4 1483/331/4
f 1486/330/4 1488/329/4 1485/328/4 1483/331/4
f 1491/270/20 1489/273/20 1486/298/20 1487/299/20
f 1488/286/2 1486/287/2 1489/288/2 1490/289/2
f 1491/270/4 1492/271/4 1490/272/4 1489/273/4
f 1487/292/1 1493/293/1 1492/294/1 1491/295/1
f 1493/302/21 1488/303/21 1490/272/21 1492/271/21
f 1485/328/4 1488/329/4 1493/325/4 1495/324/4
f 1506/323/4 1494/321/4 1493/325/4 1487/326/4
f 1494/321/4 1496/320/4 1495/324/4 1493/325/4
f 1496/320/4 1494/321/4 1499/317/4 1497/316/4
f 1501/309/4 1498/308/4 1497/316/4 1499/317/4
f 1499/304/21 1494/305/21 1504/276/21 1502/275/21
f 1511/315/4 1501/309/4 1499/317/4 1500/318/4
f 1500/286/1 1499/290/1 1502/288/1 1503/291/1
f 1503/274/4 1502/275/4 1504/276/4 1505/277/4
f 1494/286/2 1506/287/2 1505/288/2 1504/289/2
f 1503/274/20 1505/277/20 1506/296/20 1500/297/20
f 1507/322/4 1508/319/4 1500/318/4 1506/323/4
f 1507/322/4 1506/323/4 1487/326/4 1484/327/4
f 1509/314/4 1511/315/4 1500/318/4 1508/319/4
f 1509/314/4 1510/312/4 1512/313/4 1511/315/4
f 1515/278/20 1513/281/20 1511/300/20 1512/301/20
f 1501/286/2 1511/287/2 1513/288/2 1514/289/2
f 1515/278/4 1516/279/4 1514/280/4 1513/281/4
f 1512/282/1 1517/283/1 1516/284/1 1515/285/1
f 1517/306/21 1501/307/21 1514/280/21 1516/279/21
f 1498/308/4 1501/309/4 1517/310/4 1518/311/4
f 1510/312/4 1518/311/4 1517/310/4 1512/313/4
f 1521/390/1 1523/391/1 1520/392/1 1519/393/1
f 1522/398/18 1530/399/18 1523/391/18 1521/390/18
f 1521/394/5 1524/395/5 1525/396/5 1522/397/5
f 1529/400/16 1525/401/16 1524/402/16 1526/403/16
f 1527/404/2 1528/405/2 1526/403/2 1524/402/2
f 1528/268/10 1520/406/10 1523/407/10 1526/408/10
f 1526/408/8 1523/407/8 1530/409/8 1529/410/8
f 1525/401/4 1529/400/4 1530/399/4 1522/398/4
f 1533/411/1 1535/412/1 1532/413/1 1531/393/1
f 1534/474/18 1542/418/18 1535/412/18 1533/411/18
f 1533/414/5 1536/415/5 1537/416/5 1534/474/5
f 1541/419/16 1537/420/16 1536/421/16 1538/403/16
f 1539/422/2 1540/423/2 1538/403/2 1536/421/2
f 1540/424/10 1532/425/10 1535/426/10 1538/427/10
f 1538/427/8 1535/426/8 1542/428/8 1541/429/8
f 1537/420/4 1541/419/4 1542/418/4 1534/474/4
f 1545/430/1 1547/402/1 1544/431/1 1543/432/1
f 1546/434/18 1554/435/18 1547/402/18 1545/430/18
f 1545/394/5 1548/433/5 1549/254/5 1546/397/5
f 1553/398/16 1549/436/16 1548/391/16 1550/437/16
f 1551/438/2 1552/393/2 1550/437/2 1548/391/2
f 1552/439/10 1544/440/10 1547/441/10 1550/442/10
f 1550/442/8 1547/441/8 1554/443/8 1553/444/8
f 1549/436/4 1553/398/4 1554/435/4 1546/434/4
f 1557/445/1 1559/446/1 1556/447/1 1555/448/1
f 1558/449/18 1566/450/18 1559/446/18 1557/445/18
f 1557/394/5 1560/433/5 1561/396/5 1558/397/5
f 1565/451/16 1561/452/16 1560/412/16 1562/453/16
f 1563/454/2 1564/455/2 1562/453/2 1560/412/2
f 1564/456/10 1556/457/10 1559/458/10 1562/459/10
f 1562/459/8 1559/458/8 1566/460/8 1565/461/8
f 1561/452/4 1565/451/4 1566/450/4 1558/449/4
f 1567/466/4 1568/467/4 1570/468/4 1569/469/4
f 1575/473/18 1577/401/18 1578/421/18 1576/470/18
f 1581/474/16 1579/452/16 1580/412/16 1582/475/16
f 1576/433/5 1580/471/5 1579/472/5 1575/417/5
f 1582/478/8 1578/441/8 1577/479/8 1581/480/8
f 1576/470/1 1578/421/1 1572/404/1 1571/405/1
f 1579/452/4 1581/474/4 1577/401/4 1575/473/4
f 1574/439/10 1572/440/10 1578/441/10 1582/478/10
f 1573/476/2 1574/477/2 1582/475/2 1580/412/2
f 1587/473/18 1589/401/18 1590/421/18 1588/430/18
f 1593/398/16 1591/399/16 1592/484/16 1594/485/16
f 1588/414/5 1592/415/5 1591/482/5 1587/483/5
f 1594/427/8 1590/426/8 1589/428/8 1593/429/8
f 1588/430/1 1590/421/1 1584/481/1 1583/432/1
f 1591/399/4 1593/398/4 1589/401/4 1587/473/4
f 1586/486/10 1584/425/10 1590/426/10 1594/427/10
f 1585/413/2 1586/477/2 1594/485/2 1592/484/2
f 1599/473/18 1601/489/18 1602/402/18 1600/470/18
f 1605/451/16 1603/399/16 1604/391/16 1606/411/16
f 1600/394/5 1604/395/5 1603/396/5 1599/397/5
f 1606/478/8 1602/441/8 1601/479/8 1605/429/8
f 1600/470/1 1602/402/1 1596/487/1 1595/488/1
f 1603/399/4 1605/451/4 1601/489/4 1599/473/4
f 1598/491/10 1596/440/10 1602/441/10 1606/478/10
f 1597/413/2 1598/490/2 1606/411/2 1604/391/2
f 1611/512/18 1613/496/18 1614/412/18 1612/492/18
f 1617/400/16 1615/497/16 1616/421/16 1618/430/16
f 1612/414/5 1616/495/5 1615/482/5 1611/512/5
f 1618/501/8 1614/500/8 1613/502/8 1617/503/8
f 1612/492/1 1614/412/1 1608/493/1 1607/494/1
f 1615/497/4 1617/400/4 1613/496/4 1611/512/4
f 1610/498/10 1608/499/10 1614/500/10 1618/501/10
f 1609/404/2 1610/405/2 1618/430/2 1616/421/2
f 1624/525/16 1622/526/16 1623/527/16 1625/528/16
f 1626/529/5 1623/530/5 1622/531/5 1627/532/5
f 1625/533/8 1629/534/8 1628/535/8 1624/536/8
f 1619/537/2 1620/538/2 1625/528/2 1623/527/2
f 1622/526/4 1624/525/4 1628/539/4 1627/540/4
f 1620/541/10 1621/542/10 1629/534/10 1625/533/10
f 1635/525/16 1633/543/16 1634/544/16 1636/545/16
f 1637/529/5 1634/530/5 1633/546/5 1638/532/5
f 1636/372/8 1640/547/8 1639/548/8 1635/549/8
f 1630/550/2 1631/551/2 1636/545/2 1634/544/2
f 1633/543/4 1635/525/4 1639/539/4 1638/552/4
f 1631/553/10 1632/554/10 1640/547/10 1636/372/10
f 1644/555/18 1646/382/18 1647/544/18 1645/376/18
f 1650/360/8 1647/556/8 1646/557/8 1651/363/8
f 1645/368/5 1649/380/5 1648/339/5 1644/355/5
f 1645/376/1 1647/544/1 1642/378/1 1641/558/1
f 1648/539/4 1651/540/4 1646/382/4 1644/555/4
f 1643/364/10 1642/559/10 1647/556/10 1650/360/10
f 1655/560/18 1657/561/18 1658/562/18 1656/563/18
f 1661/564/8 1658/386/8 1657/565/8 1662/566/8
f 1656/368/5 1660/380/5 1659/339/5 1655/355/5
f 1656/563/1 1658/562/1 1653/550/1 1652/551/1
f 1659/567/4 1662/540/4 1657/561/4 1655/560/4
f 1654/389/10 1653/269/10 1658/386/10 1661/564/10
f 1664/462/1 1666/463/1 1667/464/1 1663/465/1
f 1665/464/10 1668/465/10 1666/568/10 1664/569/10
f 1669/466/4 1671/467/4 1672/468/4 1670/469/4
f 1675/470/1 1677/421/1 1674/404/1 1673/405/1
f 1675/433/5 1678/471/5 1679/472/5 1676/417/5
f 1676/473/18 1684/401/18 1677/421/18 1675/470/18
f 1683/474/16 1679/452/16 1678/412/16 1680/475/16
f 1681/476/2 1682/477/2 1680/475/2 1678/412/2
f 1682/439/10 1674/440/10 1677/441/10 1680/478/10
f 1680/478/8 1677/441/8 1684/479/8 1683/480/8
f 1679/452/4 1683/474/4 1684/401/4 1676/473/4
f 1687/430/1 1689/421/1 1686/481/1 1685/432/1
f 1687/414/5 1690/415/5 1691/482/5 1688/483/5
f 1688/473/18 1696/401/18 1689/421/18 1687/430/18
f 1695/398/16 1691/399/16 1690/484/16 1692/485/16
f 1693/413/2 1694/477/2 1692/485/2 1690/484/2
f 1694/486/10 1686/425/10 1689/426/10 1692/427/10
f 1692/427/8 1689/426/8 1696/428/8 1695/429/8
f 1691/399/4 1695/398/4 1696/401/4 1688/473/4
f 1699/470/1 1701/402/1 1698/487/1 1697/488/1
f 1699/394/5 1702/395/5 1703/396/5 1700/397/5
f 1700/473/18 1708/489/18 1701/402/18 1699/470/18
f 1707/451/16 1703/399/16 1702/391/16 1704/411/16
f 1705/413/2 1706/490/2 1704/411/2 1702/391/2
f 1706/491/10 1698/440/10 1701/441/10 1704/478/10
f 1704/478/8 1701/441/8 1708/479/8 1707/429/8
f 1703/399/4 1707/451/4 1708/489/4 1700/473/4
f 1711/492/1 1713/412/1 1710/493/1 1709/494/1
f 1711/414/5 1714/495/5 1715/482/5 1712/483/5
f 1712/483/18 1720/496/18 1713/412/18 1711/492/18
f 1719/400/16 1715/497/16 1714/421/16 1716/430/16
f 1717/404/2 1718/405/2 1716/430/2 1714/421/2
f 1718/498/10 1710/499/10 1713/500/10 1716/501/10
f 1716/501/8 1713/500/8 1720/502/8 1719/503/8
f 1715/497/4 1719/400/4 1720/496/4 1712/483/4
f 1721/466/4 1722/467/4 1724/468/4 1723/469/4
f 1729/473/18 1731/401/18 1732/421/18 1730/470/18
f 1735/474/16 1733/452/16 1734/412/16 1736/475/16
f 1730/433/5 1734/471/5 1733/472/5 1729/417/5
f 1736/478/8 1732/441/8 1731/479/8 1735/480/8
f 1730/470/1 1732/421/1 1726/404/1 1725/405/1
f 1733/452/4 1735/474/4 1731/401/4 1729/473/4
f 1728/439/10 1726/440/10 1732/441/10 1736/478/10
f 1727/476/2 1728/477/2 1736/475/2 1734/412/2
f 1741/473/18 1743/401/18 1744/421/18 1742/430/18
f 1747/398/16 1745/399/16 1746/484/16 1748/485/16
f 1742/414/5 1746/415/5 1745/482/5 1741/483/5
f 1748/427/8 1744/426/8 1743/428/8 1747/429/8
f 1742/430/1 1744/421/1 1738/481/1 1737/432/1
f 1745/399/4 1747/398/4 1743/401/4 1741/473/4
f 1740/486/10 1738/425/10 1744/426/10 1748/427/10
f 1739/413/2 1740/477/2 1748/485/2 1746/484/2
f 1753/473/18 1755/489/18 1756/402/18 1754/470/18
f 1759/451/16 1757/399/16 1758/391/16 1760/411/16
f 1754/394/5 1758/395/5 1757/396/5 1753/397/5
f 1760/478/8 1756/441/8 1755/479/8 1759/429/8
f 1754/470/1 1756/402/1 1750/487/1 1749/488/1
f 1757/399/4 1759/451/4 1755/489/4 1753/473/4
f 1752/491/10 1750/440/10 1756/441/10 1760/478/10
f 1751/413/2 1752/490/2 1760/411/2 1758/391/2
f 1765/512/18 1767/496/18 1768/412/18 1766/492/18
f 1771/400/16 1769/497/16 1770/421/16 1772/430/16
f 1766/414/5 1770/495/5 1769/482/5 1765/512/5
f 1772/501/8 1768/500/8 1767/502/8 1771/503/8
f 1766/492/1 1768/412/1 1762/493/1 1761/494/1
f 1769/497/4 1771/400/4 1767/496/4 1765/512/4
f 1764/498/10 1762/499/10 1768/500/10 1772/501/10
f 1763/404/2 1764/405/2 1772/430/2 1770/421/2
f 1778/525/16 1776/526/16 1777/527/16 1779/528/16
f 1780/529/5 1777/530/5 1776/531/5 1781/532/5
f 1779/533/8 1783/534/8 1782/535/8 1778/536/8
f 1773/537/2 1774/538/2 1779/528/2 1777/527/2
f 1776/526/4 1778/525/4 1782/539/4 1781/540/4
f 1774/541/10 1775/542/10 1783/534/10 1779/533/10
f 1789/525/16 1787/543/16 1788/544/16 1790/545/16
f 1791/529/5 1788/530/5 1787/546/5 1792/532/5
f 1790/372/8 1794/547/8 1793/548/8 1789/549/8
f 1784/550/2 1785/551/2 1790/545/2 1788/544/2
f 1787/543/4 1789/525/4 1793/539/4 1792/552/4
f 1785/553/10 1786/554/10 1794/547/10 1790/372/10
f 1798/555/18 1800/382/18 1801/544/18 1799/376/18
f 1804/360/8 1801/556/8 1800/557/8 1805/363/8
f 1799/368/5 1803/380/5 1802/339/5 1798/355/5
f 1799/376/1 1801/544/1 1796/378/1 1795/558/1
f 1802/539/4 1805/540/4 1800/382/4 1798/555/4
f 1797/364/10 1796/559/10 1801/556/10 1804/360/10
f 1809/560/18 1811/561/18 1812/562/18 1810/563/18
f 1815/564/8 1812/386/8 1811/565/8 1816/566/8
f 1810/368/5 1814/380/5 1813/339/5 1809/355/5
f 1810/563/1 1812/562/1 1807/550/1 1806/551/1
f 1813/567/4 1816/540/4 1811/561/4 1809/560/4
f 1808/389/10 1807/269/10 1812/386/10 1815/564/10
f 1838/270/4 1837/271/4 1839/272/4 1840/273/4
f 1834/274/4 1833/275/4 1835/276/4 1836/277/4
f 1830/278/4 1829/279/4 1831/280/4 1832/281/4
f 1842/282/1 1841/283/1 1829/284/1 1830/285/1
f 1843/286/2 1844/287/2 1832/288/2 1831/289/2
f 1846/286/1 1845/290/1 1833/288/1 1834/291/1
f 1847/286/2 1848/287/2 1836/288/2 1835/289/2
f 1850/292/1 1849/293/1 1837/294/1 1838/295/1
f 1851/286/2 1852/287/2 1840/288/2 1839/289/2
f 1834/274/20 1836/277/20 1848/296/20 1846/297/20
f 1838/270/20 1840/273/20 1852/298/20 1850/299/20
f 1830/278/20 1832/281/20 1844/300/20 1842/301/20
f 1849/302/21 1851/303/21 1839/272/21 1837/271/21
f 1845/304/21 1847/305/21 1835/276/21 1833/275/21
f 1841/306/21 1843/307/21 1831/280/21 1829/279/21
f 1821/308/4 1843/309/4 1841/310/4 1828/311/4
f 1819/312/4 1828/311/4 1841/310/4 1842/313/4
f 1827/314/4 1819/312/4 1842/313/4 1844/315/4
f 1843/309/4 1821/308/4 1822/316/4 1845/317/4
f 1844/315/4 1843/309/4 1845/317/4 1846/318/4
f 1827/314/4 1844/315/4 1846/318/4 1826/319/4
f 1823/320/4 1847/321/4 1845/317/4 1822/316/4
f 1825/322/4 1826/319/4 1846/318/4 1848/323/4
f 1847/321/4 1823/320/4 1824/324/4 1849/325/4
f 1848/323/4 1847/321/4 1849/325/4 1850/326/4
f 1825/322/4 1848/323/4 1850/326/4 1820/327/4
f 1818/328/4 1851/329/4 1849/325/4 1824/324/4
f 1820/327/4 1850/326/4 1852/330/4 1817/331/4
f 1852/330/4 1851/329/4 1818/328/4 1817/331/4
f 1853/332/2 1854/333/2 1857/334/2 1855/335/2
f 1858/336/17 1855/337/17 1856/338/17 1859/339/17
f 1862/340/16 1856/341/16 1855/335/16 1857/334/16
f 1856/341/4 1862/340/4 1860/342/4 1859/343/4
f 1857/344/8 1861/345/8 1860/346/8 1862/347/8
f 1854/348/10 1863/349/10 1861/345/10 1857/344/10
f 1866/350/1 1868/351/1 1865/332/1 1864/352/1
f 1866/353/5 1869/336/5 1870/354/5 1867/355/5
f 1867/356/18 1873/357/18 1868/351/18 1866/350/18
f 1870/358/4 1871/359/4 1873/357/4 1867/356/4
f 1872/360/9 1868/361/9 1873/362/9 1871/363/9
f 1874/364/10 1865/365/10 1868/361/10 1872/360/10
f 1875/366/2 1876/367/2 1879/350/2 1877/351/2
f 1880/336/5 1877/368/5 1878/338/5 1881/339/5
f 1884/369/16 1878/370/16 1877/351/16 1879/350/16
f 1878/370/4 1884/369/4 1882/342/4 1881/371/4
f 1879/372/9 1883/373/9 1882/346/9 1884/374/9
f 1876/375/10 1885/349/10 1883/373/10 1879/372/10
f 1888/376/1 1890/377/1 1887/378/1 1886/379/1
f 1888/337/17 1891/380/17 1892/339/17 1889/355/17
f 1889/381/18 1895/382/18 1890/377/18 1888/376/18
f 1892/383/4 1893/384/4 1895/382/4 1889/381/4
f 1894/385/8 1890/386/8 1895/387/8 1893/388/8
f 1896/389/10 1887/269/10 1890/386/10 1894/385/10
f 1899/390/1 1901/391/1 1898/392/1 1897/393/1
f 1899/394/5 1902/395/5 1903/396/5 1900/397/5
f 1900/398/18 1908/399/18 1901/391/18 1899/390/18
f 1907/400/16 1903/401/16 1902/402/16 1904/403/16
f 1905/404/2 1906/405/2 1904/403/2 1902/402/2
f 1906/268/10 1898/406/10 1901/407/10 1904/408/10
f 1904/408/8 1901/407/8 1908/409/8 1907/410/8
f 1903/401/4 1907/400/4 1908/399/4 1900/398/4
f 1911/411/1 1913/412/1 1910/413/1 1909/393/1
f 1911/414/5 1914/415/5 1915/416/5 1912/417/5
f 1912/417/18 1920/418/18 1913/412/18 1911/411/18
f 1919/419/16 1915/420/16 1914/421/16 1916/403/16
f 1917/422/2 1918/423/2 1916/403/2 1914/421/2
f 1918/424/10 1910/425/10 1913/426/10 1916/427/10
f 1916/427/8 1913/426/8 1920/428/8 1919/429/8
f 1915/420/4 1919/419/4 1920/418/4 1912/417/4
f 1923/430/1 1925/402/1 1922/431/1 1921/432/1
f 1923/394/5 1926/433/5 1927/254/5 1924/397/5
f 1924/434/18 1932/435/18 1925/402/18 1923/430/18
f 1931/398/16 1927/436/16 1926/391/16 1928/437/16
f 1929/438/2 1930/393/2 1928/437/2 1926/391/2
f 1930/439/10 1922/440/10 1925/441/10 1928/442/10
f 1928/442/8 1925/441/8 1932/443/8 1931/444/8
f 1927/436/4 1931/398/4 1932/435/4 1924/434/4
f 1935/445/1 1937/446/1 1934/447/1 1933/448/1
f 1935/394/5 1938/433/5 1939/396/5 1936/397/5
f 1936/449/18 1944/450/18 1937/446/18 1935/445/18
f 1943/451/16 1939/452/16 1938/412/16 1940/453/16
f 1941/454/2 1942/455/2 1940/453/2 1938/412/2
f 1942/456/10 1934/457/10 1937/458/10 1940/459/10
f 1940/459/8 1937/458/8 1944/460/8 1943/461/8
f 1939/452/4 1943/451/4 1944/450/4 1936/449/4
f 1947/570/10 1951/571/10 1954/572/10
f 1950/573/10 1949/574/10 1953/575/10
f 1948/576/10 1947/570/10 1954/572/10
f 1946/577/10 1950/573/10 1953/575/10
f 1949/574/10 1948/576/10 1954/572/10 1953/575/10
f 1945/578/1 1946/579/1 1953/580/1 1952/581/1
f 1956/327/4 1959/326/4 1958/330/4 1955/331/4
f 1958/330/4 1960/329/4 1957/328/4 1955/331/4
f 1963/270/20 1961/273/20 1958/298/20 1959/299/20
f 1960/286/2 1958/287/2 1961/288/2 1962/289/2
f 1963/270/4 1964/271/4 1962/272/4 1961/273/4
f 1959/292/1 1965/293/1 1964/294/1 1963/295/1
f 1965/302/21 1960/303/21 1962/272/21 1964/271/21
f 1957/328/4 1960/329/4 1965/325/4 1967/324/4
f 1978/323/4 1966/321/4 1965/325/4 1959/326/4
f 1966/321/4 1968/320/4 1967/324/4 1965/325/4
f 1968/320/4 1966/321/4 1971/317/4 1969/316/4
f 1973/309/4 1970/308/4 1969/316/4 1971/317/4
f 1971/304/21 1966/305/21 1976/276/21 1974/275/21
f 1983/315/4 1973/309/4 1971/317/4 1972/318/4
f 1972/286/1 1971/290/1 1974/288/1 1975/291/1
f 1975/274/4 1974/275/4 1976/276/4 1977/277/4
f 1966/286/2 1978/287/2 1977/288/2 1976/289/2
f 1975/274/20 1977/277/20 1978/296/20 1972/297/20
f 1979/322/4 1980/319/4 1972/318/4 1978/323/4
f 1979/322/4 1978/323/4 1959/326/4 1956/327/4
f 1981/314/4 1983/315/4 1972/318/4 1980/319/4
f 1981/314/4 1982/312/4 1984/313/4 1983/315/4
f 1987/278/20 1985/281/20 1983/300/20 1984/301/20
f 1973/286/2 1983/287/2 1985/288/2 1986/289/2
f 1987/278/4 1988/279/4 1986/280/4 1985/281/4
f 1984/282/1 1989/283/1 1988/284/1 1987/285/1
f 1989/306/21 1973/307/21 1986/280/21 1988/279/21
f 1970/308/4 1973/309/4 1989/310/4 1990/311/4
f 1982/312/4 1990/311/4 1989/310/4 1984/313/4
f 1993/390/1 1995/391/1 1992/392/1 1991/393/1
f 1994/398/18 2002/399/18 1995/391/18 1993/390/18
f 1993/394/22 1996/395/22 1997/396/22 1994/397/22
f 2001/400/16 1997/401/16 1996/402/16 1998/403/16
f 1999/404/2 2000/405/2 1998/403/2 1996/402/2
f 2000/268/10 1992/406/10 1995/407/10 1998/408/10
f 1998/408/9 1995/407/9 2002/409/9 2001/410/9
f 1997/401/4 2001/400/4 2002/399/4 1994/398/4
f 2005/411/1 2007/412/1 2004/413/1 2003/393/1
f 2006/474/18 2014/418/18 2007/412/18 2005/411/18
f 2005/414/5 2008/415/5 2009/416/5 2006/474/5
f 2013/419/16 2009/420/16 2008/421/16 2010/403/16
f 2011/422/2 2012/423/2 2010/403/2 2008/421/2
f 2012/424/10 2004/425/10 2007/426/10 2010/427/10
f 2010/427/8 2007/426/8 2014/428/8 2013/429/8
f 2009/420/4 2013/419/4 2014/418/4 2006/474/4
f 2017/430/1 2019/402/1 2016/431/1 2015/432/1
f 2018/434/18 2026/435/18 2019/402/18 2017/430/18
f 2017/394/5 2020/433/5 2021/254/5 2018/397/5
f 2025/398/16 2021/436/16 2020/391/16 2022/437/16
f 2023/438/2 2024/393/2 2022/437/2 2020/391/2
f 2024/439/10 2016/440/10 2019/441/10 2022/442/10
f 2022/442/8 2019/441/8 2026/443/8 2025/444/8
f 2021/436/4 2025/398/4 2026/435/4 2018/434/4
f 2029/445/1 2031/446/1 2028/447/1 2027/448/1
f 2030/449/18 2038/450/18 2031/446/18 2029/445/18
f 2029/394/5 2032/433/5 2033/396/5 2030/397/5
f 2037/451/16 2033/452/16 2032/412/16 2034/453/16
f 2035/454/2 2036/455/2 2034/453/2 2032/412/2
f 2036/456/10 2028/457/10 2031/458/10 2034/459/10
f 2034/459/9 2031/458/9 2038/460/9 2037/461/9
f 2033/452/4 2037/451/4 2038/450/4 2030/449/4
f 2040/582/2 2045/468/2 2046/583/2 2042/584/2
f 2041/504/1 2043/505/1 2044/506/1 2039/507/1
f 2042/508/10 2046/509/10 2043/510/10 2041/511/10
f 2047/466/4 2049/467/4 2050/468/4 2048/469/4
f 2053/470/1 2055/421/1 2052/404/1 2051/405/1
f 2054/473/18 2062/401/18 2055/421/18 2053/470/18
f 2053/433/5 2056/471/5 2057/472/5 2054/417/5
f 2061/474/16 2057/452/16 2056/412/16 2058/475/16
f 2059/476/2 2060/477/2 2058/475/2 2056/412/2
f 2060/439/10 2052/440/10 2055/441/10 2058/478/10
f 2058/478/8 2055/441/8 2062/479/8 2061/480/8
f 2057/452/4 2061/474/4 2062/401/4 2054/473/4
f 2065/430/1 2067/421/1 2064/481/1 2063/432/1
f 2066/473/18 2074/401/18 2067/421/18 2065/430/18
f 2065/414/5 2068/415/5 2069/482/5 2066/483/5
f 2073/398/16 2069/399/16 2068/484/16 2070/485/16
f 2071/413/2 2072/477/2 2070/485/2 2068/484/2
f 2072/486/10 2064/425/10 2067/426/10 2070/427/10
f 2070/427/8 2067/426/8 2074/428/8 2073/429/8
f 2069/399/4 2073/398/4 2074/401/4 2066/473/4
f 2077/470/1 2079/402/1 2076/487/1 2075/488/1
f 2078/473/18 2086/489/18 2079/402/18 2077/470/18
f 2077/394/5 2080/395/5 2081/396/5 2078/397/5
f 2085/451/16 2081/399/16 2080/391/16 2082/411/16
f 2083/413/2 2084/490/2 2082/411/2 2080/391/2
f 2084/491/10 2076/440/10 2079/441/10 2082/478/10
f 2082/478/8 2079/441/8 2086/479/8 2085/429/8
f 2081/399/4 2085/451/4 2086/489/4 2078/473/4
f 2089/492/1 2091/412/1 2088/493/1 2087/494/1
f 2090/512/18 2098/496/18 2091/412/18 2089/492/18
f 2089/414/5 2092/495/5 2093/482/5 2090/512/5
f 2097/400/16 2093/497/16 2092/421/16 2094/430/16
f 2095/404/2 2096/405/2 2094/430/2 2092/421/2
f 2096/498/10 2088/499/10 2091/500/10 2094/501/10
f 2094/501/8 2091/500/8 2098/502/8 2097/503/8
f 2093/497/4 2097/400/4 2098/496/4 2090/512/4
f 2120/270/4 2119/271/4 2121/272/4 2122/273/4
f 2116/274/4 2115/275/4 2117/276/4 2118/277/4
f 2112/278/4 2111/279/4 2113/280/4 2114/281/4
f 2124/282/1 2123/283/1 2111/284/1 2112/285/1
f 2125/286/2 2126/287/2 2114/288/2 2113/289/2
f 2128/286/1 2127/290/1 2115/288/1 2116/291/1
f 2129/286/2 2130/287/2 2118/288/2 2117/289/2
f 2132/292/1 2131/293/1 2119/294/1 2120/295/1
f 2133/286/2 2134/287/2 2122/288/2 2121/289/2
f 2116/274/20 2118/277/20 2130/296/20 2128/297/20
f 2120/270/20 2122/273/20 2134/298/20 2132/299/20
f 2112/278/20 2114/281/20 2126/300/20 2124/301/20
f 2131/302/21 2133/303/21 2121/272/21 2119/271/21
f 2127/304/21 2129/305/21 2117/276/21 2115/275/21
f 2123/306/21 2125/307/21 2113/280/21 2111/279/21
f 2103/308/4 2125/309/4 2123/310/4 2110/311/4
f 2101/312/4 2110/311/4 2123/310/4 2124/313/4
f 2109/314/4 2101/312/4 2124/313/4 2126/315/4
f 2125/309/4 2103/308/4 2104/316/4 2127/317/4
f 2126/315/4 2125/309/4 2127/317/4 2128/318/4
f 2109/314/4 2126/315/4 2128/318/4 2108/319/4
f 2105/320/4 2129/321/4 2127/317/4 2104/316/4
f 2107/322/4 2108/319/4 2128/318/4 2130/323/4
f 2129/321/4 2105/320/4 2106/324/4 2131/325/4
f 2130/323/4 2129/321/4 2131/325/4 2132/326/4
f 2107/322/4 2130/323/4 2132/326/4 2102/327/4
f 2100/328/4 2133/329/4 2131/325/4 2106/324/4
f 2102/327/4 2132/326/4 2134/330/4 2099/331/4
f 2134/330/4 2133/329/4 2100/328/4 2099/331/4
f 2135/332/2 2136/333/2 2139/334/2 2137/335/2
f 2140/336/5 2137/337/5 2138/338/5 2141/339/5
f 2144/340/16 2138/341/16 2137/335/16 2139/334/16
f 2138/341/4 2144/340/4 2142/342/4 2141/343/4
f 2139/344/8 2143/345/8 2142/346/8 2144/347/8
f 2136/348/10 2145/349/10 2143/345/10 2139/344/10
f 2148/350/1 2150/351/1 2147/332/1 2146/352/1
f 2148/353/5 2151/336/5 2152/354/5 2149/355/5
f 2149/356/18 2155/357/18 2150/351/18 2148/350/18
f 2152/358/4 2153/359/4 2155/357/4 2149/356/4
f 2154/360/8 2150/361/8 2155/362/8 2153/363/8
f 2156/364/10 2147/365/10 2150/361/10 2154/360/10
f 2157/366/2 2158/367/2 2161/350/2 2159/351/2
f 2162/336/5 2159/368/5 2160/338/5 2163/339/5
f 2166/369/16 2160/370/16 2159/351/16 2161/350/16
f 2160/370/4 2166/369/4 2164/342/4 2163/371/4
f 2161/372/8 2165/373/8 2164/346/8 2166/374/8
f 2158/375/10 2167/349/10 2165/373/10 2161/372/10
f 2170/376/1 2172/377/1 2169/378/1 2168/379/1
f 2170/337/5 2173/380/5 2174/339/5 2171/355/5
f 2171/381/18 2177/382/18 2172/377/18 2170/376/18
f 2174/383/4 2175/384/4 2177/382/4 2171/381/4
f 2176/385/8 2172/386/8 2177/387/8 2175/388/8
f 2178/389/10 2169/269/10 2172/386/10 2176/385/10
f 2181/390/1 2183/391/1 2180/392/1 2179/393/1
f 2181/394/5 2184/395/5 2185/396/5 2182/397/5
f 2182/398/18 2190/399/18 2183/391/18 2181/390/18
f 2189/400/16 2185/401/16 2184/402/16 2186/403/16
f 2187/404/2 2188/405/2 2186/403/2 2184/402/2
f 2188/268/10 2180/406/10 2183/407/10 2186/408/10
f 2186/408/8 2183/407/8 2190/409/8 2189/410/8
f 2185/401/4 2189/400/4 2190/399/4 2182/398/4
f 2193/411/1 2195/412/1 2192/413/1 2191/393/1
f 2193/414/5 2196/415/5 2197/416/5 2194/417/5
f 2194/417/18 2202/418/18 2195/412/18 2193/411/18
f 2201/419/16 2197/420/16 2196/421/16 2198/403/16
f 2199/422/2 2200/423/2 2198/403/2 2196/421/2
f 2200/424/10 2192/425/10 2195/426/10 2198/427/10
f 2198/427/8 2195/426/8 2202/428/8 2201/429/8
f 2197/420/4 2201/419/4 2202/418/4 2194/417/4
f 2205/430/1 2207/402/1 2204/431/1 2203/432/1
f 2205/394/5 2208/433/5 2209/254/5 2206/397/5
f 2206/434/18 2214/435/18 2207/402/18 2205/430/18
f 2213/398/16 2209/436/16 2208/391/16 2210/437/16
f 2211/438/2 2212/393/2 2210/437/2 2208/391/2
f 2212/439/10 2204/440/10 2207/441/10 2210/442/10
f 2210/442/8 2207/441/8 2214/443/8 2213/444/8
f 2209/436/4 2213/398/4 2214/435/4 2206/434/4
f 2217/445/1 2219/446/1 2216/447/1 2215/448/1
f 2217/394/5 2220/433/5 2221/396/5 2218/397/5
f 2218/449/18 2226/450/18 2219/446/18 2217/445/18
f 2225/451/16 2221/452/16 2220/412/16 2222/453/16
f 2223/454/2 2224/455/2 2222/453/2 2220/412/2
f 2224/456/10 2216/457/10 2219/458/10 2222/459/10
f 2222/459/8 2219/458/8 2226/460/8 2225/461/8
f 2221/452/4 2225/451/4 2226/450/4 2218/449/4
f 2228/462/2 2233/463/2 2234/464/2 2230/465/2
f 2229/462/1 2231/463/1 2232/464/1 2227/465/1
f 2235/466/4 2237/467/4 2238/468/4 2236/469/4
f 2241/470/1 2243/421/1 2240/404/1 2239/405/1
f 2241/433/5 2244/471/5 2245/472/5 2242/417/5
f 2242/473/18 2250/401/18 2243/421/18 2241/470/18
f 2249/474/16 2245/452/16 2244/412/16 2246/475/16
f 2247/476/2 2248/477/2 2246/475/2 2244/412/2
f 2248/439/10 2240/440/10 2243/441/10 2246/478/10
f 2246/478/8 2243/441/8 2250/479/8 2249/480/8
f 2245/452/4 2249/474/4 2250/401/4 2242/473/4
f 2253/430/1 2255/421/1 2252/481/1 2251/432/1
f 2253/414/5 2256/415/5 2257/482/5 2254/483/5
f 2254/473/18 2262/401/18 2255/421/18 2253/430/18
f 2261/398/16 2257/399/16 2256/484/16 2258/485/16
f 2259/413/2 2260/477/2 2258/485/2 2256/484/2
f 2260/486/10 2252/425/10 2255/426/10 2258/427/10
f 2258/427/8 2255/426/8 2262/428/8 2261/429/8
f 2257/399/4 2261/398/4 2262/401/4 2254/473/4
f 2265/470/1 2267/402/1 2264/487/1 2263/488/1
f 2265/394/5 2268/395/5 2269/396/5 2266/397/5
f 2266/473/18 2274/489/18 2267/402/18 2265/470/18
f 2273/451/16 2269/399/16 2268/391/16 2270/411/16
f 2271/413/2 2272/490/2 2270/411/2 2268/391/2
f 2272/491/10 2264/440/10 2267/441/10 2270/478/10
f 2270/478/8 2267/441/8 2274/479/8 2273/429/8
f 2269/399/4 2273/451/4 2274/489/4 2266/473/4
f 2277/492/1 2279/412/1 2276/493/1 2275/494/1
f 2277/414/5 2280/495/5 2281/482/5 2278/483/5
f 2278/483/18 2286/496/18 2279/412/18 2277/492/18
f 2285/400/16 2281/497/16 2280/421/16 2282/430/16
f 2283/404/2 2284/405/2 2282/430/2 2280/421/2
f 2284/498/10 2276/499/10 2279/500/10 2282/501/10
f 2282/501/8 2279/500/8 2286/502/8 2285/503/8
f 2281/497/4 2285/400/4 2286/496/4 2278/483/4
f 2287/578/1 2288/579/1 2290/580/1 2289/581/1
f 2292/327/4 2295/326/4 2294/330/4 2291/331/4
f 2294/330/4 2296/329/4 2293/328/4 2291/331/4
f 2299/270/20 2297/273/20 2294/298/20 2295/299/20
f 2296/286/2 2294/287/2 2297/288/2 2298/289/2
f 2299/270/4 2300/271/4 2298/272/4 2297/273/4
f 2295/292/1 2301/293/1 2300/294/1 2299/295/1
f 2301/302/21 2296/303/21 2298/272/21 2300/271/21
f 2293/328/4 2296/329/4 2301/325/4 2303/324/4
f 2314/323/4 2302/321/4 2301/325/4 2295/326/4
f 2302/321/4 2304/320/4 2303/324/4 2301/325/4
f 2304/320/4 2302/321/4 2307/317/4 2305/316/4
f 2309/309/4 2306/308/4 2305/316/4 2307/317/4
f 2307/304/21 2302/305/21 2312/276/21 2310/275/21
f 2319/315/4 2309/309/4 2307/317/4 2308/318/4
f 2308/286/1 2307/290/1 2310/288/1 2311/291/1
f 2311/274/4 2310/275/4 2312/276/4 2313/277/4
f 2302/286/2 2314/287/2 2313/288/2 2312/289/2
f 2311/274/20 2313/277/20 2314/296/20 2308/297/20
f 2315/322/4 2316/319/4 2308/318/4 2314/323/4
f 2315/322/4 2314/323/4 2295/326/4 2292/327/4
f 2317/314/4 2319/315/4 2308/318/4 2316/319/4
f 2317/314/4 2318/312/4 2320/313/4 2319/315/4
f 2323/278/20 2321/281/20 2319/300/20 2320/301/20
f 2309/286/2 2319/287/2 2321/288/2 2322/289/2
f 2323/278/4 2324/279/4 2322/280/4 2321/281/4
f 2320/282/1 2325/283/1 2324/284/1 2323/285/1
f 2325/306/21 2309/307/21 2322/280/21 2324/279/21
f 2306/308/4 2309/309/4 2325/310/4 2326/311/4
f 2318/312/4 2326/311/4 2325/310/4 2320/313/4
f 2329/390/1 2331/391/1 2328/392/1 2327/393/1
f 2330/398/18 2338/399/18 2331/391/18 2329/390/18
f 2329/394/5 2332/395/5 2333/396/5 2330/397/5
f 2337/400/16 2333/401/16 2332/402/16 2334/403/16
f 2335/404/2 2336/405/2 2334/403/2 2332/402/2
f 2336/268/10 2328/406/10 2331/407/10 2334/408/10
f 2334/408/8 2331/407/8 2338/409/8 2337/410/8
f 2333/401/4 2337/400/4 2338/399/4 2330/398/4
f 2341/411/1 2343/412/1 2340/413/1 2339/393/1
f 2342/474/18 2350/418/18 2343/412/18 2341/411/18
f 2341/414/5 2344/415/5 2345/416/5 2342/474/5
f 2349/419/16 2345/420/16 2344/421/16 2346/403/16
f 2347/422/2 2348/423/2 2346/403/2 2344/421/2
f 2348/424/10 2340/425/10 2343/426/10 2346/427/10
f 2346/427/8 2343/426/8 2350/428/8 2349/429/8
f 2345/420/4 2349/419/4 2350/418/4 2342/474/4
f 2353/430/1 2355/402/1 2352/431/1 2351/432/1
f 2354/434/18 2362/435/18 2355/402/18 2353/430/18
f 2353/394/5 2356/433/5 2357/254/5 2354/397/5
f 2361/398/16 2357/436/16 2356/391/16 2358/437/16
f 2359/438/2 2360/393/2 2358/437/2 2356/391/2
f 2360/439/10 2352/440/10 2355/441/10 2358/442/10
f 2358/442/8 2355/441/8 2362/443/8 2361/444/8
f 2357/436/4 2361/398/4 2362/435/4 2354/434/4
f 2365/445/1 2367/446/1 2364/447/1 2363/448/1
f 2366/449/18 2374/450/18 2367/446/18 2365/445/18
f 2365/394/5 2368/433/5 2369/396/5 2366/397/5
f 2373/451/16 2369/452/16 2368/412/16 2370/453/16
f 2371/454/2 2372/455/2 2370/453/2 2368/412/2
f 2372/456/10 2364/457/10 2367/458/10 2370/459/10
f 2370/459/8 2367/458/8 2374/460/8 2373/461/8
f 2369/452/4 2373/451/4 2374/450/4 2366/449/4
f 2378/585/10 2377/586/10 2376/587/10 2375/588/10
f 2379/466/4 2381/467/4 2382/468/4 2380/469/4
f 2385/470/1 2387/421/1 2384/404/1 2383/405/1
f 2386/473/18 2394/401/18 2387/421/18 2385/470/18
f 2385/433/5 2388/471/5 2389/472/5 2386/417/5
f 2393/474/16 2389/452/16 2388/412/16 2390/475/16
f 2391/476/2 2392/477/2 2390/475/2 2388/412/2
f 2392/439/10 2384/440/10 2387/441/10 2390/478/10
f 2390/478/8 2387/441/8 2394/479/8 2393/480/8
f 2389/452/4 2393/474/4 2394/401/4 2386/473/4
f 2397/430/1 2399/421/1 2396/481/1 2395/432/1
f 2398/473/18 2406/401/18 2399/421/18 2397/430/18
f 2397/414/5 2400/415/5 2401/482/5 2398/483/5
f 2405/398/16 2401/399/16 2400/484/16 2402/485/16
f 2403/413/2 2404/477/2 2402/485/2 2400/484/2
f 2404/486/10 2396/425/10 2399/426/10 2402/427/10
f 2402/427/8 2399/426/8 2406/428/8 2405/429/8
f 2401/399/4 2405/398/4 2406/401/4 2398/473/4
f 2409/470/1 2411/402/1 2408/487/1 2407/488/1
f 2410/473/18 2418/489/18 2411/402/18 2409/470/18
f 2409/394/5 2412/395/5 2413/396/5 2410/397/5
f 2417/451/16 2413/399/16 2412/391/16 2414/411/16
f 2415/413/2 2416/490/2 2414/411/2 2412/391/2
f 2416/491/10 2408/440/10 2411/441/10 2414/478/10
f 2414/478/8 2411/441/8 2418/479/8 2417/429/8
f 2413/399/4 2417/451/4 2418/489/4 2410/473/4
f 2421/492/1 2423/412/1 2420/493/1 2419/494/1
f 2422/512/18 2430/496/18 2423/412/18 2421/492/18
f 2421/414/5 2424/495/5 2425/482/5 2422/512/5
f 2429/400/16 2425/497/16 2424/421/16 2426/430/16
f 2427/404/2 2428/405/2 2426/430/2 2424/421/2
f 2428/498/10 2420/499/10 2423/500/10 2426/501/10
f 2426/501/8 2423/500/8 2430/502/8 2429/503/8
f 2425/497/4 2429/400/4 2430/496/4 2422/512/4
f 2452/270/4 2451/271/4 2453/272/4 2454/273/4
f 2448/274/4 2447/275/4 2449/276/4 2450/277/4
f 2444/278/4 2443/279/4 2445/280/4 2446/281/4
f 2456/282/1 2455/283/1 2443/284/1 2444/285/1
f 2457/286/2 2458/287/2 2446/288/2 2445/289/2
f 2460/286/1 2459/290/1 2447/288/1 2448/291/1
f 2461/286/2 2462/287/2 2450/288/2 2449/289/2
f 2464/292/1 2463/293/1 2451/294/1 2452/295/1
f 2465/286/2 2466/287/2 2454/288/2 2453/289/2
f 2448/274/20 2450/277/20 2462/296/20 2460/297/20
f 2452/270/20 2454/273/20 2466/298/20 2464/299/20
f 2444/278/20 2446/281/20 2458/300/20 2456/301/20
f 2463/302/21 2465/303/21 2453/272/21 2451/271/21
f 2459/304/21 2461/305/21 2449/276/21 2447/275/21
f 2455/306/21 2457/307/21 2445/280/21 2443/279/21
f 2435/308/4 2457/309/4 2455/310/4 2442/311/4
f 2433/312/4 2442/311/4 2455/310/4 2456/313/4
f 2441/314/4 2433/312/4 2456/313/4 2458/315/4
f 2457/309/4 2435/308/4 2436/316/4 2459/317/4
f 2458/315/4 2457/309/4 2459/317/4 2460/318/4
f 2441/314/4 2458/315/4 2460/318/4 2440/319/4
f 2437/320/4 2461/321/4 2459/317/4 2436/316/4
f 2439/322/4 2440/319/4 2460/318/4 2462/323/4
f 2461/321/4 2437/320/4 2438/324/4 2463/325/4
f 2462/323/4 2461/321/4 2463/325/4 2464/326/4
f 2439/322/4 2462/323/4 2464/326/4 2434/327/4
f 2432/328/4 2465/329/4 2463/325/4 2438/324/4
f 2434/327/4 2464/326/4 2466/330/4 2431/331/4
f 2466/330/4 2465/329/4 2432/328/4 2431/331/4
f 2467/332/2 2468/333/2 2471/334/2 2469/335/2
f 2472/336/5 2469/337/5 2470/338/5 2473/339/5
f 2476/340/16 2470/341/16 2469/335/16 2471/334/16
f 2470/341/4 2476/340/4 2474/342/4 2473/343/4
f 2471/344/8 2475/345/8 2474/346/8 2476/347/8
f 2468/348/10 2477/349/10 2475/345/10 2471/344/10
f 2480/350/1 2482/351/1 2479/332/1 2478/352/1
f 2480/353/5 2483/336/5 2484/354/5 2481/355/5
f 2481/356/18 2487/357/18 2482/351/18 2480/350/18
f 2484/358/4 2485/359/4 2487/357/4 2481/356/4
f 2486/360/8 2482/361/8 2487/362/8 2485/363/8
f 2488/364/10 2479/365/10 2482/361/10 2486/360/10
f 2489/366/2 2490/367/2 2493/350/2 2491/351/2
f 2494/336/5 2491/368/5 2492/338/5 2495/339/5
f 2498/369/16 2492/370/16 2491/351/16 2493/350/16
f 2492/370/4 2498/369/4 2496/342/4 2495/371/4
f 2493/372/8 2497/373/8 2496/346/8 2498/374/8
f 2490/375/10 2499/349/10 2497/373/10 2493/372/10
f 2502/376/1 2504/377/1 2501/378/1 2500/379/1
f 2502/337/5 2505/380/5 2506/339/5 2503/355/5
f 2503/381/18 2509/382/18 2504/377/18 2502/376/18
f 2506/383/4 2507/384/4 2509/382/4 2503/381/4
f 2508/385/8 2504/386/8 2509/387/8 2507/388/8
f 2510/389/10 2501/269/10 2504/386/10 2508/385/10
f 2513/390/1 2515/391/1 2512/392/1 2511/393/1
f 2513/394/5 2516/395/5 2517/396/5 2514/397/5
f 2514/398/18 2522/399/18 2515/391/18 2513/390/18
f 2521/400/16 2517/401/16 2516/402/16 2518/403/16
f 2519/404/2 2520/405/2 2518/403/2 2516/402/2
f 2520/268/10 2512/406/10 2515/407/10 2518/408/10
f 2518/408/8 2515/407/8 2522/409/8 2521/410/8
f 2517/401/4 2521/400/4 2522/399/4 2514/398/4
f 2525/411/1 2527/412/1 2524/413/1 2523/393/1
f 2525/414/5 2528/415/5 2529/416/5 2526/417/5
f 2526/417/18 2534/418/18 2527/412/18 2525/411/18
f 2533/419/16 2529/420/16 2528/421/16 2530/403/16
f 2531/422/2 2532/423/2 2530/403/2 2528/421/2
f 2532/424/10 2524/425/10 2527/426/10 2530/427/10
f 2530/427/8 2527/426/8 2534/428/8 2533/429/8
f 2529/420/4 2533/419/4 2534/418/4 2526/417/4
f 2537/430/1 2539/402/1 2536/431/1 2535/432/1
f 2537/394/5 2540/433/5 2541/254/5 2538/397/5
f 2538/434/18 2546/435/18 2539/402/18 2537/430/18
f 2545/398/16 2541/436/16 2540/391/16 2542/437/16
f 2543/438/2 2544/393/2 2542/437/2 2540/391/2
f 2544/439/10 2536/440/10 2539/441/10 2542/442/10
f 2542/442/8 2539/441/8 2546/443/8 2545/444/8
f 2541/436/4 2545/398/4 2546/435/4 2538/434/4
f 2549/445/1 2551/446/1 2548/447/1 2547/448/1
f 2549/394/5 2552/433/5 2553/396/5 2550/397/5
f 2550/449/18 2558/450/18 2551/446/18 2549/445/18
f 2557/451/16 2553/452/16 2552/412/16 2554/453/16
f 2555/454/2 2556/455/2 2554/453/2 2552/412/2
f 2556/456/10 2548/457/10 2551/458/10 2554/459/10
f 2554/459/8 2551/458/8 2558/460/8 2557/461/8
f 2553/452/4 2557/451/4 2558/450/4 2550/449/4
f 2561/466/4 2563/467/4 2564/468/4 2562/469/4
f 2567/470/1 2569/421/1 2566/404/1 2565/405/1
f 2568/473/18 2576/401/18 2569/421/18 2567/470/18
f 2567/433/5 2570/471/5 2571/472/5 2568/417/5
f 2575/474/16 2571/452/16 2570/412/16 2572/475/16
f 2573/476/2 2574/477/2 2572/475/2 2570/412/2
f 2574/439/10 2566/440/10 2569/441/10 2572/478/10
f 2572/478/8 2569/441/8 2576/479/8 2575/480/8
f 2571/452/4 2575/474/4 2576/401/4 2568/473/4
f 2579/430/1 2581/421/1 2578/481/1 2577/432/1
f 2580/473/18 2588/401/18 2581/421/18 2579/430/18
f 2579/414/5 2582/415/5 2583/482/5 2580/483/5
f 2587/398/16 2583/399/16 2582/484/16 2584/485/16
f 2585/413/2 2586/477/2 2584/485/2 2582/484/2
f 2586/486/10 2578/425/10 2581/426/10 2584/427/10
f 2584/427/8 2581/426/8 2588/428/8 2587/429/8
f 2583/399/4 2587/398/4 2588/401/4 2580/473/4
f 2591/470/1 2593/402/1 2590/487/1 2589/488/1
f 2592/473/18 2600/489/18 2593/402/18 2591/470/18
f 2591/394/5 2594/395/5 2595/396/5 2592/397/5
f 2599/451/16 2595/399/16 2594/391/16 2596/411/16
f 2597/413/2 2598/490/2 2596/411/2 2594/391/2
f 2598/491/10 2590/440/10 2593/441/10 2596/478/10
f 2596/478/8 2593/441/8 2600/479/8 2599/429/8
f 2595/399/4 2599/451/4 2600/489/4 2592/473/4
f 2603/492/1 2605/412/1 2602/493/1 2601/494/1
f 2604/512/18 2612/496/18 2605/412/18 2603/492/18
f 2603/414/5 2606/495/5 2607/482/5 2604/512/5
f 2611/400/16 2607/497/16 2606/421/16 2608/430/16
f 2609/404/2 2610/405/2 2608/430/2 2606/421/2
f 2610/498/10 2602/499/10 2605/500/10 2608/501/10
f 2608/501/8 2605/500/8 2612/502/8 2611/503/8
f 2607/497/4 2611/400/4 2612/496/4 2604/512/4
f 2614/582/2 2619/468/2 2620/583/2 2616/584/2
f 2615/504/1 2617/505/1 2618/506/1 2613/507/1
f 2621/466/4 2623/467/4 2624/468/4 2622/469/4
f 2627/470/1 2629/421/1 2626/404/1 2625/405/1
f 2628/473/18 2636/401/18 2629/421/18 2627/470/18
f 2627/433/5 2630/471/5 2631/472/5 2628/417/5
f 2635/474/16 2631/452/16 2630/412/16 2632/475/16
f 2633/476/2 2634/477/2 2632/475/2 2630/412/2
f 2634/439/10 2626/440/10 2629/441/10 2632/478/10
f 2632/478/8 2629/441/8 2636/479/8 2635/480/8
f 2631/452/4 2635/474/4 2636/401/4 2628/473/4
f 2639/430/1 2641/421/1 2638/481/1 2637/432/1
f 2640/473/18 2648/401/18 2641/421/18 2639/430/18
f 2639/414/5 2642/415/5 2643/482/5 2640/483/5
f 2647/398/16 2643/399/16 2642/484/16 2644/485/16
f 2645/413/2 2646/477/2 2644/485/2 2642/484/2
f 2646/486/10 2638/425/10 2641/426/10 2644/427/10
f 2644/427/8 2641/426/8 2648/428/8 2647/429/8
f 2643/399/4 2647/398/4 2648/401/4 2640/473/4
f 2651/470/1 2653/402/1 2650/487/1 2649/488/1
f 2652/473/18 2660/489/18 2653/402/18 2651/470/18
f 2651/394/5 2654/395/5 2655/396/5 2652/397/5
f 2659/451/16 2655/399/16 2654/391/16 2656/411/16
f 2657/413/2 2658/490/2 2656/411/2 2654/391/2
f 2658/491/10 2650/440/10 2653/441/10 2656/478/10
f 2656/478/8 2653/441/8 2660/479/8 2659/429/8
f 2655/399/4 2659/451/4 2660/489/4 2652/473/4
f 2663/492/1 2665/412/1 2662/493/1 2661/494/1
f 2664/512/18 2672/496/18 2665/412/18 2663/492/18
f 2663/414/5 2666/495/5 2667/482/5 2664/512/5
f 2671/400/16 2667/497/16 2666/421/16 2668/430/16
f 2669/404/2 2670/405/2 2668/430/2 2666/421/2
f 2670/498/10 2662/499/10 2665/500/10 2668/501/10
f 2668/501/8 2665/500/8 2672/502/8 2671/503/8
f 2667/497/4 2671/400/4 2672/496/4 2664/512/4
f 2673/589/1 2674/590/1 2678/591/1 2677/592/1
f 2676/593/2 2675/582/2 2679/507/2 2680/590/2
f 2682/327/4 2685/326/4 2684/330/4 2681/331/4
f 2684/330/4 2686/329/4 2683/328/4 2681/331/4
f 2689/270/20 2687/273/20 2684/298/20 2685/299/20
f 2686/286/2 2684/287/2 2687/288/2 2688/289/2
f 2689/270/4 2690/271/4 2688/272/4 2687/273/4
f 2685/292/1 2691/293/1 2690/294/1 2689/295/1
f 2691/302/21 2686/303/21 2688/272/21 2690/271/21
f 2683/328/4 2686/329/4 2691/325/4 2693/324/4
f 2704/323/4 2692/321/4 2691/325/4 2685/326/4
f 2692/321/4 2694/320/4 2693/324/4 2691/325/4
f 2694/320/4 2692/321/4 2697/317/4 2695/316/4
f 2699/309/4 2696/308/4 2695/316/4 2697/317/4
f 2697/304/21 2692/305/21 2702/276/21 2700/275/21
f 2709/315/4 2699/309/4 2697/317/4 2698/318/4
f 2698/286/1 2697/290/1 2700/288/1 2701/291/1
f 2701/274/4 2700/275/4 2702/276/4 2703/277/4
f 2692/286/2 2704/287/2 2703/288/2 2702/289/2
f 2701/274/20 2703/277/20 2704/296/20 2698/297/20
f 2705/322/4 2706/319/4 2698/318/4 2704/323/4
f 2705/322/4 2704/323/4 2685/326/4 2682/327/4
f 2707/314/4 2709/315/4 2698/318/4 2706/319/4
f 2707/314/4 2708/312/4 2710/313/4 2709/315/4
f 2713/278/20 2711/281/20 2709/300/20 2710/301/20
f 2699/286/2 2709/287/2 2711/288/2 2712/289/2
f 2713/278/4 2714/279/4 2712/280/4 2711/281/4
f 2710/282/1 2715/283/1 2714/284/1 2713/285/1
f 2715/306/21 2699/307/21 2712/280/21 2714/279/21
f 2696/308/4 2699/309/4 2715/310/4 2716/311/4
f 2708/312/4 2716/311/4 2715/310/4 2710/313/4
f 2719/390/1 2721/391/1 2718/392/1 2717/393/1
f 2720/398/18 2728/399/18 2721/391/18 2719/390/18
f 2719/394/5 2722/395/5 2723/396/5 2720/397/5
f 2727/400/16 2723/401/16 2722/402/16 2724/403/16
f 2725/404/2 2726/405/2 2724/403/2 2722/402/2
f 2726/268/10 2718/406/10 2721/407/10 2724/408/10
f 2724/408/8 2721/407/8 2728/409/8 2727/410/8
f 2723/401/4 2727/400/4 2728/399/4 2720/398/4
f 2731/411/1 2733/412/1 2730/413/1 2729/393/1
f 2732/474/18 2740/418/18 2733/412/18 2731/411/18
f 2731/414/5 2734/415/5 2735/416/5 2732/474/5
f 2739/419/16 2735/420/16 2734/421/16 2736/403/16
f 2737/422/2 2738/423/2 2736/403/2 2734/421/2
f 2738/424/10 2730/425/10 2733/426/10 2736/427/10
f 2736/427/8 2733/426/8 2740/428/8 2739/429/8
f 2735/420/4 2739/419/4 2740/418/4 2732/474/4
f 2743/430/1 2745/402/1 2742/431/1 2741/432/1
f 2744/434/18 2752/435/18 2745/402/18 2743/430/18
f 2743/394/5 2746/433/5 2747/254/5 2744/397/5
f 2751/398/16 2747/436/16 2746/391/16 2748/437/16
f 2749/438/2 2750/393/2 2748/437/2 2746/391/2
f 2750/439/10 2742/440/10 2745/441/10 2748/442/10
f 2748/442/8 2745/441/8 2752/443/8 2751/444/8
f 2747/436/4 2751/398/4 2752/435/4 2744/434/4
f 2755/445/1 2757/446/1 2754/447/1 2753/448/1
f 2756/449/18 2764/450/18 2757/446/18 2755/445/18
f 2755/394/5 2758/433/5 2759/396/5 2756/397/5
f 2763/451/16 2759/452/16 2758/412/16 2760/453/16
f 2761/454/2 2762/455/2 2760/453/2 2758/412/2
f 2762/456/10 2754/457/10 2757/458/10 2760/459/10
f 2760/459/8 2757/458/8 2764/460/8 2763/461/8
f 2759/452/4 2763/451/4 2764/450/4 2756/449/4
f 2766/504/1 2767/505/1 2768/506/1 2765/507/1
f 2769/466/4 2771/467/4 2772/468/4 2770/469/4
f 2775/470/1 2777/421/1 2774/404/1 2773/405/1
f 2776/473/18 2784/401/18 2777/421/18 2775/470/18
f 2775/433/5 2778/471/5 2779/472/5 2776/417/5
f 2783/474/16 2779/452/16 2778/412/16 2780/475/16
f 2781/476/2 2782/477/2 2780/475/2 2778/412/2
f 2782/439/10 2774/440/10 2777/441/10 2780/478/10
f 2780/478/8 2777/441/8 2784/479/8 2783/480/8
f 2779/452/4 2783/474/4 2784/401/4 2776/473/4
f 2787/430/1 2789/421/1 2786/481/1 2785/432/1
f 2788/473/18 2796/401/18 2789/421/18 2787/430/18
f 2787/414/5 2790/415/5 2791/482/5 2788/483/5
f 2795/398/16 2791/399/16 2790/484/16 2792/485/16
f 2793/413/2 2794/477/2 2792/485/2 2790/484/2
f 2794/486/10 2786/425/10 2789/426/10 2792/427/10
f 2792/427/8 2789/426/8 2796/428/8 2795/429/8
f 2791/399/4 2795/398/4 2796/401/4 2788/473/4
f 2799/470/1 2801/402/1 2798/487/1 2797/488/1
f 2800/473/18 2808/489/18 2801/402/18 2799/470/18
f 2799/394/5 2802/395/5 2803/396/5 2800/397/5
f 2807/451/16 2803/399/16 2802/391/16 2804/411/16
f 2805/413/2 2806/490/2 2804/411/2 2802/391/2
f 2806/491/10 2798/440/10 2801/441/10 2804/478/10
f 2804/478/8 2801/441/8 2808/479/8 2807/429/8
f 2803/399/4 2807/451/4 2808/489/4 2800/473/4
f 2811/492/1 2813/412/1 2810/493/1 2809/494/1
f 2812/512/18 2820/496/18 2813/412/18 2811/492/18
f 2811/414/5 2814/495/5 2815/482/5 2812/512/5
f 2819/400/16 2815/497/16 2814/421/16 2816/430/16
f 2817/404/2 2818/405/2 2816/430/2 2814/421/2
f 2818/498/10 2810/499/10 2813/500/10 2816/501/10
f 2816/501/8 2813/500/8 2820/502/8 2819/503/8
f 2815/497/4 2819/400/4 2820/496/4 2812/512/4
f 2823/570/10 2827/571/10 2830/572/10
f 2826/573/10 2825/574/10 2829/575/10
f 2824/576/10 2823/570/10 2830/572/10
f 2822/577/10 2826/573/10 2829/575/10
f 2825/574/10 2824/576/10 2830/572/10 2829/575/10
f 2821/578/1 2822/579/1 2829/580/1 2828/581/1
f 2832/327/4 2835/326/4 2834/330/4 2831/331/4
f 2834/330/4 2836/329/4 2833/328/4 2831/331/4
f 2839/270/20 2837/273/20 2834/298/20 2835/299/20
f 2836/286/2 2834/287/2 2837/288/2 2838/289/2
f 2839/270/4 2840/271/4 2838/272/4 2837/273/4
f 2835/292/1 2841/293/1 2840/294/1 2839/295/1
f 2841/302/21 2836/303/21 2838/272/21 2840/271/21
f 2833/328/4 2836/329/4 2841/325/4 2843/324/4
f 2854/323/4 2842/321/4 2841/325/4 2835/326/4
f 2842/321/4 2844/320/4 2843/324/4 2841/325/4
f 2844/320/4 2842/321/4 2847/317/4 2845/316/4
f 2849/309/4 2846/308/4 2845/316/4 2847/317/4
f 2847/304/21 2842/305/21 2852/276/21 2850/275/21
f 2859/315/4 2849/309/4 2847/317/4 2848/318/4
f 2848/286/1 2847/290/1 2850/288/1 2851/291/1
f 2851/274/4 2850/275/4 2852/276/4 2853/277/4
f 2842/286/2 2854/287/2 2853/288/2 2852/289/2
f 2851/274/20 2853/277/20 2854/296/20 2848/297/20
f 2855/322/4 2856/319/4 2848/318/4 2854/323/4
f 2855/322/4 2854/323/4 2835/326/4 2832/327/4
f 2857/314/4 2859/315/4 2848/318/4 2856/319/4
f 2857/314/4 2858/312/4 2860/313/4 2859/315/4
f 2863/278/20 2861/281/20 2859/300/20 2860/301/20
f 2849/286/2 2859/287/2 2861/288/2 2862/289/2
f 2863/278/4 2864/279/4 2862/280/4 2861/281/4
f 2860/282/1 2865/283/1 2864/284/1 2863/285/1
f 2865/306/21 2849/307/21 2862/280/21 2864/279/21
f 2846/308/4 2849/309/4 2865/310/4 2866/311/4
f 2858/312/4 2866/311/4 2865/310/4 2860/313/4
f 2869/390/1 2871/391/1 2868/392/1 2867/393/1
f 2870/398/18 2878/399/18 2871/391/18 2869/390/18
f 2869/394/5 2872/395/5 2873/396/5 2870/397/5
f 2877/400/16 2873/401/16 2872/402/16 2874/403/16
f 2875/404/2 2876/405/2 2874/403/2 2872/402/2
f 2876/268/10 2868/406/10 2871/407/10 2874/408/10
f 2874/408/8 2871/407/8 2878/409/8 2877/410/8
f 2873/401/4 2877/400/4 2878/399/4 2870/398/4
f 2881/411/1 2883/412/1 2880/413/1 2879/393/1
f 2882/474/18 2890/418/18 2883/412/18 2881/411/18
f 2881/414/5 2884/415/5 2885/416/5 2882/474/5
f 2889/419/16 2885/420/16 2884/421/16 2886/403/16
f 2887/422/2 2888/423/2 2886/403/2 2884/421/2
f 2888/424/10 2880/425/10 2883/426/10 2886/427/10
f 2886/427/8 2883/426/8 2890/428/8 2889/429/8
f 2885/420/4 2889/419/4 2890/418/4 2882/474/4
f 2893/430/1 2895/402/1 2892/431/1 2891/432/1
f 2894/434/18 2902/435/18 2895/402/18 2893/430/18
f 2893/394/5 2896/433/5 2897/254/5 2894/397/5
f 2901/398/16 2897/436/16 2896/391/16 2898/437/16
f 2899/438/2 2900/393/2 2898/437/2 2896/391/2
f 2900/439/10 2892/440/10 2895/441/10 2898/442/10
f 2898/442/8 2895/441/8 2902/443/8 2901/444/8
f 2897/436/4 2901/398/4 2902/435/4 2894/434/4
f 2905/445/1 2907/446/1 2904/447/1 2903/448/1
f 2906/449/18 2914/450/18 2907/446/18 2905/445/18
f 2905/394/5 2908/433/5 2909/396/5 2906/397/5
f 2913/451/16 2909/452/16 2908/412/16 2910/453/16
f 2911/454/2 2912/455/2 2910/453/2 2908/412/2
f 2912/456/10 2904/457/10 2907/458/10 2910/459/10
f 2910/459/8 2907/458/8 2914/460/8 2913/461/8
f 2909/452/4 2913/451/4 2914/450/4 2906/449/4
f 2936/270/4 2935/271/4 2937/272/4 2938/273/4
f 2932/274/4 2931/275/4 2933/276/4 2934/277/4
f 2928/278/4 2927/279/4 2929/280/4 2930/281/4
f 2940/282/1 2939/283/1 2927/284/1 2928/285/1
f 2941/286/2 2942/287/2 2930/288/2 2929/289/2
f 2944/286/1 2943/290/1 2931/288/1 2932/291/1
f 2945/286/2 2946/287/2 2934/288/2 2933/289/2
f 2948/292/1 2947/293/1 2935/294/1 2936/295/1
f 2949/286/2 2950/287/2 2938/288/2 2937/289/2
f 2932/274/20 2934/277/20 2946/296/20 2944/297/20
f 2936/270/20 2938/273/20 2950/298/20 2948/299/20
f 2928/278/20 2930/281/20 2942/300/20 2940/301/20
f 2947/302/21 2949/303/21 2937/272/21 2935/271/21
f 2943/304/21 2945/305/21 2933/276/21 2931/275/21
f 2939/306/21 2941/307/21 2929/280/21 2927/279/21
f 2919/308/4 2941/309/4 2939/310/4 2926/311/4
f 2917/312/4 2926/311/4 2939/310/4 2940/313/4
f 2925/314/4 2917/312/4 2940/313/4 2942/315/4
f 2941/309/4 2919/308/4 2920/316/4 2943/317/4
f 2942/315/4 2941/309/4 2943/317/4 2944/318/4
f 2925/314/4 2942/315/4 2944/318/4 2924/319/4
f 2921/320/4 2945/321/4 2943/317/4 2920/316/4
f 2923/322/4 2924/319/4 2944/318/4 2946/323/4
f 2945/321/4 2921/320/4 2922/324/4 2947/325/4
f 2946/323/4 2945/321/4 2947/325/4 2948/326/4
f 2923/322/4 2946/323/4 2948/326/4 2918/327/4
f 2916/328/4 2949/329/4 2947/325/4 2922/324/4
f 2918/327/4 2948/326/4 2950/330/4 2915/331/4
f 2950/330/4 2949/329/4 2916/328/4 2915/331/4
f 2951/332/2 2952/333/2 2955/334/2 2953/335/2
f 2956/336/17 2953/337/17 2954/338/17 2957/339/17
f 2960/340/16 2954/341/16 2953/335/16 2955/334/16
f 2954/341/4 2960/340/4 2958/342/4 2957/343/4
f 2955/344/8 2959/345/8 2958/346/8 2960/347/8
f 2952/348/10 2961/349/10 2959/345/10 2955/344/10
f 2964/350/1 2966/351/1 2963/332/1 2962/352/1
f 2964/353/5 2967/336/5 2968/354/5 2965/355/5
f 2965/356/18 2971/357/18 2966/351/18 2964/350/18
f 2968/358/4 2969/359/4 2971/357/4 2965/356/4
f 2970/360/9 2966/361/9 2971/362/9 2969/363/9
f 2972/364/10 2963/365/10 2966/361/10 2970/360/10
f 2973/366/2 2974/367/2 2977/350/2 2975/351/2
f 2978/336/5 2975/368/5 2976/338/5 2979/339/5
f 2982/369/16 2976/370/16 2975/351/16 2977/350/16
f 2976/370/4 2982/369/4 2980/342/4 2979/371/4
f 2977/372/9 2981/373/9 2980/346/9 2982/374/9
f 2974/375/10 2983/349/10 2981/373/10 2977/372/10
f 2986/376/1 2988/377/1 2985/378/1 2984/379/1
f 2986/337/17 2989/380/17 2990/339/17 2987/355/17
f 2987/381/18 2993/382/18 2988/377/18 2986/376/18
f 2990/383/4 2991/384/4 2993/382/4 2987/381/4
f 2992/385/8 2988/386/8 2993/387/8 2991/388/8
f 2994/389/10 2985/269/10 2988/386/10 2992/385/10
f 2997/390/1 2999/391/1 2996/392/1 2995/393/1
f 2997/394/5 3000/395/5 3001/396/5 2998/397/5
f 2998/398/18 3006/399/18 2999/391/18 2997/390/18
f 3005/400/16 3001/401/16 3000/402/16 3002/403/16
f 3003/404/2 3004/405/2 3002/403/2 3000/402/2
f 3004/268/10 2996/406/10 2999/407/10 3002/408/10
f 3002/408/8 2999/407/8 3006/409/8 3005/410/8
f 3001/401/4 3005/400/4 3006/399/4 2998/398/4
f 3009/411/1 3011/412/1 3008/413/1 3007/393/1
f 3009/414/5 3012/415/5 3013/416/5 3010/417/5
f 3010/417/18 3018/418/18 3011/412/18 3009/411/18
f 3017/419/16 3013/420/16 3012/421/16 3014/403/16
f 3015/422/2 3016/423/2 3014/403/2 3012/421/2
f 3016/424/10 3008/425/10 3011/426/10 3014/427/10
f 3014/427/8 3011/426/8 3018/428/8 3017/429/8
f 3013/420/4 3017/419/4 3018/418/4 3010/417/4
f 3021/430/1 3023/402/1 3020/431/1 3019/432/1
f 3021/394/5 3024/433/5 3025/254/5 3022/397/5
f 3022/434/18 3030/435/18 3023/402/18 3021/430/18
f 3029/398/16 3025/436/16 3024/391/16 3026/437/16
f 3027/438/2 3028/393/2 3026/437/2 3024/391/2
f 3028/439/10 3020/440/10 3023/441/10 3026/442/10
f 3026/442/8 3023/441/8 3030/443/8 3029/444/8
f 3025/436/4 3029/398/4 3030/435/4 3022/434/4
f 3033/445/1 3035/446/1 3032/447/1 3031/448/1
f 3033/394/5 3036/433/5 3037/396/5 3034/397/5
f 3034/449/18 3042/450/18 3035/446/18 3033/445/18
f 3041/451/16 3037/452/16 3036/412/16 3038/453/16
f 3039/454/2 3040/455/2 3038/453/2 3036/412/2
f 3040/456/10 3032/457/10 3035/458/10 3038/459/10
f 3038/459/8 3035/458/8 3042/460/8 3041/461/8
f 3037/452/4 3041/451/4 3042/450/4 3034/449/4
f 3044/508/10 3046/509/10 3045/510/10 3043/511/10
f 3047/466/4 3049/467/4 3050/468/4 3048/469/4
f 3053/470/1 3055/421/1 3052/404/1 3051/405/1
f 3054/473/18 3062/401/18 3055/421/18 3053/470/18
f 3053/433/5 3056/471/5 3057/472/5 3054/417/5
f 3061/474/16 3057/452/16 3056/412/16 3058/475/16
f 3059/476/2 3060/477/2 3058/475/2 3056/412/2
f 3060/439/10 3052/440/10 3055/441/10 3058/478/10
f 3058/478/8 3055/441/8 3062/479/8 3061/480/8
f 3057/452/4 3061/474/4 3062/401/4 3054/473/4
f 3065/430/1 3067/421/1 3064/481/1 3063/432/1
f 3066/473/18 3074/401/18 3067/421/18 3065/430/18
f 3065/414/5 3068/415/5 3069/482/5 3066/483/5
f 3073/398/16 3069/399/16 3068/484/16 3070/485/16
f 3071/413/2 3072/477/2 3070/485/2 3068/484/2
f 3072/486/10 3064/425/10 3067/426/10 3070/427/10
f 3070/427/9 3067/426/9 3074/428/9 3073/429/9
f 3069/399/4 3073/398/4 3074/401/4 3066/473/4
f 3077/470/1 3079/402/1 3076/487/1 3075/488/1
f 3078/473/18 3086/489/18 3079/402/18 3077/470/18
f 3077/394/5 3080/395/5 3081/396/5 3078/397/5
f 3085/451/16 3081/399/16 3080/391/16 3082/411/16
f 3083/413/2 3084/490/2 3082/411/2 3080/391/2
f 3084/491/10 3076/440/10 3079/441/10 3082/478/10
f 3082/478/8 3079/441/8 3086/479/8 3085/429/8
f 3081/399/4 3085/451/4 3086/489/4 3078/473/4
f 3089/492/1 3091/412/1 3088/493/1 3087/494/1
f 3090/512/18 3098/496/18 3091/412/18 3089/492/18
f 3089/414/22 3092/495/22 3093/482/22 3090/512/22
f 3097/400/16 3093/497/16 3092/421/16 3094/430/16
f 3095/404/2 3096/405/2 3094/430/2 3092/421/2
f 3096/498/10 3088/499/10 3091/500/10 3094/501/10
f 3094/501/9 3091/500/9 3098/502/9 3097/503/9
f 3093/497/4 3097/400/4 3098/496/4 3090/512/4
f 3100/464/10 3102/465/10 3101/568/10 3099/569/10
f 3103/466/4 3105/467/4 3106/468/4 3104/469/4
f 3109/470/1 3111/421/1 3108/404/1 3107/405/1
f 3109/433/5 3112/471/5 3113/472/5 3110/417/5
f 3110/473/18 3118/401/18 3111/421/18 3109/470/18
f 3117/474/16 3113/452/16 3112/412/16 3114/475/16
f 3115/476/2 3116/477/2 3114/475/2 3112/412/2
f 3116/439/10 3108/440/10 3111/441/10 3114/478/10
f 3114/478/8 3111/441/8 3118/479/8 3117/480/8
f 3113/452/4 3117/474/4 3118/401/4 3110/473/4
f 3121/430/1 3123/421/1 3120/481/1 3119/432/1
f 3121/414/5 3124/415/5 3125/482/5 3122/483/5
f 3122/473/18 3130/401/18 3123/421/18 3121/430/18
f 3129/398/16 3125/399/16 3124/484/16 3126/485/16
f 3127/413/2 3128/477/2 3126/485/2 3124/484/2
f 3128/486/10 3120/425/10 3123/426/10 3126/427/10
f 3126/427/8 3123/426/8 3130/428/8 3129/429/8
f 3125/399/4 3129/398/4 3130/401/4 3122/473/4
f 3133/470/1 3135/402/1 3132/487/1 3131/488/1
f 3133/394/5 3136/395/5 3137/396/5 3134/397/5
f 3134/473/18 3142/489/18 3135/402/18 3133/470/18
f 3141/451/16 3137/399/16 3136/391/16 3138/411/16
f 3139/413/2 3140/490/2 3138/411/2 3136/391/2
f 3140/491/10 3132/440/10 3135/441/10 3138/478/10
f 3138/478/8 3135/441/8 3142/479/8 3141/429/8
f 3137/399/4 3141/451/4 3142/489/4 3134/473/4
f 3145/492/1 3147/412/1 3144/493/1 3143/494/1
f 3145/414/5 3148/495/5 3149/482/5 3146/483/5
f 3146/483/18 3154/496/18 3147/412/18 3145/492/18
f 3153/400/16 3149/497/16 3148/421/16 3150/430/16
f 3151/404/2 3152/405/2 3150/430/2 3148/421/2
f 3152/498/10 3144/499/10 3147/500/10 3150/501/10
f 3150/501/8 3147/500/8 3154/502/8 3153/503/8
f 3149/497/4 3153/400/4 3154/496/4 3146/483/4
f 3155/466/4 3156/467/4 3158/468/4 3157/469/4
f 3163/473/18 3165/401/18 3166/421/18 3164/470/18
f 3169/474/16 3167/452/16 3168/412/16 3170/475/16
f 3164/433/5 3168/471/5 3167/472/5 3163/417/5
f 3170/478/8 3166/441/8 3165/479/8 3169/480/8
f 3164/470/1 3166/421/1 3160/404/1 3159/405/1
f 3167/452/4 3169/474/4 3165/401/4 3163/473/4
f 3162/439/10 3160/440/10 3166/441/10 3170/478/10
f 3161/476/2 3162/477/2 3170/475/2 3168/412/2
f 3175/473/18 3177/401/18 3178/421/18 3176/430/18
f 3181/398/16 3179/399/16 3180/484/16 3182/485/16
f 3176/414/5 3180/415/5 3179/482/5 3175/483/5
f 3182/427/8 3178/426/8 3177/428/8 3181/429/8
f 3176/430/1 3178/421/1 3172/481/1 3171/432/1
f 3179/399/4 3181/398/4 3177/401/4 3175/473/4
f 3174/486/10 3172/425/10 3178/426/10 3182/427/10
f 3173/413/2 3174/477/2 3182/485/2 3180/484/2
f 3187/473/18 3189/489/18 3190/402/18 3188/470/18
f 3193/451/16 3191/399/16 3192/391/16 3194/411/16
f 3188/394/5 3192/395/5 3191/396/5 3187/397/5
f 3194/478/8 3190/441/8 3189/479/8 3193/429/8
f 3188/470/1 3190/402/1 3184/487/1 3183/488/1
f 3191/399/4 3193/451/4 3189/489/4 3187/473/4
f 3186/491/10 3184/440/10 3190/441/10 3194/478/10
f 3185/413/2 3186/490/2 3194/411/2 3192/391/2
f 3199/512/18 3201/496/18 3202/412/18 3200/492/18
f 3205/400/16 3203/497/16 3204/421/16 3206/430/16
f 3200/414/5 3204/495/5 3203/482/5 3199/512/5
f 3206/501/8 3202/500/8 3201/502/8 3205/503/8
f 3200/492/1 3202/412/1 3196/493/1 3195/494/1
f 3203/497/4 3205/400/4 3201/496/4 3199/512/4
f 3198/498/10 3196/499/10 3202/500/10 3206/501/10
f 3197/404/2 3198/405/2 3206/430/2 3204/421/2
f 3212/525/16 3210/526/16 3211/527/16 3213/528/16
f 3214/529/5 3211/530/5 3210/531/5 3215/532/5
f 3213/533/8 3217/534/8 3216/535/8 3212/536/8
f 3207/537/2 3208/538/2 3213/528/2 3211/527/2
f 3210/526/4 3212/525/4 3216/539/4 3215/540/4
f 3208/541/10 3209/542/10 3217/534/10 3213/533/10
f 3223/525/16 3221/543/16 3222/544/16 3224/545/16
f 3225/529/5 3222/530/5 3221/546/5 3226/532/5
f 3224/372/8 3228/547/8 3227/548/8 3223/549/8
f 3218/550/2 3219/551/2 3224/545/2 3222/544/2
f 3221/543/4 3223/525/4 3227/539/4 3226/552/4
f 3219/553/10 3220/554/10 3228/547/10 3224/372/10
f 3232/555/18 3234/382/18 3235/544/18 3233/376/18
f 3238/360/8 3235/556/8 3234/557/8 3239/363/8
f 3233/368/5 3237/380/5 3236/339/5 3232/355/5
f 3233/376/1 3235/544/1 3230/378/1 3229/558/1
f 3236/539/4 3239/540/4 3234/382/4 3232/555/4
f 3231/364/10 3230/559/10 3235/556/10 3238/360/10
f 3243/560/18 3245/561/18 3246/562/18 3244/563/18
f 3249/564/8 3246/386/8 3245/565/8 3250/566/8
f 3244/368/5 3248/380/5 3247/339/5 3243/355/5
f 3244/563/1 3246/562/1 3241/550/1 3240/551/1
f 3247/567/4 3250/540/4 3245/561/4 3243/560/4
f 3242/389/10 3241/269/10 3246/386/10 3249/564/10
f 3251/466/4 3252/467/4 3254/468/4 3253/469/4
f 3259/473/18 3261/401/18 3262/421/18 3260/470/18
f 3265/474/16 3263/452/16 3264/412/16 3266/475/16
f 3260/433/5 3264/471/5 3263/472/5 3259/417/5
f 3266/478/8 3262/441/8 3261/479/8 3265/480/8
f 3260/470/1 3262/421/1 3256/404/1 3255/405/1
f 3263/452/4 3265/474/4 3261/401/4 3259/473/4
f 3258/439/10 3256/440/10 3262/441/10 3266/478/10
f 3257/476/2 3258/477/2 3266/475/2 3264/412/2
f 3271/473/18 3273/401/18 3274/421/18 3272/430/18
f 3277/398/16 3275/399/16 3276/484/16 3278/485/16
f 3272/414/5 3276/415/5 3275/482/5 3271/483/5
f 3278/427/8 3274/426/8 3273/428/8 3277/429/8
f 3272/430/1 3274/421/1 3268/481/1 3267/432/1
f 3275/399/4 3277/398/4 3273/401/4 3271/473/4
f 3270/486/10 3268/425/10 3274/426/10 3278/427/10
f 3269/413/2 3270/477/2 3278/485/2 3276/484/2
f 3283/473/18 3285/489/18 3286/402/18 3284/470/18
f 3289/451/16 3287/399/16 3288/391/16 3290/411/16
f 3284/394/5 3288/395/5 3287/396/5 3283/397/5
f 3290/478/8 3286/441/8 3285/479/8 3289/429/8
f 3284/470/1 3286/402/1 3280/487/1 3279/488/1
f 3287/399/4 3289/451/4 3285/489/4 3283/473/4
f 3282/491/10 3280/440/10 3286/441/10 3290/478/10
f 3281/413/2 3282/490/2 3290/411/2 3288/391/2
f 3295/512/18 3297/496/18 3298/412/18 3296/492/18
f 3301/400/16 3299/497/16 3300/421/16 3302/430/16
f 3296/414/5 3300/495/5 3299/482/5 3295/512/5
f 3302/501/8 3298/500/8 3297/502/8 3301/503/8
f 3296/492/1 3298/412/1 3292/493/1 3291/494/1
f 3299/497/4 3301/400/4 3297/496/4 3295/512/4
f 3294/498/10 3292/499/10 3298/500/10 3302/501/10
f 3293/404/2 3294/405/2 3302/430/2 3300/421/2
f 3308/525/16 3306/526/16 3307/527/16 3309/528/16
f 3310/529/5 3307/530/5 3306/531/5 3311/532/5
f 3309/533/8 3313/534/8 3312/535/8 3308/536/8
f 3303/537/2 3304/538/2 3309/528/2 3307/527/2
f 3306/526/4 3308/525/4 3312/539/4 3311/540/4
f 3304/541/10 3305/542/10 3313/534/10 3309/533/10
f 3319/525/16 3317/543/16 3318/544/16 3320/545/16
f 3321/529/5 3318/530/5 3317/546/5 3322/532/5
f 3320/372/8 3324/547/8 3323/548/8 3319/549/8
f 3314/550/2 3315/551/2 3320/545/2 3318/544/2
f 3317/543/4 3319/525/4 3323/539/4 3322/552/4
f 3315/553/10 3316/554/10 3324/547/10 3320/372/10
f 3328/555/18 3330/382/18 3331/544/18 3329/376/18
f 3334/360/8 3331/556/8 3330/557/8 3335/363/8
f 3329/368/5 3333/380/5 3332/339/5 3328/355/5
f 3329/376/1 3331/544/1 3326/378/1 3325/558/1
f 3332/539/4 3335/540/4 3330/382/4 3328/555/4
f 3327/364/10 3326/559/10 3331/556/10 3334/360/10
f 3339/560/18 3341/561/18 3342/562/18 3340/563/18
f 3345/564/8 3342/386/8 3341/565/8 3346/566/8
f 3340/368/5 3344/380/5 3343/339/5 3339/355/5
f 3340/563/1 3342/562/1 3337/550/1 3336/551/1
f 3343/567/4 3346/540/4 3341/561/4 3339/560/4
f 3338/389/10 3337/269/10 3342/386/10 3345/564/10
f 3348/593/2 3347/582/2 3349/507/2 3350/590/2
f 3352/327/4 3355/326/4 3354/330/4 3351/331/4
f 3354/330/4 3356/329/4 3353/328/4 3351/331/4
f 3359/270/20 3357/273/20 3354/298/20 3355/299/20
f 3356/286/2 3354/287/2 3357/288/2 3358/289/2
f 3359/270/4 3360/271/4 3358/272/4 3357/273/4
f 3355/292/1 3361/293/1 3360/294/1 3359/295/1
f 3361/302/21 3356/303/21 3358/272/21 3360/271/21
f 3353/328/4 3356/329/4 3361/325/4 3363/324/4
f 3374/323/4 3362/321/4 3361/325/4 3355/326/4
f 3362/321/4 3364/320/4 3363/324/4 3361/325/4
f 3364/320/4 3362/321/4 3367/317/4 3365/316/4
f 3369/309/4 3366/308/4 3365/316/4 3367/317/4
f 3367/304/21 3362/305/21 3372/276/21 3370/275/21
f 3379/315/4 3369/309/4 3367/317/4 3368/318/4
f 3368/286/1 3367/290/1 3370/288/1 3371/291/1
f 3371/274/4 3370/275/4 3372/276/4 3373/277/4
f 3362/286/2 3374/287/2 3373/288/2 3372/289/2
f 3371/274/20 3373/277/20 3374/296/20 3368/297/20
f 3375/322/4 3376/319/4 3368/318/4 3374/323/4
f 3375/322/4 3374/323/4 3355/326/4 3352/327/4
f 3377/314/4 3379/315/4 3368/318/4 3376/319/4
f 3377/314/4 3378/312/4 3380/313/4 3379/315/4
f 3383/278/20 3381/281/20 3379/300/20 3380/301/20
f 3369/286/2 3379/287/2 3381/288/2 3382/289/2
f 3383/278/4 3384/279/4 3382/280/4 3381/281/4
f 3380/282/1 3385/283/1 3384/284/1 3383/285/1
f 3385/306/21 3369/307/21 3382/280/21 3384/279/21
f 3366/308/4 3369/309/4 3385/310/4 3386/311/4
f 3378/312/4 3386/311/4 3385/310/4 3380/313/4
f 3389/390/1 3391/391/1 3388/392/1 3387/393/1
f 3390/398/18 3398/399/18 3391/391/18 3389/390/18
f 3389/394/5 3392/395/5 3393/396/5 3390/397/5
f 3397/400/16 3393/401/16 3392/402/16 3394/403/16
f 3395/404/2 3396/405/2 3394/403/2 3392/402/2
f 3396/268/10 3388/406/10 3391/407/10 3394/408/10
f 3394/408/8 3391/407/8 3398/409/8 3397/410/8
f 3393/401/4 3397/400/4 3398/399/4 3390/398/4
f 3401/411/1 3403/412/1 3400/413/1 3399/393/1
f 3402/474/18 3410/418/18 3403/412/18 3401/411/18
f 3401/414/5 3404/415/5 3405/416/5 3402/474/5
f 3409/419/16 3405/420/16 3404/421/16 3406/403/16
f 3407/422/2 3408/423/2 3406/403/2 3404/421/2
f 3408/424/10 3400/425/10 3403/426/10 3406/427/10
f 3406/427/8 3403/426/8 3410/428/8 3409/429/8
f 3405/420/4 3409/419/4 3410/418/4 3402/474/4
f 3413/430/1 3415/402/1 3412/431/1 3411/432/1
f 3414/434/18 3422/435/18 3415/402/18 3413/430/18
f 3413/394/5 3416/433/5 3417/254/5 3414/397/5
f 3421/398/16 3417/436/16 3416/391/16 3418/437/16
f 3419/438/2 3420/393/2 3418/437/2 3416/391/2
f 3420/439/10 3412/440/10 3415/441/10 3418/442/10
f 3418/442/8 3415/441/8 3422/443/8 3421/444/8
f 3417/436/4 3421/398/4 3422/435/4 3414/434/4
f 3425/445/1 3427/446/1 3424/447/1 3423/448/1
f 3426/449/18 3434/450/18 3427/446/18 3425/445/18
f 3425/394/5 3428/433/5 3429/396/5 3426/397/5
f 3433/451/16 3429/452/16 3428/412/16 3430/453/16
f 3431/454/2 3432/455/2 3430/453/2 3428/412/2
f 3432/456/10 3424/457/10 3427/458/10 3430/459/10
f 3430/459/8 3427/458/8 3434/460/8 3433/461/8
f 3429/452/4 3433/451/4 3434/450/4 3426/449/4
f 3435/466/4 3437/467/4 3438/468/4 3436/469/4
f 3441/470/1 3443/421/1 3440/404/1 3439/405/1
f 3442/473/18 3450/401/18 3443/421/18 3441/470/18
f 3441/433/5 3444/471/5 3445/472/5 3442/417/5
f 3449/474/16 3445/452/16 3444/412/16 3446/475/16
f 3447/476/2 3448/477/2 3446/475/2 3444/412/2
f 3448/439/10 3440/440/10 3443/441/10 3446/478/10
f 3446/478/8 3443/441/8 3450/479/8 3449/480/8
f 3445/452/4 3449/474/4 3450/401/4 3442/473/4
f 3453/430/1 3455/421/1 3452/481/1 3451/432/1
f 3454/473/18 3462/401/18 3455/421/18 3453/430/18
f 3453/414/5 3456/415/5 3457/482/5 3454/483/5
f 3461/398/16 3457/399/16 3456/484/16 3458/485/16
f 3459/413/2 3460/477/2 3458/485/2 3456/484/2
f 3460/486/10 3452/425/10 3455/426/10 3458/427/10
f 3458/427/8 3455/426/8 3462/428/8 3461/429/8
f 3457/399/4 3461/398/4 3462/401/4 3454/473/4
f 3465/470/1 3467/402/1 3464/487/1 3463/488/1
f 3466/473/18 3474/489/18 3467/402/18 3465/470/18
f 3465/394/5 3468/395/5 3469/396/5 3466/397/5
f 3473/451/16 3469/399/16 3468/391/16 3470/411/16
f 3471/413/2 3472/490/2 3470/411/2 3468/391/2
f 3472/491/10 3464/440/10 3467/441/10 3470/478/10
f 3470/478/8 3467/441/8 3474/479/8 3473/429/8
f 3469/399/4 3473/451/4 3474/489/4 3466/473/4
f 3477/492/1 3479/412/1 3476/493/1 3475/494/1
f 3478/512/18 3486/496/18 3479/412/18 3477/492/18
f 3477/414/5 3480/495/5 3481/482/5 3478/512/5
f 3485/400/16 3481/497/16 3480/421/16 3482/430/16
f 3483/404/2 3484/405/2 3482/430/2 3480/421/2
f 3484/498/10 3476/499/10 3479/500/10 3482/501/10
f 3482/501/8 3479/500/8 3486/502/8 3485/503/8
f 3481/497/4 3485/400/4 3486/496/4 3478/512/4
f 3487/589/1 3488/590/1 3490/591/1 3489/592/1
f 3492/327/4 3495/326/4 3494/330/4 3491/331/4
f 3494/330/4 3496/329/4 3493/328/4 3491/331/4
f 3499/270/20 3497/273/20 3494/298/20 3495/299/20
f 3496/286/2 3494/287/2 3497/288/2 3498/289/2
f 3499/270/4 3500/271/4 3498/272/4 3497/273/4
f 3495/292/1 3501/293/1 3500/294/1 3499/295/1
f 3501/302/21 3496/303/21 3498/272/21 3500/271/21
f 3493/328/4 3496/329/4 3501/325/4 3503/324/4
f 3514/323/4 3502/321/4 3501/325/4 3495/326/4
f 3502/321/4 3504/320/4 3503/324/4 3501/325/4
f 3504/320/4 3502/321/4 3507/317/4 3505/316/4
f 3509/309/4 3506/308/4 3505/316/4 3507/317/4
f 3507/304/21 3502/305/21 3512/276/21 3510/275/21
f 3519/315/4 3509/309/4 3507/317/4 3508/318/4
f 3508/286/1 3507/290/1 3510/288/1 3511/291/1
f 3511/274/4 3510/275/4 3512/276/4 3513/277/4
f 3502/286/2 3514/287/2 3513/288/2 3512/289/2
f 3511/274/20 3513/277/20 3514/296/20 3508/297/20
f 3515/322/4 3516/319/4 3508/318/4 3514/323/4
f 3515/322/4 3514/323/4 3495/326/4 3492/327/4
f 3517/314/4 3519/315/4 3508/318/4 3516/319/4
f 3517/314/4 3518/312/4 3520/313/4 3519/315/4
f 3523/278/20 3521/281/20 3519/300/20 3520/301/20
f 3509/286/2 3519/287/2 3521/288/2 3522/289/2
f 3523/278/4 3524/279/4 3522/280/4 3521/281/4
f 3520/282/1 3525/283/1 3524/284/1 3523/285/1
f 3525/306/21 3509/307/21 3522/280/21 3524/279/21
f 3506/308/4 3509/309/4 3525/310/4 3526/311/4
f 3518/312/4 3526/311/4 3525/310/4 3520/313/4
f 3529/390/1 3531/391/1 3528/392/1 3527/393/1
f 3530/398/18 3538/399/18 3531/391/18 3529/390/18
f 3529/394/5 3532/395/5 3533/396/5 3530/397/5
f 3537/400/16 3533/401/16 3532/402/16 3534/403/16
f 3535/404/2 3536/405/2 3534/403/2 3532/402/2
f 3536/268/10 3528/406/10 3531/407/10 3534/408/10
f 3534/408/8 3531/407/8 3538/409/8 3537/410/8
f 3533/401/4 3537/400/4 3538/399/4 3530/398/4
f 3541/411/1 3543/412/1 3540/413/1 3539/393/1
f 3542/474/18 3550/418/18 3543/412/18 3541/411/18
f 3541/414/5 3544/415/5 3545/416/5 3542/474/5
f 3549/419/16 3545/420/16 3544/421/16 3546/403/16
f 3547/422/2 3548/423/2 3546/403/2 3544/421/2
f 3548/424/10 3540/425/10 3543/426/10 3546/427/10
f 3546/427/8 3543/426/8 3550/428/8 3549/429/8
f 3545/420/4 3549/419/4 3550/418/4 3542/474/4
f 3553/430/1 3555/402/1 3552/431/1 3551/432/1
f 3554/434/18 3562/435/18 3555/402/18 3553/430/18
f 3553/394/5 3556/433/5 3557/254/5 3554/397/5
f 3561/398/16 3557/436/16 3556/391/16 3558/437/16
f 3559/438/2 3560/393/2 3558/437/2 3556/391/2
f 3560/439/10 3552/440/10 3555/441/10 3558/442/10
f 3558/442/8 3555/441/8 3562/443/8 3561/444/8
f 3557/436/4 3561/398/4 3562/435/4 3554/434/4
f 3565/445/1 3567/446/1 3564/447/1 3563/448/1
f 3566/449/18 3574/450/18 3567/446/18 3565/445/18
f 3565/394/5 3568/433/5 3569/396/5 3566/397/5
f 3573/451/16 3569/452/16 3568/412/16 3570/453/16
f 3571/454/2 3572/455/2 3570/453/2 3568/412/2
f 3572/456/10 3564/457/10 3567/458/10 3570/459/10
f 3570/459/8 3567/458/8 3574/460/8 3573/461/8
f 3569/452/4 3573/451/4 3574/450/4 3566/449/4
f 3578/594/10 3577/595/10 3582/596/10 3581/571/10
f 3579/597/10 3578/594/10 3581/571/10
f 3576/598/10 3580/575/10 3582/596/10
f 3577/595/10 3576/598/10 3582/596/10
f 3575/572/10 3579/597/10 3581/571/10
f 3584/327/4 3587/326/4 3586/330/4 3583/331/4
f 3586/330/4 3588/329/4 3585/328/4 3583/331/4
f 3591/270/20 3589/273/20 3586/298/20 3587/299/20
f 3588/286/2 3586/287/2 3589/288/2 3590/289/2
f 3591/270/4 3592/271/4 3590/272/4 3589/273/4
f 3587/292/1 3593/293/1 3592/294/1 3591/295/1
f 3593/302/21 3588/303/21 3590/272/21 3592/271/21
f 3585/328/4 3588/329/4 3593/325/4 3595/324/4
f 3606/323/4 3594/321/4 3593/325/4 3587/326/4
f 3594/321/4 3596/320/4 3595/324/4 3593/325/4
f 3596/320/4 3594/321/4 3599/317/4 3597/316/4
f 3601/309/4 3598/308/4 3597/316/4 3599/317/4
f 3599/304/21 3594/305/21 3604/276/21 3602/275/21
f 3611/315/4 3601/309/4 3599/317/4 3600/318/4
f 3600/286/1 3599/290/1 3602/288/1 3603/291/1
f 3603/274/4 3602/275/4 3604/276/4 3605/277/4
f 3594/286/2 3606/287/2 3605/288/2 3604/289/2
f 3603/274/20 3605/277/20 3606/296/20 3600/297/20
f 3607/322/4 3608/319/4 3600/318/4 3606/323/4
f 3607/322/4 3606/323/4 3587/326/4 3584/327/4
f 3609/314/4 3611/315/4 3600/318/4 3608/319/4
f 3609/314/4 3610/312/4 3612/313/4 3611/315/4
f 3615/278/20 3613/281/20 3611/300/20 3612/301/20
f 3601/286/2 3611/287/2 3613/288/2 3614/289/2
f 3615/278/4 3616/279/4 3614/280/4 3613/281/4
f 3612/282/1 3617/283/1 3616/284/1 3615/285/1
f 3617/306/21 3601/307/21 3614/280/21 3616/279/21
f 3598/308/4 3601/309/4 3617/310/4 3618/311/4
f 3610/312/4 3618/311/4 3617/310/4 3612/313/4
f 3621/390/1 3623/391/1 3620/392/1 3619/393/1
f 3622/398/18 3630/399/18 3623/391/18 3621/390/18
f 3621/394/5 3624/395/5 3625/396/5 3622/397/5
f 3629/400/16 3625/401/16 3624/402/16 3626/403/16
f 3627/404/2 3628/405/2 3626/403/2 3624/402/2
f 3628/268/10 3620/406/10 3623/407/10 3626/408/10
f 3626/408/8 3623/407/8 3630/409/8 3629/410/8
f 3625/401/4 3629/400/4 3630/399/4 3622/398/4
f 3633/411/1 3635/412/1 3632/413/1 3631/393/1
f 3634/474/18 3642/418/18 3635/412/18 3633/411/18
f 3633/414/5 3636/415/5 3637/416/5 3634/474/5
f 3641/419/16 3637/420/16 3636/421/16 3638/403/16
f 3639/422/2 3640/423/2 3638/403/2 3636/421/2
f 3640/424/10 3632/425/10 3635/426/10 3638/427/10
f 3638/427/8 3635/426/8 3642/428/8 3641/429/8
f 3637/420/4 3641/419/4 3642/418/4 3634/474/4
f 3645/430/1 3647/402/1 3644/431/1 3643/432/1
f 3646/434/18 3654/435/18 3647/402/18 3645/430/18
f 3645/394/5 3648/433/5 3649/254/5 3646/397/5
f 3653/398/16 3649/436/16 3648/391/16 3650/437/16
f 3651/438/2 3652/393/2 3650/437/2 3648/391/2
f 3652/439/10 3644/440/10 3647/441/10 3650/442/10
f 3650/442/8 3647/441/8 3654/443/8 3653/444/8
f 3649/436/4 3653/398/4 3654/435/4 3646/434/4
f 3657/445/1 3659/446/1 3656/447/1 3655/448/1
f 3658/449/18 3666/450/18 3659/446/18 3657/445/18
f 3657/394/5 3660/433/5 3661/396/5 3658/397/5
f 3665/451/16 3661/452/16 3660/412/16 3662/453/16
f 3663/454/2 3664/455/2 3662/453/2 3660/412/2
f 3664/456/10 3656/457/10 3659/458/10 3662/459/10
f 3662/459/8 3659/458/8 3666/460/8 3665/461/8
f 3661/452/4 3665/451/4 3666/450/4 3658/449/4
f 3688/270/4 3687/271/4 3689/272/4 3690/273/4
f 3684/274/4 3683/275/4 3685/276/4 3686/277/4
f 3680/278/4 3679/279/4 3681/280/4 3682/281/4
f 3692/282/1 3691/283/1 3679/284/1 3680/285/1
f 3693/286/2 3694/287/2 3682/288/2 3681/289/2
f 3696/286/1 3695/290/1 3683/288/1 3684/291/1
f 3697/286/2 3698/287/2 3686/288/2 3685/289/2
f 3700/292/1 3699/293/1 3687/294/1 3688/295/1
f 3701/286/2 3702/287/2 3690/288/2 3689/289/2
f 3684/274/20 3686/277/20 3698/296/20 3696/297/20
f 3688/270/20 3690/273/20 3702/298/20 3700/299/20
f 3680/278/20 3682/281/20 3694/300/20 3692/301/20
f 3699/302/21 3701/303/21 3689/272/21 3687/271/21
f 3695/304/21 3697/305/21 3685/276/21 3683/275/21
f 3691/306/21 3693/307/21 3681/280/21 3679/279/21
f 3671/308/4 3693/309/4 3691/310/4 3678/311/4
f 3669/312/4 3678/311/4 3691/310/4 3692/313/4
f 3677/314/4 3669/312/4 3692/313/4 3694/315/4
f 3693/309/4 3671/308/4 3672/316/4 3695/317/4
f 3694/315/4 3693/309/4 3695/317/4 3696/318/4
f 3677/314/4 3694/315/4 3696/318/4 3676/319/4
f 3673/320/4 3697/321/4 3695/317/4 3672/316/4
f 3675/322/4 3676/319/4 3696/318/4 3698/323/4
f 3697/321/4 3673/320/4 3674/324/4 3699/325/4
f 3698/323/4 3697/321/4 3699/325/4 3700/326/4
f 3675/322/4 3698/323/4 3700/326/4 3670/327/4
f 3668/328/4 3701/329/4 3699/325/4 3674/324/4
f 3670/327/4 3700/326/4 3702/330/4 3667/331/4
f 3702/330/4 3701/329/4 3668/328/4 3667/331/4
f 3703/332/2 3704/333/2 3707/334/2 3705/335/2
f 3708/336/17 3705/337/17 3706/338/17 3709/339/17
f 3712/340/16 3706/341/16 3705/335/16 3707/334/16
f 3706/341/4 3712/340/4 3710/342/4 3709/343/4
f 3707/344/8 3711/345/8 3710/346/8 3712/347/8
f 3704/348/10 3713/349/10 3711/345/10 3707/344/10
f 3716/350/1 3718/351/1 3715/332/1 3714/352/1
f 3716/353/5 3719/336/5 3720/354/5 3717/355/5
f 3717/356/18 3723/357/18 3718/351/18 3716/350/18
f 3720/358/4 3721/359/4 3723/357/4 3717/356/4
f 3722/360/9 3718/361/9 3723/362/9 3721/363/9
f 3724/364/10 3715/365/10 3718/361/10 3722/360/10
f 3725/366/2 3726/367/2 3729/350/2 3727/351/2
f 3730/336/5 3727/368/5 3728/338/5 3731/339/5
f 3734/369/16 3728/370/16 3727/351/16 3729/350/16
f 3728/370/4 3734/369/4 3732/342/4 3731/371/4
f 3729/372/9 3733/373/9 3732/346/9 3734/374/9
f 3726/375/10 3735/349/10 3733/373/10 3729/372/10
f 3738/376/1 3740/377/1 3737/378/1 3736/379/1
f 3738/337/17 3741/380/17 3742/339/17 3739/355/17
f 3739/381/18 3745/382/18 3740/377/18 3738/376/18
f 3742/383/4 3743/384/4 3745/382/4 3739/381/4
f 3744/385/8 3740/386/8 3745/387/8 3743/388/8
f 3746/389/10 3737/269/10 3740/386/10 3744/385/10
f 3749/390/1 3751/391/1 3748/392/1 3747/393/1
f 3749/394/5 3752/395/5 3753/396/5 3750/397/5
f 3750/398/18 3758/399/18 3751/391/18 3749/390/18
f 3757/400/16 3753/401/16 3752/402/16 3754/403/16
f 3755/404/2 3756/405/2 3754/403/2 3752/402/2
f 3756/268/10 3748/406/10 3751/407/10 3754/408/10
f 3754/408/8 3751/407/8 3758/409/8 3757/410/8
f 3753/401/4 3757/400/4 3758/399/4 3750/398/4
f 3761/411/1 3763/412/1 3760/413/1 3759/393/1
f 3761/414/5 3764/415/5 3765/416/5 3762/417/5
f 3762/417/18 3770/418/18 3763/412/18 3761/411/18
f 3769/419/16 3765/420/16 3764/421/16 3766/403/16
f 3767/422/2 3768/423/2 3766/403/2 3764/421/2
f 3768/424/10 3760/425/10 3763/426/10 3766/427/10
f 3766/427/8 3763/426/8 3770/428/8 3769/429/8
f 3765/420/4 3769/419/4 3770/418/4 3762/417/4
f 3773/430/1 3775/402/1 3772/431/1 3771/432/1
f 3773/394/5 3776/433/5 3777/254/5 3774/397/5
f 3774/434/18 3782/435/18 3775/402/18 3773/430/18
f 3781/398/16 3777/436/16 3776/391/16 3778/437/16
f 3779/438/2 3780/393/2 3778/437/2 3776/391/2
f 3780/439/10 3772/440/10 3775/441/10 3778/442/10
f 3778/442/8 3775/441/8 3782/443/8 3781/444/8
f 3777/436/4 3781/398/4 3782/435/4 3774/434/4
f 3785/445/1 3787/446/1 3784/447/1 3783/448/1
f 3785/394/5 3788/433/5 3789/396/5 3786/397/5
f 3786/449/18 3794/450/18 3787/446/18 3785/445/18
f 3793/451/16 3789/452/16 3788/412/16 3790/453/16
f 3791/454/2 3792/455/2 3790/453/2 3788/412/2
f 3792/456/10 3784/457/10 3787/458/10 3790/459/10
f 3790/459/8 3787/458/8 3794/460/8 3793/461/8
f 3789/452/4 3793/451/4 3794/450/4 3786/449/4
f 3796/464/10 3798/465/10 3797/568/10 3795/569/10
f 3799/466/4 3801/467/4 3802/468/4 3800/469/4
f 3805/470/1 3807/421/1 3804/404/1 3803/405/1
f 3805/433/5 3808/471/5 3809/472/5 3806/417/5
f 3806/473/18 3814/401/18 3807/421/18 3805/470/18
f 3813/474/16 3809/452/16 3808/412/16 3810/475/16
f 3811/476/2 3812/477/2 3810/475/2 3808/412/2
f 3812/439/10 3804/440/10 3807/441/10 3810/478/10
f 3810/478/8 3807/441/8 3814/479/8 3813/480/8
f 3809/452/4 3813/474/4 3814/401/4 3806/473/4
f 3817/430/1 3819/421/1 3816/481/1 3815/432/1
f 3817/414/5 3820/415/5 3821/482/5 3818/483/5
f 3818/473/18 3826/401/18 3819/421/18 3817/430/18
f 3825/398/16 3821/399/16 3820/484/16 3822/485/16
f 3823/413/2 3824/477/2 3822/485/2 3820/484/2
f 3824/486/10 3816/425/10 3819/426/10 3822/427/10
f 3822/427/8 3819/426/8 3826/428/8 3825/429/8
f 3821/399/4 3825/398/4 3826/401/4 3818/473/4
f 3829/470/1 3831/402/1 3828/487/1 3827/488/1
f 3829/394/5 3832/395/5 3833/396/5 3830/397/5
f 3830/473/18 3838/489/18 3831/402/18 3829/470/18
f 3837/451/16 3833/399/16 3832/391/16 3834/411/16
f 3835/413/2 3836/490/2 3834/411/2 3832/391/2
f 3836/491/10 3828/440/10 3831/441/10 3834/478/10
f 3834/478/8 3831/441/8 3838/479/8 3837/429/8
f 3833/399/4 3837/451/4 3838/489/4 3830/473/4
f 3841/492/1 3843/412/1 3840/493/1 3839/494/1
f 3841/414/5 3844/495/5 3845/482/5 3842/483/5
f 3842/483/18 3850/496/18 3843/412/18 3841/492/18
f 3849/400/16 3845/497/16 3844/421/16 3846/430/16
f 3847/404/2 3848/405/2 3846/430/2 3844/421/2
f 3848/498/10 3840/499/10 3843/500/10 3846/501/10
f 3846/501/8 3843/500/8 3850/502/8 3849/503/8
f 3845/497/4 3849/400/4 3850/496/4 3842/483/4
f 3852/327/4 3855/326/4 3854/330/4 3851/331/4
f 3854/330/4 3856/329/4 3853/328/4 3851/331/4
f 3859/270/20 3857/273/20 3854/298/20 3855/299/20
f 3856/286/2 3854/287/2 3857/288/2 3858/289/2
f 3859/270/4 3860/271/4 3858/272/4 3857/273/4
f 3855/292/1 3861/293/1 3860/294/1 3859/295/1
f 3861/302/21 3856/303/21 3858/272/21 3860/271/21
f 3853/328/4 3856/329/4 3861/325/4 3863/324/4
f 3874/323/4 3862/321/4 3861/325/4 3855/326/4
f 3862/321/4 3864/320/4 3863/324/4 3861/325/4
f 3864/320/4 3862/321/4 3867/317/4 3865/316/4
f 3869/309/4 3866/308/4 3865/316/4 3867/317/4
f 3867/304/21 3862/305/21 3872/276/21 3870/275/21
f 3879/315/4 3869/309/4 3867/317/4 3868/318/4
f 3868/286/1 3867/290/1 3870/288/1 3871/291/1
f 3871/274/4 3870/275/4 3872/276/4 3873/277/4
f 3862/286/2 3874/287/2 3873/288/2 3872/289/2
f 3871/274/20 3873/277/20 3874/296/20 3868/297/20
f 3875/322/4 3876/319/4 3868/318/4 3874/323/4
f 3875/322/4 3874/323/4 3855/326/4 3852/327/4
f 3877/314/4 3879/315/4 3868/318/4 3876/319/4
f 3877/314/4 3878/312/4 3880/313/4 3879/315/4
f 3883/278/20 3881/281/20 3879/300/20 3880/301/20
f 3869/286/2 3879/287/2 3881/288/2 3882/289/2
f 3883/278/4 3884/279/4 3882/280/4 3881/281/4
f 3880/282/1 3885/283/1 3884/284/1 3883/285/1
f 3885/306/21 3869/307/21 3882/280/21 3884/279/21
f 3866/308/4 3869/309/4 3885/310/4 3886/311/4
f 3878/312/4 3886/311/4 3885/310/4 3880/313/4
f 3889/390/1 3891/391/1 3888/392/1 3887/393/1
f 3890/398/18 3898/399/18 3891/391/18 3889/390/18
f 3889/394/5 3892/395/5 3893/396/5 3890/397/5
f 3897/400/16 3893/401/16 3892/402/16 3894/403/16
f 3895/404/2 3896/405/2 3894/403/2 3892/402/2
f 3896/268/10 3888/406/10 3891/407/10 3894/408/10
f 3894/408/8 3891/407/8 3898/409/8 3897/410/8
f 3893/401/4 3897/400/4 3898/399/4 3890/398/4
f 3901/411/1 3903/412/1 3900/413/1 3899/393/1
f 3902/474/18 3910/418/18 3903/412/18 3901/411/18
f 3901/414/5 3904/415/5 3905/416/5 3902/474/5
f 3909/419/16 3905/420/16 3904/421/16 3906/403/16
f 3907/422/2 3908/423/2 3906/403/2 3904/421/2
f 3908/424/10 3900/425/10 3903/426/10 3906/427/10
f 3906/427/8 3903/426/8 3910/428/8 3909/429/8
f 3905/420/4 3909/419/4 3910/418/4 3902/474/4
f 3913/430/1 3915/402/1 3912/431/1 3911/432/1
f 3914/434/18 3922/435/18 3915/402/18 3913/430/18
f 3913/394/5 3916/433/5 3917/254/5 3914/397/5
f 3921/398/16 3917/436/16 3916/391/16 3918/437/16
f 3919/438/2 3920/393/2 3918/437/2 3916/391/2
f 3920/439/10 3912/440/10 3915/441/10 3918/442/10
f 3918/442/8 3915/441/8 3922/443/8 3921/444/8
f 3917/436/4 3921/398/4 3922/435/4 3914/434/4
f 3925/445/1 3927/446/1 3924/447/1 3923/448/1
f 3926/449/18 3934/450/18 3927/446/18 3925/445/18
f 3925/394/5 3928/433/5 3929/396/5 3926/397/5
f 3933/451/16 3929/452/16 3928/412/16 3930/453/16
f 3931/454/2 3932/455/2 3930/453/2 3928/412/2
f 3932/456/10 3924/457/10 3927/458/10 3930/459/10
f 3930/459/8 3927/458/8 3934/460/8 3933/461/8
f 3929/452/4 3933/451/4 3934/450/4 3926/449/4
f 3935/466/4 3937/467/4 3938/468/4 3936/469/4
f 3941/470/1 3943/421/1 3940/404/1 3939/405/1
f 3942/473/18 3950/401/18 3943/421/18 3941/470/18
f 3941/433/5 3944/471/5 3945/472/5 3942/417/5
f 3949/474/16 3945/452/16 3944/412/16 3946/475/16
f 3947/476/2 3948/477/2 3946/475/2 3944/412/2
f 3948/439/10 3940/440/10 3943/441/10 3946/478/10
f 3946/478/8 3943/441/8 3950/479/8 3949/480/8
f 3945/452/4 3949/474/4 3950/401/4 3942/473/4
f 3953/430/1 3955/421/1 3952/481/1 3951/432/1
f 3954/473/18 3962/401/18 3955/421/18 3953/430/18
f 3953/414/5 3956/415/5 3957/482/5 3954/483/5
f 3961/398/16 3957/399/16 3956/484/16 3958/485/16
f 3959/413/2 3960/477/2 3958/485/2 3956/484/2
f 3960/486/10 3952/425/10 3955/426/10 3958/427/10
f 3958/427/8 3955/426/8 3962/428/8 3961/429/8
f 3957/399/4 3961/398/4 3962/401/4 3954/473/4
f 3965/470/1 3967/402/1 3964/487/1 3963/488/1
f 3966/473/18 3974/489/18 3967/402/18 3965/470/18
f 3965/394/5 3968/395/5 3969/396/5 3966/397/5
f 3973/451/16 3969/399/16 3968/391/16 3970/411/16
f 3971/413/2 3972/490/2 3970/411/2 3968/391/2
f 3972/491/10 3964/440/10 3967/441/10 3970/478/10
f 3970/478/8 3967/441/8 3974/479/8 3973/429/8
f 3969/399/4 3973/451/4 3974/489/4 3966/473/4
f 3977/492/1 3979/412/1 3976/493/1 3975/494/1
f 3978/512/18 3986/496/18 3979/412/18 3977/492/18
f 3977/414/5 3980/495/5 3981/482/5 3978/512/5
f 3985/400/16 3981/497/16 3980/421/16 3982/430/16
f 3983/404/2 3984/405/2 3982/430/2 3980/421/2
f 3984/498/10 3976/499/10 3979/500/10 3982/501/10
f 3982/501/8 3979/500/8 3986/502/8 3985/503/8
f 3981/497/4 3985/400/4 3986/496/4 3978/512/4
f 3987/589/1 3988/590/1 3992/591/1 3991/592/1
f 3990/593/2 3989/582/2 3993/507/2 3994/590/2
f 3996/327/4 3999/326/4 3998/330/4 3995/331/4
f 3998/330/4 4000/329/4 3997/328/4 3995/331/4
f 4003/270/20 4001/273/20 3998/298/20 3999/299/20
f 4000/286/2 3998/287/2 4001/288/2 4002/289/2
f 4003/270/4 4004/271/4 4002/272/4 4001/273/4
f 3999/292/1 4005/293/1 4004/294/1 4003/295/1
f 4005/302/21 4000/303/21 4002/272/21 4004/271/21
f 3997/328/4 4000/329/4 4005/325/4 4007/324/4
f 4018/323/4 4006/321/4 4005/325/4 3999/326/4
f 4006/321/4 4008/320/4 4007/324/4 4005/325/4
f 4008/320/4 4006/321/4 4011/317/4 4009/316/4
f 4013/309/4 4010/308/4 4009/316/4 4011/317/4
f 4011/304/21 4006/305/21 4016/276/21 4014/275/21
f 4023/315/4 4013/309/4 4011/317/4 4012/318/4
f 4012/286/1 4011/290/1 4014/288/1 4015/291/1
f 4015/274/4 4014/275/4 4016/276/4 4017/277/4
f 4006/286/2 4018/287/2 4017/288/2 4016/289/2
f 4015/274/20 4017/277/20 4018/296/20 4012/297/20
f 4019/322/4 4020/319/4 4012/318/4 4018/323/4
f 4019/322/4 4018/323/4 3999/326/4 3996/327/4
f 4021/314/4 4023/315/4 4012/318/4 4020/319/4
f 4021/314/4 4022/312/4 4024/313/4 4023/315/4
f 4027/278/20 4025/281/20 4023/300/20 4024/301/20
f 4013/286/2 4023/287/2 4025/288/2 4026/289/2
f 4027/278/4 4028/279/4 4026/280/4 4025/281/4
f 4024/282/1 4029/283/1 4028/284/1 4027/285/1
f 4029/306/21 4013/307/21 4026/280/21 4028/279/21
f 4010/308/4 4013/309/4 4029/310/4 4030/311/4
f 4022/312/4 4030/311/4 4029/310/4 4024/313/4
f 4033/390/1 4035/391/1 4032/392/1 4031/393/1
f 4034/398/18 4042/399/18 4035/391/18 4033/390/18
f 4033/394/5 4036/395/5 4037/396/5 4034/397/5
f 4041/400/16 4037/401/16 4036/402/16 4038/403/16
f 4039/404/2 4040/405/2 4038/403/2 4036/402/2
f 4040/268/10 4032/406/10 4035/407/10 4038/408/10
f 4038/408/8 4035/407/8 4042/409/8 4041/410/8
f 4037/401/4 4041/400/4 4042/399/4 4034/398/4
f 4045/411/1 4047/412/1 4044/413/1 4043/393/1
f 4046/474/18 4054/418/18 4047/412/18 4045/411/18
f 4045/414/5 4048/415/5 4049/416/5 4046/474/5
f 4053/419/16 4049/420/16 4048/421/16 4050/403/16
f 4051/422/2 4052/423/2 4050/403/2 4048/421/2
f 4052/424/10 4044/425/10 4047/426/10 4050/427/10
f 4050/427/8 4047/426/8 4054/428/8 4053/429/8
f 4049/420/4 4053/419/4 4054/418/4 4046/474/4
f 4057/430/1 4059/402/1 4056/431/1 4055/432/1
f 4058/434/18 4066/435/18 4059/402/18 4057/430/18
f 4057/394/5 4060/433/5 4061/254/5 4058/397/5
f 4065/398/16 4061/436/16 4060/391/16 4062/437/16
f 4063/438/2 4064/393/2 4062/437/2 4060/391/2
f 4064/439/10 4056/440/10 4059/441/10 4062/442/10
f 4062/442/8 4059/441/8 4066/443/8 4065/444/8
f 4061/436/4 4065/398/4 4066/435/4 4058/434/4
f 4069/445/1 4071/446/1 4068/447/1 4067/448/1
f 4070/449/18 4078/450/18 4071/446/18 4069/445/18
f 4069/394/5 4072/433/5 4073/396/5 4070/397/5
f 4077/451/16 4073/452/16 4072/412/16 4074/453/16
f 4075/454/2 4076/455/2 4074/453/2 4072/412/2
f 4076/456/10 4068/457/10 4071/458/10 4074/459/10
f 4074/459/8 4071/458/8 4078/460/8 4077/461/8
f 4073/452/4 4077/451/4 4078/450/4 4070/449/4
f 4081/570/10 4085/571/10 4088/572/10
f 4084/573/10 4083/574/10 4086/575/10
f 4085/599/2 4080/600/2 4087/601/2 4088/585/2
f 4082/576/10 4081/570/10 4088/572/10
f 4079/577/10 4084/573/10 4086/575/10
f 4083/574/10 4082/576/10 4088/572/10 4086/575/10
f 4090/327/4 4093/326/4 4092/330/4 4089/331/4
f 4092/330/4 4094/329/4 4091/328/4 4089/331/4
f 4097/270/20 4095/273/20 4092/298/20 4093/299/20
f 4094/286/2 4092/287/2 4095/288/2 4096/289/2
f 4097/270/4 4098/271/4 4096/272/4 4095/273/4
f 4093/292/1 4099/293/1 4098/294/1 4097/295/1
f 4099/302/21 4094/303/21 4096/272/21 4098/271/21
f 4091/328/4 4094/329/4 4099/325/4 4101/324/4
f 4112/323/4 4100/321/4 4099/325/4 4093/326/4
f 4100/321/4 4102/320/4 4101/324/4 4099/325/4
f 4102/320/4 4100/321/4 4105/317/4 4103/316/4
f 4107/309/4 4104/308/4 4103/316/4 4105/317/4
f 4105/304/21 4100/305/21 4110/276/21 4108/275/21
f 4117/315/4 4107/309/4 4105/317/4 4106/318/4
f 4106/286/1 4105/290/1 4108/288/1 4109/291/1
f 4109/274/4 4108/275/4 4110/276/4 4111/277/4
f 4100/286/2 4112/287/2 4111/288/2 4110/289/2
f 4109/274/20 4111/277/20 4112/296/20 4106/297/20
f 4113/322/4 4114/319/4 4106/318/4 4112/323/4
f 4113/322/4 4112/323/4 4093/326/4 4090/327/4
f 4115/314/4 4117/315/4 4106/318/4 4114/319/4
f 4115/314/4 4116/312/4 4118/313/4 4117/315/4
f 4121/278/20 4119/281/20 4117/300/20 4118/301/20
f 4107/286/2 4117/287/2 4119/288/2 4120/289/2
f 4121/278/4 4122/279/4 4120/280/4 4119/281/4
f 4118/282/1 4123/283/1 4122/284/1 4121/285/1
f 4123/306/21 4107/307/21 4120/280/21 4122/279/21
f 4104/308/4 4107/309/4 4123/310/4 4124/311/4
f 4116/312/4 4124/311/4 4123/310/4 4118/313/4
f 4127/390/1 4129/391/1 4126/392/1 4125/393/1
f 4128/398/18 4136/399/18 4129/391/18 4127/390/18
f 4127/394/22 4130/395/22 4131/396/22 4128/397/22
f 4135/400/16 4131/401/16 4130/402/16 4132/403/16
f 4133/404/2 4134/405/2 4132/403/2 4130/402/2
f 4134/268/10 4126/406/10 4129/407/10 4132/408/10
f 4132/408/9 4129/407/9 4136/409/9 4135/410/9
f 4131/401/4 4135/400/4 4136/399/4 4128/398/4
f 4139/411/1 4141/412/1 4138/413/1 4137/393/1
f 4140/474/18 4148/418/18 4141/412/18 4139/411/18
f 4139/414/5 4142/415/5 4143/416/5 4140/474/5
f 4147/419/16 4143/420/16 4142/421/16 4144/403/16
f 4145/422/2 4146/423/2 4144/403/2 4142/421/2
f 4146/424/10 4138/425/10 4141/426/10 4144/427/10
f 4144/427/8 4141/426/8 4148/428/8 4147/429/8
f 4143/420/4 4147/419/4 4148/418/4 4140/474/4
f 4151/430/1 4153/402/1 4150/431/1 4149/432/1
f 4152/434/18 4160/435/18 4153/402/18 4151/430/18
f 4151/394/5 4154/433/5 4155/254/5 4152/397/5
f 4159/398/16 4155/436/16 4154/391/16 4156/437/16
f 4157/438/2 4158/393/2 4156/437/2 4154/391/2
f 4158/439/10 4150/440/10 4153/441/10 4156/442/10
f 4156/442/8 4153/441/8 4160/443/8 4159/444/8
f 4155/436/4 4159/398/4 4160/435/4 4152/434/4
f 4163/445/1 4165/446/1 4162/447/1 4161/448/1
f 4164/449/18 4172/450/18 4165/446/18 4163/445/18
f 4163/394/5 4166/433/5 4167/396/5 4164/397/5
f 4171/451/16 4167/452/16 4166/412/16 4168/453/16
f 4169/454/2 4170/455/2 4168/453/2 4166/412/2
f 4170/456/10 4162/457/10 4165/458/10 4168/459/10
f 4168/459/9 4165/458/9 4172/460/9 4171/461/9
f 4167/452/4 4171/451/4 4172/450/4 4164/449/4
f 4174/602/1 4176/603/1 4175/604/1 4173/605/1
f 4179/585/10 4177/586/10 4176/587/10 4174/588/10
f 4180/606/2 4178/601/2 4177/607/2 4179/599/2
f 4181/466/4 4183/467/4 4184/468/4 4182/469/4
f 4187/470/1 4189/421/1 4186/404/1 4185/405/1
f 4188/473/18 4196/401/18 4189/421/18 4187/470/18
f 4187/433/5 4190/471/5 4191/472/5 4188/417/5
f 4195/474/16 4191/452/16 4190/412/16 4192/475/16
f 4193/476/2 4194/477/2 4192/475/2 4190/412/2
f 4194/439/10 4186/440/10 4189/441/10 4192/478/10
f 4192/478/8 4189/441/8 4196/479/8 4195/480/8
f 4191/452/4 4195/474/4 4196/401/4 4188/473/4
f 4199/430/1 4201/421/1 4198/481/1 4197/432/1
f 4200/473/18 4208/401/18 4201/421/18 4199/430/18
f 4199/414/5 4202/415/5 4203/482/5 4200/483/5
f 4207/398/16 4203/399/16 4202/484/16 4204/485/16
f 4205/413/2 4206/477/2 4204/485/2 4202/484/2
f 4206/486/10 4198/425/10 4201/426/10 4204/427/10
f 4204/427/8 4201/426/8 4208/428/8 4207/429/8
f 4203/399/4 4207/398/4 4208/401/4 4200/473/4
f 4211/470/1 4213/402/1 4210/487/1 4209/488/1
f 4212/473/18 4220/489/18 4213/402/18 4211/470/18
f 4211/394/5 4214/395/5 4215/396/5 4212/397/5
f 4219/451/16 4215/399/16 4214/391/16 4216/411/16
f 4217/413/2 4218/490/2 4216/411/2 4214/391/2
f 4218/491/10 4210/440/10 4213/441/10 4216/478/10
f 4216/478/8 4213/441/8 4220/479/8 4219/429/8
f 4215/399/4 4219/451/4 4220/489/4 4212/473/4
f 4223/492/1 4225/412/1 4222/493/1 4221/494/1
f 4224/512/18 4232/496/18 4225/412/18 4223/492/18
f 4223/414/5 4226/495/5 4227/482/5 4224/512/5
f 4231/400/16 4227/497/16 4226/421/16 4228/430/16
f 4229/404/2 4230/405/2 4228/430/2 4226/421/2
f 4230/498/10 4222/499/10 4225/500/10 4228/501/10
f 4228/501/8 4225/500/8 4232/502/8 4231/503/8
f 4227/497/4 4231/400/4 4232/496/4 4224/512/4
f 4254/270/4 4253/271/4 4255/272/4 4256/273/4
f 4250/274/4 4249/275/4 4251/276/4 4252/277/4
f 4246/278/4 4245/279/4 4247/280/4 4248/281/4
f 4258/282/1 4257/283/1 4245/284/1 4246/285/1
f 4259/286/2 4260/287/2 4248/288/2 4247/289/2
f 4262/286/1 4261/290/1 4249/288/1 4250/291/1
f 4263/286/2 4264/287/2 4252/288/2 4251/289/2
f 4266/292/1 4265/293/1 4253/294/1 4254/295/1
f 4267/286/2 4268/287/2 4256/288/2 4255/289/2
f 4250/274/20 4252/277/20 4264/296/20 4262/297/20
f 4254/270/20 4256/273/20 4268/298/20 4266/299/20
f 4246/278/20 4248/281/20 4260/300/20 4258/301/20
f 4265/302/21 4267/303/21 4255/272/21 4253/271/21
f 4261/304/21 4263/305/21 4251/276/21 4249/275/21
f 4257/306/21 4259/307/21 4247/280/21 4245/279/21
f 4237/308/4 4259/309/4 4257/310/4 4244/311/4
f 4235/312/4 4244/311/4 4257/310/4 4258/313/4
f 4243/314/4 4235/312/4 4258/313/4 4260/315/4
f 4259/309/4 4237/308/4 4238/316/4 4261/317/4
f 4260/315/4 4259/309/4 4261/317/4 4262/318/4
f 4243/314/4 4260/315/4 4262/318/4 4242/319/4
f 4239/320/4 4263/321/4 4261/317/4 4238/316/4
f 4241/322/4 4242/319/4 4262/318/4 4264/323/4
f 4263/321/4 4239/320/4 4240/324/4 4265/325/4
f 4264/323/4 4263/321/4 4265/325/4 4266/326/4
f 4241/322/4 4264/323/4 4266/326/4 4236/327/4
f 4234/328/4 4267/329/4 4265/325/4 4240/324/4
f 4236/327/4 4266/326/4 4268/330/4 4233/331/4
f 4268/330/4 4267/329/4 4234/328/4 4233/331/4
f 4269/332/2 4270/333/2 4273/334/2 4271/335/2
f 4274/336/5 4271/337/5 4272/338/5 4275/339/5
f 4278/340/16 4272/341/16 4271/335/16 4273/334/16
f 4272/341/4 4278/340/4 4276/342/4 4275/343/4
f 4273/344/8 4277/345/8 4276/346/8 4278/347/8
f 4270/348/10 4279/349/10 4277/345/10 4273/344/10
f 4282/350/1 4284/351/1 4281/332/1 4280/352/1
f 4282/353/5 4285/336/5 4286/354/5 4283/355/5
f 4283/356/18 4289/357/18 4284/351/18 4282/350/18
f 4286/358/4 4287/359/4 4289/357/4 4283/356/4
f 4288/360/8 4284/361/8 4289/362/8 4287/363/8
f 4290/364/10 4281/365/10 4284/361/10 4288/360/10
f 4291/366/2 4292/367/2 4295/350/2 4293/351/2
f 4296/336/5 4293/368/5 4294/338/5 4297/339/5
f 4300/369/16 4294/370/16 4293/351/16 4295/350/16
f 4294/370/4 4300/369/4 4298/342/4 4297/371/4
f 4295/372/8 4299/373/8 4298/346/8 4300/374/8
f 4292/375/10 4301/349/10 4299/373/10 4295/372/10
f 4304/376/1 4306/377/1 4303/378/1 4302/379/1
f 4304/337/5 4307/380/5 4308/339/5 4305/355/5
f 4305/381/18 4311/382/18 4306/377/18 4304/376/18
f 4308/383/4 4309/384/4 4311/382/4 4305/381/4
f 4310/385/8 4306/386/8 4311/387/8 4309/388/8
f 4312/389/10 4303/269/10 4306/386/10 4310/385/10
f 4315/390/1 4317/391/1 4314/392/1 4313/393/1
f 4315/394/5 4318/395/5 4319/396/5 4316/397/5
f 4316/398/18 4324/399/18 4317/391/18 4315/390/18
f 4323/400/16 4319/401/16 4318/402/16 4320/403/16
f 4321/404/2 4322/405/2 4320/403/2 4318/402/2
f 4322/268/10 4314/406/10 4317/407/10 4320/408/10
f 4320/408/8 4317/407/8 4324/409/8 4323/410/8
f 4319/401/4 4323/400/4 4324/399/4 4316/398/4
f 4327/411/1 4329/412/1 4326/413/1 4325/393/1
f 4327/414/5 4330/415/5 4331/416/5 4328/417/5
f 4328/417/18 4336/418/18 4329/412/18 4327/411/18
f 4335/419/16 4331/420/16 4330/421/16 4332/403/16
f 4333/422/2 4334/423/2 4332/403/2 4330/421/2
f 4334/424/10 4326/425/10 4329/426/10 4332/427/10
f 4332/427/8 4329/426/8 4336/428/8 4335/429/8
f 4331/420/4 4335/419/4 4336/418/4 4328/417/4
f 4339/430/1 4341/402/1 4338/431/1 4337/432/1
f 4339/394/5 4342/433/5 4343/254/5 4340/397/5
f 4340/434/18 4348/435/18 4341/402/18 4339/430/18
f 4347/398/16 4343/436/16 4342/391/16 4344/437/16
f 4345/438/2 4346/393/2 4344/437/2 4342/391/2
f 4346/439/10 4338/440/10 4341/441/10 4344/442/10
f 4344/442/8 4341/441/8 4348/443/8 4347/444/8
f 4343/436/4 4347/398/4 4348/435/4 4340/434/4
f 4351/445/1 4353/446/1 4350/447/1 4349/448/1
f 4351/394/5 4354/433/5 4355/396/5 4352/397/5
f 4352/449/18 4360/450/18 4353/446/18 4351/445/18
f 4359/451/16 4355/452/16 4354/412/16 4356/453/16
f 4357/454/2 4358/455/2 4356/453/2 4354/412/2
f 4358/456/10 4350/457/10 4353/458/10 4356/459/10
f 4356/459/8 4353/458/8 4360/460/8 4359/461/8
f 4355/452/4 4359/451/4 4360/450/4 4352/449/4
f 4382/270/4 4381/271/4 4383/272/4 4384/273/4
f 4378/274/4 4377/275/4 4379/276/4 4380/277/4
f 4374/278/4 4373/279/4 4375/280/4 4376/281/4
f 4386/282/1 4385/283/1 4373/284/1 4374/285/1
f 4387/286/2 4388/287/2 4376/288/2 4375/289/2
f 4390/286/1 4389/290/1 4377/288/1 4378/291/1
f 4391/286/2 4392/287/2 4380/288/2 4379/289/2
f 4394/292/1 4393/293/1 4381/294/1 4382/295/1
f 4395/286/2 4396/287/2 4384/288/2 4383/289/2
f 4378/274/20 4380/277/20 4392/296/20 4390/297/20
f 4382/270/20 4384/273/20 4396/298/20 4394/299/20
f 4374/278/20 4376/281/20 4388/300/20 4386/301/20
f 4393/302/21 4395/303/21 4383/272/21 4381/271/21
f 4389/304/21 4391/305/21 4379/276/21 4377/275/21
f 4385/306/21 4387/307/21 4375/280/21 4373/279/21
f 4365/308/4 4387/309/4 4385/310/4 4372/311/4
f 4363/312/4 4372/311/4 4385/310/4 4386/313/4
f 4371/314/4 4363/312/4 4386/313/4 4388/315/4
f 4387/309/4 4365/308/4 4366/316/4 4389/317/4
f 4388/315/4 4387/309/4 4389/317/4 4390/318/4
f 4371/314/4 4388/315/4 4390/318/4 4370/319/4
f 4367/320/4 4391/321/4 4389/317/4 4366/316/4
f 4369/322/4 4370/319/4 4390/318/4 4392/323/4
f 4391/321/4 4367/320/4 4368/324/4 4393/325/4
f 4392/323/4 4391/321/4 4393/325/4 4394/326/4
f 4369/322/4 4392/323/4 4394/326/4 4364/327/4
f 4362/328/4 4395/329/4 4393/325/4 4368/324/4
f 4364/327/4 4394/326/4 4396/330/4 4361/331/4
f 4396/330/4 4395/329/4 4362/328/4 4361/331/4
f 4397/332/2 4398/333/2 4401/334/2 4399/335/2
f 4402/336/5 4399/337/5 4400/338/5 4403/339/5
f 4406/340/16 4400/341/16 4399/335/16 4401/334/16
f 4400/341/4 4406/340/4 4404/342/4 4403/343/4
f 4401/344/8 4405/345/8 4404/346/8 4406/347/8
f 4398/348/10 4407/349/10 4405/345/10 4401/344/10
f 4410/350/1 4412/351/1 4409/332/1 4408/352/1
f 4410/353/5 4413/336/5 4414/354/5 4411/355/5
f 4411/356/18 4417/357/18 4412/351/18 4410/350/18
f 4414/358/4 4415/359/4 4417/357/4 4411/356/4
f 4416/360/8 4412/361/8 4417/362/8 4415/363/8
f 4418/364/10 4409/365/10 4412/361/10 4416/360/10
f 4419/366/2 4420/367/2 4423/350/2 4421/351/2
f 4424/336/5 4421/368/5 4422/338/5 4425/339/5
f 4428/369/16 4422/370/16 4421/351/16 4423/350/16
f 4422/370/4 4428/369/4 4426/342/4 4425/371/4
f 4423/372/8 4427/373/8 4426/346/8 4428/374/8
f 4420/375/10 4429/349/10 4427/373/10 4423/372/10
f 4432/376/1 4434/377/1 4431/378/1 4430/379/1
f 4432/337/5 4435/380/5 4436/339/5 4433/355/5
f 4433/381/18 4439/382/18 4434/377/18 4432/376/18
f 4436/383/4 4437/384/4 4439/382/4 4433/381/4
f 4438/385/8 4434/386/8 4439/387/8 4437/388/8
f 4440/389/10 4431/269/10 4434/386/10 4438/385/10
f 4443/390/1 4445/391/1 4442/392/1 4441/393/1
f 4443/394/5 4446/395/5 4447/396/5 4444/397/5
f 4444/398/18 4452/399/18 4445/391/18 4443/390/18
f 4451/400/16 4447/401/16 4446/402/16 4448/403/16
f 4449/404/2 4450/405/2 4448/403/2 4446/402/2
f 4450/268/10 4442/406/10 4445/407/10 4448/408/10
f 4448/408/8 4445/407/8 4452/409/8 4451/410/8
f 4447/401/4 4451/400/4 4452/399/4 4444/398/4
f 4455/411/1 4457/412/1 4454/413/1 4453/393/1
f 4455/414/5 4458/415/5 4459/416/5 4456/417/5
f 4456/417/18 4464/418/18 4457/412/18 4455/411/18
f 4463/419/16 4459/420/16 4458/421/16 4460/403/16
f 4461/422/2 4462/423/2 4460/403/2 4458/421/2
f 4462/424/10 4454/425/10 4457/426/10 4460/427/10
f 4460/427/8 4457/426/8 4464/428/8 4463/429/8
f 4459/420/4 4463/419/4 4464/418/4 4456/417/4
f 4467/430/1 4469/402/1 4466/431/1 4465/432/1
f 4467/394/5 4470/433/5 4471/254/5 4468/397/5
f 4468/434/18 4476/435/18 4469/402/18 4467/430/18
f 4475/398/16 4471/436/16 4470/391/16 4472/437/16
f 4473/438/2 4474/393/2 4472/437/2 4470/391/2
f 4474/439/10 4466/440/10 4469/441/10 4472/442/10
f 4472/442/8 4469/441/8 4476/443/8 4475/444/8
f 4471/436/4 4475/398/4 4476/435/4 4468/434/4
f 4479/445/1 4481/446/1 4478/447/1 4477/448/1
f 4479/394/5 4482/433/5 4483/396/5 4480/397/5
f 4480/449/18 4488/450/18 4481/446/18 4479/445/18
f 4487/451/16 4483/452/16 4482/412/16 4484/453/16
f 4485/454/2 4486/455/2 4484/453/2 4482/412/2
f 4486/456/10 4478/457/10 4481/458/10 4484/459/10
f 4484/459/8 4481/458/8 4488/460/8 4487/461/8
f 4483/452/4 4487/451/4 4488/450/4 4480/449/4
f 4489/466/4 4490/467/4 4492/468/4 4491/469/4
f 4497/473/18 4499/401/18 4500/421/18 4498/470/18
f 4503/474/16 4501/452/16 4502/412/16 4504/475/16
f 4498/433/5 4502/471/5 4501/472/5 4497/417/5
f 4504/478/8 4500/441/8 4499/479/8 4503/480/8
f 4498/470/1 4500/421/1 4494/404/1 4493/405/1
f 4501/452/4 4503/474/4 4499/401/4 4497/473/4
f 4496/439/10 4494/440/10 4500/441/10 4504/478/10
f 4495/476/2 4496/477/2 4504/475/2 4502/412/2
f 4509/473/18 4511/401/18 4512/421/18 4510/430/18
f 4515/398/16 4513/399/16 4514/484/16 4516/485/16
f 4510/414/5 4514/415/5 4513/482/5 4509/483/5
f 4516/427/8 4512/426/8 4511/428/8 4515/429/8
f 4510/430/1 4512/421/1 4506/481/1 4505/432/1
f 4513/399/4 4515/398/4 4511/401/4 4509/473/4
f 4508/486/10 4506/425/10 4512/426/10 4516/427/10
f 4507/413/2 4508/477/2 4516/485/2 4514/484/2
f 4521/473/18 4523/489/18 4524/402/18 4522/470/18
f 4527/451/16 4525/399/16 4526/391/16 4528/411/16
f 4522/394/5 4526/395/5 4525/396/5 4521/397/5
f 4528/478/8 4524/441/8 4523/479/8 4527/429/8
f 4522/470/1 4524/402/1 4518/487/1 4517/488/1
f 4525/399/4 4527/451/4 4523/489/4 4521/473/4
f 4520/491/10 4518/440/10 4524/441/10 4528/478/10
f 4519/413/2 4520/490/2 4528/411/2 4526/391/2
f 4533/512/18 4535/496/18 4536/412/18 4534/492/18
f 4539/400/16 4537/497/16 4538/421/16 4540/430/16
f 4534/414/5 4538/495/5 4537/482/5 4533/512/5
f 4540/501/8 4536/500/8 4535/502/8 4539/503/8
f 4534/492/1 4536/412/1 4530/493/1 4529/494/1
f 4537/497/4 4539/400/4 4535/496/4 4533/512/4
f 4532/498/10 4530/499/10 4536/500/10 4540/501/10
f 4531/404/2 4532/405/2 4540/430/2 4538/421/2
f 4546/525/16 4544/526/16 4545/527/16 4547/528/16
f 4548/529/5 4545/530/5 4544/531/5 4549/532/5
f 4547/533/8 4551/534/8 4550/535/8 4546/536/8
f 4541/537/2 4542/538/2 4547/528/2 4545/527/2
f 4544/526/4 4546/525/4 4550/539/4 4549/540/4
f 4542/541/10 4543/542/10 4551/534/10 4547/533/10
f 4557/525/16 4555/543/16 4556/544/16 4558/545/16
f 4559/529/5 4556/530/5 4555/546/5 4560/532/5
f 4558/372/8 4562/547/8 4561/548/8 4557/549/8
f 4552/550/2 4553/551/2 4558/545/2 4556/544/2
f 4555/543/4 4557/525/4 4561/539/4 4560/552/4
f 4553/553/10 4554/554/10 4562/547/10 4558/372/10
f 4566/555/18 4568/382/18 4569/544/18 4567/376/18
f 4572/360/8 4569/556/8 4568/557/8 4573/363/8
f 4567/368/5 4571/380/5 4570/339/5 4566/355/5
f 4567/376/1 4569/544/1 4564/378/1 4563/558/1
f 4570/539/4 4573/540/4 4568/382/4 4566/555/4
f 4565/364/10 4564/559/10 4569/556/10 4572/360/10
f 4577/560/18 4579/561/18 4580/562/18 4578/563/18
f 4583/564/8 4580/386/8 4579/565/8 4584/566/8
f 4578/368/5 4582/380/5 4581/339/5 4577/355/5
f 4578/563/1 4580/562/1 4575/550/1 4574/551/1
f 4581/567/4 4584/540/4 4579/561/4 4577/560/4
f 4576/389/10 4575/269/10 4580/386/10 4583/564/10
f 4588/606/2 4586/601/2 4585/607/2 4587/599/2
f 4589/466/4 4591/467/4 4592/468/4 4590/469/4
f 4595/470/1 4597/421/1 4594/404/1 4593/405/1
f 4596/473/18 4604/401/18 4597/421/18 4595/470/18
f 4595/433/5 4598/471/5 4599/472/5 4596/417/5
f 4603/474/16 4599/452/16 4598/412/16 4600/475/16
f 4601/476/2 4602/477/2 4600/475/2 4598/412/2
f 4602/439/10 4594/440/10 4597/441/10 4600/478/10
f 4600/478/8 4597/441/8 4604/479/8 4603/480/8
f 4599/452/4 4603/474/4 4604/401/4 4596/473/4
f 4607/430/1 4609/421/1 4606/481/1 4605/432/1
f 4608/473/18 4616/401/18 4609/421/18 4607/430/18
f 4607/414/5 4610/415/5 4611/482/5 4608/483/5
f 4615/398/16 4611/399/16 4610/484/16 4612/485/16
f 4613/413/2 4614/477/2 4612/485/2 4610/484/2
f 4614/486/10 4606/425/10 4609/426/10 4612/427/10
f 4612/427/8 4609/426/8 4616/428/8 4615/429/8
f 4611/399/4 4615/398/4 4616/401/4 4608/473/4
f 4619/470/1 4621/402/1 4618/487/1 4617/488/1
f 4620/473/18 4628/489/18 4621/402/18 4619/470/18
f 4619/394/5 4622/395/5 4623/396/5 4620/397/5
f 4627/451/16 4623/399/16 4622/391/16 4624/411/16
f 4625/413/2 4626/490/2 4624/411/2 4622/391/2
f 4626/491/10 4618/440/10 4621/441/10 4624/478/10
f 4624/478/8 4621/441/8 4628/479/8 4627/429/8
f 4623/399/4 4627/451/4 4628/489/4 4620/473/4
f 4631/492/1 4633/412/1 4630/493/1 4629/494/1
f 4632/512/18 4640/496/18 4633/412/18 4631/492/18
f 4631/414/5 4634/495/5 4635/482/5 4632/512/5
f 4639/400/16 4635/497/16 4634/421/16 4636/430/16
f 4637/404/2 4638/405/2 4636/430/2 4634/421/2
f 4638/498/10 4630/499/10 4633/500/10 4636/501/10
f 4636/501/8 4633/500/8 4640/502/8 4639/503/8
f 4635/497/4 4639/400/4 4640/496/4 4632/512/4
f 4642/599/2 4641/600/2 4643/601/2 4644/585/2
f 4646/327/4 4649/326/4 4648/330/4 4645/331/4
f 4648/330/4 4650/329/4 4647/328/4 4645/331/4
f 4653/270/20 4651/273/20 4648/298/20 4649/299/20
f 4650/286/2 4648/287/2 4651/288/2 4652/289/2
f 4653/270/4 4654/271/4 4652/272/4 4651/273/4
f 4649/292/1 4655/293/1 4654/294/1 4653/295/1
f 4655/302/21 4650/303/21 4652/272/21 4654/271/21
f 4647/328/4 4650/329/4 4655/325/4 4657/324/4
f 4668/323/4 4656/321/4 4655/325/4 4649/326/4
f 4656/321/4 4658/320/4 4657/324/4 4655/325/4
f 4658/320/4 4656/321/4 4661/317/4 4659/316/4
f 4663/309/4 4660/308/4 4659/316/4 4661/317/4
f 4661/304/21 4656/305/21 4666/276/21 4664/275/21
f 4673/315/4 4663/309/4 4661/317/4 4662/318/4
f 4662/286/1 4661/290/1 4664/288/1 4665/291/1
f 4665/274/4 4664/275/4 4666/276/4 4667/277/4
f 4656/286/2 4668/287/2 4667/288/2 4666/289/2
f 4665/274/20 4667/277/20 4668/296/20 4662/297/20
f 4669/322/4 4670/319/4 4662/318/4 4668/323/4
f 4669/322/4 4668/323/4 4649/326/4 4646/327/4
f 4671/314/4 4673/315/4 4662/318/4 4670/319/4
f 4671/314/4 4672/312/4 4674/313/4 4673/315/4
f 4677/278/20 4675/281/20 4673/300/20 4674/301/20
f 4663/286/2 4673/287/2 4675/288/2 4676/289/2
f 4677/278/4 4678/279/4 4676/280/4 4675/281/4
f 4674/282/1 4679/283/1 4678/284/1 4677/285/1
f 4679/306/21 4663/307/21 4676/280/21 4678/279/21
f 4660/308/4 4663/309/4 4679/310/4 4680/311/4
f 4672/312/4 4680/311/4 4679/310/4 4674/313/4
f 4683/390/1 4685/391/1 4682/392/1 4681/393/1
f 4684/398/18 4692/399/18 4685/391/18 4683/390/18
f 4683/394/5 4686/395/5 4687/396/5 4684/397/5
f 4691/400/16 4687/401/16 4686/402/16 4688/403/16
f 4689/404/2 4690/405/2 4688/403/2 4686/402/2
f 4690/268/10 4682/406/10 4685/407/10 4688/408/10
f 4688/408/8 4685/407/8 4692/409/8 4691/410/8
f 4687/401/4 4691/400/4 4692/399/4 4684/398/4
f 4695/411/1 4697/412/1 4694/413/1 4693/393/1
f 4696/474/18 4704/418/18 4697/412/18 4695/411/18
f 4695/414/5 4698/415/5 4699/416/5 4696/474/5
f 4703/419/16 4699/420/16 4698/421/16 4700/403/16
f 4701/422/2 4702/423/2 4700/403/2 4698/421/2
f 4702/424/10 4694/425/10 4697/426/10 4700/427/10
f 4700/427/8 4697/426/8 4704/428/8 4703/429/8
f 4699/420/4 4703/419/4 4704/418/4 4696/474/4
f 4707/430/1 4709/402/1 4706/431/1 4705/432/1
f 4708/434/18 4716/435/18 4709/402/18 4707/430/18
f 4707/394/5 4710/433/5 4711/254/5 4708/397/5
f 4715/398/16 4711/436/16 4710/391/16 4712/437/16
f 4713/438/2 4714/393/2 4712/437/2 4710/391/2
f 4714/439/10 4706/440/10 4709/441/10 4712/442/10
f 4712/442/8 4709/441/8 4716/443/8 4715/444/8
f 4711/436/4 4715/398/4 4716/435/4 4708/434/4
f 4719/445/1 4721/446/1 4718/447/1 4717/448/1
f 4720/449/18 4728/450/18 4721/446/18 4719/445/18
f 4719/394/5 4722/433/5 4723/396/5 4720/397/5
f 4727/451/16 4723/452/16 4722/412/16 4724/453/16
f 4725/454/2 4726/455/2 4724/453/2 4722/412/2
f 4726/456/10 4718/457/10 4721/458/10 4724/459/10
f 4724/459/8 4721/458/8 4728/460/8 4727/461/8
f 4723/452/4 4727/451/4 4728/450/4 4720/449/4
f 4729/582/2 4733/468/2 4734/583/2 4731/584/2
f 4731/508/10 4734/509/10 4732/510/10 4730/511/10
f 4735/466/4 4737/467/4 4738/468/4 4736/469/4
f 4741/470/1 4743/421/1 4740/404/1 4739/405/1
f 4742/473/18 4750/401/18 4743/421/18 4741/470/18
f 4741/433/5 4744/471/5 4745/472/5 4742/417/5
f 4749/474/16 4745/452/16 4744/412/16 4746/475/16
f 4747/476/2 4748/477/2 4746/475/2 4744/412/2
f 4748/439/10 4740/440/10 4743/441/10 4746/478/10
f 4746/478/9 4743/441/9 4750/479/9 4749/480/9
f 4745/452/4 4749/474/4 4750/401/4 4742/473/4
f 4753/430/1 4755/421/1 4752/481/1 4751/432/1
f 4754/473/18 4762/401/18 4755/421/18 4753/430/18
f 4753/414/5 4756/415/5 4757/482/5 4754/483/5
f 4761/398/16 4757/399/16 4756/484/16 4758/485/16
f 4759/413/2 4760/477/2 4758/485/2 4756/484/2
f 4760/486/10 4752/425/10 4755/426/10 4758/427/10
f 4758/427/8 4755/426/8 4762/428/8 4761/429/8
f 4757/399/4 4761/398/4 4762/401/4 4754/473/4
f 4765/470/1 4767/402/1 4764/487/1 4763/488/1
f 4766/473/18 4774/489/18 4767/402/18 4765/470/18
f 4765/394/5 4768/395/5 4769/396/5 4766/397/5
f 4773/451/16 4769/399/16 4768/391/16 4770/411/16
f 4771/413/2 4772/490/2 4770/411/2 4768/391/2
f 4772/491/10 4764/440/10 4767/441/10 4770/478/10
f 4770/478/8 4767/441/8 4774/479/8 4773/429/8
f 4769/399/4 4773/451/4 4774/489/4 4766/473/4
f 4777/492/1 4779/412/1 4776/493/1 4775/494/1
f 4778/512/18 4786/496/18 4779/412/18 4777/492/18
f 4777/414/5 4780/495/5 4781/482/5 4778/512/5
f 4785/400/16 4781/497/16 4780/421/16 4782/430/16
f 4783/404/2 4784/405/2 4782/430/2 4780/421/2
f 4784/498/10 4776/499/10 4779/500/10 4782/501/10
f 4782/501/8 4779/500/8 4786/502/8 4785/503/8
f 4781/497/4 4785/400/4 4786/496/4 4778/512/4
f 4787/466/4 4788/467/4 4790/468/4 4789/469/4
f 4795/473/18 4797/401/18 4798/421/18 4796/470/18
f 4801/474/16 4799/452/16 4800/412/16 4802/475/16
f 4796/433/5 4800/471/5 4799/472/5 4795/417/5
f 4802/478/8 4798/441/8 4797/479/8 4801/480/8
f 4796/470/1 4798/421/1 4792/404/1 4791/405/1
f 4799/452/4 4801/474/4 4797/401/4 4795/473/4
f 4794/439/10 4792/440/10 4798/441/10 4802/478/10
f 4793/476/2 4794/477/2 4802/475/2 4800/412/2
f 4807/473/18 4809/401/18 4810/421/18 4808/430/18
f 4813/398/16 4811/399/16 4812/484/16 4814/485/16
f 4808/414/5 4812/415/5 4811/482/5 4807/483/5
f 4814/427/9 4810/426/9 4809/428/9 4813/429/9
f 4808/430/1 4810/421/1 4804/481/1 4803/432/1
f 4811/399/4 4813/398/4 4809/401/4 4807/473/4
f 4806/486/10 4804/425/10 4810/426/10 4814/427/10
f 4805/413/2 4806/477/2 4814/485/2 4812/484/2
f 4819/473/18 4821/489/18 4822/402/18 4820/470/18
f 4825/451/16 4823/399/16 4824/391/16 4826/411/16
f 4820/394/17 4824/395/17 4823/396/17 4819/397/17
f 4826/478/8 4822/441/8 4821/479/8 4825/429/8
f 4820/470/1 4822/402/1 4816/487/1 4815/488/1
f 4823/399/4 4825/451/4 4821/489/4 4819/473/4
f 4818/491/10 4816/440/10 4822/441/10 4826/478/10
f 4817/413/2 4818/490/2 4826/411/2 4824/391/2
f 4831/512/18 4833/496/18 4834/412/18 4832/492/18
f 4837/400/16 4835/497/16 4836/421/16 4838/430/16
f 4832/414/5 4836/495/5 4835/482/5 4831/512/5
f 4838/501/8 4834/500/8 4833/502/8 4837/503/8
f 4832/492/1 4834/412/1 4828/493/1 4827/494/1
f 4835/497/4 4837/400/4 4833/496/4 4831/512/4
f 4830/498/10 4828/499/10 4834/500/10 4838/501/10
f 4829/404/2 4830/405/2 4838/430/2 4836/421/2
f 4844/525/16 4842/526/16 4843/527/16 4845/528/16
f 4846/529/17 4843/530/17 4842/531/17 4847/532/17
f 4845/533/8 4849/534/8 4848/535/8 4844/536/8
f 4839/537/2 4840/538/2 4845/528/2 4843/527/2
f 4842/526/4 4844/525/4 4848/539/4 4847/540/4
f 4840/541/10 4841/542/10 4849/534/10 4845/533/10
f 4855/525/16 4853/543/16 4854/544/16 4856/545/16
f 4857/529/5 4854/530/5 4853/546/5 4858/532/5
f 4856/372/9 4860/547/9 4859/548/9 4855/549/9
f 4850/550/2 4851/551/2 4856/545/2 4854/544/2
f 4853/543/4 4855/525/4 4859/539/4 4858/552/4
f 4851/553/10 4852/554/10 4860/547/10 4856/372/10
f 4864/555/18 4866/382/18 4867/544/18 4865/376/18
f 4870/360/8 4867/556/8 4866/557/8 4871/363/8
f 4865/368/5 4869/380/5 4868/339/5 4864/355/5
f 4865/376/1 4867/544/1 4862/378/1 4861/558/1
f 4868/539/4 4871/540/4 4866/382/4 4864/555/4
f 4863/364/10 4862/559/10 4867/556/10 4870/360/10
f 4875/560/18 4877/561/18 4878/562/18 4876/563/18
f 4881/564/8 4878/386/8 4877/565/8 4882/566/8
f 4876/368/5 4880/380/5 4879/339/5 4875/355/5
f 4876/563/1 4878/562/1 4873/550/1 4872/551/1
f 4879/567/4 4882/540/4 4877/561/4 4875/560/4
f 4874/389/10 4873/269/10 4878/386/10 4881/564/10
f 4883/462/2 4887/463/2 4888/464/2 4885/465/2
f 4885/464/10 4888/465/10 4886/568/10 4884/569/10
f 4889/466/4 4891/467/4 4892/468/4 4890/469/4
f 4895/470/1 4897/421/1 4894/404/1 4893/405/1
f 4895/433/5 4898/471/5 4899/472/5 4896/417/5
f 4896/473/18 4904/401/18 4897/421/18 4895/470/18
f 4903/474/16 4899/452/16 4898/412/16 4900/475/16
f 4901/476/2 4902/477/2 4900/475/2 4898/412/2
f 4902/439/10 4894/440/10 4897/441/10 4900/478/10
f 4900/478/8 4897/441/8 4904/479/8 4903/480/8
f 4899/452/4 4903/474/4 4904/401/4 4896/473/4
f 4907/430/1 4909/421/1 4906/481/1 4905/432/1
f 4907/414/5 4910/415/5 4911/482/5 4908/483/5
f 4908/473/18 4916/401/18 4909/421/18 4907/430/18
f 4915/398/16 4911/399/16 4910/484/16 4912/485/16
f 4913/413/2 4914/477/2 4912/485/2 4910/484/2
f 4914/486/10 4906/425/10 4909/426/10 4912/427/10
f 4912/427/8 4909/426/8 4916/428/8 4915/429/8
f 4911/399/4 4915/398/4 4916/401/4 4908/473/4
f 4919/470/1 4921/402/1 4918/487/1 4917/488/1
f 4919/394/5 4922/395/5 4923/396/5 4920/397/5
f 4920/473/18 4928/489/18 4921/402/18 4919/470/18
f 4927/451/16 4923/399/16 4922/391/16 4924/411/16
f 4925/413/2 4926/490/2 4924/411/2 4922/391/2
f 4926/491/10 4918/440/10 4921/441/10 4924/478/10
f 4924/478/8 4921/441/8 4928/479/8 4927/429/8
f 4923/399/4 4927/451/4 4928/489/4 4920/473/4
f 4931/492/1 4933/412/1 4930/493/1 4929/494/1
f 4931/414/5 4934/495/5 4935/482/5 4932/483/5
f 4932/483/18 4940/496/18 4933/412/18 4931/492/18
f 4939/400/16 4935/497/16 4934/421/16 4936/430/16
f 4937/404/2 4938/405/2 4936/430/2 4934/421/2
f 4938/498/10 4930/499/10 4933/500/10 4936/501/10
f 4936/501/8 4933/500/8 4940/502/8 4939/503/8
f 4935/497/4 4939/400/4 4940/496/4 4932/483/4
f 4942/593/2 4941/582/2 4943/507/2 4944/590/2
f 4946/327/4 4949/326/4 4948/330/4 4945/331/4
f 4948/330/4 4950/329/4 4947/328/4 4945/331/4
f 4953/270/20 4951/273/20 4948/298/20 4949/299/20
f 4950/286/2 4948/287/2 4951/288/2 4952/289/2
f 4953/270/4 4954/271/4 4952/272/4 4951/273/4
f 4949/292/1 4955/293/1 4954/294/1 4953/295/1
f 4955/302/21 4950/303/21 4952/272/21 4954/271/21
f 4947/328/4 4950/329/4 4955/325/4 4957/324/4
f 4968/323/4 4956/321/4 4955/325/4 4949/326/4
f 4956/321/4 4958/320/4 4957/324/4 4955/325/4
f 4958/320/4 4956/321/4 4961/317/4 4959/316/4
f 4963/309/4 4960/308/4 4959/316/4 4961/317/4
f 4961/304/21 4956/305/21 4966/276/21 4964/275/21
f 4973/315/4 4963/309/4 4961/317/4 4962/318/4
f 4962/286/1 4961/290/1 4964/288/1 4965/291/1
f 4965/274/4 4964/275/4 4966/276/4 4967/277/4
f 4956/286/2 4968/287/2 4967/288/2 4966/289/2
f 4965/274/20 4967/277/20 4968/296/20 4962/297/20
f 4969/322/4 4970/319/4 4962/318/4 4968/323/4
f 4969/322/4 4968/323/4 4949/326/4 4946/327/4
f 4971/314/4 4973/315/4 4962/318/4 4970/319/4
f 4971/314/4 4972/312/4 4974/313/4 4973/315/4
f 4977/278/20 4975/281/20 4973/300/20 4974/301/20
f 4963/286/2 4973/287/2 4975/288/2 4976/289/2
f 4977/278/4 4978/279/4 4976/280/4 4975/281/4
f 4974/282/1 4979/283/1 4978/284/1 4977/285/1
f 4979/306/21 4963/307/21 4976/280/21 4978/279/21
f 4960/308/4 4963/309/4 4979/310/4 4980/311/4
f 4972/312/4 4980/311/4 4979/310/4 4974/313/4
f 4983/390/1 4985/391/1 4982/392/1 4981/393/1
f 4984/398/18 4992/399/18 4985/391/18 4983/390/18
f 4983/394/5 4986/395/5 4987/396/5 4984/397/5
f 4991/400/16 4987/401/16 4986/402/16 4988/403/16
f 4989/404/2 4990/405/2 4988/403/2 4986/402/2
f 4990/268/10 4982/406/10 4985/407/10 4988/408/10
f 4988/408/8 4985/407/8 4992/409/8 4991/410/8
f 4987/401/4 4991/400/4 4992/399/4 4984/398/4
f 4995/411/1 4997/412/1 4994/413/1 4993/393/1
f 4996/474/18 5004/418/18 4997/412/18 4995/411/18
f 4995/414/5 4998/415/5 4999/416/5 4996/474/5
f 5003/419/16 4999/420/16 4998/421/16 5000/403/16
f 5001/422/2 5002/423/2 5000/403/2 4998/421/2
f 5002/424/10 4994/425/10 4997/426/10 5000/427/10
f 5000/427/8 4997/426/8 5004/428/8 5003/429/8
f 4999/420/4 5003/419/4 5004/418/4 4996/474/4
f 5007/430/1 5009/402/1 5006/431/1 5005/432/1
f 5008/434/18 5016/435/18 5009/402/18 5007/430/18
f 5007/394/5 5010/433/5 5011/254/5 5008/397/5
f 5015/398/16 5011/436/16 5010/391/16 5012/437/16
f 5013/438/2 5014/393/2 5012/437/2 5010/391/2
f 5014/439/10 5006/440/10 5009/441/10 5012/442/10
f 5012/442/8 5009/441/8 5016/443/8 5015/444/8
f 5011/436/4 5015/398/4 5016/435/4 5008/434/4
f 5019/445/1 5021/446/1 5018/447/1 5017/448/1
f 5020/449/18 5028/450/18 5021/446/18 5019/445/18
f 5019/394/5 5022/433/5 5023/396/5 5020/397/5
f 5027/451/16 5023/452/16 5022/412/16 5024/453/16
f 5025/454/2 5026/455/2 5024/453/2 5022/412/2
f 5026/456/10 5018/457/10 5021/458/10 5024/459/10
f 5024/459/8 5021/458/8 5028/460/8 5027/461/8
f 5023/452/4 5027/451/4 5028/450/4 5020/449/4
f 5033/594/10 5032/595/10 5038/596/10 5036/571/10
f 5034/597/10 5033/594/10 5036/571/10
f 5031/598/10 5035/575/10 5038/596/10
f 5035/593/2 5030/582/2 5037/507/2 5038/590/2
f 5032/595/10 5031/598/10 5038/596/10
f 5029/572/10 5034/597/10 5036/571/10
f 5040/327/4 5043/326/4 5042/330/4 5039/331/4
f 5042/330/4 5044/329/4 5041/328/4 5039/331/4
f 5047/270/20 5045/273/20 5042/298/20 5043/299/20
f 5044/286/2 5042/287/2 5045/288/2 5046/289/2
f 5047/270/4 5048/271/4 5046/272/4 5045/273/4
f 5043/292/1 5049/293/1 5048/294/1 5047/295/1
f 5049/302/21 5044/303/21 5046/272/21 5048/271/21
f 5041/328/4 5044/329/4 5049/325/4 5051/324/4
f 5062/323/4 5050/321/4 5049/325/4 5043/326/4
f 5050/321/4 5052/320/4 5051/324/4 5049/325/4
f 5052/320/4 5050/321/4 5055/317/4 5053/316/4
f 5057/309/4 5054/308/4 5053/316/4 5055/317/4
f 5055/304/21 5050/305/21 5060/276/21 5058/275/21
f 5067/315/4 5057/309/4 5055/317/4 5056/318/4
f 5056/286/1 5055/290/1 5058/288/1 5059/291/1
f 5059/274/4 5058/275/4 5060/276/4 5061/277/4
f 5050/286/2 5062/287/2 5061/288/2 5060/289/2
f 5059/274/20 5061/277/20 5062/296/20 5056/297/20
f 5063/322/4 5064/319/4 5056/318/4 5062/323/4
f 5063/322/4 5062/323/4 5043/326/4 5040/327/4
f 5065/314/4 5067/315/4 5056/318/4 5064/319/4
f 5065/314/4 5066/312/4 5068/313/4 5067/315/4
f 5071/278/20 5069/281/20 5067/300/20 5068/301/20
f 5057/286/2 5067/287/2 5069/288/2 5070/289/2
f 5071/278/4 5072/279/4 5070/280/4 5069/281/4
f 5068/282/1 5073/283/1 5072/284/1 5071/285/1
f 5073/306/21 5057/307/21 5070/280/21 5072/279/21
f 5054/308/4 5057/309/4 5073/310/4 5074/311/4
f 5066/312/4 5074/311/4 5073/310/4 5068/313/4
f 5077/390/1 5079/391/1 5076/392/1 5075/393/1
f 5078/398/18 5086/399/18 5079/391/18 5077/390/18
f 5077/394/5 5080/395/5 5081/396/5 5078/397/5
f 5085/400/16 5081/401/16 5080/402/16 5082/403/16
f 5083/404/2 5084/405/2 5082/403/2 5080/402/2
f 5084/268/10 5076/406/10 5079/407/10 5082/408/10
f 5082/408/8 5079/407/8 5086/409/8 5085/410/8
f 5081/401/4 5085/400/4 5086/399/4 5078/398/4
f 5089/411/1 5091/412/1 5088/413/1 5087/393/1
f 5090/474/18 5098/418/18 5091/412/18 5089/411/18
f 5089/414/5 5092/415/5 5093/416/5 5090/474/5
f 5097/419/16 5093/420/16 5092/421/16 5094/403/16
f 5095/422/2 5096/423/2 5094/403/2 5092/421/2
f 5096/424/10 5088/425/10 5091/426/10 5094/427/10
f 5094/427/8 5091/426/8 5098/428/8 5097/429/8
f 5093/420/4 5097/419/4 5098/418/4 5090/474/4
f 5101/430/1 5103/402/1 5100/431/1 5099/432/1
f 5102/434/18 5110/435/18 5103/402/18 5101/430/18
f 5101/394/5 5104/433/5 5105/254/5 5102/397/5
f 5109/398/16 5105/436/16 5104/391/16 5106/437/16
f 5107/438/2 5108/393/2 5106/437/2 5104/391/2
f 5108/439/10 5100/440/10 5103/441/10 5106/442/10
f 5106/442/8 5103/441/8 5110/443/8 5109/444/8
f 5105/436/4 5109/398/4 5110/435/4 5102/434/4
f 5113/445/1 5115/446/1 5112/447/1 5111/448/1
f 5114/449/18 5122/450/18 5115/446/18 5113/445/18
f 5113/394/5 5116/433/5 5117/396/5 5114/397/5
f 5121/451/16 5117/452/16 5116/412/16 5118/453/16
f 5119/454/2 5120/455/2 5118/453/2 5116/412/2
f 5120/456/10 5112/457/10 5115/458/10 5118/459/10
f 5118/459/8 5115/458/8 5122/460/8 5121/461/8
f 5117/452/4 5121/451/4 5122/450/4 5114/449/4
f 5144/270/4 5143/271/4 5145/272/4 5146/273/4
f 5140/274/4 5139/275/4 5141/276/4 5142/277/4
f 5136/278/4 5135/279/4 5137/280/4 5138/281/4
f 5148/282/1 5147/283/1 5135/284/1 5136/285/1
f 5149/286/2 5150/287/2 5138/288/2 5137/289/2
f 5152/286/1 5151/290/1 5139/288/1 5140/291/1
f 5153/286/2 5154/287/2 5142/288/2 5141/289/2
f 5156/292/1 5155/293/1 5143/294/1 5144/295/1
f 5157/286/2 5158/287/2 5146/288/2 5145/289/2
f 5140/274/20 5142/277/20 5154/296/20 5152/297/20
f 5144/270/20 5146/273/20 5158/298/20 5156/299/20
f 5136/278/20 5138/281/20 5150/300/20 5148/301/20
f 5155/302/21 5157/303/21 5145/272/21 5143/271/21
f 5151/304/21 5153/305/21 5141/276/21 5139/275/21
f 5147/306/21 5149/307/21 5137/280/21 5135/279/21
f 5127/308/4 5149/309/4 5147/310/4 5134/311/4
f 5125/312/4 5134/311/4 5147/310/4 5148/313/4
f 5133/314/4 5125/312/4 5148/313/4 5150/315/4
f 5149/309/4 5127/308/4 5128/316/4 5151/317/4
f 5150/315/4 5149/309/4 5151/317/4 5152/318/4
f 5133/314/4 5150/315/4 5152/318/4 5132/319/4
f 5129/320/4 5153/321/4 5151/317/4 5128/316/4
f 5131/322/4 5132/319/4 5152/318/4 5154/323/4
f 5153/321/4 5129/320/4 5130/324/4 5155/325/4
f 5154/323/4 5153/321/4 5155/325/4 5156/326/4
f 5131/322/4 5154/323/4 5156/326/4 5126/327/4
f 5124/328/4 5157/329/4 5155/325/4 5130/324/4
f 5126/327/4 5156/326/4 5158/330/4 5123/331/4
f 5158/330/4 5157/329/4 5124/328/4 5123/331/4
f 5159/332/2 5160/333/2 5163/334/2 5161/335/2
f 5164/336/17 5161/337/17 5162/338/17 5165/339/17
f 5168/340/16 5162/341/16 5161/335/16 5163/334/16
f 5162/341/4 5168/340/4 5166/342/4 5165/343/4
f 5163/344/8 5167/345/8 5166/346/8 5168/347/8
f 5160/348/10 5169/349/10 5167/345/10 5163/344/10
f 5172/350/1 5174/351/1 5171/332/1 5170/352/1
f 5172/353/5 5175/336/5 5176/354/5 5173/355/5
f 5173/356/18 5179/357/18 5174/351/18 5172/350/18
f 5176/358/4 5177/359/4 5179/357/4 5173/356/4
f 5178/360/8 5174/361/8 5179/362/8 5177/363/8
f 5180/364/10 5171/365/10 5174/361/10 5178/360/10
f 5181/366/2 5182/367/2 5185/350/2 5183/351/2
f 5186/336/5 5183/368/5 5184/338/5 5187/339/5
f 5190/369/16 5184/370/16 5183/351/16 5185/350/16
f 5184/370/4 5190/369/4 5188/342/4 5187/371/4
f 5185/372/9 5189/373/9 5188/346/9 5190/374/9
f 5182/375/10 5191/349/10 5189/373/10 5185/372/10
f 5194/376/1 5196/377/1 5193/378/1 5192/379/1
f 5194/337/5 5197/380/5 5198/339/5 5195/355/5
f 5195/381/18 5201/382/18 5196/377/18 5194/376/18
f 5198/383/4 5199/384/4 5201/382/4 5195/381/4
f 5200/385/8 5196/386/8 5201/387/8 5199/388/8
f 5202/389/10 5193/269/10 5196/386/10 5200/385/10
f 5205/390/1 5207/391/1 5204/392/1 5203/393/1
f 5205/394/5 5208/395/5 5209/396/5 5206/397/5
f 5206/398/18 5214/399/18 5207/391/18 5205/390/18
f 5213/400/16 5209/401/16 5208/402/16 5210/403/16
f 5211/404/2 5212/405/2 5210/403/2 5208/402/2
f 5212/268/10 5204/406/10 5207/407/10 5210/408/10
f 5210/408/8 5207/407/8 5214/409/8 5213/410/8
f 5209/401/4 5213/400/4 5214/399/4 5206/398/4
f 5217/411/1 5219/412/1 5216/413/1 5215/393/1
f 5217/414/5 5220/415/5 5221/416/5 5218/417/5
f 5218/417/18 5226/418/18 5219/412/18 5217/411/18
f 5225/419/16 5221/420/16 5220/421/16 5222/403/16
f 5223/422/2 5224/423/2 5222/403/2 5220/421/2
f 5224/424/10 5216/425/10 5219/426/10 5222/427/10
f 5222/427/8 5219/426/8 5226/428/8 5225/429/8
f 5221/420/4 5225/419/4 5226/418/4 5218/417/4
f 5229/430/1 5231/402/1 5228/431/1 5227/432/1
f 5229/394/17 5232/433/17 5233/254/17 5230/397/17
f 5230/434/18 5238/435/18 5231/402/18 5229/430/18
f 5237/398/16 5233/436/16 5232/391/16 5234/437/16
f 5235/438/2 5236/393/2 5234/437/2 5232/391/2
f 5236/439/10 5228/440/10 5231/441/10 5234/442/10
f 5234/442/8 5231/441/8 5238/443/8 5237/444/8
f 5233/436/4 5237/398/4 5238/435/4 5230/434/4
f 5241/445/1 5243/446/1 5240/447/1 5239/448/1
f 5241/394/5 5244/433/5 5245/396/5 5242/397/5
f 5242/449/18 5250/450/18 5243/446/18 5241/445/18
f 5249/451/16 5245/452/16 5244/412/16 5246/453/16
f 5247/454/2 5248/455/2 5246/453/2 5244/412/2
f 5248/456/10 5240/457/10 5243/458/10 5246/459/10
f 5246/459/9 5243/458/9 5250/460/9 5249/461/9
f 5245/452/4 5249/451/4 5250/450/4 5242/449/4
f 5251/462/2 5255/463/2 5256/464/2 5253/465/2
f 5253/464/10 5256/465/10 5254/568/10 5252/569/10
f 5257/466/4 5259/467/4 5260/468/4 5258/469/4
f 5263/470/1 5265/421/1 5262/404/1 5261/405/1
f 5263/433/5 5266/471/5 5267/472/5 5264/417/5
f 5264/473/18 5272/401/18 5265/421/18 5263/470/18
f 5271/474/16 5267/452/16 5266/412/16 5268/475/16
f 5269/476/2 5270/477/2 5268/475/2 5266/412/2
f 5270/439/10 5262/440/10 5265/441/10 5268/478/10
f 5268/478/8 5265/441/8 5272/479/8 5271/480/8
f 5267/452/4 5271/474/4 5272/401/4 5264/473/4
f 5275/430/1 5277/421/1 5274/481/1 5273/432/1
f 5275/414/5 5278/415/5 5279/482/5 5276/483/5
f 5276/473/18 5284/401/18 5277/421/18 5275/430/18
f 5283/398/16 5279/399/16 5278/484/16 5280/485/16
f 5281/413/2 5282/477/2 5280/485/2 5278/484/2
f 5282/486/10 5274/425/10 5277/426/10 5280/427/10
f 5280/427/9 5277/426/9 5284/428/9 5283/429/9
f 5279/399/4 5283/398/4 5284/401/4 5276/473/4
f 5287/470/1 5289/402/1 5286/487/1 5285/488/1
f 5287/394/5 5290/395/5 5291/396/5 5288/397/5
f 5288/473/18 5296/489/18 5289/402/18 5287/470/18
f 5295/451/16 5291/399/16 5290/391/16 5292/411/16
f 5293/413/2 5294/490/2 5292/411/2 5290/391/2
f 5294/491/10 5286/440/10 5289/441/10 5292/478/10
f 5292/478/8 5289/441/8 5296/479/8 5295/429/8
f 5291/399/4 5295/451/4 5296/489/4 5288/473/4
f 5299/492/1 5301/412/1 5298/493/1 5297/494/1
f 5299/414/22 5302/495/22 5303/482/22 5300/483/22
f 5300/483/18 5308/496/18 5301/412/18 5299/492/18
f 5307/400/16 5303/497/16 5302/421/16 5304/430/16
f 5305/404/2 5306/405/2 5304/430/2 5302/421/2
f 5306/498/10 5298/499/10 5301/500/10 5304/501/10
f 5304/501/9 5301/500/9 5308/502/9 5307/503/9
f 5303/497/4 5307/400/4 5308/496/4 5300/483/4
f 5311/608/4 5310/609/4 5309/610/4 5314/611/4
f 5317/612/1 5316/1/1 5314/2/1 5312/3/1
f 5315/613/4 5317/9/4 5312/614/4 5313/3/4
f 5326/615/1 5320/616/1 5318/617/1 5319/618/1
f 5320/616/12 5322/619/12 5321/620/12 5318/617/12
f 5321/621/10 5322/622/10 5323/623/10
f 5324/624/13 5323/625/13 5322/626/13 5320/627/13
f 5324/624/4 5320/627/4 5326/628/4 5325/629/4
f 5327/198/3 5328/630/3 5330/631/3 5329/199/3
f 5328/632/10 5333/633/10 5331/634/10 5330/635/10
f 5333/636/4 5334/637/4 5332/638/4 5331/639/4
f 5341/640/13 5338/641/13 5335/642/13 5336/643/13
f 5335/644/10 5337/645/10 5345/646/10 5336/647/10
f 5338/648/15 5340/649/15 5337/650/15 5335/651/15
f 5338/648/2 5339/652/2 5343/653/2 5340/649/2
f 5342/654/4 5339/655/4 5338/641/4 5341/640/4
f 5340/656/14 5344/657/14 5345/128/14 5337/658/14
f 5343/659/3 5346/660/3 5344/657/3 5340/656/3
f 5347/661/10 5349/662/10 5358/663/10 5348/664/10
f 5351/665/13 5350/666/13 5347/667/13 5348/668/13
f 5350/669/15 5352/670/15 5349/671/15 5347/672/15
f 5354/673/4 5353/674/4 5350/666/4 5351/665/4
f 5352/670/2 5350/669/2 5353/110/2 5355/675/2
f 5355/673/3 5356/676/3 5357/666/3 5352/665/3
f 5354/653/1 5351/677/1 5357/678/1 5356/679/1
f 5352/665/14 5357/666/14 5358/680/14 5349/681/14
f 5357/678/12 5351/677/12 5348/682/12 5358/651/12
f 5365/683/13 5362/684/13 5359/685/13 5360/686/13
f 5359/687/10 5361/688/10 5368/689/10 5360/690/10
f 5362/691/15 5364/692/15 5361/693/15 5359/694/15
f 5362/691/2 5363/695/2 5370/696/2 5364/692/2
f 5366/697/4 5363/698/4 5362/684/4 5365/683/4
f 5367/699/12 5365/700/12 5360/701/12 5368/702/12
f 5366/703/1 5365/700/1 5367/699/1 5369/704/1
f 5364/705/14 5367/684/14 5368/706/14 5361/686/14
f 5370/697/3 5369/698/3 5367/684/3 5364/705/3
f 5371/707/4 5373/708/4 5374/709/4 5372/710/4
f 5377/711/10 5372/712/10 5374/713/10 5375/714/10
f 5378/138/3 5377/715/3 5375/716/3 5376/139/3
f 5379/717/3 5380/718/3 5382/719/3 5381/720/3
f 5380/721/10 5385/134/10 5383/722/10 5382/723/10
f 5385/724/4 5386/725/4 5384/726/4 5383/727/4
f 5390/85/11 5389/86/11 5387/87/11 5388/88/11
f 5389/86/10 5390/85/10 5392/85/10 5391/86/10
f 5393/728/2 5394/729/2 5397/730/2 5395/731/2
f 5402/732/16 5396/733/16 5395/731/16 5397/730/16
f 5398/210/17 5395/211/17 5396/212/17 5399/213/17
f 5396/733/4 5402/732/4 5400/734/4 5399/735/4
f 5397/736/8 5401/737/8 5400/738/8 5402/739/8
f 5405/740/1 5407/741/1 5404/204/1 5403/742/1
f 5405/240/17 5408/211/17 5409/241/17 5406/242/17
f 5406/743/18 5414/744/18 5407/741/18 5405/740/18
f 5413/745/16 5409/746/16 5408/747/16 5410/748/16
f 5411/749/2 5412/750/2 5410/748/2 5408/747/2
f 5410/751/8 5407/752/8 5414/753/8 5413/754/8
f 5409/746/4 5413/745/4 5414/744/4 5406/743/4
f 5417/755/1 5419/747/1 5416/756/1 5415/757/1
f 5417/240/17 5420/211/17 5421/241/17 5418/242/17
f 5418/745/18 5426/758/18 5419/747/18 5417/755/18
f 5425/759/16 5421/760/16 5420/761/16 5422/740/16
f 5423/762/2 5424/763/2 5422/740/2 5420/761/2
f 5422/751/19 5419/764/19 5426/765/19 5425/512/19
f 5421/760/4 5425/759/4 5426/758/4 5418/745/4
f 5429/766/1 5431/767/1 5428/768/1 5427/769/1
f 5433/770/5 5430/771/5 5429/772/5 5432/773/5
f 5430/774/18 5436/775/18 5431/767/18 5429/766/18
f 5434/776/4 5436/775/4 5430/774/4 5433/777/4
f 5435/778/9 5431/779/9 5436/780/9 5434/781/9
f 5440/782/4 5438/77/4 5437/783/4 5439/75/4
f 5444/784/4 5443/15/4 5441/16/4 5442/40/4
f 5445/10/2 5444/785/2 5442/786/2 5438/787/2
f 5452/788/13 5447/789/13 5446/790/13 5449/791/13
f 5446/792/10 5447/793/10 5456/794/10 5448/795/10
f 5449/796/12 5446/797/12 5448/798/12 5451/799/12
f 5449/796/1 5451/799/1 5454/800/1 5450/801/1
f 5453/802/4 5452/788/4 5449/791/4 5450/803/4
f 5451/804/14 5448/805/14 5456/806/14 5455/807/14
f 5454/802/3 5451/804/3 5455/807/3 5457/808/3
f 5458/809/13 5459/810/13 5463/811/13 5462/812/13
f 5461/813/15 5465/814/15 5459/815/15 5458/816/15
f 5460/675/2 5466/817/2 5461/813/2 5458/816/2
f 5460/818/4 5458/809/4 5462/812/4 5464/819/4
f 5463/820/10 5459/821/10 5465/822/10
f 5467/823/10 5468/824/10 5478/825/10 5469/826/10
f 5471/827/13 5468/828/13 5467/829/13 5470/830/13
f 5470/831/12 5467/832/12 5469/833/12 5472/834/12
f 5474/835/4 5471/827/4 5470/830/4 5473/836/4
f 5472/834/1 5475/837/1 5473/838/1 5470/831/1
f 5475/835/3 5472/827/3 5477/839/3 5476/840/3
f 5474/841/2 5476/842/2 5477/843/2 5471/844/2
f 5472/827/14 5469/845/14 5478/846/14 5477/839/14
f 5477/843/15 5478/847/15 5468/848/15 5471/844/15
f 5485/843/13 5480/849/13 5479/850/13 5482/851/13
f 5479/852/10 5480/853/10 5488/854/10 5481/855/10
f 5482/856/12 5479/849/12 5481/850/12 5484/857/12
f 5482/856/1 5484/857/1 5490/858/1 5483/842/1
f 5486/842/4 5485/843/4 5482/851/4 5483/859/4
f 5487/860/15 5488/847/15 5480/848/15 5485/861/15
f 5486/862/2 5489/842/2 5487/860/2 5485/861/2
f 5484/843/14 5481/863/14 5488/864/14 5487/865/14
f 5490/866/3 5484/843/3 5487/865/3 5489/862/3
f 5491/867/4 5492/868/4 5494/869/4 5493/870/4
f 5497/871/10 5495/872/10 5494/873/10 5492/874/10
f 5498/875/3 5496/876/3 5495/877/3 5497/878/3
f 5499/879/3 5501/880/3 5502/881/3 5500/882/3
f 5500/883/10 5502/884/10 5503/885/10 5505/634/10
f 5505/886/4 5503/887/4 5504/888/4 5506/889/4
f 5507/890/3 5509/891/3 5510/892/3 5508/893/3
f 5508/894/10 5510/895/10 5511/874/10 5513/896/10
f 5513/897/4 5511/898/4 5512/899/4 5514/900/4
f 5518/85/11 5517/86/11 5515/87/11 5516/88/11
f 5517/86/10 5518/85/10 5520/85/10 5519/86/10
f 5521/352/1 5523/901/1 5525/257/1 5522/454/1
f 5530/902/18 5525/257/18 5523/901/18 5524/903/18
f 5526/904/17 5527/905/17 5524/906/17 5523/907/17
f 5524/903/4 5527/908/4 5528/909/4 5530/902/4
f 5525/910/8 5530/911/8 5528/912/8 5529/913/8
f 5533/914/2 5531/915/2 5532/916/2 5535/917/2
f 5533/918/17 5534/919/17 5537/754/17 5536/920/17
f 5534/921/16 5533/914/16 5535/917/16 5542/922/16
f 5541/923/18 5538/924/18 5536/925/18 5537/926/18
f 5539/927/1 5536/925/1 5538/924/1 5540/425/1
f 5538/928/8 5541/929/8 5542/930/8 5535/764/8
f 5537/926/4 5534/921/4 5542/922/4 5541/923/4
f 5545/931/2 5543/932/2 5544/933/2 5547/934/2
f 5545/935/17 5546/919/17 5549/936/17 5548/920/17
f 5546/937/16 5545/931/16 5547/934/16 5554/938/16
f 5553/939/18 5550/940/18 5548/917/18 5549/941/18
f 5551/942/1 5548/917/1 5550/940/1 5552/943/1
f 5550/944/8 5553/945/8 5554/754/8 5547/946/8
f 5549/941/4 5546/937/4 5554/938/4 5553/939/4
f 5557/947/2 5555/948/2 5556/949/2 5559/950/2
f 5558/951/5 5561/952/5 5560/953/5 5557/954/5
f 5558/955/16 5557/947/16 5559/950/16 5564/956/16
f 5564/956/4 5562/957/4 5561/958/4 5558/955/4
f 5559/954/8 5563/959/8 5562/781/8 5564/951/8
f 5568/1/2 5583/2/2 5574/3/2 5565/4/2
f 5566/5/1 5575/2/1 5582/3/1 5567/4/1
f 5582/6/4 5583/7/4 5568/8/4 5567/9/4
f 5579/10/1 5578/11/1 5570/12/1 5571/13/1
f 5573/10/2 5586/11/2 5572/12/2 5569/13/2
f 5578/14/3 5573/15/3 5569/16/3 5570/17/3
f 5586/18/4 5579/15/4 5571/16/4 5572/19/4
f 5584/3/4 5581/16/4 5580/20/4 5585/21/4
f 5590/22/23 5593/23/23 5588/24/23 5576/25/23
f 5576/26/3 5588/27/3 5587/20/3 5577/28/3
f 5596/29/23 5599/30/23 5573/31/23 5578/32/23
f 5588/33/2 5584/34/2 5585/20/2 5587/35/2
f 5591/36/24 5590/37/24 5576/38/24 5581/39/24
f 5581/40/1 5576/16/1 5577/41/1 5580/35/1
f 5597/42/24 5596/43/24 5578/44/24 5579/45/24
f 5582/46/25 5575/47/25 5589/48/25 5592/49/25
f 5592/50/1 5589/51/1 5590/52/1 5591/53/1
f 5575/47/26 5574/54/26 5594/49/26 5589/48/26
f 5589/55/3 5594/56/3 5593/57/3 5590/58/3
f 5580/59/25 5577/60/25 5595/61/25 5598/62/25
f 5598/63/1 5595/64/1 5596/65/1 5597/66/1
f 5577/67/26 5587/68/26 5600/69/26 5595/70/26
f 5595/71/3 5600/65/3 5599/64/3 5596/72/3
f 5565/9/3 5574/73/3 5575/3/3 5566/74/3
f 5604/1/2 5619/2/2 5610/3/2 5601/4/2
f 5602/5/1 5611/2/1 5618/3/1 5603/4/1
f 5618/6/4 5619/7/4 5604/8/4 5603/9/4
f 5615/10/1 5614/11/1 5606/12/1 5607/13/1
f 5609/10/2 5622/11/2 5608/12/2 5605/13/2
f 5614/14/3 5609/15/3 5605/16/3 5606/17/3
f 5622/18/4 5615/15/4 5607/16/4 5608/19/4
f 5620/3/4 5617/16/4 5616/20/4 5621/21/4
f 5626/22/23 5629/23/23 5624/24/23 5612/25/23
f 5612/26/3 5624/27/3 5623/20/3 5613/28/3
f 5632/29/23 5635/30/23 5609/31/23 5614/32/23
f 5624/33/2 5620/34/2 5621/20/2 5623/35/2
f 5627/36/24 5626/37/24 5612/38/24 5617/39/24
f 5617/40/1 5612/16/1 5613/41/1 5616/35/1
f 5633/42/24 5632/43/24 5614/44/24 5615/45/24
f 5618/46/25 5611/47/25 5625/48/25 5628/49/25
f 5628/50/1 5625/51/1 5626/52/1 5627/53/1
f 5611/47/26 5610/54/26 5630/49/26 5625/48/26
f 5625/55/3 5630/56/3 5629/57/3 5626/58/3
f 5616/59/25 5613/60/25 5631/61/25 5634/62/25
f 5634/63/1 5631/64/1 5632/65/1 5633/66/1
f 5613/67/26 5623/68/26 5636/69/26 5631/70/26
f 5631/71/3 5636/65/3 5635/64/3 5632/72/3
f 5601/9/3 5610/73/3 5611/3/3 5602/74/3
f 5640/1/2 5655/2/2 5646/3/2 5637/4/2
f 5638/5/1 5647/2/1 5654/3/1 5639/4/1
f 5654/6/4 5655/7/4 5640/8/4 5639/9/4
f 5651/10/1 5650/11/1 5642/12/1 5643/13/1
f 5645/10/2 5658/11/2 5644/12/2 5641/13/2
f 5650/14/3 5645/15/3 5641/16/3 5642/17/3
f 5658/18/4 5651/15/4 5643/16/4 5644/19/4
f 5656/3/4 5653/16/4 5652/20/4 5657/21/4
f 5662/22/23 5665/23/23 5660/24/23 5648/25/23
f 5648/26/3 5660/27/3 5659/20/3 5649/28/3
f 5668/29/23 5671/30/23 5645/31/23 5650/32/23
f 5660/33/2 5656/34/2 5657/20/2 5659/35/2
f 5663/36/24 5662/37/24 5648/38/24 5653/39/24
f 5653/40/1 5648/16/1 5649/41/1 5652/35/1
f 5669/42/24 5668/43/24 5650/44/24 5651/45/24
f 5654/46/25 5647/47/25 5661/48/25 5664/49/25
f 5664/50/1 5661/51/1 5662/52/1 5663/53/1
f 5647/47/26 5646/54/26 5666/49/26 5661/48/26
f 5661/55/3 5666/56/3 5665/57/3 5662/58/3
f 5652/59/25 5649/60/25 5667/61/25 5670/62/25
f 5670/63/1 5667/64/1 5668/65/1 5669/66/1
f 5649/67/26 5659/68/26 5672/69/26 5667/70/26
f 5667/71/3 5672/65/3 5671/64/3 5668/72/3
f 5637/9/3 5646/73/3 5647/3/3 5638/74/3
f 5676/1/2 5691/2/2 5682/3/2 5673/4/2
f 5674/5/1 5683/2/1 5690/3/1 5675/4/1
f 5690/6/4 5691/7/4 5676/8/4 5675/9/4
f 5687/10/1 5686/11/1 5678/12/1 5679/13/1
f 5681/10/2 5694/11/2 5680/12/2 5677/13/2
f 5686/14/3 5681/15/3 5677/16/3 5678/17/3
f 5694/18/4 5687/15/4 5679/16/4 5680/19/4
f 5692/3/4 5689/16/4 5688/20/4 5693/21/4
f 5698/22/23 5701/23/23 5696/24/23 5684/25/23
f 5684/26/3 5696/27/3 5695/20/3 5685/28/3
f 5704/29/23 5707/30/23 5681/31/23 5686/32/23
f 5696/33/2 5692/34/2 5693/20/2 5695/35/2
f 5699/36/24 5698/37/24 5684/38/24 5689/39/24
f 5689/40/1 5684/16/1 5685/41/1 5688/35/1
f 5705/42/24 5704/43/24 5686/44/24 5687/45/24
f 5690/46/25 5683/47/25 5697/48/25 5700/49/25
f 5700/50/1 5697/51/1 5698/52/1 5699/53/1
f 5683/47/26 5682/54/26 5702/49/26 5697/48/26
f 5697/55/3 5702/56/3 5701/57/3 5698/58/3
f 5688/59/25 5685/60/25 5703/61/25 5706/62/25
f 5706/63/1 5703/64/1 5704/65/1 5705/66/1
f 5685/67/26 5695/68/26 5708/69/26 5703/70/26
f 5703/71/3 5708/65/3 5707/64/3 5704/72/3
f 5673/9/3 5682/73/3 5683/3/3 5674/74/3
f 5712/1/2 5727/2/2 5718/3/2 5709/4/2
f 5710/5/1 5719/2/1 5726/3/1 5711/4/1
f 5726/6/4 5727/7/4 5712/8/4 5711/9/4
f 5723/10/1 5722/11/1 5714/12/1 5715/13/1
f 5717/10/2 5730/11/2 5716/12/2 5713/13/2
f 5722/14/3 5717/15/3 5713/16/3 5714/17/3
f 5730/18/4 5723/15/4 5715/16/4 5716/19/4
f 5728/3/4 5725/16/4 5724/20/4 5729/21/4
f 5734/22/23 5737/23/23 5732/24/23 5720/25/23
f 5720/26/3 5732/27/3 5731/20/3 5721/28/3
f 5740/29/23 5743/30/23 5717/31/23 5722/32/23
f 5732/33/2 5728/34/2 5729/20/2 5731/35/2
f 5735/36/24 5734/37/24 5720/38/24 5725/39/24
f 5725/40/1 5720/16/1 5721/41/1 5724/35/1
f 5741/42/24 5740/43/24 5722/44/24 5723/45/24
f 5726/46/25 5719/47/25 5733/48/25 5736/49/25
f 5736/50/1 5733/51/1 5734/52/1 5735/53/1
f 5719/47/26 5718/54/26 5738/49/26 5733/48/26
f 5733/55/3 5738/56/3 5737/57/3 5734/58/3
f 5724/59/25 5721/60/25 5739/61/25 5742/62/25
f 5742/63/1 5739/64/1 5740/65/1 5741/66/1
f 5721/67/26 5731/68/26 5744/69/26 5739/70/26
f 5739/71/3 5744/65/3 5743/64/3 5740/72/3
f 5709/9/3 5718/73/3 5719/3/3 5710/74/3
f 5748/1/2 5763/2/2 5754/3/2 5745/4/2
f 5746/5/1 5755/2/1 5762/3/1 5747/4/1
f 5762/6/4 5763/7/4 5748/8/4 5747/9/4
f 5759/10/1 5758/11/1 5750/12/1 5751/13/1
f 5753/10/2 5766/11/2 5752/12/2 5749/13/2
f 5758/14/3 5753/15/3 5749/16/3 5750/17/3
f 5766/18/4 5759/15/4 5751/16/4 5752/19/4
f 5764/3/4 5761/16/4 5760/20/4 5765/21/4
f 5770/22/23 5773/23/23 5768/24/23 5756/25/23
f 5756/26/3 5768/27/3 5767/20/3 5757/28/3
f 5776/29/23 5779/30/23 5753/31/23 5758/32/23
f 5768/33/2 5764/34/2 5765/20/2 5767/35/2
f 5771/36/24 5770/37/24 5756/38/24 5761/39/24
f 5761/40/1 5756/16/1 5757/41/1 5760/35/1
f 5777/42/24 5776/43/24 5758/44/24 5759/45/24
f 5762/46/25 5755/47/25 5769/48/25 5772/49/25
f 5772/50/1 5769/51/1 5770/52/1 5771/53/1
f 5755/47/26 5754/54/26 5774/49/26 5769/48/26
f 5769/55/3 5774/56/3 5773/57/3 5770/58/3
f 5760/59/25 5757/60/25 5775/61/25 5778/62/25
f 5778/63/1 5775/64/1 5776/65/1 5777/66/1
f 5757/67/26 5767/68/26 5780/69/26 5775/70/26
f 5775/71/3 5780/65/3 5779/64/3 5776/72/3
f 5745/9/3 5754/73/3 5755/3/3 5746/74/3
f 5784/1/2 5799/2/2 5790/3/2 5781/4/2
f 5782/5/1 5791/2/1 5798/3/1 5783/4/1
f 5798/6/4 5799/7/4 5784/8/4 5783/9/4
f 5795/10/1 5794/11/1 5786/12/1 5787/13/1
f 5789/10/2 5802/11/2 5788/12/2 5785/13/2
f 5794/14/3 5789/15/3 5785/16/3 5786/17/3
f 5802/18/4 5795/15/4 5787/16/4 5788/19/4
f 5800/3/4 5797/16/4 5796/20/4 5801/21/4
f 5806/22/23 5809/23/23 5804/24/23 5792/25/23
f 5792/26/3 5804/27/3 5803/20/3 5793/28/3
f 5812/29/23 5815/30/23 5789/31/23 5794/32/23
f 5804/33/2 5800/34/2 5801/20/2 5803/35/2
f 5807/36/24 5806/37/24 5792/38/24 5797/39/24
f 5797/40/1 5792/16/1 5793/41/1 5796/35/1
f 5813/42/24 5812/43/24 5794/44/24 5795/45/24
f 5798/46/25 5791/47/25 5805/48/25 5808/49/25
f 5808/50/1 5805/51/1 5806/52/1 5807/53/1
f 5791/47/26 5790/54/26 5810/49/26 5805/48/26
f 5805/55/3 5810/56/3 5809/57/3 5806/58/3
f 5796/59/25 5793/60/25 5811/61/25 5814/62/25
f 5814/63/1 5811/64/1 5812/65/1 5813/66/1
f 5793/67/26 5803/68/26 5816/69/26 5811/70/26
f 5811/71/3 5816/65/3 5815/64/3 5812/72/3
f 5781/9/3 5790/73/3 5791/3/3 5782/74/3
f 5820/1/2 5835/2/2 5826/3/2 5817/4/2
f 5818/5/1 5827/2/1 5834/3/1 5819/4/1
f 5834/6/4 5835/7/4 5820/8/4 5819/9/4
f 5831/10/1 5830/11/1 5822/12/1 5823/13/1
f 5825/10/2 5838/11/2 5824/12/2 5821/13/2
f 5830/14/3 5825/15/3 5821/16/3 5822/17/3
f 5838/18/4 5831/15/4 5823/16/4 5824/19/4
f 5836/3/4 5833/16/4 5832/20/4 5837/21/4
f 5842/22/23 5845/23/23 5840/24/23 5828/25/23
f 5828/26/3 5840/27/3 5839/20/3 5829/28/3
f 5848/29/23 5851/30/23 5825/31/23 5830/32/23
f 5840/33/2 5836/34/2 5837/20/2 5839/35/2
f 5843/36/24 5842/37/24 5828/38/24 5833/39/24
f 5833/40/1 5828/16/1 5829/41/1 5832/35/1
f 5849/42/24 5848/43/24 5830/44/24 5831/45/24
f 5834/46/25 5827/47/25 5841/48/25 5844/49/25
f 5844/50/1 5841/51/1 5842/52/1 5843/53/1
f 5827/47/26 5826/54/26 5846/49/26 5841/48/26
f 5841/55/3 5846/56/3 5845/57/3 5842/58/3
f 5832/59/25 5829/60/25 5847/61/25 5850/62/25
f 5850/63/1 5847/64/1 5848/65/1 5849/66/1
f 5829/67/26 5839/68/26 5852/69/26 5847/70/26
f 5847/71/3 5852/65/3 5851/64/3 5848/72/3
f 5817/9/3 5826/73/3 5827/3/3 5818/74/3
f 5856/1/2 5871/2/2 5862/3/2 5853/4/2
f 5854/5/1 5863/2/1 5870/3/1 5855/4/1
f 5870/6/4 5871/7/4 5856/8/4 5855/9/4
f 5867/10/1 5866/11/1 5858/12/1 5859/13/1
f 5861/10/2 5874/11/2 5860/12/2 5857/13/2
f 5866/14/3 5861/15/3 5857/16/3 5858/17/3
f 5874/18/4 5867/15/4 5859/16/4 5860/19/4
f 5872/3/4 5869/16/4 5868/20/4 5873/21/4
f 5878/22/23 5881/23/23 5876/24/23 5864/25/23
f 5864/26/3 5876/27/3 5875/20/3 5865/28/3
f 5884/29/23 5887/30/23 5861/31/23 5866/32/23
f 5876/33/2 5872/34/2 5873/20/2 5875/35/2
f 5879/36/24 5878/37/24 5864/38/24 5869/39/24
f 5869/40/1 5864/16/1 5865/41/1 5868/35/1
f 5885/42/24 5884/43/24 5866/44/24 5867/45/24
f 5870/46/25 5863/47/25 5877/48/25 5880/49/25
f 5880/50/1 5877/51/1 5878/52/1 5879/53/1
f 5863/47/26 5862/54/26 5882/49/26 5877/48/26
f 5877/55/3 5882/56/3 5881/57/3 5878/58/3
f 5868/59/25 5865/60/25 5883/61/25 5886/62/25
f 5886/63/1 5883/64/1 5884/65/1 5885/66/1
f 5865/67/26 5875/68/26 5888/69/26 5883/70/26
f 5883/71/3 5888/65/3 5887/64/3 5884/72/3
f 5853/9/3 5862/73/3 5863/3/3 5854/74/3
f 5892/1/2 5907/2/2 5898/3/2 5889/4/2
f 5890/5/1 5899/2/1 5906/3/1 5891/4/1
f 5906/6/4 5907/7/4 5892/8/4 5891/9/4
f 5903/10/1 5902/11/1 5894/12/1 5895/13/1
f 5897/10/2 5910/11/2 5896/12/2 5893/13/2
f 5902/14/3 5897/15/3 5893/16/3 5894/17/3
f 5910/18/4 5903/15/4 5895/16/4 5896/19/4
f 5908/3/4 5905/16/4 5904/20/4 5909/21/4
f 5914/22/23 5917/23/23 5912/24/23 5900/25/23
f 5900/26/3 5912/27/3 5911/20/3 5901/28/3
f 5920/29/23 5923/30/23 5897/31/23 5902/32/23
f 5912/33/2 5908/34/2 5909/20/2 5911/35/2
f 5915/36/24 5914/37/24 5900/38/24 5905/39/24
f 5905/40/1 5900/16/1 5901/41/1 5904/35/1
f 5921/42/24 5920/43/24 5902/44/24 5903/45/24
f 5906/46/25 5899/47/25 5913/48/25 5916/49/25
f 5916/50/1 5913/51/1 5914/52/1 5915/53/1
f 5899/47/26 5898/54/26 5918/49/26 5913/48/26
f 5913/55/3 5918/56/3 5917/57/3 5914/58/3
f 5904/59/25 5901/60/25 5919/61/25 5922/62/25
f 5922/63/1 5919/64/1 5920/65/1 5921/66/1
f 5901/67/26 5911/68/26 5924/69/26 5919/70/26
f 5919/71/3 5924/65/3 5923/64/3 5920/72/3
f 5889/9/3 5898/73/3 5899/3/3 5890/74/3
f 5928/1/2 5943/2/2 5934/3/2 5925/4/2
f 5926/5/1 5935/2/1 5942/3/1 5927/4/1
f 5942/6/4 5943/7/4 5928/8/4 5927/9/4
f 5939/10/1 5938/11/1 5930/12/1 5931/13/1
f 5933/10/2 5946/11/2 5932/12/2 5929/13/2
f 5938/14/3 5933/15/3 5929/16/3 5930/17/3
f 5946/18/4 5939/15/4 5931/16/4 5932/19/4
f 5944/3/4 5941/16/4 5940/20/4 5945/21/4
f 5950/22/23 5953/23/23 5948/24/23 5936/25/23
f 5936/26/3 5948/27/3 5947/20/3 5937/28/3
f 5956/29/23 5959/30/23 5933/31/23 5938/32/23
f 5948/33/2 5944/34/2 5945/20/2 5947/35/2
f 5951/36/24 5950/37/24 5936/38/24 5941/39/24
f 5941/40/1 5936/16/1 5937/41/1 5940/35/1
f 5957/42/24 5956/43/24 5938/44/24 5939/45/24
f 5942/46/25 5935/47/25 5949/48/25 5952/49/25
f 5952/50/1 5949/51/1 5950/52/1 5951/53/1
f 5935/47/26 5934/54/26 5954/49/26 5949/48/26
f 5949/55/3 5954/56/3 5953/57/3 5950/58/3
f 5940/59/25 5937/60/25 5955/61/25 5958/62/25
f 5958/63/1 5955/64/1 5956/65/1 5957/66/1
f 5937/67/26 5947/68/26 5960/69/26 5955/70/26
f 5955/71/3 5960/65/3 5959/64/3 5956/72/3
f 5925/9/3 5934/73/3 5935/3/3 5926/74/3
f 5964/1/2 5979/2/2 5970/3/2 5961/4/2
f 5962/5/1 5971/2/1 5978/3/1 5963/4/1
f 5978/6/4 5979/7/4 5964/8/4 5963/9/4
f 5975/10/1 5974/11/1 5966/12/1 5967/13/1
f 5969/10/2 5982/11/2 5968/12/2 5965/13/2
f 5974/14/3 5969/15/3 5965/16/3 5966/17/3
f 5982/18/4 5975/15/4 5967/16/4 5968/19/4
f 5980/3/4 5977/16/4 5976/20/4 5981/21/4
f 5986/22/23 5989/23/23 5984/24/23 5972/25/23
f 5972/26/3 5984/27/3 5983/20/3 5973/28/3
f 5992/29/23 5995/30/23 5969/31/23 5974/32/23
f 5984/33/2 5980/34/2 5981/20/2 5983/35/2
f 5987/36/24 5986/37/24 5972/38/24 5977/39/24
f 5977/40/1 5972/16/1 5973/41/1 5976/35/1
f 5993/42/24 5992/43/24 5974/44/24 5975/45/24
f 5978/46/25 5971/47/25 5985/48/25 5988/49/25
f 5988/50/1 5985/51/1 5986/52/1 5987/53/1
f 5971/47/26 5970/54/26 5990/49/26 5985/48/26
f 5985/55/3 5990/56/3 5989/57/3 5986/58/3
f 5976/59/25 5973/60/25 5991/61/25 5994/62/25
f 5994/63/1 5991/64/1 5992/65/1 5993/66/1
f 5973/67/26 5983/68/26 5996/69/26 5991/70/26
f 5991/71/3 5996/65/3 5995/64/3 5992/72/3
f 5961/9/3 5970/73/3 5971/3/3 5962/74/3
f 6000/1/2 6015/2/2 6006/3/2 5997/4/2
f 5998/5/1 6007/2/1 6014/3/1 5999/4/1
f 6014/6/4 6015/7/4 6000/8/4 5999/9/4
f 6011/10/1 6010/11/1 6002/12/1 6003/13/1
f 6005/10/2 6018/11/2 6004/12/2 6001/13/2
f 6010/14/3 6005/15/3 6001/16/3 6002/17/3
f 6018/18/4 6011/15/4 6003/16/4 6004/19/4
f 6016/3/4 6013/16/4 6012/20/4 6017/21/4
f 6022/22/23 6025/23/23 6020/24/23 6008/25/23
f 6008/26/3 6020/27/3 6019/20/3 6009/28/3
f 6028/29/23 6031/30/23 6005/31/23 6010/32/23
f 6020/33/2 6016/34/2 6017/20/2 6019/35/2
f 6023/36/24 6022/37/24 6008/38/24 6013/39/24
f 6013/40/1 6008/16/1 6009/41/1 6012/35/1
f 6029/42/24 6028/43/24 6010/44/24 6011/45/24
f 6014/46/25 6007/47/25 6021/48/25 6024/49/25
f 6024/50/1 6021/51/1 6022/52/1 6023/53/1
f 6007/47/26 6006/54/26 6026/49/26 6021/48/26
f 6021/55/3 6026/56/3 6025/57/3 6022/58/3
f 6012/59/25 6009/60/25 6027/61/25 6030/62/25
f 6030/63/1 6027/64/1 6028/65/1 6029/66/1
f 6009/67/26 6019/68/26 6032/69/26 6027/70/26
f 6027/71/3 6032/65/3 6031/64/3 6028/72/3
f 5997/9/3 6006/73/3 6007/3/3 5998/74/3
f 6036/1/2 6051/2/2 6042/3/2 6033/4/2
f 6034/5/1 6043/2/1 6050/3/1 6035/4/1
f 6050/6/4 6051/7/4 6036/8/4 6035/9/4
f 6047/10/1 6046/11/1 6038/12/1 6039/13/1
f 6041/10/2 6054/11/2 6040/12/2 6037/13/2
f 6046/14/3 6041/15/3 6037/16/3 6038/17/3
f 6054/18/4 6047/15/4 6039/16/4 6040/19/4
f 6052/3/4 6049/16/4 6048/20/4 6053/21/4
f 6058/22/23 6061/23/23 6056/24/23 6044/25/23
f 6044/26/3 6056/27/3 6055/20/3 6045/28/3
f 6064/29/23 6067/30/23 6041/31/23 6046/32/23
f 6056/33/2 6052/34/2 6053/20/2 6055/35/2
f 6059/36/24 6058/37/24 6044/38/24 6049/39/24
f 6049/40/1 6044/16/1 6045/41/1 6048/35/1
f 6065/42/24 6064/43/24 6046/44/24 6047/45/24
f 6050/46/25 6043/47/25 6057/48/25 6060/49/25
f 6060/50/1 6057/51/1 6058/52/1 6059/53/1
f 6043/47/26 6042/54/26 6062/49/26 6057/48/26
f 6057/55/3 6062/56/3 6061/57/3 6058/58/3
f 6048/59/25 6045/60/25 6063/61/25 6066/62/25
f 6066/63/1 6063/64/1 6064/65/1 6065/66/1
f 6045/67/26 6055/68/26 6068/69/26 6063/70/26
f 6063/71/3 6068/65/3 6067/64/3 6064/72/3
f 6033/9/3 6042/73/3 6043/3/3 6034/74/3
f 6074/612/2 6073/1/2 6071/2/2 6069/3/2
f 6072/613/3 6074/9/3 6069/614/3 6070/3/3
f 6083/615/2 6077/616/2 6075/617/2 6076/618/2
f 6077/616/15 6079/619/15 6078/620/15 6075/617/15
f 6078/621/10 6079/622/10 6080/623/10
f 6081/624/14 6080/625/14 6079/626/14 6077/627/14
f 6081/624/3 6077/627/3 6083/628/3 6082/629/3
f 6086/766/2 6088/767/2 6085/768/2 6084/769/2
f 6090/770/23 6087/771/23 6086/772/23 6089/773/23
f 6087/774/27 6093/775/27 6088/767/27 6086/766/27
f 6091/776/3 6093/775/3 6087/774/3 6090/777/3
f 6092/778/26 6088/779/26 6093/780/26 6091/781/26
f 6097/782/1 6095/77/1 6094/783/1 6096/75/1
f 6101/784/1 6100/15/1 6098/16/1 6099/40/1
f 6102/10/4 6101/785/4 6099/786/4 6095/787/4
f 6109/788/12 6104/789/12 6103/790/12 6106/791/12
f 6103/792/10 6104/793/10 6113/794/10 6105/795/10
f 6106/796/14 6103/797/14 6105/798/14 6108/799/14
f 6106/796/3 6108/799/3 6111/800/3 6107/801/3
f 6110/802/1 6109/788/1 6106/791/1 6107/803/1
f 6108/804/15 6105/805/15 6113/806/15 6112/807/15
f 6111/802/2 6108/804/2 6112/807/2 6114/808/2
f 6115/809/12 6116/810/12 6120/811/12 6119/812/12
f 6118/813/13 6122/814/13 6116/815/13 6115/816/13
f 6117/675/4 6123/817/4 6118/813/4 6115/816/4
f 6117/818/1 6115/809/1 6119/812/1 6121/819/1
f 6120/820/10 6116/821/10 6122/822/10
f 6124/823/10 6125/824/10 6135/825/10 6126/826/10
f 6128/827/12 6125/828/12 6124/829/12 6127/830/12
f 6127/831/14 6124/832/14 6126/833/14 6129/834/14
f 6131/835/1 6128/827/1 6127/830/1 6130/836/1
f 6129/834/3 6132/837/3 6130/838/3 6127/831/3
f 6132/835/2 6129/827/2 6134/839/2 6133/840/2
f 6131/841/4 6133/842/4 6134/843/4 6128/844/4
f 6129/827/15 6126/845/15 6135/846/15 6134/839/15
f 6134/843/13 6135/847/13 6125/848/13 6128/844/13
f 6142/843/12 6137/849/12 6136/850/12 6139/851/12
f 6136/852/10 6137/853/10 6145/854/10 6138/855/10
f 6139/856/14 6136/849/14 6138/850/14 6141/857/14
f 6139/856/3 6141/857/3 6147/858/3 6140/842/3
f 6143/842/1 6142/843/1 6139/851/1 6140/859/1
f 6144/860/13 6145/847/13 6137/848/13 6142/861/13
f 6143/862/4 6146/842/4 6144/860/4 6142/861/4
f 6141/843/15 6138/863/15 6145/864/15 6144/865/15
f 6147/866/2 6141/843/2 6144/865/2 6146/862/2
f 6148/867/1 6149/868/1 6151/869/1 6150/870/1
f 6154/871/10 6152/872/10 6151/873/10 6149/874/10
f 6155/875/2 6153/876/2 6152/877/2 6154/878/2
f 6156/879/2 6158/880/2 6159/881/2 6157/882/2
f 6157/883/10 6159/884/10 6160/885/10 6162/634/10
f 6162/886/1 6160/887/1 6161/888/1 6163/889/1
f 6164/890/2 6166/891/2 6167/892/2 6165/893/2
f 6165/894/10 6167/895/10 6168/874/10 6170/896/10
f 6170/897/1 6168/898/1 6169/899/1 6171/900/1
f 6175/85/28 6174/86/28 6172/87/28 6173/88/28
f 6174/86/10 6175/85/10 6177/85/10 6176/86/10
f 6178/352/3 6180/901/3 6182/257/3 6179/454/3
f 6187/902/29 6182/257/29 6180/901/29 6181/903/29
f 6183/904/24 6184/905/24 6181/906/24 6180/907/24
f 6181/903/1 6184/908/1 6185/909/1 6187/902/1
f 6182/910/25 6187/911/25 6185/912/25 6186/913/25
f 6190/914/4 6188/915/4 6189/916/4 6192/917/4
f 6190/918/24 6191/919/24 6194/754/24 6193/920/24
f 6191/921/30 6190/914/30 6192/917/30 6199/922/30
f 6198/923/29 6195/924/29 6193/925/29 6194/926/29
f 6196/927/3 6193/925/3 6195/924/3 6197/425/3
f 6195/928/25 6198/929/25 6199/930/25 6192/764/25
f 6194/926/1 6191/921/1 6199/922/1 6198/923/1
f 6202/931/4 6200/932/4 6201/933/4 6204/934/4
f 6202/935/24 6203/919/24 6206/936/24 6205/920/24
f 6203/937/30 6202/931/30 6204/934/30 6211/938/30
f 6210/939/29 6207/940/29 6205/917/29 6206/941/29
f 6208/942/3 6205/917/3 6207/940/3 6209/943/3
f 6207/944/25 6210/945/25 6211/754/25 6204/946/25
f 6206/941/1 6203/937/1 6211/938/1 6210/939/1
f 6214/947/4 6212/948/4 6213/949/4 6216/950/4
f 6215/951/24 6218/952/24 6217/953/24 6214/954/24
f 6215/955/30 6214/947/30 6216/950/30 6221/956/30
f 6221/956/1 6219/957/1 6218/958/1 6215/955/1
f 6216/954/25 6220/959/25 6219/781/25 6221/951/25
f 6224/75/1 6225/76/1 6223/77/1 6222/78/1
f 6227/79/1 6228/80/1 6229/81/1 6226/82/1
f 6225/83/10 6224/84/10 6226/82/10 6229/81/10
f 6232/75/1 6233/76/1 6231/77/1 6230/78/1
f 6235/79/1 6236/80/1 6237/81/1 6234/82/1
f 6233/83/10 6232/84/10 6234/82/10 6237/81/10
f 6240/75/1 6241/76/1 6239/77/1 6238/78/1
f 6243/79/1 6244/80/1 6245/81/1 6242/82/1
f 6241/83/10 6240/84/10 6242/82/10 6245/81/10
f 6248/75/1 6249/76/1 6247/77/1 6246/78/1
f 6251/79/1 6252/80/1 6253/81/1 6250/82/1
f 6249/83/10 6248/84/10 6250/82/10 6253/81/10
f 6254/578/3 6255/579/3 6257/580/3 6256/581/3
f 6259/327/1 6262/326/1 6261/330/1 6258/331/1
f 6261/330/1 6263/329/1 6260/328/1 6258/331/1
f 6266/270/31 6264/273/31 6261/298/31 6262/299/31
f 6263/286/4 6261/287/4 6264/288/4 6265/289/4
f 6266/270/1 6267/271/1 6265/272/1 6264/273/1
f 6262/292/3 6268/293/3 6267/294/3 6266/295/3
f 6268/302/32 6263/303/32 6265/272/32 6267/271/32
f 6260/328/1 6263/329/1 6268/325/1 6270/324/1
f 6281/323/1 6269/321/1 6268/325/1 6262/326/1
f 6269/321/1 6271/320/1 6270/324/1 6268/325/1
f 6271/320/1 6269/321/1 6274/317/1 6272/316/1
f 6276/309/1 6273/308/1 6272/316/1 6274/317/1
f 6274/304/32 6269/305/32 6279/276/32 6277/275/32
f 6286/315/1 6276/309/1 6274/317/1 6275/318/1
f 6275/286/3 6274/290/3 6277/288/3 6278/291/3
f 6278/274/1 6277/275/1 6279/276/1 6280/277/1
f 6269/286/4 6281/287/4 6280/288/4 6279/289/4
f 6278/274/31 6280/277/31 6281/296/31 6275/297/31
f 6282/322/1 6283/319/1 6275/318/1 6281/323/1
f 6282/322/1 6281/323/1 6262/326/1 6259/327/1
f 6284/314/1 6286/315/1 6275/318/1 6283/319/1
f 6284/314/1 6285/312/1 6287/313/1 6286/315/1
f 6290/278/31 6288/281/31 6286/300/31 6287/301/31
f 6276/286/4 6286/287/4 6288/288/4 6289/289/4
f 6290/278/1 6291/279/1 6289/280/1 6288/281/1
f 6287/282/3 6292/283/3 6291/284/3 6290/285/3
f 6292/306/32 6276/307/32 6289/280/32 6291/279/32
f 6273/308/1 6276/309/1 6292/310/1 6293/311/1
f 6285/312/1 6293/311/1 6292/310/1 6287/313/1
f 6296/390/3 6298/391/3 6295/392/3 6294/393/3
f 6297/398/29 6305/399/29 6298/391/29 6296/390/29
f 6296/394/24 6299/395/24 6300/396/24 6297/397/24
f 6304/400/30 6300/401/30 6299/402/30 6301/403/30
f 6302/404/4 6303/405/4 6301/403/4 6299/402/4
f 6303/268/10 6295/406/10 6298/407/10 6301/408/10
f 6301/408/25 6298/407/25 6305/409/25 6304/410/25
f 6300/401/1 6304/400/1 6305/399/1 6297/398/1
f 6308/411/3 6310/412/3 6307/413/3 6306/393/3
f 6309/474/29 6317/418/29 6310/412/29 6308/411/29
f 6308/414/24 6311/415/24 6312/416/24 6309/474/24
f 6316/419/30 6312/420/30 6311/421/30 6313/403/30
f 6314/422/4 6315/423/4 6313/403/4 6311/421/4
f 6315/424/10 6307/425/10 6310/426/10 6313/427/10
f 6313/427/25 6310/426/25 6317/428/25 6316/429/25
f 6312/420/1 6316/419/1 6317/418/1 6309/474/1
f 6320/430/3 6322/402/3 6319/431/3 6318/432/3
f 6321/434/29 6329/435/29 6322/402/29 6320/430/29
f 6320/394/24 6323/433/24 6324/254/24 6321/397/24
f 6328/398/30 6324/436/30 6323/391/30 6325/437/30
f 6326/438/4 6327/393/4 6325/437/4 6323/391/4
f 6327/439/10 6319/440/10 6322/441/10 6325/442/10
f 6325/442/25 6322/441/25 6329/443/25 6328/444/25
f 6324/436/1 6328/398/1 6329/435/1 6321/434/1
f 6332/445/3 6334/446/3 6331/447/3 6330/448/3
f 6333/449/29 6341/450/29 6334/446/29 6332/445/29
f 6332/394/24 6335/433/24 6336/396/24 6333/397/24
f 6340/451/30 6336/452/30 6335/412/30 6337/453/30
f 6338/454/4 6339/455/4 6337/453/4 6335/412/4
f 6339/456/10 6331/457/10 6334/458/10 6337/459/10
f 6337/459/25 6334/458/25 6341/460/25 6340/461/25
f 6336/452/1 6340/451/1 6341/450/1 6333/449/1
f 6342/520/3 6343/521/3 6345/522/3 6344/523/3
f 6347/327/1 6350/326/1 6349/330/1 6346/331/1
f 6349/330/1 6351/329/1 6348/328/1 6346/331/1
f 6354/270/31 6352/273/31 6349/298/31 6350/299/31
f 6351/286/4 6349/287/4 6352/288/4 6353/289/4
f 6354/270/1 6355/271/1 6353/272/1 6352/273/1
f 6350/292/3 6356/293/3 6355/294/3 6354/295/3
f 6356/302/32 6351/303/32 6353/272/32 6355/271/32
f 6348/328/1 6351/329/1 6356/325/1 6358/324/1
f 6369/323/1 6357/321/1 6356/325/1 6350/326/1
f 6357/321/1 6359/320/1 6358/324/1 6356/325/1
f 6359/320/1 6357/321/1 6362/317/1 6360/316/1
f 6364/309/1 6361/308/1 6360/316/1 6362/317/1
f 6362/304/32 6357/305/32 6367/276/32 6365/275/32
f 6374/315/1 6364/309/1 6362/317/1 6363/318/1
f 6363/286/3 6362/290/3 6365/288/3 6366/291/3
f 6366/274/1 6365/275/1 6367/276/1 6368/277/1
f 6357/286/4 6369/287/4 6368/288/4 6367/289/4
f 6366/274/31 6368/277/31 6369/296/31 6363/297/31
f 6370/322/1 6371/319/1 6363/318/1 6369/323/1
f 6370/322/1 6369/323/1 6350/326/1 6347/327/1
f 6372/314/1 6374/315/1 6363/318/1 6371/319/1
f 6372/314/1 6373/312/1 6375/313/1 6374/315/1
f 6378/278/31 6376/281/31 6374/300/31 6375/301/31
f 6364/286/4 6374/287/4 6376/288/4 6377/289/4
f 6378/278/1 6379/279/1 6377/280/1 6376/281/1
f 6375/282/3 6380/283/3 6379/284/3 6378/285/3
f 6380/306/32 6364/307/32 6377/280/32 6379/279/32
f 6361/308/1 6364/309/1 6380/310/1 6381/311/1
f 6373/312/1 6381/311/1 6380/310/1 6375/313/1
f 6384/390/3 6386/391/3 6383/392/3 6382/393/3
f 6385/398/29 6393/399/29 6386/391/29 6384/390/29
f 6384/394/24 6387/395/24 6388/396/24 6385/397/24
f 6392/400/30 6388/401/30 6387/402/30 6389/403/30
f 6390/404/4 6391/405/4 6389/403/4 6387/402/4
f 6391/268/10 6383/406/10 6386/407/10 6389/408/10
f 6389/408/25 6386/407/25 6393/409/25 6392/410/25
f 6388/401/1 6392/400/1 6393/399/1 6385/398/1
f 6396/411/3 6398/412/3 6395/413/3 6394/393/3
f 6397/474/29 6405/418/29 6398/412/29 6396/411/29
f 6396/414/24 6399/415/24 6400/416/24 6397/474/24
f 6404/419/30 6400/420/30 6399/421/30 6401/403/30
f 6402/422/4 6403/423/4 6401/403/4 6399/421/4
f 6403/424/10 6395/425/10 6398/426/10 6401/427/10
f 6401/427/25 6398/426/25 6405/428/25 6404/429/25
f 6400/420/1 6404/419/1 6405/418/1 6397/474/1
f 6408/430/3 6410/402/3 6407/431/3 6406/432/3
f 6409/434/29 6417/435/29 6410/402/29 6408/430/29
f 6408/394/24 6411/433/24 6412/254/24 6409/397/24
f 6416/398/30 6412/436/30 6411/391/30 6413/437/30
f 6414/438/4 6415/393/4 6413/437/4 6411/391/4
f 6415/439/10 6407/440/10 6410/441/10 6413/442/10
f 6413/442/25 6410/441/25 6417/443/25 6416/444/25
f 6412/436/1 6416/398/1 6417/435/1 6409/434/1
f 6420/445/3 6422/446/3 6419/447/3 6418/448/3
f 6421/449/29 6429/450/29 6422/446/29 6420/445/29
f 6420/394/24 6423/433/24 6424/396/24 6421/397/24
f 6428/451/30 6424/452/30 6423/412/30 6425/453/30
f 6426/454/4 6427/455/4 6425/453/4 6423/412/4
f 6427/456/10 6419/457/10 6422/458/10 6425/459/10
f 6425/459/25 6422/458/25 6429/460/25 6428/461/25
f 6424/452/1 6428/451/1 6429/450/1 6421/449/1
f 6431/582/4 6436/468/4 6437/583/4 6433/584/4
f 6432/504/3 6434/505/3 6435/506/3 6430/507/3
f 6438/466/1 6440/467/1 6441/468/1 6439/469/1
f 6444/470/3 6446/421/3 6443/404/3 6442/405/3
f 6445/473/29 6453/401/29 6446/421/29 6444/470/29
f 6444/433/24 6447/471/24 6448/472/24 6445/417/24
f 6452/474/30 6448/452/30 6447/412/30 6449/475/30
f 6450/476/4 6451/477/4 6449/475/4 6447/412/4
f 6451/439/10 6443/440/10 6446/441/10 6449/478/10
f 6449/478/25 6446/441/25 6453/479/25 6452/480/25
f 6448/452/1 6452/474/1 6453/401/1 6445/473/1
f 6456/430/3 6458/421/3 6455/481/3 6454/432/3
f 6457/473/29 6465/401/29 6458/421/29 6456/430/29
f 6456/414/24 6459/415/24 6460/482/24 6457/483/24
f 6464/398/30 6460/399/30 6459/484/30 6461/485/30
f 6462/413/4 6463/477/4 6461/485/4 6459/484/4
f 6463/486/10 6455/425/10 6458/426/10 6461/427/10
f 6461/427/25 6458/426/25 6465/428/25 6464/429/25
f 6460/399/1 6464/398/1 6465/401/1 6457/473/1
f 6468/470/3 6470/402/3 6467/487/3 6466/488/3
f 6469/473/29 6477/489/29 6470/402/29 6468/470/29
f 6468/394/24 6471/395/24 6472/396/24 6469/397/24
f 6476/451/30 6472/399/30 6471/391/30 6473/411/30
f 6474/413/4 6475/490/4 6473/411/4 6471/391/4
f 6475/491/10 6467/440/10 6470/441/10 6473/478/10
f 6473/478/25 6470/441/25 6477/479/25 6476/429/25
f 6472/399/1 6476/451/1 6477/489/1 6469/473/1
f 6480/492/3 6482/412/3 6479/493/3 6478/494/3
f 6481/512/29 6489/496/29 6482/412/29 6480/492/29
f 6480/414/24 6483/495/24 6484/482/24 6481/512/24
f 6488/400/30 6484/497/30 6483/421/30 6485/430/30
f 6486/404/4 6487/405/4 6485/430/4 6483/421/4
f 6487/498/10 6479/499/10 6482/500/10 6485/501/10
f 6485/501/25 6482/500/25 6489/502/25 6488/503/25
f 6484/497/1 6488/400/1 6489/496/1 6481/512/1
f 6491/602/3 6493/603/3 6492/604/3 6490/605/3
f 6496/585/10 6494/586/10 6493/587/10 6491/588/10
f 6497/606/4 6495/601/4 6494/607/4 6496/599/4
f 6498/466/1 6500/467/1 6501/468/1 6499/469/1
f 6504/470/3 6506/421/3 6503/404/3 6502/405/3
f 6505/473/29 6513/401/29 6506/421/29 6504/470/29
f 6504/433/24 6507/471/24 6508/472/24 6505/417/24
f 6512/474/30 6508/452/30 6507/412/30 6509/475/30
f 6510/476/4 6511/477/4 6509/475/4 6507/412/4
f 6511/439/10 6503/440/10 6506/441/10 6509/478/10
f 6509/478/25 6506/441/25 6513/479/25 6512/480/25
f 6508/452/1 6512/474/1 6513/401/1 6505/473/1
f 6516/430/3 6518/421/3 6515/481/3 6514/432/3
f 6517/473/29 6525/401/29 6518/421/29 6516/430/29
f 6516/414/24 6519/415/24 6520/482/24 6517/483/24
f 6524/398/30 6520/399/30 6519/484/30 6521/485/30
f 6522/413/4 6523/477/4 6521/485/4 6519/484/4
f 6523/486/10 6515/425/10 6518/426/10 6521/427/10
f 6521/427/25 6518/426/25 6525/428/25 6524/429/25
f 6520/399/1 6524/398/1 6525/401/1 6517/473/1
f 6528/470/3 6530/402/3 6527/487/3 6526/488/3
f 6529/473/29 6537/489/29 6530/402/29 6528/470/29
f 6528/394/24 6531/395/24 6532/396/24 6529/397/24
f 6536/451/30 6532/399/30 6531/391/30 6533/411/30
f 6534/413/4 6535/490/4 6533/411/4 6531/391/4
f 6535/491/10 6527/440/10 6530/441/10 6533/478/10
f 6533/478/25 6530/441/25 6537/479/25 6536/429/25
f 6532/399/1 6536/451/1 6537/489/1 6529/473/1
f 6540/492/3 6542/412/3 6539/493/3 6538/494/3
f 6541/512/29 6549/496/29 6542/412/29 6540/492/29
f 6540/414/24 6543/495/24 6544/482/24 6541/512/24
f 6548/400/30 6544/497/30 6543/421/30 6545/430/30
f 6546/404/4 6547/405/4 6545/430/4 6543/421/4
f 6547/498/10 6539/499/10 6542/500/10 6545/501/10
f 6545/501/25 6542/500/25 6549/502/25 6548/503/25
f 6544/497/1 6548/400/1 6549/496/1 6541/512/1
f 6550/466/1 6551/467/1 6553/468/1 6552/469/1
f 6558/473/29 6560/401/29 6561/421/29 6559/470/29
f 6564/474/30 6562/452/30 6563/412/30 6565/475/30
f 6559/433/24 6563/471/24 6562/472/24 6558/417/24
f 6565/478/25 6561/441/25 6560/479/25 6564/480/25
f 6559/470/3 6561/421/3 6555/404/3 6554/405/3
f 6562/452/1 6564/474/1 6560/401/1 6558/473/1
f 6557/439/10 6555/440/10 6561/441/10 6565/478/10
f 6556/476/4 6557/477/4 6565/475/4 6563/412/4
f 6570/473/29 6572/401/29 6573/421/29 6571/430/29
f 6576/398/30 6574/399/30 6575/484/30 6577/485/30
f 6571/414/24 6575/415/24 6574/482/24 6570/483/24
f 6577/427/25 6573/426/25 6572/428/25 6576/429/25
f 6571/430/3 6573/421/3 6567/481/3 6566/432/3
f 6574/399/1 6576/398/1 6572/401/1 6570/473/1
f 6569/486/10 6567/425/10 6573/426/10 6577/427/10
f 6568/413/4 6569/477/4 6577/485/4 6575/484/4
f 6582/473/29 6584/489/29 6585/402/29 6583/470/29
f 6588/451/30 6586/399/30 6587/391/30 6589/411/30
f 6583/394/24 6587/395/24 6586/396/24 6582/397/24
f 6589/478/25 6585/441/25 6584/479/25 6588/429/25
f 6583/470/3 6585/402/3 6579/487/3 6578/488/3
f 6586/399/1 6588/451/1 6584/489/1 6582/473/1
f 6581/491/10 6579/440/10 6585/441/10 6589/478/10
f 6580/413/4 6581/490/4 6589/411/4 6587/391/4
f 6594/512/29 6596/496/29 6597/412/29 6595/492/29
f 6600/400/30 6598/497/30 6599/421/30 6601/430/30
f 6595/414/24 6599/495/24 6598/482/24 6594/512/24
f 6601/501/25 6597/500/25 6596/502/25 6600/503/25
f 6595/492/3 6597/412/3 6591/493/3 6590/494/3
f 6598/497/1 6600/400/1 6596/496/1 6594/512/1
f 6593/498/10 6591/499/10 6597/500/10 6601/501/10
f 6592/404/4 6593/405/4 6601/430/4 6599/421/4
f 6607/525/30 6605/526/30 6606/527/30 6608/528/30
f 6609/529/24 6606/530/24 6605/531/24 6610/532/24
f 6608/533/25 6612/534/25 6611/535/25 6607/536/25
f 6602/537/4 6603/538/4 6608/528/4 6606/527/4
f 6605/526/1 6607/525/1 6611/539/1 6610/540/1
f 6603/541/10 6604/542/10 6612/534/10 6608/533/10
f 6618/525/30 6616/543/30 6617/544/30 6619/545/30
f 6620/529/24 6617/530/24 6616/546/24 6621/532/24
f 6619/372/25 6623/547/25 6622/548/25 6618/549/25
f 6613/550/4 6614/551/4 6619/545/4 6617/544/4
f 6616/543/1 6618/525/1 6622/539/1 6621/552/1
f 6614/553/10 6615/554/10 6623/547/10 6619/372/10
f 6627/555/29 6629/382/29 6630/544/29 6628/376/29
f 6633/360/25 6630/556/25 6629/557/25 6634/363/25
f 6628/368/24 6632/380/24 6631/339/24 6627/355/24
f 6628/376/3 6630/544/3 6625/378/3 6624/558/3
f 6631/539/1 6634/540/1 6629/382/1 6627/555/1
f 6626/364/10 6625/559/10 6630/556/10 6633/360/10
f 6638/560/29 6640/561/29 6641/562/29 6639/563/29
f 6644/564/25 6641/386/25 6640/565/25 6645/566/25
f 6639/368/24 6643/380/24 6642/339/24 6638/355/24
f 6639/563/3 6641/562/3 6636/550/3 6635/551/3
f 6642/567/1 6645/540/1 6640/561/1 6638/560/1
f 6637/389/10 6636/269/10 6641/386/10 6644/564/10
f 6649/522/4 6648/523/4 6652/520/4 6653/521/4
f 6646/520/3 6647/521/3 6651/522/3 6650/523/3
f 6655/327/1 6658/326/1 6657/330/1 6654/331/1
f 6657/330/1 6659/329/1 6656/328/1 6654/331/1
f 6662/270/31 6660/273/31 6657/298/31 6658/299/31
f 6659/286/4 6657/287/4 6660/288/4 6661/289/4
f 6662/270/1 6663/271/1 6661/272/1 6660/273/1
f 6658/292/3 6664/293/3 6663/294/3 6662/295/3
f 6664/302/32 6659/303/32 6661/272/32 6663/271/32
f 6656/328/1 6659/329/1 6664/325/1 6666/324/1
f 6677/323/1 6665/321/1 6664/325/1 6658/326/1
f 6665/321/1 6667/320/1 6666/324/1 6664/325/1
f 6667/320/1 6665/321/1 6670/317/1 6668/316/1
f 6672/309/1 6669/308/1 6668/316/1 6670/317/1
f 6670/304/32 6665/305/32 6675/276/32 6673/275/32
f 6682/315/1 6672/309/1 6670/317/1 6671/318/1
f 6671/286/3 6670/290/3 6673/288/3 6674/291/3
f 6674/274/1 6673/275/1 6675/276/1 6676/277/1
f 6665/286/4 6677/287/4 6676/288/4 6675/289/4
f 6674/274/31 6676/277/31 6677/296/31 6671/297/31
f 6678/322/1 6679/319/1 6671/318/1 6677/323/1
f 6678/322/1 6677/323/1 6658/326/1 6655/327/1
f 6680/314/1 6682/315/1 6671/318/1 6679/319/1
f 6680/314/1 6681/312/1 6683/313/1 6682/315/1
f 6686/278/31 6684/281/31 6682/300/31 6683/301/31
f 6672/286/4 6682/287/4 6684/288/4 6685/289/4
f 6686/278/1 6687/279/1 6685/280/1 6684/281/1
f 6683/282/3 6688/283/3 6687/284/3 6686/285/3
f 6688/306/32 6672/307/32 6685/280/32 6687/279/32
f 6669/308/1 6672/309/1 6688/310/1 6689/311/1
f 6681/312/1 6689/311/1 6688/310/1 6683/313/1
f 6692/390/3 6694/391/3 6691/392/3 6690/393/3
f 6693/398/29 6701/399/29 6694/391/29 6692/390/29
f 6692/394/24 6695/395/24 6696/396/24 6693/397/24
f 6700/400/30 6696/401/30 6695/402/30 6697/403/30
f 6698/404/4 6699/405/4 6697/403/4 6695/402/4
f 6699/268/10 6691/406/10 6694/407/10 6697/408/10
f 6697/408/25 6694/407/25 6701/409/25 6700/410/25
f 6696/401/1 6700/400/1 6701/399/1 6693/398/1
f 6704/411/3 6706/412/3 6703/413/3 6702/393/3
f 6705/474/29 6713/418/29 6706/412/29 6704/411/29
f 6704/414/24 6707/415/24 6708/416/24 6705/474/24
f 6712/419/30 6708/420/30 6707/421/30 6709/403/30
f 6710/422/4 6711/423/4 6709/403/4 6707/421/4
f 6711/424/10 6703/425/10 6706/426/10 6709/427/10
f 6709/427/25 6706/426/25 6713/428/25 6712/429/25
f 6708/420/1 6712/419/1 6713/418/1 6705/474/1
f 6716/430/3 6718/402/3 6715/431/3 6714/432/3
f 6717/434/29 6725/435/29 6718/402/29 6716/430/29
f 6716/394/24 6719/433/24 6720/254/24 6717/397/24
f 6724/398/30 6720/436/30 6719/391/30 6721/437/30
f 6722/438/4 6723/393/4 6721/437/4 6719/391/4
f 6723/439/10 6715/440/10 6718/441/10 6721/442/10
f 6721/442/25 6718/441/25 6725/443/25 6724/444/25
f 6720/436/1 6724/398/1 6725/435/1 6717/434/1
f 6728/445/3 6730/446/3 6727/447/3 6726/448/3
f 6729/449/29 6737/450/29 6730/446/29 6728/445/29
f 6728/394/24 6731/433/24 6732/396/24 6729/397/24
f 6736/451/30 6732/452/30 6731/412/30 6733/453/30
f 6734/454/4 6735/455/4 6733/453/4 6731/412/4
f 6735/456/10 6727/457/10 6730/458/10 6733/459/10
f 6733/459/25 6730/458/25 6737/460/25 6736/461/25
f 6732/452/1 6736/451/1 6737/450/1 6729/449/1
f 6738/520/3 6739/521/3 6741/522/3 6740/523/3
f 6743/327/1 6746/326/1 6745/330/1 6742/331/1
f 6745/330/1 6747/329/1 6744/328/1 6742/331/1
f 6750/270/31 6748/273/31 6745/298/31 6746/299/31
f 6747/286/4 6745/287/4 6748/288/4 6749/289/4
f 6750/270/1 6751/271/1 6749/272/1 6748/273/1
f 6746/292/3 6752/293/3 6751/294/3 6750/295/3
f 6752/302/32 6747/303/32 6749/272/32 6751/271/32
f 6744/328/1 6747/329/1 6752/325/1 6754/324/1
f 6765/323/1 6753/321/1 6752/325/1 6746/326/1
f 6753/321/1 6755/320/1 6754/324/1 6752/325/1
f 6755/320/1 6753/321/1 6758/317/1 6756/316/1
f 6760/309/1 6757/308/1 6756/316/1 6758/317/1
f 6758/304/32 6753/305/32 6763/276/32 6761/275/32
f 6770/315/1 6760/309/1 6758/317/1 6759/318/1
f 6759/286/3 6758/290/3 6761/288/3 6762/291/3
f 6762/274/1 6761/275/1 6763/276/1 6764/277/1
f 6753/286/4 6765/287/4 6764/288/4 6763/289/4
f 6762/274/31 6764/277/31 6765/296/31 6759/297/31
f 6766/322/1 6767/319/1 6759/318/1 6765/323/1
f 6766/322/1 6765/323/1 6746/326/1 6743/327/1
f 6768/314/1 6770/315/1 6759/318/1 6767/319/1
f 6768/314/1 6769/312/1 6771/313/1 6770/315/1
f 6774/278/31 6772/281/31 6770/300/31 6771/301/31
f 6760/286/4 6770/287/4 6772/288/4 6773/289/4
f 6774/278/1 6775/279/1 6773/280/1 6772/281/1
f 6771/282/3 6776/283/3 6775/284/3 6774/285/3
f 6776/306/32 6760/307/32 6773/280/32 6775/279/32
f 6757/308/1 6760/309/1 6776/310/1 6777/311/1
f 6769/312/1 6777/311/1 6776/310/1 6771/313/1
f 6780/390/3 6782/391/3 6779/392/3 6778/393/3
f 6781/398/29 6789/399/29 6782/391/29 6780/390/29
f 6780/394/24 6783/395/24 6784/396/24 6781/397/24
f 6788/400/30 6784/401/30 6783/402/30 6785/403/30
f 6786/404/4 6787/405/4 6785/403/4 6783/402/4
f 6787/268/10 6779/406/10 6782/407/10 6785/408/10
f 6785/408/25 6782/407/25 6789/409/25 6788/410/25
f 6784/401/1 6788/400/1 6789/399/1 6781/398/1
f 6792/411/3 6794/412/3 6791/413/3 6790/393/3
f 6793/474/29 6801/418/29 6794/412/29 6792/411/29
f 6792/414/24 6795/415/24 6796/416/24 6793/474/24
f 6800/419/30 6796/420/30 6795/421/30 6797/403/30
f 6798/422/4 6799/423/4 6797/403/4 6795/421/4
f 6799/424/10 6791/425/10 6794/426/10 6797/427/10
f 6797/427/25 6794/426/25 6801/428/25 6800/429/25
f 6796/420/1 6800/419/1 6801/418/1 6793/474/1
f 6804/430/3 6806/402/3 6803/431/3 6802/432/3
f 6805/434/29 6813/435/29 6806/402/29 6804/430/29
f 6804/394/24 6807/433/24 6808/254/24 6805/397/24
f 6812/398/30 6808/436/30 6807/391/30 6809/437/30
f 6810/438/4 6811/393/4 6809/437/4 6807/391/4
f 6811/439/10 6803/440/10 6806/441/10 6809/442/10
f 6809/442/25 6806/441/25 6813/443/25 6812/444/25
f 6808/436/1 6812/398/1 6813/435/1 6805/434/1
f 6816/445/3 6818/446/3 6815/447/3 6814/448/3
f 6817/449/29 6825/450/29 6818/446/29 6816/445/29
f 6816/394/24 6819/433/24 6820/396/24 6817/397/24
f 6824/451/30 6820/452/30 6819/412/30 6821/453/30
f 6822/454/4 6823/455/4 6821/453/4 6819/412/4
f 6823/456/10 6815/457/10 6818/458/10 6821/459/10
f 6821/459/25 6818/458/25 6825/460/25 6824/461/25
f 6820/452/1 6824/451/1 6825/450/1 6817/449/1
f 6827/582/4 6832/468/4 6833/583/4 6829/584/4
f 6828/504/3 6830/505/3 6831/506/3 6826/507/3
f 6834/466/1 6836/467/1 6837/468/1 6835/469/1
f 6840/470/3 6842/421/3 6839/404/3 6838/405/3
f 6841/473/29 6849/401/29 6842/421/29 6840/470/29
f 6840/433/24 6843/471/24 6844/472/24 6841/417/24
f 6848/474/30 6844/452/30 6843/412/30 6845/475/30
f 6846/476/4 6847/477/4 6845/475/4 6843/412/4
f 6847/439/10 6839/440/10 6842/441/10 6845/478/10
f 6845/478/25 6842/441/25 6849/479/25 6848/480/25
f 6844/452/1 6848/474/1 6849/401/1 6841/473/1
f 6852/430/3 6854/421/3 6851/481/3 6850/432/3
f 6853/473/29 6861/401/29 6854/421/29 6852/430/29
f 6852/414/24 6855/415/24 6856/482/24 6853/483/24
f 6860/398/30 6856/399/30 6855/484/30 6857/485/30
f 6858/413/4 6859/477/4 6857/485/4 6855/484/4
f 6859/486/10 6851/425/10 6854/426/10 6857/427/10
f 6857/427/25 6854/426/25 6861/428/25 6860/429/25
f 6856/399/1 6860/398/1 6861/401/1 6853/473/1
f 6864/470/3 6866/402/3 6863/487/3 6862/488/3
f 6865/473/29 6873/489/29 6866/402/29 6864/470/29
f 6864/394/24 6867/395/24 6868/396/24 6865/397/24
f 6872/451/30 6868/399/30 6867/391/30 6869/411/30
f 6870/413/4 6871/490/4 6869/411/4 6867/391/4
f 6871/491/10 6863/440/10 6866/441/10 6869/478/10
f 6869/478/25 6866/441/25 6873/479/25 6872/429/25
f 6868/399/1 6872/451/1 6873/489/1 6865/473/1
f 6876/492/3 6878/412/3 6875/493/3 6874/494/3
f 6877/512/29 6885/496/29 6878/412/29 6876/492/29
f 6876/414/24 6879/495/24 6880/482/24 6877/512/24
f 6884/400/30 6880/497/30 6879/421/30 6881/430/30
f 6882/404/4 6883/405/4 6881/430/4 6879/421/4
f 6883/498/10 6875/499/10 6878/500/10 6881/501/10
f 6881/501/25 6878/500/25 6885/502/25 6884/503/25
f 6880/497/1 6884/400/1 6885/496/1 6877/512/1
f 6886/578/3 6887/579/3 6889/580/3 6888/581/3
f 6891/327/1 6894/326/1 6893/330/1 6890/331/1
f 6893/330/1 6895/329/1 6892/328/1 6890/331/1
f 6898/270/31 6896/273/31 6893/298/31 6894/299/31
f 6895/286/4 6893/287/4 6896/288/4 6897/289/4
f 6898/270/1 6899/271/1 6897/272/1 6896/273/1
f 6894/292/3 6900/293/3 6899/294/3 6898/295/3
f 6900/302/32 6895/303/32 6897/272/32 6899/271/32
f 6892/328/1 6895/329/1 6900/325/1 6902/324/1
f 6913/323/1 6901/321/1 6900/325/1 6894/326/1
f 6901/321/1 6903/320/1 6902/324/1 6900/325/1
f 6903/320/1 6901/321/1 6906/317/1 6904/316/1
f 6908/309/1 6905/308/1 6904/316/1 6906/317/1
f 6906/304/32 6901/305/32 6911/276/32 6909/275/32
f 6918/315/1 6908/309/1 6906/317/1 6907/318/1
f 6907/286/3 6906/290/3 6909/288/3 6910/291/3
f 6910/274/1 6909/275/1 6911/276/1 6912/277/1
f 6901/286/4 6913/287/4 6912/288/4 6911/289/4
f 6910/274/31 6912/277/31 6913/296/31 6907/297/31
f 6914/322/1 6915/319/1 6907/318/1 6913/323/1
f 6914/322/1 6913/323/1 6894/326/1 6891/327/1
f 6916/314/1 6918/315/1 6907/318/1 6915/319/1
f 6916/314/1 6917/312/1 6919/313/1 6918/315/1
f 6922/278/31 6920/281/31 6918/300/31 6919/301/31
f 6908/286/4 6918/287/4 6920/288/4 6921/289/4
f 6922/278/1 6923/279/1 6921/280/1 6920/281/1
f 6919/282/3 6924/283/3 6923/284/3 6922/285/3
f 6924/306/32 6908/307/32 6921/280/32 6923/279/32
f 6905/308/1 6908/309/1 6924/310/1 6925/311/1
f 6917/312/1 6925/311/1 6924/310/1 6919/313/1
f 6928/390/3 6930/391/3 6927/392/3 6926/393/3
f 6929/398/29 6937/399/29 6930/391/29 6928/390/29
f 6928/394/24 6931/395/24 6932/396/24 6929/397/24
f 6936/400/30 6932/401/30 6931/402/30 6933/403/30
f 6934/404/4 6935/405/4 6933/403/4 6931/402/4
f 6935/268/10 6927/406/10 6930/407/10 6933/408/10
f 6933/408/25 6930/407/25 6937/409/25 6936/410/25
f 6932/401/1 6936/400/1 6937/399/1 6929/398/1
f 6940/411/3 6942/412/3 6939/413/3 6938/393/3
f 6941/474/29 6949/418/29 6942/412/29 6940/411/29
f 6940/414/24 6943/415/24 6944/416/24 6941/474/24
f 6948/419/30 6944/420/30 6943/421/30 6945/403/30
f 6946/422/4 6947/423/4 6945/403/4 6943/421/4
f 6947/424/10 6939/425/10 6942/426/10 6945/427/10
f 6945/427/25 6942/426/25 6949/428/25 6948/429/25
f 6944/420/1 6948/419/1 6949/418/1 6941/474/1
f 6952/430/3 6954/402/3 6951/431/3 6950/432/3
f 6953/434/29 6961/435/29 6954/402/29 6952/430/29
f 6952/394/24 6955/433/24 6956/254/24 6953/397/24
f 6960/398/30 6956/436/30 6955/391/30 6957/437/30
f 6958/438/4 6959/393/4 6957/437/4 6955/391/4
f 6959/439/10 6951/440/10 6954/441/10 6957/442/10
f 6957/442/25 6954/441/25 6961/443/25 6960/444/25
f 6956/436/1 6960/398/1 6961/435/1 6953/434/1
f 6964/445/3 6966/446/3 6963/447/3 6962/448/3
f 6965/449/29 6973/450/29 6966/446/29 6964/445/29
f 6964/394/24 6967/433/24 6968/396/24 6965/397/24
f 6972/451/30 6968/452/30 6967/412/30 6969/453/30
f 6970/454/4 6971/455/4 6969/453/4 6967/412/4
f 6971/456/10 6963/457/10 6966/458/10 6969/459/10
f 6969/459/25 6966/458/25 6973/460/25 6972/461/25
f 6968/452/1 6972/451/1 6973/450/1 6965/449/1
f 6974/589/3 6975/590/3 6979/591/3 6978/592/3
f 6977/593/4 6976/582/4 6980/507/4 6981/590/4
f 6983/327/1 6986/326/1 6985/330/1 6982/331/1
f 6985/330/1 6987/329/1 6984/328/1 6982/331/1
f 6990/270/31 6988/273/31 6985/298/31 6986/299/31
f 6987/286/4 6985/287/4 6988/288/4 6989/289/4
f 6990/270/1 6991/271/1 6989/272/1 6988/273/1
f 6986/292/3 6992/293/3 6991/294/3 6990/295/3
f 6992/302/32 6987/303/32 6989/272/32 6991/271/32
f 6984/328/1 6987/329/1 6992/325/1 6994/324/1
f 7005/323/1 6993/321/1 6992/325/1 6986/326/1
f 6993/321/1 6995/320/1 6994/324/1 6992/325/1
f 6995/320/1 6993/321/1 6998/317/1 6996/316/1
f 7000/309/1 6997/308/1 6996/316/1 6998/317/1
f 6998/304/32 6993/305/32 7003/276/32 7001/275/32
f 7010/315/1 7000/309/1 6998/317/1 6999/318/1
f 6999/286/3 6998/290/3 7001/288/3 7002/291/3
f 7002/274/1 7001/275/1 7003/276/1 7004/277/1
f 6993/286/4 7005/287/4 7004/288/4 7003/289/4
f 7002/274/31 7004/277/31 7005/296/31 6999/297/31
f 7006/322/1 7007/319/1 6999/318/1 7005/323/1
f 7006/322/1 7005/323/1 6986/326/1 6983/327/1
f 7008/314/1 7010/315/1 6999/318/1 7007/319/1
f 7008/314/1 7009/312/1 7011/313/1 7010/315/1
f 7014/278/31 7012/281/31 7010/300/31 7011/301/31
f 7000/286/4 7010/287/4 7012/288/4 7013/289/4
f 7014/278/1 7015/279/1 7013/280/1 7012/281/1
f 7011/282/3 7016/283/3 7015/284/3 7014/285/3
f 7016/306/32 7000/307/32 7013/280/32 7015/279/32
f 6997/308/1 7000/309/1 7016/310/1 7017/311/1
f 7009/312/1 7017/311/1 7016/310/1 7011/313/1
f 7020/390/3 7022/391/3 7019/392/3 7018/393/3
f 7021/398/29 7029/399/29 7022/391/29 7020/390/29
f 7020/394/24 7023/395/24 7024/396/24 7021/397/24
f 7028/400/30 7024/401/30 7023/402/30 7025/403/30
f 7026/404/4 7027/405/4 7025/403/4 7023/402/4
f 7027/268/10 7019/406/10 7022/407/10 7025/408/10
f 7025/408/25 7022/407/25 7029/409/25 7028/410/25
f 7024/401/1 7028/400/1 7029/399/1 7021/398/1
f 7032/411/3 7034/412/3 7031/413/3 7030/393/3
f 7033/474/29 7041/418/29 7034/412/29 7032/411/29
f 7032/414/24 7035/415/24 7036/416/24 7033/474/24
f 7040/419/30 7036/420/30 7035/421/30 7037/403/30
f 7038/422/4 7039/423/4 7037/403/4 7035/421/4
f 7039/424/10 7031/425/10 7034/426/10 7037/427/10
f 7037/427/25 7034/426/25 7041/428/25 7040/429/25
f 7036/420/1 7040/419/1 7041/418/1 7033/474/1
f 7044/430/3 7046/402/3 7043/431/3 7042/432/3
f 7045/434/29 7053/435/29 7046/402/29 7044/430/29
f 7044/394/24 7047/433/24 7048/254/24 7045/397/24
f 7052/398/30 7048/436/30 7047/391/30 7049/437/30
f 7050/438/4 7051/393/4 7049/437/4 7047/391/4
f 7051/439/10 7043/440/10 7046/441/10 7049/442/10
f 7049/442/25 7046/441/25 7053/443/25 7052/444/25
f 7048/436/1 7052/398/1 7053/435/1 7045/434/1
f 7056/445/3 7058/446/3 7055/447/3 7054/448/3
f 7057/449/29 7065/450/29 7058/446/29 7056/445/29
f 7056/394/24 7059/433/24 7060/396/24 7057/397/24
f 7064/451/30 7060/452/30 7059/412/30 7061/453/30
f 7062/454/4 7063/455/4 7061/453/4 7059/412/4
f 7063/456/10 7055/457/10 7058/458/10 7061/459/10
f 7061/459/25 7058/458/25 7065/460/25 7064/461/25
f 7060/452/1 7064/451/1 7065/450/1 7057/449/1
f 7069/570/10 7073/571/10 7077/572/10
f 7072/573/10 7071/574/10 7075/575/10
f 7073/599/4 7068/600/4 7076/601/4 7077/585/4
f 7070/576/10 7069/570/10 7077/572/10
f 7067/577/10 7072/573/10 7075/575/10
f 7071/574/10 7070/576/10 7077/572/10 7075/575/10
f 7066/578/3 7067/579/3 7075/580/3 7074/581/3
f 7079/327/1 7082/326/1 7081/330/1 7078/331/1
f 7081/330/1 7083/329/1 7080/328/1 7078/331/1
f 7086/270/31 7084/273/31 7081/298/31 7082/299/31
f 7083/286/4 7081/287/4 7084/288/4 7085/289/4
f 7086/270/1 7087/271/1 7085/272/1 7084/273/1
f 7082/292/3 7088/293/3 7087/294/3 7086/295/3
f 7088/302/32 7083/303/32 7085/272/32 7087/271/32
f 7080/328/1 7083/329/1 7088/325/1 7090/324/1
f 7101/323/1 7089/321/1 7088/325/1 7082/326/1
f 7089/321/1 7091/320/1 7090/324/1 7088/325/1
f 7091/320/1 7089/321/1 7094/317/1 7092/316/1
f 7096/309/1 7093/308/1 7092/316/1 7094/317/1
f 7094/304/32 7089/305/32 7099/276/32 7097/275/32
f 7106/315/1 7096/309/1 7094/317/1 7095/318/1
f 7095/286/3 7094/290/3 7097/288/3 7098/291/3
f 7098/274/1 7097/275/1 7099/276/1 7100/277/1
f 7089/286/4 7101/287/4 7100/288/4 7099/289/4
f 7098/274/31 7100/277/31 7101/296/31 7095/297/31
f 7102/322/1 7103/319/1 7095/318/1 7101/323/1
f 7102/322/1 7101/323/1 7082/326/1 7079/327/1
f 7104/314/1 7106/315/1 7095/318/1 7103/319/1
f 7104/314/1 7105/312/1 7107/313/1 7106/315/1
f 7110/278/31 7108/281/31 7106/300/31 7107/301/31
f 7096/286/4 7106/287/4 7108/288/4 7109/289/4
f 7110/278/1 7111/279/1 7109/280/1 7108/281/1
f 7107/282/3 7112/283/3 7111/284/3 7110/285/3
f 7112/306/32 7096/307/32 7109/280/32 7111/279/32
f 7093/308/1 7096/309/1 7112/310/1 7113/311/1
f 7105/312/1 7113/311/1 7112/310/1 7107/313/1
f 7116/390/3 7118/391/3 7115/392/3 7114/393/3
f 7117/398/29 7125/399/29 7118/391/29 7116/390/29
f 7116/394/24 7119/395/24 7120/396/24 7117/397/24
f 7124/400/30 7120/401/30 7119/402/30 7121/403/30
f 7122/404/4 7123/405/4 7121/403/4 7119/402/4
f 7123/268/10 7115/406/10 7118/407/10 7121/408/10
f 7121/408/25 7118/407/25 7125/409/25 7124/410/25
f 7120/401/1 7124/400/1 7125/399/1 7117/398/1
f 7128/411/3 7130/412/3 7127/413/3 7126/393/3
f 7129/474/29 7137/418/29 7130/412/29 7128/411/29
f 7128/414/24 7131/415/24 7132/416/24 7129/474/24
f 7136/419/30 7132/420/30 7131/421/30 7133/403/30
f 7134/422/4 7135/423/4 7133/403/4 7131/421/4
f 7135/424/10 7127/425/10 7130/426/10 7133/427/10
f 7133/427/25 7130/426/25 7137/428/25 7136/429/25
f 7132/420/1 7136/419/1 7137/418/1 7129/474/1
f 7140/430/3 7142/402/3 7139/431/3 7138/432/3
f 7141/434/29 7149/435/29 7142/402/29 7140/430/29
f 7140/394/24 7143/433/24 7144/254/24 7141/397/24
f 7148/398/30 7144/436/30 7143/391/30 7145/437/30
f 7146/438/4 7147/393/4 7145/437/4 7143/391/4
f 7147/439/10 7139/440/10 7142/441/10 7145/442/10
f 7145/442/25 7142/441/25 7149/443/25 7148/444/25
f 7144/436/1 7148/398/1 7149/435/1 7141/434/1
f 7152/445/3 7154/446/3 7151/447/3 7150/448/3
f 7153/449/29 7161/450/29 7154/446/29 7152/445/29
f 7152/394/24 7155/433/24 7156/396/24 7153/397/24
f 7160/451/30 7156/452/30 7155/412/30 7157/453/30
f 7158/454/4 7159/455/4 7157/453/4 7155/412/4
f 7159/456/10 7151/457/10 7154/458/10 7157/459/10
f 7157/459/25 7154/458/25 7161/460/25 7160/461/25
f 7156/452/1 7160/451/1 7161/450/1 7153/449/1
f 7162/520/3 7163/521/3 7165/522/3 7164/523/3
f 7167/327/1 7170/326/1 7169/330/1 7166/331/1
f 7169/330/1 7171/329/1 7168/328/1 7166/331/1
f 7174/270/31 7172/273/31 7169/298/31 7170/299/31
f 7171/286/4 7169/287/4 7172/288/4 7173/289/4
f 7174/270/1 7175/271/1 7173/272/1 7172/273/1
f 7170/292/3 7176/293/3 7175/294/3 7174/295/3
f 7176/302/32 7171/303/32 7173/272/32 7175/271/32
f 7168/328/1 7171/329/1 7176/325/1 7178/324/1
f 7189/323/1 7177/321/1 7176/325/1 7170/326/1
f 7177/321/1 7179/320/1 7178/324/1 7176/325/1
f 7179/320/1 7177/321/1 7182/317/1 7180/316/1
f 7184/309/1 7181/308/1 7180/316/1 7182/317/1
f 7182/304/32 7177/305/32 7187/276/32 7185/275/32
f 7194/315/1 7184/309/1 7182/317/1 7183/318/1
f 7183/286/3 7182/290/3 7185/288/3 7186/291/3
f 7186/274/1 7185/275/1 7187/276/1 7188/277/1
f 7177/286/4 7189/287/4 7188/288/4 7187/289/4
f 7186/274/31 7188/277/31 7189/296/31 7183/297/31
f 7190/322/1 7191/319/1 7183/318/1 7189/323/1
f 7190/322/1 7189/323/1 7170/326/1 7167/327/1
f 7192/314/1 7194/315/1 7183/318/1 7191/319/1
f 7192/314/1 7193/312/1 7195/313/1 7194/315/1
f 7198/278/31 7196/281/31 7194/300/31 7195/301/31
f 7184/286/4 7194/287/4 7196/288/4 7197/289/4
f 7198/278/1 7199/279/1 7197/280/1 7196/281/1
f 7195/282/3 7200/283/3 7199/284/3 7198/285/3
f 7200/306/32 7184/307/32 7197/280/32 7199/279/32
f 7181/308/1 7184/309/1 7200/310/1 7201/311/1
f 7193/312/1 7201/311/1 7200/310/1 7195/313/1
f 7204/390/3 7206/391/3 7203/392/3 7202/393/3
f 7205/398/29 7213/399/29 7206/391/29 7204/390/29
f 7204/394/24 7207/395/24 7208/396/24 7205/397/24
f 7212/400/30 7208/401/30 7207/402/30 7209/403/30
f 7210/404/4 7211/405/4 7209/403/4 7207/402/4
f 7211/268/10 7203/406/10 7206/407/10 7209/408/10
f 7209/408/25 7206/407/25 7213/409/25 7212/410/25
f 7208/401/1 7212/400/1 7213/399/1 7205/398/1
f 7216/411/3 7218/412/3 7215/413/3 7214/393/3
f 7217/474/29 7225/418/29 7218/412/29 7216/411/29
f 7216/414/24 7219/415/24 7220/416/24 7217/474/24
f 7224/419/30 7220/420/30 7219/421/30 7221/403/30
f 7222/422/4 7223/423/4 7221/403/4 7219/421/4
f 7223/424/10 7215/425/10 7218/426/10 7221/427/10
f 7221/427/25 7218/426/25 7225/428/25 7224/429/25
f 7220/420/1 7224/419/1 7225/418/1 7217/474/1
f 7228/430/3 7230/402/3 7227/431/3 7226/432/3
f 7229/434/29 7237/435/29 7230/402/29 7228/430/29
f 7228/394/24 7231/433/24 7232/254/24 7229/397/24
f 7236/398/30 7232/436/30 7231/391/30 7233/437/30
f 7234/438/4 7235/393/4 7233/437/4 7231/391/4
f 7235/439/10 7227/440/10 7230/441/10 7233/442/10
f 7233/442/25 7230/441/25 7237/443/25 7236/444/25
f 7232/436/1 7236/398/1 7237/435/1 7229/434/1
f 7240/445/3 7242/446/3 7239/447/3 7238/448/3
f 7241/449/29 7249/450/29 7242/446/29 7240/445/29
f 7240/394/24 7243/433/24 7244/396/24 7241/397/24
f 7248/451/30 7244/452/30 7243/412/30 7245/453/30
f 7246/454/4 7247/455/4 7245/453/4 7243/412/4
f 7247/456/10 7239/457/10 7242/458/10 7245/459/10
f 7245/459/25 7242/458/25 7249/460/25 7248/461/25
f 7244/452/1 7248/451/1 7249/450/1 7241/449/1
f 7252/570/10 7256/571/10 7259/572/10
f 7255/573/10 7254/574/10 7258/575/10
f 7253/576/10 7252/570/10 7259/572/10
f 7251/577/10 7255/573/10 7258/575/10
f 7254/574/10 7253/576/10 7259/572/10 7258/575/10
f 7250/578/3 7251/579/3 7258/580/3 7257/581/3
f 7261/327/1 7264/326/1 7263/330/1 7260/331/1
f 7263/330/1 7265/329/1 7262/328/1 7260/331/1
f 7268/270/31 7266/273/31 7263/298/31 7264/299/31
f 7265/286/4 7263/287/4 7266/288/4 7267/289/4
f 7268/270/1 7269/271/1 7267/272/1 7266/273/1
f 7264/292/3 7270/293/3 7269/294/3 7268/295/3
f 7270/302/32 7265/303/32 7267/272/32 7269/271/32
f 7262/328/1 7265/329/1 7270/325/1 7272/324/1
f 7283/323/1 7271/321/1 7270/325/1 7264/326/1
f 7271/321/1 7273/320/1 7272/324/1 7270/325/1
f 7273/320/1 7271/321/1 7276/317/1 7274/316/1
f 7278/309/1 7275/308/1 7274/316/1 7276/317/1
f 7276/304/32 7271/305/32 7281/276/32 7279/275/32
f 7288/315/1 7278/309/1 7276/317/1 7277/318/1
f 7277/286/3 7276/290/3 7279/288/3 7280/291/3
f 7280/274/1 7279/275/1 7281/276/1 7282/277/1
f 7271/286/4 7283/287/4 7282/288/4 7281/289/4
f 7280/274/31 7282/277/31 7283/296/31 7277/297/31
f 7284/322/1 7285/319/1 7277/318/1 7283/323/1
f 7284/322/1 7283/323/1 7264/326/1 7261/327/1
f 7286/314/1 7288/315/1 7277/318/1 7285/319/1
f 7286/314/1 7287/312/1 7289/313/1 7288/315/1
f 7292/278/31 7290/281/31 7288/300/31 7289/301/31
f 7278/286/4 7288/287/4 7290/288/4 7291/289/4
f 7292/278/1 7293/279/1 7291/280/1 7290/281/1
f 7289/282/3 7294/283/3 7293/284/3 7292/285/3
f 7294/306/32 7278/307/32 7291/280/32 7293/279/32
f 7275/308/1 7278/309/1 7294/310/1 7295/311/1
f 7287/312/1 7295/311/1 7294/310/1 7289/313/1
f 7298/390/3 7300/391/3 7297/392/3 7296/393/3
f 7299/398/29 7307/399/29 7300/391/29 7298/390/29
f 7298/394/24 7301/395/24 7302/396/24 7299/397/24
f 7306/400/30 7302/401/30 7301/402/30 7303/403/30
f 7304/404/4 7305/405/4 7303/403/4 7301/402/4
f 7305/268/10 7297/406/10 7300/407/10 7303/408/10
f 7303/408/25 7300/407/25 7307/409/25 7306/410/25
f 7302/401/1 7306/400/1 7307/399/1 7299/398/1
f 7310/411/3 7312/412/3 7309/413/3 7308/393/3
f 7311/474/29 7319/418/29 7312/412/29 7310/411/29
f 7310/414/24 7313/415/24 7314/416/24 7311/474/24
f 7318/419/30 7314/420/30 7313/421/30 7315/403/30
f 7316/422/4 7317/423/4 7315/403/4 7313/421/4
f 7317/424/10 7309/425/10 7312/426/10 7315/427/10
f 7315/427/25 7312/426/25 7319/428/25 7318/429/25
f 7314/420/1 7318/419/1 7319/418/1 7311/474/1
f 7322/430/3 7324/402/3 7321/431/3 7320/432/3
f 7323/434/29 7331/435/29 7324/402/29 7322/430/29
f 7322/394/24 7325/433/24 7326/254/24 7323/397/24
f 7330/398/30 7326/436/30 7325/391/30 7327/437/30
f 7328/438/4 7329/393/4 7327/437/4 7325/391/4
f 7329/439/10 7321/440/10 7324/441/10 7327/442/10
f 7327/442/25 7324/441/25 7331/443/25 7330/444/25
f 7326/436/1 7330/398/1 7331/435/1 7323/434/1
f 7334/445/3 7336/446/3 7333/447/3 7332/448/3
f 7335/449/29 7343/450/29 7336/446/29 7334/445/29
f 7334/394/24 7337/433/24 7338/396/24 7335/397/24
f 7342/451/30 7338/452/30 7337/412/30 7339/453/30
f 7340/454/4 7341/455/4 7339/453/4 7337/412/4
f 7341/456/10 7333/457/10 7336/458/10 7339/459/10
f 7339/459/25 7336/458/25 7343/460/25 7342/461/25
f 7338/452/1 7342/451/1 7343/450/1 7335/449/1
f 7347/606/4 7345/601/4 7344/607/4 7346/599/4
f 7348/466/1 7350/467/1 7351/468/1 7349/469/1
f 7354/470/3 7356/421/3 7353/404/3 7352/405/3
f 7355/473/29 7363/401/29 7356/421/29 7354/470/29
f 7354/433/24 7357/471/24 7358/472/24 7355/417/24
f 7362/474/30 7358/452/30 7357/412/30 7359/475/30
f 7360/476/4 7361/477/4 7359/475/4 7357/412/4
f 7361/439/10 7353/440/10 7356/441/10 7359/478/10
f 7359/478/25 7356/441/25 7363/479/25 7362/480/25
f 7358/452/1 7362/474/1 7363/401/1 7355/473/1
f 7366/430/3 7368/421/3 7365/481/3 7364/432/3
f 7367/473/29 7375/401/29 7368/421/29 7366/430/29
f 7366/414/24 7369/415/24 7370/482/24 7367/483/24
f 7374/398/30 7370/399/30 7369/484/30 7371/485/30
f 7372/413/4 7373/477/4 7371/485/4 7369/484/4
f 7373/486/10 7365/425/10 7368/426/10 7371/427/10
f 7371/427/25 7368/426/25 7375/428/25 7374/429/25
f 7370/399/1 7374/398/1 7375/401/1 7367/473/1
f 7378/470/3 7380/402/3 7377/487/3 7376/488/3
f 7379/473/29 7387/489/29 7380/402/29 7378/470/29
f 7378/394/24 7381/395/24 7382/396/24 7379/397/24
f 7386/451/30 7382/399/30 7381/391/30 7383/411/30
f 7384/413/4 7385/490/4 7383/411/4 7381/391/4
f 7385/491/10 7377/440/10 7380/441/10 7383/478/10
f 7383/478/25 7380/441/25 7387/479/25 7386/429/25
f 7382/399/1 7386/451/1 7387/489/1 7379/473/1
f 7390/492/3 7392/412/3 7389/493/3 7388/494/3
f 7391/512/29 7399/496/29 7392/412/29 7390/492/29
f 7390/414/24 7393/495/24 7394/482/24 7391/512/24
f 7398/400/30 7394/497/30 7393/421/30 7395/430/30
f 7396/404/4 7397/405/4 7395/430/4 7393/421/4
f 7397/498/10 7389/499/10 7392/500/10 7395/501/10
f 7395/501/25 7392/500/25 7399/502/25 7398/503/25
f 7394/497/1 7398/400/1 7399/496/1 7391/512/1
f 7401/582/4 7406/468/4 7407/583/4 7403/584/4
f 7402/504/3 7404/505/3 7405/506/3 7400/507/3
f 7403/508/10 7407/509/10 7404/510/10 7402/511/10
f 7408/466/1 7410/467/1 7411/468/1 7409/469/1
f 7414/470/3 7416/421/3 7413/404/3 7412/405/3
f 7415/473/29 7423/401/29 7416/421/29 7414/470/29
f 7414/433/24 7417/471/24 7418/472/24 7415/417/24
f 7422/474/30 7418/452/30 7417/412/30 7419/475/30
f 7420/476/4 7421/477/4 7419/475/4 7417/412/4
f 7421/439/10 7413/440/10 7416/441/10 7419/478/10
f 7419/478/25 7416/441/25 7423/479/25 7422/480/25
f 7418/452/1 7422/474/1 7423/401/1 7415/473/1
f 7426/430/3 7428/421/3 7425/481/3 7424/432/3
f 7427/473/29 7435/401/29 7428/421/29 7426/430/29
f 7426/414/24 7429/415/24 7430/482/24 7427/483/24
f 7434/398/30 7430/399/30 7429/484/30 7431/485/30
f 7432/413/4 7433/477/4 7431/485/4 7429/484/4
f 7433/486/10 7425/425/10 7428/426/10 7431/427/10
f 7431/427/25 7428/426/25 7435/428/25 7434/429/25
f 7430/399/1 7434/398/1 7435/401/1 7427/473/1
f 7438/470/3 7440/402/3 7437/487/3 7436/488/3
f 7439/473/29 7447/489/29 7440/402/29 7438/470/29
f 7438/394/24 7441/395/24 7442/396/24 7439/397/24
f 7446/451/30 7442/399/30 7441/391/30 7443/411/30
f 7444/413/4 7445/490/4 7443/411/4 7441/391/4
f 7445/491/10 7437/440/10 7440/441/10 7443/478/10
f 7443/478/25 7440/441/25 7447/479/25 7446/429/25
f 7442/399/1 7446/451/1 7447/489/1 7439/473/1
f 7450/492/3 7452/412/3 7449/493/3 7448/494/3
f 7451/512/29 7459/496/29 7452/412/29 7450/492/29
f 7450/414/24 7453/495/24 7454/482/24 7451/512/24
f 7458/400/30 7454/497/30 7453/421/30 7455/430/30
f 7456/404/4 7457/405/4 7455/430/4 7453/421/4
f 7457/498/10 7449/499/10 7452/500/10 7455/501/10
f 7455/501/25 7452/500/25 7459/502/25 7458/503/25
f 7454/497/1 7458/400/1 7459/496/1 7451/512/1
f 7460/466/1 7461/467/1 7463/468/1 7462/469/1
f 7468/473/29 7470/401/29 7471/421/29 7469/470/29
f 7474/474/30 7472/452/30 7473/412/30 7475/475/30
f 7469/433/24 7473/471/24 7472/472/24 7468/417/24
f 7475/478/25 7471/441/25 7470/479/25 7474/480/25
f 7469/470/3 7471/421/3 7465/404/3 7464/405/3
f 7472/452/1 7474/474/1 7470/401/1 7468/473/1
f 7467/439/10 7465/440/10 7471/441/10 7475/478/10
f 7466/476/4 7467/477/4 7475/475/4 7473/412/4
f 7480/473/29 7482/401/29 7483/421/29 7481/430/29
f 7486/398/30 7484/399/30 7485/484/30 7487/485/30
f 7481/414/24 7485/415/24 7484/482/24 7480/483/24
f 7487/427/25 7483/426/25 7482/428/25 7486/429/25
f 7481/430/3 7483/421/3 7477/481/3 7476/432/3
f 7484/399/1 7486/398/1 7482/401/1 7480/473/1
f 7479/486/10 7477/425/10 7483/426/10 7487/427/10
f 7478/413/4 7479/477/4 7487/485/4 7485/484/4
f 7492/473/29 7494/489/29 7495/402/29 7493/470/29
f 7498/451/30 7496/399/30 7497/391/30 7499/411/30
f 7493/394/24 7497/395/24 7496/396/24 7492/397/24
f 7499/478/25 7495/441/25 7494/479/25 7498/429/25
f 7493/470/3 7495/402/3 7489/487/3 7488/488/3
f 7496/399/1 7498/451/1 7494/489/1 7492/473/1
f 7491/491/10 7489/440/10 7495/441/10 7499/478/10
f 7490/413/4 7491/490/4 7499/411/4 7497/391/4
f 7504/512/29 7506/496/29 7507/412/29 7505/492/29
f 7510/400/30 7508/497/30 7509/421/30 7511/430/30
f 7505/414/24 7509/495/24 7508/482/24 7504/512/24
f 7511/501/25 7507/500/25 7506/502/25 7510/503/25
f 7505/492/3 7507/412/3 7501/493/3 7500/494/3
f 7508/497/1 7510/400/1 7506/496/1 7504/512/1
f 7503/498/10 7501/499/10 7507/500/10 7511/501/10
f 7502/404/4 7503/405/4 7511/430/4 7509/421/4
f 7517/525/30 7515/526/30 7516/527/30 7518/528/30
f 7519/529/24 7516/530/24 7515/531/24 7520/532/24
f 7518/533/25 7522/534/25 7521/535/25 7517/536/25
f 7512/537/4 7513/538/4 7518/528/4 7516/527/4
f 7515/526/1 7517/525/1 7521/539/1 7520/540/1
f 7513/541/10 7514/542/10 7522/534/10 7518/533/10
f 7528/525/30 7526/543/30 7527/544/30 7529/545/30
f 7530/529/24 7527/530/24 7526/546/24 7531/532/24
f 7529/372/25 7533/547/25 7532/548/25 7528/549/25
f 7523/550/4 7524/551/4 7529/545/4 7527/544/4
f 7526/543/1 7528/525/1 7532/539/1 7531/552/1
f 7524/553/10 7525/554/10 7533/547/10 7529/372/10
f 7537/555/29 7539/382/29 7540/544/29 7538/376/29
f 7543/360/25 7540/556/25 7539/557/25 7544/363/25
f 7538/368/24 7542/380/24 7541/339/24 7537/355/24
f 7538/376/3 7540/544/3 7535/378/3 7534/558/3
f 7541/539/1 7544/540/1 7539/382/1 7537/555/1
f 7536/364/10 7535/559/10 7540/556/10 7543/360/10
f 7548/560/29 7550/561/29 7551/562/29 7549/563/29
f 7554/564/25 7551/386/25 7550/565/25 7555/566/25
f 7549/368/24 7553/380/24 7552/339/24 7548/355/24
f 7549/563/3 7551/562/3 7546/550/3 7545/551/3
f 7552/567/1 7555/540/1 7550/561/1 7548/560/1
f 7547/389/10 7546/269/10 7551/386/10 7554/564/10
f 7556/466/1 7557/467/1 7559/468/1 7558/469/1
f 7564/473/29 7566/401/29 7567/421/29 7565/470/29
f 7570/474/30 7568/452/30 7569/412/30 7571/475/30
f 7565/433/24 7569/471/24 7568/472/24 7564/417/24
f 7571/478/25 7567/441/25 7566/479/25 7570/480/25
f 7565/470/3 7567/421/3 7561/404/3 7560/405/3
f 7568/452/1 7570/474/1 7566/401/1 7564/473/1
f 7563/439/10 7561/440/10 7567/441/10 7571/478/10
f 7562/476/4 7563/477/4 7571/475/4 7569/412/4
f 7576/473/29 7578/401/29 7579/421/29 7577/430/29
f 7582/398/30 7580/399/30 7581/484/30 7583/485/30
f 7577/414/24 7581/415/24 7580/482/24 7576/483/24
f 7583/427/25 7579/426/25 7578/428/25 7582/429/25
f 7577/430/3 7579/421/3 7573/481/3 7572/432/3
f 7580/399/1 7582/398/1 7578/401/1 7576/473/1
f 7575/486/10 7573/425/10 7579/426/10 7583/427/10
f 7574/413/4 7575/477/4 7583/485/4 7581/484/4
f 7588/473/29 7590/489/29 7591/402/29 7589/470/29
f 7594/451/30 7592/399/30 7593/391/30 7595/411/30
f 7589/394/24 7593/395/24 7592/396/24 7588/397/24
f 7595/478/25 7591/441/25 7590/479/25 7594/429/25
f 7589/470/3 7591/402/3 7585/487/3 7584/488/3
f 7592/399/1 7594/451/1 7590/489/1 7588/473/1
f 7587/491/10 7585/440/10 7591/441/10 7595/478/10
f 7586/413/4 7587/490/4 7595/411/4 7593/391/4
f 7600/512/29 7602/496/29 7603/412/29 7601/492/29
f 7606/400/30 7604/497/30 7605/421/30 7607/430/30
f 7601/414/24 7605/495/24 7604/482/24 7600/512/24
f 7607/501/25 7603/500/25 7602/502/25 7606/503/25
f 7601/492/3 7603/412/3 7597/493/3 7596/494/3
f 7604/497/1 7606/400/1 7602/496/1 7600/512/1
f 7599/498/10 7597/499/10 7603/500/10 7607/501/10
f 7598/404/4 7599/405/4 7607/430/4 7605/421/4
f 7613/525/30 7611/526/30 7612/527/30 7614/528/30
f 7615/529/24 7612/530/24 7611/531/24 7616/532/24
f 7614/533/25 7618/534/25 7617/535/25 7613/536/25
f 7608/537/4 7609/538/4 7614/528/4 7612/527/4
f 7611/526/1 7613/525/1 7617/539/1 7616/540/1
f 7609/541/10 7610/542/10 7618/534/10 7614/533/10
f 7624/525/30 7622/543/30 7623/544/30 7625/545/30
f 7626/529/24 7623/530/24 7622/546/24 7627/532/24
f 7625/372/25 7629/547/25 7628/548/25 7624/549/25
f 7619/550/4 7620/551/4 7625/545/4 7623/544/4
f 7622/543/1 7624/525/1 7628/539/1 7627/552/1
f 7620/553/10 7621/554/10 7629/547/10 7625/372/10
f 7633/555/29 7635/382/29 7636/544/29 7634/376/29
f 7639/360/25 7636/556/25 7635/557/25 7640/363/25
f 7634/368/24 7638/380/24 7637/339/24 7633/355/24
f 7634/376/3 7636/544/3 7631/378/3 7630/558/3
f 7637/539/1 7640/540/1 7635/382/1 7633/555/1
f 7632/364/10 7631/559/10 7636/556/10 7639/360/10
f 7644/560/29 7646/561/29 7647/562/29 7645/563/29
f 7650/564/25 7647/386/25 7646/565/25 7651/566/25
f 7645/368/24 7649/380/24 7648/339/24 7644/355/24
f 7645/563/3 7647/562/3 7642/550/3 7641/551/3
f 7648/567/1 7651/540/1 7646/561/1 7644/560/1
f 7643/389/10 7642/269/10 7647/386/10 7650/564/10
f 7653/462/3 7654/463/3 7655/464/3 7652/465/3
f 7656/466/1 7658/467/1 7659/468/1 7657/469/1
f 7662/470/3 7664/421/3 7661/404/3 7660/405/3
f 7662/433/24 7665/471/24 7666/472/24 7663/417/24
f 7663/473/29 7671/401/29 7664/421/29 7662/470/29
f 7670/474/30 7666/452/30 7665/412/30 7667/475/30
f 7668/476/4 7669/477/4 7667/475/4 7665/412/4
f 7669/439/10 7661/440/10 7664/441/10 7667/478/10
f 7667/478/25 7664/441/25 7671/479/25 7670/480/25
f 7666/452/1 7670/474/1 7671/401/1 7663/473/1
f 7674/430/3 7676/421/3 7673/481/3 7672/432/3
f 7674/414/24 7677/415/24 7678/482/24 7675/483/24
f 7675/473/29 7683/401/29 7676/421/29 7674/430/29
f 7682/398/30 7678/399/30 7677/484/30 7679/485/30
f 7680/413/4 7681/477/4 7679/485/4 7677/484/4
f 7681/486/10 7673/425/10 7676/426/10 7679/427/10
f 7679/427/25 7676/426/25 7683/428/25 7682/429/25
f 7678/399/1 7682/398/1 7683/401/1 7675/473/1
f 7686/470/3 7688/402/3 7685/487/3 7684/488/3
f 7686/394/24 7689/395/24 7690/396/24 7687/397/24
f 7687/473/29 7695/489/29 7688/402/29 7686/470/29
f 7694/451/30 7690/399/30 7689/391/30 7691/411/30
f 7692/413/4 7693/490/4 7691/411/4 7689/391/4
f 7693/491/10 7685/440/10 7688/441/10 7691/478/10
f 7691/478/25 7688/441/25 7695/479/25 7694/429/25
f 7690/399/1 7694/451/1 7695/489/1 7687/473/1
f 7698/492/3 7700/412/3 7697/493/3 7696/494/3
f 7698/414/24 7701/495/24 7702/482/24 7699/483/24
f 7699/483/29 7707/496/29 7700/412/29 7698/492/29
f 7706/400/30 7702/497/30 7701/421/30 7703/430/30
f 7704/404/4 7705/405/4 7703/430/4 7701/421/4
f 7705/498/10 7697/499/10 7700/500/10 7703/501/10
f 7703/501/25 7700/500/25 7707/502/25 7706/503/25
f 7702/497/1 7706/400/1 7707/496/1 7699/483/1
f 7709/462/4 7714/463/4 7715/464/4 7711/465/4
f 7710/462/3 7712/463/3 7713/464/3 7708/465/3
f 7716/466/1 7718/467/1 7719/468/1 7717/469/1
f 7722/470/3 7724/421/3 7721/404/3 7720/405/3
f 7722/433/24 7725/471/24 7726/472/24 7723/417/24
f 7723/473/29 7731/401/29 7724/421/29 7722/470/29
f 7730/474/30 7726/452/30 7725/412/30 7727/475/30
f 7728/476/4 7729/477/4 7727/475/4 7725/412/4
f 7729/439/10 7721/440/10 7724/441/10 7727/478/10
f 7727/478/25 7724/441/25 7731/479/25 7730/480/25
f 7726/452/1 7730/474/1 7731/401/1 7723/473/1
f 7734/430/3 7736/421/3 7733/481/3 7732/432/3
f 7734/414/24 7737/415/24 7738/482/24 7735/483/24
f 7735/473/29 7743/401/29 7736/421/29 7734/430/29
f 7742/398/30 7738/399/30 7737/484/30 7739/485/30
f 7740/413/4 7741/477/4 7739/485/4 7737/484/4
f 7741/486/10 7733/425/10 7736/426/10 7739/427/10
f 7739/427/25 7736/426/25 7743/428/25 7742/429/25
f 7738/399/1 7742/398/1 7743/401/1 7735/473/1
f 7746/470/3 7748/402/3 7745/487/3 7744/488/3
f 7746/394/24 7749/395/24 7750/396/24 7747/397/24
f 7747/473/29 7755/489/29 7748/402/29 7746/470/29
f 7754/451/30 7750/399/30 7749/391/30 7751/411/30
f 7752/413/4 7753/490/4 7751/411/4 7749/391/4
f 7753/491/10 7745/440/10 7748/441/10 7751/478/10
f 7751/478/25 7748/441/25 7755/479/25 7754/429/25
f 7750/399/1 7754/451/1 7755/489/1 7747/473/1
f 7758/492/3 7760/412/3 7757/493/3 7756/494/3
f 7758/414/24 7761/495/24 7762/482/24 7759/483/24
f 7759/483/29 7767/496/29 7760/412/29 7758/492/29
f 7766/400/30 7762/497/30 7761/421/30 7763/430/30
f 7764/404/4 7765/405/4 7763/430/4 7761/421/4
f 7765/498/10 7757/499/10 7760/500/10 7763/501/10
f 7763/501/25 7760/500/25 7767/502/25 7766/503/25
f 7762/497/1 7766/400/1 7767/496/1 7759/483/1
f 7769/462/3 7770/463/3 7771/464/3 7768/465/3
f 7772/466/1 7774/467/1 7775/468/1 7773/469/1
f 7778/470/3 7780/421/3 7777/404/3 7776/405/3
f 7778/433/24 7781/471/24 7782/472/24 7779/417/24
f 7779/473/29 7787/401/29 7780/421/29 7778/470/29
f 7786/474/30 7782/452/30 7781/412/30 7783/475/30
f 7784/476/4 7785/477/4 7783/475/4 7781/412/4
f 7785/439/10 7777/440/10 7780/441/10 7783/478/10
f 7783/478/25 7780/441/25 7787/479/25 7786/480/25
f 7782/452/1 7786/474/1 7787/401/1 7779/473/1
f 7790/430/3 7792/421/3 7789/481/3 7788/432/3
f 7790/414/24 7793/415/24 7794/482/24 7791/483/24
f 7791/473/29 7799/401/29 7792/421/29 7790/430/29
f 7798/398/30 7794/399/30 7793/484/30 7795/485/30
f 7796/413/4 7797/477/4 7795/485/4 7793/484/4
f 7797/486/10 7789/425/10 7792/426/10 7795/427/10
f 7795/427/25 7792/426/25 7799/428/25 7798/429/25
f 7794/399/1 7798/398/1 7799/401/1 7791/473/1
f 7802/470/3 7804/402/3 7801/487/3 7800/488/3
f 7802/394/24 7805/395/24 7806/396/24 7803/397/24
f 7803/473/29 7811/489/29 7804/402/29 7802/470/29
f 7810/451/30 7806/399/30 7805/391/30 7807/411/30
f 7808/413/4 7809/490/4 7807/411/4 7805/391/4
f 7809/491/10 7801/440/10 7804/441/10 7807/478/10
f 7807/478/25 7804/441/25 7811/479/25 7810/429/25
f 7806/399/1 7810/451/1 7811/489/1 7803/473/1
f 7814/492/3 7816/412/3 7813/493/3 7812/494/3
f 7814/414/24 7817/495/24 7818/482/24 7815/483/24
f 7815/483/29 7823/496/29 7816/412/29 7814/492/29
f 7822/400/30 7818/497/30 7817/421/30 7819/430/30
f 7820/404/4 7821/405/4 7819/430/4 7817/421/4
f 7821/498/10 7813/499/10 7816/500/10 7819/501/10
f 7819/501/25 7816/500/25 7823/502/25 7822/503/25
f 7818/497/1 7822/400/1 7823/496/1 7815/483/1
f 7824/466/1 7826/467/1 7827/468/1 7825/469/1
f 7830/470/3 7832/421/3 7829/404/3 7828/405/3
f 7830/433/24 7833/471/24 7834/472/24 7831/417/24
f 7831/473/29 7839/401/29 7832/421/29 7830/470/29
f 7838/474/30 7834/452/30 7833/412/30 7835/475/30
f 7836/476/4 7837/477/4 7835/475/4 7833/412/4
f 7837/439/10 7829/440/10 7832/441/10 7835/478/10
f 7835/478/25 7832/441/25 7839/479/25 7838/480/25
f 7834/452/1 7838/474/1 7839/401/1 7831/473/1
f 7842/430/3 7844/421/3 7841/481/3 7840/432/3
f 7842/414/24 7845/415/24 7846/482/24 7843/483/24
f 7843/473/29 7851/401/29 7844/421/29 7842/430/29
f 7850/398/30 7846/399/30 7845/484/30 7847/485/30
f 7848/413/4 7849/477/4 7847/485/4 7845/484/4
f 7849/486/10 7841/425/10 7844/426/10 7847/427/10
f 7847/427/25 7844/426/25 7851/428/25 7850/429/25
f 7846/399/1 7850/398/1 7851/401/1 7843/473/1
f 7854/470/3 7856/402/3 7853/487/3 7852/488/3
f 7854/394/24 7857/395/24 7858/396/24 7855/397/24
f 7855/473/29 7863/489/29 7856/402/29 7854/470/29
f 7862/451/30 7858/399/30 7857/391/30 7859/411/30
f 7860/413/4 7861/490/4 7859/411/4 7857/391/4
f 7861/491/10 7853/440/10 7856/441/10 7859/478/10
f 7859/478/25 7856/441/25 7863/479/25 7862/429/25
f 7858/399/1 7862/451/1 7863/489/1 7855/473/1
f 7866/492/3 7868/412/3 7865/493/3 7864/494/3
f 7866/414/24 7869/495/24 7870/482/24 7867/483/24
f 7867/483/29 7875/496/29 7868/412/29 7866/492/29
f 7874/400/30 7870/497/30 7869/421/30 7871/430/30
f 7872/404/4 7873/405/4 7871/430/4 7869/421/4
f 7873/498/10 7865/499/10 7868/500/10 7871/501/10
f 7871/501/25 7868/500/25 7875/502/25 7874/503/25
f 7870/497/1 7874/400/1 7875/496/1 7867/483/1
f 7878/570/10 7882/571/10 7885/572/10
f 7881/573/10 7880/574/10 7883/575/10
f 7882/599/4 7877/600/4 7884/601/4 7885/585/4
f 7879/576/10 7878/570/10 7885/572/10
f 7876/577/10 7881/573/10 7883/575/10
f 7880/574/10 7879/576/10 7885/572/10 7883/575/10
f 7887/327/1 7890/326/1 7889/330/1 7886/331/1
f 7889/330/1 7891/329/1 7888/328/1 7886/331/1
f 7894/270/31 7892/273/31 7889/298/31 7890/299/31
f 7891/286/4 7889/287/4 7892/288/4 7893/289/4
f 7894/270/1 7895/271/1 7893/272/1 7892/273/1
f 7890/292/3 7896/293/3 7895/294/3 7894/295/3
f 7896/302/32 7891/303/32 7893/272/32 7895/271/32
f 7888/328/1 7891/329/1 7896/325/1 7898/324/1
f 7909/323/1 7897/321/1 7896/325/1 7890/326/1
f 7897/321/1 7899/320/1 7898/324/1 7896/325/1
f 7899/320/1 7897/321/1 7902/317/1 7900/316/1
f 7904/309/1 7901/308/1 7900/316/1 7902/317/1
f 7902/304/32 7897/305/32 7907/276/32 7905/275/32
f 7914/315/1 7904/309/1 7902/317/1 7903/318/1
f 7903/286/3 7902/290/3 7905/288/3 7906/291/3
f 7906/274/1 7905/275/1 7907/276/1 7908/277/1
f 7897/286/4 7909/287/4 7908/288/4 7907/289/4
f 7906/274/31 7908/277/31 7909/296/31 7903/297/31
f 7910/322/1 7911/319/1 7903/318/1 7909/323/1
f 7910/322/1 7909/323/1 7890/326/1 7887/327/1
f 7912/314/1 7914/315/1 7903/318/1 7911/319/1
f 7912/314/1 7913/312/1 7915/313/1 7914/315/1
f 7918/278/31 7916/281/31 7914/300/31 7915/301/31
f 7904/286/4 7914/287/4 7916/288/4 7917/289/4
f 7918/278/1 7919/279/1 7917/280/1 7916/281/1
f 7915/282/3 7920/283/3 7919/284/3 7918/285/3
f 7920/306/32 7904/307/32 7917/280/32 7919/279/32
f 7901/308/1 7904/309/1 7920/310/1 7921/311/1
f 7913/312/1 7921/311/1 7920/310/1 7915/313/1
f 7924/390/3 7926/391/3 7923/392/3 7922/393/3
f 7925/398/29 7933/399/29 7926/391/29 7924/390/29
f 7924/394/24 7927/395/24 7928/396/24 7925/397/24
f 7932/400/30 7928/401/30 7927/402/30 7929/403/30
f 7930/404/4 7931/405/4 7929/403/4 7927/402/4
f 7931/268/10 7923/406/10 7926/407/10 7929/408/10
f 7929/408/25 7926/407/25 7933/409/25 7932/410/25
f 7928/401/1 7932/400/1 7933/399/1 7925/398/1
f 7936/411/3 7938/412/3 7935/413/3 7934/393/3
f 7937/474/29 7945/418/29 7938/412/29 7936/411/29
f 7936/414/24 7939/415/24 7940/416/24 7937/474/24
f 7944/419/30 7940/420/30 7939/421/30 7941/403/30
f 7942/422/4 7943/423/4 7941/403/4 7939/421/4
f 7943/424/10 7935/425/10 7938/426/10 7941/427/10
f 7941/427/25 7938/426/25 7945/428/25 7944/429/25
f 7940/420/1 7944/419/1 7945/418/1 7937/474/1
f 7948/430/3 7950/402/3 7947/431/3 7946/432/3
f 7949/434/29 7957/435/29 7950/402/29 7948/430/29
f 7948/394/24 7951/433/24 7952/254/24 7949/397/24
f 7956/398/30 7952/436/30 7951/391/30 7953/437/30
f 7954/438/4 7955/393/4 7953/437/4 7951/391/4
f 7955/439/10 7947/440/10 7950/441/10 7953/442/10
f 7953/442/25 7950/441/25 7957/443/25 7956/444/25
f 7952/436/1 7956/398/1 7957/435/1 7949/434/1
f 7960/445/3 7962/446/3 7959/447/3 7958/448/3
f 7961/449/29 7969/450/29 7962/446/29 7960/445/29
f 7960/394/24 7963/433/24 7964/396/24 7961/397/24
f 7968/451/30 7964/452/30 7963/412/30 7965/453/30
f 7966/454/4 7967/455/4 7965/453/4 7963/412/4
f 7967/456/10 7959/457/10 7962/458/10 7965/459/10
f 7965/459/25 7962/458/25 7969/460/25 7968/461/25
f 7964/452/1 7968/451/1 7969/450/1 7961/449/1
f 7970/466/1 7971/467/1 7973/468/1 7972/469/1
f 7978/473/29 7980/401/29 7981/421/29 7979/470/29
f 7984/474/30 7982/452/30 7983/412/30 7985/475/30
f 7979/433/24 7983/471/24 7982/472/24 7978/417/24
f 7985/478/25 7981/441/25 7980/479/25 7984/480/25
f 7979/470/3 7981/421/3 7975/404/3 7974/405/3
f 7982/452/1 7984/474/1 7980/401/1 7978/473/1
f 7977/439/10 7975/440/10 7981/441/10 7985/478/10
f 7976/476/4 7977/477/4 7985/475/4 7983/412/4
f 7990/473/29 7992/401/29 7993/421/29 7991/430/29
f 7996/398/30 7994/399/30 7995/484/30 7997/485/30
f 7991/414/24 7995/415/24 7994/482/24 7990/483/24
f 7997/427/25 7993/426/25 7992/428/25 7996/429/25
f 7991/430/3 7993/421/3 7987/481/3 7986/432/3
f 7994/399/1 7996/398/1 7992/401/1 7990/473/1
f 7989/486/10 7987/425/10 7993/426/10 7997/427/10
f 7988/413/4 7989/477/4 7997/485/4 7995/484/4
f 8002/473/29 8004/489/29 8005/402/29 8003/470/29
f 8008/451/30 8006/399/30 8007/391/30 8009/411/30
f 8003/394/24 8007/395/24 8006/396/24 8002/397/24
f 8009/478/25 8005/441/25 8004/479/25 8008/429/25
f 8003/470/3 8005/402/3 7999/487/3 7998/488/3
f 8006/399/1 8008/451/1 8004/489/1 8002/473/1
f 8001/491/10 7999/440/10 8005/441/10 8009/478/10
f 8000/413/4 8001/490/4 8009/411/4 8007/391/4
f 8014/512/29 8016/496/29 8017/412/29 8015/492/29
f 8020/400/30 8018/497/30 8019/421/30 8021/430/30
f 8015/414/24 8019/495/24 8018/482/24 8014/512/24
f 8021/501/25 8017/500/25 8016/502/25 8020/503/25
f 8015/492/3 8017/412/3 8011/493/3 8010/494/3
f 8018/497/1 8020/400/1 8016/496/1 8014/512/1
f 8013/498/10 8011/499/10 8017/500/10 8021/501/10
f 8012/404/4 8013/405/4 8021/430/4 8019/421/4
f 8027/525/30 8025/526/30 8026/527/30 8028/528/30
f 8029/529/24 8026/530/24 8025/531/24 8030/532/24
f 8028/533/25 8032/534/25 8031/535/25 8027/536/25
f 8022/537/4 8023/538/4 8028/528/4 8026/527/4
f 8025/526/1 8027/525/1 8031/539/1 8030/540/1
f 8023/541/10 8024/542/10 8032/534/10 8028/533/10
f 8038/525/30 8036/543/30 8037/544/30 8039/545/30
f 8040/529/24 8037/530/24 8036/546/24 8041/532/24
f 8039/372/25 8043/547/25 8042/548/25 8038/549/25
f 8033/550/4 8034/551/4 8039/545/4 8037/544/4
f 8036/543/1 8038/525/1 8042/539/1 8041/552/1
f 8034/553/10 8035/554/10 8043/547/10 8039/372/10
f 8047/555/29 8049/382/29 8050/544/29 8048/376/29
f 8053/360/25 8050/556/25 8049/557/25 8054/363/25
f 8048/368/24 8052/380/24 8051/339/24 8047/355/24
f 8048/376/3 8050/544/3 8045/378/3 8044/558/3
f 8051/539/1 8054/540/1 8049/382/1 8047/555/1
f 8046/364/10 8045/559/10 8050/556/10 8053/360/10
f 8058/560/29 8060/561/29 8061/562/29 8059/563/29
f 8064/564/25 8061/386/25 8060/565/25 8065/566/25
f 8059/368/24 8063/380/24 8062/339/24 8058/355/24
f 8059/563/3 8061/562/3 8056/550/3 8055/551/3
f 8062/567/1 8065/540/1 8060/561/1 8058/560/1
f 8057/389/10 8056/269/10 8061/386/10 8064/564/10
f 8066/466/1 8068/467/1 8069/468/1 8067/469/1
f 8072/470/3 8074/421/3 8071/404/3 8070/405/3
f 8072/433/24 8075/471/24 8076/472/24 8073/417/24
f 8073/473/29 8081/401/29 8074/421/29 8072/470/29
f 8080/474/30 8076/452/30 8075/412/30 8077/475/30
f 8078/476/4 8079/477/4 8077/475/4 8075/412/4
f 8079/439/10 8071/440/10 8074/441/10 8077/478/10
f 8077/478/25 8074/441/25 8081/479/25 8080/480/25
f 8076/452/1 8080/474/1 8081/401/1 8073/473/1
f 8084/430/3 8086/421/3 8083/481/3 8082/432/3
f 8084/414/24 8087/415/24 8088/482/24 8085/483/24
f 8085/473/29 8093/401/29 8086/421/29 8084/430/29
f 8092/398/30 8088/399/30 8087/484/30 8089/485/30
f 8090/413/4 8091/477/4 8089/485/4 8087/484/4
f 8091/486/10 8083/425/10 8086/426/10 8089/427/10
f 8089/427/25 8086/426/25 8093/428/25 8092/429/25
f 8088/399/1 8092/398/1 8093/401/1 8085/473/1
f 8096/470/3 8098/402/3 8095/487/3 8094/488/3
f 8096/394/24 8099/395/24 8100/396/24 8097/397/24
f 8097/473/29 8105/489/29 8098/402/29 8096/470/29
f 8104/451/30 8100/399/30 8099/391/30 8101/411/30
f 8102/413/4 8103/490/4 8101/411/4 8099/391/4
f 8103/491/10 8095/440/10 8098/441/10 8101/478/10
f 8101/478/25 8098/441/25 8105/479/25 8104/429/25
f 8100/399/1 8104/451/1 8105/489/1 8097/473/1
f 8108/492/3 8110/412/3 8107/493/3 8106/494/3
f 8108/414/24 8111/495/24 8112/482/24 8109/483/24
f 8109/483/29 8117/496/29 8110/412/29 8108/492/29
f 8116/400/30 8112/497/30 8111/421/30 8113/430/30
f 8114/404/4 8115/405/4 8113/430/4 8111/421/4
f 8115/498/10 8107/499/10 8110/500/10 8113/501/10
f 8113/501/25 8110/500/25 8117/502/25 8116/503/25
f 8112/497/1 8116/400/1 8117/496/1 8109/483/1
f 8118/578/3 8119/579/3 8123/580/3 8122/581/3
f 8121/599/4 8120/600/4 8124/601/4 8125/585/4
f 8127/327/1 8130/326/1 8129/330/1 8126/331/1
f 8129/330/1 8131/329/1 8128/328/1 8126/331/1
f 8134/270/31 8132/273/31 8129/298/31 8130/299/31
f 8131/286/4 8129/287/4 8132/288/4 8133/289/4
f 8134/270/1 8135/271/1 8133/272/1 8132/273/1
f 8130/292/3 8136/293/3 8135/294/3 8134/295/3
f 8136/302/32 8131/303/32 8133/272/32 8135/271/32
f 8128/328/1 8131/329/1 8136/325/1 8138/324/1
f 8149/323/1 8137/321/1 8136/325/1 8130/326/1
f 8137/321/1 8139/320/1 8138/324/1 8136/325/1
f 8139/320/1 8137/321/1 8142/317/1 8140/316/1
f 8144/309/1 8141/308/1 8140/316/1 8142/317/1
f 8142/304/32 8137/305/32 8147/276/32 8145/275/32
f 8154/315/1 8144/309/1 8142/317/1 8143/318/1
f 8143/286/3 8142/290/3 8145/288/3 8146/291/3
f 8146/274/1 8145/275/1 8147/276/1 8148/277/1
f 8137/286/4 8149/287/4 8148/288/4 8147/289/4
f 8146/274/31 8148/277/31 8149/296/31 8143/297/31
f 8150/322/1 8151/319/1 8143/318/1 8149/323/1
f 8150/322/1 8149/323/1 8130/326/1 8127/327/1
f 8152/314/1 8154/315/1 8143/318/1 8151/319/1
f 8152/314/1 8153/312/1 8155/313/1 8154/315/1
f 8158/278/31 8156/281/31 8154/300/31 8155/301/31
f 8144/286/4 8154/287/4 8156/288/4 8157/289/4
f 8158/278/1 8159/279/1 8157/280/1 8156/281/1
f 8155/282/3 8160/283/3 8159/284/3 8158/285/3
f 8160/306/32 8144/307/32 8157/280/32 8159/279/32
f 8141/308/1 8144/309/1 8160/310/1 8161/311/1
f 8153/312/1 8161/311/1 8160/310/1 8155/313/1
f 8164/390/3 8166/391/3 8163/392/3 8162/393/3
f 8165/398/29 8173/399/29 8166/391/29 8164/390/29
f 8164/394/24 8167/395/24 8168/396/24 8165/397/24
f 8172/400/30 8168/401/30 8167/402/30 8169/403/30
f 8170/404/4 8171/405/4 8169/403/4 8167/402/4
f 8171/268/10 8163/406/10 8166/407/10 8169/408/10
f 8169/408/25 8166/407/25 8173/409/25 8172/410/25
f 8168/401/1 8172/400/1 8173/399/1 8165/398/1
f 8176/411/3 8178/412/3 8175/413/3 8174/393/3
f 8177/474/29 8185/418/29 8178/412/29 8176/411/29
f 8176/414/24 8179/415/24 8180/416/24 8177/474/24
f 8184/419/30 8180/420/30 8179/421/30 8181/403/30
f 8182/422/4 8183/423/4 8181/403/4 8179/421/4
f 8183/424/10 8175/425/10 8178/426/10 8181/427/10
f 8181/427/25 8178/426/25 8185/428/25 8184/429/25
f 8180/420/1 8184/419/1 8185/418/1 8177/474/1
f 8188/430/3 8190/402/3 8187/431/3 8186/432/3
f 8189/434/29 8197/435/29 8190/402/29 8188/430/29
f 8188/394/24 8191/433/24 8192/254/24 8189/397/24
f 8196/398/30 8192/436/30 8191/391/30 8193/437/30
f 8194/438/4 8195/393/4 8193/437/4 8191/391/4
f 8195/439/10 8187/440/10 8190/441/10 8193/442/10
f 8193/442/25 8190/441/25 8197/443/25 8196/444/25
f 8192/436/1 8196/398/1 8197/435/1 8189/434/1
f 8200/445/3 8202/446/3 8199/447/3 8198/448/3
f 8201/449/29 8209/450/29 8202/446/29 8200/445/29
f 8200/394/24 8203/433/24 8204/396/24 8201/397/24
f 8208/451/30 8204/452/30 8203/412/30 8205/453/30
f 8206/454/4 8207/455/4 8205/453/4 8203/412/4
f 8207/456/10 8199/457/10 8202/458/10 8205/459/10
f 8205/459/25 8202/458/25 8209/460/25 8208/461/25
f 8204/452/1 8208/451/1 8209/450/1 8201/449/1
f 8214/585/10 8212/586/10 8211/587/10 8210/588/10
f 8215/606/4 8213/601/4 8212/607/4 8214/599/4
f 8216/466/1 8218/467/1 8219/468/1 8217/469/1
f 8222/470/3 8224/421/3 8221/404/3 8220/405/3
f 8223/473/29 8231/401/29 8224/421/29 8222/470/29
f 8222/433/24 8225/471/24 8226/472/24 8223/417/24
f 8230/474/30 8226/452/30 8225/412/30 8227/475/30
f 8228/476/4 8229/477/4 8227/475/4 8225/412/4
f 8229/439/10 8221/440/10 8224/441/10 8227/478/10
f 8227/478/25 8224/441/25 8231/479/25 8230/480/25
f 8226/452/1 8230/474/1 8231/401/1 8223/473/1
f 8234/430/3 8236/421/3 8233/481/3 8232/432/3
f 8235/473/29 8243/401/29 8236/421/29 8234/430/29
f 8234/414/24 8237/415/24 8238/482/24 8235/483/24
f 8242/398/30 8238/399/30 8237/484/30 8239/485/30
f 8240/413/4 8241/477/4 8239/485/4 8237/484/4
f 8241/486/10 8233/425/10 8236/426/10 8239/427/10
f 8239/427/25 8236/426/25 8243/428/25 8242/429/25
f 8238/399/1 8242/398/1 8243/401/1 8235/473/1
f 8246/470/3 8248/402/3 8245/487/3 8244/488/3
f 8247/473/29 8255/489/29 8248/402/29 8246/470/29
f 8246/394/24 8249/395/24 8250/396/24 8247/397/24
f 8254/451/30 8250/399/30 8249/391/30 8251/411/30
f 8252/413/4 8253/490/4 8251/411/4 8249/391/4
f 8253/491/10 8245/440/10 8248/441/10 8251/478/10
f 8251/478/25 8248/441/25 8255/479/25 8254/429/25
f 8250/399/1 8254/451/1 8255/489/1 8247/473/1
f 8258/492/3 8260/412/3 8257/493/3 8256/494/3
f 8259/512/29 8267/496/29 8260/412/29 8258/492/29
f 8258/414/24 8261/495/24 8262/482/24 8259/512/24
f 8266/400/30 8262/497/30 8261/421/30 8263/430/30
f 8264/404/4 8265/405/4 8263/430/4 8261/421/4
f 8265/498/10 8257/499/10 8260/500/10 8263/501/10
f 8263/501/25 8260/500/25 8267/502/25 8266/503/25
f 8262/497/1 8266/400/1 8267/496/1 8259/512/1
f 8289/270/1 8288/271/1 8290/272/1 8291/273/1
f 8285/274/1 8284/275/1 8286/276/1 8287/277/1
f 8281/278/1 8280/279/1 8282/280/1 8283/281/1
f 8293/282/3 8292/283/3 8280/284/3 8281/285/3
f 8294/286/4 8295/287/4 8283/288/4 8282/289/4
f 8297/286/3 8296/290/3 8284/288/3 8285/291/3
f 8298/286/4 8299/287/4 8287/288/4 8286/289/4
f 8301/292/3 8300/293/3 8288/294/3 8289/295/3
f 8302/286/4 8303/287/4 8291/288/4 8290/289/4
f 8285/274/31 8287/277/31 8299/296/31 8297/297/31
f 8289/270/31 8291/273/31 8303/298/31 8301/299/31
f 8281/278/31 8283/281/31 8295/300/31 8293/301/31
f 8300/302/32 8302/303/32 8290/272/32 8288/271/32
f 8296/304/32 8298/305/32 8286/276/32 8284/275/32
f 8292/306/32 8294/307/32 8282/280/32 8280/279/32
f 8272/308/1 8294/309/1 8292/310/1 8279/311/1
f 8270/312/1 8279/311/1 8292/310/1 8293/313/1
f 8278/314/1 8270/312/1 8293/313/1 8295/315/1
f 8294/309/1 8272/308/1 8273/316/1 8296/317/1
f 8295/315/1 8294/309/1 8296/317/1 8297/318/1
f 8278/314/1 8295/315/1 8297/318/1 8277/319/1
f 8274/320/1 8298/321/1 8296/317/1 8273/316/1
f 8276/322/1 8277/319/1 8297/318/1 8299/323/1
f 8298/321/1 8274/320/1 8275/324/1 8300/325/1
f 8299/323/1 8298/321/1 8300/325/1 8301/326/1
f 8276/322/1 8299/323/1 8301/326/1 8271/327/1
f 8269/328/1 8302/329/1 8300/325/1 8275/324/1
f 8271/327/1 8301/326/1 8303/330/1 8268/331/1
f 8303/330/1 8302/329/1 8269/328/1 8268/331/1
f 8304/332/4 8305/333/4 8308/334/4 8306/335/4
f 8309/336/24 8306/337/24 8307/338/24 8310/339/24
f 8313/340/30 8307/341/30 8306/335/30 8308/334/30
f 8307/341/1 8313/340/1 8311/342/1 8310/343/1
f 8308/344/25 8312/345/25 8311/346/25 8313/347/25
f 8305/348/10 8314/349/10 8312/345/10 8308/344/10
f 8317/350/3 8319/351/3 8316/332/3 8315/352/3
f 8317/353/24 8320/336/24 8321/354/24 8318/355/24
f 8318/356/29 8324/357/29 8319/351/29 8317/350/29
f 8321/358/1 8322/359/1 8324/357/1 8318/356/1
f 8323/360/25 8319/361/25 8324/362/25 8322/363/25
f 8325/364/10 8316/365/10 8319/361/10 8323/360/10
f 8326/366/4 8327/367/4 8330/350/4 8328/351/4
f 8331/336/24 8328/368/24 8329/338/24 8332/339/24
f 8335/369/30 8329/370/30 8328/351/30 8330/350/30
f 8329/370/1 8335/369/1 8333/342/1 8332/371/1
f 8330/372/25 8334/373/25 8333/346/25 8335/374/25
f 8327/375/10 8336/349/10 8334/373/10 8330/372/10
f 8339/376/3 8341/377/3 8338/378/3 8337/379/3
f 8339/337/24 8342/380/24 8343/339/24 8340/355/24
f 8340/381/29 8346/382/29 8341/377/29 8339/376/29
f 8343/383/1 8344/384/1 8346/382/1 8340/381/1
f 8345/385/25 8341/386/25 8346/387/25 8344/388/25
f 8347/389/10 8338/269/10 8341/386/10 8345/385/10
f 8350/390/3 8352/391/3 8349/392/3 8348/393/3
f 8350/394/24 8353/395/24 8354/396/24 8351/397/24
f 8351/398/29 8359/399/29 8352/391/29 8350/390/29
f 8358/400/30 8354/401/30 8353/402/30 8355/403/30
f 8356/404/4 8357/405/4 8355/403/4 8353/402/4
f 8357/268/10 8349/406/10 8352/407/10 8355/408/10
f 8355/408/25 8352/407/25 8359/409/25 8358/410/25
f 8354/401/1 8358/400/1 8359/399/1 8351/398/1
f 8362/411/3 8364/412/3 8361/413/3 8360/393/3
f 8362/414/24 8365/415/24 8366/416/24 8363/417/24
f 8363/417/29 8371/418/29 8364/412/29 8362/411/29
f 8370/419/30 8366/420/30 8365/421/30 8367/403/30
f 8368/422/4 8369/423/4 8367/403/4 8365/421/4
f 8369/424/10 8361/425/10 8364/426/10 8367/427/10
f 8367/427/25 8364/426/25 8371/428/25 8370/429/25
f 8366/420/1 8370/419/1 8371/418/1 8363/417/1
f 8374/430/3 8376/402/3 8373/431/3 8372/432/3
f 8374/394/24 8377/433/24 8378/254/24 8375/397/24
f 8375/434/29 8383/435/29 8376/402/29 8374/430/29
f 8382/398/30 8378/436/30 8377/391/30 8379/437/30
f 8380/438/4 8381/393/4 8379/437/4 8377/391/4
f 8381/439/10 8373/440/10 8376/441/10 8379/442/10
f 8379/442/25 8376/441/25 8383/443/25 8382/444/25
f 8378/436/1 8382/398/1 8383/435/1 8375/434/1
f 8386/445/3 8388/446/3 8385/447/3 8384/448/3
f 8386/394/24 8389/433/24 8390/396/24 8387/397/24
f 8387/449/29 8395/450/29 8388/446/29 8386/445/29
f 8394/451/30 8390/452/30 8389/412/30 8391/453/30
f 8392/454/4 8393/455/4 8391/453/4 8389/412/4
f 8393/456/10 8385/457/10 8388/458/10 8391/459/10
f 8391/459/25 8388/458/25 8395/460/25 8394/461/25
f 8390/452/1 8394/451/1 8395/450/1 8387/449/1
f 8397/464/10 8399/465/10 8398/568/10 8396/569/10
f 8400/466/1 8402/467/1 8403/468/1 8401/469/1
f 8406/470/3 8408/421/3 8405/404/3 8404/405/3
f 8406/433/24 8409/471/24 8410/472/24 8407/417/24
f 8407/473/29 8415/401/29 8408/421/29 8406/470/29
f 8414/474/30 8410/452/30 8409/412/30 8411/475/30
f 8412/476/4 8413/477/4 8411/475/4 8409/412/4
f 8413/439/10 8405/440/10 8408/441/10 8411/478/10
f 8411/478/25 8408/441/25 8415/479/25 8414/480/25
f 8410/452/1 8414/474/1 8415/401/1 8407/473/1
f 8418/430/3 8420/421/3 8417/481/3 8416/432/3
f 8418/414/24 8421/415/24 8422/482/24 8419/483/24
f 8419/473/29 8427/401/29 8420/421/29 8418/430/29
f 8426/398/30 8422/399/30 8421/484/30 8423/485/30
f 8424/413/4 8425/477/4 8423/485/4 8421/484/4
f 8425/486/10 8417/425/10 8420/426/10 8423/427/10
f 8423/427/25 8420/426/25 8427/428/25 8426/429/25
f 8422/399/1 8426/398/1 8427/401/1 8419/473/1
f 8430/470/3 8432/402/3 8429/487/3 8428/488/3
f 8430/394/24 8433/395/24 8434/396/24 8431/397/24
f 8431/473/29 8439/489/29 8432/402/29 8430/470/29
f 8438/451/30 8434/399/30 8433/391/30 8435/411/30
f 8436/413/4 8437/490/4 8435/411/4 8433/391/4
f 8437/491/10 8429/440/10 8432/441/10 8435/478/10
f 8435/478/25 8432/441/25 8439/479/25 8438/429/25
f 8434/399/1 8438/451/1 8439/489/1 8431/473/1
f 8442/492/3 8444/412/3 8441/493/3 8440/494/3
f 8442/414/24 8445/495/24 8446/482/24 8443/483/24
f 8443/483/29 8451/496/29 8444/412/29 8442/492/29
f 8450/400/30 8446/497/30 8445/421/30 8447/430/30
f 8448/404/4 8449/405/4 8447/430/4 8445/421/4
f 8449/498/10 8441/499/10 8444/500/10 8447/501/10
f 8447/501/25 8444/500/25 8451/502/25 8450/503/25
f 8446/497/1 8450/400/1 8451/496/1 8443/483/1
f 8452/466/1 8453/467/1 8455/468/1 8454/469/1
f 8460/473/29 8462/401/29 8463/421/29 8461/470/29
f 8466/474/30 8464/452/30 8465/412/30 8467/475/30
f 8461/433/24 8465/471/24 8464/472/24 8460/417/24
f 8467/478/25 8463/441/25 8462/479/25 8466/480/25
f 8461/470/3 8463/421/3 8457/404/3 8456/405/3
f 8464/452/1 8466/474/1 8462/401/1 8460/473/1
f 8459/439/10 8457/440/10 8463/441/10 8467/478/10
f 8458/476/4 8459/477/4 8467/475/4 8465/412/4
f 8472/473/29 8474/401/29 8475/421/29 8473/430/29
f 8478/398/30 8476/399/30 8477/484/30 8479/485/30
f 8473/414/24 8477/415/24 8476/482/24 8472/483/24
f 8479/427/25 8475/426/25 8474/428/25 8478/429/25
f 8473/430/3 8475/421/3 8469/481/3 8468/432/3
f 8476/399/1 8478/398/1 8474/401/1 8472/473/1
f 8471/486/10 8469/425/10 8475/426/10 8479/427/10
f 8470/413/4 8471/477/4 8479/485/4 8477/484/4
f 8484/473/29 8486/489/29 8487/402/29 8485/470/29
f 8490/451/30 8488/399/30 8489/391/30 8491/411/30
f 8485/394/24 8489/395/24 8488/396/24 8484/397/24
f 8491/478/25 8487/441/25 8486/479/25 8490/429/25
f 8485/470/3 8487/402/3 8481/487/3 8480/488/3
f 8488/399/1 8490/451/1 8486/489/1 8484/473/1
f 8483/491/10 8481/440/10 8487/441/10 8491/478/10
f 8482/413/4 8483/490/4 8491/411/4 8489/391/4
f 8496/512/29 8498/496/29 8499/412/29 8497/492/29
f 8502/400/30 8500/497/30 8501/421/30 8503/430/30
f 8497/414/24 8501/495/24 8500/482/24 8496/512/24
f 8503/501/25 8499/500/25 8498/502/25 8502/503/25
f 8497/492/3 8499/412/3 8493/493/3 8492/494/3
f 8500/497/1 8502/400/1 8498/496/1 8496/512/1
f 8495/498/10 8493/499/10 8499/500/10 8503/501/10
f 8494/404/4 8495/405/4 8503/430/4 8501/421/4
f 8509/525/30 8507/526/30 8508/527/30 8510/528/30
f 8511/529/24 8508/530/24 8507/531/24 8512/532/24
f 8510/533/25 8514/534/25 8513/535/25 8509/536/25
f 8504/537/4 8505/538/4 8510/528/4 8508/527/4
f 8507/526/1 8509/525/1 8513/539/1 8512/540/1
f 8505/541/10 8506/542/10 8514/534/10 8510/533/10
f 8520/525/30 8518/543/30 8519/544/30 8521/545/30
f 8522/529/24 8519/530/24 8518/546/24 8523/532/24
f 8521/372/25 8525/547/25 8524/548/25 8520/549/25
f 8515/550/4 8516/551/4 8521/545/4 8519/544/4
f 8518/543/1 8520/525/1 8524/539/1 8523/552/1
f 8516/553/10 8517/554/10 8525/547/10 8521/372/10
f 8529/555/29 8531/382/29 8532/544/29 8530/376/29
f 8535/360/25 8532/556/25 8531/557/25 8536/363/25
f 8530/368/24 8534/380/24 8533/339/24 8529/355/24
f 8530/376/3 8532/544/3 8527/378/3 8526/558/3
f 8533/539/1 8536/540/1 8531/382/1 8529/555/1
f 8528/364/10 8527/559/10 8532/556/10 8535/360/10
f 8540/560/29 8542/561/29 8543/562/29 8541/563/29
f 8546/564/25 8543/386/25 8542/565/25 8547/566/25
f 8541/368/24 8545/380/24 8544/339/24 8540/355/24
f 8541/563/3 8543/562/3 8538/550/3 8537/551/3
f 8544/567/1 8547/540/1 8542/561/1 8540/560/1
f 8539/389/10 8538/269/10 8543/386/10 8546/564/10
f 8549/504/3 8551/505/3 8552/506/3 8548/507/3
f 8550/508/10 8553/509/10 8551/510/10 8549/511/10
f 8554/466/1 8556/467/1 8557/468/1 8555/469/1
f 8560/470/3 8562/421/3 8559/404/3 8558/405/3
f 8561/473/29 8569/401/29 8562/421/29 8560/470/29
f 8560/433/24 8563/471/24 8564/472/24 8561/417/24
f 8568/474/30 8564/452/30 8563/412/30 8565/475/30
f 8566/476/4 8567/477/4 8565/475/4 8563/412/4
f 8567/439/10 8559/440/10 8562/441/10 8565/478/10
f 8565/478/25 8562/441/25 8569/479/25 8568/480/25
f 8564/452/1 8568/474/1 8569/401/1 8561/473/1
f 8572/430/3 8574/421/3 8571/481/3 8570/432/3
f 8573/473/29 8581/401/29 8574/421/29 8572/430/29
f 8572/414/24 8575/415/24 8576/482/24 8573/483/24
f 8580/398/30 8576/399/30 8575/484/30 8577/485/30
f 8578/413/4 8579/477/4 8577/485/4 8575/484/4
f 8579/486/10 8571/425/10 8574/426/10 8577/427/10
f 8577/427/25 8574/426/25 8581/428/25 8580/429/25
f 8576/399/1 8580/398/1 8581/401/1 8573/473/1
f 8584/470/3 8586/402/3 8583/487/3 8582/488/3
f 8585/473/29 8593/489/29 8586/402/29 8584/470/29
f 8584/394/24 8587/395/24 8588/396/24 8585/397/24
f 8592/451/30 8588/399/30 8587/391/30 8589/411/30
f 8590/413/4 8591/490/4 8589/411/4 8587/391/4
f 8591/491/10 8583/440/10 8586/441/10 8589/478/10
f 8589/478/25 8586/441/25 8593/479/25 8592/429/25
f 8588/399/1 8592/451/1 8593/489/1 8585/473/1
f 8596/492/3 8598/412/3 8595/493/3 8594/494/3
f 8597/512/29 8605/496/29 8598/412/29 8596/492/29
f 8596/414/24 8599/495/24 8600/482/24 8597/512/24
f 8604/400/30 8600/497/30 8599/421/30 8601/430/30
f 8602/404/4 8603/405/4 8601/430/4 8599/421/4
f 8603/498/10 8595/499/10 8598/500/10 8601/501/10
f 8601/501/25 8598/500/25 8605/502/25 8604/503/25
f 8600/497/1 8604/400/1 8605/496/1 8597/512/1
f 8609/513/10 8608/514/10 8615/515/10
f 8607/516/10 8611/517/10 8614/518/10
f 8610/519/10 8609/513/10 8615/515/10 8614/518/10
f 8606/520/3 8607/521/3 8614/522/3 8613/523/3
f 8608/514/10 8612/524/10 8615/515/10
f 8611/517/10 8610/519/10 8614/518/10
f 8617/327/1 8620/326/1 8619/330/1 8616/331/1
f 8619/330/1 8621/329/1 8618/328/1 8616/331/1
f 8624/270/31 8622/273/31 8619/298/31 8620/299/31
f 8621/286/4 8619/287/4 8622/288/4 8623/289/4
f 8624/270/1 8625/271/1 8623/272/1 8622/273/1
f 8620/292/3 8626/293/3 8625/294/3 8624/295/3
f 8626/302/32 8621/303/32 8623/272/32 8625/271/32
f 8618/328/1 8621/329/1 8626/325/1 8628/324/1
f 8639/323/1 8627/321/1 8626/325/1 8620/326/1
f 8627/321/1 8629/320/1 8628/324/1 8626/325/1
f 8629/320/1 8627/321/1 8632/317/1 8630/316/1
f 8634/309/1 8631/308/1 8630/316/1 8632/317/1
f 8632/304/32 8627/305/32 8637/276/32 8635/275/32
f 8644/315/1 8634/309/1 8632/317/1 8633/318/1
f 8633/286/3 8632/290/3 8635/288/3 8636/291/3
f 8636/274/1 8635/275/1 8637/276/1 8638/277/1
f 8627/286/4 8639/287/4 8638/288/4 8637/289/4
f 8636/274/31 8638/277/31 8639/296/31 8633/297/31
f 8640/322/1 8641/319/1 8633/318/1 8639/323/1
f 8640/322/1 8639/323/1 8620/326/1 8617/327/1
f 8642/314/1 8644/315/1 8633/318/1 8641/319/1
f 8642/314/1 8643/312/1 8645/313/1 8644/315/1
f 8648/278/31 8646/281/31 8644/300/31 8645/301/31
f 8634/286/4 8644/287/4 8646/288/4 8647/289/4
f 8648/278/1 8649/279/1 8647/280/1 8646/281/1
f 8645/282/3 8650/283/3 8649/284/3 8648/285/3
f 8650/306/32 8634/307/32 8647/280/32 8649/279/32
f 8631/308/1 8634/309/1 8650/310/1 8651/311/1
f 8643/312/1 8651/311/1 8650/310/1 8645/313/1
f 8654/390/3 8656/391/3 8653/392/3 8652/393/3
f 8655/398/29 8663/399/29 8656/391/29 8654/390/29
f 8654/394/24 8657/395/24 8658/396/24 8655/397/24
f 8662/400/30 8658/401/30 8657/402/30 8659/403/30
f 8660/404/4 8661/405/4 8659/403/4 8657/402/4
f 8661/268/10 8653/406/10 8656/407/10 8659/408/10
f 8659/408/25 8656/407/25 8663/409/25 8662/410/25
f 8658/401/1 8662/400/1 8663/399/1 8655/398/1
f 8666/411/3 8668/412/3 8665/413/3 8664/393/3
f 8667/474/29 8675/418/29 8668/412/29 8666/411/29
f 8666/414/24 8669/415/24 8670/416/24 8667/474/24
f 8674/419/30 8670/420/30 8669/421/30 8671/403/30
f 8672/422/4 8673/423/4 8671/403/4 8669/421/4
f 8673/424/10 8665/425/10 8668/426/10 8671/427/10
f 8671/427/25 8668/426/25 8675/428/25 8674/429/25
f 8670/420/1 8674/419/1 8675/418/1 8667/474/1
f 8678/430/3 8680/402/3 8677/431/3 8676/432/3
f 8679/434/29 8687/435/29 8680/402/29 8678/430/29
f 8678/394/24 8681/433/24 8682/254/24 8679/397/24
f 8686/398/30 8682/436/30 8681/391/30 8683/437/30
f 8684/438/4 8685/393/4 8683/437/4 8681/391/4
f 8685/439/10 8677/440/10 8680/441/10 8683/442/10
f 8683/442/25 8680/441/25 8687/443/25 8686/444/25
f 8682/436/1 8686/398/1 8687/435/1 8679/434/1
f 8690/445/3 8692/446/3 8689/447/3 8688/448/3
f 8691/449/29 8699/450/29 8692/446/29 8690/445/29
f 8690/394/24 8693/433/24 8694/396/24 8691/397/24
f 8698/451/30 8694/452/30 8693/412/30 8695/453/30
f 8696/454/4 8697/455/4 8695/453/4 8693/412/4
f 8697/456/10 8689/457/10 8692/458/10 8695/459/10
f 8695/459/25 8692/458/25 8699/460/25 8698/461/25
f 8694/452/1 8698/451/1 8699/450/1 8691/449/1
f 8721/270/1 8720/271/1 8722/272/1 8723/273/1
f 8717/274/1 8716/275/1 8718/276/1 8719/277/1
f 8713/278/1 8712/279/1 8714/280/1 8715/281/1
f 8725/282/3 8724/283/3 8712/284/3 8713/285/3
f 8726/286/4 8727/287/4 8715/288/4 8714/289/4
f 8729/286/3 8728/290/3 8716/288/3 8717/291/3
f 8730/286/4 8731/287/4 8719/288/4 8718/289/4
f 8733/292/3 8732/293/3 8720/294/3 8721/295/3
f 8734/286/4 8735/287/4 8723/288/4 8722/289/4
f 8717/274/31 8719/277/31 8731/296/31 8729/297/31
f 8721/270/31 8723/273/31 8735/298/31 8733/299/31
f 8713/278/31 8715/281/31 8727/300/31 8725/301/31
f 8732/302/32 8734/303/32 8722/272/32 8720/271/32
f 8728/304/32 8730/305/32 8718/276/32 8716/275/32
f 8724/306/32 8726/307/32 8714/280/32 8712/279/32
f 8704/308/1 8726/309/1 8724/310/1 8711/311/1
f 8702/312/1 8711/311/1 8724/310/1 8725/313/1
f 8710/314/1 8702/312/1 8725/313/1 8727/315/1
f 8726/309/1 8704/308/1 8705/316/1 8728/317/1
f 8727/315/1 8726/309/1 8728/317/1 8729/318/1
f 8710/314/1 8727/315/1 8729/318/1 8709/319/1
f 8706/320/1 8730/321/1 8728/317/1 8705/316/1
f 8708/322/1 8709/319/1 8729/318/1 8731/323/1
f 8730/321/1 8706/320/1 8707/324/1 8732/325/1
f 8731/323/1 8730/321/1 8732/325/1 8733/326/1
f 8708/322/1 8731/323/1 8733/326/1 8703/327/1
f 8701/328/1 8734/329/1 8732/325/1 8707/324/1
f 8703/327/1 8733/326/1 8735/330/1 8700/331/1
f 8735/330/1 8734/329/1 8701/328/1 8700/331/1
f 8736/332/4 8737/333/4 8740/334/4 8738/335/4
f 8741/336/24 8738/337/24 8739/338/24 8742/339/24
f 8745/340/30 8739/341/30 8738/335/30 8740/334/30
f 8739/341/1 8745/340/1 8743/342/1 8742/343/1
f 8740/344/25 8744/345/25 8743/346/25 8745/347/25
f 8737/348/10 8746/349/10 8744/345/10 8740/344/10
f 8749/350/3 8751/351/3 8748/332/3 8747/352/3
f 8749/353/24 8752/336/24 8753/354/24 8750/355/24
f 8750/356/29 8756/357/29 8751/351/29 8749/350/29
f 8753/358/1 8754/359/1 8756/357/1 8750/356/1
f 8755/360/25 8751/361/25 8756/362/25 8754/363/25
f 8757/364/10 8748/365/10 8751/361/10 8755/360/10
f 8758/366/4 8759/367/4 8762/350/4 8760/351/4
f 8763/336/24 8760/368/24 8761/338/24 8764/339/24
f 8767/369/30 8761/370/30 8760/351/30 8762/350/30
f 8761/370/1 8767/369/1 8765/342/1 8764/371/1
f 8762/372/25 8766/373/25 8765/346/25 8767/374/25
f 8759/375/10 8768/349/10 8766/373/10 8762/372/10
f 8771/376/3 8773/377/3 8770/378/3 8769/379/3
f 8771/337/24 8774/380/24 8775/339/24 8772/355/24
f 8772/381/29 8778/382/29 8773/377/29 8771/376/29
f 8775/383/1 8776/384/1 8778/382/1 8772/381/1
f 8777/385/25 8773/386/25 8778/387/25 8776/388/25
f 8779/389/10 8770/269/10 8773/386/10 8777/385/10
f 8782/390/3 8784/391/3 8781/392/3 8780/393/3
f 8782/394/24 8785/395/24 8786/396/24 8783/397/24
f 8783/398/29 8791/399/29 8784/391/29 8782/390/29
f 8790/400/30 8786/401/30 8785/402/30 8787/403/30
f 8788/404/4 8789/405/4 8787/403/4 8785/402/4
f 8789/268/10 8781/406/10 8784/407/10 8787/408/10
f 8787/408/25 8784/407/25 8791/409/25 8790/410/25
f 8786/401/1 8790/400/1 8791/399/1 8783/398/1
f 8794/411/3 8796/412/3 8793/413/3 8792/393/3
f 8794/414/24 8797/415/24 8798/416/24 8795/417/24
f 8795/417/29 8803/418/29 8796/412/29 8794/411/29
f 8802/419/30 8798/420/30 8797/421/30 8799/403/30
f 8800/422/4 8801/423/4 8799/403/4 8797/421/4
f 8801/424/10 8793/425/10 8796/426/10 8799/427/10
f 8799/427/25 8796/426/25 8803/428/25 8802/429/25
f 8798/420/1 8802/419/1 8803/418/1 8795/417/1
f 8806/430/3 8808/402/3 8805/431/3 8804/432/3
f 8806/394/24 8809/433/24 8810/254/24 8807/397/24
f 8807/434/29 8815/435/29 8808/402/29 8806/430/29
f 8814/398/30 8810/436/30 8809/391/30 8811/437/30
f 8812/438/4 8813/393/4 8811/437/4 8809/391/4
f 8813/439/10 8805/440/10 8808/441/10 8811/442/10
f 8811/442/25 8808/441/25 8815/443/25 8814/444/25
f 8810/436/1 8814/398/1 8815/435/1 8807/434/1
f 8818/445/3 8820/446/3 8817/447/3 8816/448/3
f 8818/394/24 8821/433/24 8822/396/24 8819/397/24
f 8819/449/29 8827/450/29 8820/446/29 8818/445/29
f 8826/451/30 8822/452/30 8821/412/30 8823/453/30
f 8824/454/4 8825/455/4 8823/453/4 8821/412/4
f 8825/456/10 8817/457/10 8820/458/10 8823/459/10
f 8823/459/25 8820/458/25 8827/460/25 8826/461/25
f 8822/452/1 8826/451/1 8827/450/1 8819/449/1
f 8828/520/3 8829/521/3 8831/522/3 8830/523/3
f 8833/327/1 8836/326/1 8835/330/1 8832/331/1
f 8835/330/1 8837/329/1 8834/328/1 8832/331/1
f 8840/270/31 8838/273/31 8835/298/31 8836/299/31
f 8837/286/4 8835/287/4 8838/288/4 8839/289/4
f 8840/270/1 8841/271/1 8839/272/1 8838/273/1
f 8836/292/3 8842/293/3 8841/294/3 8840/295/3
f 8842/302/32 8837/303/32 8839/272/32 8841/271/32
f 8834/328/1 8837/329/1 8842/325/1 8844/324/1
f 8855/323/1 8843/321/1 8842/325/1 8836/326/1
f 8843/321/1 8845/320/1 8844/324/1 8842/325/1
f 8845/320/1 8843/321/1 8848/317/1 8846/316/1
f 8850/309/1 8847/308/1 8846/316/1 8848/317/1
f 8848/304/32 8843/305/32 8853/276/32 8851/275/32
f 8860/315/1 8850/309/1 8848/317/1 8849/318/1
f 8849/286/3 8848/290/3 8851/288/3 8852/291/3
f 8852/274/1 8851/275/1 8853/276/1 8854/277/1
f 8843/286/4 8855/287/4 8854/288/4 8853/289/4
f 8852/274/31 8854/277/31 8855/296/31 8849/297/31
f 8856/322/1 8857/319/1 8849/318/1 8855/323/1
f 8856/322/1 8855/323/1 8836/326/1 8833/327/1
f 8858/314/1 8860/315/1 8849/318/1 8857/319/1
f 8858/314/1 8859/312/1 8861/313/1 8860/315/1
f 8864/278/31 8862/281/31 8860/300/31 8861/301/31
f 8850/286/4 8860/287/4 8862/288/4 8863/289/4
f 8864/278/1 8865/279/1 8863/280/1 8862/281/1
f 8861/282/3 8866/283/3 8865/284/3 8864/285/3
f 8866/306/32 8850/307/32 8863/280/32 8865/279/32
f 8847/308/1 8850/309/1 8866/310/1 8867/311/1
f 8859/312/1 8867/311/1 8866/310/1 8861/313/1
f 8870/390/3 8872/391/3 8869/392/3 8868/393/3
f 8871/398/29 8879/399/29 8872/391/29 8870/390/29
f 8870/394/24 8873/395/24 8874/396/24 8871/397/24
f 8878/400/30 8874/401/30 8873/402/30 8875/403/30
f 8876/404/4 8877/405/4 8875/403/4 8873/402/4
f 8877/268/10 8869/406/10 8872/407/10 8875/408/10
f 8875/408/25 8872/407/25 8879/409/25 8878/410/25
f 8874/401/1 8878/400/1 8879/399/1 8871/398/1
f 8882/411/3 8884/412/3 8881/413/3 8880/393/3
f 8883/474/29 8891/418/29 8884/412/29 8882/411/29
f 8882/414/24 8885/415/24 8886/416/24 8883/474/24
f 8890/419/30 8886/420/30 8885/421/30 8887/403/30
f 8888/422/4 8889/423/4 8887/403/4 8885/421/4
f 8889/424/10 8881/425/10 8884/426/10 8887/427/10
f 8887/427/25 8884/426/25 8891/428/25 8890/429/25
f 8886/420/1 8890/419/1 8891/418/1 8883/474/1
f 8894/430/3 8896/402/3 8893/431/3 8892/432/3
f 8895/434/29 8903/435/29 8896/402/29 8894/430/29
f 8894/394/24 8897/433/24 8898/254/24 8895/397/24
f 8902/398/30 8898/436/30 8897/391/30 8899/437/30
f 8900/438/4 8901/393/4 8899/437/4 8897/391/4
f 8901/439/10 8893/440/10 8896/441/10 8899/442/10
f 8899/442/25 8896/441/25 8903/443/25 8902/444/25
f 8898/436/1 8902/398/1 8903/435/1 8895/434/1
f 8906/445/3 8908/446/3 8905/447/3 8904/448/3
f 8907/449/29 8915/450/29 8908/446/29 8906/445/29
f 8906/394/24 8909/433/24 8910/396/24 8907/397/24
f 8914/451/30 8910/452/30 8909/412/30 8911/453/30
f 8912/454/4 8913/455/4 8911/453/4 8909/412/4
f 8913/456/10 8905/457/10 8908/458/10 8911/459/10
f 8911/459/25 8908/458/25 8915/460/25 8914/461/25
f 8910/452/1 8914/451/1 8915/450/1 8907/449/1
f 8917/582/4 8922/468/4 8923/583/4 8919/584/4
f 8918/504/3 8920/505/3 8921/506/3 8916/507/3
f 8924/466/1 8926/467/1 8927/468/1 8925/469/1
f 8930/470/3 8932/421/3 8929/404/3 8928/405/3
f 8931/473/29 8939/401/29 8932/421/29 8930/470/29
f 8930/433/24 8933/471/24 8934/472/24 8931/417/24
f 8938/474/30 8934/452/30 8933/412/30 8935/475/30
f 8936/476/4 8937/477/4 8935/475/4 8933/412/4
f 8937/439/10 8929/440/10 8932/441/10 8935/478/10
f 8935/478/25 8932/441/25 8939/479/25 8938/480/25
f 8934/452/1 8938/474/1 8939/401/1 8931/473/1
f 8942/430/3 8944/421/3 8941/481/3 8940/432/3
f 8943/473/29 8951/401/29 8944/421/29 8942/430/29
f 8942/414/24 8945/415/24 8946/482/24 8943/483/24
f 8950/398/30 8946/399/30 8945/484/30 8947/485/30
f 8948/413/4 8949/477/4 8947/485/4 8945/484/4
f 8949/486/10 8941/425/10 8944/426/10 8947/427/10
f 8947/427/25 8944/426/25 8951/428/25 8950/429/25
f 8946/399/1 8950/398/1 8951/401/1 8943/473/1
f 8954/470/3 8956/402/3 8953/487/3 8952/488/3
f 8955/473/29 8963/489/29 8956/402/29 8954/470/29
f 8954/394/24 8957/395/24 8958/396/24 8955/397/24
f 8962/451/30 8958/399/30 8957/391/30 8959/411/30
f 8960/413/4 8961/490/4 8959/411/4 8957/391/4
f 8961/491/10 8953/440/10 8956/441/10 8959/478/10
f 8959/478/25 8956/441/25 8963/479/25 8962/429/25
f 8958/399/1 8962/451/1 8963/489/1 8955/473/1
f 8966/492/3 8968/412/3 8965/493/3 8964/494/3
f 8967/512/29 8975/496/29 8968/412/29 8966/492/29
f 8966/414/24 8969/495/24 8970/482/24 8967/512/24
f 8974/400/30 8970/497/30 8969/421/30 8971/430/30
f 8972/404/4 8973/405/4 8971/430/4 8969/421/4
f 8973/498/10 8965/499/10 8968/500/10 8971/501/10
f 8971/501/25 8968/500/25 8975/502/25 8974/503/25
f 8970/497/1 8974/400/1 8975/496/1 8967/512/1
f 8977/582/4 8982/468/4 8983/583/4 8979/584/4
f 8978/504/3 8980/505/3 8981/506/3 8976/507/3
f 8984/466/1 8986/467/1 8987/468/1 8985/469/1
f 8990/470/3 8992/421/3 8989/404/3 8988/405/3
f 8991/473/29 8999/401/29 8992/421/29 8990/470/29
f 8990/433/24 8993/471/24 8994/472/24 8991/417/24
f 8998/474/30 8994/452/30 8993/412/30 8995/475/30
f 8996/476/4 8997/477/4 8995/475/4 8993/412/4
f 8997/439/10 8989/440/10 8992/441/10 8995/478/10
f 8995/478/25 8992/441/25 8999/479/25 8998/480/25
f 8994/452/1 8998/474/1 8999/401/1 8991/473/1
f 9002/430/3 9004/421/3 9001/481/3 9000/432/3
f 9003/473/29 9011/401/29 9004/421/29 9002/430/29
f 9002/414/24 9005/415/24 9006/482/24 9003/483/24
f 9010/398/30 9006/399/30 9005/484/30 9007/485/30
f 9008/413/4 9009/477/4 9007/485/4 9005/484/4
f 9009/486/10 9001/425/10 9004/426/10 9007/427/10
f 9007/427/25 9004/426/25 9011/428/25 9010/429/25
f 9006/399/1 9010/398/1 9011/401/1 9003/473/1
f 9014/470/3 9016/402/3 9013/487/3 9012/488/3
f 9015/473/29 9023/489/29 9016/402/29 9014/470/29
f 9014/394/24 9017/395/24 9018/396/24 9015/397/24
f 9022/451/30 9018/399/30 9017/391/30 9019/411/30
f 9020/413/4 9021/490/4 9019/411/4 9017/391/4
f 9021/491/10 9013/440/10 9016/441/10 9019/478/10
f 9019/478/25 9016/441/25 9023/479/25 9022/429/25
f 9018/399/1 9022/451/1 9023/489/1 9015/473/1
f 9026/492/3 9028/412/3 9025/493/3 9024/494/3
f 9027/512/29 9035/496/29 9028/412/29 9026/492/29
f 9026/414/24 9029/495/24 9030/482/24 9027/512/24
f 9034/400/30 9030/497/30 9029/421/30 9031/430/30
f 9032/404/4 9033/405/4 9031/430/4 9029/421/4
f 9033/498/10 9025/499/10 9028/500/10 9031/501/10
f 9031/501/25 9028/500/25 9035/502/25 9034/503/25
f 9030/497/1 9034/400/1 9035/496/1 9027/512/1
f 9036/578/3 9037/579/3 9039/580/3 9038/581/3
f 9041/327/1 9044/326/1 9043/330/1 9040/331/1
f 9043/330/1 9045/329/1 9042/328/1 9040/331/1
f 9048/270/31 9046/273/31 9043/298/31 9044/299/31
f 9045/286/4 9043/287/4 9046/288/4 9047/289/4
f 9048/270/1 9049/271/1 9047/272/1 9046/273/1
f 9044/292/3 9050/293/3 9049/294/3 9048/295/3
f 9050/302/32 9045/303/32 9047/272/32 9049/271/32
f 9042/328/1 9045/329/1 9050/325/1 9052/324/1
f 9063/323/1 9051/321/1 9050/325/1 9044/326/1
f 9051/321/1 9053/320/1 9052/324/1 9050/325/1
f 9053/320/1 9051/321/1 9056/317/1 9054/316/1
f 9058/309/1 9055/308/1 9054/316/1 9056/317/1
f 9056/304/32 9051/305/32 9061/276/32 9059/275/32
f 9068/315/1 9058/309/1 9056/317/1 9057/318/1
f 9057/286/3 9056/290/3 9059/288/3 9060/291/3
f 9060/274/1 9059/275/1 9061/276/1 9062/277/1
f 9051/286/4 9063/287/4 9062/288/4 9061/289/4
f 9060/274/31 9062/277/31 9063/296/31 9057/297/31
f 9064/322/1 9065/319/1 9057/318/1 9063/323/1
f 9064/322/1 9063/323/1 9044/326/1 9041/327/1
f 9066/314/1 9068/315/1 9057/318/1 9065/319/1
f 9066/314/1 9067/312/1 9069/313/1 9068/315/1
f 9072/278/31 9070/281/31 9068/300/31 9069/301/31
f 9058/286/4 9068/287/4 9070/288/4 9071/289/4
f 9072/278/1 9073/279/1 9071/280/1 9070/281/1
f 9069/282/3 9074/283/3 9073/284/3 9072/285/3
f 9074/306/32 9058/307/32 9071/280/32 9073/279/32
f 9055/308/1 9058/309/1 9074/310/1 9075/311/1
f 9067/312/1 9075/311/1 9074/310/1 9069/313/1
f 9078/390/3 9080/391/3 9077/392/3 9076/393/3
f 9079/398/29 9087/399/29 9080/391/29 9078/390/29
f 9078/394/24 9081/395/24 9082/396/24 9079/397/24
f 9086/400/30 9082/401/30 9081/402/30 9083/403/30
f 9084/404/4 9085/405/4 9083/403/4 9081/402/4
f 9085/268/10 9077/406/10 9080/407/10 9083/408/10
f 9083/408/25 9080/407/25 9087/409/25 9086/410/25
f 9082/401/1 9086/400/1 9087/399/1 9079/398/1
f 9090/411/3 9092/412/3 9089/413/3 9088/393/3
f 9091/474/29 9099/418/29 9092/412/29 9090/411/29
f 9090/414/24 9093/415/24 9094/416/24 9091/474/24
f 9098/419/30 9094/420/30 9093/421/30 9095/403/30
f 9096/422/4 9097/423/4 9095/403/4 9093/421/4
f 9097/424/10 9089/425/10 9092/426/10 9095/427/10
f 9095/427/25 9092/426/25 9099/428/25 9098/429/25
f 9094/420/1 9098/419/1 9099/418/1 9091/474/1
f 9102/430/3 9104/402/3 9101/431/3 9100/432/3
f 9103/434/29 9111/435/29 9104/402/29 9102/430/29
f 9102/394/24 9105/433/24 9106/254/24 9103/397/24
f 9110/398/30 9106/436/30 9105/391/30 9107/437/30
f 9108/438/4 9109/393/4 9107/437/4 9105/391/4
f 9109/439/10 9101/440/10 9104/441/10 9107/442/10
f 9107/442/25 9104/441/25 9111/443/25 9110/444/25
f 9106/436/1 9110/398/1 9111/435/1 9103/434/1
f 9114/445/3 9116/446/3 9113/447/3 9112/448/3
f 9115/449/29 9123/450/29 9116/446/29 9114/445/29
f 9114/394/24 9117/433/24 9118/396/24 9115/397/24
f 9122/451/30 9118/452/30 9117/412/30 9119/453/30
f 9120/454/4 9121/455/4 9119/453/4 9117/412/4
f 9121/456/10 9113/457/10 9116/458/10 9119/459/10
f 9119/459/25 9116/458/25 9123/460/25 9122/461/25
f 9118/452/1 9122/451/1 9123/450/1 9115/449/1
f 9128/594/10 9127/595/10 9133/596/10 9132/571/10
f 9124/589/3 9125/590/3 9132/591/3 9131/592/3
f 9129/597/10 9128/594/10 9132/571/10
f 9126/598/10 9130/575/10 9133/596/10
f 9127/595/10 9126/598/10 9133/596/10
f 9125/572/10 9129/597/10 9132/571/10
f 9135/327/1 9138/326/1 9137/330/1 9134/331/1
f 9137/330/1 9139/329/1 9136/328/1 9134/331/1
f 9142/270/31 9140/273/31 9137/298/31 9138/299/31
f 9139/286/4 9137/287/4 9140/288/4 9141/289/4
f 9142/270/1 9143/271/1 9141/272/1 9140/273/1
f 9138/292/3 9144/293/3 9143/294/3 9142/295/3
f 9144/302/32 9139/303/32 9141/272/32 9143/271/32
f 9136/328/1 9139/329/1 9144/325/1 9146/324/1
f 9157/323/1 9145/321/1 9144/325/1 9138/326/1
f 9145/321/1 9147/320/1 9146/324/1 9144/325/1
f 9147/320/1 9145/321/1 9150/317/1 9148/316/1
f 9152/309/1 9149/308/1 9148/316/1 9150/317/1
f 9150/304/32 9145/305/32 9155/276/32 9153/275/32
f 9162/315/1 9152/309/1 9150/317/1 9151/318/1
f 9151/286/3 9150/290/3 9153/288/3 9154/291/3
f 9154/274/1 9153/275/1 9155/276/1 9156/277/1
f 9145/286/4 9157/287/4 9156/288/4 9155/289/4
f 9154/274/31 9156/277/31 9157/296/31 9151/297/31
f 9158/322/1 9159/319/1 9151/318/1 9157/323/1
f 9158/322/1 9157/323/1 9138/326/1 9135/327/1
f 9160/314/1 9162/315/1 9151/318/1 9159/319/1
f 9160/314/1 9161/312/1 9163/313/1 9162/315/1
f 9166/278/31 9164/281/31 9162/300/31 9163/301/31
f 9152/286/4 9162/287/4 9164/288/4 9165/289/4
f 9166/278/1 9167/279/1 9165/280/1 9164/281/1
f 9163/282/3 9168/283/3 9167/284/3 9166/285/3
f 9168/306/32 9152/307/32 9165/280/32 9167/279/32
f 9149/308/1 9152/309/1 9168/310/1 9169/311/1
f 9161/312/1 9169/311/1 9168/310/1 9163/313/1
f 9172/390/3 9174/391/3 9171/392/3 9170/393/3
f 9173/398/29 9181/399/29 9174/391/29 9172/390/29
f 9172/394/24 9175/395/24 9176/396/24 9173/397/24
f 9180/400/30 9176/401/30 9175/402/30 9177/403/30
f 9178/404/4 9179/405/4 9177/403/4 9175/402/4
f 9179/268/10 9171/406/10 9174/407/10 9177/408/10
f 9177/408/25 9174/407/25 9181/409/25 9180/410/25
f 9176/401/1 9180/400/1 9181/399/1 9173/398/1
f 9184/411/3 9186/412/3 9183/413/3 9182/393/3
f 9185/474/29 9193/418/29 9186/412/29 9184/411/29
f 9184/414/24 9187/415/24 9188/416/24 9185/474/24
f 9192/419/30 9188/420/30 9187/421/30 9189/403/30
f 9190/422/4 9191/423/4 9189/403/4 9187/421/4
f 9191/424/10 9183/425/10 9186/426/10 9189/427/10
f 9189/427/25 9186/426/25 9193/428/25 9192/429/25
f 9188/420/1 9192/419/1 9193/418/1 9185/474/1
f 9196/430/3 9198/402/3 9195/431/3 9194/432/3
f 9197/434/29 9205/435/29 9198/402/29 9196/430/29
f 9196/394/24 9199/433/24 9200/254/24 9197/397/24
f 9204/398/30 9200/436/30 9199/391/30 9201/437/30
f 9202/438/4 9203/393/4 9201/437/4 9199/391/4
f 9203/439/10 9195/440/10 9198/441/10 9201/442/10
f 9201/442/25 9198/441/25 9205/443/25 9204/444/25
f 9200/436/1 9204/398/1 9205/435/1 9197/434/1
f 9208/445/3 9210/446/3 9207/447/3 9206/448/3
f 9209/449/29 9217/450/29 9210/446/29 9208/445/29
f 9208/394/24 9211/433/24 9212/396/24 9209/397/24
f 9216/451/30 9212/452/30 9211/412/30 9213/453/30
f 9214/454/4 9215/455/4 9213/453/4 9211/412/4
f 9215/456/10 9207/457/10 9210/458/10 9213/459/10
f 9213/459/25 9210/458/25 9217/460/25 9216/461/25
f 9212/452/1 9216/451/1 9217/450/1 9209/449/1
f 9219/522/4 9218/523/4 9220/520/4 9221/521/4
f 9223/327/1 9226/326/1 9225/330/1 9222/331/1
f 9225/330/1 9227/329/1 9224/328/1 9222/331/1
f 9230/270/31 9228/273/31 9225/298/31 9226/299/31
f 9227/286/4 9225/287/4 9228/288/4 9229/289/4
f 9230/270/1 9231/271/1 9229/272/1 9228/273/1
f 9226/292/3 9232/293/3 9231/294/3 9230/295/3
f 9232/302/32 9227/303/32 9229/272/32 9231/271/32
f 9224/328/1 9227/329/1 9232/325/1 9234/324/1
f 9245/323/1 9233/321/1 9232/325/1 9226/326/1
f 9233/321/1 9235/320/1 9234/324/1 9232/325/1
f 9235/320/1 9233/321/1 9238/317/1 9236/316/1
f 9240/309/1 9237/308/1 9236/316/1 9238/317/1
f 9238/304/32 9233/305/32 9243/276/32 9241/275/32
f 9250/315/1 9240/309/1 9238/317/1 9239/318/1
f 9239/286/3 9238/290/3 9241/288/3 9242/291/3
f 9242/274/1 9241/275/1 9243/276/1 9244/277/1
f 9233/286/4 9245/287/4 9244/288/4 9243/289/4
f 9242/274/31 9244/277/31 9245/296/31 9239/297/31
f 9246/322/1 9247/319/1 9239/318/1 9245/323/1
f 9246/322/1 9245/323/1 9226/326/1 9223/327/1
f 9248/314/1 9250/315/1 9239/318/1 9247/319/1
f 9248/314/1 9249/312/1 9251/313/1 9250/315/1
f 9254/278/31 9252/281/31 9250/300/31 9251/301/31
f 9240/286/4 9250/287/4 9252/288/4 9253/289/4
f 9254/278/1 9255/279/1 9253/280/1 9252/281/1
f 9251/282/3 9256/283/3 9255/284/3 9254/285/3
f 9256/306/32 9240/307/32 9253/280/32 9255/279/32
f 9237/308/1 9240/309/1 9256/310/1 9257/311/1
f 9249/312/1 9257/311/1 9256/310/1 9251/313/1
f 9260/390/3 9262/391/3 9259/392/3 9258/393/3
f 9261/398/29 9269/399/29 9262/391/29 9260/390/29
f 9260/394/24 9263/395/24 9264/396/24 9261/397/24
f 9268/400/30 9264/401/30 9263/402/30 9265/403/30
f 9266/404/4 9267/405/4 9265/403/4 9263/402/4
f 9267/268/10 9259/406/10 9262/407/10 9265/408/10
f 9265/408/25 9262/407/25 9269/409/25 9268/410/25
f 9264/401/1 9268/400/1 9269/399/1 9261/398/1
f 9272/411/3 9274/412/3 9271/413/3 9270/393/3
f 9273/474/29 9281/418/29 9274/412/29 9272/411/29
f 9272/414/24 9275/415/24 9276/416/24 9273/474/24
f 9280/419/30 9276/420/30 9275/421/30 9277/403/30
f 9278/422/4 9279/423/4 9277/403/4 9275/421/4
f 9279/424/10 9271/425/10 9274/426/10 9277/427/10
f 9277/427/25 9274/426/25 9281/428/25 9280/429/25
f 9276/420/1 9280/419/1 9281/418/1 9273/474/1
f 9284/430/3 9286/402/3 9283/431/3 9282/432/3
f 9285/434/29 9293/435/29 9286/402/29 9284/430/29
f 9284/394/24 9287/433/24 9288/254/24 9285/397/24
f 9292/398/30 9288/436/30 9287/391/30 9289/437/30
f 9290/438/4 9291/393/4 9289/437/4 9287/391/4
f 9291/439/10 9283/440/10 9286/441/10 9289/442/10
f 9289/442/25 9286/441/25 9293/443/25 9292/444/25
f 9288/436/1 9292/398/1 9293/435/1 9285/434/1
f 9296/445/3 9298/446/3 9295/447/3 9294/448/3
f 9297/449/29 9305/450/29 9298/446/29 9296/445/29
f 9296/394/24 9299/433/24 9300/396/24 9297/397/24
f 9304/451/30 9300/452/30 9299/412/30 9301/453/30
f 9302/454/4 9303/455/4 9301/453/4 9299/412/4
f 9303/456/10 9295/457/10 9298/458/10 9301/459/10
f 9301/459/25 9298/458/25 9305/460/25 9304/461/25
f 9300/452/1 9304/451/1 9305/450/1 9297/449/1
f 9308/513/10 9307/514/10 9313/515/10
f 9306/516/10 9310/517/10 9312/518/10
f 9309/519/10 9308/513/10 9313/515/10 9312/518/10
f 9307/514/10 9311/524/10 9313/515/10
f 9310/517/10 9309/519/10 9312/518/10
f 9315/327/1 9318/326/1 9317/330/1 9314/331/1
f 9317/330/1 9319/329/1 9316/328/1 9314/331/1
f 9322/270/31 9320/273/31 9317/298/31 9318/299/31
f 9319/286/4 9317/287/4 9320/288/4 9321/289/4
f 9322/270/1 9323/271/1 9321/272/1 9320/273/1
f 9318/292/3 9324/293/3 9323/294/3 9322/295/3
f 9324/302/32 9319/303/32 9321/272/32 9323/271/32
f 9316/328/1 9319/329/1 9324/325/1 9326/324/1
f 9337/323/1 9325/321/1 9324/325/1 9318/326/1
f 9325/321/1 9327/320/1 9326/324/1 9324/325/1
f 9327/320/1 9325/321/1 9330/317/1 9328/316/1
f 9332/309/1 9329/308/1 9328/316/1 9330/317/1
f 9330/304/32 9325/305/32 9335/276/32 9333/275/32
f 9342/315/1 9332/309/1 9330/317/1 9331/318/1
f 9331/286/3 9330/290/3 9333/288/3 9334/291/3
f 9334/274/1 9333/275/1 9335/276/1 9336/277/1
f 9325/286/4 9337/287/4 9336/288/4 9335/289/4
f 9334/274/31 9336/277/31 9337/296/31 9331/297/31
f 9338/322/1 9339/319/1 9331/318/1 9337/323/1
f 9338/322/1 9337/323/1 9318/326/1 9315/327/1
f 9340/314/1 9342/315/1 9331/318/1 9339/319/1
f 9340/314/1 9341/312/1 9343/313/1 9342/315/1
f 9346/278/31 9344/281/31 9342/300/31 9343/301/31
f 9332/286/4 9342/287/4 9344/288/4 9345/289/4
f 9346/278/1 9347/279/1 9345/280/1 9344/281/1
f 9343/282/3 9348/283/3 9347/284/3 9346/285/3
f 9348/306/32 9332/307/32 9345/280/32 9347/279/32
f 9329/308/1 9332/309/1 9348/310/1 9349/311/1
f 9341/312/1 9349/311/1 9348/310/1 9343/313/1
f 9352/390/3 9354/391/3 9351/392/3 9350/393/3
f 9353/398/29 9361/399/29 9354/391/29 9352/390/29
f 9352/394/24 9355/395/24 9356/396/24 9353/397/24
f 9360/400/30 9356/401/30 9355/402/30 9357/403/30
f 9358/404/4 9359/405/4 9357/403/4 9355/402/4
f 9359/268/10 9351/406/10 9354/407/10 9357/408/10
f 9357/408/25 9354/407/25 9361/409/25 9360/410/25
f 9356/401/1 9360/400/1 9361/399/1 9353/398/1
f 9364/411/3 9366/412/3 9363/413/3 9362/393/3
f 9365/474/29 9373/418/29 9366/412/29 9364/411/29
f 9364/414/24 9367/415/24 9368/416/24 9365/474/24
f 9372/419/30 9368/420/30 9367/421/30 9369/403/30
f 9370/422/4 9371/423/4 9369/403/4 9367/421/4
f 9371/424/10 9363/425/10 9366/426/10 9369/427/10
f 9369/427/25 9366/426/25 9373/428/25 9372/429/25
f 9368/420/1 9372/419/1 9373/418/1 9365/474/1
f 9376/430/3 9378/402/3 9375/431/3 9374/432/3
f 9377/434/29 9385/435/29 9378/402/29 9376/430/29
f 9376/394/24 9379/433/24 9380/254/24 9377/397/24
f 9384/398/30 9380/436/30 9379/391/30 9381/437/30
f 9382/438/4 9383/393/4 9381/437/4 9379/391/4
f 9383/439/10 9375/440/10 9378/441/10 9381/442/10
f 9381/442/25 9378/441/25 9385/443/25 9384/444/25
f 9380/436/1 9384/398/1 9385/435/1 9377/434/1
f 9388/445/3 9390/446/3 9387/447/3 9386/448/3
f 9389/449/29 9397/450/29 9390/446/29 9388/445/29
f 9388/394/24 9391/433/24 9392/396/24 9389/397/24
f 9396/451/30 9392/452/30 9391/412/30 9393/453/30
f 9394/454/4 9395/455/4 9393/453/4 9391/412/4
f 9395/456/10 9387/457/10 9390/458/10 9393/459/10
f 9393/459/25 9390/458/25 9397/460/25 9396/461/25
f 9392/452/1 9396/451/1 9397/450/1 9389/449/1
f 9398/578/3 9399/579/3 9403/580/3 9402/581/3
f 9401/599/4 9400/600/4 9404/601/4 9405/585/4
f 9407/327/1 9410/326/1 9409/330/1 9406/331/1
f 9409/330/1 9411/329/1 9408/328/1 9406/331/1
f 9414/270/31 9412/273/31 9409/298/31 9410/299/31
f 9411/286/4 9409/287/4 9412/288/4 9413/289/4
f 9414/270/1 9415/271/1 9413/272/1 9412/273/1
f 9410/292/3 9416/293/3 9415/294/3 9414/295/3
f 9416/302/32 9411/303/32 9413/272/32 9415/271/32
f 9408/328/1 9411/329/1 9416/325/1 9418/324/1
f 9429/323/1 9417/321/1 9416/325/1 9410/326/1
f 9417/321/1 9419/320/1 9418/324/1 9416/325/1
f 9419/320/1 9417/321/1 9422/317/1 9420/316/1
f 9424/309/1 9421/308/1 9420/316/1 9422/317/1
f 9422/304/32 9417/305/32 9427/276/32 9425/275/32
f 9434/315/1 9424/309/1 9422/317/1 9423/318/1
f 9423/286/3 9422/290/3 9425/288/3 9426/291/3
f 9426/274/1 9425/275/1 9427/276/1 9428/277/1
f 9417/286/4 9429/287/4 9428/288/4 9427/289/4
f 9426/274/31 9428/277/31 9429/296/31 9423/297/31
f 9430/322/1 9431/319/1 9423/318/1 9429/323/1
f 9430/322/1 9429/323/1 9410/326/1 9407/327/1
f 9432/314/1 9434/315/1 9423/318/1 9431/319/1
f 9432/314/1 9433/312/1 9435/313/1 9434/315/1
f 9438/278/31 9436/281/31 9434/300/31 9435/301/31
f 9424/286/4 9434/287/4 9436/288/4 9437/289/4
f 9438/278/1 9439/279/1 9437/280/1 9436/281/1
f 9435/282/3 9440/283/3 9439/284/3 9438/285/3
f 9440/306/32 9424/307/32 9437/280/32 9439/279/32
f 9421/308/1 9424/309/1 9440/310/1 9441/311/1
f 9433/312/1 9441/311/1 9440/310/1 9435/313/1
f 9444/390/3 9446/391/3 9443/392/3 9442/393/3
f 9445/398/29 9453/399/29 9446/391/29 9444/390/29
f 9444/394/24 9447/395/24 9448/396/24 9445/397/24
f 9452/400/30 9448/401/30 9447/402/30 9449/403/30
f 9450/404/4 9451/405/4 9449/403/4 9447/402/4
f 9451/268/10 9443/406/10 9446/407/10 9449/408/10
f 9449/408/25 9446/407/25 9453/409/25 9452/410/25
f 9448/401/1 9452/400/1 9453/399/1 9445/398/1
f 9456/411/3 9458/412/3 9455/413/3 9454/393/3
f 9457/474/29 9465/418/29 9458/412/29 9456/411/29
f 9456/414/24 9459/415/24 9460/416/24 9457/474/24
f 9464/419/30 9460/420/30 9459/421/30 9461/403/30
f 9462/422/4 9463/423/4 9461/403/4 9459/421/4
f 9463/424/10 9455/425/10 9458/426/10 9461/427/10
f 9461/427/25 9458/426/25 9465/428/25 9464/429/25
f 9460/420/1 9464/419/1 9465/418/1 9457/474/1
f 9468/430/3 9470/402/3 9467/431/3 9466/432/3
f 9469/434/29 9477/435/29 9470/402/29 9468/430/29
f 9468/394/24 9471/433/24 9472/254/24 9469/397/24
f 9476/398/30 9472/436/30 9471/391/30 9473/437/30
f 9474/438/4 9475/393/4 9473/437/4 9471/391/4
f 9475/439/10 9467/440/10 9470/441/10 9473/442/10
f 9473/442/25 9470/441/25 9477/443/25 9476/444/25
f 9472/436/1 9476/398/1 9477/435/1 9469/434/1
f 9480/445/3 9482/446/3 9479/447/3 9478/448/3
f 9481/449/29 9489/450/29 9482/446/29 9480/445/29
f 9480/394/24 9483/433/24 9484/396/24 9481/397/24
f 9488/451/30 9484/452/30 9483/412/30 9485/453/30
f 9486/454/4 9487/455/4 9485/453/4 9483/412/4
f 9487/456/10 9479/457/10 9482/458/10 9485/459/10
f 9485/459/25 9482/458/25 9489/460/25 9488/461/25
f 9484/452/1 9488/451/1 9489/450/1 9481/449/1
f 9490/578/3 9491/579/3 9495/580/3 9494/581/3
f 9493/599/4 9492/600/4 9496/601/4 9497/585/4
f 9499/327/1 9502/326/1 9501/330/1 9498/331/1
f 9501/330/1 9503/329/1 9500/328/1 9498/331/1
f 9506/270/31 9504/273/31 9501/298/31 9502/299/31
f 9503/286/4 9501/287/4 9504/288/4 9505/289/4
f 9506/270/1 9507/271/1 9505/272/1 9504/273/1
f 9502/292/3 9508/293/3 9507/294/3 9506/295/3
f 9508/302/32 9503/303/32 9505/272/32 9507/271/32
f 9500/328/1 9503/329/1 9508/325/1 9510/324/1
f 9521/323/1 9509/321/1 9508/325/1 9502/326/1
f 9509/321/1 9511/320/1 9510/324/1 9508/325/1
f 9511/320/1 9509/321/1 9514/317/1 9512/316/1
f 9516/309/1 9513/308/1 9512/316/1 9514/317/1
f 9514/304/32 9509/305/32 9519/276/32 9517/275/32
f 9526/315/1 9516/309/1 9514/317/1 9515/318/1
f 9515/286/3 9514/290/3 9517/288/3 9518/291/3
f 9518/274/1 9517/275/1 9519/276/1 9520/277/1
f 9509/286/4 9521/287/4 9520/288/4 9519/289/4
f 9518/274/31 9520/277/31 9521/296/31 9515/297/31
f 9522/322/1 9523/319/1 9515/318/1 9521/323/1
f 9522/322/1 9521/323/1 9502/326/1 9499/327/1
f 9524/314/1 9526/315/1 9515/318/1 9523/319/1
f 9524/314/1 9525/312/1 9527/313/1 9526/315/1
f 9530/278/31 9528/281/31 9526/300/31 9527/301/31
f 9516/286/4 9526/287/4 9528/288/4 9529/289/4
f 9530/278/1 9531/279/1 9529/280/1 9528/281/1
f 9527/282/3 9532/283/3 9531/284/3 9530/285/3
f 9532/306/32 9516/307/32 9529/280/32 9531/279/32
f 9513/308/1 9516/309/1 9532/310/1 9533/311/1
f 9525/312/1 9533/311/1 9532/310/1 9527/313/1
f 9536/390/3 9538/391/3 9535/392/3 9534/393/3
f 9537/398/29 9545/399/29 9538/391/29 9536/390/29
f 9536/394/24 9539/395/24 9540/396/24 9537/397/24
f 9544/400/30 9540/401/30 9539/402/30 9541/403/30
f 9542/404/4 9543/405/4 9541/403/4 9539/402/4
f 9543/268/10 9535/406/10 9538/407/10 9541/408/10
f 9541/408/25 9538/407/25 9545/409/25 9544/410/25
f 9540/401/1 9544/400/1 9545/399/1 9537/398/1
f 9548/411/3 9550/412/3 9547/413/3 9546/393/3
f 9549/474/29 9557/418/29 9550/412/29 9548/411/29
f 9548/414/24 9551/415/24 9552/416/24 9549/474/24
f 9556/419/30 9552/420/30 9551/421/30 9553/403/30
f 9554/422/4 9555/423/4 9553/403/4 9551/421/4
f 9555/424/10 9547/425/10 9550/426/10 9553/427/10
f 9553/427/25 9550/426/25 9557/428/25 9556/429/25
f 9552/420/1 9556/419/1 9557/418/1 9549/474/1
f 9560/430/3 9562/402/3 9559/431/3 9558/432/3
f 9561/434/29 9569/435/29 9562/402/29 9560/430/29
f 9560/394/24 9563/433/24 9564/254/24 9561/397/24
f 9568/398/30 9564/436/30 9563/391/30 9565/437/30
f 9566/438/4 9567/393/4 9565/437/4 9563/391/4
f 9567/439/10 9559/440/10 9562/441/10 9565/442/10
f 9565/442/25 9562/441/25 9569/443/25 9568/444/25
f 9564/436/1 9568/398/1 9569/435/1 9561/434/1
f 9572/445/3 9574/446/3 9571/447/3 9570/448/3
f 9573/449/29 9581/450/29 9574/446/29 9572/445/29
f 9572/394/24 9575/433/24 9576/396/24 9573/397/24
f 9580/451/30 9576/452/30 9575/412/30 9577/453/30
f 9578/454/4 9579/455/4 9577/453/4 9575/412/4
f 9579/456/10 9571/457/10 9574/458/10 9577/459/10
f 9577/459/25 9574/458/25 9581/460/25 9580/461/25
f 9576/452/1 9580/451/1 9581/450/1 9573/449/1
f 9582/589/3 9583/590/3 9587/591/3 9586/592/3
f 9585/593/4 9584/582/4 9588/507/4 9589/590/4
f 9591/327/1 9594/326/1 9593/330/1 9590/331/1
f 9593/330/1 9595/329/1 9592/328/1 9590/331/1
f 9598/270/31 9596/273/31 9593/298/31 9594/299/31
f 9595/286/4 9593/287/4 9596/288/4 9597/289/4
f 9598/270/1 9599/271/1 9597/272/1 9596/273/1
f 9594/292/3 9600/293/3 9599/294/3 9598/295/3
f 9600/302/32 9595/303/32 9597/272/32 9599/271/32
f 9592/328/1 9595/329/1 9600/325/1 9602/324/1
f 9613/323/1 9601/321/1 9600/325/1 9594/326/1
f 9601/321/1 9603/320/1 9602/324/1 9600/325/1
f 9603/320/1 9601/321/1 9606/317/1 9604/316/1
f 9608/309/1 9605/308/1 9604/316/1 9606/317/1
f 9606/304/32 9601/305/32 9611/276/32 9609/275/32
f 9618/315/1 9608/309/1 9606/317/1 9607/318/1
f 9607/286/3 9606/290/3 9609/288/3 9610/291/3
f 9610/274/1 9609/275/1 9611/276/1 9612/277/1
f 9601/286/4 9613/287/4 9612/288/4 9611/289/4
f 9610/274/31 9612/277/31 9613/296/31 9607/297/31
f 9614/322/1 9615/319/1 9607/318/1 9613/323/1
f 9614/322/1 9613/323/1 9594/326/1 9591/327/1
f 9616/314/1 9618/315/1 9607/318/1 9615/319/1
f 9616/314/1 9617/312/1 9619/313/1 9618/315/1
f 9622/278/31 9620/281/31 9618/300/31 9619/301/31
f 9608/286/4 9618/287/4 9620/288/4 9621/289/4
f 9622/278/1 9623/279/1 9621/280/1 9620/281/1
f 9619/282/3 9624/283/3 9623/284/3 9622/285/3
f 9624/306/32 9608/307/32 9621/280/32 9623/279/32
f 9605/308/1 9608/309/1 9624/310/1 9625/311/1
f 9617/312/1 9625/311/1 9624/310/1 9619/313/1
f 9628/390/3 9630/391/3 9627/392/3 9626/393/3
f 9629/398/29 9637/399/29 9630/391/29 9628/390/29
f 9628/394/24 9631/395/24 9632/396/24 9629/397/24
f 9636/400/30 9632/401/30 9631/402/30 9633/403/30
f 9634/404/4 9635/405/4 9633/403/4 9631/402/4
f 9635/268/10 9627/406/10 9630/407/10 9633/408/10
f 9633/408/25 9630/407/25 9637/409/25 9636/410/25
f 9632/401/1 9636/400/1 9637/399/1 9629/398/1
f 9640/411/3 9642/412/3 9639/413/3 9638/393/3
f 9641/474/29 9649/418/29 9642/412/29 9640/411/29
f 9640/414/24 9643/415/24 9644/416/24 9641/474/24
f 9648/419/30 9644/420/30 9643/421/30 9645/403/30
f 9646/422/4 9647/423/4 9645/403/4 9643/421/4
f 9647/424/10 9639/425/10 9642/426/10 9645/427/10
f 9645/427/25 9642/426/25 9649/428/25 9648/429/25
f 9644/420/1 9648/419/1 9649/418/1 9641/474/1
f 9652/430/3 9654/402/3 9651/431/3 9650/432/3
f 9653/434/29 9661/435/29 9654/402/29 9652/430/29
f 9652/394/24 9655/433/24 9656/254/24 9653/397/24
f 9660/398/30 9656/436/30 9655/391/30 9657/437/30
f 9658/438/4 9659/393/4 9657/437/4 9655/391/4
f 9659/439/10 9651/440/10 9654/441/10 9657/442/10
f 9657/442/25 9654/441/25 9661/443/25 9660/444/25
f 9656/436/1 9660/398/1 9661/435/1 9653/434/1
f 9664/445/3 9666/446/3 9663/447/3 9662/448/3
f 9665/449/29 9673/450/29 9666/446/29 9664/445/29
f 9664/394/24 9667/433/24 9668/396/24 9665/397/24
f 9672/451/30 9668/452/30 9667/412/30 9669/453/30
f 9670/454/4 9671/455/4 9669/453/4 9667/412/4
f 9671/456/10 9663/457/10 9666/458/10 9669/459/10
f 9669/459/25 9666/458/25 9673/460/25 9672/461/25
f 9668/452/1 9672/451/1 9673/450/1 9665/449/1
f 9675/599/4 9674/600/4 9676/601/4 9677/585/4
f 9679/327/1 9682/326/1 9681/330/1 9678/331/1
f 9681/330/1 9683/329/1 9680/328/1 9678/331/1
f 9686/270/31 9684/273/31 9681/298/31 9682/299/31
f 9683/286/4 9681/287/4 9684/288/4 9685/289/4
f 9686/270/1 9687/271/1 9685/272/1 9684/273/1
f 9682/292/3 9688/293/3 9687/294/3 9686/295/3
f 9688/302/32 9683/303/32 9685/272/32 9687/271/32
f 9680/328/1 9683/329/1 9688/325/1 9690/324/1
f 9701/323/1 9689/321/1 9688/325/1 9682/326/1
f 9689/321/1 9691/320/1 9690/324/1 9688/325/1
f 9691/320/1 9689/321/1 9694/317/1 9692/316/1
f 9696/309/1 9693/308/1 9692/316/1 9694/317/1
f 9694/304/32 9689/305/32 9699/276/32 9697/275/32
f 9706/315/1 9696/309/1 9694/317/1 9695/318/1
f 9695/286/3 9694/290/3 9697/288/3 9698/291/3
f 9698/274/1 9697/275/1 9699/276/1 9700/277/1
f 9689/286/4 9701/287/4 9700/288/4 9699/289/4
f 9698/274/31 9700/277/31 9701/296/31 9695/297/31
f 9702/322/1 9703/319/1 9695/318/1 9701/323/1
f 9702/322/1 9701/323/1 9682/326/1 9679/327/1
f 9704/314/1 9706/315/1 9695/318/1 9703/319/1
f 9704/314/1 9705/312/1 9707/313/1 9706/315/1
f 9710/278/31 9708/281/31 9706/300/31 9707/301/31
f 9696/286/4 9706/287/4 9708/288/4 9709/289/4
f 9710/278/1 9711/279/1 9709/280/1 9708/281/1
f 9707/282/3 9712/283/3 9711/284/3 9710/285/3
f 9712/306/32 9696/307/32 9709/280/32 9711/279/32
f 9693/308/1 9696/309/1 9712/310/1 9713/311/1
f 9705/312/1 9713/311/1 9712/310/1 9707/313/1
f 9716/390/3 9718/391/3 9715/392/3 9714/393/3
f 9717/398/29 9725/399/29 9718/391/29 9716/390/29
f 9716/394/24 9719/395/24 9720/396/24 9717/397/24
f 9724/400/30 9720/401/30 9719/402/30 9721/403/30
f 9722/404/4 9723/405/4 9721/403/4 9719/402/4
f 9723/268/10 9715/406/10 9718/407/10 9721/408/10
f 9721/408/25 9718/407/25 9725/409/25 9724/410/25
f 9720/401/1 9724/400/1 9725/399/1 9717/398/1
f 9728/411/3 9730/412/3 9727/413/3 9726/393/3
f 9729/474/29 9737/418/29 9730/412/29 9728/411/29
f 9728/414/24 9731/415/24 9732/416/24 9729/474/24
f 9736/419/30 9732/420/30 9731/421/30 9733/403/30
f 9734/422/4 9735/423/4 9733/403/4 9731/421/4
f 9735/424/10 9727/425/10 9730/426/10 9733/427/10
f 9733/427/25 9730/426/25 9737/428/25 9736/429/25
f 9732/420/1 9736/419/1 9737/418/1 9729/474/1
f 9740/430/3 9742/402/3 9739/431/3 9738/432/3
f 9741/434/29 9749/435/29 9742/402/29 9740/430/29
f 9740/394/24 9743/433/24 9744/254/24 9741/397/24
f 9748/398/30 9744/436/30 9743/391/30 9745/437/30
f 9746/438/4 9747/393/4 9745/437/4 9743/391/4
f 9747/439/10 9739/440/10 9742/441/10 9745/442/10
f 9745/442/25 9742/441/25 9749/443/25 9748/444/25
f 9744/436/1 9748/398/1 9749/435/1 9741/434/1
f 9752/445/3 9754/446/3 9751/447/3 9750/448/3
f 9753/449/29 9761/450/29 9754/446/29 9752/445/29
f 9752/394/24 9755/433/24 9756/396/24 9753/397/24
f 9760/451/30 9756/452/30 9755/412/30 9757/453/30
f 9758/454/4 9759/455/4 9757/453/4 9755/412/4
f 9759/456/10 9751/457/10 9754/458/10 9757/459/10
f 9757/459/25 9754/458/25 9761/460/25 9760/461/25
f 9756/452/1 9760/451/1 9761/450/1 9753/449/1
f 9763/582/4 9768/468/4 9769/583/4 9765/584/4
f 9764/504/3 9766/505/3 9767/506/3 9762/507/3
f 9770/466/1 9772/467/1 9773/468/1 9771/469/1
f 9776/470/3 9778/421/3 9775/404/3 9774/405/3
f 9777/473/29 9785/401/29 9778/421/29 9776/470/29
f 9776/433/24 9779/471/24 9780/472/24 9777/417/24
f 9784/474/30 9780/452/30 9779/412/30 9781/475/30
f 9782/476/4 9783/477/4 9781/475/4 9779/412/4
f 9783/439/10 9775/440/10 9778/441/10 9781/478/10
f 9781/478/25 9778/441/25 9785/479/25 9784/480/25
f 9780/452/1 9784/474/1 9785/401/1 9777/473/1
f 9788/430/3 9790/421/3 9787/481/3 9786/432/3
f 9789/473/29 9797/401/29 9790/421/29 9788/430/29
f 9788/414/24 9791/415/24 9792/482/24 9789/483/24
f 9796/398/30 9792/399/30 9791/484/30 9793/485/30
f 9794/413/4 9795/477/4 9793/485/4 9791/484/4
f 9795/486/10 9787/425/10 9790/426/10 9793/427/10
f 9793/427/25 9790/426/25 9797/428/25 9796/429/25
f 9792/399/1 9796/398/1 9797/401/1 9789/473/1
f 9800/470/3 9802/402/3 9799/487/3 9798/488/3
f 9801/473/29 9809/489/29 9802/402/29 9800/470/29
f 9800/394/24 9803/395/24 9804/396/24 9801/397/24
f 9808/451/30 9804/399/30 9803/391/30 9805/411/30
f 9806/413/4 9807/490/4 9805/411/4 9803/391/4
f 9807/491/10 9799/440/10 9802/441/10 9805/478/10
f 9805/478/25 9802/441/25 9809/479/25 9808/429/25
f 9804/399/1 9808/451/1 9809/489/1 9801/473/1
f 9812/492/3 9814/412/3 9811/493/3 9810/494/3
f 9813/512/29 9821/496/29 9814/412/29 9812/492/29
f 9812/414/24 9815/495/24 9816/482/24 9813/512/24
f 9820/400/30 9816/497/30 9815/421/30 9817/430/30
f 9818/404/4 9819/405/4 9817/430/4 9815/421/4
f 9819/498/10 9811/499/10 9814/500/10 9817/501/10
f 9817/501/25 9814/500/25 9821/502/25 9820/503/25
f 9816/497/1 9820/400/1 9821/496/1 9813/512/1
f 9823/602/3 9825/603/3 9824/604/3 9822/605/3
f 9829/606/4 9827/601/4 9826/607/4 9828/599/4
f 9830/466/1 9832/467/1 9833/468/1 9831/469/1
f 9836/470/3 9838/421/3 9835/404/3 9834/405/3
f 9837/473/29 9845/401/29 9838/421/29 9836/470/29
f 9836/433/24 9839/471/24 9840/472/24 9837/417/24
f 9844/474/30 9840/452/30 9839/412/30 9841/475/30
f 9842/476/4 9843/477/4 9841/475/4 9839/412/4
f 9843/439/10 9835/440/10 9838/441/10 9841/478/10
f 9841/478/25 9838/441/25 9845/479/25 9844/480/25
f 9840/452/1 9844/474/1 9845/401/1 9837/473/1
f 9848/430/3 9850/421/3 9847/481/3 9846/432/3
f 9849/473/29 9857/401/29 9850/421/29 9848/430/29
f 9848/414/24 9851/415/24 9852/482/24 9849/483/24
f 9856/398/30 9852/399/30 9851/484/30 9853/485/30
f 9854/413/4 9855/477/4 9853/485/4 9851/484/4
f 9855/486/10 9847/425/10 9850/426/10 9853/427/10
f 9853/427/25 9850/426/25 9857/428/25 9856/429/25
f 9852/399/1 9856/398/1 9857/401/1 9849/473/1
f 9860/470/3 9862/402/3 9859/487/3 9858/488/3
f 9861/473/29 9869/489/29 9862/402/29 9860/470/29
f 9860/394/24 9863/395/24 9864/396/24 9861/397/24
f 9868/451/30 9864/399/30 9863/391/30 9865/411/30
f 9866/413/4 9867/490/4 9865/411/4 9863/391/4
f 9867/491/10 9859/440/10 9862/441/10 9865/478/10
f 9865/478/25 9862/441/25 9869/479/25 9868/429/25
f 9864/399/1 9868/451/1 9869/489/1 9861/473/1
f 9872/492/3 9874/412/3 9871/493/3 9870/494/3
f 9873/512/29 9881/496/29 9874/412/29 9872/492/29
f 9872/414/24 9875/495/24 9876/482/24 9873/512/24
f 9880/400/30 9876/497/30 9875/421/30 9877/430/30
f 9878/404/4 9879/405/4 9877/430/4 9875/421/4
f 9879/498/10 9871/499/10 9874/500/10 9877/501/10
f 9877/501/25 9874/500/25 9881/502/25 9880/503/25
f 9876/497/1 9880/400/1 9881/496/1 9873/512/1
f 9883/602/3 9885/603/3 9884/604/3 9882/605/3
f 9889/606/4 9887/601/4 9886/607/4 9888/599/4
f 9890/466/1 9892/467/1 9893/468/1 9891/469/1
f 9896/470/3 9898/421/3 9895/404/3 9894/405/3
f 9897/473/29 9905/401/29 9898/421/29 9896/470/29
f 9896/433/24 9899/471/24 9900/472/24 9897/417/24
f 9904/474/30 9900/452/30 9899/412/30 9901/475/30
f 9902/476/4 9903/477/4 9901/475/4 9899/412/4
f 9903/439/10 9895/440/10 9898/441/10 9901/478/10
f 9901/478/25 9898/441/25 9905/479/25 9904/480/25
f 9900/452/1 9904/474/1 9905/401/1 9897/473/1
f 9908/430/3 9910/421/3 9907/481/3 9906/432/3
f 9909/473/29 9917/401/29 9910/421/29 9908/430/29
f 9908/414/24 9911/415/24 9912/482/24 9909/483/24
f 9916/398/30 9912/399/30 9911/484/30 9913/485/30
f 9914/413/4 9915/477/4 9913/485/4 9911/484/4
f 9915/486/10 9907/425/10 9910/426/10 9913/427/10
f 9913/427/25 9910/426/25 9917/428/25 9916/429/25
f 9912/399/1 9916/398/1 9917/401/1 9909/473/1
f 9920/470/3 9922/402/3 9919/487/3 9918/488/3
f 9921/473/29 9929/489/29 9922/402/29 9920/470/29
f 9920/394/24 9923/395/24 9924/396/24 9921/397/24
f 9928/451/30 9924/399/30 9923/391/30 9925/411/30
f 9926/413/4 9927/490/4 9925/411/4 9923/391/4
f 9927/491/10 9919/440/10 9922/441/10 9925/478/10
f 9925/478/25 9922/441/25 9929/479/25 9928/429/25
f 9924/399/1 9928/451/1 9929/489/1 9921/473/1
f 9932/492/3 9934/412/3 9931/493/3 9930/494/3
f 9933/512/29 9941/496/29 9934/412/29 9932/492/29
f 9932/414/24 9935/495/24 9936/482/24 9933/512/24
f 9940/400/30 9936/497/30 9935/421/30 9937/430/30
f 9938/404/4 9939/405/4 9937/430/4 9935/421/4
f 9939/498/10 9931/499/10 9934/500/10 9937/501/10
f 9937/501/25 9934/500/25 9941/502/25 9940/503/25
f 9936/497/1 9940/400/1 9941/496/1 9933/512/1
f 9943/596/10 9948/960/10 9951/575/10
f 9947/961/10 9946/962/10 9953/963/10 9951/575/10
f 9942/578/3 9943/579/3 9951/580/3 9950/581/3
f 9945/964/10 9949/965/10 9953/963/10
f 9948/960/10 9947/961/10 9951/575/10
f 9949/599/4 9944/600/4 9952/601/4 9953/585/4
f 9946/962/10 9945/964/10 9953/963/10
f 9955/327/1 9958/326/1 9957/330/1 9954/331/1
f 9957/330/1 9959/329/1 9956/328/1 9954/331/1
f 9962/270/31 9960/273/31 9957/298/31 9958/299/31
f 9959/286/4 9957/287/4 9960/288/4 9961/289/4
f 9962/270/1 9963/271/1 9961/272/1 9960/273/1
f 9958/292/3 9964/293/3 9963/294/3 9962/295/3
f 9964/302/32 9959/303/32 9961/272/32 9963/271/32
f 9956/328/1 9959/329/1 9964/325/1 9966/324/1
f 9977/323/1 9965/321/1 9964/325/1 9958/326/1
f 9965/321/1 9967/320/1 9966/324/1 9964/325/1
f 9967/320/1 9965/321/1 9970/317/1 9968/316/1
f 9972/309/1 9969/308/1 9968/316/1 9970/317/1
f 9970/304/32 9965/305/32 9975/276/32 9973/275/32
f 9982/315/1 9972/309/1 9970/317/1 9971/318/1
f 9971/286/3 9970/290/3 9973/288/3 9974/291/3
f 9974/274/1 9973/275/1 9975/276/1 9976/277/1
f 9965/286/4 9977/287/4 9976/288/4 9975/289/4
f 9974/274/31 9976/277/31 9977/296/31 9971/297/31
f 9978/322/1 9979/319/1 9971/318/1 9977/323/1
f 9978/322/1 9977/323/1 9958/326/1 9955/327/1
f 9980/314/1 9982/315/1 9971/318/1 9979/319/1
f 9980/314/1 9981/312/1 9983/313/1 9982/315/1
f 9986/278/31 9984/281/31 9982/300/31 9983/301/31
f 9972/286/4 9982/287/4 9984/288/4 9985/289/4
f 9986/278/1 9987/279/1 9985/280/1 9984/281/1
f 9983/282/3 9988/283/3 9987/284/3 9986/285/3
f 9988/306/32 9972/307/32 9985/280/32 9987/279/32
f 9969/308/1 9972/309/1 9988/310/1 9989/311/1
f 9981/312/1 9989/311/1 9988/310/1 9983/313/1
f 9992/390/3 9994/391/3 9991/392/3 9990/393/3
f 9993/398/29 10001/399/29 9994/391/29 9992/390/29
f 9992/394/24 9995/395/24 9996/396/24 9993/397/24
f 10000/400/30 9996/401/30 9995/402/30 9997/403/30
f 9998/404/4 9999/405/4 9997/403/4 9995/402/4
f 9999/268/10 9991/406/10 9994/407/10 9997/408/10
f 9997/408/25 9994/407/25 10001/409/25 10000/410/25
f 9996/401/1 10000/400/1 10001/399/1 9993/398/1
f 10004/411/3 10006/412/3 10003/413/3 10002/393/3
f 10005/474/29 10013/418/29 10006/412/29 10004/411/29
f 10004/414/24 10007/415/24 10008/416/24 10005/474/24
f 10012/419/30 10008/420/30 10007/421/30 10009/403/30
f 10010/422/4 10011/423/4 10009/403/4 10007/421/4
f 10011/424/10 10003/425/10 10006/426/10 10009/427/10
f 10009/427/25 10006/426/25 10013/428/25 10012/429/25
f 10008/420/1 10012/419/1 10013/418/1 10005/474/1
f 10016/430/3 10018/402/3 10015/431/3 10014/432/3
f 10017/434/29 10025/435/29 10018/402/29 10016/430/29
f 10016/394/24 10019/433/24 10020/254/24 10017/397/24
f 10024/398/30 10020/436/30 10019/391/30 10021/437/30
f 10022/438/4 10023/393/4 10021/437/4 10019/391/4
f 10023/439/10 10015/440/10 10018/441/10 10021/442/10
f 10021/442/25 10018/441/25 10025/443/25 10024/444/25
f 10020/436/1 10024/398/1 10025/435/1 10017/434/1
f 10028/445/3 10030/446/3 10027/447/3 10026/448/3
f 10029/449/29 10037/450/29 10030/446/29 10028/445/29
f 10028/394/24 10031/433/24 10032/396/24 10029/397/24
f 10036/451/30 10032/452/30 10031/412/30 10033/453/30
f 10034/454/4 10035/455/4 10033/453/4 10031/412/4
f 10035/456/10 10027/457/10 10030/458/10 10033/459/10
f 10033/459/25 10030/458/25 10037/460/25 10036/461/25
f 10032/452/1 10036/451/1 10037/450/1 10029/449/1
f 10038/466/1 10039/467/1 10041/468/1 10040/469/1
f 10046/473/29 10048/401/29 10049/421/29 10047/470/29
f 10052/474/30 10050/452/30 10051/412/30 10053/475/30
f 10047/433/24 10051/471/24 10050/472/24 10046/417/24
f 10053/478/25 10049/441/25 10048/479/25 10052/480/25
f 10047/470/3 10049/421/3 10043/404/3 10042/405/3
f 10050/452/1 10052/474/1 10048/401/1 10046/473/1
f 10045/439/10 10043/440/10 10049/441/10 10053/478/10
f 10044/476/4 10045/477/4 10053/475/4 10051/412/4
f 10058/473/29 10060/401/29 10061/421/29 10059/430/29
f 10064/398/30 10062/399/30 10063/484/30 10065/485/30
f 10059/414/24 10063/415/24 10062/482/24 10058/483/24
f 10065/427/25 10061/426/25 10060/428/25 10064/429/25
f 10059/430/3 10061/421/3 10055/481/3 10054/432/3
f 10062/399/1 10064/398/1 10060/401/1 10058/473/1
f 10057/486/10 10055/425/10 10061/426/10 10065/427/10
f 10056/413/4 10057/477/4 10065/485/4 10063/484/4
f 10070/473/29 10072/489/29 10073/402/29 10071/470/29
f 10076/451/30 10074/399/30 10075/391/30 10077/411/30
f 10071/394/24 10075/395/24 10074/396/24 10070/397/24
f 10077/478/25 10073/441/25 10072/479/25 10076/429/25
f 10071/470/3 10073/402/3 10067/487/3 10066/488/3
f 10074/399/1 10076/451/1 10072/489/1 10070/473/1
f 10069/491/10 10067/440/10 10073/441/10 10077/478/10
f 10068/413/4 10069/490/4 10077/411/4 10075/391/4
f 10082/512/29 10084/496/29 10085/412/29 10083/492/29
f 10088/400/30 10086/497/30 10087/421/30 10089/430/30
f 10083/414/24 10087/495/24 10086/482/24 10082/512/24
f 10089/501/25 10085/500/25 10084/502/25 10088/503/25
f 10083/492/3 10085/412/3 10079/493/3 10078/494/3
f 10086/497/1 10088/400/1 10084/496/1 10082/512/1
f 10081/498/10 10079/499/10 10085/500/10 10089/501/10
f 10080/404/4 10081/405/4 10089/430/4 10087/421/4
f 10095/525/30 10093/526/30 10094/527/30 10096/528/30
f 10097/529/24 10094/530/24 10093/531/24 10098/532/24
f 10096/533/25 10100/534/25 10099/535/25 10095/536/25
f 10090/537/4 10091/538/4 10096/528/4 10094/527/4
f 10093/526/1 10095/525/1 10099/539/1 10098/540/1
f 10091/541/10 10092/542/10 10100/534/10 10096/533/10
f 10106/525/30 10104/543/30 10105/544/30 10107/545/30
f 10108/529/24 10105/530/24 10104/546/24 10109/532/24
f 10107/372/25 10111/547/25 10110/548/25 10106/549/25
f 10101/550/4 10102/551/4 10107/545/4 10105/544/4
f 10104/543/1 10106/525/1 10110/539/1 10109/552/1
f 10102/553/10 10103/554/10 10111/547/10 10107/372/10
f 10115/555/29 10117/382/29 10118/544/29 10116/376/29
f 10121/360/25 10118/556/25 10117/557/25 10122/363/25
f 10116/368/24 10120/380/24 10119/339/24 10115/355/24
f 10116/376/3 10118/544/3 10113/378/3 10112/558/3
f 10119/539/1 10122/540/1 10117/382/1 10115/555/1
f 10114/364/10 10113/559/10 10118/556/10 10121/360/10
f 10126/560/29 10128/561/29 10129/562/29 10127/563/29
f 10132/564/25 10129/386/25 10128/565/25 10133/566/25
f 10127/368/24 10131/380/24 10130/339/24 10126/355/24
f 10127/563/3 10129/562/3 10124/550/3 10123/551/3
f 10130/567/1 10133/540/1 10128/561/1 10126/560/1
f 10125/389/10 10124/269/10 10129/386/10 10132/564/10
f 10135/593/4 10134/582/4 10136/507/4 10137/590/4
f 10139/327/1 10142/326/1 10141/330/1 10138/331/1
f 10141/330/1 10143/329/1 10140/328/1 10138/331/1
f 10146/270/31 10144/273/31 10141/298/31 10142/299/31
f 10143/286/4 10141/287/4 10144/288/4 10145/289/4
f 10146/270/1 10147/271/1 10145/272/1 10144/273/1
f 10142/292/3 10148/293/3 10147/294/3 10146/295/3
f 10148/302/32 10143/303/32 10145/272/32 10147/271/32
f 10140/328/1 10143/329/1 10148/325/1 10150/324/1
f 10161/323/1 10149/321/1 10148/325/1 10142/326/1
f 10149/321/1 10151/320/1 10150/324/1 10148/325/1
f 10151/320/1 10149/321/1 10154/317/1 10152/316/1
f 10156/309/1 10153/308/1 10152/316/1 10154/317/1
f 10154/304/32 10149/305/32 10159/276/32 10157/275/32
f 10166/315/1 10156/309/1 10154/317/1 10155/318/1
f 10155/286/3 10154/290/3 10157/288/3 10158/291/3
f 10158/274/1 10157/275/1 10159/276/1 10160/277/1
f 10149/286/4 10161/287/4 10160/288/4 10159/289/4
f 10158/274/31 10160/277/31 10161/296/31 10155/297/31
f 10162/322/1 10163/319/1 10155/318/1 10161/323/1
f 10162/322/1 10161/323/1 10142/326/1 10139/327/1
f 10164/314/1 10166/315/1 10155/318/1 10163/319/1
f 10164/314/1 10165/312/1 10167/313/1 10166/315/1
f 10170/278/31 10168/281/31 10166/300/31 10167/301/31
f 10156/286/4 10166/287/4 10168/288/4 10169/289/4
f 10170/278/1 10171/279/1 10169/280/1 10168/281/1
f 10167/282/3 10172/283/3 10171/284/3 10170/285/3
f 10172/306/32 10156/307/32 10169/280/32 10171/279/32
f 10153/308/1 10156/309/1 10172/310/1 10173/311/1
f 10165/312/1 10173/311/1 10172/310/1 10167/313/1
f 10176/390/3 10178/391/3 10175/392/3 10174/393/3
f 10177/398/29 10185/399/29 10178/391/29 10176/390/29
f 10176/394/24 10179/395/24 10180/396/24 10177/397/24
f 10184/400/30 10180/401/30 10179/402/30 10181/403/30
f 10182/404/4 10183/405/4 10181/403/4 10179/402/4
f 10183/268/10 10175/406/10 10178/407/10 10181/408/10
f 10181/408/25 10178/407/25 10185/409/25 10184/410/25
f 10180/401/1 10184/400/1 10185/399/1 10177/398/1
f 10188/411/3 10190/412/3 10187/413/3 10186/393/3
f 10189/474/29 10197/418/29 10190/412/29 10188/411/29
f 10188/414/24 10191/415/24 10192/416/24 10189/474/24
f 10196/419/30 10192/420/30 10191/421/30 10193/403/30
f 10194/422/4 10195/423/4 10193/403/4 10191/421/4
f 10195/424/10 10187/425/10 10190/426/10 10193/427/10
f 10193/427/25 10190/426/25 10197/428/25 10196/429/25
f 10192/420/1 10196/419/1 10197/418/1 10189/474/1
f 10200/430/3 10202/402/3 10199/431/3 10198/432/3
f 10201/434/29 10209/435/29 10202/402/29 10200/430/29
f 10200/394/24 10203/433/24 10204/254/24 10201/397/24
f 10208/398/30 10204/436/30 10203/391/30 10205/437/30
f 10206/438/4 10207/393/4 10205/437/4 10203/391/4
f 10207/439/10 10199/440/10 10202/441/10 10205/442/10
f 10205/442/25 10202/441/25 10209/443/25 10208/444/25
f 10204/436/1 10208/398/1 10209/435/1 10201/434/1
f 10212/445/3 10214/446/3 10211/447/3 10210/448/3
f 10213/449/29 10221/450/29 10214/446/29 10212/445/29
f 10212/394/24 10215/433/24 10216/396/24 10213/397/24
f 10220/451/30 10216/452/30 10215/412/30 10217/453/30
f 10218/454/4 10219/455/4 10217/453/4 10215/412/4
f 10219/456/10 10211/457/10 10214/458/10 10217/459/10
f 10217/459/25 10214/458/25 10221/460/25 10220/461/25
f 10216/452/1 10220/451/1 10221/450/1 10213/449/1
f 10222/596/10 10227/960/10 10229/575/10
f 10226/961/10 10225/962/10 10231/963/10 10229/575/10
f 10224/964/10 10228/965/10 10231/963/10
f 10227/960/10 10226/961/10 10229/575/10
f 10228/599/4 10223/600/4 10230/601/4 10231/585/4
f 10225/962/10 10224/964/10 10231/963/10
f 10233/327/1 10236/326/1 10235/330/1 10232/331/1
f 10235/330/1 10237/329/1 10234/328/1 10232/331/1
f 10240/270/31 10238/273/31 10235/298/31 10236/299/31
f 10237/286/4 10235/287/4 10238/288/4 10239/289/4
f 10240/270/1 10241/271/1 10239/272/1 10238/273/1
f 10236/292/3 10242/293/3 10241/294/3 10240/295/3
f 10242/302/32 10237/303/32 10239/272/32 10241/271/32
f 10234/328/1 10237/329/1 10242/325/1 10244/324/1
f 10255/323/1 10243/321/1 10242/325/1 10236/326/1
f 10243/321/1 10245/320/1 10244/324/1 10242/325/1
f 10245/320/1 10243/321/1 10248/317/1 10246/316/1
f 10250/309/1 10247/308/1 10246/316/1 10248/317/1
f 10248/304/32 10243/305/32 10253/276/32 10251/275/32
f 10260/315/1 10250/309/1 10248/317/1 10249/318/1
f 10249/286/3 10248/290/3 10251/288/3 10252/291/3
f 10252/274/1 10251/275/1 10253/276/1 10254/277/1
f 10243/286/4 10255/287/4 10254/288/4 10253/289/4
f 10252/274/31 10254/277/31 10255/296/31 10249/297/31
f 10256/322/1 10257/319/1 10249/318/1 10255/323/1
f 10256/322/1 10255/323/1 10236/326/1 10233/327/1
f 10258/314/1 10260/315/1 10249/318/1 10257/319/1
f 10258/314/1 10259/312/1 10261/313/1 10260/315/1
f 10264/278/31 10262/281/31 10260/300/31 10261/301/31
f 10250/286/4 10260/287/4 10262/288/4 10263/289/4
f 10264/278/1 10265/279/1 10263/280/1 10262/281/1
f 10261/282/3 10266/283/3 10265/284/3 10264/285/3
f 10266/306/32 10250/307/32 10263/280/32 10265/279/32
f 10247/308/1 10250/309/1 10266/310/1 10267/311/1
f 10259/312/1 10267/311/1 10266/310/1 10261/313/1
f 10270/390/3 10272/391/3 10269/392/3 10268/393/3
f 10271/398/29 10279/399/29 10272/391/29 10270/390/29
f 10270/394/24 10273/395/24 10274/396/24 10271/397/24
f 10278/400/30 10274/401/30 10273/402/30 10275/403/30
f 10276/404/4 10277/405/4 10275/403/4 10273/402/4
f 10277/268/10 10269/406/10 10272/407/10 10275/408/10
f 10275/408/25 10272/407/25 10279/409/25 10278/410/25
f 10274/401/1 10278/400/1 10279/399/1 10271/398/1
f 10282/411/3 10284/412/3 10281/413/3 10280/393/3
f 10283/474/29 10291/418/29 10284/412/29 10282/411/29
f 10282/414/24 10285/415/24 10286/416/24 10283/474/24
f 10290/419/30 10286/420/30 10285/421/30 10287/403/30
f 10288/422/4 10289/423/4 10287/403/4 10285/421/4
f 10289/424/10 10281/425/10 10284/426/10 10287/427/10
f 10287/427/25 10284/426/25 10291/428/25 10290/429/25
f 10286/420/1 10290/419/1 10291/418/1 10283/474/1
f 10294/430/3 10296/402/3 10293/431/3 10292/432/3
f 10295/434/29 10303/435/29 10296/402/29 10294/430/29
f 10294/394/24 10297/433/24 10298/254/24 10295/397/24
f 10302/398/30 10298/436/30 10297/391/30 10299/437/30
f 10300/438/4 10301/393/4 10299/437/4 10297/391/4
f 10301/439/10 10293/440/10 10296/441/10 10299/442/10
f 10299/442/25 10296/441/25 10303/443/25 10302/444/25
f 10298/436/1 10302/398/1 10303/435/1 10295/434/1
f 10306/445/3 10308/446/3 10305/447/3 10304/448/3
f 10307/449/29 10315/450/29 10308/446/29 10306/445/29
f 10306/394/24 10309/433/24 10310/396/24 10307/397/24
f 10314/451/30 10310/452/30 10309/412/30 10311/453/30
f 10312/454/4 10313/455/4 10311/453/4 10309/412/4
f 10313/456/10 10305/457/10 10308/458/10 10311/459/10
f 10311/459/25 10308/458/25 10315/460/25 10314/461/25
f 10310/452/1 10314/451/1 10315/450/1 10307/449/1
f 10337/270/1 10336/271/1 10338/272/1 10339/273/1
f 10333/274/1 10332/275/1 10334/276/1 10335/277/1
f 10329/278/1 10328/279/1 10330/280/1 10331/281/1
f 10341/282/3 10340/283/3 10328/284/3 10329/285/3
f 10342/286/4 10343/287/4 10331/288/4 10330/289/4
f 10345/286/3 10344/290/3 10332/288/3 10333/291/3
f 10346/286/4 10347/287/4 10335/288/4 10334/289/4
f 10349/292/3 10348/293/3 10336/294/3 10337/295/3
f 10350/286/4 10351/287/4 10339/288/4 10338/289/4
f 10333/274/31 10335/277/31 10347/296/31 10345/297/31
f 10337/270/31 10339/273/31 10351/298/31 10349/299/31
f 10329/278/31 10331/281/31 10343/300/31 10341/301/31
f 10348/302/32 10350/303/32 10338/272/32 10336/271/32
f 10344/304/32 10346/305/32 10334/276/32 10332/275/32
f 10340/306/32 10342/307/32 10330/280/32 10328/279/32
f 10320/308/1 10342/309/1 10340/310/1 10327/311/1
f 10318/312/1 10327/311/1 10340/310/1 10341/313/1
f 10326/314/1 10318/312/1 10341/313/1 10343/315/1
f 10342/309/1 10320/308/1 10321/316/1 10344/317/1
f 10343/315/1 10342/309/1 10344/317/1 10345/318/1
f 10326/314/1 10343/315/1 10345/318/1 10325/319/1
f 10322/320/1 10346/321/1 10344/317/1 10321/316/1
f 10324/322/1 10325/319/1 10345/318/1 10347/323/1
f 10346/321/1 10322/320/1 10323/324/1 10348/325/1
f 10347/323/1 10346/321/1 10348/325/1 10349/326/1
f 10324/322/1 10347/323/1 10349/326/1 10319/327/1
f 10317/328/1 10350/329/1 10348/325/1 10323/324/1
f 10319/327/1 10349/326/1 10351/330/1 10316/331/1
f 10351/330/1 10350/329/1 10317/328/1 10316/331/1
f 10352/332/4 10353/333/4 10356/334/4 10354/335/4
f 10357/336/24 10354/337/24 10355/338/24 10358/339/24
f 10361/340/30 10355/341/30 10354/335/30 10356/334/30
f 10355/341/1 10361/340/1 10359/342/1 10358/343/1
f 10356/344/25 10360/345/25 10359/346/25 10361/347/25
f 10353/348/10 10362/349/10 10360/345/10 10356/344/10
f 10365/350/3 10367/351/3 10364/332/3 10363/352/3
f 10365/353/24 10368/336/24 10369/354/24 10366/355/24
f 10366/356/29 10372/357/29 10367/351/29 10365/350/29
f 10369/358/1 10370/359/1 10372/357/1 10366/356/1
f 10371/360/25 10367/361/25 10372/362/25 10370/363/25
f 10373/364/10 10364/365/10 10367/361/10 10371/360/10
f 10374/366/4 10375/367/4 10378/350/4 10376/351/4
f 10379/336/24 10376/368/24 10377/338/24 10380/339/24
f 10383/369/30 10377/370/30 10376/351/30 10378/350/30
f 10377/370/1 10383/369/1 10381/342/1 10380/371/1
f 10378/372/25 10382/373/25 10381/346/25 10383/374/25
f 10375/375/10 10384/349/10 10382/373/10 10378/372/10
f 10387/376/3 10389/377/3 10386/378/3 10385/379/3
f 10387/337/24 10390/380/24 10391/339/24 10388/355/24
f 10388/381/29 10394/382/29 10389/377/29 10387/376/29
f 10391/383/1 10392/384/1 10394/382/1 10388/381/1
f 10393/385/25 10389/386/25 10394/387/25 10392/388/25
f 10395/389/10 10386/269/10 10389/386/10 10393/385/10
f 10398/390/3 10400/391/3 10397/392/3 10396/393/3
f 10398/394/24 10401/395/24 10402/396/24 10399/397/24
f 10399/398/29 10407/399/29 10400/391/29 10398/390/29
f 10406/400/30 10402/401/30 10401/402/30 10403/403/30
f 10404/404/4 10405/405/4 10403/403/4 10401/402/4
f 10405/268/10 10397/406/10 10400/407/10 10403/408/10
f 10403/408/25 10400/407/25 10407/409/25 10406/410/25
f 10402/401/1 10406/400/1 10407/399/1 10399/398/1
f 10410/411/3 10412/412/3 10409/413/3 10408/393/3
f 10410/414/24 10413/415/24 10414/416/24 10411/417/24
f 10411/417/29 10419/418/29 10412/412/29 10410/411/29
f 10418/419/30 10414/420/30 10413/421/30 10415/403/30
f 10416/422/4 10417/423/4 10415/403/4 10413/421/4
f 10417/424/10 10409/425/10 10412/426/10 10415/427/10
f 10415/427/25 10412/426/25 10419/428/25 10418/429/25
f 10414/420/1 10418/419/1 10419/418/1 10411/417/1
f 10422/430/3 10424/402/3 10421/431/3 10420/432/3
f 10422/394/24 10425/433/24 10426/254/24 10423/397/24
f 10423/434/29 10431/435/29 10424/402/29 10422/430/29
f 10430/398/30 10426/436/30 10425/391/30 10427/437/30
f 10428/438/4 10429/393/4 10427/437/4 10425/391/4
f 10429/439/10 10421/440/10 10424/441/10 10427/442/10
f 10427/442/25 10424/441/25 10431/443/25 10430/444/25
f 10426/436/1 10430/398/1 10431/435/1 10423/434/1
f 10434/445/3 10436/446/3 10433/447/3 10432/448/3
f 10434/394/24 10437/433/24 10438/396/24 10435/397/24
f 10435/449/29 10443/450/29 10436/446/29 10434/445/29
f 10442/451/30 10438/452/30 10437/412/30 10439/453/30
f 10440/454/4 10441/455/4 10439/453/4 10437/412/4
f 10441/456/10 10433/457/10 10436/458/10 10439/459/10
f 10439/459/25 10436/458/25 10443/460/25 10442/461/25
f 10438/452/1 10442/451/1 10443/450/1 10435/449/1
f 10445/602/3 10447/603/3 10446/604/3 10444/605/3
f 10450/585/10 10448/586/10 10447/587/10 10445/588/10
f 10451/606/4 10449/601/4 10448/607/4 10450/599/4
f 10452/466/1 10454/467/1 10455/468/1 10453/469/1
f 10458/470/3 10460/421/3 10457/404/3 10456/405/3
f 10459/473/29 10467/401/29 10460/421/29 10458/470/29
f 10458/433/24 10461/471/24 10462/472/24 10459/417/24
f 10466/474/30 10462/452/30 10461/412/30 10463/475/30
f 10464/476/4 10465/477/4 10463/475/4 10461/412/4
f 10465/439/10 10457/440/10 10460/441/10 10463/478/10
f 10463/478/25 10460/441/25 10467/479/25 10466/480/25
f 10462/452/1 10466/474/1 10467/401/1 10459/473/1
f 10470/430/3 10472/421/3 10469/481/3 10468/432/3
f 10471/473/29 10479/401/29 10472/421/29 10470/430/29
f 10470/414/24 10473/415/24 10474/482/24 10471/483/24
f 10478/398/30 10474/399/30 10473/484/30 10475/485/30
f 10476/413/4 10477/477/4 10475/485/4 10473/484/4
f 10477/486/10 10469/425/10 10472/426/10 10475/427/10
f 10475/427/25 10472/426/25 10479/428/25 10478/429/25
f 10474/399/1 10478/398/1 10479/401/1 10471/473/1
f 10482/470/3 10484/402/3 10481/487/3 10480/488/3
f 10483/473/29 10491/489/29 10484/402/29 10482/470/29
f 10482/394/24 10485/395/24 10486/396/24 10483/397/24
f 10490/451/30 10486/399/30 10485/391/30 10487/411/30
f 10488/413/4 10489/490/4 10487/411/4 10485/391/4
f 10489/491/10 10481/440/10 10484/441/10 10487/478/10
f 10487/478/25 10484/441/25 10491/479/25 10490/429/25
f 10486/399/1 10490/451/1 10491/489/1 10483/473/1
f 10494/492/3 10496/412/3 10493/493/3 10492/494/3
f 10495/512/29 10503/496/29 10496/412/29 10494/492/29
f 10494/414/24 10497/495/24 10498/482/24 10495/512/24
f 10502/400/30 10498/497/30 10497/421/30 10499/430/30
f 10500/404/4 10501/405/4 10499/430/4 10497/421/4
f 10501/498/10 10493/499/10 10496/500/10 10499/501/10
f 10499/501/25 10496/500/25 10503/502/25 10502/503/25
f 10498/497/1 10502/400/1 10503/496/1 10495/512/1
f 10506/608/1 10505/609/1 10504/610/1 10509/611/1
f 10512/612/3 10511/1/3 10509/2/3 10507/3/3
f 10510/613/1 10512/9/1 10507/614/1 10508/3/1
f 10521/615/3 10515/616/3 10513/617/3 10514/618/3
f 10515/616/14 10517/619/14 10516/620/14 10513/617/14
f 10516/621/10 10517/622/10 10518/623/10
f 10519/624/12 10518/625/12 10517/626/12 10515/627/12
f 10519/624/1 10515/627/1 10521/628/1 10520/629/1
f 10522/198/2 10523/630/2 10525/631/2 10524/199/2
f 10523/632/10 10528/633/10 10526/634/10 10525/635/10
f 10528/636/1 10529/637/1 10527/638/1 10526/639/1
f 10536/640/12 10533/641/12 10530/642/12 10531/643/12
f 10530/644/10 10532/645/10 10540/646/10 10531/647/10
f 10533/648/13 10535/649/13 10532/650/13 10530/651/13
f 10533/648/4 10534/652/4 10538/653/4 10535/649/4
f 10537/654/1 10534/655/1 10533/641/1 10536/640/1
f 10535/656/15 10539/657/15 10540/128/15 10532/658/15
f 10538/659/2 10541/660/2 10539/657/2 10535/656/2
f 10542/661/10 10544/662/10 10553/663/10 10543/664/10
f 10546/665/12 10545/666/12 10542/667/12 10543/668/12
f 10545/669/13 10547/670/13 10544/671/13 10542/672/13
f 10549/673/1 10548/674/1 10545/666/1 10546/665/1
f 10547/670/4 10545/669/4 10548/110/4 10550/675/4
f 10550/673/2 10551/676/2 10552/666/2 10547/665/2
f 10549/653/3 10546/677/3 10552/678/3 10551/679/3
f 10547/665/15 10552/666/15 10553/680/15 10544/681/15
f 10552/678/14 10546/677/14 10543/682/14 10553/651/14
f 10560/683/12 10557/684/12 10554/685/12 10555/686/12
f 10554/687/10 10556/688/10 10563/689/10 10555/690/10
f 10557/691/13 10559/692/13 10556/693/13 10554/694/13
f 10557/691/4 10558/695/4 10565/696/4 10559/692/4
f 10561/697/1 10558/698/1 10557/684/1 10560/683/1
f 10562/699/14 10560/700/14 10555/701/14 10563/702/14
f 10561/703/3 10560/700/3 10562/699/3 10564/704/3
f 10559/705/15 10562/684/15 10563/706/15 10556/686/15
f 10565/697/2 10564/698/2 10562/684/2 10559/705/2
f 10566/707/1 10568/708/1 10569/709/1 10567/710/1
f 10572/711/10 10567/712/10 10569/713/10 10570/714/10
f 10573/138/2 10572/715/2 10570/716/2 10571/139/2
f 10574/717/2 10575/718/2 10577/719/2 10576/720/2
f 10575/721/10 10580/134/10 10578/722/10 10577/723/10
f 10580/724/1 10581/725/1 10579/726/1 10578/727/1
f 10585/85/28 10584/86/28 10582/87/28 10583/88/28
f 10584/86/10 10585/85/10 10587/85/10 10586/86/10
f 10588/728/4 10589/729/4 10592/730/4 10590/731/4
f 10597/732/30 10591/733/30 10590/731/30 10592/730/30
f 10593/210/24 10590/211/24 10591/212/24 10594/213/24
f 10591/733/1 10597/732/1 10595/734/1 10594/735/1
f 10592/736/25 10596/737/25 10595/738/25 10597/739/25
f 10600/740/3 10602/741/3 10599/204/3 10598/742/3
f 10600/240/24 10603/211/24 10604/241/24 10601/242/24
f 10601/743/29 10609/744/29 10602/741/29 10600/740/29
f 10608/745/30 10604/746/30 10603/747/30 10605/748/30
f 10606/749/4 10607/750/4 10605/748/4 10603/747/4
f 10605/751/25 10602/752/25 10609/753/25 10608/754/25
f 10604/746/1 10608/745/1 10609/744/1 10601/743/1
f 10612/755/3 10614/747/3 10611/756/3 10610/757/3
f 10612/240/24 10615/211/24 10616/241/24 10613/242/24
f 10613/745/29 10621/758/29 10614/747/29 10612/755/29
f 10620/759/30 10616/760/30 10615/761/30 10617/740/30
f 10618/762/4 10619/763/4 10617/740/4 10615/761/4
f 10617/751/25 10614/764/25 10621/765/25 10620/512/25
f 10616/760/1 10620/759/1 10621/758/1 10613/745/1
f 10624/766/3 10626/767/3 10623/768/3 10622/769/3
f 10628/770/24 10625/771/24 10624/772/24 10627/773/24
f 10625/774/29 10631/775/29 10626/767/29 10624/766/29
f 10629/776/1 10631/775/1 10625/774/1 10628/777/1
f 10630/778/25 10626/779/25 10631/780/25 10629/781/25
f 10635/1/3 10650/2/3 10641/3/3 10632/4/3
f 10633/5/4 10642/2/4 10649/3/4 10634/4/4
f 10649/6/2 10650/7/2 10635/8/2 10634/9/2
f 10646/10/4 10645/11/4 10637/12/4 10638/13/4
f 10640/10/3 10653/11/3 10639/12/3 10636/13/3
f 10645/14/1 10640/15/1 10636/16/1 10637/17/1
f 10653/18/2 10646/15/2 10638/16/2 10639/19/2
f 10651/3/2 10648/16/2 10647/20/2 10652/21/2
f 10657/22/24 10660/23/24 10655/24/24 10643/25/24
f 10643/26/1 10655/27/1 10654/20/1 10644/28/1
f 10663/29/24 10666/30/24 10640/31/24 10645/32/24
f 10655/33/3 10651/34/3 10652/20/3 10654/35/3
f 10658/36/5 10657/37/5 10643/38/5 10648/39/5
f 10648/40/4 10643/16/4 10644/41/4 10647/35/4
f 10664/42/5 10663/43/5 10645/44/5 10646/45/5
f 10649/46/8 10642/47/8 10656/48/8 10659/49/8
f 10659/50/4 10656/51/4 10657/52/4 10658/53/4
f 10642/47/25 10641/54/25 10661/49/25 10656/48/25
f 10656/55/1 10661/56/1 10660/57/1 10657/58/1
f 10647/59/8 10644/60/8 10662/61/8 10665/62/8
f 10665/63/4 10662/64/4 10663/65/4 10664/66/4
f 10644/67/25 10654/68/25 10667/69/25 10662/70/25
f 10662/71/1 10667/65/1 10666/64/1 10663/72/1
f 10632/9/1 10641/73/1 10642/3/1 10633/74/1
f 10669/5/4 10678/2/4 10685/3/4 10670/4/4
f 10685/6/2 10686/7/2 10671/8/2 10670/9/2
f 10682/10/4 10681/11/4 10673/12/4 10674/13/4
f 10681/14/1 10676/15/1 10672/16/1 10673/17/1
f 10689/18/2 10682/15/2 10674/16/2 10675/19/2
f 10687/3/2 10684/16/2 10683/20/2 10688/21/2
f 10693/22/24 10696/23/24 10691/24/24 10679/25/24
f 10679/26/1 10691/27/1 10690/20/1 10680/28/1
f 10699/29/24 10702/30/24 10676/31/24 10681/32/24
f 10694/36/5 10693/37/5 10679/38/5 10684/39/5
f 10684/40/4 10679/16/4 10680/41/4 10683/35/4
f 10700/42/5 10699/43/5 10681/44/5 10682/45/5
f 10685/46/8 10678/47/8 10692/48/8 10695/49/8
f 10695/50/4 10692/51/4 10693/52/4 10694/53/4
f 10678/47/25 10677/54/25 10697/49/25 10692/48/25
f 10692/55/1 10697/56/1 10696/57/1 10693/58/1
f 10683/59/8 10680/60/8 10698/61/8 10701/62/8
f 10701/63/4 10698/64/4 10699/65/4 10700/66/4
f 10680/67/25 10690/68/25 10703/69/25 10698/70/25
f 10698/71/1 10703/65/1 10702/64/1 10699/72/1
f 10668/9/1 10677/73/1 10678/3/1 10669/74/1
f 10705/5/4 10714/2/4 10721/3/4 10706/4/4
f 10721/6/2 10722/7/2 10707/8/2 10706/9/2
f 10718/10/4 10717/11/4 10709/12/4 10710/13/4
f 10717/14/1 10712/15/1 10708/16/1 10709/17/1
f 10725/18/2 10718/15/2 10710/16/2 10711/19/2
f 10723/3/2 10720/16/2 10719/20/2 10724/21/2
f 10729/22/24 10732/23/24 10727/24/24 10715/25/24
f 10715/26/1 10727/27/1 10726/20/1 10716/28/1
f 10735/29/24 10738/30/24 10712/31/24 10717/32/24
f 10730/36/5 10729/37/5 10715/38/5 10720/39/5
f 10720/40/4 10715/16/4 10716/41/4 10719/35/4
f 10736/42/5 10735/43/5 10717/44/5 10718/45/5
f 10721/46/8 10714/47/8 10728/48/8 10731/49/8
f 10731/50/4 10728/51/4 10729/52/4 10730/53/4
f 10714/47/25 10713/54/25 10733/49/25 10728/48/25
f 10728/55/1 10733/56/1 10732/57/1 10729/58/1
f 10719/59/8 10716/60/8 10734/61/8 10737/62/8
f 10737/63/4 10734/64/4 10735/65/4 10736/66/4
f 10716/67/25 10726/68/25 10739/69/25 10734/70/25
f 10734/71/1 10739/65/1 10738/64/1 10735/72/1
f 10704/9/1 10713/73/1 10714/3/1 10705/74/1
f 10741/5/4 10750/2/4 10757/3/4 10742/4/4
f 10757/6/2 10758/7/2 10743/8/2 10742/9/2
f 10754/10/4 10753/11/4 10745/12/4 10746/13/4
f 10753/14/1 10748/15/1 10744/16/1 10745/17/1
f 10761/18/2 10754/15/2 10746/16/2 10747/19/2
f 10759/3/2 10756/16/2 10755/20/2 10760/21/2
f 10765/22/24 10768/23/24 10763/24/24 10751/25/24
f 10751/26/1 10763/27/1 10762/20/1 10752/28/1
f 10771/29/24 10774/30/24 10748/31/24 10753/32/24
f 10766/36/5 10765/37/5 10751/38/5 10756/39/5
f 10756/40/4 10751/16/4 10752/41/4 10755/35/4
f 10772/42/5 10771/43/5 10753/44/5 10754/45/5
f 10757/46/8 10750/47/8 10764/48/8 10767/49/8
f 10767/50/4 10764/51/4 10765/52/4 10766/53/4
f 10750/47/25 10749/54/25 10769/49/25 10764/48/25
f 10764/55/1 10769/56/1 10768/57/1 10765/58/1
f 10755/59/8 10752/60/8 10770/61/8 10773/62/8
f 10773/63/4 10770/64/4 10771/65/4 10772/66/4
f 10752/67/25 10762/68/25 10775/69/25 10770/70/25
f 10770/71/1 10775/65/1 10774/64/1 10771/72/1
f 10740/9/1 10749/73/1 10750/3/1 10741/74/1
f 10777/5/4 10784/2/4 10791/3/4 10778/4/4
f 10788/10/4 10787/11/4 10780/12/4 10781/13/4
f 10787/14/1 10782/15/1 10779/16/1 10780/17/1
f 10795/22/24 10798/23/24 10793/24/24 10785/25/24
f 10785/26/1 10793/27/1 10792/20/1 10786/28/1
f 10801/29/24 10804/30/24 10782/31/24 10787/32/24
f 10796/36/5 10795/37/5 10785/38/5 10790/39/5
f 10790/40/4 10785/16/4 10786/41/4 10789/35/4
f 10802/42/5 10801/43/5 10787/44/5 10788/45/5
f 10791/46/8 10784/47/8 10794/48/8 10797/49/8
f 10797/50/4 10794/51/4 10795/52/4 10796/53/4
f 10784/47/25 10783/54/25 10799/49/25 10794/48/25
f 10794/55/1 10799/56/1 10798/57/1 10795/58/1
f 10789/59/8 10786/60/8 10800/61/8 10803/62/8
f 10803/63/4 10800/64/4 10801/65/4 10802/66/4
f 10786/67/25 10792/68/25 10805/69/25 10800/70/25
f 10800/71/1 10805/65/1 10804/64/1 10801/72/1
f 10776/9/1 10783/73/1 10784/3/1 10777/74/1
f 10807/5/4 10814/2/4 10821/3/4 10808/4/4
f 10818/10/4 10817/11/4 10810/12/4 10811/13/4
f 10817/14/1 10812/15/1 10809/16/1 10810/17/1
f 10825/22/24 10828/23/24 10823/24/24 10815/25/24
f 10815/26/1 10823/27/1 10822/20/1 10816/28/1
f 10831/29/24 10834/30/24 10812/31/24 10817/32/24
f 10826/36/5 10825/37/5 10815/38/5 10820/39/5
f 10820/40/4 10815/16/4 10816/41/4 10819/35/4
f 10832/42/5 10831/43/5 10817/44/5 10818/45/5
f 10821/46/8 10814/47/8 10824/48/8 10827/49/8
f 10827/50/4 10824/51/4 10825/52/4 10826/53/4
f 10814/47/25 10813/54/25 10829/49/25 10824/48/25
f 10824/55/1 10829/56/1 10828/57/1 10825/58/1
f 10819/59/8 10816/60/8 10830/61/8 10833/62/8
f 10833/63/4 10830/64/4 10831/65/4 10832/66/4
f 10816/67/25 10822/68/25 10835/69/25 10830/70/25
f 10830/71/1 10835/65/1 10834/64/1 10831/72/1
f 10806/9/1 10813/73/1 10814/3/1 10807/74/1
f 10837/5/4 10846/2/4 10853/3/4 10838/4/4
f 10853/6/2 10854/7/2 10839/8/2 10838/9/2
f 10850/10/4 10849/11/4 10841/12/4 10842/13/4
f 10849/14/1 10844/15/1 10840/16/1 10841/17/1
f 10857/18/2 10850/15/2 10842/16/2 10843/19/2
f 10855/3/2 10852/16/2 10851/20/2 10856/21/2
f 10861/22/24 10864/23/24 10859/24/24 10847/25/24
f 10847/26/1 10859/27/1 10858/20/1 10848/28/1
f 10867/29/24 10870/30/24 10844/31/24 10849/32/24
f 10862/36/5 10861/37/5 10847/38/5 10852/39/5
f 10852/40/4 10847/16/4 10848/41/4 10851/35/4
f 10868/42/5 10867/43/5 10849/44/5 10850/45/5
f 10853/46/8 10846/47/8 10860/48/8 10863/49/8
f 10863/50/4 10860/51/4 10861/52/4 10862/53/4
f 10846/47/25 10845/54/25 10865/49/25 10860/48/25
f 10860/55/1 10865/56/1 10864/57/1 10861/58/1
f 10851/59/8 10848/60/8 10866/61/8 10869/62/8
f 10869/63/4 10866/64/4 10867/65/4 10868/66/4
f 10848/67/25 10858/68/25 10871/69/25 10866/70/25
f 10866/71/1 10871/65/1 10870/64/1 10867/72/1
f 10836/9/1 10845/73/1 10846/3/1 10837/74/1
f 10873/5/4 10880/2/4 10887/3/4 10874/4/4
f 10884/10/4 10883/11/4 10876/12/4 10877/13/4
f 10883/14/1 10878/15/1 10875/16/1 10876/17/1
f 10891/22/24 10894/23/24 10889/24/24 10881/25/24
f 10881/26/1 10889/27/1 10888/20/1 10882/28/1
f 10897/29/24 10900/30/24 10878/31/24 10883/32/24
f 10892/36/5 10891/37/5 10881/38/5 10886/39/5
f 10886/40/4 10881/16/4 10882/41/4 10885/35/4
f 10898/42/5 10897/43/5 10883/44/5 10884/45/5
f 10887/46/8 10880/47/8 10890/48/8 10893/49/8
f 10893/50/4 10890/51/4 10891/52/4 10892/53/4
f 10880/47/25 10879/54/25 10895/49/25 10890/48/25
f 10890/55/1 10895/56/1 10894/57/1 10891/58/1
f 10885/59/8 10882/60/8 10896/61/8 10899/62/8
f 10899/63/4 10896/64/4 10897/65/4 10898/66/4
f 10882/67/25 10888/68/25 10901/69/25 10896/70/25
f 10896/71/1 10901/65/1 10900/64/1 10897/72/1
f 10872/9/1 10879/73/1 10880/3/1 10873/74/1
f 10903/5/4 10910/2/4 10917/3/4 10904/4/4
f 10914/10/4 10913/11/4 10906/12/4 10907/13/4
f 10913/14/1 10908/15/1 10905/16/1 10906/17/1
f 10921/22/24 10924/23/24 10919/24/24 10911/25/24
f 10911/26/1 10919/27/1 10918/20/1 10912/28/1
f 10927/29/24 10930/30/24 10908/31/24 10913/32/24
f 10922/36/5 10921/37/5 10911/38/5 10916/39/5
f 10916/40/4 10911/16/4 10912/41/4 10915/35/4
f 10928/42/5 10927/43/5 10913/44/5 10914/45/5
f 10917/46/8 10910/47/8 10920/48/8 10923/49/8
f 10923/50/4 10920/51/4 10921/52/4 10922/53/4
f 10910/47/25 10909/54/25 10925/49/25 10920/48/25
f 10920/55/1 10925/56/1 10924/57/1 10921/58/1
f 10915/59/9 10912/60/9 10926/61/9 10929/62/9
f 10929/63/4 10926/64/4 10927/65/4 10928/66/4
f 10912/67/25 10918/68/25 10931/69/25 10926/70/25
f 10926/71/1 10931/65/1 10930/64/1 10927/72/1
f 10902/9/1 10909/73/1 10910/3/1 10903/74/1
f 10935/1/3 10950/2/3 10941/3/3 10932/4/3
f 10933/5/4 10942/2/4 10949/3/4 10934/4/4
f 10949/6/2 10950/7/2 10935/8/2 10934/9/2
f 10946/10/4 10945/11/4 10937/12/4 10938/13/4
f 10940/10/3 10953/11/3 10939/12/3 10936/13/3
f 10945/14/1 10940/15/1 10936/16/1 10937/17/1
f 10953/18/2 10946/15/2 10938/16/2 10939/19/2
f 10951/3/2 10948/16/2 10947/20/2 10952/21/2
f 10957/22/24 10960/23/24 10955/24/24 10943/25/24
f 10943/26/1 10955/27/1 10954/20/1 10944/28/1
f 10963/29/24 10966/30/24 10940/31/24 10945/32/24
f 10955/33/3 10951/34/3 10952/20/3 10954/35/3
f 10958/36/5 10957/37/5 10943/38/5 10948/39/5
f 10948/40/4 10943/16/4 10944/41/4 10947/35/4
f 10964/42/5 10963/43/5 10945/44/5 10946/45/5
f 10949/46/8 10942/47/8 10956/48/8 10959/49/8
f 10959/50/4 10956/51/4 10957/52/4 10958/53/4
f 10942/47/25 10941/54/25 10961/49/25 10956/48/25
f 10956/55/1 10961/56/1 10960/57/1 10957/58/1
f 10947/59/9 10944/60/9 10962/61/9 10965/62/9
f 10965/63/4 10962/64/4 10963/65/4 10964/66/4
f 10944/67/25 10954/68/25 10967/69/25 10962/70/25
f 10962/71/1 10967/65/1 10966/64/1 10963/72/1
f 10932/9/1 10941/73/1 10942/3/1 10933/74/1
f 10969/5/4 10976/2/4 10983/3/4 10970/4/4
f 10980/10/4 10979/11/4 10972/12/4 10973/13/4
f 10979/14/1 10974/15/1 10971/16/1 10972/17/1
f 10987/22/24 10990/23/24 10985/24/24 10977/25/24
f 10977/26/1 10985/27/1 10984/20/1 10978/28/1
f 10993/29/24 10996/30/24 10974/31/24 10979/32/24
f 10988/36/5 10987/37/5 10977/38/5 10982/39/5
f 10982/40/4 10977/16/4 10978/41/4 10981/35/4
f 10994/42/5 10993/43/5 10979/44/5 10980/45/5
f 10983/46/8 10976/47/8 10986/48/8 10989/49/8
f 10989/50/4 10986/51/4 10987/52/4 10988/53/4
f 10976/47/25 10975/54/25 10991/49/25 10986/48/25
f 10986/55/1 10991/56/1 10990/57/1 10987/58/1
f 10981/59/9 10978/60/9 10992/61/9 10995/62/9
f 10995/63/4 10992/64/4 10993/65/4 10994/66/4
f 10978/67/25 10984/68/25 10997/69/25 10992/70/25
f 10992/71/1 10997/65/1 10996/64/1 10993/72/1
f 10968/9/1 10975/73/1 10976/3/1 10969/74/1
f 10999/5/4 11008/2/4 11015/3/4 11000/4/4
f 11015/6/2 11016/7/2 11001/8/2 11000/9/2
f 11012/10/4 11011/11/4 11003/12/4 11004/13/4
f 11011/14/1 11006/15/1 11002/16/1 11003/17/1
f 11019/18/2 11012/15/2 11004/16/2 11005/19/2
f 11017/3/2 11014/16/2 11013/20/2 11018/21/2
f 11023/22/24 11026/23/24 11021/24/24 11009/25/24
f 11009/26/1 11021/27/1 11020/20/1 11010/28/1
f 11029/29/24 11032/30/24 11006/31/24 11011/32/24
f 11024/36/5 11023/37/5 11009/38/5 11014/39/5
f 11014/40/4 11009/16/4 11010/41/4 11013/35/4
f 11030/42/5 11029/43/5 11011/44/5 11012/45/5
f 11015/46/8 11008/47/8 11022/48/8 11025/49/8
f 11025/50/4 11022/51/4 11023/52/4 11024/53/4
f 11008/47/25 11007/54/25 11027/49/25 11022/48/25
f 11022/55/1 11027/56/1 11026/57/1 11023/58/1
f 11013/59/8 11010/60/8 11028/61/8 11031/62/8
f 11031/63/4 11028/64/4 11029/65/4 11030/66/4
f 11010/67/25 11020/68/25 11033/69/25 11028/70/25
f 11028/71/1 11033/65/1 11032/64/1 11029/72/1
f 10998/9/1 11007/73/1 11008/3/1 10999/74/1
f 11037/1/3 11052/2/3 11043/3/3 11034/4/3
f 11035/5/4 11044/2/4 11051/3/4 11036/4/4
f 11051/6/2 11052/7/2 11037/8/2 11036/9/2
f 11048/10/4 11047/11/4 11039/12/4 11040/13/4
f 11042/10/3 11055/11/3 11041/12/3 11038/13/3
f 11047/14/1 11042/15/1 11038/16/1 11039/17/1
f 11055/18/2 11048/15/2 11040/16/2 11041/19/2
f 11053/3/2 11050/16/2 11049/20/2 11054/21/2
f 11059/22/24 11062/23/24 11057/24/24 11045/25/24
f 11045/26/1 11057/27/1 11056/20/1 11046/28/1
f 11065/29/24 11068/30/24 11042/31/24 11047/32/24
f 11057/33/3 11053/34/3 11054/20/3 11056/35/3
f 11060/36/5 11059/37/5 11045/38/5 11050/39/5
f 11050/40/4 11045/16/4 11046/41/4 11049/35/4
f 11066/42/5 11065/43/5 11047/44/5 11048/45/5
f 11051/46/8 11044/47/8 11058/48/8 11061/49/8
f 11061/50/4 11058/51/4 11059/52/4 11060/53/4
f 11044/47/25 11043/54/25 11063/49/25 11058/48/25
f 11058/55/1 11063/56/1 11062/57/1 11059/58/1
f 11049/59/8 11046/60/8 11064/61/8 11067/62/8
f 11067/63/4 11064/64/4 11065/65/4 11066/66/4
f 11046/67/25 11056/68/25 11069/69/25 11064/70/25
f 11064/71/1 11069/65/1 11068/64/1 11065/72/1
f 11034/9/1 11043/73/1 11044/3/1 11035/74/1
f 11071/5/4 11078/2/4 11085/3/4 11072/4/4
f 11082/10/4 11081/11/4 11074/12/4 11075/13/4
f 11081/14/1 11076/15/1 11073/16/1 11074/17/1
f 11089/22/24 11092/23/24 11087/24/24 11079/25/24
f 11079/26/1 11087/27/1 11086/20/1 11080/28/1
f 11095/29/24 11098/30/24 11076/31/24 11081/32/24
f 11090/36/5 11089/37/5 11079/38/5 11084/39/5
f 11084/40/4 11079/16/4 11080/41/4 11083/35/4
f 11096/42/5 11095/43/5 11081/44/5 11082/45/5
f 11085/46/9 11078/47/9 11088/48/9 11091/49/9
f 11091/50/4 11088/51/4 11089/52/4 11090/53/4
f 11078/47/25 11077/54/25 11093/49/25 11088/48/25
f 11088/55/1 11093/56/1 11092/57/1 11089/58/1
f 11083/59/8 11080/60/8 11094/61/8 11097/62/8
f 11097/63/4 11094/64/4 11095/65/4 11096/66/4
f 11080/67/25 11086/68/25 11099/69/25 11094/70/25
f 11094/71/1 11099/65/1 11098/64/1 11095/72/1
f 11070/9/1 11077/73/1 11078/3/1 11071/74/1
f 11103/85/1 11102/86/1 11100/87/1 11101/88/1
f 11107/85/28 11106/86/28 11104/87/28 11105/88/28
f 11109/89/2 11108/90/2 11110/91/2 11119/92/2
f 11108/93/3 11111/94/3 11113/95/3 11110/96/3
f 11111/89/1 11112/90/1 11115/97/1 11113/98/1
f 11110/96/14 11113/95/14 11114/99/14 11118/100/14
f 11113/98/12 11115/97/12 11116/101/12 11114/102/12
f 11116/103/10 11117/104/10 11118/105/10 11114/106/10
f 11119/92/15 11110/91/15 11118/107/15 11117/108/15
f 11120/109/1 11121/110/1 11124/111/1 11122/112/1
f 11122/112/12 11124/111/12 11125/113/12 11123/114/12
f 11124/115/13 11126/116/13 11129/117/13 11125/118/13
f 11126/116/4 11124/115/4 11121/119/4 11127/94/4
f 11127/120/2 11131/121/2 11128/122/2 11126/123/2
f 11126/123/15 11128/122/15 11130/124/15 11129/125/15
f 11125/126/10 11129/127/10 11130/128/10 11123/129/10
f 11133/130/1 11136/131/1 11135/132/1 11132/133/1
f 11134/134/10 11132/135/10 11135/136/10 11137/137/10
f 11139/136/2 11134/138/2 11137/139/2 11138/140/2
f 11142/141/14 11140/142/14 11141/143/14 11151/144/14
f 11140/145/12 11143/146/12 11150/147/12 11141/148/12
f 11142/141/3 11146/149/3 11144/150/3 11140/142/3
f 11144/151/1 11145/152/1 11143/146/1 11140/145/1
f 11147/153/2 11146/152/2 11142/146/2 11148/154/2
f 11145/155/4 11147/150/4 11148/156/4 11143/157/4
f 11148/154/15 11142/146/15 11151/158/15 11149/159/15
f 11143/157/13 11148/156/13 11149/160/13 11150/161/13
f 11150/162/10 11149/163/10 11151/164/10 11141/165/10
f 11152/166/2 11153/167/2 11155/168/2 11154/169/2
f 11153/167/10 11158/170/10 11156/171/10 11155/168/10
f 11158/172/1 11159/173/1 11157/174/1 11156/175/1
f 11162/176/15 11160/116/15 11161/177/15 11171/178/15
f 11160/179/14 11163/116/14 11170/180/14 11161/181/14
f 11165/182/2 11164/94/2 11160/116/2 11162/176/2
f 11163/116/3 11160/179/3 11164/183/3 11166/184/3
f 11166/182/1 11167/94/1 11168/95/1 11163/185/1
f 11165/186/4 11162/95/4 11168/187/4 11167/188/4
f 11163/185/12 11168/95/12 11169/189/12 11170/190/12
f 11168/187/13 11162/95/13 11171/180/13 11169/191/13
f 11169/192/10 11171/178/10 11161/177/10 11170/193/10
f 11172/194/2 11173/195/2 11175/196/2 11174/197/2
f 11173/195/10 11178/198/10 11176/199/10 11175/196/10
f 11179/200/1 11177/201/1 11176/202/1 11178/203/1
f 11106/86/10 11107/85/10 11181/85/10 11180/86/10
f 11182/204/4 11183/205/4 11186/206/4 11184/207/4
f 11191/208/30 11185/209/30 11184/207/30 11186/206/30
f 11187/210/24 11184/211/24 11185/212/24 11188/213/24
f 11185/209/1 11191/208/1 11189/214/1 11188/215/1
f 11186/216/25 11190/217/25 11189/218/25 11191/219/25
f 11194/220/3 11196/221/3 11193/222/3 11192/223/3
f 11195/224/29 11201/225/29 11196/221/29 11194/220/29
f 11194/226/24 11197/227/24 11198/228/24 11195/229/24
f 11198/230/1 11199/231/1 11201/225/1 11195/224/1
f 11200/232/25 11196/233/25 11201/234/25 11199/235/25
f 11204/236/3 11206/237/3 11203/238/3 11202/239/3
f 11204/240/24 11207/211/24 11208/241/24 11205/242/24
f 11205/243/29 11213/244/29 11206/237/29 11204/236/29
f 11212/245/30 11208/246/30 11207/247/30 11209/248/30
f 11210/249/4 11211/250/4 11209/248/4 11207/247/4
f 11209/251/25 11206/252/25 11213/253/25 11212/254/25
f 11208/246/1 11212/245/1 11213/244/1 11205/243/1
f 11216/255/3 11218/256/3 11215/257/3 11214/258/3
f 11216/240/24 11219/211/24 11220/241/24 11217/242/24
f 11217/259/29 11225/260/29 11218/261/29 11216/262/29
f 11224/259/30 11220/260/30 11219/261/30 11221/262/30
f 11222/257/4 11223/258/4 11221/255/4 11219/263/4
f 11221/262/25 11218/261/25 11225/264/25 11224/265/25
f 11220/266/1 11224/267/1 11225/268/1 11217/269/1
f 11229/85/1 11228/86/1 11226/87/1 11227/88/1
f 11233/85/28 11232/86/28 11230/87/28 11231/88/28
f 11235/89/2 11234/90/2 11236/91/2 11245/92/2
f 11234/93/3 11237/94/3 11239/95/3 11236/96/3
f 11237/89/1 11238/90/1 11241/97/1 11239/98/1
f 11236/96/14 11239/95/14 11240/99/14 11244/100/14
f 11239/98/12 11241/97/12 11242/101/12 11240/102/12
f 11242/103/10 11243/104/10 11244/105/10 11240/106/10
f 11245/92/15 11236/91/15 11244/107/15 11243/108/15
f 11246/109/1 11247/110/1 11250/111/1 11248/112/1
f 11248/112/12 11250/111/12 11251/113/12 11249/114/12
f 11250/115/13 11252/116/13 11255/117/13 11251/118/13
f 11252/116/4 11250/115/4 11247/119/4 11253/94/4
f 11253/120/2 11257/121/2 11254/122/2 11252/123/2
f 11252/123/15 11254/122/15 11256/124/15 11255/125/15
f 11251/126/10 11255/127/10 11256/128/10 11249/129/10
f 11259/130/1 11262/131/1 11261/132/1 11258/133/1
f 11260/134/10 11258/135/10 11261/136/10 11263/137/10
f 11265/136/2 11260/138/2 11263/139/2 11264/140/2
f 11268/141/14 11266/142/14 11267/143/14 11277/144/14
f 11266/145/12 11269/146/12 11276/147/12 11267/148/12
f 11268/141/3 11272/149/3 11270/150/3 11266/142/3
f 11270/151/1 11271/152/1 11269/146/1 11266/145/1
f 11273/153/2 11272/152/2 11268/146/2 11274/154/2
f 11271/155/4 11273/150/4 11274/156/4 11269/157/4
f 11274/154/15 11268/146/15 11277/158/15 11275/159/15
f 11269/157/13 11274/156/13 11275/160/13 11276/161/13
f 11276/162/10 11275/163/10 11277/164/10 11267/165/10
f 11278/166/2 11279/167/2 11281/168/2 11280/169/2
f 11279/167/10 11284/170/10 11282/171/10 11281/168/10
f 11284/172/1 11285/173/1 11283/174/1 11282/175/1
f 11288/176/15 11286/116/15 11287/177/15 11297/178/15
f 11286/179/14 11289/116/14 11296/180/14 11287/181/14
f 11291/182/2 11290/94/2 11286/116/2 11288/176/2
f 11289/116/3 11286/179/3 11290/183/3 11292/184/3
f 11292/182/1 11293/94/1 11294/95/1 11289/185/1
f 11291/186/4 11288/95/4 11294/187/4 11293/188/4
f 11289/185/12 11294/95/12 11295/189/12 11296/190/12
f 11294/187/13 11288/95/13 11297/180/13 11295/191/13
f 11295/192/10 11297/178/10 11287/177/10 11296/193/10
f 11298/194/2 11299/195/2 11301/196/2 11300/197/2
f 11299/195/10 11304/198/10 11302/199/10 11301/196/10
f 11305/200/1 11303/201/1 11302/202/1 11304/203/1
f 11232/86/10 11233/85/10 11307/85/10 11306/86/10
f 11308/204/4 11309/205/4 11312/206/4 11310/207/4
f 11317/208/30 11311/209/30 11310/207/30 11312/206/30
f 11313/210/24 11310/211/24 11311/212/24 11314/213/24
f 11311/209/1 11317/208/1 11315/214/1 11314/215/1
f 11312/216/25 11316/217/25 11315/218/25 11317/219/25
f 11320/220/3 11322/221/3 11319/222/3 11318/223/3
f 11321/224/29 11327/225/29 11322/221/29 11320/220/29
f 11320/226/24 11323/227/24 11324/228/24 11321/229/24
f 11324/230/1 11325/231/1 11327/225/1 11321/224/1
f 11326/232/25 11322/233/25 11327/234/25 11325/235/25
f 11330/236/3 11332/237/3 11329/238/3 11328/239/3
f 11330/240/24 11333/211/24 11334/241/24 11331/242/24
f 11331/243/29 11339/244/29 11332/237/29 11330/236/29
f 11338/245/30 11334/246/30 11333/247/30 11335/248/30
f 11336/249/4 11337/250/4 11335/248/4 11333/247/4
f 11335/251/25 11332/252/25 11339/253/25 11338/254/25
f 11334/246/1 11338/245/1 11339/244/1 11331/243/1
f 11342/255/3 11344/256/3 11341/257/3 11340/258/3
f 11342/240/24 11345/211/24 11346/241/24 11343/242/24
f 11343/259/29 11351/260/29 11344/261/29 11342/262/29
f 11350/259/30 11346/260/30 11345/261/30 11347/262/30
f 11348/257/4 11349/258/4 11347/255/4 11345/263/4
f 11347/262/25 11344/261/25 11351/264/25 11350/265/25
f 11346/266/1 11350/267/1 11351/268/1 11343/269/1
f 11356/784/2 11355/15/2 11353/16/2 11354/40/2
f 11357/10/3 11356/785/3 11354/786/3 11352/787/3
f 11358/809/15 11359/810/15 11363/811/15 11362/812/15
f 11361/813/14 11365/814/14 11359/815/14 11358/816/14
f 11360/675/3 11366/817/3 11361/813/3 11358/816/3
f 11360/818/2 11358/809/2 11362/812/2 11364/819/2
f 11363/820/10 11359/821/10 11365/822/10
f 11369/947/3 11367/948/3 11368/949/3 11371/950/3
f 11370/951/6 11373/952/6 11372/953/6 11369/954/6
f 11370/955/33 11369/947/33 11371/950/33 11376/956/33
f 11376/956/2 11374/957/2 11373/958/2 11370/955/2
f 11371/954/7 11375/959/7 11374/781/7 11376/951/7
l 2560 2559
