# Blender 5.0.1
# www.blender.org
o Plane.436
v -1.500001 4.725000 -21.500000
v -0.750001 4.725000 -21.500000
v -0.000001 4.725000 -21.500000
v 0.749999 4.725000 -21.500000
v 1.499999 4.725000 -21.500000
v -1.500001 4.725000 -20.750000
v -0.750001 4.725000 -20.750000
v -0.000001 4.725000 -20.750000
v 0.749999 4.725000 -20.750000
v 1.499999 4.725000 -20.750000
v -1.500001 4.725000 -20.000000
v -0.750001 4.725000 -20.000000
v -0.000001 4.725000 -20.000000
v 0.749999 4.725000 -20.000000
v 1.499999 4.725000 -20.000000
v -1.500001 4.725000 -19.250000
v -0.750001 4.725000 -19.250000
v -0.000001 4.725000 -19.250000
v 0.749999 4.725000 -19.250000
v 1.499999 4.725000 -19.250000
v -1.500001 4.725000 -18.500000
v -0.750001 4.725000 -18.500000
v -0.000001 4.725000 -18.500000
v 0.749999 4.725000 -18.500000
v 1.499999 4.725000 -18.500000
v 1.999999 1.000000 -17.900000
v 2.099999 1.000000 -17.900000
v 2.099999 1.000000 -18.000000
v 1.949999 1.000000 -17.850000
v 2.149999 1.000000 -17.850000
v 2.149999 1.000000 -18.049999
v 1.949999 0.900000 -17.850000
v 2.149999 0.900000 -17.850000
v 2.149999 0.900000 -18.049999
v 1.949998 1.000000 -18.049999
v 1.949998 0.900000 -18.049999
v 1.999999 1.000000 -18.000000
v 1.999999 0.900000 -17.900000
v 2.099999 0.900000 -17.900000
v 2.099999 0.900000 -18.000000
v 1.999999 0.900000 -18.000000
v 1.999999 -0.000000 -17.900000
v 2.099999 -0.000000 -17.900000
v 2.099999 -0.000000 -18.000000
v 1.999999 -0.000000 -18.000000
v 1.999999 2.000000 -17.900000
v 2.099999 2.000000 -17.900000
v 2.099999 2.000000 -18.000000
v 1.949999 2.000000 -17.850000
v 2.149999 2.000000 -17.850000
v 2.149999 2.000000 -18.049999
v 1.949999 1.900000 -17.850000
v 2.149999 1.900000 -17.850000
v 2.149999 1.900000 -18.049999
v 1.949998 2.000000 -18.049999
v 1.949998 1.900000 -18.049999
v 1.999999 2.000000 -18.000000
v 1.999999 1.900000 -17.900000
v 2.099999 1.900000 -17.900000
v 2.099999 1.900000 -18.000000
v 1.999999 1.900000 -18.000000
v 1.999999 1.000000 -17.900000
v 2.099999 1.000000 -17.900000
v 2.099999 1.000000 -18.000000
v 1.999999 1.000000 -18.000000
v 1.999999 3.000000 -17.900000
v 2.099999 3.000000 -17.900000
v 2.099999 3.000000 -18.000000
v 1.949999 3.000000 -17.850000
v 2.149999 3.000000 -17.850000
v 2.149999 3.000000 -18.049999
v 1.949999 2.900000 -17.850000
v 2.149999 2.900000 -17.850000
v 2.149999 2.900000 -18.049999
v 1.949998 3.000000 -18.049999
v 1.949998 2.900000 -18.049999
v 1.999999 3.000000 -18.000000
v 1.999999 2.900000 -17.900000
v 2.099999 2.900000 -17.900000
v 2.099999 2.900000 -18.000000
v 1.999999 2.900000 -18.000000
v 1.999999 2.000000 -17.900000
v 2.099999 2.000000 -17.900000
v 2.099999 2.000000 -18.000000
v 1.999999 2.000000 -18.000000
v 1.999999 4.000000 -17.900000
v 2.099999 4.000000 -17.900000
v 2.099999 4.000000 -18.000000
v 1.949999 4.000000 -17.850000
v 2.149999 4.000000 -17.850000
v 2.149999 4.000000 -18.049999
v 1.949999 3.900000 -17.850000
v 2.149999 3.900000 -17.850000
v 2.149999 3.900000 -18.049999
v 1.949998 4.000000 -18.049999
v 1.949998 3.900000 -18.049999
v 1.999999 4.000000 -18.000000
v 1.999999 3.900000 -17.900000
v 2.099999 3.900000 -17.900000
v 2.099999 3.900000 -18.000000
v 1.999999 3.900000 -18.000000
v 1.999999 3.000000 -17.900000
v 2.099999 3.000000 -17.900000
v 2.099999 3.000000 -18.000000
v 1.999999 3.000000 -18.000000
v -2.000001 1.000000 -18.000000
v -1.000001 1.000000 -18.000000
v -2.000001 0.100000 -18.000000
v -1.000001 0.100000 -18.000000
v -2.000001 0.100000 -17.900000
v -2.000001 0.000000 -17.900000
v -1.000001 0.000000 -17.900000
v -1.000001 0.100000 -17.900000
v -1.000001 1.000000 -18.000000
v -0.000001 1.000000 -18.000000
v -1.000001 0.100000 -18.000000
v -0.000001 0.100000 -18.000000
v -1.000001 0.100000 -17.900000
v -1.000001 0.000000 -17.900000
v -0.000001 -0.000000 -17.900000
v -0.000001 0.100000 -17.900000
v -0.000001 1.000000 -18.000000
v 0.999999 1.000000 -18.000000
v -0.000001 0.100000 -18.000000
v 0.999999 0.100000 -18.000000
v -0.000001 0.100000 -17.900000
v -0.000001 -0.000000 -17.900000
v 0.999999 -0.000000 -17.900000
v 0.999999 0.100000 -17.900000
v 0.999999 1.000000 -18.000000
v 1.999999 1.000000 -18.000000
v 0.999999 0.100000 -18.000000
v 1.999999 0.100000 -18.000000
v 0.999999 0.100000 -17.900000
v 0.999999 -0.000000 -17.900000
v 1.999999 -0.000000 -17.900000
v 1.999999 0.100000 -17.900000
v -1.000001 4.725000 -18.500000
v -0.000001 4.725000 -18.500000
v -1.000001 4.025000 -17.500000
v -0.000001 4.025000 -17.500000
v -1.000001 4.000000 -17.500000
v -0.000001 4.000000 -17.500000
v -0.000001 4.515028 -18.434813
v -0.000001 4.327541 -18.284853
v -0.000001 4.175603 -18.067799
v -0.000001 4.070631 -17.799961
v -1.000001 4.070631 -17.799961
v -1.000001 4.175603 -18.067799
v -1.000001 4.327541 -18.284853
v -1.000001 4.515028 -18.434813
v -0.000001 4.725000 -18.500000
v 0.999999 4.725000 -18.500000
v -0.000001 4.025000 -17.500000
v 0.999999 4.025000 -17.500000
v -0.000001 4.000000 -17.500000
v 0.999999 4.000000 -17.500000
v 0.999999 4.515028 -18.434813
v 0.999999 4.327541 -18.284853
v 0.999999 4.175603 -18.067799
v 0.999999 4.070631 -17.799961
v -0.000001 4.070631 -17.799961
v -0.000001 4.175603 -18.067799
v -0.000001 4.327541 -18.284853
v -0.000001 4.515028 -18.434813
v -1.550000 1.350000 -18.025000
v -1.550000 1.400000 -18.025000
v -1.550000 1.400000 -18.037500
v -1.500000 1.350000 -18.025000
v -1.500000 1.400000 -18.025000
v -1.500000 1.350000 -18.049999
v -1.500000 1.400000 -18.049999
v -1.899997 1.350000 -18.025000
v -1.899997 1.400000 -18.025000
v -1.899997 1.350000 -18.049999
v -1.899997 1.400000 -18.049999
v -1.849997 1.400000 -18.025000
v -1.849997 1.400000 -18.037500
v -1.649999 1.350000 -18.025000
v -1.649998 1.400000 -18.025000
v -1.649998 1.400000 -18.037500
v -1.599999 1.350000 -18.025000
v -1.599999 1.400000 -18.025000
v -1.599999 1.400000 -18.037500
v -1.799999 1.350000 -18.025000
v -1.799998 1.400000 -18.025000
v -1.799998 1.400000 -18.037500
v -1.749998 1.400000 -18.025000
v -1.749998 1.400000 -18.037500
v -1.899998 1.150000 -18.025000
v -1.899998 1.150000 -18.049999
v -1.849998 1.150000 -18.025000
v -1.849997 1.350000 -18.025000
v -1.849998 1.150000 -18.037500
v -1.849998 1.350000 -18.037500
v -1.899998 1.050000 -18.025000
v -1.849998 1.050000 -18.025000
v -1.799999 1.150000 -18.025000
v -1.799999 1.150000 -18.037500
v -1.799999 1.350000 -18.037500
v -1.749999 1.150000 -18.025000
v -1.749999 1.350000 -18.025000
v -1.749999 1.150000 -18.037500
v -1.749999 1.350000 -18.037500
v -1.799999 1.050000 -18.025000
v -1.749999 1.050000 -18.025000
v -1.649999 1.150000 -18.025000
v -1.649999 1.150000 -18.037500
v -1.649999 1.350000 -18.037500
v -1.599999 1.150000 -18.025000
v -1.599999 1.150000 -18.037500
v -1.599999 1.350000 -18.037500
v -1.649999 1.050000 -18.025000
v -1.599999 1.050000 -18.025000
v -1.550001 1.150000 -18.025000
v -1.550001 1.150000 -18.037500
v -1.550001 1.350000 -18.037500
v -1.500001 1.150000 -18.025000
v -1.500001 1.150000 -18.049999
v -1.550001 1.050000 -18.025000
v -1.500001 1.050000 -18.025000
v -1.500001 1.050000 -18.049999
v -1.899998 1.050000 -18.049999
v -1.649998 1.600000 -18.025000
v -1.649998 1.600000 -18.037500
v -1.599999 1.600000 -18.037500
v -1.599999 1.600000 -18.025000
v -1.799998 1.600000 -18.025000
v -1.799998 1.600000 -18.037500
v -1.749998 1.600000 -18.037500
v -1.749998 1.600000 -18.025000
v -1.550000 1.600000 -18.025000
v -1.550000 1.600000 -18.037500
v -1.500000 1.600000 -18.049999
v -1.500000 1.600000 -18.025000
v -1.899997 1.600000 -18.025000
v -1.899997 1.600000 -18.049999
v -1.849997 1.600000 -18.037500
v -1.849997 1.600000 -18.025000
v -1.649998 1.650000 -18.025000
v -1.649998 1.650000 -18.037500
v -1.599999 1.650000 -18.037500
v -1.599999 1.650000 -18.025000
v -1.799998 1.650000 -18.025000
v -1.799998 1.650000 -18.037500
v -1.749998 1.650000 -18.037500
v -1.749998 1.650000 -18.025000
v -1.550000 1.650000 -18.025000
v -1.550000 1.650000 -18.037500
v -1.500000 1.650000 -18.049999
v -1.500000 1.650000 -18.025000
v -1.899997 1.650000 -18.025000
v -1.899997 1.650000 -18.049999
v -1.849997 1.650000 -18.037500
v -1.849997 1.650000 -18.025000
v -1.649998 1.850000 -18.025000
v -1.649998 1.850000 -18.037500
v -1.599999 1.850000 -18.037500
v -1.599999 1.850000 -18.025000
v -1.799998 1.850000 -18.025000
v -1.799998 1.850000 -18.037500
v -1.749998 1.850000 -18.037500
v -1.749998 1.850000 -18.025000
v -1.550000 1.850000 -18.025000
v -1.550000 1.850000 -18.037500
v -1.500000 1.850000 -18.049999
v -1.500000 1.850000 -18.025000
v -1.899997 1.850000 -18.025000
v -1.899997 1.850000 -18.049999
v -1.849997 1.850000 -18.037500
v -1.849997 1.850000 -18.025000
v -1.649998 1.950000 -18.025000
v -1.599999 1.950000 -18.025000
v -1.799998 1.950000 -18.025000
v -1.749998 1.950000 -18.025000
v -1.550000 1.950000 -18.025000
v -1.500000 1.950000 -18.049999
v -1.500000 1.950000 -18.025000
v -1.899997 1.950000 -18.025000
v -1.899997 1.950000 -18.049999
v -1.849997 1.950000 -18.025000
v -1.150004 1.350000 -18.049999
v -1.150004 1.400000 -18.049999
v -1.150004 1.400000 -18.062500
v -1.100004 1.350000 -18.049999
v -1.100004 1.400000 -18.049999
v -1.100004 1.350000 -18.075001
v -1.100004 1.400000 -18.075001
v -1.500001 1.350000 -18.049999
v -1.500001 1.400000 -18.049999
v -1.500001 1.350000 -18.075001
v -1.500001 1.400000 -18.075001
v -1.450001 1.400000 -18.049999
v -1.450001 1.400000 -18.062500
v -1.250003 1.350000 -18.049999
v -1.250002 1.400000 -18.049999
v -1.250002 1.400000 -18.062500
v -1.200003 1.350000 -18.049999
v -1.200002 1.400000 -18.049999
v -1.200002 1.400000 -18.062500
v -1.400003 1.350000 -18.049999
v -1.400002 1.400000 -18.049999
v -1.400002 1.400000 -18.062500
v -1.350002 1.400000 -18.049999
v -1.350002 1.400000 -18.062500
v -1.500001 1.150000 -18.049999
v -1.500001 1.150000 -18.075001
v -1.450002 1.150000 -18.049999
v -1.450001 1.350000 -18.049999
v -1.450002 1.150000 -18.062500
v -1.450002 1.350000 -18.062500
v -1.500001 1.050000 -18.049999
v -1.450002 1.050000 -18.049999
v -1.400003 1.150000 -18.049999
v -1.400003 1.150000 -18.062500
v -1.400003 1.350000 -18.062500
v -1.350003 1.150000 -18.049999
v -1.350003 1.350000 -18.049999
v -1.350003 1.150000 -18.062500
v -1.350003 1.350000 -18.062500
v -1.400003 1.050000 -18.049999
v -1.350003 1.050000 -18.049999
v -1.250003 1.150000 -18.049999
v -1.250003 1.150000 -18.062500
v -1.250003 1.350000 -18.062500
v -1.200003 1.150000 -18.049999
v -1.200003 1.150000 -18.062500
v -1.200003 1.350000 -18.062500
v -1.250003 1.050000 -18.049999
v -1.200003 1.050000 -18.049999
v -1.150004 1.150000 -18.049999
v -1.150004 1.150000 -18.062500
v -1.150004 1.350000 -18.062500
v -1.100004 1.150000 -18.049999
v -1.100004 1.150000 -18.075001
v -1.150004 1.050000 -18.049999
v -1.100004 1.050000 -18.049999
v -1.100004 1.050000 -18.075001
v -1.500001 1.050000 -18.075001
v -1.250002 1.600000 -18.049999
v -1.250002 1.600000 -18.062500
v -1.200002 1.600000 -18.062500
v -1.200002 1.600000 -18.049999
v -1.400002 1.600000 -18.049999
v -1.400002 1.600000 -18.062500
v -1.350002 1.600000 -18.062500
v -1.350002 1.600000 -18.049999
v -1.150004 1.600000 -18.049999
v -1.150004 1.600000 -18.062500
v -1.100004 1.600000 -18.075001
v -1.100004 1.600000 -18.049999
v -1.500001 1.600000 -18.049999
v -1.500001 1.600000 -18.075001
v -1.450001 1.600000 -18.062500
v -1.450001 1.600000 -18.049999
v -1.250002 1.650000 -18.049999
v -1.250002 1.650000 -18.062500
v -1.200002 1.650000 -18.062500
v -1.200002 1.650000 -18.049999
v -1.400002 1.650000 -18.049999
v -1.400002 1.650000 -18.062500
v -1.350002 1.650000 -18.062500
v -1.350002 1.650000 -18.049999
v -1.150004 1.650000 -18.049999
v -1.150004 1.650000 -18.062500
v -1.100004 1.650000 -18.075001
v -1.100004 1.650000 -18.049999
v -1.500001 1.650000 -18.049999
v -1.500001 1.650000 -18.075001
v -1.450001 1.650000 -18.062500
v -1.450001 1.650000 -18.049999
v -1.250002 1.850000 -18.049999
v -1.250002 1.850000 -18.062500
v -1.200002 1.850000 -18.062500
v -1.200002 1.850000 -18.049999
v -1.400002 1.850000 -18.049999
v -1.400002 1.850000 -18.062500
v -1.350002 1.850000 -18.062500
v -1.350002 1.850000 -18.049999
v -1.150004 1.850000 -18.049999
v -1.150004 1.850000 -18.062500
v -1.100004 1.850000 -18.075001
v -1.100004 1.850000 -18.049999
v -1.500001 1.850000 -18.049999
v -1.500001 1.850000 -18.075001
v -1.450001 1.850000 -18.062500
v -1.450001 1.850000 -18.049999
v -1.250002 1.950000 -18.049999
v -1.200002 1.950000 -18.049999
v -1.400002 1.950000 -18.049999
v -1.350002 1.950000 -18.049999
v -1.150004 1.950000 -18.049999
v -1.100004 1.950000 -18.075001
v -1.100004 1.950000 -18.049999
v -1.500001 1.950000 -18.049999
v -1.500001 1.950000 -18.075001
v -1.450001 1.950000 -18.049999
v -2.000001 1.000000 -18.000000
v -1.000001 1.000000 -18.000000
v -2.000001 2.000000 -18.000000
v -1.000001 2.000000 -18.000000
v -2.000001 1.950000 -18.000000
v -2.000001 1.050000 -18.000000
v -1.000001 1.050000 -18.000000
v -1.000001 1.950000 -18.000000
v -1.899998 1.000000 -18.000000
v -1.100001 1.000000 -18.000000
v -1.100001 2.000000 -18.000000
v -1.899998 2.000000 -18.000000
v -1.100001 1.050000 -18.000000
v -1.899998 1.050000 -18.000000
v -1.100001 1.950000 -18.000000
v -1.899998 1.950000 -18.000000
v -1.100001 1.050000 -18.075001
v -1.899998 1.050000 -18.075001
v -1.100001 1.950000 -18.075001
v -1.899998 1.950000 -18.075001
v -1.550000 2.350000 -18.025000
v -1.550000 2.400000 -18.025000
v -1.550000 2.400000 -18.037500
v -1.500000 2.350000 -18.025000
v -1.500000 2.400000 -18.025000
v -1.500000 2.350000 -18.049999
v -1.500000 2.400000 -18.049999
v -1.899997 2.350000 -18.025000
v -1.899997 2.400000 -18.025000
v -1.899997 2.350000 -18.049999
v -1.899997 2.400000 -18.049999
v -1.849997 2.400000 -18.025000
v -1.849997 2.400000 -18.037500
v -1.649999 2.350000 -18.025000
v -1.649998 2.400000 -18.025000
v -1.649998 2.400000 -18.037500
v -1.599999 2.350000 -18.025000
v -1.599999 2.400000 -18.025000
v -1.599999 2.400000 -18.037500
v -1.799999 2.350000 -18.025000
v -1.799998 2.400000 -18.025000
v -1.799998 2.400000 -18.037500
v -1.749998 2.400000 -18.025000
v -1.749998 2.400000 -18.037500
v -1.899998 2.150000 -18.025000
v -1.899998 2.150000 -18.049999
v -1.849998 2.150000 -18.025000
v -1.849997 2.350000 -18.025000
v -1.849998 2.150000 -18.037500
v -1.849998 2.350000 -18.037500
v -1.899998 2.050000 -18.025000
v -1.849998 2.050000 -18.025000
v -1.799999 2.150000 -18.025000
v -1.799999 2.150000 -18.037500
v -1.799999 2.350000 -18.037500
v -1.749999 2.150000 -18.025000
v -1.749999 2.350000 -18.025000
v -1.749999 2.150000 -18.037500
v -1.749999 2.350000 -18.037500
v -1.799999 2.050000 -18.025000
v -1.749999 2.050000 -18.025000
v -1.649999 2.150000 -18.025000
v -1.649999 2.150000 -18.037500
v -1.649999 2.350000 -18.037500
v -1.599999 2.150000 -18.025000
v -1.599999 2.150000 -18.037500
v -1.599999 2.350000 -18.037500
v -1.649999 2.050000 -18.025000
v -1.599999 2.050000 -18.025000
v -1.550001 2.150000 -18.025000
v -1.550001 2.150000 -18.037500
v -1.550001 2.350000 -18.037500
v -1.500001 2.150000 -18.025000
v -1.500001 2.150000 -18.049999
v -1.550001 2.050000 -18.025000
v -1.500001 2.050000 -18.025000
v -1.500001 2.050000 -18.049999
v -1.899998 2.050000 -18.049999
v -1.649998 2.600000 -18.025000
v -1.649998 2.600000 -18.037500
v -1.599999 2.600000 -18.037500
v -1.599999 2.600000 -18.025000
v -1.799998 2.600000 -18.025000
v -1.799998 2.600000 -18.037500
v -1.749998 2.600000 -18.037500
v -1.749998 2.600000 -18.025000
v -1.550000 2.600000 -18.025000
v -1.550000 2.600000 -18.037500
v -1.500000 2.600000 -18.049999
v -1.500000 2.600000 -18.025000
v -1.899997 2.600000 -18.025000
v -1.899997 2.600000 -18.049999
v -1.849997 2.600000 -18.037500
v -1.849997 2.600000 -18.025000
v -1.649998 2.650000 -18.025000
v -1.649998 2.650000 -18.037500
v -1.599999 2.650000 -18.037500
v -1.599999 2.650000 -18.025000
v -1.799998 2.650000 -18.025000
v -1.799998 2.650000 -18.037500
v -1.749998 2.650000 -18.037500
v -1.749998 2.650000 -18.025000
v -1.550000 2.650000 -18.025000
v -1.550000 2.650000 -18.037500
v -1.500000 2.650000 -18.049999
v -1.500000 2.650000 -18.025000
v -1.899997 2.650000 -18.025000
v -1.899997 2.650000 -18.049999
v -1.849997 2.650000 -18.037500
v -1.849997 2.650000 -18.025000
v -1.649998 2.850000 -18.025000
v -1.649998 2.850000 -18.037500
v -1.599999 2.850000 -18.037500
v -1.599999 2.850000 -18.025000
v -1.799998 2.850000 -18.025000
v -1.799998 2.850000 -18.037500
v -1.749998 2.850000 -18.037500
v -1.749998 2.850000 -18.025000
v -1.550000 2.850000 -18.025000
v -1.550000 2.850000 -18.037500
v -1.500000 2.850000 -18.049999
v -1.500000 2.850000 -18.025000
v -1.899997 2.850000 -18.025000
v -1.899997 2.850000 -18.049999
v -1.849997 2.850000 -18.037500
v -1.849997 2.850000 -18.025000
v -1.649998 2.950000 -18.025000
v -1.599999 2.950000 -18.025000
v -1.799998 2.950000 -18.025000
v -1.749998 2.950000 -18.025000
v -1.550000 2.950000 -18.025000
v -1.500000 2.950000 -18.049999
v -1.500000 2.950000 -18.025000
v -1.899997 2.950000 -18.025000
v -1.899997 2.950000 -18.049999
v -1.849997 2.950000 -18.025000
v -1.150004 2.350000 -18.049999
v -1.150004 2.400000 -18.049999
v -1.150004 2.400000 -18.062500
v -1.100004 2.350000 -18.049999
v -1.100004 2.400000 -18.049999
v -1.100004 2.350000 -18.075001
v -1.100004 2.400000 -18.075001
v -1.500001 2.350000 -18.049999
v -1.500001 2.400000 -18.049999
v -1.500001 2.350000 -18.075001
v -1.500001 2.400000 -18.075001
v -1.450001 2.400000 -18.049999
v -1.450001 2.400000 -18.062500
v -1.250003 2.350000 -18.049999
v -1.250002 2.400000 -18.049999
v -1.250002 2.400000 -18.062500
v -1.200003 2.350000 -18.049999
v -1.200002 2.400000 -18.049999
v -1.200002 2.400000 -18.062500
v -1.400003 2.350000 -18.049999
v -1.400002 2.400000 -18.049999
v -1.400002 2.400000 -18.062500
v -1.350002 2.400000 -18.049999
v -1.350002 2.400000 -18.062500
v -1.500001 2.150000 -18.049999
v -1.500001 2.150000 -18.075001
v -1.450002 2.150000 -18.049999
v -1.450001 2.350000 -18.049999
v -1.450002 2.150000 -18.062500
v -1.450002 2.350000 -18.062500
v -1.500001 2.050000 -18.049999
v -1.450002 2.050000 -18.049999
v -1.400003 2.150000 -18.049999
v -1.400003 2.150000 -18.062500
v -1.400003 2.350000 -18.062500
v -1.350003 2.150000 -18.049999
v -1.350003 2.350000 -18.049999
v -1.350003 2.150000 -18.062500
v -1.350003 2.350000 -18.062500
v -1.400003 2.050000 -18.049999
v -1.350003 2.050000 -18.049999
v -1.250003 2.150000 -18.049999
v -1.250003 2.150000 -18.062500
v -1.250003 2.350000 -18.062500
v -1.200003 2.150000 -18.049999
v -1.200003 2.150000 -18.062500
v -1.200003 2.350000 -18.062500
v -1.250003 2.050000 -18.049999
v -1.200003 2.050000 -18.049999
v -1.150004 2.150000 -18.049999
v -1.150004 2.150000 -18.062500
v -1.150004 2.350000 -18.062500
v -1.100004 2.150000 -18.049999
v -1.100004 2.150000 -18.075001
v -1.150004 2.050000 -18.049999
v -1.100004 2.050000 -18.049999
v -1.100004 2.050000 -18.075001
v -1.500001 2.050000 -18.075001
v -1.250002 2.600000 -18.049999
v -1.250002 2.600000 -18.062500
v -1.200002 2.600000 -18.062500
v -1.200002 2.600000 -18.049999
v -1.400002 2.600000 -18.049999
v -1.400002 2.600000 -18.062500
v -1.350002 2.600000 -18.062500
v -1.350002 2.600000 -18.049999
v -1.150004 2.600000 -18.049999
v -1.150004 2.600000 -18.062500
v -1.100004 2.600000 -18.075001
v -1.100004 2.600000 -18.049999
v -1.500001 2.600000 -18.049999
v -1.500001 2.600000 -18.075001
v -1.450001 2.600000 -18.062500
v -1.450001 2.600000 -18.049999
v -1.250002 2.650000 -18.049999
v -1.250002 2.650000 -18.062500
v -1.200002 2.650000 -18.062500
v -1.200002 2.650000 -18.049999
v -1.400002 2.650000 -18.049999
v -1.400002 2.650000 -18.062500
v -1.350002 2.650000 -18.062500
v -1.350002 2.650000 -18.049999
v -1.150004 2.650000 -18.049999
v -1.150004 2.650000 -18.062500
v -1.100004 2.650000 -18.075001
v -1.100004 2.650000 -18.049999
v -1.500001 2.650000 -18.049999
v -1.500001 2.650000 -18.075001
v -1.450001 2.650000 -18.062500
v -1.450001 2.650000 -18.049999
v -1.250002 2.850000 -18.049999
v -1.250002 2.850000 -18.062500
v -1.200002 2.850000 -18.062500
v -1.200002 2.850000 -18.049999
v -1.400002 2.850000 -18.049999
v -1.400002 2.850000 -18.062500
v -1.350002 2.850000 -18.062500
v -1.350002 2.850000 -18.049999
v -1.150004 2.850000 -18.049999
v -1.150004 2.850000 -18.062500
v -1.100004 2.850000 -18.075001
v -1.100004 2.850000 -18.049999
v -1.500001 2.850000 -18.049999
v -1.500001 2.850000 -18.075001
v -1.450001 2.850000 -18.062500
v -1.450001 2.850000 -18.049999
v -1.250002 2.950000 -18.049999
v -1.200002 2.950000 -18.049999
v -1.400002 2.950000 -18.049999
v -1.350002 2.950000 -18.049999
v -1.150004 2.950000 -18.049999
v -1.100004 2.950000 -18.075001
v -1.100004 2.950000 -18.049999
v -1.500001 2.950000 -18.049999
v -1.500001 2.950000 -18.075001
v -1.450001 2.950000 -18.049999
v -2.000001 2.000000 -18.000000
v -1.000001 2.000000 -18.000000
v -2.000001 3.000000 -18.000000
v -1.000001 3.000000 -18.000000
v -2.000001 2.950000 -18.000000
v -2.000001 2.050000 -18.000000
v -1.000001 2.050000 -18.000000
v -1.000001 2.950000 -18.000000
v -1.899998 2.000000 -18.000000
v -1.100001 2.000000 -18.000000
v -1.100001 3.000000 -18.000000
v -1.899998 3.000000 -18.000000
v -1.100001 2.050000 -18.000000
v -1.899998 2.050000 -18.000000
v -1.100001 2.950000 -18.000000
v -1.899998 2.950000 -18.000000
v -1.100001 2.050000 -18.075001
v -1.899998 2.050000 -18.075001
v -1.100001 2.950000 -18.075001
v -1.899998 2.950000 -18.075001
v -1.550000 3.350000 -18.025000
v -1.550000 3.400000 -18.025000
v -1.550000 3.400000 -18.037500
v -1.500000 3.350000 -18.025000
v -1.500000 3.400000 -18.025000
v -1.500000 3.350000 -18.049999
v -1.500000 3.400000 -18.049999
v -1.899997 3.350000 -18.025000
v -1.899997 3.400000 -18.025000
v -1.899997 3.350000 -18.049999
v -1.899997 3.400000 -18.049999
v -1.849997 3.400000 -18.025000
v -1.849997 3.400000 -18.037500
v -1.649999 3.350000 -18.025000
v -1.649998 3.400000 -18.025000
v -1.649998 3.400000 -18.037500
v -1.599999 3.350000 -18.025000
v -1.599999 3.400000 -18.025000
v -1.599999 3.400000 -18.037500
v -1.799999 3.350000 -18.025000
v -1.799998 3.400000 -18.025000
v -1.799998 3.400000 -18.037500
v -1.749998 3.400000 -18.025000
v -1.749998 3.400000 -18.037500
v -1.899998 3.150000 -18.025000
v -1.899998 3.150000 -18.049999
v -1.849998 3.150000 -18.025000
v -1.849997 3.350000 -18.025000
v -1.849998 3.150000 -18.037500
v -1.849998 3.350000 -18.037500
v -1.899998 3.050000 -18.025000
v -1.849998 3.050000 -18.025000
v -1.799999 3.150000 -18.025000
v -1.799999 3.150000 -18.037500
v -1.799999 3.350000 -18.037500
v -1.749999 3.150000 -18.025000
v -1.749999 3.350000 -18.025000
v -1.749999 3.150000 -18.037500
v -1.749999 3.350000 -18.037500
v -1.799999 3.050000 -18.025000
v -1.749999 3.050000 -18.025000
v -1.649999 3.150000 -18.025000
v -1.649999 3.150000 -18.037500
v -1.649999 3.350000 -18.037500
v -1.599999 3.150000 -18.025000
v -1.599999 3.150000 -18.037500
v -1.599999 3.350000 -18.037500
v -1.649999 3.050000 -18.025000
v -1.599999 3.050000 -18.025000
v -1.550001 3.150000 -18.025000
v -1.550001 3.150000 -18.037500
v -1.550001 3.350000 -18.037500
v -1.500001 3.150000 -18.025000
v -1.500001 3.150000 -18.049999
v -1.550001 3.050000 -18.025000
v -1.500001 3.050000 -18.025000
v -1.500001 3.050000 -18.049999
v -1.899998 3.050000 -18.049999
v -1.649998 3.600000 -18.025000
v -1.649998 3.600000 -18.037500
v -1.599999 3.600000 -18.037500
v -1.599999 3.600000 -18.025000
v -1.799998 3.600000 -18.025000
v -1.799998 3.600000 -18.037500
v -1.749998 3.600000 -18.037500
v -1.749998 3.600000 -18.025000
v -1.550000 3.600000 -18.025000
v -1.550000 3.600000 -18.037500
v -1.500000 3.600000 -18.049999
v -1.500000 3.600000 -18.025000
v -1.899997 3.600000 -18.025000
v -1.899997 3.600000 -18.049999
v -1.849997 3.600000 -18.037500
v -1.849997 3.600000 -18.025000
v -1.649998 3.650000 -18.025000
v -1.649998 3.650000 -18.037500
v -1.599999 3.650000 -18.037500
v -1.599999 3.650000 -18.025000
v -1.799998 3.650000 -18.025000
v -1.799998 3.650000 -18.037500
v -1.749998 3.650000 -18.037500
v -1.749998 3.650000 -18.025000
v -1.550000 3.650000 -18.025000
v -1.550000 3.650000 -18.037500
v -1.500000 3.650000 -18.049999
v -1.500000 3.650000 -18.025000
v -1.899997 3.650000 -18.025000
v -1.899997 3.650000 -18.049999
v -1.849997 3.650000 -18.037500
v -1.849997 3.650000 -18.025000
v -1.649998 3.850000 -18.025000
v -1.649998 3.850000 -18.037500
v -1.599999 3.850000 -18.037500
v -1.599999 3.850000 -18.025000
v -1.799998 3.850000 -18.025000
v -1.799998 3.850000 -18.037500
v -1.749998 3.850000 -18.037500
v -1.749998 3.850000 -18.025000
v -1.550000 3.850000 -18.025000
v -1.550000 3.850000 -18.037500
v -1.500000 3.850000 -18.049999
v -1.500000 3.850000 -18.025000
v -1.899997 3.850000 -18.025000
v -1.899997 3.850000 -18.049999
v -1.849997 3.850000 -18.037500
v -1.849997 3.850000 -18.025000
v -1.649998 3.950000 -18.025000
v -1.599999 3.950000 -18.025000
v -1.799998 3.950000 -18.025000
v -1.749998 3.950000 -18.025000
v -1.550000 3.950000 -18.025000
v -1.500000 3.950000 -18.049999
v -1.500000 3.950000 -18.025000
v -1.899997 3.950000 -18.025000
v -1.899997 3.950000 -18.049999
v -1.849997 3.950000 -18.025000
v -1.150004 3.350000 -18.049999
v -1.150004 3.400000 -18.049999
v -1.150004 3.400000 -18.062500
v -1.100004 3.350000 -18.049999
v -1.100004 3.400000 -18.049999
v -1.100004 3.350000 -18.075001
v -1.100004 3.400000 -18.075001
v -1.500001 3.350000 -18.049999
v -1.500001 3.400000 -18.049999
v -1.500001 3.350000 -18.075001
v -1.500001 3.400000 -18.075001
v -1.450001 3.400000 -18.049999
v -1.450001 3.400000 -18.062500
v -1.250003 3.350000 -18.049999
v -1.250002 3.400000 -18.049999
v -1.250002 3.400000 -18.062500
v -1.200003 3.350000 -18.049999
v -1.200002 3.400000 -18.049999
v -1.200002 3.400000 -18.062500
v -1.400003 3.350000 -18.049999
v -1.400002 3.400000 -18.049999
v -1.400002 3.400000 -18.062500
v -1.350002 3.400000 -18.049999
v -1.350002 3.400000 -18.062500
v -1.500001 3.150000 -18.049999
v -1.500001 3.150000 -18.075001
v -1.450002 3.150000 -18.049999
v -1.450001 3.350000 -18.049999
v -1.450002 3.150000 -18.062500
v -1.450002 3.350000 -18.062500
v -1.500001 3.050000 -18.049999
v -1.450002 3.050000 -18.049999
v -1.400003 3.150000 -18.049999
v -1.400003 3.150000 -18.062500
v -1.400003 3.350000 -18.062500
v -1.350003 3.150000 -18.049999
v -1.350003 3.350000 -18.049999
v -1.350003 3.150000 -18.062500
v -1.350003 3.350000 -18.062500
v -1.400003 3.050000 -18.049999
v -1.350003 3.050000 -18.049999
v -1.250003 3.150000 -18.049999
v -1.250003 3.150000 -18.062500
v -1.250003 3.350000 -18.062500
v -1.200003 3.150000 -18.049999
v -1.200003 3.150000 -18.062500
v -1.200003 3.350000 -18.062500
v -1.250003 3.050000 -18.049999
v -1.200003 3.050000 -18.049999
v -1.150004 3.150000 -18.049999
v -1.150004 3.150000 -18.062500
v -1.150004 3.350000 -18.062500
v -1.100004 3.150000 -18.049999
v -1.100004 3.150000 -18.075001
v -1.150004 3.050000 -18.049999
v -1.100004 3.050000 -18.049999
v -1.100004 3.050000 -18.075001
v -1.500001 3.050000 -18.075001
v -1.250002 3.600000 -18.049999
v -1.250002 3.600000 -18.062500
v -1.200002 3.600000 -18.062500
v -1.200002 3.600000 -18.049999
v -1.400002 3.600000 -18.049999
v -1.400002 3.600000 -18.062500
v -1.350002 3.600000 -18.062500
v -1.350002 3.600000 -18.049999
v -1.150004 3.600000 -18.049999
v -1.150004 3.600000 -18.062500
v -1.100004 3.600000 -18.075001
v -1.100004 3.600000 -18.049999
v -1.500001 3.600000 -18.049999
v -1.500001 3.600000 -18.075001
v -1.450001 3.600000 -18.062500
v -1.450001 3.600000 -18.049999
v -1.250002 3.650000 -18.049999
v -1.250002 3.650000 -18.062500
v -1.200002 3.650000 -18.062500
v -1.200002 3.650000 -18.049999
v -1.400002 3.650000 -18.049999
v -1.400002 3.650000 -18.062500
v -1.350002 3.650000 -18.062500
v -1.350002 3.650000 -18.049999
v -1.150004 3.650000 -18.049999
v -1.150004 3.650000 -18.062500
v -1.100004 3.650000 -18.075001
v -1.100004 3.650000 -18.049999
v -1.500001 3.650000 -18.049999
v -1.500001 3.650000 -18.075001
v -1.450001 3.650000 -18.062500
v -1.450001 3.650000 -18.049999
v -1.250002 3.850000 -18.049999
v -1.250002 3.850000 -18.062500
v -1.200002 3.850000 -18.062500
v -1.200002 3.850000 -18.049999
v -1.400002 3.850000 -18.049999
v -1.400002 3.850000 -18.062500
v -1.350002 3.850000 -18.062500
v -1.350002 3.850000 -18.049999
v -1.150004 3.850000 -18.049999
v -1.150004 3.850000 -18.062500
v -1.100004 3.850000 -18.075001
v -1.100004 3.850000 -18.049999
v -1.500001 3.850000 -18.049999
v -1.500001 3.850000 -18.075001
v -1.450001 3.850000 -18.062500
v -1.450001 3.850000 -18.049999
v -1.250002 3.950000 -18.049999
v -1.200002 3.950000 -18.049999
v -1.400002 3.950000 -18.049999
v -1.350002 3.950000 -18.049999
v -1.150004 3.950000 -18.049999
v -1.100004 3.950000 -18.075001
v -1.100004 3.950000 -18.049999
v -1.500001 3.950000 -18.049999
v -1.500001 3.950000 -18.075001
v -1.450001 3.950000 -18.049999
v -2.000001 3.000000 -18.000000
v -1.000001 3.000000 -18.000000
v -2.000001 4.000000 -18.000000
v -1.000001 4.000000 -18.000000
v -2.000001 3.950000 -18.000000
v -2.000001 3.050000 -18.000000
v -1.000001 3.050000 -18.000000
v -1.000001 3.950000 -18.000000
v -1.899998 3.000000 -18.000000
v -1.100001 3.000000 -18.000000
v -1.100001 4.000000 -18.000000
v -1.899998 4.000000 -18.000000
v -1.100001 3.050000 -18.000000
v -1.899998 3.050000 -18.000000
v -1.100001 3.950000 -18.000000
v -1.899998 3.950000 -18.000000
v -1.100001 3.050000 -18.075001
v -1.899998 3.050000 -18.075001
v -1.100001 3.950000 -18.075001
v -1.899998 3.950000 -18.075001
v -1.000001 1.000000 -18.000000
v -0.000001 1.000000 -18.000000
v -1.000001 2.000000 -18.000000
v -0.000001 2.000000 -18.000000
v -0.781251 1.050000 -18.000000
v -0.218751 1.050000 -18.000000
v -0.681251 1.050000 -18.299999
v -0.318751 1.050000 -18.299999
v -0.781251 1.387500 -18.000000
v -0.612501 1.612500 -18.000000
v -0.731825 1.546599 -18.000000
v -0.387501 1.612500 -18.000000
v -0.218751 1.387500 -18.000000
v -0.268177 1.546599 -18.000000
v -0.500001 1.612500 -18.075001
v -0.681251 1.387500 -18.299999
v -0.631825 1.546599 -18.234098
v -0.318751 1.387500 -18.299999
v -0.368177 1.546599 -18.234098
v -1.000001 2.000000 -18.000000
v -0.000001 2.000000 -18.000000
v -1.000001 3.000000 -18.000000
v -0.000001 3.000000 -18.000000
v -0.550000 3.350000 -18.025000
v -0.550000 3.400000 -18.025000
v -0.550000 3.400000 -18.037500
v -0.500000 3.350000 -18.025000
v -0.500000 3.400000 -18.025000
v -0.500000 3.350000 -18.049999
v -0.500000 3.400000 -18.049999
v -0.899997 3.350000 -18.025000
v -0.899997 3.400000 -18.025000
v -0.899997 3.350000 -18.049999
v -0.899997 3.400000 -18.049999
v -0.849997 3.400000 -18.025000
v -0.849997 3.400000 -18.037500
v -0.649999 3.350000 -18.025000
v -0.649998 3.400000 -18.025000
v -0.649998 3.400000 -18.037500
v -0.599999 3.350000 -18.025000
v -0.599998 3.400000 -18.025000
v -0.599998 3.400000 -18.037500
v -0.799999 3.350000 -18.025000
v -0.799998 3.400000 -18.025000
v -0.799998 3.400000 -18.037500
v -0.749998 3.400000 -18.025000
v -0.749998 3.400000 -18.037500
v -0.899998 3.150000 -18.025000
v -0.899998 3.150000 -18.049999
v -0.849998 3.150000 -18.025000
v -0.849997 3.350000 -18.025000
v -0.849998 3.150000 -18.037500
v -0.849998 3.350000 -18.037500
v -0.899998 3.050000 -18.025000
v -0.849998 3.050000 -18.025000
v -0.799999 3.150000 -18.025000
v -0.799999 3.150000 -18.037500
v -0.799999 3.350000 -18.037500
v -0.749999 3.150000 -18.025000
v -0.749999 3.350000 -18.025000
v -0.749999 3.150000 -18.037500
v -0.749999 3.350000 -18.037500
v -0.799999 3.050000 -18.025000
v -0.749999 3.050000 -18.025000
v -0.649999 3.150000 -18.025000
v -0.649999 3.150000 -18.037500
v -0.649999 3.350000 -18.037500
v -0.599999 3.150000 -18.025000
v -0.599999 3.150000 -18.037500
v -0.599999 3.350000 -18.037500
v -0.649999 3.050000 -18.025000
v -0.599999 3.050000 -18.025000
v -0.550001 3.150000 -18.025000
v -0.550001 3.150000 -18.037500
v -0.550001 3.350000 -18.037500
v -0.500001 3.150000 -18.025000
v -0.500001 3.150000 -18.049999
v -0.550001 3.050000 -18.025000
v -0.500001 3.050000 -18.025000
v -0.500001 3.050000 -18.049999
v -0.899998 3.050000 -18.049999
v -0.649998 3.600000 -18.025000
v -0.649998 3.600000 -18.037500
v -0.599998 3.600000 -18.037500
v -0.599998 3.600000 -18.025000
v -0.799998 3.600000 -18.025000
v -0.799998 3.600000 -18.037500
v -0.749998 3.600000 -18.037500
v -0.749998 3.600000 -18.025000
v -0.550000 3.600000 -18.025000
v -0.550000 3.600000 -18.037500
v -0.500000 3.600000 -18.049999
v -0.500000 3.600000 -18.025000
v -0.899997 3.600000 -18.025000
v -0.899997 3.600000 -18.049999
v -0.849997 3.600000 -18.037500
v -0.849997 3.600000 -18.025000
v -0.649998 3.650000 -18.025000
v -0.649998 3.650000 -18.037500
v -0.599998 3.650000 -18.037500
v -0.599998 3.650000 -18.025000
v -0.799998 3.650000 -18.025000
v -0.799998 3.650000 -18.037500
v -0.749998 3.650000 -18.037500
v -0.749998 3.650000 -18.025000
v -0.550000 3.650000 -18.025000
v -0.550000 3.650000 -18.037500
v -0.500000 3.650000 -18.049999
v -0.500000 3.650000 -18.025000
v -0.899997 3.650000 -18.025000
v -0.899997 3.650000 -18.049999
v -0.849997 3.650000 -18.037500
v -0.849997 3.650000 -18.025000
v -0.649998 3.850000 -18.025000
v -0.649998 3.850000 -18.037500
v -0.599998 3.850000 -18.037500
v -0.599998 3.850000 -18.025000
v -0.799998 3.850000 -18.025000
v -0.799998 3.850000 -18.037500
v -0.749998 3.850000 -18.037500
v -0.749998 3.850000 -18.025000
v -0.550000 3.850000 -18.025000
v -0.550000 3.850000 -18.037500
v -0.500000 3.850000 -18.049999
v -0.500000 3.850000 -18.025000
v -0.899997 3.850000 -18.025000
v -0.899997 3.850000 -18.049999
v -0.849997 3.850000 -18.037500
v -0.849997 3.850000 -18.025000
v -0.649998 3.950000 -18.025000
v -0.599998 3.950000 -18.025000
v -0.799998 3.950000 -18.025000
v -0.749998 3.950000 -18.025000
v -0.550000 3.950000 -18.025000
v -0.500000 3.950000 -18.049999
v -0.500000 3.950000 -18.025000
v -0.899997 3.950000 -18.025000
v -0.899997 3.950000 -18.049999
v -0.849997 3.950000 -18.025000
v -0.150004 3.350000 -18.049999
v -0.150004 3.400000 -18.049999
v -0.150004 3.400000 -18.062500
v -0.100004 3.350000 -18.049999
v -0.100004 3.400000 -18.049999
v -0.100004 3.350000 -18.075001
v -0.100004 3.400000 -18.075001
v -0.500001 3.350000 -18.049999
v -0.500001 3.400000 -18.049999
v -0.500001 3.350000 -18.075001
v -0.500001 3.400000 -18.075001
v -0.450001 3.400000 -18.049999
v -0.450001 3.400000 -18.062500
v -0.250003 3.350000 -18.049999
v -0.250002 3.400000 -18.049999
v -0.250002 3.400000 -18.062500
v -0.200003 3.350000 -18.049999
v -0.200002 3.400000 -18.049999
v -0.200002 3.400000 -18.062500
v -0.400003 3.350000 -18.049999
v -0.400002 3.400000 -18.049999
v -0.400002 3.400000 -18.062500
v -0.350002 3.400000 -18.049999
v -0.350002 3.400000 -18.062500
v -0.500001 3.150000 -18.049999
v -0.500001 3.150000 -18.075001
v -0.450002 3.150000 -18.049999
v -0.450001 3.350000 -18.049999
v -0.450002 3.150000 -18.062500
v -0.450002 3.350000 -18.062500
v -0.500001 3.050000 -18.049999
v -0.450002 3.050000 -18.049999
v -0.400003 3.150000 -18.049999
v -0.400003 3.150000 -18.062500
v -0.400003 3.350000 -18.062500
v -0.350003 3.150000 -18.049999
v -0.350003 3.350000 -18.049999
v -0.350003 3.150000 -18.062500
v -0.350003 3.350000 -18.062500
v -0.400003 3.050000 -18.049999
v -0.350003 3.050000 -18.049999
v -0.250003 3.150000 -18.049999
v -0.250003 3.150000 -18.062500
v -0.250003 3.350000 -18.062500
v -0.200003 3.150000 -18.049999
v -0.200003 3.150000 -18.062500
v -0.200003 3.350000 -18.062500
v -0.250003 3.050000 -18.049999
v -0.200003 3.050000 -18.049999
v -0.150004 3.150000 -18.049999
v -0.150004 3.150000 -18.062500
v -0.150004 3.350000 -18.062500
v -0.100004 3.150000 -18.049999
v -0.100004 3.150000 -18.075001
v -0.150004 3.050000 -18.049999
v -0.100004 3.050000 -18.049999
v -0.100004 3.050000 -18.075001
v -0.500001 3.050000 -18.075001
v -0.250002 3.600000 -18.049999
v -0.250002 3.600000 -18.062500
v -0.200002 3.600000 -18.062500
v -0.200002 3.600000 -18.049999
v -0.400002 3.600000 -18.049999
v -0.400002 3.600000 -18.062500
v -0.350002 3.600000 -18.062500
v -0.350002 3.600000 -18.049999
v -0.150004 3.600000 -18.049999
v -0.150004 3.600000 -18.062500
v -0.100004 3.600000 -18.075001
v -0.100004 3.600000 -18.049999
v -0.500001 3.600000 -18.049999
v -0.500001 3.600000 -18.075001
v -0.450001 3.600000 -18.062500
v -0.450001 3.600000 -18.049999
v -0.250002 3.650000 -18.049999
v -0.250002 3.650000 -18.062500
v -0.200002 3.650000 -18.062500
v -0.200002 3.650000 -18.049999
v -0.400002 3.650000 -18.049999
v -0.400002 3.650000 -18.062500
v -0.350002 3.650000 -18.062500
v -0.350002 3.650000 -18.049999
v -0.150004 3.650000 -18.049999
v -0.150004 3.650000 -18.062500
v -0.100004 3.650000 -18.075001
v -0.100004 3.650000 -18.049999
v -0.500001 3.650000 -18.049999
v -0.500001 3.650000 -18.075001
v -0.450001 3.650000 -18.062500
v -0.450001 3.650000 -18.049999
v -0.250002 3.850000 -18.049999
v -0.250002 3.850000 -18.062500
v -0.200002 3.850000 -18.062500
v -0.200002 3.850000 -18.049999
v -0.400002 3.850000 -18.049999
v -0.400002 3.850000 -18.062500
v -0.350002 3.850000 -18.062500
v -0.350002 3.850000 -18.049999
v -0.150004 3.850000 -18.049999
v -0.150004 3.850000 -18.062500
v -0.100004 3.850000 -18.075001
v -0.100004 3.850000 -18.049999
v -0.500001 3.850000 -18.049999
v -0.500001 3.850000 -18.075001
v -0.450001 3.850000 -18.062500
v -0.450001 3.850000 -18.049999
v -0.250002 3.950000 -18.049999
v -0.200002 3.950000 -18.049999
v -0.400002 3.950000 -18.049999
v -0.350002 3.950000 -18.049999
v -0.150004 3.950000 -18.049999
v -0.100004 3.950000 -18.075001
v -0.100004 3.950000 -18.049999
v -0.500001 3.950000 -18.049999
v -0.500001 3.950000 -18.075001
v -0.450001 3.950000 -18.049999
v -1.000001 3.000000 -18.000000
v -0.000001 3.000000 -18.000000
v -1.000001 4.000000 -18.000000
v -0.000001 4.000000 -18.000000
v -1.000001 3.950000 -18.000000
v -1.000001 3.050000 -18.000000
v -0.000001 3.050000 -18.000000
v -0.000001 3.950000 -18.000000
v -0.899998 3.000000 -18.000000
v -0.100001 3.000000 -18.000000
v -0.100001 4.000000 -18.000000
v -0.899998 4.000000 -18.000000
v -0.100001 3.050000 -18.000000
v -0.899998 3.050000 -18.000000
v -0.100001 3.950000 -18.000000
v -0.899998 3.950000 -18.000000
v -0.100001 3.050000 -18.075001
v -0.899998 3.050000 -18.075001
v -0.100001 3.950000 -18.075001
v -0.899998 3.950000 -18.075001
v 0.450000 1.350000 -18.025000
v 0.450000 1.400000 -18.025000
v 0.450000 1.400000 -18.037500
v 0.500000 1.350000 -18.025000
v 0.500000 1.400000 -18.025000
v 0.500000 1.350000 -18.049999
v 0.500000 1.400000 -18.049999
v 0.100003 1.350000 -18.025000
v 0.100003 1.400000 -18.025000
v 0.100003 1.350000 -18.049999
v 0.100003 1.400000 -18.049999
v 0.150003 1.400000 -18.025000
v 0.150003 1.400000 -18.037500
v 0.350001 1.350000 -18.025000
v 0.350002 1.400000 -18.025000
v 0.350002 1.400000 -18.037500
v 0.400001 1.350000 -18.025000
v 0.400002 1.400000 -18.025000
v 0.400002 1.400000 -18.037500
v 0.200001 1.350000 -18.025000
v 0.200002 1.400000 -18.025000
v 0.200002 1.400000 -18.037500
v 0.250002 1.400000 -18.025000
v 0.250002 1.400000 -18.037500
v 0.100002 1.150000 -18.025000
v 0.100002 1.150000 -18.049999
v 0.150002 1.150000 -18.025000
v 0.150003 1.350000 -18.025000
v 0.150002 1.150000 -18.037500
v 0.150002 1.350000 -18.037500
v 0.100002 1.050000 -18.025000
v 0.150002 1.050000 -18.025000
v 0.200001 1.150000 -18.025000
v 0.200001 1.150000 -18.037500
v 0.200001 1.350000 -18.037500
v 0.250001 1.150000 -18.025000
v 0.250001 1.350000 -18.025000
v 0.250001 1.150000 -18.037500
v 0.250001 1.350000 -18.037500
v 0.200001 1.050000 -18.025000
v 0.250001 1.050000 -18.025000
v 0.350001 1.150000 -18.025000
v 0.350001 1.150000 -18.037500
v 0.350001 1.350000 -18.037500
v 0.400001 1.150000 -18.025000
v 0.400001 1.150000 -18.037500
v 0.400001 1.350000 -18.037500
v 0.350001 1.050000 -18.025000
v 0.400001 1.050000 -18.025000
v 0.449999 1.150000 -18.025000
v 0.449999 1.150000 -18.037500
v 0.449999 1.350000 -18.037500
v 0.499999 1.150000 -18.025000
v 0.499999 1.150000 -18.049999
v 0.449999 1.050000 -18.025000
v 0.499999 1.050000 -18.025000
v 0.499999 1.050000 -18.049999
v 0.100002 1.050000 -18.049999
v 0.350002 1.600000 -18.025000
v 0.350002 1.600000 -18.037500
v 0.400002 1.600000 -18.037500
v 0.400002 1.600000 -18.025000
v 0.200002 1.600000 -18.025000
v 0.200002 1.600000 -18.037500
v 0.250002 1.600000 -18.037500
v 0.250002 1.600000 -18.025000
v 0.450000 1.600000 -18.025000
v 0.450000 1.600000 -18.037500
v 0.500000 1.600000 -18.049999
v 0.500000 1.600000 -18.025000
v 0.100003 1.600000 -18.025000
v 0.100003 1.600000 -18.049999
v 0.150003 1.600000 -18.037500
v 0.150003 1.600000 -18.025000
v 0.350002 1.650000 -18.025000
v 0.350002 1.650000 -18.037500
v 0.400002 1.650000 -18.037500
v 0.400002 1.650000 -18.025000
v 0.200002 1.650000 -18.025000
v 0.200002 1.650000 -18.037500
v 0.250002 1.650000 -18.037500
v 0.250002 1.650000 -18.025000
v 0.450000 1.650000 -18.025000
v 0.450000 1.650000 -18.037500
v 0.500000 1.650000 -18.049999
v 0.500000 1.650000 -18.025000
v 0.100003 1.650000 -18.025000
v 0.100003 1.650000 -18.049999
v 0.150003 1.650000 -18.037500
v 0.150003 1.650000 -18.025000
v 0.350002 1.850000 -18.025000
v 0.350002 1.850000 -18.037500
v 0.400002 1.850000 -18.037500
v 0.400002 1.850000 -18.025000
v 0.200002 1.850000 -18.025000
v 0.200002 1.850000 -18.037500
v 0.250002 1.850000 -18.037500
v 0.250002 1.850000 -18.025000
v 0.450000 1.850000 -18.025000
v 0.450000 1.850000 -18.037500
v 0.500000 1.850000 -18.049999
v 0.500000 1.850000 -18.025000
v 0.100003 1.850000 -18.025000
v 0.100003 1.850000 -18.049999
v 0.150003 1.850000 -18.037500
v 0.150003 1.850000 -18.025000
v 0.350002 1.950000 -18.025000
v 0.400002 1.950000 -18.025000
v 0.200002 1.950000 -18.025000
v 0.250002 1.950000 -18.025000
v 0.450000 1.950000 -18.025000
v 0.500000 1.950000 -18.049999
v 0.500000 1.950000 -18.025000
v 0.100003 1.950000 -18.025000
v 0.100003 1.950000 -18.049999
v 0.150003 1.950000 -18.025000
v 0.849996 1.350000 -18.049999
v 0.849996 1.400000 -18.049999
v 0.849996 1.400000 -18.062500
v 0.899996 1.350000 -18.049999
v 0.899996 1.400000 -18.049999
v 0.899996 1.350000 -18.075001
v 0.899996 1.400000 -18.075001
v 0.499999 1.350000 -18.049999
v 0.499999 1.400000 -18.049999
v 0.499999 1.350000 -18.075001
v 0.499999 1.400000 -18.075001
v 0.549999 1.400000 -18.049999
v 0.549999 1.400000 -18.062500
v 0.749997 1.350000 -18.049999
v 0.749998 1.400000 -18.049999
v 0.749998 1.400000 -18.062500
v 0.799997 1.350000 -18.049999
v 0.799998 1.400000 -18.049999
v 0.799998 1.400000 -18.062500
v 0.599997 1.350000 -18.049999
v 0.599998 1.400000 -18.049999
v 0.599998 1.400000 -18.062500
v 0.649998 1.400000 -18.049999
v 0.649998 1.400000 -18.062500
v 0.499999 1.150000 -18.049999
v 0.499999 1.150000 -18.075001
v 0.549998 1.150000 -18.049999
v 0.549999 1.350000 -18.049999
v 0.549998 1.150000 -18.062500
v 0.549998 1.350000 -18.062500
v 0.499999 1.050000 -18.049999
v 0.549998 1.050000 -18.049999
v 0.599997 1.150000 -18.049999
v 0.599997 1.150000 -18.062500
v 0.599997 1.350000 -18.062500
v 0.649997 1.150000 -18.049999
v 0.649997 1.350000 -18.049999
v 0.649997 1.150000 -18.062500
v 0.649997 1.350000 -18.062500
v 0.599997 1.050000 -18.049999
v 0.649997 1.050000 -18.049999
v 0.749997 1.150000 -18.049999
v 0.749997 1.150000 -18.062500
v 0.749997 1.350000 -18.062500
v 0.799997 1.150000 -18.049999
v 0.799997 1.150000 -18.062500
v 0.799997 1.350000 -18.062500
v 0.749997 1.050000 -18.049999
v 0.799997 1.050000 -18.049999
v 0.849996 1.150000 -18.049999
v 0.849996 1.150000 -18.062500
v 0.849996 1.350000 -18.062500
v 0.899996 1.150000 -18.049999
v 0.899996 1.150000 -18.075001
v 0.849996 1.050000 -18.049999
v 0.899996 1.050000 -18.049999
v 0.899996 1.050000 -18.075001
v 0.499999 1.050000 -18.075001
v 0.749998 1.600000 -18.049999
v 0.749998 1.600000 -18.062500
v 0.799998 1.600000 -18.062500
v 0.799998 1.600000 -18.049999
v 0.599998 1.600000 -18.049999
v 0.599998 1.600000 -18.062500
v 0.649998 1.600000 -18.062500
v 0.649998 1.600000 -18.049999
v 0.849996 1.600000 -18.049999
v 0.849996 1.600000 -18.062500
v 0.899996 1.600000 -18.075001
v 0.899996 1.600000 -18.049999
v 0.499999 1.600000 -18.049999
v 0.499999 1.600000 -18.075001
v 0.549999 1.600000 -18.062500
v 0.549999 1.600000 -18.049999
v 0.749998 1.650000 -18.049999
v 0.749998 1.650000 -18.062500
v 0.799998 1.650000 -18.062500
v 0.799998 1.650000 -18.049999
v 0.599998 1.650000 -18.049999
v 0.599998 1.650000 -18.062500
v 0.649998 1.650000 -18.062500
v 0.649998 1.650000 -18.049999
v 0.849996 1.650000 -18.049999
v 0.849996 1.650000 -18.062500
v 0.899996 1.650000 -18.075001
v 0.899996 1.650000 -18.049999
v 0.499999 1.650000 -18.049999
v 0.499999 1.650000 -18.075001
v 0.549999 1.650000 -18.062500
v 0.549999 1.650000 -18.049999
v 0.749998 1.850000 -18.049999
v 0.749998 1.850000 -18.062500
v 0.799998 1.850000 -18.062500
v 0.799998 1.850000 -18.049999
v 0.599998 1.850000 -18.049999
v 0.599998 1.850000 -18.062500
v 0.649998 1.850000 -18.062500
v 0.649998 1.850000 -18.049999
v 0.849996 1.850000 -18.049999
v 0.849996 1.850000 -18.062500
v 0.899996 1.850000 -18.075001
v 0.899996 1.850000 -18.049999
v 0.499999 1.850000 -18.049999
v 0.499999 1.850000 -18.075001
v 0.549999 1.850000 -18.062500
v 0.549999 1.850000 -18.049999
v 0.749998 1.950000 -18.049999
v 0.799998 1.950000 -18.049999
v 0.599998 1.950000 -18.049999
v 0.649998 1.950000 -18.049999
v 0.849996 1.950000 -18.049999
v 0.899996 1.950000 -18.075001
v 0.899996 1.950000 -18.049999
v 0.499999 1.950000 -18.049999
v 0.499999 1.950000 -18.075001
v 0.549999 1.950000 -18.049999
v -0.000001 1.000000 -18.000000
v 0.999999 1.000000 -18.000000
v -0.000001 2.000000 -18.000000
v 0.999999 2.000000 -18.000000
v -0.000001 1.950000 -18.000000
v -0.000001 1.050000 -18.000000
v 0.999999 1.050000 -18.000000
v 0.999999 1.950000 -18.000000
v 0.100002 1.000000 -18.000000
v 0.899999 1.000000 -18.000000
v 0.899999 2.000000 -18.000000
v 0.100002 2.000000 -18.000000
v 0.899999 1.050000 -18.000000
v 0.100002 1.050000 -18.000000
v 0.899999 1.950000 -18.000000
v 0.100002 1.950000 -18.000000
v 0.899999 1.050000 -18.075001
v 0.100002 1.050000 -18.075001
v 0.899999 1.950000 -18.075001
v 0.100002 1.950000 -18.075001
v 0.450000 2.350000 -18.025000
v 0.450000 2.400000 -18.025000
v 0.450000 2.400000 -18.037500
v 0.500000 2.350000 -18.025000
v 0.500000 2.400000 -18.025000
v 0.500000 2.350000 -18.049999
v 0.500000 2.400000 -18.049999
v 0.100003 2.350000 -18.025000
v 0.100003 2.400000 -18.025000
v 0.100003 2.350000 -18.049999
v 0.100003 2.400000 -18.049999
v 0.150003 2.400000 -18.025000
v 0.150003 2.400000 -18.037500
v 0.350001 2.350000 -18.025000
v 0.350002 2.400000 -18.025000
v 0.350002 2.400000 -18.037500
v 0.400001 2.350000 -18.025000
v 0.400002 2.400000 -18.025000
v 0.400002 2.400000 -18.037500
v 0.200001 2.350000 -18.025000
v 0.200002 2.400000 -18.025000
v 0.200002 2.400000 -18.037500
v 0.250002 2.400000 -18.025000
v 0.250002 2.400000 -18.037500
v 0.100002 2.150000 -18.025000
v 0.100002 2.150000 -18.049999
v 0.150002 2.150000 -18.025000
v 0.150003 2.350000 -18.025000
v 0.150002 2.150000 -18.037500
v 0.150002 2.350000 -18.037500
v 0.100002 2.050000 -18.025000
v 0.150002 2.050000 -18.025000
v 0.200001 2.150000 -18.025000
v 0.200001 2.150000 -18.037500
v 0.200001 2.350000 -18.037500
v 0.250001 2.150000 -18.025000
v 0.250001 2.350000 -18.025000
v 0.250001 2.150000 -18.037500
v 0.250001 2.350000 -18.037500
v 0.200001 2.050000 -18.025000
v 0.250001 2.050000 -18.025000
v 0.350001 2.150000 -18.025000
v 0.350001 2.150000 -18.037500
v 0.350001 2.350000 -18.037500
v 0.400001 2.150000 -18.025000
v 0.400001 2.150000 -18.037500
v 0.400001 2.350000 -18.037500
v 0.350001 2.050000 -18.025000
v 0.400001 2.050000 -18.025000
v 0.449999 2.150000 -18.025000
v 0.449999 2.150000 -18.037500
v 0.449999 2.350000 -18.037500
v 0.499999 2.150000 -18.025000
v 0.499999 2.150000 -18.049999
v 0.449999 2.050000 -18.025000
v 0.499999 2.050000 -18.025000
v 0.499999 2.050000 -18.049999
v 0.100002 2.050000 -18.049999
v 0.350002 2.600000 -18.025000
v 0.350002 2.600000 -18.037500
v 0.400002 2.600000 -18.037500
v 0.400002 2.600000 -18.025000
v 0.200002 2.600000 -18.025000
v 0.200002 2.600000 -18.037500
v 0.250002 2.600000 -18.037500
v 0.250002 2.600000 -18.025000
v 0.450000 2.600000 -18.025000
v 0.450000 2.600000 -18.037500
v 0.500000 2.600000 -18.049999
v 0.500000 2.600000 -18.025000
v 0.100003 2.600000 -18.025000
v 0.100003 2.600000 -18.049999
v 0.150003 2.600000 -18.037500
v 0.150003 2.600000 -18.025000
v 0.350002 2.650000 -18.025000
v 0.350002 2.650000 -18.037500
v 0.400002 2.650000 -18.037500
v 0.400002 2.650000 -18.025000
v 0.200002 2.650000 -18.025000
v 0.200002 2.650000 -18.037500
v 0.250002 2.650000 -18.037500
v 0.250002 2.650000 -18.025000
v 0.450000 2.650000 -18.025000
v 0.450000 2.650000 -18.037500
v 0.500000 2.650000 -18.049999
v 0.500000 2.650000 -18.025000
v 0.100003 2.650000 -18.025000
v 0.100003 2.650000 -18.049999
v 0.150003 2.650000 -18.037500
v 0.150003 2.650000 -18.025000
v 0.350002 2.850000 -18.025000
v 0.350002 2.850000 -18.037500
v 0.400002 2.850000 -18.037500
v 0.400002 2.850000 -18.025000
v 0.200002 2.850000 -18.025000
v 0.200002 2.850000 -18.037500
v 0.250002 2.850000 -18.037500
v 0.250002 2.850000 -18.025000
v 0.450000 2.850000 -18.025000
v 0.450000 2.850000 -18.037500
v 0.500000 2.850000 -18.049999
v 0.500000 2.850000 -18.025000
v 0.100003 2.850000 -18.025000
v 0.100003 2.850000 -18.049999
v 0.150003 2.850000 -18.037500
v 0.150003 2.850000 -18.025000
v 0.350002 2.950000 -18.025000
v 0.400002 2.950000 -18.025000
v 0.200002 2.950000 -18.025000
v 0.250002 2.950000 -18.025000
v 0.450000 2.950000 -18.025000
v 0.500000 2.950000 -18.049999
v 0.500000 2.950000 -18.025000
v 0.100003 2.950000 -18.025000
v 0.100003 2.950000 -18.049999
v 0.150003 2.950000 -18.025000
v 0.849996 2.350000 -18.049999
v 0.849996 2.400000 -18.049999
v 0.849996 2.400000 -18.062500
v 0.899996 2.350000 -18.049999
v 0.899996 2.400000 -18.049999
v 0.899996 2.350000 -18.075001
v 0.899996 2.400000 -18.075001
v 0.499999 2.350000 -18.049999
v 0.499999 2.400000 -18.049999
v 0.499999 2.350000 -18.075001
v 0.499999 2.400000 -18.075001
v 0.549999 2.400000 -18.049999
v 0.549999 2.400000 -18.062500
v 0.749997 2.350000 -18.049999
v 0.749998 2.400000 -18.049999
v 0.749998 2.400000 -18.062500
v 0.799997 2.350000 -18.049999
v 0.799998 2.400000 -18.049999
v 0.799998 2.400000 -18.062500
v 0.599997 2.350000 -18.049999
v 0.599998 2.400000 -18.049999
v 0.599998 2.400000 -18.062500
v 0.649998 2.400000 -18.049999
v 0.649998 2.400000 -18.062500
v 0.499999 2.150000 -18.049999
v 0.499999 2.150000 -18.075001
v 0.549998 2.150000 -18.049999
v 0.549999 2.350000 -18.049999
v 0.549998 2.150000 -18.062500
v 0.549998 2.350000 -18.062500
v 0.499999 2.050000 -18.049999
v 0.549998 2.050000 -18.049999
v 0.599997 2.150000 -18.049999
v 0.599997 2.150000 -18.062500
v 0.599997 2.350000 -18.062500
v 0.649997 2.150000 -18.049999
v 0.649997 2.350000 -18.049999
v 0.649997 2.150000 -18.062500
v 0.649997 2.350000 -18.062500
v 0.599997 2.050000 -18.049999
v 0.649997 2.050000 -18.049999
v 0.749997 2.150000 -18.049999
v 0.749997 2.150000 -18.062500
v 0.749997 2.350000 -18.062500
v 0.799997 2.150000 -18.049999
v 0.799997 2.150000 -18.062500
v 0.799997 2.350000 -18.062500
v 0.749997 2.050000 -18.049999
v 0.799997 2.050000 -18.049999
v 0.849996 2.150000 -18.049999
v 0.849996 2.150000 -18.062500
v 0.849996 2.350000 -18.062500
v 0.899996 2.150000 -18.049999
v 0.899996 2.150000 -18.075001
v 0.849996 2.050000 -18.049999
v 0.899996 2.050000 -18.049999
v 0.899996 2.050000 -18.075001
v 0.499999 2.050000 -18.075001
v 0.749998 2.600000 -18.049999
v 0.749998 2.600000 -18.062500
v 0.799998 2.600000 -18.062500
v 0.799998 2.600000 -18.049999
v 0.599998 2.600000 -18.049999
v 0.599998 2.600000 -18.062500
v 0.649998 2.600000 -18.062500
v 0.649998 2.600000 -18.049999
v 0.849996 2.600000 -18.049999
v 0.849996 2.600000 -18.062500
v 0.899996 2.600000 -18.075001
v 0.899996 2.600000 -18.049999
v 0.499999 2.600000 -18.049999
v 0.499999 2.600000 -18.075001
v 0.549999 2.600000 -18.062500
v 0.549999 2.600000 -18.049999
v 0.749998 2.650000 -18.049999
v 0.749998 2.650000 -18.062500
v 0.799998 2.650000 -18.062500
v 0.799998 2.650000 -18.049999
v 0.599998 2.650000 -18.049999
v 0.599998 2.650000 -18.062500
v 0.649998 2.650000 -18.062500
v 0.649998 2.650000 -18.049999
v 0.849996 2.650000 -18.049999
v 0.849996 2.650000 -18.062500
v 0.899996 2.650000 -18.075001
v 0.899996 2.650000 -18.049999
v 0.499999 2.650000 -18.049999
v 0.499999 2.650000 -18.075001
v 0.549999 2.650000 -18.062500
v 0.549999 2.650000 -18.049999
v 0.749998 2.850000 -18.049999
v 0.749998 2.850000 -18.062500
v 0.799998 2.850000 -18.062500
v 0.799998 2.850000 -18.049999
v 0.599998 2.850000 -18.049999
v 0.599998 2.850000 -18.062500
v 0.649998 2.850000 -18.062500
v 0.649998 2.850000 -18.049999
v 0.849996 2.850000 -18.049999
v 0.849996 2.850000 -18.062500
v 0.899996 2.850000 -18.075001
v 0.899996 2.850000 -18.049999
v 0.499999 2.850000 -18.049999
v 0.499999 2.850000 -18.075001
v 0.549999 2.850000 -18.062500
v 0.549999 2.850000 -18.049999
v 0.749998 2.950000 -18.049999
v 0.799998 2.950000 -18.049999
v 0.599998 2.950000 -18.049999
v 0.649998 2.950000 -18.049999
v 0.849996 2.950000 -18.049999
v 0.899996 2.950000 -18.075001
v 0.899996 2.950000 -18.049999
v 0.499999 2.950000 -18.049999
v 0.499999 2.950000 -18.075001
v 0.549999 2.950000 -18.049999
v -0.000001 2.000000 -18.000000
v 0.999999 2.000000 -18.000000
v -0.000001 3.000000 -18.000000
v 0.999999 3.000000 -18.000000
v -0.000001 2.950000 -18.000000
v -0.000001 2.050000 -18.000000
v 0.999999 2.050000 -18.000000
v 0.999999 2.950000 -18.000000
v 0.100002 2.000000 -18.000000
v 0.899999 2.000000 -18.000000
v 0.899999 3.000000 -18.000000
v 0.100002 3.000000 -18.000000
v 0.899999 2.050000 -18.000000
v 0.100002 2.050000 -18.000000
v 0.899999 2.950000 -18.000000
v 0.100002 2.950000 -18.000000
v 0.899999 2.050000 -18.075001
v 0.100002 2.050000 -18.075001
v 0.899999 2.950000 -18.075001
v 0.100002 2.950000 -18.075001
v 0.450000 3.350000 -18.025000
v 0.450000 3.400000 -18.025000
v 0.450000 3.400000 -18.037500
v 0.500000 3.350000 -18.025000
v 0.500000 3.400000 -18.025000
v 0.500000 3.350000 -18.049999
v 0.500000 3.400000 -18.049999
v 0.100003 3.350000 -18.025000
v 0.100003 3.400000 -18.025000
v 0.100003 3.350000 -18.049999
v 0.100003 3.400000 -18.049999
v 0.150003 3.400000 -18.025000
v 0.150003 3.400000 -18.037500
v 0.350001 3.350000 -18.025000
v 0.350002 3.400000 -18.025000
v 0.350002 3.400000 -18.037500
v 0.400001 3.350000 -18.025000
v 0.400002 3.400000 -18.025000
v 0.400002 3.400000 -18.037500
v 0.200001 3.350000 -18.025000
v 0.200002 3.400000 -18.025000
v 0.200002 3.400000 -18.037500
v 0.250002 3.400000 -18.025000
v 0.250002 3.400000 -18.037500
v 0.100002 3.150000 -18.025000
v 0.100002 3.150000 -18.049999
v 0.150002 3.150000 -18.025000
v 0.150003 3.350000 -18.025000
v 0.150002 3.150000 -18.037500
v 0.150002 3.350000 -18.037500
v 0.100002 3.050000 -18.025000
v 0.150002 3.050000 -18.025000
v 0.200001 3.150000 -18.025000
v 0.200001 3.150000 -18.037500
v 0.200001 3.350000 -18.037500
v 0.250001 3.150000 -18.025000
v 0.250001 3.350000 -18.025000
v 0.250001 3.150000 -18.037500
v 0.250001 3.350000 -18.037500
v 0.200001 3.050000 -18.025000
v 0.250001 3.050000 -18.025000
v 0.350001 3.150000 -18.025000
v 0.350001 3.150000 -18.037500
v 0.350001 3.350000 -18.037500
v 0.400001 3.150000 -18.025000
v 0.400001 3.150000 -18.037500
v 0.400001 3.350000 -18.037500
v 0.350001 3.050000 -18.025000
v 0.400001 3.050000 -18.025000
v 0.449999 3.150000 -18.025000
v 0.449999 3.150000 -18.037500
v 0.449999 3.350000 -18.037500
v 0.499999 3.150000 -18.025000
v 0.499999 3.150000 -18.049999
v 0.449999 3.050000 -18.025000
v 0.499999 3.050000 -18.025000
v 0.499999 3.050000 -18.049999
v 0.100002 3.050000 -18.049999
v 0.350002 3.600000 -18.025000
v 0.350002 3.600000 -18.037500
v 0.400002 3.600000 -18.037500
v 0.400002 3.600000 -18.025000
v 0.200002 3.600000 -18.025000
v 0.200002 3.600000 -18.037500
v 0.250002 3.600000 -18.037500
v 0.250002 3.600000 -18.025000
v 0.450000 3.600000 -18.025000
v 0.450000 3.600000 -18.037500
v 0.500000 3.600000 -18.049999
v 0.500000 3.600000 -18.025000
v 0.100003 3.600000 -18.025000
v 0.100003 3.600000 -18.049999
v 0.150003 3.600000 -18.037500
v 0.150003 3.600000 -18.025000
v 0.350002 3.650000 -18.025000
v 0.350002 3.650000 -18.037500
v 0.400002 3.650000 -18.037500
v 0.400002 3.650000 -18.025000
v 0.200002 3.650000 -18.025000
v 0.200002 3.650000 -18.037500
v 0.250002 3.650000 -18.037500
v 0.250002 3.650000 -18.025000
v 0.450000 3.650000 -18.025000
v 0.450000 3.650000 -18.037500
v 0.500000 3.650000 -18.049999
v 0.500000 3.650000 -18.025000
v 0.100003 3.650000 -18.025000
v 0.100003 3.650000 -18.049999
v 0.150003 3.650000 -18.037500
v 0.150003 3.650000 -18.025000
v 0.350002 3.850000 -18.025000
v 0.350002 3.850000 -18.037500
v 0.400002 3.850000 -18.037500
v 0.400002 3.850000 -18.025000
v 0.200002 3.850000 -18.025000
v 0.200002 3.850000 -18.037500
v 0.250002 3.850000 -18.037500
v 0.250002 3.850000 -18.025000
v 0.450000 3.850000 -18.025000
v 0.450000 3.850000 -18.037500
v 0.500000 3.850000 -18.049999
v 0.500000 3.850000 -18.025000
v 0.100003 3.850000 -18.025000
v 0.100003 3.850000 -18.049999
v 0.150003 3.850000 -18.037500
v 0.150003 3.850000 -18.025000
v 0.350002 3.950000 -18.025000
v 0.400002 3.950000 -18.025000
v 0.200002 3.950000 -18.025000
v 0.250002 3.950000 -18.025000
v 0.450000 3.950000 -18.025000
v 0.500000 3.950000 -18.049999
v 0.500000 3.950000 -18.025000
v 0.100003 3.950000 -18.025000
v 0.100003 3.950000 -18.049999
v 0.150003 3.950000 -18.025000
v 0.849996 3.350000 -18.049999
v 0.849996 3.400000 -18.049999
v 0.849996 3.400000 -18.062500
v 0.899996 3.350000 -18.049999
v 0.899996 3.400000 -18.049999
v 0.899996 3.350000 -18.075001
v 0.899996 3.400000 -18.075001
v 0.499999 3.350000 -18.049999
v 0.499999 3.400000 -18.049999
v 0.499999 3.350000 -18.075001
v 0.499999 3.400000 -18.075001
v 0.549999 3.400000 -18.049999
v 0.549999 3.400000 -18.062500
v 0.749997 3.350000 -18.049999
v 0.749998 3.400000 -18.049999
v 0.749998 3.400000 -18.062500
v 0.799997 3.350000 -18.049999
v 0.799998 3.400000 -18.049999
v 0.799998 3.400000 -18.062500
v 0.599997 3.350000 -18.049999
v 0.599998 3.400000 -18.049999
v 0.599998 3.400000 -18.062500
v 0.649998 3.400000 -18.049999
v 0.649998 3.400000 -18.062500
v 0.499999 3.150000 -18.049999
v 0.499999 3.150000 -18.075001
v 0.549998 3.150000 -18.049999
v 0.549999 3.350000 -18.049999
v 0.549998 3.150000 -18.062500
v 0.549998 3.350000 -18.062500
v 0.499999 3.050000 -18.049999
v 0.549998 3.050000 -18.049999
v 0.599997 3.150000 -18.049999
v 0.599997 3.150000 -18.062500
v 0.599997 3.350000 -18.062500
v 0.649997 3.150000 -18.049999
v 0.649997 3.350000 -18.049999
v 0.649997 3.150000 -18.062500
v 0.649997 3.350000 -18.062500
v 0.599997 3.050000 -18.049999
v 0.649997 3.050000 -18.049999
v 0.749997 3.150000 -18.049999
v 0.749997 3.150000 -18.062500
v 0.749997 3.350000 -18.062500
v 0.799997 3.150000 -18.049999
v 0.799997 3.150000 -18.062500
v 0.799997 3.350000 -18.062500
v 0.749997 3.050000 -18.049999
v 0.799997 3.050000 -18.049999
v 0.849996 3.150000 -18.049999
v 0.849996 3.150000 -18.062500
v 0.849996 3.350000 -18.062500
v 0.899996 3.150000 -18.049999
v 0.899996 3.150000 -18.075001
v 0.849996 3.050000 -18.049999
v 0.899996 3.050000 -18.049999
v 0.899996 3.050000 -18.075001
v 0.499999 3.050000 -18.075001
v 0.749998 3.600000 -18.049999
v 0.749998 3.600000 -18.062500
v 0.799998 3.600000 -18.062500
v 0.799998 3.600000 -18.049999
v 0.599998 3.600000 -18.049999
v 0.599998 3.600000 -18.062500
v 0.649998 3.600000 -18.062500
v 0.649998 3.600000 -18.049999
v 0.849996 3.600000 -18.049999
v 0.849996 3.600000 -18.062500
v 0.899996 3.600000 -18.075001
v 0.899996 3.600000 -18.049999
v 0.499999 3.600000 -18.049999
v 0.499999 3.600000 -18.075001
v 0.549999 3.600000 -18.062500
v 0.549999 3.600000 -18.049999
v 0.749998 3.650000 -18.049999
v 0.749998 3.650000 -18.062500
v 0.799998 3.650000 -18.062500
v 0.799998 3.650000 -18.049999
v 0.599998 3.650000 -18.049999
v 0.599998 3.650000 -18.062500
v 0.649998 3.650000 -18.062500
v 0.649998 3.650000 -18.049999
v 0.849996 3.650000 -18.049999
v 0.849996 3.650000 -18.062500
v 0.899996 3.650000 -18.075001
v 0.899996 3.650000 -18.049999
v 0.499999 3.650000 -18.049999
v 0.499999 3.650000 -18.075001
v 0.549999 3.650000 -18.062500
v 0.549999 3.650000 -18.049999
v 0.749998 3.850000 -18.049999
v 0.749998 3.850000 -18.062500
v 0.799998 3.850000 -18.062500
v 0.799998 3.850000 -18.049999
v 0.599998 3.850000 -18.049999
v 0.599998 3.850000 -18.062500
v 0.649998 3.850000 -18.062500
v 0.649998 3.850000 -18.049999
v 0.849996 3.850000 -18.049999
v 0.849996 3.850000 -18.062500
v 0.899996 3.850000 -18.075001
v 0.899996 3.850000 -18.049999
v 0.499999 3.850000 -18.049999
v 0.499999 3.850000 -18.075001
v 0.549999 3.850000 -18.062500
v 0.549999 3.850000 -18.049999
v 0.749998 3.950000 -18.049999
v 0.799998 3.950000 -18.049999
v 0.599998 3.950000 -18.049999
v 0.649998 3.950000 -18.049999
v 0.849996 3.950000 -18.049999
v 0.899996 3.950000 -18.075001
v 0.899996 3.950000 -18.049999
v 0.499999 3.950000 -18.049999
v 0.499999 3.950000 -18.075001
v 0.549999 3.950000 -18.049999
v -0.000001 3.000000 -18.000000
v 0.999999 3.000000 -18.000000
v -0.000001 4.000000 -18.000000
v 0.999999 4.000000 -18.000000
v -0.000001 3.950000 -18.000000
v -0.000001 3.050000 -18.000000
v 0.999999 3.050000 -18.000000
v 0.999999 3.950000 -18.000000
v 0.100002 3.000000 -18.000000
v 0.899999 3.000000 -18.000000
v 0.899999 4.000000 -18.000000
v 0.100002 4.000000 -18.000000
v 0.899999 3.050000 -18.000000
v 0.100002 3.050000 -18.000000
v 0.899999 3.950000 -18.000000
v 0.100002 3.950000 -18.000000
v 0.899999 3.050000 -18.075001
v 0.100002 3.050000 -18.075001
v 0.899999 3.950000 -18.075001
v 0.100002 3.950000 -18.075001
v 1.450000 1.350000 -18.025000
v 1.450000 1.400000 -18.025000
v 1.450000 1.400000 -18.037500
v 1.500000 1.350000 -18.025000
v 1.500000 1.400000 -18.025000
v 1.500000 1.350000 -18.049999
v 1.500000 1.400000 -18.049999
v 1.100003 1.350000 -18.025000
v 1.100003 1.400000 -18.025000
v 1.100003 1.350000 -18.049999
v 1.100003 1.400000 -18.049999
v 1.150003 1.400000 -18.025000
v 1.150003 1.400000 -18.037500
v 1.350001 1.350000 -18.025000
v 1.350002 1.400000 -18.025000
v 1.350002 1.400000 -18.037500
v 1.400001 1.350000 -18.025000
v 1.400001 1.400000 -18.025000
v 1.400001 1.400000 -18.037500
v 1.200001 1.350000 -18.025000
v 1.200002 1.400000 -18.025000
v 1.200002 1.400000 -18.037500
v 1.250002 1.400000 -18.025000
v 1.250002 1.400000 -18.037500
v 1.100002 1.150000 -18.025000
v 1.100002 1.150000 -18.049999
v 1.150002 1.150000 -18.025000
v 1.150003 1.350000 -18.025000
v 1.150002 1.150000 -18.037500
v 1.150002 1.350000 -18.037500
v 1.100002 1.050000 -18.025000
v 1.150002 1.050000 -18.025000
v 1.200001 1.150000 -18.025000
v 1.200001 1.150000 -18.037500
v 1.200001 1.350000 -18.037500
v 1.250001 1.150000 -18.025000
v 1.250001 1.350000 -18.025000
v 1.250001 1.150000 -18.037500
v 1.250001 1.350000 -18.037500
v 1.200001 1.050000 -18.025000
v 1.250001 1.050000 -18.025000
v 1.350001 1.150000 -18.025000
v 1.350001 1.150000 -18.037500
v 1.350001 1.350000 -18.037500
v 1.400001 1.150000 -18.025000
v 1.400001 1.150000 -18.037500
v 1.400001 1.350000 -18.037500
v 1.350001 1.050000 -18.025000
v 1.400001 1.050000 -18.025000
v 1.449999 1.150000 -18.025000
v 1.449999 1.150000 -18.037500
v 1.449999 1.350000 -18.037500
v 1.499999 1.150000 -18.025000
v 1.499999 1.150000 -18.049999
v 1.449999 1.050000 -18.025000
v 1.499999 1.050000 -18.025000
v 1.499999 1.050000 -18.049999
v 1.100002 1.050000 -18.049999
v 1.350002 1.600000 -18.025000
v 1.350002 1.600000 -18.037500
v 1.400001 1.600000 -18.037500
v 1.400001 1.600000 -18.025000
v 1.200002 1.600000 -18.025000
v 1.200002 1.600000 -18.037500
v 1.250002 1.600000 -18.037500
v 1.250002 1.600000 -18.025000
v 1.450000 1.600000 -18.025000
v 1.450000 1.600000 -18.037500
v 1.500000 1.600000 -18.049999
v 1.500000 1.600000 -18.025000
v 1.100003 1.600000 -18.025000
v 1.100003 1.600000 -18.049999
v 1.150003 1.600000 -18.037500
v 1.150003 1.600000 -18.025000
v 1.350002 1.650000 -18.025000
v 1.350002 1.650000 -18.037500
v 1.400001 1.650000 -18.037500
v 1.400001 1.650000 -18.025000
v 1.200002 1.650000 -18.025000
v 1.200002 1.650000 -18.037500
v 1.250002 1.650000 -18.037500
v 1.250002 1.650000 -18.025000
v 1.450000 1.650000 -18.025000
v 1.450000 1.650000 -18.037500
v 1.500000 1.650000 -18.049999
v 1.500000 1.650000 -18.025000
v 1.100003 1.650000 -18.025000
v 1.100003 1.650000 -18.049999
v 1.150003 1.650000 -18.037500
v 1.150003 1.650000 -18.025000
v 1.350002 1.850000 -18.025000
v 1.350002 1.850000 -18.037500
v 1.400001 1.850000 -18.037500
v 1.400001 1.850000 -18.025000
v 1.200002 1.850000 -18.025000
v 1.200002 1.850000 -18.037500
v 1.250002 1.850000 -18.037500
v 1.250002 1.850000 -18.025000
v 1.450000 1.850000 -18.025000
v 1.450000 1.850000 -18.037500
v 1.500000 1.850000 -18.049999
v 1.500000 1.850000 -18.025000
v 1.100003 1.850000 -18.025000
v 1.100003 1.850000 -18.049999
v 1.150003 1.850000 -18.037500
v 1.150003 1.850000 -18.025000
v 1.350002 1.950000 -18.025000
v 1.400001 1.950000 -18.025000
v 1.200002 1.950000 -18.025000
v 1.250002 1.950000 -18.025000
v 1.450000 1.950000 -18.025000
v 1.500000 1.950000 -18.049999
v 1.500000 1.950000 -18.025000
v 1.100003 1.950000 -18.025000
v 1.100003 1.950000 -18.049999
v 1.150003 1.950000 -18.025000
v 1.849996 1.350000 -18.049999
v 1.849996 1.400000 -18.049999
v 1.849996 1.400000 -18.062500
v 1.899996 1.350000 -18.049999
v 1.899996 1.400000 -18.049999
v 1.899996 1.350000 -18.075001
v 1.899996 1.400000 -18.075001
v 1.499999 1.350000 -18.049999
v 1.499999 1.400000 -18.049999
v 1.499999 1.350000 -18.075001
v 1.499999 1.400000 -18.075001
v 1.549999 1.400000 -18.049999
v 1.549999 1.400000 -18.062500
v 1.749997 1.350000 -18.049999
v 1.749998 1.400000 -18.049999
v 1.749998 1.400000 -18.062500
v 1.799997 1.350000 -18.049999
v 1.799998 1.400000 -18.049999
v 1.799998 1.400000 -18.062500
v 1.599997 1.350000 -18.049999
v 1.599998 1.400000 -18.049999
v 1.599998 1.400000 -18.062500
v 1.649998 1.400000 -18.049999
v 1.649998 1.400000 -18.062500
v 1.499999 1.150000 -18.049999
v 1.499999 1.150000 -18.075001
v 1.549998 1.150000 -18.049999
v 1.549999 1.350000 -18.049999
v 1.549998 1.150000 -18.062500
v 1.549998 1.350000 -18.062500
v 1.499999 1.050000 -18.049999
v 1.549998 1.050000 -18.049999
v 1.599997 1.150000 -18.049999
v 1.599997 1.150000 -18.062500
v 1.599997 1.350000 -18.062500
v 1.649997 1.150000 -18.049999
v 1.649997 1.350000 -18.049999
v 1.649997 1.150000 -18.062500
v 1.649997 1.350000 -18.062500
v 1.599997 1.050000 -18.049999
v 1.649997 1.050000 -18.049999
v 1.749997 1.150000 -18.049999
v 1.749997 1.150000 -18.062500
v 1.749997 1.350000 -18.062500
v 1.799997 1.150000 -18.049999
v 1.799997 1.150000 -18.062500
v 1.799997 1.350000 -18.062500
v 1.749997 1.050000 -18.049999
v 1.799997 1.050000 -18.049999
v 1.849996 1.150000 -18.049999
v 1.849996 1.150000 -18.062500
v 1.849996 1.350000 -18.062500
v 1.899996 1.150000 -18.049999
v 1.899996 1.150000 -18.075001
v 1.849996 1.050000 -18.049999
v 1.899996 1.050000 -18.049999
v 1.899996 1.050000 -18.075001
v 1.499999 1.050000 -18.075001
v 1.749998 1.600000 -18.049999
v 1.749998 1.600000 -18.062500
v 1.799998 1.600000 -18.062500
v 1.799998 1.600000 -18.049999
v 1.599998 1.600000 -18.049999
v 1.599998 1.600000 -18.062500
v 1.649998 1.600000 -18.062500
v 1.649998 1.600000 -18.049999
v 1.849996 1.600000 -18.049999
v 1.849996 1.600000 -18.062500
v 1.899996 1.600000 -18.075001
v 1.899996 1.600000 -18.049999
v 1.499999 1.600000 -18.049999
v 1.499999 1.600000 -18.075001
v 1.549999 1.600000 -18.062500
v 1.549999 1.600000 -18.049999
v 1.749998 1.650000 -18.049999
v 1.749998 1.650000 -18.062500
v 1.799998 1.650000 -18.062500
v 1.799998 1.650000 -18.049999
v 1.599998 1.650000 -18.049999
v 1.599998 1.650000 -18.062500
v 1.649998 1.650000 -18.062500
v 1.649998 1.650000 -18.049999
v 1.849996 1.650000 -18.049999
v 1.849996 1.650000 -18.062500
v 1.899996 1.650000 -18.075001
v 1.899996 1.650000 -18.049999
v 1.499999 1.650000 -18.049999
v 1.499999 1.650000 -18.075001
v 1.549999 1.650000 -18.062500
v 1.549999 1.650000 -18.049999
v 1.749998 1.850000 -18.049999
v 1.749998 1.850000 -18.062500
v 1.799998 1.850000 -18.062500
v 1.799998 1.850000 -18.049999
v 1.599998 1.850000 -18.049999
v 1.599998 1.850000 -18.062500
v 1.649998 1.850000 -18.062500
v 1.649998 1.850000 -18.049999
v 1.849996 1.850000 -18.049999
v 1.849996 1.850000 -18.062500
v 1.899996 1.850000 -18.075001
v 1.899996 1.850000 -18.049999
v 1.499999 1.850000 -18.049999
v 1.499999 1.850000 -18.075001
v 1.549999 1.850000 -18.062500
v 1.549999 1.850000 -18.049999
v 1.749998 1.950000 -18.049999
v 1.799998 1.950000 -18.049999
v 1.599998 1.950000 -18.049999
v 1.649998 1.950000 -18.049999
v 1.849996 1.950000 -18.049999
v 1.899996 1.950000 -18.075001
v 1.899996 1.950000 -18.049999
v 1.499999 1.950000 -18.049999
v 1.499999 1.950000 -18.075001
v 1.549999 1.950000 -18.049999
v 0.999999 1.000000 -18.000000
v 1.999999 1.000000 -18.000000
v 0.999999 2.000000 -18.000000
v 1.999999 2.000000 -18.000000
v 0.999999 1.950000 -18.000000
v 0.999999 1.050000 -18.000000
v 1.999999 1.050000 -18.000000
v 1.999999 1.950000 -18.000000
v 1.100002 1.000000 -18.000000
v 1.899999 1.000000 -18.000000
v 1.899999 2.000000 -18.000000
v 1.100002 2.000000 -18.000000
v 1.899999 1.050000 -18.000000
v 1.100002 1.050000 -18.000000
v 1.899999 1.950000 -18.000000
v 1.100002 1.950000 -18.000000
v 1.899999 1.050000 -18.075001
v 1.100002 1.050000 -18.075001
v 1.899999 1.950000 -18.075001
v 1.100002 1.950000 -18.075001
v 0.999999 2.000000 -18.000000
v 1.999999 2.000000 -18.000000
v 0.999999 3.000000 -18.000000
v 1.999999 3.000000 -18.000000
v 1.218749 2.050000 -18.000000
v 1.781249 2.049999 -18.000000
v 1.318749 2.050000 -18.299999
v 1.681249 2.049999 -18.299999
v 1.218749 2.387500 -18.000000
v 1.387499 2.612500 -18.000000
v 1.268175 2.546599 -18.000000
v 1.612499 2.612499 -18.000000
v 1.781249 2.387500 -18.000000
v 1.731823 2.546599 -18.000000
v 1.499999 2.612500 -18.075001
v 1.318749 2.387500 -18.299999
v 1.368175 2.546599 -18.234098
v 1.681249 2.387500 -18.299999
v 1.631823 2.546599 -18.234098
v 1.450000 3.350000 -18.025000
v 1.450000 3.400000 -18.025000
v 1.450000 3.400000 -18.037500
v 1.500000 3.350000 -18.025000
v 1.500000 3.400000 -18.025000
v 1.500000 3.350000 -18.049999
v 1.500000 3.400000 -18.049999
v 1.100003 3.350000 -18.025000
v 1.100003 3.400000 -18.025000
v 1.100003 3.350000 -18.049999
v 1.100003 3.400000 -18.049999
v 1.150003 3.400000 -18.025000
v 1.150003 3.400000 -18.037500
v 1.350001 3.350000 -18.025000
v 1.350002 3.400000 -18.025000
v 1.350002 3.400000 -18.037500
v 1.400001 3.350000 -18.025000
v 1.400001 3.400000 -18.025000
v 1.400001 3.400000 -18.037500
v 1.200001 3.350000 -18.025000
v 1.200002 3.400000 -18.025000
v 1.200002 3.400000 -18.037500
v 1.250002 3.400000 -18.025000
v 1.250002 3.400000 -18.037500
v 1.100002 3.150000 -18.025000
v 1.100002 3.150000 -18.049999
v 1.150002 3.150000 -18.025000
v 1.150003 3.350000 -18.025000
v 1.150002 3.150000 -18.037500
v 1.150002 3.350000 -18.037500
v 1.100002 3.050000 -18.025000
v 1.150002 3.050000 -18.025000
v 1.200001 3.150000 -18.025000
v 1.200001 3.150000 -18.037500
v 1.200001 3.350000 -18.037500
v 1.250001 3.150000 -18.025000
v 1.250001 3.350000 -18.025000
v 1.250001 3.150000 -18.037500
v 1.250001 3.350000 -18.037500
v 1.200001 3.050000 -18.025000
v 1.250001 3.050000 -18.025000
v 1.350001 3.150000 -18.025000
v 1.350001 3.150000 -18.037500
v 1.350001 3.350000 -18.037500
v 1.400001 3.150000 -18.025000
v 1.400001 3.150000 -18.037500
v 1.400001 3.350000 -18.037500
v 1.350001 3.050000 -18.025000
v 1.400001 3.050000 -18.025000
v 1.449999 3.150000 -18.025000
v 1.449999 3.150000 -18.037500
v 1.449999 3.350000 -18.037500
v 1.499999 3.150000 -18.025000
v 1.499999 3.150000 -18.049999
v 1.449999 3.050000 -18.025000
v 1.499999 3.050000 -18.025000
v 1.499999 3.050000 -18.049999
v 1.100002 3.050000 -18.049999
v 1.350002 3.600000 -18.025000
v 1.350002 3.600000 -18.037500
v 1.400001 3.600000 -18.037500
v 1.400001 3.600000 -18.025000
v 1.200002 3.600000 -18.025000
v 1.200002 3.600000 -18.037500
v 1.250002 3.600000 -18.037500
v 1.250002 3.600000 -18.025000
v 1.450000 3.600000 -18.025000
v 1.450000 3.600000 -18.037500
v 1.500000 3.600000 -18.049999
v 1.500000 3.600000 -18.025000
v 1.100003 3.600000 -18.025000
v 1.100003 3.600000 -18.049999
v 1.150003 3.600000 -18.037500
v 1.150003 3.600000 -18.025000
v 1.350002 3.650000 -18.025000
v 1.350002 3.650000 -18.037500
v 1.400001 3.650000 -18.037500
v 1.400001 3.650000 -18.025000
v 1.200002 3.650000 -18.025000
v 1.200002 3.650000 -18.037500
v 1.250002 3.650000 -18.037500
v 1.250002 3.650000 -18.025000
v 1.450000 3.650000 -18.025000
v 1.450000 3.650000 -18.037500
v 1.500000 3.650000 -18.049999
v 1.500000 3.650000 -18.025000
v 1.100003 3.650000 -18.025000
v 1.100003 3.650000 -18.049999
v 1.150003 3.650000 -18.037500
v 1.150003 3.650000 -18.025000
v 1.350002 3.850000 -18.025000
v 1.350002 3.850000 -18.037500
v 1.400001 3.850000 -18.037500
v 1.400001 3.850000 -18.025000
v 1.200002 3.850000 -18.025000
v 1.200002 3.850000 -18.037500
v 1.250002 3.850000 -18.037500
v 1.250002 3.850000 -18.025000
v 1.450000 3.850000 -18.025000
v 1.450000 3.850000 -18.037500
v 1.500000 3.850000 -18.049999
v 1.500000 3.850000 -18.025000
v 1.100003 3.850000 -18.025000
v 1.100003 3.850000 -18.049999
v 1.150003 3.850000 -18.037500
v 1.150003 3.850000 -18.025000
v 1.350002 3.950000 -18.025000
v 1.400001 3.950000 -18.025000
v 1.200002 3.950000 -18.025000
v 1.250002 3.950000 -18.025000
v 1.450000 3.950000 -18.025000
v 1.500000 3.950000 -18.049999
v 1.500000 3.950000 -18.025000
v 1.100003 3.950000 -18.025000
v 1.100003 3.950000 -18.049999
v 1.150003 3.950000 -18.025000
v 1.849996 3.350000 -18.049999
v 1.849996 3.400000 -18.049999
v 1.849996 3.400000 -18.062500
v 1.899996 3.350000 -18.049999
v 1.899996 3.400000 -18.049999
v 1.899996 3.350000 -18.075001
v 1.899996 3.400000 -18.075001
v 1.499999 3.350000 -18.049999
v 1.499999 3.400000 -18.049999
v 1.499999 3.350000 -18.075001
v 1.499999 3.400000 -18.075001
v 1.549999 3.400000 -18.049999
v 1.549999 3.400000 -18.062500
v 1.749997 3.350000 -18.049999
v 1.749998 3.400000 -18.049999
v 1.749998 3.400000 -18.062500
v 1.799997 3.350000 -18.049999
v 1.799998 3.400000 -18.049999
v 1.799998 3.400000 -18.062500
v 1.599997 3.350000 -18.049999
v 1.599998 3.400000 -18.049999
v 1.599998 3.400000 -18.062500
v 1.649998 3.400000 -18.049999
v 1.649998 3.400000 -18.062500
v 1.499999 3.150000 -18.049999
v 1.499999 3.150000 -18.075001
v 1.549998 3.150000 -18.049999
v 1.549999 3.350000 -18.049999
v 1.549998 3.150000 -18.062500
v 1.549998 3.350000 -18.062500
v 1.499999 3.050000 -18.049999
v 1.549998 3.050000 -18.049999
v 1.599997 3.150000 -18.049999
v 1.599997 3.150000 -18.062500
v 1.599997 3.350000 -18.062500
v 1.649997 3.150000 -18.049999
v 1.649997 3.350000 -18.049999
v 1.649997 3.150000 -18.062500
v 1.649997 3.350000 -18.062500
v 1.599997 3.050000 -18.049999
v 1.649997 3.050000 -18.049999
v 1.749997 3.150000 -18.049999
v 1.749997 3.150000 -18.062500
v 1.749997 3.350000 -18.062500
v 1.799997 3.150000 -18.049999
v 1.799997 3.150000 -18.062500
v 1.799997 3.350000 -18.062500
v 1.749997 3.050000 -18.049999
v 1.799997 3.050000 -18.049999
v 1.849996 3.150000 -18.049999
v 1.849996 3.150000 -18.062500
v 1.849996 3.350000 -18.062500
v 1.899996 3.150000 -18.049999
v 1.899996 3.150000 -18.075001
v 1.849996 3.050000 -18.049999
v 1.899996 3.050000 -18.049999
v 1.899996 3.050000 -18.075001
v 1.499999 3.050000 -18.075001
v 1.749998 3.600000 -18.049999
v 1.749998 3.600000 -18.062500
v 1.799998 3.600000 -18.062500
v 1.799998 3.600000 -18.049999
v 1.599998 3.600000 -18.049999
v 1.599998 3.600000 -18.062500
v 1.649998 3.600000 -18.062500
v 1.649998 3.600000 -18.049999
v 1.849996 3.600000 -18.049999
v 1.849996 3.600000 -18.062500
v 1.899996 3.600000 -18.075001
v 1.899996 3.600000 -18.049999
v 1.499999 3.600000 -18.049999
v 1.499999 3.600000 -18.075001
v 1.549999 3.600000 -18.062500
v 1.549999 3.600000 -18.049999
v 1.749998 3.650000 -18.049999
v 1.749998 3.650000 -18.062500
v 1.799998 3.650000 -18.062500
v 1.799998 3.650000 -18.049999
v 1.599998 3.650000 -18.049999
v 1.599998 3.650000 -18.062500
v 1.649998 3.650000 -18.062500
v 1.649998 3.650000 -18.049999
v 1.849996 3.650000 -18.049999
v 1.849996 3.650000 -18.062500
v 1.899996 3.650000 -18.075001
v 1.899996 3.650000 -18.049999
v 1.499999 3.650000 -18.049999
v 1.499999 3.650000 -18.075001
v 1.549999 3.650000 -18.062500
v 1.549999 3.650000 -18.049999
v 1.749998 3.850000 -18.049999
v 1.749998 3.850000 -18.062500
v 1.799998 3.850000 -18.062500
v 1.799998 3.850000 -18.049999
v 1.599998 3.850000 -18.049999
v 1.599998 3.850000 -18.062500
v 1.649998 3.850000 -18.062500
v 1.649998 3.850000 -18.049999
v 1.849996 3.850000 -18.049999
v 1.849996 3.850000 -18.062500
v 1.899996 3.850000 -18.075001
v 1.899996 3.850000 -18.049999
v 1.499999 3.850000 -18.049999
v 1.499999 3.850000 -18.075001
v 1.549999 3.850000 -18.062500
v 1.549999 3.850000 -18.049999
v 1.749998 3.950000 -18.049999
v 1.799998 3.950000 -18.049999
v 1.599998 3.950000 -18.049999
v 1.649998 3.950000 -18.049999
v 1.849996 3.950000 -18.049999
v 1.899996 3.950000 -18.075001
v 1.899996 3.950000 -18.049999
v 1.499999 3.950000 -18.049999
v 1.499999 3.950000 -18.075001
v 1.549999 3.950000 -18.049999
v 0.999999 3.000000 -18.000000
v 1.999999 3.000000 -18.000000
v 0.999999 4.000000 -18.000000
v 1.999999 4.000000 -18.000000
v 0.999999 3.950000 -18.000000
v 0.999999 3.050000 -18.000000
v 1.999999 3.050000 -18.000000
v 1.999999 3.950000 -18.000000
v 1.100002 3.000000 -18.000000
v 1.899999 3.000000 -18.000000
v 1.899999 4.000000 -18.000000
v 1.100002 4.000000 -18.000000
v 1.899999 3.050000 -18.000000
v 1.100002 3.050000 -18.000000
v 1.899999 3.950000 -18.000000
v 1.100002 3.950000 -18.000000
v 1.899999 3.050000 -18.075001
v 1.100002 3.050000 -18.075001
v 1.899999 3.950000 -18.075001
v 1.100002 3.950000 -18.075001
v 2.307991 3.648438 -17.692007
v 2.250581 3.736328 -17.749416
v 2.365401 3.648438 -17.707390
v 2.292608 3.648438 -17.634598
v 2.392045 3.648438 -17.607952
v 2.449455 3.736328 -17.550543
v 2.407428 3.648438 -17.665363
v 2.334635 3.648438 -17.592569
v 2.313621 3.736328 -17.514147
v 2.214184 3.736328 -17.613583
v 2.313621 3.912109 -17.514147
v 2.334635 4.000000 -17.592569
v 2.449455 3.912109 -17.550543
v 2.214184 3.912109 -17.613583
v 2.292608 4.000000 -17.634598
v 2.250581 3.912109 -17.749416
v 2.386414 3.912109 -17.785812
v 2.307991 4.000000 -17.692007
v 2.365401 4.000000 -17.707390
v 2.392045 4.000000 -17.607952
v 2.407428 4.000000 -17.665363
v 2.485851 3.912109 -17.686377
v 2.485851 3.736328 -17.686377
v 2.386414 3.736328 -17.785812
v 0.999999 4.725000 -18.500000
v 1.499999 4.725000 -18.500000
v 0.999999 4.515028 -18.434813
v 1.499999 4.515028 -18.434813
v 0.999999 4.327541 -18.284853
v 1.499999 4.327541 -18.284853
v 0.999999 4.175603 -18.067799
v 0.999999 4.070631 -17.799961
v 1.499999 4.175603 -18.067799
v 1.499999 4.070631 -17.799961
v 1.932201 4.175733 -18.067799
v 2.200039 4.204001 -17.799959
v 1.715146 4.327541 -18.284853
v 1.565186 4.515028 -18.434813
v 2.499999 4.357248 -17.500000
v 2.499999 4.331794 -17.500000
v 1.499999 4.023460 -17.500000
v 0.999999 4.025000 -17.500000
v 1.499999 3.998915 -17.500000
v 0.999999 4.000000 -17.500000
v 1.716100 4.175668 -18.067799
v 1.607573 4.327541 -18.284853
v 1.532593 4.515028 -18.434813
v 1.850019 4.118969 -17.799959
v 1.999999 4.105601 -17.500000
v 1.999999 4.080601 -17.500000
v -1.500001 4.725000 -18.500000
v -1.000001 4.725000 -18.500000
v -1.500001 4.023460 -17.500000
v -1.000001 4.025000 -17.500000
v -1.500001 3.998915 -17.500000
v -1.000001 4.000000 -17.500000
v -1.000001 4.515028 -18.434813
v -1.000001 4.327541 -18.284853
v -1.000001 4.175603 -18.067799
v -1.000001 4.070631 -17.799961
v -1.500001 4.070631 -17.799961
v -1.500001 4.175603 -18.067799
v -1.500001 4.327541 -18.284853
v -1.500001 4.515028 -18.434813
v -2.500001 4.357248 -17.500000
v -2.500001 4.331794 -17.500000
v -2.200041 4.204001 -17.799961
v -1.932203 4.175733 -18.067799
v -1.715148 4.327541 -18.284853
v -1.565188 4.515028 -18.434813
v -2.000001 4.105601 -17.500000
v -2.000001 4.080601 -17.500000
v -1.850021 4.118969 -17.799961
v -1.716102 4.175668 -18.067799
v -1.607575 4.327541 -18.284853
v -1.532594 4.515028 -18.434813
v -2.000001 1.000000 -22.100000
v -2.100001 1.000000 -22.100000
v -2.100001 1.000000 -22.000000
v -1.950002 1.000000 -22.150000
v -2.150002 1.000000 -22.150000
v -2.150002 1.000000 -21.950001
v -1.950002 0.900000 -22.150000
v -2.150002 0.900000 -22.150000
v -2.150002 0.900000 -21.950001
v -1.950001 1.000000 -21.950001
v -1.950001 0.900000 -21.950001
v -2.000001 1.000000 -22.000000
v -2.000001 0.900000 -22.100000
v -2.100001 0.900000 -22.100000
v -2.100001 0.900000 -22.000000
v -2.000001 0.900000 -22.000000
v -2.000002 0.000000 -22.100000
v -2.100002 0.000000 -22.100000
v -2.100002 0.000000 -22.000000
v -2.000002 0.000000 -22.000000
v -2.000001 2.000000 -22.100000
v -2.100001 2.000000 -22.100000
v -2.100001 2.000000 -22.000000
v -1.950001 2.000000 -22.150000
v -2.150002 2.000000 -22.150000
v -2.150002 2.000000 -21.950001
v -1.950001 1.900000 -22.150000
v -2.150002 1.900000 -22.150000
v -2.150002 1.900000 -21.950001
v -1.950000 2.000000 -21.950001
v -1.950000 1.900000 -21.950001
v -2.000001 2.000000 -22.000000
v -2.000001 1.900000 -22.100000
v -2.100001 1.900000 -22.100000
v -2.100001 1.900000 -22.000000
v -2.000001 1.900000 -22.000000
v -2.000001 1.000000 -22.100000
v -2.100001 1.000000 -22.100000
v -2.100001 1.000000 -22.000000
v -2.000001 1.000000 -22.000000
v -2.000001 3.000000 -22.100000
v -2.100001 3.000000 -22.100000
v -2.100001 3.000000 -22.000000
v -1.950001 3.000000 -22.150000
v -2.150002 3.000000 -22.150000
v -2.150002 3.000000 -21.950001
v -1.950001 2.900000 -22.150000
v -2.150002 2.900000 -22.150000
v -2.150002 2.900000 -21.950001
v -1.950000 3.000000 -21.950001
v -1.950000 2.900000 -21.950001
v -2.000001 3.000000 -22.000000
v -2.000001 2.900000 -22.100000
v -2.100001 2.900000 -22.100000
v -2.100001 2.900000 -22.000000
v -2.000001 2.900000 -22.000000
v -2.000001 2.000000 -22.100000
v -2.100001 2.000000 -22.100000
v -2.100001 2.000000 -22.000000
v -2.000001 2.000000 -22.000000
v -2.000001 4.000000 -22.100000
v -2.100001 4.000000 -22.100000
v -2.100001 4.000000 -22.000000
v -1.950001 4.000000 -22.150000
v -2.150001 4.000000 -22.150000
v -2.150001 4.000000 -21.950001
v -1.950001 3.900000 -22.150000
v -2.150001 3.900000 -22.150000
v -2.150001 3.900000 -21.950001
v -1.950000 4.000000 -21.950001
v -1.950000 3.900000 -21.950001
v -2.000001 4.000000 -22.000000
v -2.000001 3.900000 -22.100000
v -2.100001 3.900000 -22.100000
v -2.100001 3.900000 -22.000000
v -2.000001 3.900000 -22.000000
v -2.000001 3.000000 -22.100000
v -2.100001 3.000000 -22.100000
v -2.100001 3.000000 -22.000000
v -2.000001 3.000000 -22.000000
v 0.999999 4.725000 -21.500000
v -0.000001 4.725000 -21.500000
v 0.999999 4.025000 -22.500000
v -0.000001 4.025000 -22.500000
v 0.999999 4.000000 -22.500000
v -0.000001 4.000000 -22.500000
v -0.000001 4.515028 -21.565187
v -0.000001 4.327541 -21.715147
v -0.000001 4.175603 -21.932201
v -0.000001 4.070631 -22.200039
v 0.999999 4.070631 -22.200039
v 0.999999 4.175603 -21.932201
v 0.999999 4.327541 -21.715147
v 0.999999 4.515028 -21.565187
v -0.000001 4.725000 -21.500000
v -1.000001 4.725000 -21.500000
v -0.000001 4.025000 -22.500000
v -1.000001 4.025000 -22.500000
v -0.000001 4.000000 -22.500000
v -1.000001 4.000000 -22.500000
v -1.000001 4.515028 -21.565187
v -1.000001 4.327541 -21.715147
v -1.000001 4.175603 -21.932201
v -1.000001 4.070631 -22.200039
v -0.000001 4.070631 -22.200039
v -0.000001 4.175603 -21.932201
v -0.000001 4.327541 -21.715147
v -0.000001 4.515028 -21.565187
v -2.307993 3.648438 -22.307993
v -2.250584 3.736328 -22.250584
v -2.365404 3.648438 -22.292610
v -2.292611 3.648438 -22.365402
v -2.392047 3.648438 -22.392046
v -2.449458 3.736328 -22.449457
v -2.407431 3.648438 -22.334637
v -2.334638 3.648438 -22.407429
v -2.313623 3.736328 -22.485853
v -2.214187 3.736328 -22.386415
v -2.313623 3.912109 -22.485853
v -2.334637 4.000000 -22.407429
v -2.449458 3.912109 -22.449457
v -2.214187 3.912109 -22.386415
v -2.292610 4.000000 -22.365402
v -2.250583 3.912109 -22.250584
v -2.386416 3.912109 -22.214186
v -2.307993 4.000000 -22.307993
v -2.365403 4.000000 -22.292610
v -2.392047 4.000000 -22.392046
v -2.407430 4.000000 -22.334637
v -2.485853 3.912109 -22.313623
v -2.485854 3.736328 -22.313623
v -2.386416 3.736328 -22.214186
v -1.000001 4.725000 -21.500000
v -1.500001 4.725000 -21.500000
v -1.000001 4.515028 -21.565187
v -1.500001 4.515028 -21.565187
v -1.000001 4.327541 -21.715147
v -1.500001 4.327541 -21.715147
v -1.000001 4.175603 -21.932201
v -1.000001 4.070631 -22.200039
v -1.500001 4.175603 -21.932201
v -1.500001 4.070631 -22.200039
v -1.932203 4.175733 -21.932201
v -2.200042 4.204001 -22.200039
v -1.715148 4.327541 -21.715147
v -1.565188 4.515028 -21.565187
v -2.500001 4.357248 -22.500000
v -2.500001 4.331794 -22.500000
v -1.500001 4.023460 -22.500000
v -1.000001 4.025000 -22.500000
v -1.500001 3.998915 -22.500000
v -1.000001 4.000000 -22.500000
v -1.716102 4.175668 -21.932201
v -1.607575 4.327541 -21.715147
v -1.532595 4.515028 -21.565187
v -1.850021 4.118969 -22.200039
v -2.000001 4.105601 -22.500000
v -2.000001 4.080601 -22.500000
v 1.499999 4.725000 -21.500000
v 0.999999 4.725000 -21.500000
v 1.499999 4.023460 -22.500000
v 0.999999 4.025000 -22.500000
v 1.499999 3.998915 -22.500000
v 0.999999 4.000000 -22.500000
v 0.999999 4.515028 -21.565187
v 0.999999 4.327541 -21.715147
v 0.999999 4.175603 -21.932201
v 0.999999 4.070631 -22.200039
v 1.499999 4.070631 -22.200039
v 1.499999 4.175603 -21.932201
v 1.499999 4.327541 -21.715147
v 1.499999 4.515028 -21.565187
v 2.499999 4.357248 -22.500000
v 2.499999 4.331794 -22.500000
v 2.200039 4.204001 -22.200039
v 1.932201 4.175733 -21.932201
v 1.715146 4.327541 -21.715147
v 1.565186 4.515028 -21.565187
v 1.999999 4.105601 -22.500000
v 1.999999 4.080601 -22.500000
v 1.850019 4.118969 -22.200039
v 1.716100 4.175668 -21.932201
v 1.607573 4.327541 -21.715147
v 1.532592 4.515028 -21.565187
v -2.000002 1.000000 -22.000000
v -2.000002 1.000000 -21.000000
v -2.000003 0.100000 -22.000000
v -2.000002 0.100000 -21.000000
v -2.100003 0.100000 -22.000000
v -2.100003 0.000000 -22.000000
v -2.100003 0.000000 -21.000000
v -2.100003 0.100000 -21.000000
v -2.000002 1.000000 -21.000000
v -2.000002 1.000000 -20.000000
v -2.000002 0.100000 -21.000000
v -2.000002 0.100000 -20.000000
v -2.100003 0.100000 -21.000000
v -2.100003 0.000000 -21.000000
v -2.100003 0.000000 -20.000000
v -2.100003 0.100000 -20.000000
v -2.000002 1.000000 -20.000000
v -2.000002 1.000000 -19.000000
v -2.000002 0.100000 -20.000000
v -2.000002 0.100000 -19.000000
v -2.100003 0.100000 -20.000000
v -2.100003 0.000000 -20.000000
v -2.100003 0.000000 -19.000000
v -2.100003 0.100000 -19.000000
v -2.000002 1.000000 -19.000000
v -2.000002 1.000000 -18.000000
v -2.000002 0.100000 -19.000000
v -2.000002 0.100000 -18.000000
v -2.100003 0.100000 -19.000000
v -2.100003 0.000000 -19.000000
v -2.100003 0.000000 -18.000000
v -2.100003 0.100000 -18.000000
v -1.975002 1.350000 -21.549999
v -1.975002 1.400000 -21.549999
v -1.962502 1.400000 -21.549999
v -1.975002 1.350000 -21.500000
v -1.975002 1.400000 -21.499998
v -1.950002 1.350000 -21.500000
v -1.950002 1.400000 -21.499998
v -1.975002 1.350000 -21.899996
v -1.975002 1.400000 -21.899996
v -1.950002 1.350000 -21.899996
v -1.950002 1.400000 -21.899996
v -1.975002 1.400000 -21.849997
v -1.962502 1.400000 -21.849997
v -1.975002 1.350000 -21.649998
v -1.975002 1.400000 -21.649998
v -1.962502 1.400000 -21.649998
v -1.975002 1.350000 -21.599998
v -1.975002 1.400000 -21.599997
v -1.962502 1.400000 -21.599997
v -1.975002 1.350000 -21.799997
v -1.975002 1.400000 -21.799997
v -1.962502 1.400000 -21.799997
v -1.975002 1.400000 -21.749998
v -1.962502 1.400000 -21.749998
v -1.975002 1.150000 -21.899998
v -1.950002 1.150000 -21.899998
v -1.975002 1.150000 -21.849997
v -1.975002 1.350000 -21.849997
v -1.962502 1.150000 -21.849997
v -1.962502 1.350000 -21.849997
v -1.975003 1.050000 -21.899998
v -1.975003 1.050000 -21.849997
v -1.975002 1.150000 -21.799997
v -1.962502 1.150000 -21.799997
v -1.962502 1.350000 -21.799997
v -1.975002 1.150000 -21.749998
v -1.975002 1.350000 -21.749998
v -1.962502 1.150000 -21.749998
v -1.962502 1.350000 -21.749998
v -1.975002 1.050000 -21.799997
v -1.975002 1.050000 -21.749998
v -1.975002 1.150000 -21.649998
v -1.962502 1.150000 -21.649998
v -1.962502 1.350000 -21.649998
v -1.975002 1.150000 -21.599998
v -1.962502 1.150000 -21.599998
v -1.962502 1.350000 -21.599998
v -1.975002 1.050000 -21.649998
v -1.975002 1.050000 -21.599998
v -1.975002 1.150000 -21.549999
v -1.962502 1.150000 -21.549999
v -1.962502 1.350000 -21.549999
v -1.975002 1.150000 -21.500000
v -1.950002 1.150000 -21.500000
v -1.975002 1.050000 -21.549999
v -1.975002 1.050000 -21.500000
v -1.950002 1.050000 -21.500000
v -1.950003 1.050000 -21.899998
v -1.975002 1.600000 -21.649998
v -1.962502 1.600000 -21.649998
v -1.962502 1.600000 -21.599997
v -1.975002 1.600000 -21.599997
v -1.975002 1.600000 -21.799997
v -1.962502 1.600000 -21.799997
v -1.962502 1.600000 -21.749998
v -1.975002 1.600000 -21.749998
v -1.975002 1.600000 -21.549999
v -1.962502 1.600000 -21.549999
v -1.950002 1.600000 -21.499998
v -1.975002 1.600000 -21.499998
v -1.975002 1.600000 -21.899996
v -1.950002 1.600000 -21.899996
v -1.962502 1.600000 -21.849997
v -1.975002 1.600000 -21.849997
v -1.975002 1.650000 -21.649998
v -1.962502 1.650000 -21.649998
v -1.962502 1.650000 -21.599997
v -1.975002 1.650000 -21.599997
v -1.975002 1.650000 -21.799997
v -1.962502 1.650000 -21.799997
v -1.962502 1.650000 -21.749998
v -1.975002 1.650000 -21.749998
v -1.975002 1.650000 -21.549999
v -1.962502 1.650000 -21.549999
v -1.950002 1.650000 -21.499998
v -1.975002 1.650000 -21.499998
v -1.975002 1.650000 -21.899996
v -1.950002 1.650000 -21.899996
v -1.962502 1.650000 -21.849997
v -1.975002 1.650000 -21.849997
v -1.975002 1.850000 -21.649998
v -1.962502 1.850000 -21.649998
v -1.962502 1.850000 -21.599997
v -1.975002 1.850000 -21.599997
v -1.975002 1.850000 -21.799997
v -1.962502 1.850000 -21.799997
v -1.962502 1.850000 -21.749998
v -1.975002 1.850000 -21.749998
v -1.975002 1.850000 -21.549999
v -1.962502 1.850000 -21.549999
v -1.950002 1.850000 -21.499998
v -1.975002 1.850000 -21.499998
v -1.975002 1.850000 -21.899996
v -1.950002 1.850000 -21.899996
v -1.962502 1.850000 -21.849997
v -1.975002 1.850000 -21.849997
v -1.975002 1.950000 -21.649998
v -1.975002 1.950000 -21.599997
v -1.975002 1.950000 -21.799997
v -1.975002 1.950000 -21.749998
v -1.975002 1.950000 -21.549999
v -1.950002 1.950000 -21.499998
v -1.975002 1.950000 -21.499998
v -1.975002 1.950000 -21.899996
v -1.950002 1.950000 -21.899996
v -1.975002 1.950000 -21.849997
v -1.950002 1.350000 -21.150003
v -1.950002 1.400000 -21.150003
v -1.937502 1.400000 -21.150003
v -1.950002 1.350000 -21.100002
v -1.950002 1.400000 -21.100002
v -1.925002 1.350000 -21.100002
v -1.925002 1.400000 -21.100002
v -1.950002 1.350000 -21.500000
v -1.950002 1.400000 -21.500000
v -1.925002 1.350000 -21.500000
v -1.925002 1.400000 -21.500000
v -1.950002 1.400000 -21.449999
v -1.937502 1.400000 -21.449999
v -1.950002 1.350000 -21.250002
v -1.950002 1.400000 -21.250002
v -1.937502 1.400000 -21.250002
v -1.950002 1.350000 -21.200001
v -1.950002 1.400000 -21.200001
v -1.937502 1.400000 -21.200001
v -1.950002 1.350000 -21.400002
v -1.950002 1.400000 -21.400002
v -1.937502 1.400000 -21.400002
v -1.950002 1.400000 -21.350000
v -1.937502 1.400000 -21.350000
v -1.950002 1.150000 -21.500000
v -1.925002 1.150000 -21.500000
v -1.950002 1.150000 -21.450001
v -1.950002 1.350000 -21.450001
v -1.937502 1.150000 -21.450001
v -1.937502 1.350000 -21.450001
v -1.950002 1.050000 -21.500000
v -1.950002 1.050000 -21.450001
v -1.950002 1.150000 -21.400002
v -1.937502 1.150000 -21.400002
v -1.937502 1.350000 -21.400002
v -1.950002 1.150000 -21.350002
v -1.950002 1.350000 -21.350002
v -1.937502 1.150000 -21.350002
v -1.937502 1.350000 -21.350002
v -1.950002 1.050000 -21.400002
v -1.950002 1.050000 -21.350002
v -1.950002 1.150000 -21.250002
v -1.937502 1.150000 -21.250002
v -1.937502 1.350000 -21.250002
v -1.950002 1.150000 -21.200003
v -1.937502 1.150000 -21.200003
v -1.937502 1.350000 -21.200003
v -1.950002 1.050000 -21.250002
v -1.950002 1.050000 -21.200003
v -1.950002 1.150000 -21.150003
v -1.937502 1.150000 -21.150003
v -1.937502 1.350000 -21.150003
v -1.950002 1.150000 -21.100004
v -1.925002 1.150000 -21.100004
v -1.950002 1.050000 -21.150003
v -1.950002 1.050000 -21.100004
v -1.925002 1.050000 -21.100004
v -1.925002 1.050000 -21.500000
v -1.950002 1.600000 -21.250002
v -1.937502 1.600000 -21.250002
v -1.937502 1.600000 -21.200001
v -1.950002 1.600000 -21.200001
v -1.950002 1.600000 -21.400002
v -1.937502 1.600000 -21.400002
v -1.937502 1.600000 -21.350000
v -1.950002 1.600000 -21.350000
v -1.950002 1.600000 -21.150003
v -1.937502 1.600000 -21.150003
v -1.925002 1.600000 -21.100002
v -1.950002 1.600000 -21.100002
v -1.950002 1.600000 -21.500000
v -1.925002 1.600000 -21.500000
v -1.937502 1.600000 -21.449999
v -1.950002 1.600000 -21.449999
v -1.950002 1.650000 -21.250002
v -1.937502 1.650000 -21.250002
v -1.937502 1.650000 -21.200001
v -1.950002 1.650000 -21.200001
v -1.950002 1.650000 -21.400002
v -1.937502 1.650000 -21.400002
v -1.937502 1.650000 -21.350000
v -1.950002 1.650000 -21.350000
v -1.950002 1.650000 -21.150003
v -1.937502 1.650000 -21.150003
v -1.925002 1.650000 -21.100002
v -1.950002 1.650000 -21.100002
v -1.950002 1.650000 -21.500000
v -1.925002 1.650000 -21.500000
v -1.937502 1.650000 -21.449999
v -1.950002 1.650000 -21.449999
v -1.950002 1.850000 -21.250002
v -1.937502 1.850000 -21.250002
v -1.937502 1.850000 -21.200001
v -1.950002 1.850000 -21.200001
v -1.950002 1.850000 -21.400002
v -1.937502 1.850000 -21.400002
v -1.937502 1.850000 -21.350000
v -1.950002 1.850000 -21.350000
v -1.950002 1.850000 -21.150003
v -1.937502 1.850000 -21.150003
v -1.925002 1.850000 -21.100002
v -1.950002 1.850000 -21.100002
v -1.950002 1.850000 -21.500000
v -1.925002 1.850000 -21.500000
v -1.937502 1.850000 -21.449999
v -1.950002 1.850000 -21.449999
v -1.950002 1.950000 -21.250002
v -1.950002 1.950000 -21.200001
v -1.950002 1.950000 -21.400002
v -1.950002 1.950000 -21.350000
v -1.950002 1.950000 -21.150003
v -1.925002 1.950000 -21.100002
v -1.950002 1.950000 -21.100002
v -1.950002 1.950000 -21.500000
v -1.925002 1.950000 -21.500000
v -1.950002 1.950000 -21.449999
v -2.000002 1.000000 -22.000000
v -2.000002 1.000000 -21.000000
v -2.000002 2.000000 -22.000000
v -2.000002 2.000000 -21.000000
v -2.000002 1.950000 -22.000000
v -2.000002 1.050000 -22.000000
v -2.000002 1.050000 -21.000000
v -2.000002 1.950000 -21.000000
v -2.000002 1.000000 -21.899998
v -2.000002 1.000000 -21.100000
v -2.000002 2.000000 -21.100000
v -2.000002 2.000000 -21.899998
v -2.000002 1.050000 -21.100000
v -2.000002 1.050000 -21.899998
v -2.000002 1.950000 -21.100000
v -2.000002 1.950000 -21.899998
v -1.925002 1.050000 -21.100000
v -1.925003 1.050000 -21.899998
v -1.925002 1.950000 -21.100000
v -1.925002 1.950000 -21.899998
v -2.000002 2.000000 -22.000000
v -2.000002 2.000000 -21.000000
v -2.000002 3.000000 -22.000000
v -2.000002 3.000000 -21.000000
v -2.000002 3.000000 -22.000000
v -2.000002 3.000000 -21.000000
v -2.000002 4.000000 -22.000000
v -2.000002 4.000000 -21.000000
v -1.975002 1.350000 -20.549999
v -1.975002 1.400000 -20.549999
v -1.962502 1.400000 -20.549999
v -1.975002 1.350000 -20.500000
v -1.975002 1.400000 -20.499998
v -1.950002 1.350000 -20.500000
v -1.950002 1.400000 -20.499998
v -1.975002 1.350000 -20.899996
v -1.975002 1.400000 -20.899996
v -1.950002 1.350000 -20.899996
v -1.950002 1.400000 -20.899996
v -1.975002 1.400000 -20.849997
v -1.962502 1.400000 -20.849997
v -1.975002 1.350000 -20.649998
v -1.975002 1.400000 -20.649998
v -1.962502 1.400000 -20.649998
v -1.975002 1.350000 -20.599998
v -1.975002 1.400000 -20.599997
v -1.962502 1.400000 -20.599997
v -1.975002 1.350000 -20.799997
v -1.975002 1.400000 -20.799997
v -1.962502 1.400000 -20.799997
v -1.975002 1.400000 -20.749998
v -1.962502 1.400000 -20.749998
v -1.975002 1.150000 -20.899996
v -1.950002 1.150000 -20.899996
v -1.975002 1.150000 -20.849997
v -1.975002 1.350000 -20.849997
v -1.962502 1.150000 -20.849997
v -1.962502 1.350000 -20.849997
v -1.975002 1.050000 -20.899996
v -1.975002 1.050000 -20.849997
v -1.975002 1.150000 -20.799997
v -1.962502 1.150000 -20.799997
v -1.962502 1.350000 -20.799997
v -1.975002 1.150000 -20.749998
v -1.975002 1.350000 -20.749998
v -1.962502 1.150000 -20.749998
v -1.962502 1.350000 -20.749998
v -1.975002 1.050000 -20.799997
v -1.975002 1.050000 -20.749998
v -1.975002 1.150000 -20.649998
v -1.962502 1.150000 -20.649998
v -1.962502 1.350000 -20.649998
v -1.975002 1.150000 -20.599998
v -1.962502 1.150000 -20.599998
v -1.962502 1.350000 -20.599998
v -1.975002 1.050000 -20.649998
v -1.975002 1.050000 -20.599998
v -1.975002 1.150000 -20.549999
v -1.962502 1.150000 -20.549999
v -1.962502 1.350000 -20.549999
v -1.975002 1.150000 -20.500000
v -1.950002 1.150000 -20.500000
v -1.975002 1.050000 -20.549999
v -1.975002 1.050000 -20.500000
v -1.950002 1.050000 -20.500000
v -1.950002 1.050000 -20.899996
v -1.975002 1.600000 -20.649998
v -1.962502 1.600000 -20.649998
v -1.962502 1.600000 -20.599997
v -1.975002 1.600000 -20.599997
v -1.975002 1.600000 -20.799997
v -1.962502 1.600000 -20.799997
v -1.962502 1.600000 -20.749998
v -1.975002 1.600000 -20.749998
v -1.975002 1.600000 -20.549999
v -1.962502 1.600000 -20.549999
v -1.950002 1.600000 -20.499998
v -1.975002 1.600000 -20.499998
v -1.975002 1.600000 -20.899996
v -1.950002 1.600000 -20.899996
v -1.962502 1.600000 -20.849997
v -1.975002 1.600000 -20.849997
v -1.975002 1.650000 -20.649998
v -1.962502 1.650000 -20.649998
v -1.962502 1.650000 -20.599997
v -1.975002 1.650000 -20.599997
v -1.975002 1.650000 -20.799997
v -1.962502 1.650000 -20.799997
v -1.962502 1.650000 -20.749998
v -1.975002 1.650000 -20.749998
v -1.975002 1.650000 -20.549999
v -1.962502 1.650000 -20.549999
v -1.950002 1.650000 -20.499998
v -1.975002 1.650000 -20.499998
v -1.975002 1.650000 -20.899996
v -1.950002 1.650000 -20.899996
v -1.962502 1.650000 -20.849997
v -1.975002 1.650000 -20.849997
v -1.975002 1.850000 -20.649998
v -1.962502 1.850000 -20.649998
v -1.962502 1.850000 -20.599997
v -1.975002 1.850000 -20.599997
v -1.975002 1.850000 -20.799997
v -1.962502 1.850000 -20.799997
v -1.962502 1.850000 -20.749998
v -1.975002 1.850000 -20.749998
v -1.975002 1.850000 -20.549999
v -1.962502 1.850000 -20.549999
v -1.950002 1.850000 -20.499998
v -1.975002 1.850000 -20.499998
v -1.975002 1.850000 -20.899996
v -1.950002 1.850000 -20.899996
v -1.962502 1.850000 -20.849997
v -1.975002 1.850000 -20.849997
v -1.975002 1.950000 -20.649998
v -1.975002 1.950000 -20.599997
v -1.975002 1.950000 -20.799997
v -1.975002 1.950000 -20.749998
v -1.975002 1.950000 -20.549999
v -1.950002 1.950000 -20.499998
v -1.975002 1.950000 -20.499998
v -1.975002 1.950000 -20.899996
v -1.950002 1.950000 -20.899996
v -1.975002 1.950000 -20.849997
v -1.950002 1.350000 -20.150003
v -1.950002 1.400000 -20.150003
v -1.937502 1.400000 -20.150003
v -1.950002 1.350000 -20.100002
v -1.950002 1.400000 -20.100002
v -1.925002 1.350000 -20.100002
v -1.925002 1.400000 -20.100002
v -1.950002 1.350000 -20.500000
v -1.950002 1.400000 -20.500000
v -1.925002 1.350000 -20.500000
v -1.925002 1.400000 -20.500000
v -1.950002 1.400000 -20.449999
v -1.937502 1.400000 -20.449999
v -1.950002 1.350000 -20.250002
v -1.950002 1.400000 -20.250002
v -1.937502 1.400000 -20.250002
v -1.950002 1.350000 -20.200001
v -1.950002 1.400000 -20.200001
v -1.937502 1.400000 -20.200001
v -1.950002 1.350000 -20.400002
v -1.950002 1.400000 -20.400002
v -1.937502 1.400000 -20.400002
v -1.950002 1.400000 -20.350000
v -1.937502 1.400000 -20.350000
v -1.950002 1.150000 -20.500000
v -1.925002 1.150000 -20.500000
v -1.950002 1.150000 -20.450001
v -1.950002 1.350000 -20.450001
v -1.937502 1.150000 -20.450001
v -1.937502 1.350000 -20.450001
v -1.950002 1.050000 -20.500000
v -1.950002 1.050000 -20.450001
v -1.950002 1.150000 -20.400002
v -1.937502 1.150000 -20.400002
v -1.937502 1.350000 -20.400002
v -1.950002 1.150000 -20.350002
v -1.950002 1.350000 -20.350002
v -1.937502 1.150000 -20.350002
v -1.937502 1.350000 -20.350002
v -1.950002 1.050000 -20.400002
v -1.950002 1.050000 -20.350002
v -1.950002 1.150000 -20.250002
v -1.937502 1.150000 -20.250002
v -1.937502 1.350000 -20.250002
v -1.950002 1.150000 -20.200003
v -1.937502 1.150000 -20.200003
v -1.937502 1.350000 -20.200003
v -1.950002 1.050000 -20.250002
v -1.950002 1.050000 -20.200003
v -1.950002 1.150000 -20.150003
v -1.937502 1.150000 -20.150003
v -1.937502 1.350000 -20.150003
v -1.950002 1.150000 -20.100004
v -1.925002 1.150000 -20.100004
v -1.950002 1.050000 -20.150003
v -1.950002 1.050000 -20.100004
v -1.925002 1.050000 -20.100004
v -1.925002 1.050000 -20.500000
v -1.950002 1.600000 -20.250002
v -1.937502 1.600000 -20.250002
v -1.937502 1.600000 -20.200001
v -1.950002 1.600000 -20.200001
v -1.950002 1.600000 -20.400002
v -1.937502 1.600000 -20.400002
v -1.937502 1.600000 -20.350000
v -1.950002 1.600000 -20.350000
v -1.950002 1.600000 -20.150003
v -1.937502 1.600000 -20.150003
v -1.925002 1.600000 -20.100002
v -1.950002 1.600000 -20.100002
v -1.950002 1.600000 -20.500000
v -1.925002 1.600000 -20.500000
v -1.937502 1.600000 -20.449999
v -1.950002 1.600000 -20.449999
v -1.950002 1.650000 -20.250002
v -1.937502 1.650000 -20.250002
v -1.937502 1.650000 -20.200001
v -1.950002 1.650000 -20.200001
v -1.950002 1.650000 -20.400002
v -1.937502 1.650000 -20.400002
v -1.937502 1.650000 -20.350000
v -1.950002 1.650000 -20.350000
v -1.950002 1.650000 -20.150003
v -1.937502 1.650000 -20.150003
v -1.925002 1.650000 -20.100002
v -1.950002 1.650000 -20.100002
v -1.950002 1.650000 -20.500000
v -1.925002 1.650000 -20.500000
v -1.937502 1.650000 -20.449999
v -1.950002 1.650000 -20.449999
v -1.950002 1.850000 -20.250002
v -1.937502 1.850000 -20.250002
v -1.937502 1.850000 -20.200001
v -1.950002 1.850000 -20.200001
v -1.950002 1.850000 -20.400002
v -1.937502 1.850000 -20.400002
v -1.937502 1.850000 -20.350000
v -1.950002 1.850000 -20.350000
v -1.950002 1.850000 -20.150003
v -1.937502 1.850000 -20.150003
v -1.925002 1.850000 -20.100002
v -1.950002 1.850000 -20.100002
v -1.950002 1.850000 -20.500000
v -1.925002 1.850000 -20.500000
v -1.937502 1.850000 -20.449999
v -1.950002 1.850000 -20.449999
v -1.950002 1.950000 -20.250002
v -1.950002 1.950000 -20.200001
v -1.950002 1.950000 -20.400002
v -1.950002 1.950000 -20.350000
v -1.950002 1.950000 -20.150003
v -1.925002 1.950000 -20.100002
v -1.950002 1.950000 -20.100002
v -1.950002 1.950000 -20.500000
v -1.925002 1.950000 -20.500000
v -1.950002 1.950000 -20.449999
v -2.000002 1.000000 -21.000000
v -2.000002 1.000000 -20.000000
v -2.000002 2.000000 -21.000000
v -2.000002 2.000000 -20.000000
v -2.000002 1.950000 -21.000000
v -2.000002 1.050000 -21.000000
v -2.000002 1.050000 -20.000000
v -2.000002 1.950000 -20.000000
v -2.000002 1.000000 -20.899998
v -2.000002 1.000000 -20.100000
v -2.000002 2.000000 -20.100000
v -2.000002 2.000000 -20.899998
v -2.000002 1.050000 -20.100000
v -2.000002 1.050000 -20.899998
v -2.000002 1.950000 -20.100000
v -2.000002 1.950000 -20.899998
v -1.925002 1.050000 -20.100000
v -1.925002 1.050000 -20.899998
v -1.925002 1.950000 -20.100000
v -1.925002 1.950000 -20.899998
v -2.000002 2.000000 -21.000000
v -2.000002 2.000000 -20.000000
v -2.000002 3.000000 -21.000000
v -2.000002 3.000000 -20.000000
v -2.000002 2.050000 -20.781250
v -2.000002 2.050000 -20.218750
v -1.700002 2.050000 -20.681250
v -1.700002 2.050000 -20.318750
v -2.000002 2.387500 -20.781250
v -2.000002 2.612500 -20.612499
v -2.000002 2.546599 -20.731825
v -2.000002 2.612500 -20.387501
v -2.000002 2.387500 -20.218750
v -2.000002 2.546599 -20.268175
v -1.925002 2.612500 -20.500000
v -1.700002 2.387500 -20.681250
v -1.765903 2.546599 -20.631824
v -1.700002 2.387500 -20.318750
v -1.765903 2.546599 -20.368176
v -1.975002 3.350000 -20.549999
v -1.975002 3.400000 -20.549999
v -1.962502 3.400000 -20.549999
v -1.975002 3.350000 -20.500000
v -1.975002 3.400000 -20.499998
v -1.950002 3.350000 -20.500000
v -1.950002 3.400000 -20.499998
v -1.975002 3.350000 -20.899996
v -1.975002 3.400000 -20.899996
v -1.950002 3.350000 -20.899996
v -1.950002 3.400000 -20.899996
v -1.975002 3.400000 -20.849997
v -1.962502 3.400000 -20.849997
v -1.975002 3.350000 -20.649998
v -1.975002 3.400000 -20.649998
v -1.962502 3.400000 -20.649998
v -1.975002 3.350000 -20.599998
v -1.975002 3.400000 -20.599997
v -1.962502 3.400000 -20.599997
v -1.975002 3.350000 -20.799997
v -1.975002 3.400000 -20.799997
v -1.962502 3.400000 -20.799997
v -1.975002 3.400000 -20.749998
v -1.962502 3.400000 -20.749998
v -1.975002 3.150000 -20.899996
v -1.950002 3.150000 -20.899996
v -1.975002 3.150000 -20.849997
v -1.975002 3.350000 -20.849997
v -1.962502 3.150000 -20.849997
v -1.962502 3.350000 -20.849997
v -1.975002 3.050000 -20.899996
v -1.975002 3.050000 -20.849997
v -1.975002 3.150000 -20.799997
v -1.962502 3.150000 -20.799997
v -1.962502 3.350000 -20.799997
v -1.975002 3.150000 -20.749998
v -1.975002 3.350000 -20.749998
v -1.962502 3.150000 -20.749998
v -1.962502 3.350000 -20.749998
v -1.975002 3.050000 -20.799997
v -1.975002 3.050000 -20.749998
v -1.975002 3.150000 -20.649998
v -1.962502 3.150000 -20.649998
v -1.962502 3.350000 -20.649998
v -1.975002 3.150000 -20.599998
v -1.962502 3.150000 -20.599998
v -1.962502 3.350000 -20.599998
v -1.975002 3.050000 -20.649998
v -1.975002 3.050000 -20.599998
v -1.975002 3.150000 -20.549999
v -1.962502 3.150000 -20.549999
v -1.962502 3.350000 -20.549999
v -1.975002 3.150000 -20.500000
v -1.950002 3.150000 -20.500000
v -1.975002 3.050000 -20.549999
v -1.975002 3.050000 -20.500000
v -1.950002 3.050000 -20.500000
v -1.950002 3.050000 -20.899996
v -1.975002 3.600000 -20.649998
v -1.962502 3.600000 -20.649998
v -1.962502 3.600000 -20.599997
v -1.975002 3.600000 -20.599997
v -1.975002 3.600000 -20.799997
v -1.962502 3.600000 -20.799997
v -1.962502 3.600000 -20.749998
v -1.975002 3.600000 -20.749998
v -1.975002 3.600000 -20.549999
v -1.962502 3.600000 -20.549999
v -1.950002 3.600000 -20.499998
v -1.975002 3.600000 -20.499998
v -1.975002 3.600000 -20.899996
v -1.950002 3.600000 -20.899996
v -1.962502 3.600000 -20.849997
v -1.975002 3.600000 -20.849997
v -1.975002 3.650000 -20.649998
v -1.962502 3.650000 -20.649998
v -1.962502 3.650000 -20.599997
v -1.975002 3.650000 -20.599997
v -1.975002 3.650000 -20.799997
v -1.962502 3.650000 -20.799997
v -1.962502 3.650000 -20.749998
v -1.975002 3.650000 -20.749998
v -1.975002 3.650000 -20.549999
v -1.962502 3.650000 -20.549999
v -1.950002 3.650000 -20.499998
v -1.975002 3.650000 -20.499998
v -1.975002 3.650000 -20.899996
v -1.950002 3.650000 -20.899996
v -1.962502 3.650000 -20.849997
v -1.975002 3.650000 -20.849997
v -1.975002 3.850000 -20.649998
v -1.962502 3.850000 -20.649998
v -1.962502 3.850000 -20.599997
v -1.975002 3.850000 -20.599997
v -1.975002 3.850000 -20.799997
v -1.962502 3.850000 -20.799997
v -1.962502 3.850000 -20.749998
v -1.975002 3.850000 -20.749998
v -1.975002 3.850000 -20.549999
v -1.962502 3.850000 -20.549999
v -1.950002 3.850000 -20.499998
v -1.975002 3.850000 -20.499998
v -1.975002 3.850000 -20.899996
v -1.950002 3.850000 -20.899996
v -1.962502 3.850000 -20.849997
v -1.975002 3.850000 -20.849997
v -1.975002 3.950000 -20.649998
v -1.975002 3.950000 -20.599997
v -1.975002 3.950000 -20.799997
v -1.975002 3.950000 -20.749998
v -1.975002 3.950000 -20.549999
v -1.950002 3.950000 -20.499998
v -1.975002 3.950000 -20.499998
v -1.975002 3.950000 -20.899996
v -1.950002 3.950000 -20.899996
v -1.975002 3.950000 -20.849997
v -1.950002 3.350000 -20.150003
v -1.950002 3.400000 -20.150003
v -1.937502 3.400000 -20.150003
v -1.950002 3.350000 -20.100002
v -1.950002 3.400000 -20.100002
v -1.925002 3.350000 -20.100002
v -1.925002 3.400000 -20.100002
v -1.950002 3.350000 -20.500000
v -1.950002 3.400000 -20.500000
v -1.925002 3.350000 -20.500000
v -1.925002 3.400000 -20.500000
v -1.950002 3.400000 -20.449999
v -1.937502 3.400000 -20.449999
v -1.950002 3.350000 -20.250002
v -1.950002 3.400000 -20.250002
v -1.937502 3.400000 -20.250002
v -1.950002 3.350000 -20.200001
v -1.950002 3.400000 -20.200001
v -1.937502 3.400000 -20.200001
v -1.950002 3.350000 -20.400002
v -1.950002 3.400000 -20.400002
v -1.937502 3.400000 -20.400002
v -1.950002 3.400000 -20.350000
v -1.937502 3.400000 -20.350000
v -1.950002 3.150000 -20.500000
v -1.925002 3.150000 -20.500000
v -1.950002 3.150000 -20.450001
v -1.950002 3.350000 -20.450001
v -1.937502 3.150000 -20.450001
v -1.937502 3.350000 -20.450001
v -1.950002 3.050000 -20.500000
v -1.950002 3.050000 -20.450001
v -1.950002 3.150000 -20.400002
v -1.937502 3.150000 -20.400002
v -1.937502 3.350000 -20.400002
v -1.950002 3.150000 -20.350002
v -1.950002 3.350000 -20.350002
v -1.937502 3.150000 -20.350002
v -1.937502 3.350000 -20.350002
v -1.950002 3.050000 -20.400002
v -1.950002 3.050000 -20.350002
v -1.950002 3.150000 -20.250002
v -1.937502 3.150000 -20.250002
v -1.937502 3.350000 -20.250002
v -1.950002 3.150000 -20.200003
v -1.937502 3.150000 -20.200003
v -1.937502 3.350000 -20.200003
v -1.950002 3.050000 -20.250002
v -1.950002 3.050000 -20.200003
v -1.950002 3.150000 -20.150003
v -1.937502 3.150000 -20.150003
v -1.937502 3.350000 -20.150003
v -1.950002 3.150000 -20.100004
v -1.925002 3.150000 -20.100004
v -1.950002 3.050000 -20.150003
v -1.950002 3.050000 -20.100004
v -1.925002 3.050000 -20.100004
v -1.925002 3.050000 -20.500000
v -1.950002 3.600000 -20.250002
v -1.937502 3.600000 -20.250002
v -1.937502 3.600000 -20.200001
v -1.950002 3.600000 -20.200001
v -1.950002 3.600000 -20.400002
v -1.937502 3.600000 -20.400002
v -1.937502 3.600000 -20.350000
v -1.950002 3.600000 -20.350000
v -1.950002 3.600000 -20.150003
v -1.937502 3.600000 -20.150003
v -1.925002 3.600000 -20.100002
v -1.950002 3.600000 -20.100002
v -1.950002 3.600000 -20.500000
v -1.925002 3.600000 -20.500000
v -1.937502 3.600000 -20.449999
v -1.950002 3.600000 -20.449999
v -1.950002 3.650000 -20.250002
v -1.937502 3.650000 -20.250002
v -1.937502 3.650000 -20.200001
v -1.950002 3.650000 -20.200001
v -1.950002 3.650000 -20.400002
v -1.937502 3.650000 -20.400002
v -1.937502 3.650000 -20.350000
v -1.950002 3.650000 -20.350000
v -1.950002 3.650000 -20.150003
v -1.937502 3.650000 -20.150003
v -1.925002 3.650000 -20.100002
v -1.950002 3.650000 -20.100002
v -1.950002 3.650000 -20.500000
v -1.925002 3.650000 -20.500000
v -1.937502 3.650000 -20.449999
v -1.950002 3.650000 -20.449999
v -1.950002 3.850000 -20.250002
v -1.937502 3.850000 -20.250002
v -1.937502 3.850000 -20.200001
v -1.950002 3.850000 -20.200001
v -1.950002 3.850000 -20.400002
v -1.937502 3.850000 -20.400002
v -1.937502 3.850000 -20.350000
v -1.950002 3.850000 -20.350000
v -1.950002 3.850000 -20.150003
v -1.937502 3.850000 -20.150003
v -1.925002 3.850000 -20.100002
v -1.950002 3.850000 -20.100002
v -1.950002 3.850000 -20.500000
v -1.925002 3.850000 -20.500000
v -1.937502 3.850000 -20.449999
v -1.950002 3.850000 -20.449999
v -1.950002 3.950000 -20.250002
v -1.950002 3.950000 -20.200001
v -1.950002 3.950000 -20.400002
v -1.950002 3.950000 -20.350000
v -1.950002 3.950000 -20.150003
v -1.925002 3.950000 -20.100002
v -1.950002 3.950000 -20.100002
v -1.950002 3.950000 -20.500000
v -1.925002 3.950000 -20.500000
v -1.950002 3.950000 -20.449999
v -2.000002 3.000000 -21.000000
v -2.000002 3.000000 -20.000000
v -2.000002 4.000000 -21.000000
v -2.000002 4.000000 -20.000000
v -2.000002 3.950000 -21.000000
v -2.000002 3.050000 -21.000000
v -2.000002 3.050000 -20.000000
v -2.000002 3.950000 -20.000000
v -2.000002 3.000000 -20.899998
v -2.000002 3.000000 -20.100000
v -2.000002 4.000000 -20.100000
v -2.000002 4.000000 -20.899998
v -2.000002 3.050000 -20.100000
v -2.000002 3.050000 -20.899998
v -2.000002 3.950000 -20.100000
v -2.000002 3.950000 -20.899998
v -1.925002 3.050000 -20.100000
v -1.925002 3.050000 -20.899998
v -1.925002 3.950000 -20.100000
v -1.925002 3.950000 -20.899998
v -2.000002 1.000000 -20.000000
v -2.000002 1.000000 -19.000000
v -2.000002 2.000000 -20.000000
v -2.000002 2.000000 -19.000000
v -1.975002 2.350000 -19.549999
v -1.975002 2.400000 -19.549999
v -1.962502 2.400000 -19.549999
v -1.975002 2.350000 -19.500000
v -1.975002 2.400000 -19.499998
v -1.950002 2.350000 -19.500000
v -1.950002 2.400000 -19.499998
v -1.975002 2.350000 -19.899996
v -1.975002 2.400000 -19.899996
v -1.950002 2.350000 -19.899996
v -1.950002 2.400000 -19.899996
v -1.975002 2.400000 -19.849997
v -1.962502 2.400000 -19.849997
v -1.975002 2.350000 -19.649998
v -1.975002 2.400000 -19.649998
v -1.962502 2.400000 -19.649998
v -1.975002 2.350000 -19.599998
v -1.975002 2.400000 -19.599997
v -1.962502 2.400000 -19.599997
v -1.975002 2.350000 -19.799997
v -1.975002 2.400000 -19.799997
v -1.962502 2.400000 -19.799997
v -1.975002 2.400000 -19.749998
v -1.962502 2.400000 -19.749998
v -1.975002 2.150000 -19.899996
v -1.950002 2.150000 -19.899996
v -1.975002 2.150000 -19.849997
v -1.975002 2.350000 -19.849997
v -1.962502 2.150000 -19.849997
v -1.962502 2.350000 -19.849997
v -1.975002 2.050000 -19.899996
v -1.975002 2.050000 -19.849997
v -1.975002 2.150000 -19.799997
v -1.962502 2.150000 -19.799997
v -1.962502 2.350000 -19.799997
v -1.975002 2.150000 -19.749998
v -1.975002 2.350000 -19.749998
v -1.962502 2.150000 -19.749998
v -1.962502 2.350000 -19.749998
v -1.975002 2.050000 -19.799997
v -1.975002 2.050000 -19.749998
v -1.975002 2.150000 -19.649998
v -1.962502 2.150000 -19.649998
v -1.962502 2.350000 -19.649998
v -1.975002 2.150000 -19.599998
v -1.962502 2.150000 -19.599998
v -1.962502 2.350000 -19.599998
v -1.975002 2.050000 -19.649998
v -1.975002 2.050000 -19.599998
v -1.975002 2.150000 -19.549999
v -1.962502 2.150000 -19.549999
v -1.962502 2.350000 -19.549999
v -1.975002 2.150000 -19.500000
v -1.950002 2.150000 -19.500000
v -1.975002 2.050000 -19.549999
v -1.975002 2.050000 -19.500000
v -1.950002 2.050000 -19.500000
v -1.950002 2.050000 -19.899996
v -1.975002 2.600000 -19.649998
v -1.962502 2.600000 -19.649998
v -1.962502 2.600000 -19.599997
v -1.975002 2.600000 -19.599997
v -1.975002 2.600000 -19.799997
v -1.962502 2.600000 -19.799997
v -1.962502 2.600000 -19.749998
v -1.975002 2.600000 -19.749998
v -1.975002 2.600000 -19.549999
v -1.962502 2.600000 -19.549999
v -1.950002 2.600000 -19.499998
v -1.975002 2.600000 -19.499998
v -1.975002 2.600000 -19.899996
v -1.950002 2.600000 -19.899996
v -1.962502 2.600000 -19.849997
v -1.975002 2.600000 -19.849997
v -1.975002 2.650000 -19.649998
v -1.962502 2.650000 -19.649998
v -1.962502 2.650000 -19.599997
v -1.975002 2.650000 -19.599997
v -1.975002 2.650000 -19.799997
v -1.962502 2.650000 -19.799997
v -1.962502 2.650000 -19.749998
v -1.975002 2.650000 -19.749998
v -1.975002 2.650000 -19.549999
v -1.962502 2.650000 -19.549999
v -1.950002 2.650000 -19.499998
v -1.975002 2.650000 -19.499998
v -1.975002 2.650000 -19.899996
v -1.950002 2.650000 -19.899996
v -1.962502 2.650000 -19.849997
v -1.975002 2.650000 -19.849997
v -1.975002 2.850000 -19.649998
v -1.962502 2.850000 -19.649998
v -1.962502 2.850000 -19.599997
v -1.975002 2.850000 -19.599997
v -1.975002 2.850000 -19.799997
v -1.962502 2.850000 -19.799997
v -1.962502 2.850000 -19.749998
v -1.975002 2.850000 -19.749998
v -1.975002 2.850000 -19.549999
v -1.962502 2.850000 -19.549999
v -1.950002 2.850000 -19.499998
v -1.975002 2.850000 -19.499998
v -1.975002 2.850000 -19.899996
v -1.950002 2.850000 -19.899996
v -1.962502 2.850000 -19.849997
v -1.975002 2.850000 -19.849997
v -1.975002 2.950000 -19.649998
v -1.975002 2.950000 -19.599997
v -1.975002 2.950000 -19.799997
v -1.975002 2.950000 -19.749998
v -1.975002 2.950000 -19.549999
v -1.950002 2.950000 -19.499998
v -1.975002 2.950000 -19.499998
v -1.975002 2.950000 -19.899996
v -1.950002 2.950000 -19.899996
v -1.975002 2.950000 -19.849997
v -1.950002 2.350000 -19.150003
v -1.950002 2.400000 -19.150003
v -1.937502 2.400000 -19.150003
v -1.950002 2.350000 -19.100002
v -1.950002 2.400000 -19.100002
v -1.925002 2.350000 -19.100002
v -1.925002 2.400000 -19.100002
v -1.950002 2.350000 -19.500000
v -1.950002 2.400000 -19.500000
v -1.925002 2.350000 -19.500000
v -1.925002 2.400000 -19.500000
v -1.950002 2.400000 -19.449999
v -1.937502 2.400000 -19.449999
v -1.950002 2.350000 -19.250002
v -1.950002 2.400000 -19.250002
v -1.937502 2.400000 -19.250002
v -1.950002 2.350000 -19.200001
v -1.950002 2.400000 -19.200001
v -1.937502 2.400000 -19.200001
v -1.950002 2.350000 -19.400002
v -1.950002 2.400000 -19.400002
v -1.937502 2.400000 -19.400002
v -1.950002 2.400000 -19.350000
v -1.937502 2.400000 -19.350000
v -1.950002 2.150000 -19.500000
v -1.925002 2.150000 -19.500000
v -1.950002 2.150000 -19.450001
v -1.950002 2.350000 -19.450001
v -1.937502 2.150000 -19.450001
v -1.937502 2.350000 -19.450001
v -1.950002 2.050000 -19.500000
v -1.950002 2.050000 -19.450001
v -1.950002 2.150000 -19.400002
v -1.937502 2.150000 -19.400002
v -1.937502 2.350000 -19.400002
v -1.950002 2.150000 -19.350002
v -1.950002 2.350000 -19.350002
v -1.937502 2.150000 -19.350002
v -1.937502 2.350000 -19.350002
v -1.950002 2.050000 -19.400002
v -1.950002 2.050000 -19.350002
v -1.950002 2.150000 -19.250002
v -1.937502 2.150000 -19.250002
v -1.937502 2.350000 -19.250002
v -1.950002 2.150000 -19.200003
v -1.937502 2.150000 -19.200003
v -1.937502 2.350000 -19.200003
v -1.950002 2.050000 -19.250002
v -1.950002 2.050000 -19.200003
v -1.950002 2.150000 -19.150003
v -1.937502 2.150000 -19.150003
v -1.937502 2.350000 -19.150003
v -1.950002 2.150000 -19.100004
v -1.925002 2.150000 -19.100004
v -1.950002 2.050000 -19.150003
v -1.950002 2.050000 -19.100004
v -1.925002 2.050000 -19.100004
v -1.925002 2.050000 -19.500000
v -1.950002 2.600000 -19.250002
v -1.937502 2.600000 -19.250002
v -1.937502 2.600000 -19.200001
v -1.950002 2.600000 -19.200001
v -1.950002 2.600000 -19.400002
v -1.937502 2.600000 -19.400002
v -1.937502 2.600000 -19.350000
v -1.950002 2.600000 -19.350000
v -1.950002 2.600000 -19.150003
v -1.937502 2.600000 -19.150003
v -1.925002 2.600000 -19.100002
v -1.950002 2.600000 -19.100002
v -1.950002 2.600000 -19.500000
v -1.925002 2.600000 -19.500000
v -1.937502 2.600000 -19.449999
v -1.950002 2.600000 -19.449999
v -1.950002 2.650000 -19.250002
v -1.937502 2.650000 -19.250002
v -1.937502 2.650000 -19.200001
v -1.950002 2.650000 -19.200001
v -1.950002 2.650000 -19.400002
v -1.937502 2.650000 -19.400002
v -1.937502 2.650000 -19.350000
v -1.950002 2.650000 -19.350000
v -1.950002 2.650000 -19.150003
v -1.937502 2.650000 -19.150003
v -1.925002 2.650000 -19.100002
v -1.950002 2.650000 -19.100002
v -1.950002 2.650000 -19.500000
v -1.925002 2.650000 -19.500000
v -1.937502 2.650000 -19.449999
v -1.950002 2.650000 -19.449999
v -1.950002 2.850000 -19.250002
v -1.937502 2.850000 -19.250002
v -1.937502 2.850000 -19.200001
v -1.950002 2.850000 -19.200001
v -1.950002 2.850000 -19.400002
v -1.937502 2.850000 -19.400002
v -1.937502 2.850000 -19.350000
v -1.950002 2.850000 -19.350000
v -1.950002 2.850000 -19.150003
v -1.937502 2.850000 -19.150003
v -1.925002 2.850000 -19.100002
v -1.950002 2.850000 -19.100002
v -1.950002 2.850000 -19.500000
v -1.925002 2.850000 -19.500000
v -1.937502 2.850000 -19.449999
v -1.950002 2.850000 -19.449999
v -1.950002 2.950000 -19.250002
v -1.950002 2.950000 -19.200001
v -1.950002 2.950000 -19.400002
v -1.950002 2.950000 -19.350000
v -1.950002 2.950000 -19.150003
v -1.925002 2.950000 -19.100002
v -1.950002 2.950000 -19.100002
v -1.950002 2.950000 -19.500000
v -1.925002 2.950000 -19.500000
v -1.950002 2.950000 -19.449999
v -2.000002 2.000000 -20.000000
v -2.000002 2.000000 -19.000000
v -2.000002 3.000000 -20.000000
v -2.000002 3.000000 -19.000000
v -2.000002 2.950000 -20.000000
v -2.000002 2.050000 -20.000000
v -2.000002 2.050000 -19.000000
v -2.000002 2.950000 -19.000000
v -2.000002 2.000000 -19.899998
v -2.000002 2.000000 -19.100000
v -2.000002 3.000000 -19.100000
v -2.000002 3.000000 -19.899998
v -2.000002 2.050000 -19.100000
v -2.000002 2.050000 -19.899998
v -2.000002 2.950000 -19.100000
v -2.000002 2.950000 -19.899998
v -1.925002 2.050000 -19.100000
v -1.925002 2.050000 -19.899998
v -1.925002 2.950000 -19.100000
v -1.925002 2.950000 -19.899998
v -1.975002 3.350000 -19.549999
v -1.975002 3.400000 -19.549999
v -1.962502 3.400000 -19.549999
v -1.975002 3.350000 -19.500000
v -1.975002 3.400000 -19.499998
v -1.950002 3.350000 -19.500000
v -1.950002 3.400000 -19.499998
v -1.975002 3.350000 -19.899996
v -1.975002 3.400000 -19.899996
v -1.950002 3.350000 -19.899996
v -1.950002 3.400000 -19.899996
v -1.975002 3.400000 -19.849997
v -1.962502 3.400000 -19.849997
v -1.975002 3.350000 -19.649998
v -1.975002 3.400000 -19.649998
v -1.962502 3.400000 -19.649998
v -1.975002 3.350000 -19.599998
v -1.975002 3.400000 -19.599997
v -1.962502 3.400000 -19.599997
v -1.975002 3.350000 -19.799997
v -1.975002 3.400000 -19.799997
v -1.962502 3.400000 -19.799997
v -1.975002 3.400000 -19.749998
v -1.962502 3.400000 -19.749998
v -1.975002 3.150000 -19.899996
v -1.950002 3.150000 -19.899996
v -1.975002 3.150000 -19.849997
v -1.975002 3.350000 -19.849997
v -1.962502 3.150000 -19.849997
v -1.962502 3.350000 -19.849997
v -1.975002 3.050000 -19.899996
v -1.975002 3.050000 -19.849997
v -1.975002 3.150000 -19.799997
v -1.962502 3.150000 -19.799997
v -1.962502 3.350000 -19.799997
v -1.975002 3.150000 -19.749998
v -1.975002 3.350000 -19.749998
v -1.962502 3.150000 -19.749998
v -1.962502 3.350000 -19.749998
v -1.975002 3.050000 -19.799997
v -1.975002 3.050000 -19.749998
v -1.975002 3.150000 -19.649998
v -1.962502 3.150000 -19.649998
v -1.962502 3.350000 -19.649998
v -1.975002 3.150000 -19.599998
v -1.962502 3.150000 -19.599998
v -1.962502 3.350000 -19.599998
v -1.975002 3.050000 -19.649998
v -1.975002 3.050000 -19.599998
v -1.975002 3.150000 -19.549999
v -1.962502 3.150000 -19.549999
v -1.962502 3.350000 -19.549999
v -1.975002 3.150000 -19.500000
v -1.950002 3.150000 -19.500000
v -1.975002 3.050000 -19.549999
v -1.975002 3.050000 -19.500000
v -1.950002 3.050000 -19.500000
v -1.950002 3.050000 -19.899996
v -1.975002 3.600000 -19.649998
v -1.962502 3.600000 -19.649998
v -1.962502 3.600000 -19.599997
v -1.975002 3.600000 -19.599997
v -1.975002 3.600000 -19.799997
v -1.962502 3.600000 -19.799997
v -1.962502 3.600000 -19.749998
v -1.975002 3.600000 -19.749998
v -1.975002 3.600000 -19.549999
v -1.962502 3.600000 -19.549999
v -1.950002 3.600000 -19.499998
v -1.975002 3.600000 -19.499998
v -1.975002 3.600000 -19.899996
v -1.950002 3.600000 -19.899996
v -1.962502 3.600000 -19.849997
v -1.975002 3.600000 -19.849997
v -1.975002 3.650000 -19.649998
v -1.962502 3.650000 -19.649998
v -1.962502 3.650000 -19.599997
v -1.975002 3.650000 -19.599997
v -1.975002 3.650000 -19.799997
v -1.962502 3.650000 -19.799997
v -1.962502 3.650000 -19.749998
v -1.975002 3.650000 -19.749998
v -1.975002 3.650000 -19.549999
v -1.962502 3.650000 -19.549999
v -1.950002 3.650000 -19.499998
v -1.975002 3.650000 -19.499998
v -1.975002 3.650000 -19.899996
v -1.950002 3.650000 -19.899996
v -1.962502 3.650000 -19.849997
v -1.975002 3.650000 -19.849997
v -1.975002 3.850000 -19.649998
v -1.962502 3.850000 -19.649998
v -1.962502 3.850000 -19.599997
v -1.975002 3.850000 -19.599997
v -1.975002 3.850000 -19.799997
v -1.962502 3.850000 -19.799997
v -1.962502 3.850000 -19.749998
v -1.975002 3.850000 -19.749998
v -1.975002 3.850000 -19.549999
v -1.962502 3.850000 -19.549999
v -1.950002 3.850000 -19.499998
v -1.975002 3.850000 -19.499998
v -1.975002 3.850000 -19.899996
v -1.950002 3.850000 -19.899996
v -1.962502 3.850000 -19.849997
v -1.975002 3.850000 -19.849997
v -1.975002 3.950000 -19.649998
v -1.975002 3.950000 -19.599997
v -1.975002 3.950000 -19.799997
v -1.975002 3.950000 -19.749998
v -1.975002 3.950000 -19.549999
v -1.950002 3.950000 -19.499998
v -1.975002 3.950000 -19.499998
v -1.975002 3.950000 -19.899996
v -1.950002 3.950000 -19.899996
v -1.975002 3.950000 -19.849997
v -1.950002 3.350000 -19.150003
v -1.950002 3.400000 -19.150003
v -1.937502 3.400000 -19.150003
v -1.950002 3.350000 -19.100002
v -1.950002 3.400000 -19.100002
v -1.925002 3.350000 -19.100002
v -1.925002 3.400000 -19.100002
v -1.950002 3.350000 -19.500000
v -1.950002 3.400000 -19.500000
v -1.925002 3.350000 -19.500000
v -1.925002 3.400000 -19.500000
v -1.950002 3.400000 -19.449999
v -1.937502 3.400000 -19.449999
v -1.950002 3.350000 -19.250002
v -1.950002 3.400000 -19.250002
v -1.937502 3.400000 -19.250002
v -1.950002 3.350000 -19.200001
v -1.950002 3.400000 -19.200001
v -1.937502 3.400000 -19.200001
v -1.950002 3.350000 -19.400002
v -1.950002 3.400000 -19.400002
v -1.937502 3.400000 -19.400002
v -1.950002 3.400000 -19.350000
v -1.937502 3.400000 -19.350000
v -1.950002 3.150000 -19.500000
v -1.925002 3.150000 -19.500000
v -1.950002 3.150000 -19.450001
v -1.950002 3.350000 -19.450001
v -1.937502 3.150000 -19.450001
v -1.937502 3.350000 -19.450001
v -1.950002 3.050000 -19.500000
v -1.950002 3.050000 -19.450001
v -1.950002 3.150000 -19.400002
v -1.937502 3.150000 -19.400002
v -1.937502 3.350000 -19.400002
v -1.950002 3.150000 -19.350002
v -1.950002 3.350000 -19.350002
v -1.937502 3.150000 -19.350002
v -1.937502 3.350000 -19.350002
v -1.950002 3.050000 -19.400002
v -1.950002 3.050000 -19.350002
v -1.950002 3.150000 -19.250002
v -1.937502 3.150000 -19.250002
v -1.937502 3.350000 -19.250002
v -1.950002 3.150000 -19.200003
v -1.937502 3.150000 -19.200003
v -1.937502 3.350000 -19.200003
v -1.950002 3.050000 -19.250002
v -1.950002 3.050000 -19.200003
v -1.950002 3.150000 -19.150003
v -1.937502 3.150000 -19.150003
v -1.937502 3.350000 -19.150003
v -1.950002 3.150000 -19.100004
v -1.925002 3.150000 -19.100004
v -1.950002 3.050000 -19.150003
v -1.950002 3.050000 -19.100004
v -1.925002 3.050000 -19.100004
v -1.925002 3.050000 -19.500000
v -1.950002 3.600000 -19.250002
v -1.937502 3.600000 -19.250002
v -1.937502 3.600000 -19.200001
v -1.950002 3.600000 -19.200001
v -1.950002 3.600000 -19.400002
v -1.937502 3.600000 -19.400002
v -1.937502 3.600000 -19.350000
v -1.950002 3.600000 -19.350000
v -1.950002 3.600000 -19.150003
v -1.937502 3.600000 -19.150003
v -1.925002 3.600000 -19.100002
v -1.950002 3.600000 -19.100002
v -1.950002 3.600000 -19.500000
v -1.925002 3.600000 -19.500000
v -1.937502 3.600000 -19.449999
v -1.950002 3.600000 -19.449999
v -1.950002 3.650000 -19.250002
v -1.937502 3.650000 -19.250002
v -1.937502 3.650000 -19.200001
v -1.950002 3.650000 -19.200001
v -1.950002 3.650000 -19.400002
v -1.937502 3.650000 -19.400002
v -1.937502 3.650000 -19.350000
v -1.950002 3.650000 -19.350000
v -1.950002 3.650000 -19.150003
v -1.937502 3.650000 -19.150003
v -1.925002 3.650000 -19.100002
v -1.950002 3.650000 -19.100002
v -1.950002 3.650000 -19.500000
v -1.925002 3.650000 -19.500000
v -1.937502 3.650000 -19.449999
v -1.950002 3.650000 -19.449999
v -1.950002 3.850000 -19.250002
v -1.937502 3.850000 -19.250002
v -1.937502 3.850000 -19.200001
v -1.950002 3.850000 -19.200001
v -1.950002 3.850000 -19.400002
v -1.937502 3.850000 -19.400002
v -1.937502 3.850000 -19.350000
v -1.950002 3.850000 -19.350000
v -1.950002 3.850000 -19.150003
v -1.937502 3.850000 -19.150003
v -1.925002 3.850000 -19.100002
v -1.950002 3.850000 -19.100002
v -1.950002 3.850000 -19.500000
v -1.925002 3.850000 -19.500000
v -1.937502 3.850000 -19.449999
v -1.950002 3.850000 -19.449999
v -1.950002 3.950000 -19.250002
v -1.950002 3.950000 -19.200001
v -1.950002 3.950000 -19.400002
v -1.950002 3.950000 -19.350000
v -1.950002 3.950000 -19.150003
v -1.925002 3.950000 -19.100002
v -1.950002 3.950000 -19.100002
v -1.950002 3.950000 -19.500000
v -1.925002 3.950000 -19.500000
v -1.950002 3.950000 -19.449999
v -2.000002 3.000000 -20.000000
v -2.000002 3.000000 -19.000000
v -2.000002 4.000000 -20.000000
v -2.000002 4.000000 -19.000000
v -2.000002 3.950000 -20.000000
v -2.000002 3.050000 -20.000000
v -2.000002 3.050000 -19.000000
v -2.000002 3.950000 -19.000000
v -2.000002 3.000000 -19.899998
v -2.000002 3.000000 -19.100000
v -2.000002 4.000000 -19.100000
v -2.000002 4.000000 -19.899998
v -2.000002 3.050000 -19.100000
v -2.000002 3.050000 -19.899998
v -2.000002 3.950000 -19.100000
v -2.000002 3.950000 -19.899998
v -1.925002 3.050000 -19.100000
v -1.925002 3.050000 -19.899998
v -1.925002 3.950000 -19.100000
v -1.925002 3.950000 -19.899998
v -1.975002 1.350000 -18.549999
v -1.975002 1.400000 -18.549999
v -1.962502 1.400000 -18.549999
v -1.975002 1.350000 -18.500000
v -1.975002 1.400000 -18.499998
v -1.950002 1.350000 -18.500000
v -1.950002 1.400000 -18.499998
v -1.975002 1.350000 -18.899996
v -1.975002 1.400000 -18.899996
v -1.950002 1.350000 -18.899996
v -1.950002 1.400000 -18.899996
v -1.975002 1.400000 -18.849997
v -1.962502 1.400000 -18.849997
v -1.975002 1.350000 -18.649998
v -1.975002 1.400000 -18.649998
v -1.962502 1.400000 -18.649998
v -1.975002 1.350000 -18.599998
v -1.975002 1.400000 -18.599997
v -1.962502 1.400000 -18.599997
v -1.975002 1.350000 -18.799997
v -1.975002 1.400000 -18.799997
v -1.962502 1.400000 -18.799997
v -1.975002 1.400000 -18.749998
v -1.962502 1.400000 -18.749998
v -1.975002 1.150000 -18.899998
v -1.950002 1.150000 -18.899998
v -1.975002 1.150000 -18.849997
v -1.975002 1.350000 -18.849997
v -1.962502 1.150000 -18.849997
v -1.962502 1.350000 -18.849997
v -1.975002 1.050000 -18.899998
v -1.975002 1.050000 -18.849997
v -1.975002 1.150000 -18.799997
v -1.962502 1.150000 -18.799997
v -1.962502 1.350000 -18.799997
v -1.975002 1.150000 -18.749998
v -1.975002 1.350000 -18.749998
v -1.962502 1.150000 -18.749998
v -1.962502 1.350000 -18.749998
v -1.975002 1.050000 -18.799997
v -1.975002 1.050000 -18.749998
v -1.975002 1.150000 -18.649998
v -1.962502 1.150000 -18.649998
v -1.962502 1.350000 -18.649998
v -1.975002 1.150000 -18.599998
v -1.962502 1.150000 -18.599998
v -1.962502 1.350000 -18.599998
v -1.975002 1.050000 -18.649998
v -1.975002 1.050000 -18.599998
v -1.975002 1.150000 -18.549999
v -1.962502 1.150000 -18.549999
v -1.962502 1.350000 -18.549999
v -1.975002 1.150000 -18.500000
v -1.950002 1.150000 -18.500000
v -1.975002 1.050000 -18.549999
v -1.975002 1.050000 -18.500000
v -1.950002 1.050000 -18.500000
v -1.950002 1.050000 -18.899998
v -1.975002 1.600000 -18.649998
v -1.962502 1.600000 -18.649998
v -1.962502 1.600000 -18.599997
v -1.975002 1.600000 -18.599997
v -1.975002 1.600000 -18.799997
v -1.962502 1.600000 -18.799997
v -1.962502 1.600000 -18.749998
v -1.975002 1.600000 -18.749998
v -1.975002 1.600000 -18.549999
v -1.962502 1.600000 -18.549999
v -1.950002 1.600000 -18.499998
v -1.975002 1.600000 -18.499998
v -1.975002 1.600000 -18.899996
v -1.950002 1.600000 -18.899996
v -1.962502 1.600000 -18.849997
v -1.975002 1.600000 -18.849997
v -1.975002 1.650000 -18.649998
v -1.962502 1.650000 -18.649998
v -1.962502 1.650000 -18.599997
v -1.975002 1.650000 -18.599997
v -1.975002 1.650000 -18.799997
v -1.962502 1.650000 -18.799997
v -1.962502 1.650000 -18.749998
v -1.975002 1.650000 -18.749998
v -1.975002 1.650000 -18.549999
v -1.962502 1.650000 -18.549999
v -1.950002 1.650000 -18.499998
v -1.975002 1.650000 -18.499998
v -1.975002 1.650000 -18.899996
v -1.950002 1.650000 -18.899996
v -1.962502 1.650000 -18.849997
v -1.975002 1.650000 -18.849997
v -1.975002 1.850000 -18.649998
v -1.962502 1.850000 -18.649998
v -1.962502 1.850000 -18.599997
v -1.975002 1.850000 -18.599997
v -1.975002 1.850000 -18.799997
v -1.962502 1.850000 -18.799997
v -1.962502 1.850000 -18.749998
v -1.975002 1.850000 -18.749998
v -1.975002 1.850000 -18.549999
v -1.962502 1.850000 -18.549999
v -1.950002 1.850000 -18.499998
v -1.975002 1.850000 -18.499998
v -1.975002 1.850000 -18.899996
v -1.950002 1.850000 -18.899996
v -1.962502 1.850000 -18.849997
v -1.975002 1.850000 -18.849997
v -1.975002 1.950000 -18.649998
v -1.975002 1.950000 -18.599997
v -1.975002 1.950000 -18.799997
v -1.975002 1.950000 -18.749998
v -1.975002 1.950000 -18.549999
v -1.950002 1.950000 -18.499998
v -1.975002 1.950000 -18.499998
v -1.975002 1.950000 -18.899996
v -1.950002 1.950000 -18.899996
v -1.975002 1.950000 -18.849997
v -1.950002 1.350000 -18.150003
v -1.950002 1.400000 -18.150003
v -1.937502 1.400000 -18.150003
v -1.950002 1.350000 -18.100002
v -1.950002 1.400000 -18.100002
v -1.925002 1.350000 -18.100002
v -1.925002 1.400000 -18.100002
v -1.950002 1.350000 -18.500000
v -1.950002 1.400000 -18.500000
v -1.925002 1.350000 -18.500000
v -1.925002 1.400000 -18.500000
v -1.950002 1.400000 -18.449999
v -1.937502 1.400000 -18.449999
v -1.950002 1.350000 -18.250002
v -1.950002 1.400000 -18.250002
v -1.937502 1.400000 -18.250002
v -1.950002 1.350000 -18.200001
v -1.950002 1.400000 -18.200001
v -1.937502 1.400000 -18.200001
v -1.950002 1.350000 -18.400002
v -1.950002 1.400000 -18.400002
v -1.937502 1.400000 -18.400002
v -1.950002 1.400000 -18.350000
v -1.937502 1.400000 -18.350000
v -1.950002 1.150000 -18.500000
v -1.925002 1.150000 -18.500000
v -1.950002 1.150000 -18.450001
v -1.950002 1.350000 -18.450001
v -1.937502 1.150000 -18.450001
v -1.937502 1.350000 -18.450001
v -1.950002 1.050000 -18.500000
v -1.950002 1.050000 -18.450001
v -1.950002 1.150000 -18.400002
v -1.937502 1.150000 -18.400002
v -1.937502 1.350000 -18.400002
v -1.950002 1.150000 -18.350002
v -1.950002 1.350000 -18.350002
v -1.937502 1.150000 -18.350002
v -1.937502 1.350000 -18.350002
v -1.950002 1.050000 -18.400002
v -1.950002 1.050000 -18.350002
v -1.950002 1.150000 -18.250002
v -1.937502 1.150000 -18.250002
v -1.937502 1.350000 -18.250002
v -1.950002 1.150000 -18.200003
v -1.937502 1.150000 -18.200003
v -1.937502 1.350000 -18.200003
v -1.950002 1.050000 -18.250002
v -1.950002 1.050000 -18.200003
v -1.950002 1.150000 -18.150003
v -1.937502 1.150000 -18.150003
v -1.937502 1.350000 -18.150003
v -1.950002 1.150000 -18.100004
v -1.925002 1.150000 -18.100004
v -1.950002 1.050000 -18.150003
v -1.950002 1.050000 -18.100004
v -1.925002 1.050000 -18.100004
v -1.925002 1.050000 -18.500000
v -1.950002 1.600000 -18.250002
v -1.937502 1.600000 -18.250002
v -1.937502 1.600000 -18.200001
v -1.950002 1.600000 -18.200001
v -1.950002 1.600000 -18.400002
v -1.937502 1.600000 -18.400002
v -1.937502 1.600000 -18.350000
v -1.950002 1.600000 -18.350000
v -1.950002 1.600000 -18.150003
v -1.937502 1.600000 -18.150003
v -1.925002 1.600000 -18.100002
v -1.950002 1.600000 -18.100002
v -1.950002 1.600000 -18.500000
v -1.925002 1.600000 -18.500000
v -1.937502 1.600000 -18.449999
v -1.950002 1.600000 -18.449999
v -1.950002 1.650000 -18.250002
v -1.937502 1.650000 -18.250002
v -1.937502 1.650000 -18.200001
v -1.950002 1.650000 -18.200001
v -1.950002 1.650000 -18.400002
v -1.937502 1.650000 -18.400002
v -1.937502 1.650000 -18.350000
v -1.950002 1.650000 -18.350000
v -1.950002 1.650000 -18.150003
v -1.937502 1.650000 -18.150003
v -1.925002 1.650000 -18.100002
v -1.950002 1.650000 -18.100002
v -1.950002 1.650000 -18.500000
v -1.925002 1.650000 -18.500000
v -1.937502 1.650000 -18.449999
v -1.950002 1.650000 -18.449999
v -1.950002 1.850000 -18.250002
v -1.937502 1.850000 -18.250002
v -1.937502 1.850000 -18.200001
v -1.950002 1.850000 -18.200001
v -1.950002 1.850000 -18.400002
v -1.937502 1.850000 -18.400002
v -1.937502 1.850000 -18.350000
v -1.950002 1.850000 -18.350000
v -1.950002 1.850000 -18.150003
v -1.937502 1.850000 -18.150003
v -1.925002 1.850000 -18.100002
v -1.950002 1.850000 -18.100002
v -1.950002 1.850000 -18.500000
v -1.925002 1.850000 -18.500000
v -1.937502 1.850000 -18.449999
v -1.950002 1.850000 -18.449999
v -1.950002 1.950000 -18.250002
v -1.950002 1.950000 -18.200001
v -1.950002 1.950000 -18.400002
v -1.950002 1.950000 -18.350000
v -1.950002 1.950000 -18.150003
v -1.925002 1.950000 -18.100002
v -1.950002 1.950000 -18.100002
v -1.950002 1.950000 -18.500000
v -1.925002 1.950000 -18.500000
v -1.950002 1.950000 -18.449999
v -2.000002 1.000000 -19.000000
v -2.000002 1.000000 -18.000000
v -2.000002 2.000000 -19.000000
v -2.000002 2.000000 -18.000000
v -2.000002 1.950000 -19.000000
v -2.000002 1.050000 -19.000000
v -2.000002 1.050000 -18.000000
v -2.000002 1.950000 -18.000000
v -2.000002 1.000000 -18.899998
v -2.000002 1.000000 -18.100000
v -2.000002 2.000000 -18.100000
v -2.000002 2.000000 -18.899998
v -2.000002 1.050000 -18.100000
v -2.000002 1.050000 -18.899998
v -2.000002 1.950000 -18.100000
v -2.000002 1.950000 -18.899998
v -1.925002 1.050000 -18.100000
v -1.925002 1.050000 -18.899998
v -1.925002 1.950000 -18.100000
v -1.925002 1.950000 -18.899998
v -1.975002 2.350000 -18.549999
v -1.975002 2.400000 -18.549999
v -1.962502 2.400000 -18.549999
v -1.975002 2.350000 -18.500000
v -1.975002 2.400000 -18.499998
v -1.950002 2.350000 -18.500000
v -1.950002 2.400000 -18.499998
v -1.975002 2.350000 -18.899996
v -1.975002 2.400000 -18.899996
v -1.950002 2.350000 -18.899996
v -1.950002 2.400000 -18.899996
v -1.975002 2.400000 -18.849997
v -1.962502 2.400000 -18.849997
v -1.975002 2.350000 -18.649998
v -1.975002 2.400000 -18.649998
v -1.962502 2.400000 -18.649998
v -1.975002 2.350000 -18.599998
v -1.975002 2.400000 -18.599997
v -1.962502 2.400000 -18.599997
v -1.975002 2.350000 -18.799997
v -1.975002 2.400000 -18.799997
v -1.962502 2.400000 -18.799997
v -1.975002 2.400000 -18.749998
v -1.962502 2.400000 -18.749998
v -1.975002 2.150000 -18.899998
v -1.950002 2.150000 -18.899998
v -1.975002 2.150000 -18.849997
v -1.975002 2.350000 -18.849997
v -1.962502 2.150000 -18.849997
v -1.962502 2.350000 -18.849997
v -1.975002 2.050000 -18.899998
v -1.975002 2.050000 -18.849997
v -1.975002 2.150000 -18.799997
v -1.962502 2.150000 -18.799997
v -1.962502 2.350000 -18.799997
v -1.975002 2.150000 -18.749998
v -1.975002 2.350000 -18.749998
v -1.962502 2.150000 -18.749998
v -1.962502 2.350000 -18.749998
v -1.975002 2.050000 -18.799997
v -1.975002 2.050000 -18.749998
v -1.975002 2.150000 -18.649998
v -1.962502 2.150000 -18.649998
v -1.962502 2.350000 -18.649998
v -1.975002 2.150000 -18.599998
v -1.962502 2.150000 -18.599998
v -1.962502 2.350000 -18.599998
v -1.975002 2.050000 -18.649998
v -1.975002 2.050000 -18.599998
v -1.975002 2.150000 -18.549999
v -1.962502 2.150000 -18.549999
v -1.962502 2.350000 -18.549999
v -1.975002 2.150000 -18.500000
v -1.950002 2.150000 -18.500000
v -1.975002 2.050000 -18.549999
v -1.975002 2.050000 -18.500000
v -1.950002 2.050000 -18.500000
v -1.950002 2.050000 -18.899998
v -1.975002 2.600000 -18.649998
v -1.962502 2.600000 -18.649998
v -1.962502 2.600000 -18.599997
v -1.975002 2.600000 -18.599997
v -1.975002 2.600000 -18.799997
v -1.962502 2.600000 -18.799997
v -1.962502 2.600000 -18.749998
v -1.975002 2.600000 -18.749998
v -1.975002 2.600000 -18.549999
v -1.962502 2.600000 -18.549999
v -1.950002 2.600000 -18.499998
v -1.975002 2.600000 -18.499998
v -1.975002 2.600000 -18.899996
v -1.950002 2.600000 -18.899996
v -1.962502 2.600000 -18.849997
v -1.975002 2.600000 -18.849997
v -1.975002 2.650000 -18.649998
v -1.962502 2.650000 -18.649998
v -1.962502 2.650000 -18.599997
v -1.975002 2.650000 -18.599997
v -1.975002 2.650000 -18.799997
v -1.962502 2.650000 -18.799997
v -1.962502 2.650000 -18.749998
v -1.975002 2.650000 -18.749998
v -1.975002 2.650000 -18.549999
v -1.962502 2.650000 -18.549999
v -1.950002 2.650000 -18.499998
v -1.975002 2.650000 -18.499998
v -1.975002 2.650000 -18.899996
v -1.950002 2.650000 -18.899996
v -1.962502 2.650000 -18.849997
v -1.975002 2.650000 -18.849997
v -1.975002 2.850000 -18.649998
v -1.962502 2.850000 -18.649998
v -1.962502 2.850000 -18.599997
v -1.975002 2.850000 -18.599997
v -1.975002 2.850000 -18.799997
v -1.962502 2.850000 -18.799997
v -1.962502 2.850000 -18.749998
v -1.975002 2.850000 -18.749998
v -1.975002 2.850000 -18.549999
v -1.962502 2.850000 -18.549999
v -1.950002 2.850000 -18.499998
v -1.975002 2.850000 -18.499998
v -1.975002 2.850000 -18.899996
v -1.950002 2.850000 -18.899996
v -1.962502 2.850000 -18.849997
v -1.975002 2.850000 -18.849997
v -1.975002 2.950000 -18.649998
v -1.975002 2.950000 -18.599997
v -1.975002 2.950000 -18.799997
v -1.975002 2.950000 -18.749998
v -1.975002 2.950000 -18.549999
v -1.950002 2.950000 -18.499998
v -1.975002 2.950000 -18.499998
v -1.975002 2.950000 -18.899996
v -1.950002 2.950000 -18.899996
v -1.975002 2.950000 -18.849997
v -1.950002 2.350000 -18.150003
v -1.950002 2.400000 -18.150003
v -1.937502 2.400000 -18.150003
v -1.950002 2.350000 -18.100002
v -1.950002 2.400000 -18.100002
v -1.925002 2.350000 -18.100002
v -1.925002 2.400000 -18.100002
v -1.950002 2.350000 -18.500000
v -1.950002 2.400000 -18.500000
v -1.925002 2.350000 -18.500000
v -1.925002 2.400000 -18.500000
v -1.950002 2.400000 -18.449999
v -1.937502 2.400000 -18.449999
v -1.950002 2.350000 -18.250002
v -1.950002 2.400000 -18.250002
v -1.937502 2.400000 -18.250002
v -1.950002 2.350000 -18.200001
v -1.950002 2.400000 -18.200001
v -1.937502 2.400000 -18.200001
v -1.950002 2.350000 -18.400002
v -1.950002 2.400000 -18.400002
v -1.937502 2.400000 -18.400002
v -1.950002 2.400000 -18.350000
v -1.937502 2.400000 -18.350000
v -1.950002 2.150000 -18.500000
v -1.925002 2.150000 -18.500000
v -1.950002 2.150000 -18.450001
v -1.950002 2.350000 -18.450001
v -1.937502 2.150000 -18.450001
v -1.937502 2.350000 -18.450001
v -1.950002 2.050000 -18.500000
v -1.950002 2.050000 -18.450001
v -1.950002 2.150000 -18.400002
v -1.937502 2.150000 -18.400002
v -1.937502 2.350000 -18.400002
v -1.950002 2.150000 -18.350002
v -1.950002 2.350000 -18.350002
v -1.937502 2.150000 -18.350002
v -1.937502 2.350000 -18.350002
v -1.950002 2.050000 -18.400002
v -1.950002 2.050000 -18.350002
v -1.950002 2.150000 -18.250002
v -1.937502 2.150000 -18.250002
v -1.937502 2.350000 -18.250002
v -1.950002 2.150000 -18.200003
v -1.937502 2.150000 -18.200003
v -1.937502 2.350000 -18.200003
v -1.950002 2.050000 -18.250002
v -1.950002 2.050000 -18.200003
v -1.950002 2.150000 -18.150003
v -1.937502 2.150000 -18.150003
v -1.937502 2.350000 -18.150003
v -1.950002 2.150000 -18.100004
v -1.925002 2.150000 -18.100004
v -1.950002 2.050000 -18.150003
v -1.950002 2.050000 -18.100004
v -1.925002 2.050000 -18.100004
v -1.925002 2.050000 -18.500000
v -1.950002 2.600000 -18.250002
v -1.937502 2.600000 -18.250002
v -1.937502 2.600000 -18.200001
v -1.950002 2.600000 -18.200001
v -1.950002 2.600000 -18.400002
v -1.937502 2.600000 -18.400002
v -1.937502 2.600000 -18.350000
v -1.950002 2.600000 -18.350000
v -1.950002 2.600000 -18.150003
v -1.937502 2.600000 -18.150003
v -1.925002 2.600000 -18.100002
v -1.950002 2.600000 -18.100002
v -1.950002 2.600000 -18.500000
v -1.925002 2.600000 -18.500000
v -1.937502 2.600000 -18.449999
v -1.950002 2.600000 -18.449999
v -1.950002 2.650000 -18.250002
v -1.937502 2.650000 -18.250002
v -1.937502 2.650000 -18.200001
v -1.950002 2.650000 -18.200001
v -1.950002 2.650000 -18.400002
v -1.937502 2.650000 -18.400002
v -1.937502 2.650000 -18.350000
v -1.950002 2.650000 -18.350000
v -1.950002 2.650000 -18.150003
v -1.937502 2.650000 -18.150003
v -1.925002 2.650000 -18.100002
v -1.950002 2.650000 -18.100002
v -1.950002 2.650000 -18.500000
v -1.925002 2.650000 -18.500000
v -1.937502 2.650000 -18.449999
v -1.950002 2.650000 -18.449999
v -1.950002 2.850000 -18.250002
v -1.937502 2.850000 -18.250002
v -1.937502 2.850000 -18.200001
v -1.950002 2.850000 -18.200001
v -1.950002 2.850000 -18.400002
v -1.937502 2.850000 -18.400002
v -1.937502 2.850000 -18.350000
v -1.950002 2.850000 -18.350000
v -1.950002 2.850000 -18.150003
v -1.937502 2.850000 -18.150003
v -1.925002 2.850000 -18.100002
v -1.950002 2.850000 -18.100002
v -1.950002 2.850000 -18.500000
v -1.925002 2.850000 -18.500000
v -1.937502 2.850000 -18.449999
v -1.950002 2.850000 -18.449999
v -1.950002 2.950000 -18.250002
v -1.950002 2.950000 -18.200001
v -1.950002 2.950000 -18.400002
v -1.950002 2.950000 -18.350000
v -1.950002 2.950000 -18.150003
v -1.925002 2.950000 -18.100002
v -1.950002 2.950000 -18.100002
v -1.950002 2.950000 -18.500000
v -1.925002 2.950000 -18.500000
v -1.950002 2.950000 -18.449999
v -2.000002 2.000000 -19.000000
v -2.000002 2.000000 -18.000000
v -2.000002 3.000000 -19.000000
v -2.000002 3.000000 -18.000000
v -2.000002 2.950000 -19.000000
v -2.000002 2.050000 -19.000000
v -2.000002 2.050000 -18.000000
v -2.000002 2.950000 -18.000000
v -2.000002 2.000000 -18.899998
v -2.000002 2.000000 -18.100000
v -2.000002 3.000000 -18.100000
v -2.000002 3.000000 -18.899998
v -2.000002 2.050000 -18.100000
v -2.000002 2.050000 -18.899998
v -2.000002 2.950000 -18.100000
v -2.000002 2.950000 -18.899998
v -1.925002 2.050000 -18.100000
v -1.925002 2.050000 -18.899998
v -1.925002 2.950000 -18.100000
v -1.925002 2.950000 -18.899998
v -1.975002 3.350000 -18.549999
v -1.975002 3.400000 -18.549999
v -1.962502 3.400000 -18.549999
v -1.975002 3.350000 -18.500000
v -1.975002 3.400000 -18.499998
v -1.950002 3.350000 -18.500000
v -1.950002 3.400000 -18.499998
v -1.975002 3.350000 -18.899996
v -1.975002 3.400000 -18.899996
v -1.950002 3.350000 -18.899996
v -1.950002 3.400000 -18.899996
v -1.975002 3.400000 -18.849997
v -1.962502 3.400000 -18.849997
v -1.975002 3.350000 -18.649998
v -1.975002 3.400000 -18.649998
v -1.962502 3.400000 -18.649998
v -1.975002 3.350000 -18.599998
v -1.975002 3.400000 -18.599997
v -1.962502 3.400000 -18.599997
v -1.975002 3.350000 -18.799997
v -1.975002 3.400000 -18.799997
v -1.962502 3.400000 -18.799997
v -1.975002 3.400000 -18.749998
v -1.962502 3.400000 -18.749998
v -1.975002 3.150000 -18.899998
v -1.950002 3.150000 -18.899998
v -1.975002 3.150000 -18.849997
v -1.975002 3.350000 -18.849997
v -1.962502 3.150000 -18.849997
v -1.962502 3.350000 -18.849997
v -1.975002 3.050000 -18.899998
v -1.975002 3.050000 -18.849997
v -1.975002 3.150000 -18.799997
v -1.962502 3.150000 -18.799997
v -1.962502 3.350000 -18.799997
v -1.975002 3.150000 -18.749998
v -1.975002 3.350000 -18.749998
v -1.962502 3.150000 -18.749998
v -1.962502 3.350000 -18.749998
v -1.975002 3.050000 -18.799997
v -1.975002 3.050000 -18.749998
v -1.975002 3.150000 -18.649998
v -1.962502 3.150000 -18.649998
v -1.962502 3.350000 -18.649998
v -1.975002 3.150000 -18.599998
v -1.962502 3.150000 -18.599998
v -1.962502 3.350000 -18.599998
v -1.975002 3.050000 -18.649998
v -1.975002 3.050000 -18.599998
v -1.975002 3.150000 -18.549999
v -1.962502 3.150000 -18.549999
v -1.962502 3.350000 -18.549999
v -1.975002 3.150000 -18.500000
v -1.950002 3.150000 -18.500000
v -1.975002 3.050000 -18.549999
v -1.975002 3.050000 -18.500000
v -1.950002 3.050000 -18.500000
v -1.950002 3.050000 -18.899998
v -1.975002 3.600000 -18.649998
v -1.962502 3.600000 -18.649998
v -1.962502 3.600000 -18.599997
v -1.975002 3.600000 -18.599997
v -1.975002 3.600000 -18.799997
v -1.962502 3.600000 -18.799997
v -1.962502 3.600000 -18.749998
v -1.975002 3.600000 -18.749998
v -1.975002 3.600000 -18.549999
v -1.962502 3.600000 -18.549999
v -1.950002 3.600000 -18.499998
v -1.975002 3.600000 -18.499998
v -1.975002 3.600000 -18.899996
v -1.950002 3.600000 -18.899996
v -1.962502 3.600000 -18.849997
v -1.975002 3.600000 -18.849997
v -1.975002 3.650000 -18.649998
v -1.962502 3.650000 -18.649998
v -1.962502 3.650000 -18.599997
v -1.975002 3.650000 -18.599997
v -1.975002 3.650000 -18.799997
v -1.962502 3.650000 -18.799997
v -1.962502 3.650000 -18.749998
v -1.975002 3.650000 -18.749998
v -1.975002 3.650000 -18.549999
v -1.962502 3.650000 -18.549999
v -1.950002 3.650000 -18.499998
v -1.975002 3.650000 -18.499998
v -1.975002 3.650000 -18.899996
v -1.950002 3.650000 -18.899996
v -1.962502 3.650000 -18.849997
v -1.975002 3.650000 -18.849997
v -1.975002 3.850000 -18.649998
v -1.962502 3.850000 -18.649998
v -1.962502 3.850000 -18.599997
v -1.975002 3.850000 -18.599997
v -1.975002 3.850000 -18.799997
v -1.962502 3.850000 -18.799997
v -1.962502 3.850000 -18.749998
v -1.975002 3.850000 -18.749998
v -1.975002 3.850000 -18.549999
v -1.962502 3.850000 -18.549999
v -1.950002 3.850000 -18.499998
v -1.975002 3.850000 -18.499998
v -1.975002 3.850000 -18.899996
v -1.950002 3.850000 -18.899996
v -1.962502 3.850000 -18.849997
v -1.975002 3.850000 -18.849997
v -1.975002 3.950000 -18.649998
v -1.975002 3.950000 -18.599997
v -1.975002 3.950000 -18.799997
v -1.975002 3.950000 -18.749998
v -1.975002 3.950000 -18.549999
v -1.950002 3.950000 -18.499998
v -1.975002 3.950000 -18.499998
v -1.975002 3.950000 -18.899996
v -1.950002 3.950000 -18.899996
v -1.975002 3.950000 -18.849997
v -1.950002 3.350000 -18.150003
v -1.950002 3.400000 -18.150003
v -1.937502 3.400000 -18.150003
v -1.950002 3.350000 -18.100002
v -1.950002 3.400000 -18.100002
v -1.925002 3.350000 -18.100002
v -1.925002 3.400000 -18.100002
v -1.950002 3.350000 -18.500000
v -1.950002 3.400000 -18.500000
v -1.925002 3.350000 -18.500000
v -1.925002 3.400000 -18.500000
v -1.950002 3.400000 -18.449999
v -1.937502 3.400000 -18.449999
v -1.950002 3.350000 -18.250002
v -1.950002 3.400000 -18.250002
v -1.937502 3.400000 -18.250002
v -1.950002 3.350000 -18.200001
v -1.950002 3.400000 -18.200001
v -1.937502 3.400000 -18.200001
v -1.950002 3.350000 -18.400002
v -1.950002 3.400000 -18.400002
v -1.937502 3.400000 -18.400002
v -1.950002 3.400000 -18.350000
v -1.937502 3.400000 -18.350000
v -1.950002 3.150000 -18.500000
v -1.925002 3.150000 -18.500000
v -1.950002 3.150000 -18.450001
v -1.950002 3.350000 -18.450001
v -1.937502 3.150000 -18.450001
v -1.937502 3.350000 -18.450001
v -1.950002 3.050000 -18.500000
v -1.950002 3.050000 -18.450001
v -1.950002 3.150000 -18.400002
v -1.937502 3.150000 -18.400002
v -1.937502 3.350000 -18.400002
v -1.950002 3.150000 -18.350002
v -1.950002 3.350000 -18.350002
v -1.937502 3.150000 -18.350002
v -1.937502 3.350000 -18.350002
v -1.950002 3.050000 -18.400002
v -1.950002 3.050000 -18.350002
v -1.950002 3.150000 -18.250002
v -1.937502 3.150000 -18.250002
v -1.937502 3.350000 -18.250002
v -1.950002 3.150000 -18.200003
v -1.937502 3.150000 -18.200003
v -1.937502 3.350000 -18.200003
v -1.950002 3.050000 -18.250002
v -1.950002 3.050000 -18.200003
v -1.950002 3.150000 -18.150003
v -1.937502 3.150000 -18.150003
v -1.937502 3.350000 -18.150003
v -1.950002 3.150000 -18.100004
v -1.925002 3.150000 -18.100004
v -1.950002 3.050000 -18.150003
v -1.950002 3.050000 -18.100004
v -1.925002 3.050000 -18.100004
v -1.925002 3.050000 -18.500000
v -1.950002 3.600000 -18.250002
v -1.937502 3.600000 -18.250002
v -1.937502 3.600000 -18.200001
v -1.950002 3.600000 -18.200001
v -1.950002 3.600000 -18.400002
v -1.937502 3.600000 -18.400002
v -1.937502 3.600000 -18.350000
v -1.950002 3.600000 -18.350000
v -1.950002 3.600000 -18.150003
v -1.937502 3.600000 -18.150003
v -1.925002 3.600000 -18.100002
v -1.950002 3.600000 -18.100002
v -1.950002 3.600000 -18.500000
v -1.925002 3.600000 -18.500000
v -1.937502 3.600000 -18.449999
v -1.950002 3.600000 -18.449999
v -1.950002 3.650000 -18.250002
v -1.937502 3.650000 -18.250002
v -1.937502 3.650000 -18.200001
v -1.950002 3.650000 -18.200001
v -1.950002 3.650000 -18.400002
v -1.937502 3.650000 -18.400002
v -1.937502 3.650000 -18.350000
v -1.950002 3.650000 -18.350000
v -1.950002 3.650000 -18.150003
v -1.937502 3.650000 -18.150003
v -1.925002 3.650000 -18.100002
v -1.950002 3.650000 -18.100002
v -1.950002 3.650000 -18.500000
v -1.925002 3.650000 -18.500000
v -1.937502 3.650000 -18.449999
v -1.950002 3.650000 -18.449999
v -1.950002 3.850000 -18.250002
v -1.937502 3.850000 -18.250002
v -1.937502 3.850000 -18.200001
v -1.950002 3.850000 -18.200001
v -1.950002 3.850000 -18.400002
v -1.937502 3.850000 -18.400002
v -1.937502 3.850000 -18.350000
v -1.950002 3.850000 -18.350000
v -1.950002 3.850000 -18.150003
v -1.937502 3.850000 -18.150003
v -1.925002 3.850000 -18.100002
v -1.950002 3.850000 -18.100002
v -1.950002 3.850000 -18.500000
v -1.925002 3.850000 -18.500000
v -1.937502 3.850000 -18.449999
v -1.950002 3.850000 -18.449999
v -1.950002 3.950000 -18.250002
v -1.950002 3.950000 -18.200001
v -1.950002 3.950000 -18.400002
v -1.950002 3.950000 -18.350000
v -1.950002 3.950000 -18.150003
v -1.925002 3.950000 -18.100002
v -1.950002 3.950000 -18.100002
v -1.950002 3.950000 -18.500000
v -1.925002 3.950000 -18.500000
v -1.950002 3.950000 -18.449999
v -2.000002 3.000000 -19.000000
v -2.000002 3.000000 -18.000000
v -2.000002 4.000000 -19.000000
v -2.000002 4.000000 -18.000000
v -2.000002 3.950000 -19.000000
v -2.000002 3.050000 -19.000000
v -2.000002 3.050000 -18.000000
v -2.000002 3.950000 -18.000000
v -2.000002 3.000000 -18.899998
v -2.000002 3.000000 -18.100000
v -2.000002 4.000000 -18.100000
v -2.000002 4.000000 -18.899998
v -2.000002 3.050000 -18.100000
v -2.000002 3.050000 -18.899998
v -2.000002 3.950000 -18.100000
v -2.000002 3.950000 -18.899998
v -1.925002 3.050000 -18.100000
v -1.925002 3.050000 -18.899998
v -1.925002 3.950000 -18.100000
v -1.925002 3.950000 -18.899998
v -2.307995 3.648438 -17.692009
v -2.250585 3.736328 -17.749418
v -2.292612 3.648438 -17.634598
v -2.365405 3.648438 -17.707392
v -2.392049 3.648438 -17.607954
v -2.449459 3.736328 -17.550545
v -2.334639 3.648438 -17.592571
v -2.407432 3.648438 -17.665363
v -2.485855 3.736328 -17.686378
v -2.386418 3.736328 -17.785814
v -2.485855 3.912109 -17.686378
v -2.407432 4.000000 -17.665363
v -2.449459 3.912109 -17.550545
v -2.386418 3.912109 -17.785814
v -2.365405 4.000000 -17.707392
v -2.250585 3.912109 -17.749418
v -2.214189 3.912109 -17.613585
v -2.307995 4.000000 -17.692009
v -2.292612 4.000000 -17.634598
v -2.392049 4.000000 -17.607954
v -2.334639 4.000000 -17.592571
v -2.313625 3.912109 -17.514149
v -2.313625 3.736328 -17.514149
v -2.214189 3.736328 -17.613585
v -1.500002 4.725000 -19.000000
v -1.500002 4.725000 -18.500000
v -1.565189 4.515028 -19.000000
v -1.565189 4.515028 -18.500000
v -1.715149 4.327541 -19.000000
v -1.715149 4.327541 -18.500000
v -1.932204 4.175603 -19.000000
v -2.200042 4.070631 -19.000000
v -1.932204 4.175603 -18.500000
v -2.200042 4.070631 -18.500000
v -1.932204 4.175733 -18.067799
v -2.200042 4.204001 -17.799961
v -1.715149 4.327541 -18.284853
v -1.565189 4.515028 -18.434813
v -2.500002 4.357248 -17.500000
v -2.500002 4.331794 -17.500000
v -2.500002 4.023460 -18.500000
v -2.500002 4.025000 -19.000000
v -2.500002 3.998915 -18.500000
v -2.500002 4.000000 -19.000000
v -1.932204 4.175668 -18.283899
v -1.715149 4.327541 -18.392426
v -1.565189 4.515028 -18.467407
v -2.200042 4.118969 -18.149981
v -2.500002 4.105601 -18.000000
v -2.500002 4.080601 -18.000000
v -2.100003 1.000000 -18.000000
v -2.100003 1.000000 -17.900000
v -2.000002 1.000000 -17.900000
v -2.150002 1.000000 -18.049999
v -2.150002 1.000000 -17.850000
v -1.950002 1.000000 -17.850000
v -2.150002 0.900000 -18.049999
v -2.150002 0.900000 -17.850000
v -1.950002 0.900000 -17.850000
v -1.950002 1.000000 -18.050001
v -1.950002 0.900000 -18.050001
v -2.000002 1.000000 -18.000000
v -2.100003 0.900000 -18.000000
v -2.100003 0.900000 -17.900000
v -2.000002 0.900000 -17.900000
v -2.000002 0.900000 -18.000000
v -2.100003 0.000000 -18.000000
v -2.100003 0.000000 -17.900000
v -2.000002 0.000000 -17.900000
v -2.000002 0.000000 -18.000000
v -2.100003 2.000000 -18.000000
v -2.100003 2.000000 -17.900000
v -2.000002 2.000000 -17.900000
v -2.150002 2.000000 -18.049999
v -2.150002 2.000000 -17.850000
v -1.950002 2.000000 -17.850000
v -2.150002 1.900000 -18.049999
v -2.150002 1.900000 -17.850000
v -1.950002 1.900000 -17.850000
v -1.950002 2.000000 -18.050001
v -1.950002 1.900000 -18.050001
v -2.000002 2.000000 -18.000000
v -2.100003 1.900000 -18.000000
v -2.100003 1.900000 -17.900000
v -2.000002 1.900000 -17.900000
v -2.000002 1.900000 -18.000000
v -2.100003 1.000000 -18.000000
v -2.100003 1.000000 -17.900000
v -2.000002 1.000000 -17.900000
v -2.000002 1.000000 -18.000000
v -2.100002 3.000000 -18.000000
v -2.100002 3.000000 -17.900000
v -2.000002 3.000000 -17.900000
v -2.150002 3.000000 -18.049999
v -2.150002 3.000000 -17.850000
v -1.950002 3.000000 -17.850000
v -2.150002 2.900000 -18.049999
v -2.150002 2.900000 -17.850000
v -1.950002 2.900000 -17.850000
v -1.950002 3.000000 -18.050001
v -1.950002 2.900000 -18.050001
v -2.000002 3.000000 -18.000000
v -2.100002 2.900000 -18.000000
v -2.100002 2.900000 -17.900000
v -2.000002 2.900000 -17.900000
v -2.000002 2.900000 -18.000000
v -2.100003 2.000000 -18.000000
v -2.100003 2.000000 -17.900000
v -2.000002 2.000000 -17.900000
v -2.000002 2.000000 -18.000000
v -2.100002 4.000000 -18.000000
v -2.100002 4.000000 -17.900000
v -2.000002 4.000000 -17.900000
v -2.150002 4.000000 -18.049999
v -2.150002 4.000000 -17.850000
v -1.950002 4.000000 -17.850000
v -2.150002 3.900000 -18.049999
v -2.150002 3.900000 -17.850000
v -1.950002 3.900000 -17.850000
v -1.950002 4.000000 -18.050001
v -1.950002 3.900000 -18.050001
v -2.000002 4.000000 -18.000000
v -2.100002 3.900000 -18.000000
v -2.100002 3.900000 -17.900000
v -2.000002 3.900000 -17.900000
v -2.000002 3.900000 -18.000000
v -2.100002 3.000000 -18.000000
v -2.100002 3.000000 -17.900000
v -2.000002 3.000000 -17.900000
v -2.000002 3.000000 -18.000000
v -1.500002 4.725000 -21.000000
v -1.500002 4.725000 -20.000000
v -2.500002 4.025000 -21.000000
v -2.500002 4.025000 -20.000000
v -2.500002 4.000000 -21.000000
v -2.500002 4.000000 -20.000000
v -1.565189 4.515028 -20.000000
v -1.715149 4.327541 -20.000000
v -1.932204 4.175603 -20.000000
v -2.200042 4.070631 -20.000000
v -2.200042 4.070631 -21.000000
v -1.932204 4.175603 -21.000000
v -1.715149 4.327541 -21.000000
v -1.565189 4.515028 -21.000000
v -1.500002 4.725000 -20.000000
v -1.500002 4.725000 -19.000000
v -2.500002 4.025000 -20.000000
v -2.500002 4.025000 -19.000000
v -2.500002 4.000000 -20.000000
v -2.500002 4.000000 -19.000000
v -1.565189 4.515028 -19.000000
v -1.715149 4.327541 -19.000000
v -1.932204 4.175603 -19.000000
v -2.200042 4.070631 -19.000000
v -2.200042 4.070631 -20.000000
v -1.932204 4.175603 -20.000000
v -1.715149 4.327541 -20.000000
v -1.565189 4.515028 -20.000000
v -1.500002 4.725000 -21.500000
v -1.500002 4.725000 -21.000000
v -2.500002 4.023460 -21.500000
v -2.500002 4.025000 -21.000000
v -2.500002 3.998915 -21.500000
v -2.500002 4.000000 -21.000000
v -1.565189 4.515028 -21.000000
v -1.715149 4.327541 -21.000000
v -1.932204 4.175603 -21.000000
v -2.200042 4.070631 -21.000000
v -2.200042 4.070631 -21.500000
v -1.932204 4.175603 -21.500000
v -1.715149 4.327541 -21.500000
v -1.565189 4.515028 -21.500000
v -2.500002 4.357248 -22.500000
v -2.500002 4.331794 -22.500000
v -2.200042 4.204001 -22.200039
v -1.932204 4.175733 -21.932201
v -1.715149 4.327541 -21.715147
v -1.565189 4.515028 -21.565187
v -2.500002 4.105601 -22.000000
v -2.500002 4.080601 -22.000000
v -2.200042 4.118969 -21.850019
v -1.932204 4.175668 -21.716101
v -1.715149 4.327541 -21.607574
v -1.565189 4.515028 -21.532593
v 2.307992 3.648438 -22.307991
v 2.250581 3.736328 -22.250582
v 2.292608 3.648438 -22.365402
v 2.365401 3.648438 -22.292608
v 2.392045 3.648438 -22.392046
v 2.449455 3.736328 -22.449455
v 2.334635 3.648438 -22.407429
v 2.407428 3.648438 -22.334637
v 2.485851 3.736328 -22.313622
v 2.386415 3.736328 -22.214186
v 2.485852 3.912109 -22.313622
v 2.407429 4.000000 -22.334637
v 2.449455 3.912109 -22.449455
v 2.386415 3.912109 -22.214186
v 2.365402 4.000000 -22.292608
v 2.250582 3.912109 -22.250582
v 2.214184 3.912109 -22.386415
v 2.307992 4.000000 -22.307991
v 2.292608 4.000000 -22.365402
v 2.392046 4.000000 -22.392046
v 2.334635 4.000000 -22.407429
v 2.313622 3.912109 -22.485851
v 2.313622 3.736328 -22.485851
v 2.214184 3.736328 -22.386415
v 1.499999 4.725000 -21.000000
v 1.499999 4.725000 -21.500000
v 1.565186 4.515028 -21.000000
v 1.565186 4.515028 -21.500000
v 1.715146 4.327541 -21.000000
v 1.715146 4.327541 -21.500000
v 1.932201 4.175603 -21.000000
v 2.200039 4.070631 -21.000000
v 1.932201 4.175603 -21.500000
v 2.200039 4.070631 -21.500000
v 1.932201 4.175733 -21.932201
v 2.200039 4.204001 -22.200039
v 1.715146 4.327541 -21.715147
v 1.565186 4.515028 -21.565187
v 2.499999 4.357248 -22.500000
v 2.499999 4.331794 -22.500000
v 2.499999 4.023460 -21.500000
v 2.499999 4.025000 -21.000000
v 2.499999 3.998914 -21.500000
v 2.499999 4.000000 -21.000000
v 1.932201 4.175668 -21.716101
v 1.715146 4.327541 -21.607574
v 1.565186 4.515028 -21.532593
v 2.200039 4.118969 -21.850019
v 2.499999 4.105601 -22.000000
v 2.499999 4.080601 -22.000000
v 1.499999 4.725000 -19.000000
v 1.499999 4.725000 -20.000000
v 2.499999 4.025000 -19.000000
v 2.499999 4.025000 -20.000000
v 2.499999 4.000000 -19.000000
v 2.499999 4.000000 -20.000000
v 1.565186 4.515028 -20.000000
v 1.715146 4.327541 -20.000000
v 1.932201 4.175603 -20.000000
v 2.200039 4.070631 -20.000000
v 2.200039 4.070631 -19.000000
v 1.932201 4.175603 -19.000000
v 1.715146 4.327541 -19.000000
v 1.565186 4.515028 -19.000000
v 1.499999 4.725000 -20.000000
v 1.499999 4.725000 -21.000000
v 2.499999 4.025000 -20.000000
v 2.499999 4.025000 -21.000000
v 2.499999 4.000000 -20.000000
v 2.499999 4.000000 -21.000000
v 1.565186 4.515028 -21.000000
v 1.715146 4.327541 -21.000000
v 1.932201 4.175603 -21.000000
v 2.200039 4.070631 -21.000000
v 2.200039 4.070631 -20.000000
v 1.932201 4.175603 -20.000000
v 1.715146 4.327541 -20.000000
v 1.565186 4.515028 -20.000000
v 1.499999 4.725000 -18.500000
v 1.499999 4.725000 -19.000000
v 2.499999 4.023460 -18.500000
v 2.499999 4.025000 -19.000000
v 2.499999 3.998914 -18.500000
v 2.499999 4.000000 -19.000000
v 1.565186 4.515028 -19.000000
v 1.715146 4.327541 -19.000000
v 1.932201 4.175603 -19.000000
v 2.200039 4.070631 -19.000000
v 2.200039 4.070631 -18.500000
v 1.932201 4.175603 -18.500000
v 1.715146 4.327541 -18.500000
v 1.565186 4.515028 -18.500000
v 2.499999 4.357248 -17.500000
v 2.499999 4.331794 -17.500000
v 2.200039 4.204001 -17.799961
v 1.932201 4.175733 -18.067799
v 1.715146 4.327541 -18.284853
v 1.565186 4.515028 -18.434813
v 2.499999 4.105601 -18.000000
v 2.499999 4.080601 -18.000000
v 2.200039 4.118969 -18.149981
v 1.932201 4.175668 -18.283899
v 1.715146 4.327541 -18.392426
v 1.565186 4.515028 -18.467407
vn -0.0000 1.0000 -0.0000
vn 1.0000 -0.0000 -0.0000
vn -0.0000 -0.0000 1.0000
vn -1.0000 -0.0000 -0.0000
vn -0.0000 -0.0000 -1.0000
vn -0.0000 -1.0000 -0.0000
vn -0.0000 0.9886 0.1504
vn -0.0000 0.9310 0.3649
vn -0.0000 0.8192 0.5735
vn -0.0000 0.6246 0.7809
vn -0.0000 0.2965 0.9550
vn -0.0000 -0.9239 0.3827
vn -0.0000 -0.3827 0.9239
vn 0.8801 -0.3417 0.3296
vn 0.3342 -0.9141 0.2297
vn -0.8801 -0.3417 0.3296
vn -0.3342 -0.9141 0.2297
vn 0.9487 -0.0000 0.3162
vn -0.9487 -0.0000 0.3162
vn -0.7543 -0.6247 -0.2021
vn -0.2021 -0.6247 -0.7543
vn 0.2021 -0.6247 0.7543
vn 0.7543 -0.6247 0.2021
vn -0.5522 -0.6247 0.5522
vn 0.2588 -0.0000 0.9659
vn -0.7071 -0.0000 0.7071
vn -0.5522 0.6247 0.5522
vn 0.2021 0.6247 0.7543
vn -0.7543 0.6247 -0.2021
vn -0.9659 -0.0000 -0.2588
vn -0.2588 -0.0000 -0.9659
vn -0.2021 0.6247 -0.7543
vn 0.7543 0.6247 0.2021
vn 0.5522 0.6247 -0.5522
vn 0.7071 -0.0000 -0.7071
vn 0.9659 -0.0000 0.2588
vn 0.5522 -0.6247 -0.5522
vn -0.1467 0.9759 0.1618
vn -0.0002 0.8193 0.5733
vn -0.3676 0.9281 0.0593
vn 0.0015 0.9882 0.1529
vn -0.1503 0.9792 0.1364
vn -0.0002 0.8193 0.5734
vn -0.0811 0.9484 0.3065
vn -0.0015 0.9882 0.1529
vn 0.1503 0.9792 0.1364
vn 0.0811 0.9484 0.3065
vn 0.0002 0.8193 0.5734
vn 0.0002 0.8193 0.5733
vn 0.1467 0.9759 0.1618
vn 0.3676 0.9281 0.0593
vn -0.0000 0.9886 -0.1504
vn -0.0000 0.9310 -0.3649
vn -0.0000 0.8192 -0.5735
vn -0.0000 0.6246 -0.7809
vn -0.0000 0.2965 -0.9550
vn 0.1467 0.9759 -0.1618
vn 0.0002 0.8193 -0.5733
vn 0.3676 0.9281 -0.0593
vn -0.0015 0.9882 -0.1529
vn 0.1503 0.9792 -0.1364
vn 0.0002 0.8193 -0.5734
vn 0.0811 0.9484 -0.3065
vn 0.0015 0.9882 -0.1529
vn -0.1503 0.9792 -0.1364
vn -0.0811 0.9484 -0.3065
vn -0.0002 0.8193 -0.5734
vn -0.0002 0.8193 -0.5733
vn -0.1467 0.9759 -0.1618
vn -0.3676 0.9281 -0.0593
vn 0.0001 -0.0000 1.0000
vn -0.3827 -0.9239 -0.0000
vn -0.9239 -0.3827 -0.0000
vn -0.3296 -0.3417 0.8801
vn -0.2297 -0.9141 0.3342
vn -0.3296 -0.3417 -0.8801
vn -0.2297 -0.9141 -0.3342
vn -0.3162 -0.0000 0.9487
vn -0.3162 -0.0000 -0.9487
vn 0.2021 -0.6247 -0.7543
vn 0.7543 -0.6247 -0.2021
vn -0.7543 -0.6247 0.2021
vn -0.2021 -0.6247 0.7543
vn -0.5522 -0.6247 -0.5522
vn -0.9659 -0.0000 0.2588
vn -0.7071 -0.0000 -0.7071
vn -0.5522 0.6247 -0.5522
vn -0.7543 0.6247 0.2021
vn 0.2021 0.6247 -0.7543
vn 0.2588 -0.0000 -0.9659
vn 0.9659 -0.0000 -0.2588
vn 0.7543 0.6247 -0.2021
vn -0.2021 0.6247 0.7543
vn 0.5522 0.6247 0.5522
vn 0.7071 -0.0000 0.7071
vn -0.2588 -0.0000 0.9659
vn 0.5522 -0.6247 0.5522
vn -0.9550 0.2965 -0.0000
vn -0.7809 0.6246 -0.0000
vn -0.5735 0.8192 -0.0000
vn -0.3649 0.9310 -0.0000
vn -0.1618 0.9759 -0.1467
vn -0.5733 0.8193 -0.0002
vn -0.0593 0.9281 -0.3676
vn -0.1529 0.9882 0.0015
vn -0.1364 0.9792 -0.1503
vn -0.5734 0.8193 -0.0002
vn -0.3065 0.9484 -0.0811
vn -0.1504 0.9886 -0.0000
vn -0.1529 0.9882 -0.0015
vn -0.1364 0.9792 0.1503
vn -0.3065 0.9484 0.0811
vn -0.5734 0.8193 0.0002
vn -0.5733 0.8193 0.0002
vn -0.1618 0.9759 0.1467
vn -0.0593 0.9281 0.3676
vn 0.9550 0.2965 -0.0000
vn 0.7809 0.6246 -0.0000
vn 0.5735 0.8192 -0.0000
vn 0.3649 0.9310 -0.0000
vn 0.1618 0.9759 0.1467
vn 0.5733 0.8193 0.0002
vn 0.0593 0.9281 0.3676
vn 0.1529 0.9882 -0.0015
vn 0.1364 0.9792 0.1503
vn 0.5734 0.8193 0.0002
vn 0.3065 0.9484 0.0811
vn 0.1504 0.9886 -0.0000
vn 0.1529 0.9882 0.0015
vn 0.1364 0.9792 -0.1503
vn 0.3065 0.9484 -0.0811
vn 0.5734 0.8193 -0.0002
vn 0.5733 0.8193 -0.0002
vn 0.1618 0.9759 -0.1467
vn 0.0593 0.9281 -0.3676
vt 1.000000 0.000000
vt 0.000000 0.000000
vt 0.000000 0.500000
vt 1.000000 0.500000
vt 1.000000 1.000000
vt 0.000000 1.000000
vt 1.000000 0.516297
vt 0.000000 0.516297
vt 1.000000 0.553787
vt 0.000000 0.553787
vt 1.000000 0.946213
vt 0.000000 0.946213
vt 1.000000 0.983703
vt 0.000000 0.983703
vt 0.375000 0.500000
vt 0.625000 0.500000
vt 0.625000 0.750000
vt 0.375000 0.750000
vt 0.625000 1.000000
vt 0.375000 1.000000
vt 0.375000 0.000000
vt 0.625000 0.000000
vt 0.625000 0.250000
vt 0.375000 0.250000
vt 0.875000 0.500000
vt 0.875000 0.750000
vt 0.125000 0.500000
vt 0.125000 0.750000
vt 0.666667 0.666667
vt 1.000000 0.666667
vt 0.666667 1.000000
vt 0.666667 0.000000
vt 1.000000 0.333333
vt 0.666667 0.333333
vt 0.000000 0.333333
vt 0.333333 0.333333
vt 0.333333 0.666667
vt 0.000000 0.666667
vt 0.333333 0.000000
vt 0.333333 1.000000
vt 0.000000 0.700000
vt 0.000000 0.912132
vt 0.700000 1.000000
vt 0.912132 1.000000
vt 0.300000 1.000000
vt 0.043934 1.000000
vt 0.956066 1.000000
vt 1.000000 0.700000
vt 0.542154 0.370000
vt 0.750000 0.490000
vt 0.750000 0.351436
vt 0.662154 0.300718
vt 0.957846 0.370000
vt 0.837846 0.300718
vt 0.750000 0.148564
vt 0.837846 0.199282
vt 0.662154 0.199282
vt 0.750000 0.010000
vt 0.542154 0.130000
vt 0.957846 0.130000
vt 0.500000 0.625000
vt 0.500000 0.875000
vt 0.333333 0.875000
vt 0.333333 0.625000
vt 0.166667 0.875000
vt 0.166667 0.625000
vt 0.042154 0.370000
vt 0.042154 0.130000
vt 0.162154 0.199282
vt 0.162154 0.300718
vt 0.250000 0.010000
vt 0.250000 0.148564
vt 0.250000 0.490000
vt 0.250000 0.351436
vt -0.000000 0.875000
vt -0.000000 0.625000
vt 1.000000 0.625000
vt 1.000000 0.875000
vt 0.833333 0.875000
vt 0.833333 0.625000
vt 0.457846 0.370000
vt 0.337846 0.300718
vt 0.337846 0.199282
vt 0.457846 0.130000
vt 0.666667 0.875000
vt 0.666667 0.625000
vt 0.000000 0.994649
vt 1.000000 0.994649
vt 0.000000 0.969201
vt 1.000000 0.969201
vt 0.000000 0.530799
vt 1.000000 0.530799
vt 0.000000 0.505351
vt 1.000000 0.505351
vt 0.500000 0.516297
vt 0.500000 0.553787
vt 0.500000 0.946213
vt 0.500000 0.983703
vt 0.500000 0.500000
s 1
f 27/1/1 26/1/1 29/1/1 30/1/1
f 28/1/1 27/1/1 30/1/1 31/1/1
f 31/1/2 30/1/2 33/1/2 34/1/2
f 30/1/3 29/1/3 32/1/3 33/1/3
f 32/1/4 29/1/4 35/1/4 36/1/4
f 31/1/5 34/1/5 36/1/5 35/1/5
f 37/2/1 26/1/1 27/1/1 28/1/1
f 31/1/1 35/1/1 37/2/1 28/1/1
f 29/1/1 26/1/1 37/2/1 35/1/1
f 33/1/6 32/1/6 38/1/6 39/1/6
f 40/1/2 39/1/2 43/1/2 44/1/2
f 36/1/6 34/1/6 40/1/6 41/1/6
f 34/1/6 33/1/6 39/1/6 40/1/6
f 32/1/6 36/1/6 41/1/6 38/1/6
f 38/1/4 41/1/4 45/1/4 42/1/4
f 39/1/3 38/1/3 42/1/3 43/1/3
f 41/1/5 40/1/5 44/1/5 45/1/5
f 47/1/1 46/1/1 49/1/1 50/1/1
f 48/1/1 47/1/1 50/1/1 51/1/1
f 51/1/2 50/1/2 53/1/2 54/1/2
f 50/1/3 49/1/3 52/1/3 53/1/3
f 52/1/4 49/1/4 55/1/4 56/1/4
f 51/1/5 54/1/5 56/1/5 55/1/5
f 57/2/1 46/1/1 47/1/1 48/1/1
f 51/1/1 55/1/1 57/2/1 48/1/1
f 49/1/1 46/1/1 57/2/1 55/1/1
f 53/1/6 52/1/6 58/1/6 59/1/6
f 60/1/2 59/1/2 63/1/2 64/1/2
f 56/1/6 54/1/6 60/1/6 61/1/6
f 54/1/6 53/1/6 59/1/6 60/1/6
f 52/1/6 56/1/6 61/1/6 58/1/6
f 58/1/4 61/1/4 65/1/4 62/1/4
f 59/1/3 58/1/3 62/1/3 63/1/3
f 61/1/5 60/1/5 64/1/5 65/1/5
f 67/1/1 66/1/1 69/1/1 70/1/1
f 68/1/1 67/1/1 70/1/1 71/1/1
f 71/1/2 70/1/2 73/1/2 74/1/2
f 70/1/3 69/1/3 72/1/3 73/1/3
f 72/1/4 69/1/4 75/1/4 76/1/4
f 71/1/5 74/1/5 76/1/5 75/1/5
f 77/2/1 66/1/1 67/1/1 68/1/1
f 71/1/1 75/1/1 77/2/1 68/1/1
f 69/1/1 66/1/1 77/2/1 75/1/1
f 73/1/6 72/1/6 78/1/6 79/1/6
f 80/1/2 79/1/2 83/1/2 84/1/2
f 76/1/6 74/1/6 80/1/6 81/1/6
f 74/1/6 73/1/6 79/1/6 80/1/6
f 72/1/6 76/1/6 81/1/6 78/1/6
f 78/1/4 81/1/4 85/1/4 82/1/4
f 79/1/3 78/1/3 82/1/3 83/1/3
f 81/1/5 80/1/5 84/1/5 85/1/5
f 87/1/1 86/1/1 89/1/1 90/1/1
f 88/1/1 87/1/1 90/1/1 91/1/1
f 91/1/2 90/1/2 93/1/2 94/1/2
f 90/1/3 89/1/3 92/1/3 93/1/3
f 92/1/4 89/1/4 95/1/4 96/1/4
f 91/1/5 94/1/5 96/1/5 95/1/5
f 97/2/1 86/1/1 87/1/1 88/1/1
f 91/1/1 95/1/1 97/2/1 88/1/1
f 89/1/1 86/1/1 97/2/1 95/1/1
f 93/1/6 92/1/6 98/1/6 99/1/6
f 100/1/2 99/1/2 103/1/2 104/1/2
f 96/1/6 94/1/6 100/1/6 101/1/6
f 94/1/6 93/1/6 99/1/6 100/1/6
f 92/1/6 96/1/6 101/1/6 98/1/6
f 98/1/4 101/1/4 105/1/4 102/1/4
f 99/1/3 98/1/3 102/1/3 103/1/3
f 101/1/5 100/1/5 104/1/5 105/1/5
f 108/3/3 109/4/3 107/5/3 106/6/3
f 111/2/3 112/1/3 113/4/3 110/3/3
f 109/4/1 108/3/1 110/3/1 113/4/1
f 116/3/3 117/4/3 115/5/3 114/6/3
f 119/2/3 120/1/3 121/4/3 118/3/3
f 117/4/1 116/3/1 118/3/1 121/4/1
f 124/3/3 125/4/3 123/5/3 122/6/3
f 127/2/3 128/1/3 129/4/3 126/3/3
f 125/4/1 124/3/1 126/3/1 129/4/1
f 132/3/3 133/4/3 131/5/3 130/6/3
f 135/2/3 136/1/3 137/4/3 134/3/3
f 133/4/1 132/3/1 134/3/1 137/4/1
f 141/4/3 140/3/3 142/3/3 143/4/3
f 140/3/7 141/4/7 147/7/7 148/8/7
f 148/8/8 147/7/8 146/9/8 149/10/8
f 149/10/9 146/9/9 145/11/9 150/12/9
f 150/12/10 145/11/10 144/13/10 151/14/10
f 151/14/11 144/13/11 139/5/11 138/6/11
f 155/4/3 154/3/3 156/3/3 157/4/3
f 154/3/7 155/4/7 161/7/7 162/8/7
f 162/8/8 161/7/8 160/9/8 163/10/8
f 163/10/9 160/9/9 159/11/9 164/12/9
f 164/12/10 159/11/10 158/13/10 165/14/10
f 165/14/11 158/13/11 153/5/11 152/6/11
f 171/15/2 172/16/2 170/17/2 169/18/2
f 169/18/3 170/17/3 167/19/3 166/20/3
f 174/19/3 177/17/3 239/17/3 236/19/3
f 173/21/4 174/22/4 176/23/4 175/24/4
f 193/18/3 177/17/3 174/19/3 173/20/3
f 167/19/3 170/17/3 235/17/3 232/19/3
f 182/18/3 183/17/3 180/19/3 179/20/3
f 181/25/4 180/26/4 224/26/4 225/25/4
f 202/18/3 188/17/3 186/19/3 185/20/3
f 183/17/2 184/16/2 226/16/2 227/17/2
f 190/21/4 173/22/4 175/23/4 191/24/4
f 194/15/2 195/16/2 193/17/2 192/18/2
f 192/18/3 193/17/3 173/19/3 190/20/3
f 190/20/3 196/20/3 197/18/3 192/18/3
f 198/21/4 185/22/4 200/23/4 199/24/4
f 203/15/2 204/16/2 202/17/2 201/18/2
f 201/18/3 202/17/3 185/19/3 198/20/3
f 199/27/6 203/15/6 201/18/6 198/28/6
f 198/20/3 205/20/3 206/18/3 201/18/3
f 207/21/4 179/22/4 209/23/4 208/24/4
f 211/15/2 212/16/2 182/17/2 210/18/2
f 210/18/3 182/17/3 179/19/3 207/20/3
f 208/27/6 211/15/6 210/18/6 207/28/6
f 207/20/3 213/20/3 214/18/3 210/18/3
f 215/21/4 166/22/4 217/23/4 216/24/4
f 219/15/2 171/16/2 169/17/2 218/18/2
f 218/18/3 169/17/3 166/19/3 215/20/3
f 215/20/3 220/20/3 221/18/3 218/18/3
f 192/18/1 198/21/1 199/24/1 194/15/1
f 201/18/1 207/21/1 208/24/1 203/15/1
f 210/18/1 215/21/1 216/24/1 211/15/1
f 210/18/3 214/18/3 220/20/3 215/21/3
f 223/2/4 196/2/4 190/2/4 191/2/4
f 192/18/3 197/18/3 205/20/3 198/21/3
f 201/18/3 206/18/3 213/20/3 207/21/3
f 221/2/2 222/2/2 219/2/2 218/2/2
f 178/16/1 177/17/1 186/26/1 187/25/1
f 180/26/1 181/25/1 189/16/1 188/17/1
f 167/26/1 168/25/1 184/16/1 183/17/1
f 185/22/3 186/26/3 177/17/3 193/17/3
f 179/20/3 180/26/3 188/17/3 202/18/3
f 166/20/3 167/26/3 183/17/3 182/18/3
f 236/19/3 239/17/3 255/17/3 252/19/3
f 188/17/2 189/16/2 230/16/2 231/17/2
f 187/25/4 186/26/4 228/26/4 229/25/4
f 180/19/3 183/17/3 227/17/3 224/19/3
f 186/19/3 188/17/3 231/17/3 228/19/3
f 228/19/3 231/17/3 247/17/3 244/19/3
f 176/23/4 174/22/4 236/22/4 237/23/4
f 170/17/2 172/16/2 234/16/2 235/17/2
f 177/17/2 178/16/2 238/16/2 239/17/2
f 168/25/4 167/26/4 232/26/4 233/25/4
f 253/23/4 252/22/4 268/22/4 269/23/4
f 245/25/4 244/26/4 260/26/4 261/25/4
f 224/19/3 227/17/3 243/17/3 240/19/3
f 235/17/2 234/16/2 250/16/2 251/17/2
f 232/19/3 235/17/3 251/17/3 248/19/3
f 237/23/4 236/22/4 252/22/4 253/23/4
f 269/23/4 268/22/4 279/22/4 280/23/4
f 264/19/3 276/26/3 273/17/3 259/17/3
f 264/19/3 267/17/3 278/17/3 276/19/3
f 247/17/2 246/16/2 262/16/2 263/17/2
f 255/17/2 254/16/2 270/16/2 271/17/2
f 244/19/3 247/17/3 263/17/3 260/19/3
f 241/25/4 240/26/4 256/26/4 257/25/4
f 252/19/3 255/17/3 271/17/3 268/19/3
f 249/25/4 248/26/4 264/26/4 265/25/4
f 232/19/3 248/26/3 243/17/3 227/17/3
f 243/17/2 242/16/2 258/16/2 259/17/2
f 251/17/2 250/16/2 266/16/2 267/17/2
f 240/19/3 243/17/3 259/17/3 256/19/3
f 248/19/3 251/17/3 267/17/3 264/19/3
f 242/16/1 243/17/1 248/26/1 249/25/1
f 263/17/3 256/19/3 272/26/3 275/17/3
f 260/19/3 263/17/3 275/17/3 274/19/3
f 268/19/3 271/17/3 281/17/3 279/19/3
f 260/19/3 274/26/3 281/17/3 271/17/3
f 240/26/1 241/25/1 246/16/1 247/17/1
f 244/26/1 245/25/1 254/16/1 255/17/1
f 267/17/2 266/16/2 277/16/2 278/17/2
f 256/19/3 259/17/3 273/17/3 272/19/3
f 247/17/3 231/17/3 224/19/3 240/26/3
f 228/19/3 244/26/3 255/17/3 239/17/3
f 178/16/3 187/25/3 229/25/3 238/16/3
f 189/16/3 181/25/3 225/25/3 230/16/3
f 168/25/3 233/25/3 226/16/3 184/16/3
f 254/16/3 245/25/3 261/25/3 270/16/3
f 242/16/3 249/25/3 265/25/3 258/16/3
f 241/25/3 257/25/3 262/16/3 246/16/3
f 203/15/3 208/24/3 209/23/3 204/16/3
f 211/15/3 216/24/3 217/23/3 212/16/3
f 194/15/3 199/24/3 200/23/3 195/16/3
f 287/15/2 288/16/2 286/17/2 285/18/2
f 285/18/3 286/17/3 283/19/3 282/20/3
f 290/19/3 293/17/3 355/17/3 352/19/3
f 289/21/4 290/22/4 292/23/4 291/24/4
f 309/18/3 293/17/3 290/19/3 289/20/3
f 283/19/3 286/17/3 351/17/3 348/19/3
f 298/18/3 299/17/3 296/19/3 295/20/3
f 297/25/4 296/26/4 340/26/4 341/25/4
f 318/18/3 304/17/3 302/19/3 301/20/3
f 299/17/2 300/16/2 342/16/2 343/17/2
f 306/21/4 289/22/4 291/23/4 307/24/4
f 310/15/2 311/16/2 309/17/2 308/18/2
f 308/18/3 309/17/3 289/19/3 306/20/3
f 306/20/3 312/20/3 313/18/3 308/18/3
f 314/21/4 301/22/4 316/23/4 315/24/4
f 319/15/2 320/16/2 318/17/2 317/18/2
f 317/18/3 318/17/3 301/19/3 314/20/3
f 315/27/6 319/15/6 317/18/6 314/28/6
f 314/20/3 321/20/3 322/18/3 317/18/3
f 323/21/4 295/22/4 325/23/4 324/24/4
f 327/15/2 328/16/2 298/17/2 326/18/2
f 326/18/3 298/17/3 295/19/3 323/20/3
f 324/27/6 327/15/6 326/18/6 323/28/6
f 323/20/3 329/20/3 330/18/3 326/18/3
f 331/21/4 282/22/4 333/23/4 332/24/4
f 335/15/2 287/16/2 285/17/2 334/18/2
f 334/18/3 285/17/3 282/19/3 331/20/3
f 331/20/3 336/20/3 337/18/3 334/18/3
f 308/18/1 314/21/1 315/24/1 310/15/1
f 317/18/1 323/21/1 324/24/1 319/15/1
f 326/18/1 331/21/1 332/24/1 327/15/1
f 326/18/3 330/18/3 336/20/3 331/21/3
f 339/2/4 312/2/4 306/2/4 307/2/4
f 308/18/3 313/18/3 321/20/3 314/21/3
f 317/18/3 322/18/3 329/20/3 323/21/3
f 337/2/2 338/2/2 335/2/2 334/2/2
f 294/16/1 293/17/1 302/26/1 303/25/1
f 296/26/1 297/25/1 305/16/1 304/17/1
f 283/26/1 284/25/1 300/16/1 299/17/1
f 301/22/3 302/26/3 293/17/3 309/17/3
f 295/20/3 296/26/3 304/17/3 318/18/3
f 282/20/3 283/26/3 299/17/3 298/18/3
f 352/19/3 355/17/3 371/17/3 368/19/3
f 304/17/2 305/16/2 346/16/2 347/17/2
f 303/25/4 302/26/4 344/26/4 345/25/4
f 296/19/3 299/17/3 343/17/3 340/19/3
f 302/19/3 304/17/3 347/17/3 344/19/3
f 344/19/3 347/17/3 363/17/3 360/19/3
f 292/23/4 290/22/4 352/22/4 353/23/4
f 286/17/2 288/16/2 350/16/2 351/17/2
f 293/17/2 294/16/2 354/16/2 355/17/2
f 284/25/4 283/26/4 348/26/4 349/25/4
f 369/23/4 368/22/4 384/22/4 385/23/4
f 361/25/4 360/26/4 376/26/4 377/25/4
f 340/19/3 343/17/3 359/17/3 356/19/3
f 351/17/2 350/16/2 366/16/2 367/17/2
f 348/19/3 351/17/3 367/17/3 364/19/3
f 353/23/4 352/22/4 368/22/4 369/23/4
f 385/23/4 384/22/4 395/22/4 396/23/4
f 380/19/3 392/26/3 389/17/3 375/17/3
f 380/19/3 383/17/3 394/17/3 392/19/3
f 363/17/2 362/16/2 378/16/2 379/17/2
f 371/17/2 370/16/2 386/16/2 387/17/2
f 360/19/3 363/17/3 379/17/3 376/19/3
f 357/25/4 356/26/4 372/26/4 373/25/4
f 368/19/3 371/17/3 387/17/3 384/19/3
f 365/25/4 364/26/4 380/26/4 381/25/4
f 348/19/3 364/26/3 359/17/3 343/17/3
f 359/17/2 358/16/2 374/16/2 375/17/2
f 367/17/2 366/16/2 382/16/2 383/17/2
f 356/19/3 359/17/3 375/17/3 372/19/3
f 364/19/3 367/17/3 383/17/3 380/19/3
f 358/16/1 359/17/1 364/26/1 365/25/1
f 379/17/3 372/19/3 388/26/3 391/17/3
f 376/19/3 379/17/3 391/17/3 390/19/3
f 384/19/3 387/17/3 397/17/3 395/19/3
f 376/19/3 390/26/3 397/17/3 387/17/3
f 356/26/1 357/25/1 362/16/1 363/17/1
f 360/26/1 361/25/1 370/16/1 371/17/1
f 383/17/2 382/16/2 393/16/2 394/17/2
f 372/19/3 375/17/3 389/17/3 388/19/3
f 363/17/3 347/17/3 340/19/3 356/26/3
f 344/19/3 360/26/3 371/17/3 355/17/3
f 319/15/3 324/24/3 325/23/3 320/16/3
f 327/15/3 332/24/3 333/23/3 328/16/3
f 284/25/3 349/25/3 342/16/3 300/16/3
f 305/16/3 297/25/3 341/25/3 346/16/3
f 357/25/3 373/25/3 378/16/3 362/16/3
f 358/16/3 365/25/3 381/25/3 374/16/3
f 370/16/3 361/25/3 377/25/3 386/16/3
f 294/16/3 303/25/3 345/25/3 354/16/3
f 310/15/3 315/24/3 316/23/3 311/16/3
f 412/29/3 405/30/3 401/5/3 408/31/3
f 407/32/3 399/1/3 404/33/3 410/34/3
f 410/34/3 404/33/3 405/30/3 412/29/3
f 403/35/3 411/36/3 413/37/3 402/38/3
f 410/34/4 412/29/4 416/29/4 414/34/4
f 398/2/3 406/39/3 411/36/3 403/35/3
f 406/39/3 407/32/3 410/34/3 411/36/3
f 402/38/3 413/37/3 409/40/3 400/6/3
f 413/37/3 412/29/3 408/31/3 409/40/3
f 412/29/6 413/37/6 417/37/6 416/29/6
f 411/36/1 410/34/1 414/34/1 415/36/1
f 413/37/2 411/36/2 415/36/2 417/37/2
f 423/15/2 424/16/2 422/17/2 421/18/2
f 421/18/3 422/17/3 419/19/3 418/20/3
f 426/19/3 429/17/3 491/17/3 488/19/3
f 425/21/4 426/22/4 428/23/4 427/24/4
f 445/18/3 429/17/3 426/19/3 425/20/3
f 419/19/3 422/17/3 487/17/3 484/19/3
f 434/18/3 435/17/3 432/19/3 431/20/3
f 433/25/4 432/26/4 476/26/4 477/25/4
f 454/18/3 440/17/3 438/19/3 437/20/3
f 435/17/2 436/16/2 478/16/2 479/17/2
f 442/21/4 425/22/4 427/23/4 443/24/4
f 446/15/2 447/16/2 445/17/2 444/18/2
f 444/18/3 445/17/3 425/19/3 442/20/3
f 442/20/3 448/20/3 449/18/3 444/18/3
f 450/21/4 437/22/4 452/23/4 451/24/4
f 455/15/2 456/16/2 454/17/2 453/18/2
f 453/18/3 454/17/3 437/19/3 450/20/3
f 451/27/6 455/15/6 453/18/6 450/28/6
f 450/20/3 457/20/3 458/18/3 453/18/3
f 459/21/4 431/22/4 461/23/4 460/24/4
f 463/15/2 464/16/2 434/17/2 462/18/2
f 462/18/3 434/17/3 431/19/3 459/20/3
f 460/27/6 463/15/6 462/18/6 459/28/6
f 459/20/3 465/20/3 466/18/3 462/18/3
f 467/21/4 418/22/4 469/23/4 468/24/4
f 471/15/2 423/16/2 421/17/2 470/18/2
f 470/18/3 421/17/3 418/19/3 467/20/3
f 467/20/3 472/20/3 473/18/3 470/18/3
f 444/18/1 450/21/1 451/24/1 446/15/1
f 453/18/1 459/21/1 460/24/1 455/15/1
f 462/18/1 467/21/1 468/24/1 463/15/1
f 462/18/3 466/18/3 472/20/3 467/21/3
f 475/2/4 448/2/4 442/2/4 443/2/4
f 444/18/3 449/18/3 457/20/3 450/21/3
f 453/18/3 458/18/3 465/20/3 459/21/3
f 473/2/2 474/2/2 471/2/2 470/2/2
f 430/16/1 429/17/1 438/26/1 439/25/1
f 432/26/1 433/25/1 441/16/1 440/17/1
f 419/26/1 420/25/1 436/16/1 435/17/1
f 437/22/3 438/26/3 429/17/3 445/17/3
f 431/20/3 432/26/3 440/17/3 454/18/3
f 418/20/3 419/26/3 435/17/3 434/18/3
f 488/19/3 491/17/3 507/17/3 504/19/3
f 440/17/2 441/16/2 482/16/2 483/17/2
f 439/25/4 438/26/4 480/26/4 481/25/4
f 432/19/3 435/17/3 479/17/3 476/19/3
f 438/19/3 440/17/3 483/17/3 480/19/3
f 480/19/3 483/17/3 499/17/3 496/19/3
f 428/23/4 426/22/4 488/22/4 489/23/4
f 422/17/2 424/16/2 486/16/2 487/17/2
f 429/17/2 430/16/2 490/16/2 491/17/2
f 420/25/4 419/26/4 484/26/4 485/25/4
f 505/23/4 504/22/4 520/22/4 521/23/4
f 497/25/4 496/26/4 512/26/4 513/25/4
f 476/19/3 479/17/3 495/17/3 492/19/3
f 487/17/2 486/16/2 502/16/2 503/17/2
f 484/19/3 487/17/3 503/17/3 500/19/3
f 489/23/4 488/22/4 504/22/4 505/23/4
f 521/23/4 520/22/4 531/22/4 532/23/4
f 516/19/3 528/26/3 525/17/3 511/17/3
f 516/19/3 519/17/3 530/17/3 528/19/3
f 499/17/2 498/16/2 514/16/2 515/17/2
f 507/17/2 506/16/2 522/16/2 523/17/2
f 496/19/3 499/17/3 515/17/3 512/19/3
f 493/25/4 492/26/4 508/26/4 509/25/4
f 504/19/3 507/17/3 523/17/3 520/19/3
f 501/25/4 500/26/4 516/26/4 517/25/4
f 484/19/3 500/26/3 495/17/3 479/17/3
f 495/17/2 494/16/2 510/16/2 511/17/2
f 503/17/2 502/16/2 518/16/2 519/17/2
f 492/19/3 495/17/3 511/17/3 508/19/3
f 500/19/3 503/17/3 519/17/3 516/19/3
f 494/16/1 495/17/1 500/26/1 501/25/1
f 515/17/3 508/19/3 524/26/3 527/17/3
f 512/19/3 515/17/3 527/17/3 526/19/3
f 520/19/3 523/17/3 533/17/3 531/19/3
f 512/19/3 526/26/3 533/17/3 523/17/3
f 492/26/1 493/25/1 498/16/1 499/17/1
f 496/26/1 497/25/1 506/16/1 507/17/1
f 519/17/2 518/16/2 529/16/2 530/17/2
f 508/19/3 511/17/3 525/17/3 524/19/3
f 499/17/3 483/17/3 476/19/3 492/26/3
f 480/19/3 496/26/3 507/17/3 491/17/3
f 430/16/3 439/25/3 481/25/3 490/16/3
f 441/16/3 433/25/3 477/25/3 482/16/3
f 420/25/3 485/25/3 478/16/3 436/16/3
f 506/16/3 497/25/3 513/25/3 522/16/3
f 494/16/3 501/25/3 517/25/3 510/16/3
f 493/25/3 509/25/3 514/16/3 498/16/3
f 455/15/3 460/24/3 461/23/3 456/16/3
f 463/15/3 468/24/3 469/23/3 464/16/3
f 446/15/3 451/24/3 452/23/3 447/16/3
f 539/15/2 540/16/2 538/17/2 537/18/2
f 537/18/3 538/17/3 535/19/3 534/20/3
f 542/19/3 545/17/3 607/17/3 604/19/3
f 541/21/4 542/22/4 544/23/4 543/24/4
f 561/18/3 545/17/3 542/19/3 541/20/3
f 535/19/3 538/17/3 603/17/3 600/19/3
f 550/18/3 551/17/3 548/19/3 547/20/3
f 549/25/4 548/26/4 592/26/4 593/25/4
f 570/18/3 556/17/3 554/19/3 553/20/3
f 551/17/2 552/16/2 594/16/2 595/17/2
f 558/21/4 541/22/4 543/23/4 559/24/4
f 562/15/2 563/16/2 561/17/2 560/18/2
f 560/18/3 561/17/3 541/19/3 558/20/3
f 558/20/3 564/20/3 565/18/3 560/18/3
f 566/21/4 553/22/4 568/23/4 567/24/4
f 571/15/2 572/16/2 570/17/2 569/18/2
f 569/18/3 570/17/3 553/19/3 566/20/3
f 567/27/6 571/15/6 569/18/6 566/28/6
f 566/20/3 573/20/3 574/18/3 569/18/3
f 575/21/4 547/22/4 577/23/4 576/24/4
f 579/15/2 580/16/2 550/17/2 578/18/2
f 578/18/3 550/17/3 547/19/3 575/20/3
f 576/27/6 579/15/6 578/18/6 575/28/6
f 575/20/3 581/20/3 582/18/3 578/18/3
f 583/21/4 534/22/4 585/23/4 584/24/4
f 587/15/2 539/16/2 537/17/2 586/18/2
f 586/18/3 537/17/3 534/19/3 583/20/3
f 583/20/3 588/20/3 589/18/3 586/18/3
f 560/18/1 566/21/1 567/24/1 562/15/1
f 569/18/1 575/21/1 576/24/1 571/15/1
f 578/18/1 583/21/1 584/24/1 579/15/1
f 578/18/3 582/18/3 588/20/3 583/21/3
f 591/2/4 564/2/4 558/2/4 559/2/4
f 560/18/3 565/18/3 573/20/3 566/21/3
f 569/18/3 574/18/3 581/20/3 575/21/3
f 589/2/2 590/2/2 587/2/2 586/2/2
f 546/16/1 545/17/1 554/26/1 555/25/1
f 548/26/1 549/25/1 557/16/1 556/17/1
f 535/26/1 536/25/1 552/16/1 551/17/1
f 553/22/3 554/26/3 545/17/3 561/17/3
f 547/20/3 548/26/3 556/17/3 570/18/3
f 534/20/3 535/26/3 551/17/3 550/18/3
f 604/19/3 607/17/3 623/17/3 620/19/3
f 556/17/2 557/16/2 598/16/2 599/17/2
f 555/25/4 554/26/4 596/26/4 597/25/4
f 548/19/3 551/17/3 595/17/3 592/19/3
f 554/19/3 556/17/3 599/17/3 596/19/3
f 596/19/3 599/17/3 615/17/3 612/19/3
f 544/23/4 542/22/4 604/22/4 605/23/4
f 538/17/2 540/16/2 602/16/2 603/17/2
f 545/17/2 546/16/2 606/16/2 607/17/2
f 536/25/4 535/26/4 600/26/4 601/25/4
f 621/23/4 620/22/4 636/22/4 637/23/4
f 613/25/4 612/26/4 628/26/4 629/25/4
f 592/19/3 595/17/3 611/17/3 608/19/3
f 603/17/2 602/16/2 618/16/2 619/17/2
f 600/19/3 603/17/3 619/17/3 616/19/3
f 605/23/4 604/22/4 620/22/4 621/23/4
f 637/23/4 636/22/4 647/22/4 648/23/4
f 632/19/3 644/26/3 641/17/3 627/17/3
f 632/19/3 635/17/3 646/17/3 644/19/3
f 615/17/2 614/16/2 630/16/2 631/17/2
f 623/17/2 622/16/2 638/16/2 639/17/2
f 612/19/3 615/17/3 631/17/3 628/19/3
f 609/25/4 608/26/4 624/26/4 625/25/4
f 620/19/3 623/17/3 639/17/3 636/19/3
f 617/25/4 616/26/4 632/26/4 633/25/4
f 600/19/3 616/26/3 611/17/3 595/17/3
f 611/17/2 610/16/2 626/16/2 627/17/2
f 619/17/2 618/16/2 634/16/2 635/17/2
f 608/19/3 611/17/3 627/17/3 624/19/3
f 616/19/3 619/17/3 635/17/3 632/19/3
f 610/16/1 611/17/1 616/26/1 617/25/1
f 631/17/3 624/19/3 640/26/3 643/17/3
f 628/19/3 631/17/3 643/17/3 642/19/3
f 636/19/3 639/17/3 649/17/3 647/19/3
f 628/19/3 642/26/3 649/17/3 639/17/3
f 608/26/1 609/25/1 614/16/1 615/17/1
f 612/26/1 613/25/1 622/16/1 623/17/1
f 635/17/2 634/16/2 645/16/2 646/17/2
f 624/19/3 627/17/3 641/17/3 640/19/3
f 615/17/3 599/17/3 592/19/3 608/26/3
f 596/19/3 612/26/3 623/17/3 607/17/3
f 571/15/3 576/24/3 577/23/3 572/16/3
f 579/15/3 584/24/3 585/23/3 580/16/3
f 536/25/3 601/25/3 594/16/3 552/16/3
f 557/16/3 549/25/3 593/25/3 598/16/3
f 609/25/3 625/25/3 630/16/3 614/16/3
f 610/16/3 617/25/3 633/25/3 626/16/3
f 622/16/3 613/25/3 629/25/3 638/16/3
f 546/16/3 555/25/3 597/25/3 606/16/3
f 562/15/3 567/24/3 568/23/3 563/16/3
f 664/29/3 657/30/3 653/5/3 660/31/3
f 659/32/3 651/1/3 656/33/3 662/34/3
f 662/34/3 656/33/3 657/30/3 664/29/3
f 655/35/3 663/36/3 665/37/3 654/38/3
f 662/34/4 664/29/4 668/29/4 666/34/4
f 650/2/3 658/39/3 663/36/3 655/35/3
f 658/39/3 659/32/3 662/34/3 663/36/3
f 654/38/3 665/37/3 661/40/3 652/6/3
f 665/37/3 664/29/3 660/31/3 661/40/3
f 664/29/6 665/37/6 669/37/6 668/29/6
f 663/36/1 662/34/1 666/34/1 667/36/1
f 665/37/2 663/36/2 667/36/2 669/37/2
f 675/15/2 676/16/2 674/17/2 673/18/2
f 673/18/3 674/17/3 671/19/3 670/20/3
f 678/19/3 681/17/3 743/17/3 740/19/3
f 677/21/4 678/22/4 680/23/4 679/24/4
f 697/18/3 681/17/3 678/19/3 677/20/3
f 671/19/3 674/17/3 739/17/3 736/19/3
f 686/18/3 687/17/3 684/19/3 683/20/3
f 685/25/4 684/26/4 728/26/4 729/25/4
f 706/18/3 692/17/3 690/19/3 689/20/3
f 687/17/2 688/16/2 730/16/2 731/17/2
f 694/21/4 677/22/4 679/23/4 695/24/4
f 698/15/2 699/16/2 697/17/2 696/18/2
f 696/18/3 697/17/3 677/19/3 694/20/3
f 694/20/3 700/20/3 701/18/3 696/18/3
f 702/21/4 689/22/4 704/23/4 703/24/4
f 707/15/2 708/16/2 706/17/2 705/18/2
f 705/18/3 706/17/3 689/19/3 702/20/3
f 703/27/6 707/15/6 705/18/6 702/28/6
f 702/20/3 709/20/3 710/18/3 705/18/3
f 711/21/4 683/22/4 713/23/4 712/24/4
f 715/15/2 716/16/2 686/17/2 714/18/2
f 714/18/3 686/17/3 683/19/3 711/20/3
f 712/27/6 715/15/6 714/18/6 711/28/6
f 711/20/3 717/20/3 718/18/3 714/18/3
f 719/21/4 670/22/4 721/23/4 720/24/4
f 723/15/2 675/16/2 673/17/2 722/18/2
f 722/18/3 673/17/3 670/19/3 719/20/3
f 719/20/3 724/20/3 725/18/3 722/18/3
f 696/18/1 702/21/1 703/24/1 698/15/1
f 705/18/1 711/21/1 712/24/1 707/15/1
f 714/18/1 719/21/1 720/24/1 715/15/1
f 714/18/3 718/18/3 724/20/3 719/21/3
f 727/2/4 700/2/4 694/2/4 695/2/4
f 696/18/3 701/18/3 709/20/3 702/21/3
f 705/18/3 710/18/3 717/20/3 711/21/3
f 725/2/2 726/2/2 723/2/2 722/2/2
f 682/16/1 681/17/1 690/26/1 691/25/1
f 684/26/1 685/25/1 693/16/1 692/17/1
f 671/26/1 672/25/1 688/16/1 687/17/1
f 689/22/3 690/26/3 681/17/3 697/17/3
f 683/20/3 684/26/3 692/17/3 706/18/3
f 670/20/3 671/26/3 687/17/3 686/18/3
f 740/19/3 743/17/3 759/17/3 756/19/3
f 692/17/2 693/16/2 734/16/2 735/17/2
f 691/25/4 690/26/4 732/26/4 733/25/4
f 684/19/3 687/17/3 731/17/3 728/19/3
f 690/19/3 692/17/3 735/17/3 732/19/3
f 732/19/3 735/17/3 751/17/3 748/19/3
f 680/23/4 678/22/4 740/22/4 741/23/4
f 674/17/2 676/16/2 738/16/2 739/17/2
f 681/17/2 682/16/2 742/16/2 743/17/2
f 672/25/4 671/26/4 736/26/4 737/25/4
f 757/23/4 756/22/4 772/22/4 773/23/4
f 749/25/4 748/26/4 764/26/4 765/25/4
f 728/19/3 731/17/3 747/17/3 744/19/3
f 739/17/2 738/16/2 754/16/2 755/17/2
f 736/19/3 739/17/3 755/17/3 752/19/3
f 741/23/4 740/22/4 756/22/4 757/23/4
f 773/23/4 772/22/4 783/22/4 784/23/4
f 768/19/3 780/26/3 777/17/3 763/17/3
f 768/19/3 771/17/3 782/17/3 780/19/3
f 751/17/2 750/16/2 766/16/2 767/17/2
f 759/17/2 758/16/2 774/16/2 775/17/2
f 748/19/3 751/17/3 767/17/3 764/19/3
f 745/25/4 744/26/4 760/26/4 761/25/4
f 756/19/3 759/17/3 775/17/3 772/19/3
f 753/25/4 752/26/4 768/26/4 769/25/4
f 736/19/3 752/26/3 747/17/3 731/17/3
f 747/17/2 746/16/2 762/16/2 763/17/2
f 755/17/2 754/16/2 770/16/2 771/17/2
f 744/19/3 747/17/3 763/17/3 760/19/3
f 752/19/3 755/17/3 771/17/3 768/19/3
f 746/16/1 747/17/1 752/26/1 753/25/1
f 767/17/3 760/19/3 776/26/3 779/17/3
f 764/19/3 767/17/3 779/17/3 778/19/3
f 772/19/3 775/17/3 785/17/3 783/19/3
f 764/19/3 778/26/3 785/17/3 775/17/3
f 744/26/1 745/25/1 750/16/1 751/17/1
f 748/26/1 749/25/1 758/16/1 759/17/1
f 771/17/2 770/16/2 781/16/2 782/17/2
f 760/19/3 763/17/3 777/17/3 776/19/3
f 751/17/3 735/17/3 728/19/3 744/26/3
f 732/19/3 748/26/3 759/17/3 743/17/3
f 682/16/3 691/25/3 733/25/3 742/16/3
f 693/16/3 685/25/3 729/25/3 734/16/3
f 672/25/3 737/25/3 730/16/3 688/16/3
f 758/16/3 749/25/3 765/25/3 774/16/3
f 746/16/3 753/25/3 769/25/3 762/16/3
f 745/25/3 761/25/3 766/16/3 750/16/3
f 707/15/3 712/24/3 713/23/3 708/16/3
f 715/15/3 720/24/3 721/23/3 716/16/3
f 698/15/3 703/24/3 704/23/3 699/16/3
f 791/15/2 792/16/2 790/17/2 789/18/2
f 789/18/3 790/17/3 787/19/3 786/20/3
f 794/19/3 797/17/3 859/17/3 856/19/3
f 793/21/4 794/22/4 796/23/4 795/24/4
f 813/18/3 797/17/3 794/19/3 793/20/3
f 787/19/3 790/17/3 855/17/3 852/19/3
f 802/18/3 803/17/3 800/19/3 799/20/3
f 801/25/4 800/26/4 844/26/4 845/25/4
f 822/18/3 808/17/3 806/19/3 805/20/3
f 803/17/2 804/16/2 846/16/2 847/17/2
f 810/21/4 793/22/4 795/23/4 811/24/4
f 814/15/2 815/16/2 813/17/2 812/18/2
f 812/18/3 813/17/3 793/19/3 810/20/3
f 810/20/3 816/20/3 817/18/3 812/18/3
f 818/21/4 805/22/4 820/23/4 819/24/4
f 823/15/2 824/16/2 822/17/2 821/18/2
f 821/18/3 822/17/3 805/19/3 818/20/3
f 819/27/6 823/15/6 821/18/6 818/28/6
f 818/20/3 825/20/3 826/18/3 821/18/3
f 827/21/4 799/22/4 829/23/4 828/24/4
f 831/15/2 832/16/2 802/17/2 830/18/2
f 830/18/3 802/17/3 799/19/3 827/20/3
f 828/27/6 831/15/6 830/18/6 827/28/6
f 827/20/3 833/20/3 834/18/3 830/18/3
f 835/21/4 786/22/4 837/23/4 836/24/4
f 839/15/2 791/16/2 789/17/2 838/18/2
f 838/18/3 789/17/3 786/19/3 835/20/3
f 835/20/3 840/20/3 841/18/3 838/18/3
f 812/18/1 818/21/1 819/24/1 814/15/1
f 821/18/1 827/21/1 828/24/1 823/15/1
f 830/18/1 835/21/1 836/24/1 831/15/1
f 830/18/3 834/18/3 840/20/3 835/21/3
f 843/2/4 816/2/4 810/2/4 811/2/4
f 812/18/3 817/18/3 825/20/3 818/21/3
f 821/18/3 826/18/3 833/20/3 827/21/3
f 841/2/2 842/2/2 839/2/2 838/2/2
f 798/16/1 797/17/1 806/26/1 807/25/1
f 800/26/1 801/25/1 809/16/1 808/17/1
f 787/26/1 788/25/1 804/16/1 803/17/1
f 805/22/3 806/26/3 797/17/3 813/17/3
f 799/20/3 800/26/3 808/17/3 822/18/3
f 786/20/3 787/26/3 803/17/3 802/18/3
f 856/19/3 859/17/3 875/17/3 872/19/3
f 808/17/2 809/16/2 850/16/2 851/17/2
f 807/25/4 806/26/4 848/26/4 849/25/4
f 800/19/3 803/17/3 847/17/3 844/19/3
f 806/19/3 808/17/3 851/17/3 848/19/3
f 848/19/3 851/17/3 867/17/3 864/19/3
f 796/23/4 794/22/4 856/22/4 857/23/4
f 790/17/2 792/16/2 854/16/2 855/17/2
f 797/17/2 798/16/2 858/16/2 859/17/2
f 788/25/4 787/26/4 852/26/4 853/25/4
f 873/23/4 872/22/4 888/22/4 889/23/4
f 865/25/4 864/26/4 880/26/4 881/25/4
f 844/19/3 847/17/3 863/17/3 860/19/3
f 855/17/2 854/16/2 870/16/2 871/17/2
f 852/19/3 855/17/3 871/17/3 868/19/3
f 857/23/4 856/22/4 872/22/4 873/23/4
f 889/23/4 888/22/4 899/22/4 900/23/4
f 884/19/3 896/26/3 893/17/3 879/17/3
f 884/19/3 887/17/3 898/17/3 896/19/3
f 867/17/2 866/16/2 882/16/2 883/17/2
f 875/17/2 874/16/2 890/16/2 891/17/2
f 864/19/3 867/17/3 883/17/3 880/19/3
f 861/25/4 860/26/4 876/26/4 877/25/4
f 872/19/3 875/17/3 891/17/3 888/19/3
f 869/25/4 868/26/4 884/26/4 885/25/4
f 852/19/3 868/26/3 863/17/3 847/17/3
f 863/17/2 862/16/2 878/16/2 879/17/2
f 871/17/2 870/16/2 886/16/2 887/17/2
f 860/19/3 863/17/3 879/17/3 876/19/3
f 868/19/3 871/17/3 887/17/3 884/19/3
f 862/16/1 863/17/1 868/26/1 869/25/1
f 883/17/3 876/19/3 892/26/3 895/17/3
f 880/19/3 883/17/3 895/17/3 894/19/3
f 888/19/3 891/17/3 901/17/3 899/19/3
f 880/19/3 894/26/3 901/17/3 891/17/3
f 860/26/1 861/25/1 866/16/1 867/17/1
f 864/26/1 865/25/1 874/16/1 875/17/1
f 887/17/2 886/16/2 897/16/2 898/17/2
f 876/19/3 879/17/3 893/17/3 892/19/3
f 867/17/3 851/17/3 844/19/3 860/26/3
f 848/19/3 864/26/3 875/17/3 859/17/3
f 823/15/3 828/24/3 829/23/3 824/16/3
f 831/15/3 836/24/3 837/23/3 832/16/3
f 788/25/3 853/25/3 846/16/3 804/16/3
f 809/16/3 801/25/3 845/25/3 850/16/3
f 861/25/3 877/25/3 882/16/3 866/16/3
f 862/16/3 869/25/3 885/25/3 878/16/3
f 874/16/3 865/25/3 881/25/3 890/16/3
f 798/16/3 807/25/3 849/25/3 858/16/3
f 814/15/3 819/24/3 820/23/3 815/16/3
f 916/29/3 909/30/3 905/5/3 912/31/3
f 911/32/3 903/1/3 908/33/3 914/34/3
f 914/34/3 908/33/3 909/30/3 916/29/3
f 907/35/3 915/36/3 917/37/3 906/38/3
f 914/34/4 916/29/4 920/29/4 918/34/4
f 902/2/3 910/39/3 915/36/3 907/35/3
f 910/39/3 911/32/3 914/34/3 915/36/3
f 906/38/3 917/37/3 913/40/3 904/6/3
f 917/37/3 916/29/3 912/31/3 913/40/3
f 916/29/6 917/37/6 921/37/6 920/29/6
f 915/36/1 914/34/1 918/34/1 919/36/1
f 917/37/2 915/36/2 919/36/2 921/37/2
f 922/2/3 923/1/3 927/1/3 926/2/3
f 926/2/1 927/1/1 929/1/1 928/2/1
f 930/41/3 932/42/3 924/6/3
f 932/42/3 931/6/3 924/6/3
f 933/43/3 935/44/3 925/5/3
f 935/44/3 934/5/3 925/5/3
f 936/45/12 938/46/12 940/47/12
f 940/47/13 938/46/13 937/41/13 939/48/13
f 930/41/14 937/41/14 938/46/14 932/6/14
f 932/6/15 938/46/15 936/45/15 931/45/15
f 939/48/16 934/48/16 935/5/16 940/47/16
f 940/47/17 935/5/17 933/43/17 936/43/17
f 930/41/18 926/2/18 928/2/18 937/41/18
f 925/5/3 924/6/3 931/45/3 933/43/3
f 924/6/3 922/2/3 926/2/3 930/41/3
f 927/1/19 934/48/19 939/48/19 929/1/19
f 923/1/3 925/5/3 934/48/3 927/1/3
f 928/2/3 929/1/3 939/48/3 937/41/3
f 941/2/3 942/1/3 944/5/3 943/6/3
f 950/15/2 951/16/2 949/17/2 948/18/2
f 948/18/3 949/17/3 946/19/3 945/20/3
f 953/19/3 956/17/3 1018/17/3 1015/19/3
f 952/21/4 953/22/4 955/23/4 954/24/4
f 972/18/3 956/17/3 953/19/3 952/20/3
f 946/19/3 949/17/3 1014/17/3 1011/19/3
f 961/18/3 962/17/3 959/19/3 958/20/3
f 960/25/4 959/26/4 1003/26/4 1004/25/4
f 981/18/3 967/17/3 965/19/3 964/20/3
f 962/17/2 963/16/2 1005/16/2 1006/17/2
f 969/21/4 952/22/4 954/23/4 970/24/4
f 973/15/2 974/16/2 972/17/2 971/18/2
f 971/18/3 972/17/3 952/19/3 969/20/3
f 969/20/3 975/20/3 976/18/3 971/18/3
f 977/21/4 964/22/4 979/23/4 978/24/4
f 982/15/2 983/16/2 981/17/2 980/18/2
f 980/18/3 981/17/3 964/19/3 977/20/3
f 978/27/6 982/15/6 980/18/6 977/28/6
f 977/20/3 984/20/3 985/18/3 980/18/3
f 986/21/4 958/22/4 988/23/4 987/24/4
f 990/15/2 991/16/2 961/17/2 989/18/2
f 989/18/3 961/17/3 958/19/3 986/20/3
f 987/27/6 990/15/6 989/18/6 986/28/6
f 986/20/3 992/20/3 993/18/3 989/18/3
f 994/21/4 945/22/4 996/23/4 995/24/4
f 998/15/2 950/16/2 948/17/2 997/18/2
f 997/18/3 948/17/3 945/19/3 994/20/3
f 994/20/3 999/20/3 1000/18/3 997/18/3
f 971/18/1 977/21/1 978/24/1 973/15/1
f 980/18/1 986/21/1 987/24/1 982/15/1
f 989/18/1 994/21/1 995/24/1 990/15/1
f 989/18/3 993/18/3 999/20/3 994/21/3
f 1002/2/4 975/2/4 969/2/4 970/2/4
f 971/18/3 976/18/3 984/20/3 977/21/3
f 980/18/3 985/18/3 992/20/3 986/21/3
f 1000/2/2 1001/2/2 998/2/2 997/2/2
f 957/16/1 956/17/1 965/26/1 966/25/1
f 959/26/1 960/25/1 968/16/1 967/17/1
f 946/26/1 947/25/1 963/16/1 962/17/1
f 964/22/3 965/26/3 956/17/3 972/17/3
f 958/20/3 959/26/3 967/17/3 981/18/3
f 945/20/3 946/26/3 962/17/3 961/18/3
f 1015/19/3 1018/17/3 1034/17/3 1031/19/3
f 967/17/2 968/16/2 1009/16/2 1010/17/2
f 966/25/4 965/26/4 1007/26/4 1008/25/4
f 959/19/3 962/17/3 1006/17/3 1003/19/3
f 965/19/3 967/17/3 1010/17/3 1007/19/3
f 1007/19/3 1010/17/3 1026/17/3 1023/19/3
f 955/23/4 953/22/4 1015/22/4 1016/23/4
f 949/17/2 951/16/2 1013/16/2 1014/17/2
f 956/17/2 957/16/2 1017/16/2 1018/17/2
f 947/25/4 946/26/4 1011/26/4 1012/25/4
f 1032/23/4 1031/22/4 1047/22/4 1048/23/4
f 1024/25/4 1023/26/4 1039/26/4 1040/25/4
f 1003/19/3 1006/17/3 1022/17/3 1019/19/3
f 1014/17/2 1013/16/2 1029/16/2 1030/17/2
f 1011/19/3 1014/17/3 1030/17/3 1027/19/3
f 1016/23/4 1015/22/4 1031/22/4 1032/23/4
f 1048/23/4 1047/22/4 1058/22/4 1059/23/4
f 1043/19/3 1055/26/3 1052/17/3 1038/17/3
f 1043/19/3 1046/17/3 1057/17/3 1055/19/3
f 1026/17/2 1025/16/2 1041/16/2 1042/17/2
f 1034/17/2 1033/16/2 1049/16/2 1050/17/2
f 1023/19/3 1026/17/3 1042/17/3 1039/19/3
f 1020/25/4 1019/26/4 1035/26/4 1036/25/4
f 1031/19/3 1034/17/3 1050/17/3 1047/19/3
f 1028/25/4 1027/26/4 1043/26/4 1044/25/4
f 1011/19/3 1027/26/3 1022/17/3 1006/17/3
f 1022/17/2 1021/16/2 1037/16/2 1038/17/2
f 1030/17/2 1029/16/2 1045/16/2 1046/17/2
f 1019/19/3 1022/17/3 1038/17/3 1035/19/3
f 1027/19/3 1030/17/3 1046/17/3 1043/19/3
f 1021/16/1 1022/17/1 1027/26/1 1028/25/1
f 1042/17/3 1035/19/3 1051/26/3 1054/17/3
f 1039/19/3 1042/17/3 1054/17/3 1053/19/3
f 1047/19/3 1050/17/3 1060/17/3 1058/19/3
f 1039/19/3 1053/26/3 1060/17/3 1050/17/3
f 1019/26/1 1020/25/1 1025/16/1 1026/17/1
f 1023/26/1 1024/25/1 1033/16/1 1034/17/1
f 1046/17/2 1045/16/2 1056/16/2 1057/17/2
f 1035/19/3 1038/17/3 1052/17/3 1051/19/3
f 1026/17/3 1010/17/3 1003/19/3 1019/26/3
f 1007/19/3 1023/26/3 1034/17/3 1018/17/3
f 957/16/3 966/25/3 1008/25/3 1017/16/3
f 968/16/3 960/25/3 1004/25/3 1009/16/3
f 947/25/3 1012/25/3 1005/16/3 963/16/3
f 1033/16/3 1024/25/3 1040/25/3 1049/16/3
f 1021/16/3 1028/25/3 1044/25/3 1037/16/3
f 1020/25/3 1036/25/3 1041/16/3 1025/16/3
f 982/15/3 987/24/3 988/23/3 983/16/3
f 990/15/3 995/24/3 996/23/3 991/16/3
f 973/15/3 978/24/3 979/23/3 974/16/3
f 1066/15/2 1067/16/2 1065/17/2 1064/18/2
f 1064/18/3 1065/17/3 1062/19/3 1061/20/3
f 1069/19/3 1072/17/3 1134/17/3 1131/19/3
f 1068/21/4 1069/22/4 1071/23/4 1070/24/4
f 1088/18/3 1072/17/3 1069/19/3 1068/20/3
f 1062/19/3 1065/17/3 1130/17/3 1127/19/3
f 1077/18/3 1078/17/3 1075/19/3 1074/20/3
f 1076/25/4 1075/26/4 1119/26/4 1120/25/4
f 1097/18/3 1083/17/3 1081/19/3 1080/20/3
f 1078/17/2 1079/16/2 1121/16/2 1122/17/2
f 1085/21/4 1068/22/4 1070/23/4 1086/24/4
f 1089/15/2 1090/16/2 1088/17/2 1087/18/2
f 1087/18/3 1088/17/3 1068/19/3 1085/20/3
f 1085/20/3 1091/20/3 1092/18/3 1087/18/3
f 1093/21/4 1080/22/4 1095/23/4 1094/24/4
f 1098/15/2 1099/16/2 1097/17/2 1096/18/2
f 1096/18/3 1097/17/3 1080/19/3 1093/20/3
f 1094/27/6 1098/15/6 1096/18/6 1093/28/6
f 1093/20/3 1100/20/3 1101/18/3 1096/18/3
f 1102/21/4 1074/22/4 1104/23/4 1103/24/4
f 1106/15/2 1107/16/2 1077/17/2 1105/18/2
f 1105/18/3 1077/17/3 1074/19/3 1102/20/3
f 1103/27/6 1106/15/6 1105/18/6 1102/28/6
f 1102/20/3 1108/20/3 1109/18/3 1105/18/3
f 1110/21/4 1061/22/4 1112/23/4 1111/24/4
f 1114/15/2 1066/16/2 1064/17/2 1113/18/2
f 1113/18/3 1064/17/3 1061/19/3 1110/20/3
f 1110/20/3 1115/20/3 1116/18/3 1113/18/3
f 1087/18/1 1093/21/1 1094/24/1 1089/15/1
f 1096/18/1 1102/21/1 1103/24/1 1098/15/1
f 1105/18/1 1110/21/1 1111/24/1 1106/15/1
f 1105/18/3 1109/18/3 1115/20/3 1110/21/3
f 1118/2/4 1091/2/4 1085/2/4 1086/2/4
f 1087/18/3 1092/18/3 1100/20/3 1093/21/3
f 1096/18/3 1101/18/3 1108/20/3 1102/21/3
f 1116/2/2 1117/2/2 1114/2/2 1113/2/2
f 1073/16/1 1072/17/1 1081/26/1 1082/25/1
f 1075/26/1 1076/25/1 1084/16/1 1083/17/1
f 1062/26/1 1063/25/1 1079/16/1 1078/17/1
f 1080/22/3 1081/26/3 1072/17/3 1088/17/3
f 1074/20/3 1075/26/3 1083/17/3 1097/18/3
f 1061/20/3 1062/26/3 1078/17/3 1077/18/3
f 1131/19/3 1134/17/3 1150/17/3 1147/19/3
f 1083/17/2 1084/16/2 1125/16/2 1126/17/2
f 1082/25/4 1081/26/4 1123/26/4 1124/25/4
f 1075/19/3 1078/17/3 1122/17/3 1119/19/3
f 1081/19/3 1083/17/3 1126/17/3 1123/19/3
f 1123/19/3 1126/17/3 1142/17/3 1139/19/3
f 1071/23/4 1069/22/4 1131/22/4 1132/23/4
f 1065/17/2 1067/16/2 1129/16/2 1130/17/2
f 1072/17/2 1073/16/2 1133/16/2 1134/17/2
f 1063/25/4 1062/26/4 1127/26/4 1128/25/4
f 1148/23/4 1147/22/4 1163/22/4 1164/23/4
f 1140/25/4 1139/26/4 1155/26/4 1156/25/4
f 1119/19/3 1122/17/3 1138/17/3 1135/19/3
f 1130/17/2 1129/16/2 1145/16/2 1146/17/2
f 1127/19/3 1130/17/3 1146/17/3 1143/19/3
f 1132/23/4 1131/22/4 1147/22/4 1148/23/4
f 1164/23/4 1163/22/4 1174/22/4 1175/23/4
f 1159/19/3 1171/26/3 1168/17/3 1154/17/3
f 1159/19/3 1162/17/3 1173/17/3 1171/19/3
f 1142/17/2 1141/16/2 1157/16/2 1158/17/2
f 1150/17/2 1149/16/2 1165/16/2 1166/17/2
f 1139/19/3 1142/17/3 1158/17/3 1155/19/3
f 1136/25/4 1135/26/4 1151/26/4 1152/25/4
f 1147/19/3 1150/17/3 1166/17/3 1163/19/3
f 1144/25/4 1143/26/4 1159/26/4 1160/25/4
f 1127/19/3 1143/26/3 1138/17/3 1122/17/3
f 1138/17/2 1137/16/2 1153/16/2 1154/17/2
f 1146/17/2 1145/16/2 1161/16/2 1162/17/2
f 1135/19/3 1138/17/3 1154/17/3 1151/19/3
f 1143/19/3 1146/17/3 1162/17/3 1159/19/3
f 1137/16/1 1138/17/1 1143/26/1 1144/25/1
f 1158/17/3 1151/19/3 1167/26/3 1170/17/3
f 1155/19/3 1158/17/3 1170/17/3 1169/19/3
f 1163/19/3 1166/17/3 1176/17/3 1174/19/3
f 1155/19/3 1169/26/3 1176/17/3 1166/17/3
f 1135/26/1 1136/25/1 1141/16/1 1142/17/1
f 1139/26/1 1140/25/1 1149/16/1 1150/17/1
f 1162/17/2 1161/16/2 1172/16/2 1173/17/2
f 1151/19/3 1154/17/3 1168/17/3 1167/19/3
f 1142/17/3 1126/17/3 1119/19/3 1135/26/3
f 1123/19/3 1139/26/3 1150/17/3 1134/17/3
f 1098/15/3 1103/24/3 1104/23/3 1099/16/3
f 1106/15/3 1111/24/3 1112/23/3 1107/16/3
f 1063/25/3 1128/25/3 1121/16/3 1079/16/3
f 1084/16/3 1076/25/3 1120/25/3 1125/16/3
f 1136/25/3 1152/25/3 1157/16/3 1141/16/3
f 1137/16/3 1144/25/3 1160/25/3 1153/16/3
f 1149/16/3 1140/25/3 1156/25/3 1165/16/3
f 1073/16/3 1082/25/3 1124/25/3 1133/16/3
f 1089/15/3 1094/24/3 1095/23/3 1090/16/3
f 1191/29/3 1184/30/3 1180/5/3 1187/31/3
f 1186/32/3 1178/1/3 1183/33/3 1189/34/3
f 1189/34/3 1183/33/3 1184/30/3 1191/29/3
f 1182/35/3 1190/36/3 1192/37/3 1181/38/3
f 1189/34/4 1191/29/4 1195/29/4 1193/34/4
f 1177/2/3 1185/39/3 1190/36/3 1182/35/3
f 1185/39/3 1186/32/3 1189/34/3 1190/36/3
f 1181/38/3 1192/37/3 1188/40/3 1179/6/3
f 1192/37/3 1191/29/3 1187/31/3 1188/40/3
f 1191/29/6 1192/37/6 1196/37/6 1195/29/6
f 1190/36/1 1189/34/1 1193/34/1 1194/36/1
f 1192/37/2 1190/36/2 1194/36/2 1196/37/2
f 1202/15/2 1203/16/2 1201/17/2 1200/18/2
f 1200/18/3 1201/17/3 1198/19/3 1197/20/3
f 1205/19/3 1208/17/3 1270/17/3 1267/19/3
f 1204/21/4 1205/22/4 1207/23/4 1206/24/4
f 1224/18/3 1208/17/3 1205/19/3 1204/20/3
f 1198/19/3 1201/17/3 1266/17/3 1263/19/3
f 1213/18/3 1214/17/3 1211/19/3 1210/20/3
f 1212/25/4 1211/26/4 1255/26/4 1256/25/4
f 1233/18/3 1219/17/3 1217/19/3 1216/20/3
f 1214/17/2 1215/16/2 1257/16/2 1258/17/2
f 1221/21/4 1204/22/4 1206/23/4 1222/24/4
f 1225/15/2 1226/16/2 1224/17/2 1223/18/2
f 1223/18/3 1224/17/3 1204/19/3 1221/20/3
f 1221/20/3 1227/20/3 1228/18/3 1223/18/3
f 1229/21/4 1216/22/4 1231/23/4 1230/24/4
f 1234/15/2 1235/16/2 1233/17/2 1232/18/2
f 1232/18/3 1233/17/3 1216/19/3 1229/20/3
f 1230/27/6 1234/15/6 1232/18/6 1229/28/6
f 1229/20/3 1236/20/3 1237/18/3 1232/18/3
f 1238/21/4 1210/22/4 1240/23/4 1239/24/4
f 1242/15/2 1243/16/2 1213/17/2 1241/18/2
f 1241/18/3 1213/17/3 1210/19/3 1238/20/3
f 1239/27/6 1242/15/6 1241/18/6 1238/28/6
f 1238/20/3 1244/20/3 1245/18/3 1241/18/3
f 1246/21/4 1197/22/4 1248/23/4 1247/24/4
f 1250/15/2 1202/16/2 1200/17/2 1249/18/2
f 1249/18/3 1200/17/3 1197/19/3 1246/20/3
f 1246/20/3 1251/20/3 1252/18/3 1249/18/3
f 1223/18/1 1229/21/1 1230/24/1 1225/15/1
f 1232/18/1 1238/21/1 1239/24/1 1234/15/1
f 1241/18/1 1246/21/1 1247/24/1 1242/15/1
f 1241/18/3 1245/18/3 1251/20/3 1246/21/3
f 1254/2/4 1227/2/4 1221/2/4 1222/2/4
f 1223/18/3 1228/18/3 1236/20/3 1229/21/3
f 1232/18/3 1237/18/3 1244/20/3 1238/21/3
f 1252/2/2 1253/2/2 1250/2/2 1249/2/2
f 1209/16/1 1208/17/1 1217/26/1 1218/25/1
f 1211/26/1 1212/25/1 1220/16/1 1219/17/1
f 1198/26/1 1199/25/1 1215/16/1 1214/17/1
f 1216/22/3 1217/26/3 1208/17/3 1224/17/3
f 1210/20/3 1211/26/3 1219/17/3 1233/18/3
f 1197/20/3 1198/26/3 1214/17/3 1213/18/3
f 1267/19/3 1270/17/3 1286/17/3 1283/19/3
f 1219/17/2 1220/16/2 1261/16/2 1262/17/2
f 1218/25/4 1217/26/4 1259/26/4 1260/25/4
f 1211/19/3 1214/17/3 1258/17/3 1255/19/3
f 1217/19/3 1219/17/3 1262/17/3 1259/19/3
f 1259/19/3 1262/17/3 1278/17/3 1275/19/3
f 1207/23/4 1205/22/4 1267/22/4 1268/23/4
f 1201/17/2 1203/16/2 1265/16/2 1266/17/2
f 1208/17/2 1209/16/2 1269/16/2 1270/17/2
f 1199/25/4 1198/26/4 1263/26/4 1264/25/4
f 1284/23/4 1283/22/4 1299/22/4 1300/23/4
f 1276/25/4 1275/26/4 1291/26/4 1292/25/4
f 1255/19/3 1258/17/3 1274/17/3 1271/19/3
f 1266/17/2 1265/16/2 1281/16/2 1282/17/2
f 1263/19/3 1266/17/3 1282/17/3 1279/19/3
f 1268/23/4 1267/22/4 1283/22/4 1284/23/4
f 1300/23/4 1299/22/4 1310/22/4 1311/23/4
f 1295/19/3 1307/26/3 1304/17/3 1290/17/3
f 1295/19/3 1298/17/3 1309/17/3 1307/19/3
f 1278/17/2 1277/16/2 1293/16/2 1294/17/2
f 1286/17/2 1285/16/2 1301/16/2 1302/17/2
f 1275/19/3 1278/17/3 1294/17/3 1291/19/3
f 1272/25/4 1271/26/4 1287/26/4 1288/25/4
f 1283/19/3 1286/17/3 1302/17/3 1299/19/3
f 1280/25/4 1279/26/4 1295/26/4 1296/25/4
f 1263/19/3 1279/26/3 1274/17/3 1258/17/3
f 1274/17/2 1273/16/2 1289/16/2 1290/17/2
f 1282/17/2 1281/16/2 1297/16/2 1298/17/2
f 1271/19/3 1274/17/3 1290/17/3 1287/19/3
f 1279/19/3 1282/17/3 1298/17/3 1295/19/3
f 1273/16/1 1274/17/1 1279/26/1 1280/25/1
f 1294/17/3 1287/19/3 1303/26/3 1306/17/3
f 1291/19/3 1294/17/3 1306/17/3 1305/19/3
f 1299/19/3 1302/17/3 1312/17/3 1310/19/3
f 1291/19/3 1305/26/3 1312/17/3 1302/17/3
f 1271/26/1 1272/25/1 1277/16/1 1278/17/1
f 1275/26/1 1276/25/1 1285/16/1 1286/17/1
f 1298/17/2 1297/16/2 1308/16/2 1309/17/2
f 1287/19/3 1290/17/3 1304/17/3 1303/19/3
f 1278/17/3 1262/17/3 1255/19/3 1271/26/3
f 1259/19/3 1275/26/3 1286/17/3 1270/17/3
f 1209/16/3 1218/25/3 1260/25/3 1269/16/3
f 1220/16/3 1212/25/3 1256/25/3 1261/16/3
f 1199/25/3 1264/25/3 1257/16/3 1215/16/3
f 1285/16/3 1276/25/3 1292/25/3 1301/16/3
f 1273/16/3 1280/25/3 1296/25/3 1289/16/3
f 1272/25/3 1288/25/3 1293/16/3 1277/16/3
f 1234/15/3 1239/24/3 1240/23/3 1235/16/3
f 1242/15/3 1247/24/3 1248/23/3 1243/16/3
f 1225/15/3 1230/24/3 1231/23/3 1226/16/3
f 1318/15/2 1319/16/2 1317/17/2 1316/18/2
f 1316/18/3 1317/17/3 1314/19/3 1313/20/3
f 1321/19/3 1324/17/3 1386/17/3 1383/19/3
f 1320/21/4 1321/22/4 1323/23/4 1322/24/4
f 1340/18/3 1324/17/3 1321/19/3 1320/20/3
f 1314/19/3 1317/17/3 1382/17/3 1379/19/3
f 1329/18/3 1330/17/3 1327/19/3 1326/20/3
f 1328/25/4 1327/26/4 1371/26/4 1372/25/4
f 1349/18/3 1335/17/3 1333/19/3 1332/20/3
f 1330/17/2 1331/16/2 1373/16/2 1374/17/2
f 1337/21/4 1320/22/4 1322/23/4 1338/24/4
f 1341/15/2 1342/16/2 1340/17/2 1339/18/2
f 1339/18/3 1340/17/3 1320/19/3 1337/20/3
f 1337/20/3 1343/20/3 1344/18/3 1339/18/3
f 1345/21/4 1332/22/4 1347/23/4 1346/24/4
f 1350/15/2 1351/16/2 1349/17/2 1348/18/2
f 1348/18/3 1349/17/3 1332/19/3 1345/20/3
f 1346/27/6 1350/15/6 1348/18/6 1345/28/6
f 1345/20/3 1352/20/3 1353/18/3 1348/18/3
f 1354/21/4 1326/22/4 1356/23/4 1355/24/4
f 1358/15/2 1359/16/2 1329/17/2 1357/18/2
f 1357/18/3 1329/17/3 1326/19/3 1354/20/3
f 1355/27/6 1358/15/6 1357/18/6 1354/28/6
f 1354/20/3 1360/20/3 1361/18/3 1357/18/3
f 1362/21/4 1313/22/4 1364/23/4 1363/24/4
f 1366/15/2 1318/16/2 1316/17/2 1365/18/2
f 1365/18/3 1316/17/3 1313/19/3 1362/20/3
f 1362/20/3 1367/20/3 1368/18/3 1365/18/3
f 1339/18/1 1345/21/1 1346/24/1 1341/15/1
f 1348/18/1 1354/21/1 1355/24/1 1350/15/1
f 1357/18/1 1362/21/1 1363/24/1 1358/15/1
f 1357/18/3 1361/18/3 1367/20/3 1362/21/3
f 1370/2/4 1343/2/4 1337/2/4 1338/2/4
f 1339/18/3 1344/18/3 1352/20/3 1345/21/3
f 1348/18/3 1353/18/3 1360/20/3 1354/21/3
f 1368/2/2 1369/2/2 1366/2/2 1365/2/2
f 1325/16/1 1324/17/1 1333/26/1 1334/25/1
f 1327/26/1 1328/25/1 1336/16/1 1335/17/1
f 1314/26/1 1315/25/1 1331/16/1 1330/17/1
f 1332/22/3 1333/26/3 1324/17/3 1340/17/3
f 1326/20/3 1327/26/3 1335/17/3 1349/18/3
f 1313/20/3 1314/26/3 1330/17/3 1329/18/3
f 1383/19/3 1386/17/3 1402/17/3 1399/19/3
f 1335/17/2 1336/16/2 1377/16/2 1378/17/2
f 1334/25/4 1333/26/4 1375/26/4 1376/25/4
f 1327/19/3 1330/17/3 1374/17/3 1371/19/3
f 1333/19/3 1335/17/3 1378/17/3 1375/19/3
f 1375/19/3 1378/17/3 1394/17/3 1391/19/3
f 1323/23/4 1321/22/4 1383/22/4 1384/23/4
f 1317/17/2 1319/16/2 1381/16/2 1382/17/2
f 1324/17/2 1325/16/2 1385/16/2 1386/17/2
f 1315/25/4 1314/26/4 1379/26/4 1380/25/4
f 1400/23/4 1399/22/4 1415/22/4 1416/23/4
f 1392/25/4 1391/26/4 1407/26/4 1408/25/4
f 1371/19/3 1374/17/3 1390/17/3 1387/19/3
f 1382/17/2 1381/16/2 1397/16/2 1398/17/2
f 1379/19/3 1382/17/3 1398/17/3 1395/19/3
f 1384/23/4 1383/22/4 1399/22/4 1400/23/4
f 1416/23/4 1415/22/4 1426/22/4 1427/23/4
f 1411/19/3 1423/26/3 1420/17/3 1406/17/3
f 1411/19/3 1414/17/3 1425/17/3 1423/19/3
f 1394/17/2 1393/16/2 1409/16/2 1410/17/2
f 1402/17/2 1401/16/2 1417/16/2 1418/17/2
f 1391/19/3 1394/17/3 1410/17/3 1407/19/3
f 1388/25/4 1387/26/4 1403/26/4 1404/25/4
f 1399/19/3 1402/17/3 1418/17/3 1415/19/3
f 1396/25/4 1395/26/4 1411/26/4 1412/25/4
f 1379/19/3 1395/26/3 1390/17/3 1374/17/3
f 1390/17/2 1389/16/2 1405/16/2 1406/17/2
f 1398/17/2 1397/16/2 1413/16/2 1414/17/2
f 1387/19/3 1390/17/3 1406/17/3 1403/19/3
f 1395/19/3 1398/17/3 1414/17/3 1411/19/3
f 1389/16/1 1390/17/1 1395/26/1 1396/25/1
f 1410/17/3 1403/19/3 1419/26/3 1422/17/3
f 1407/19/3 1410/17/3 1422/17/3 1421/19/3
f 1415/19/3 1418/17/3 1428/17/3 1426/19/3
f 1407/19/3 1421/26/3 1428/17/3 1418/17/3
f 1387/26/1 1388/25/1 1393/16/1 1394/17/1
f 1391/26/1 1392/25/1 1401/16/1 1402/17/1
f 1414/17/2 1413/16/2 1424/16/2 1425/17/2
f 1403/19/3 1406/17/3 1420/17/3 1419/19/3
f 1394/17/3 1378/17/3 1371/19/3 1387/26/3
f 1375/19/3 1391/26/3 1402/17/3 1386/17/3
f 1350/15/3 1355/24/3 1356/23/3 1351/16/3
f 1358/15/3 1363/24/3 1364/23/3 1359/16/3
f 1315/25/3 1380/25/3 1373/16/3 1331/16/3
f 1336/16/3 1328/25/3 1372/25/3 1377/16/3
f 1388/25/3 1404/25/3 1409/16/3 1393/16/3
f 1389/16/3 1396/25/3 1412/25/3 1405/16/3
f 1401/16/3 1392/25/3 1408/25/3 1417/16/3
f 1325/16/3 1334/25/3 1376/25/3 1385/16/3
f 1341/15/3 1346/24/3 1347/23/3 1342/16/3
f 1443/29/3 1436/30/3 1432/5/3 1439/31/3
f 1438/32/3 1430/1/3 1435/33/3 1441/34/3
f 1441/34/3 1435/33/3 1436/30/3 1443/29/3
f 1434/35/3 1442/36/3 1444/37/3 1433/38/3
f 1441/34/4 1443/29/4 1447/29/4 1445/34/4
f 1429/2/3 1437/39/3 1442/36/3 1434/35/3
f 1437/39/3 1438/32/3 1441/34/3 1442/36/3
f 1433/38/3 1444/37/3 1440/40/3 1431/6/3
f 1444/37/3 1443/29/3 1439/31/3 1440/40/3
f 1443/29/6 1444/37/6 1448/37/6 1447/29/6
f 1442/36/1 1441/34/1 1445/34/1 1446/36/1
f 1444/37/2 1442/36/2 1446/36/2 1448/37/2
f 1454/15/2 1455/16/2 1453/17/2 1452/18/2
f 1452/18/3 1453/17/3 1450/19/3 1449/20/3
f 1457/19/3 1460/17/3 1522/17/3 1519/19/3
f 1456/21/4 1457/22/4 1459/23/4 1458/24/4
f 1476/18/3 1460/17/3 1457/19/3 1456/20/3
f 1450/19/3 1453/17/3 1518/17/3 1515/19/3
f 1465/18/3 1466/17/3 1463/19/3 1462/20/3
f 1464/25/4 1463/26/4 1507/26/4 1508/25/4
f 1485/18/3 1471/17/3 1469/19/3 1468/20/3
f 1466/17/2 1467/16/2 1509/16/2 1510/17/2
f 1473/21/4 1456/22/4 1458/23/4 1474/24/4
f 1477/15/2 1478/16/2 1476/17/2 1475/18/2
f 1475/18/3 1476/17/3 1456/19/3 1473/20/3
f 1473/20/3 1479/20/3 1480/18/3 1475/18/3
f 1481/21/4 1468/22/4 1483/23/4 1482/24/4
f 1486/15/2 1487/16/2 1485/17/2 1484/18/2
f 1484/18/3 1485/17/3 1468/19/3 1481/20/3
f 1482/27/6 1486/15/6 1484/18/6 1481/28/6
f 1481/20/3 1488/20/3 1489/18/3 1484/18/3
f 1490/21/4 1462/22/4 1492/23/4 1491/24/4
f 1494/15/2 1495/16/2 1465/17/2 1493/18/2
f 1493/18/3 1465/17/3 1462/19/3 1490/20/3
f 1491/27/6 1494/15/6 1493/18/6 1490/28/6
f 1490/20/3 1496/20/3 1497/18/3 1493/18/3
f 1498/21/4 1449/22/4 1500/23/4 1499/24/4
f 1502/15/2 1454/16/2 1452/17/2 1501/18/2
f 1501/18/3 1452/17/3 1449/19/3 1498/20/3
f 1498/20/3 1503/20/3 1504/18/3 1501/18/3
f 1475/18/1 1481/21/1 1482/24/1 1477/15/1
f 1484/18/1 1490/21/1 1491/24/1 1486/15/1
f 1493/18/1 1498/21/1 1499/24/1 1494/15/1
f 1493/18/3 1497/18/3 1503/20/3 1498/21/3
f 1506/2/4 1479/2/4 1473/2/4 1474/2/4
f 1475/18/3 1480/18/3 1488/20/3 1481/21/3
f 1484/18/3 1489/18/3 1496/20/3 1490/21/3
f 1504/2/2 1505/2/2 1502/2/2 1501/2/2
f 1461/16/1 1460/17/1 1469/26/1 1470/25/1
f 1463/26/1 1464/25/1 1472/16/1 1471/17/1
f 1450/26/1 1451/25/1 1467/16/1 1466/17/1
f 1468/22/3 1469/26/3 1460/17/3 1476/17/3
f 1462/20/3 1463/26/3 1471/17/3 1485/18/3
f 1449/20/3 1450/26/3 1466/17/3 1465/18/3
f 1519/19/3 1522/17/3 1538/17/3 1535/19/3
f 1471/17/2 1472/16/2 1513/16/2 1514/17/2
f 1470/25/4 1469/26/4 1511/26/4 1512/25/4
f 1463/19/3 1466/17/3 1510/17/3 1507/19/3
f 1469/19/3 1471/17/3 1514/17/3 1511/19/3
f 1511/19/3 1514/17/3 1530/17/3 1527/19/3
f 1459/23/4 1457/22/4 1519/22/4 1520/23/4
f 1453/17/2 1455/16/2 1517/16/2 1518/17/2
f 1460/17/2 1461/16/2 1521/16/2 1522/17/2
f 1451/25/4 1450/26/4 1515/26/4 1516/25/4
f 1536/23/4 1535/22/4 1551/22/4 1552/23/4
f 1528/25/4 1527/26/4 1543/26/4 1544/25/4
f 1507/19/3 1510/17/3 1526/17/3 1523/19/3
f 1518/17/2 1517/16/2 1533/16/2 1534/17/2
f 1515/19/3 1518/17/3 1534/17/3 1531/19/3
f 1520/23/4 1519/22/4 1535/22/4 1536/23/4
f 1552/23/4 1551/22/4 1562/22/4 1563/23/4
f 1547/19/3 1559/26/3 1556/17/3 1542/17/3
f 1547/19/3 1550/17/3 1561/17/3 1559/19/3
f 1530/17/2 1529/16/2 1545/16/2 1546/17/2
f 1538/17/2 1537/16/2 1553/16/2 1554/17/2
f 1527/19/3 1530/17/3 1546/17/3 1543/19/3
f 1524/25/4 1523/26/4 1539/26/4 1540/25/4
f 1535/19/3 1538/17/3 1554/17/3 1551/19/3
f 1532/25/4 1531/26/4 1547/26/4 1548/25/4
f 1515/19/3 1531/26/3 1526/17/3 1510/17/3
f 1526/17/2 1525/16/2 1541/16/2 1542/17/2
f 1534/17/2 1533/16/2 1549/16/2 1550/17/2
f 1523/19/3 1526/17/3 1542/17/3 1539/19/3
f 1531/19/3 1534/17/3 1550/17/3 1547/19/3
f 1525/16/1 1526/17/1 1531/26/1 1532/25/1
f 1546/17/3 1539/19/3 1555/26/3 1558/17/3
f 1543/19/3 1546/17/3 1558/17/3 1557/19/3
f 1551/19/3 1554/17/3 1564/17/3 1562/19/3
f 1543/19/3 1557/26/3 1564/17/3 1554/17/3
f 1523/26/1 1524/25/1 1529/16/1 1530/17/1
f 1527/26/1 1528/25/1 1537/16/1 1538/17/1
f 1550/17/2 1549/16/2 1560/16/2 1561/17/2
f 1539/19/3 1542/17/3 1556/17/3 1555/19/3
f 1530/17/3 1514/17/3 1507/19/3 1523/26/3
f 1511/19/3 1527/26/3 1538/17/3 1522/17/3
f 1461/16/3 1470/25/3 1512/25/3 1521/16/3
f 1472/16/3 1464/25/3 1508/25/3 1513/16/3
f 1451/25/3 1516/25/3 1509/16/3 1467/16/3
f 1537/16/3 1528/25/3 1544/25/3 1553/16/3
f 1525/16/3 1532/25/3 1548/25/3 1541/16/3
f 1524/25/3 1540/25/3 1545/16/3 1529/16/3
f 1486/15/3 1491/24/3 1492/23/3 1487/16/3
f 1494/15/3 1499/24/3 1500/23/3 1495/16/3
f 1477/15/3 1482/24/3 1483/23/3 1478/16/3
f 1570/15/2 1571/16/2 1569/17/2 1568/18/2
f 1568/18/3 1569/17/3 1566/19/3 1565/20/3
f 1573/19/3 1576/17/3 1638/17/3 1635/19/3
f 1572/21/4 1573/22/4 1575/23/4 1574/24/4
f 1592/18/3 1576/17/3 1573/19/3 1572/20/3
f 1566/19/3 1569/17/3 1634/17/3 1631/19/3
f 1581/18/3 1582/17/3 1579/19/3 1578/20/3
f 1580/25/4 1579/26/4 1623/26/4 1624/25/4
f 1601/18/3 1587/17/3 1585/19/3 1584/20/3
f 1582/17/2 1583/16/2 1625/16/2 1626/17/2
f 1589/21/4 1572/22/4 1574/23/4 1590/24/4
f 1593/15/2 1594/16/2 1592/17/2 1591/18/2
f 1591/18/3 1592/17/3 1572/19/3 1589/20/3
f 1589/20/3 1595/20/3 1596/18/3 1591/18/3
f 1597/21/4 1584/22/4 1599/23/4 1598/24/4
f 1602/15/2 1603/16/2 1601/17/2 1600/18/2
f 1600/18/3 1601/17/3 1584/19/3 1597/20/3
f 1598/27/6 1602/15/6 1600/18/6 1597/28/6
f 1597/20/3 1604/20/3 1605/18/3 1600/18/3
f 1606/21/4 1578/22/4 1608/23/4 1607/24/4
f 1610/15/2 1611/16/2 1581/17/2 1609/18/2
f 1609/18/3 1581/17/3 1578/19/3 1606/20/3
f 1607/27/6 1610/15/6 1609/18/6 1606/28/6
f 1606/20/3 1612/20/3 1613/18/3 1609/18/3
f 1614/21/4 1565/22/4 1616/23/4 1615/24/4
f 1618/15/2 1570/16/2 1568/17/2 1617/18/2
f 1617/18/3 1568/17/3 1565/19/3 1614/20/3
f 1614/20/3 1619/20/3 1620/18/3 1617/18/3
f 1591/18/1 1597/21/1 1598/24/1 1593/15/1
f 1600/18/1 1606/21/1 1607/24/1 1602/15/1
f 1609/18/1 1614/21/1 1615/24/1 1610/15/1
f 1609/18/3 1613/18/3 1619/20/3 1614/21/3
f 1622/2/4 1595/2/4 1589/2/4 1590/2/4
f 1591/18/3 1596/18/3 1604/20/3 1597/21/3
f 1600/18/3 1605/18/3 1612/20/3 1606/21/3
f 1620/2/2 1621/2/2 1618/2/2 1617/2/2
f 1577/16/1 1576/17/1 1585/26/1 1586/25/1
f 1579/26/1 1580/25/1 1588/16/1 1587/17/1
f 1566/26/1 1567/25/1 1583/16/1 1582/17/1
f 1584/22/3 1585/26/3 1576/17/3 1592/17/3
f 1578/20/3 1579/26/3 1587/17/3 1601/18/3
f 1565/20/3 1566/26/3 1582/17/3 1581/18/3
f 1635/19/3 1638/17/3 1654/17/3 1651/19/3
f 1587/17/2 1588/16/2 1629/16/2 1630/17/2
f 1586/25/4 1585/26/4 1627/26/4 1628/25/4
f 1579/19/3 1582/17/3 1626/17/3 1623/19/3
f 1585/19/3 1587/17/3 1630/17/3 1627/19/3
f 1627/19/3 1630/17/3 1646/17/3 1643/19/3
f 1575/23/4 1573/22/4 1635/22/4 1636/23/4
f 1569/17/2 1571/16/2 1633/16/2 1634/17/2
f 1576/17/2 1577/16/2 1637/16/2 1638/17/2
f 1567/25/4 1566/26/4 1631/26/4 1632/25/4
f 1652/23/4 1651/22/4 1667/22/4 1668/23/4
f 1644/25/4 1643/26/4 1659/26/4 1660/25/4
f 1623/19/3 1626/17/3 1642/17/3 1639/19/3
f 1634/17/2 1633/16/2 1649/16/2 1650/17/2
f 1631/19/3 1634/17/3 1650/17/3 1647/19/3
f 1636/23/4 1635/22/4 1651/22/4 1652/23/4
f 1668/23/4 1667/22/4 1678/22/4 1679/23/4
f 1663/19/3 1675/26/3 1672/17/3 1658/17/3
f 1663/19/3 1666/17/3 1677/17/3 1675/19/3
f 1646/17/2 1645/16/2 1661/16/2 1662/17/2
f 1654/17/2 1653/16/2 1669/16/2 1670/17/2
f 1643/19/3 1646/17/3 1662/17/3 1659/19/3
f 1640/25/4 1639/26/4 1655/26/4 1656/25/4
f 1651/19/3 1654/17/3 1670/17/3 1667/19/3
f 1648/25/4 1647/26/4 1663/26/4 1664/25/4
f 1631/19/3 1647/26/3 1642/17/3 1626/17/3
f 1642/17/2 1641/16/2 1657/16/2 1658/17/2
f 1650/17/2 1649/16/2 1665/16/2 1666/17/2
f 1639/19/3 1642/17/3 1658/17/3 1655/19/3
f 1647/19/3 1650/17/3 1666/17/3 1663/19/3
f 1641/16/1 1642/17/1 1647/26/1 1648/25/1
f 1662/17/3 1655/19/3 1671/26/3 1674/17/3
f 1659/19/3 1662/17/3 1674/17/3 1673/19/3
f 1667/19/3 1670/17/3 1680/17/3 1678/19/3
f 1659/19/3 1673/26/3 1680/17/3 1670/17/3
f 1639/26/1 1640/25/1 1645/16/1 1646/17/1
f 1643/26/1 1644/25/1 1653/16/1 1654/17/1
f 1666/17/2 1665/16/2 1676/16/2 1677/17/2
f 1655/19/3 1658/17/3 1672/17/3 1671/19/3
f 1646/17/3 1630/17/3 1623/19/3 1639/26/3
f 1627/19/3 1643/26/3 1654/17/3 1638/17/3
f 1602/15/3 1607/24/3 1608/23/3 1603/16/3
f 1610/15/3 1615/24/3 1616/23/3 1611/16/3
f 1567/25/3 1632/25/3 1625/16/3 1583/16/3
f 1588/16/3 1580/25/3 1624/25/3 1629/16/3
f 1640/25/3 1656/25/3 1661/16/3 1645/16/3
f 1641/16/3 1648/25/3 1664/25/3 1657/16/3
f 1653/16/3 1644/25/3 1660/25/3 1669/16/3
f 1577/16/3 1586/25/3 1628/25/3 1637/16/3
f 1593/15/3 1598/24/3 1599/23/3 1594/16/3
f 1695/29/3 1688/30/3 1684/5/3 1691/31/3
f 1690/32/3 1682/1/3 1687/33/3 1693/34/3
f 1693/34/3 1687/33/3 1688/30/3 1695/29/3
f 1686/35/3 1694/36/3 1696/37/3 1685/38/3
f 1693/34/4 1695/29/4 1699/29/4 1697/34/4
f 1681/2/3 1689/39/3 1694/36/3 1686/35/3
f 1689/39/3 1690/32/3 1693/34/3 1694/36/3
f 1685/38/3 1696/37/3 1692/40/3 1683/6/3
f 1696/37/3 1695/29/3 1691/31/3 1692/40/3
f 1695/29/6 1696/37/6 1700/37/6 1699/29/6
f 1694/36/1 1693/34/1 1697/34/1 1698/36/1
f 1696/37/2 1694/36/2 1698/36/2 1700/37/2
f 1706/15/2 1707/16/2 1705/17/2 1704/18/2
f 1704/18/3 1705/17/3 1702/19/3 1701/20/3
f 1709/19/3 1712/17/3 1774/17/3 1771/19/3
f 1708/21/4 1709/22/4 1711/23/4 1710/24/4
f 1728/18/3 1712/17/3 1709/19/3 1708/20/3
f 1702/19/3 1705/17/3 1770/17/3 1767/19/3
f 1717/18/3 1718/17/3 1715/19/3 1714/20/3
f 1716/25/4 1715/26/4 1759/26/4 1760/25/4
f 1737/18/3 1723/17/3 1721/19/3 1720/20/3
f 1718/17/2 1719/16/2 1761/16/2 1762/17/2
f 1725/21/4 1708/22/4 1710/23/4 1726/24/4
f 1729/15/2 1730/16/2 1728/17/2 1727/18/2
f 1727/18/3 1728/17/3 1708/19/3 1725/20/3
f 1725/20/3 1731/20/3 1732/18/3 1727/18/3
f 1733/21/4 1720/22/4 1735/23/4 1734/24/4
f 1738/15/2 1739/16/2 1737/17/2 1736/18/2
f 1736/18/3 1737/17/3 1720/19/3 1733/20/3
f 1734/27/6 1738/15/6 1736/18/6 1733/28/6
f 1733/20/3 1740/20/3 1741/18/3 1736/18/3
f 1742/21/4 1714/22/4 1744/23/4 1743/24/4
f 1746/15/2 1747/16/2 1717/17/2 1745/18/2
f 1745/18/3 1717/17/3 1714/19/3 1742/20/3
f 1743/27/6 1746/15/6 1745/18/6 1742/28/6
f 1742/20/3 1748/20/3 1749/18/3 1745/18/3
f 1750/21/4 1701/22/4 1752/23/4 1751/24/4
f 1754/15/2 1706/16/2 1704/17/2 1753/18/2
f 1753/18/3 1704/17/3 1701/19/3 1750/20/3
f 1750/20/3 1755/20/3 1756/18/3 1753/18/3
f 1727/18/1 1733/21/1 1734/24/1 1729/15/1
f 1736/18/1 1742/21/1 1743/24/1 1738/15/1
f 1745/18/1 1750/21/1 1751/24/1 1746/15/1
f 1745/18/3 1749/18/3 1755/20/3 1750/21/3
f 1758/2/4 1731/2/4 1725/2/4 1726/2/4
f 1727/18/3 1732/18/3 1740/20/3 1733/21/3
f 1736/18/3 1741/18/3 1748/20/3 1742/21/3
f 1756/2/2 1757/2/2 1754/2/2 1753/2/2
f 1713/16/1 1712/17/1 1721/26/1 1722/25/1
f 1715/26/1 1716/25/1 1724/16/1 1723/17/1
f 1702/26/1 1703/25/1 1719/16/1 1718/17/1
f 1720/22/3 1721/26/3 1712/17/3 1728/17/3
f 1714/20/3 1715/26/3 1723/17/3 1737/18/3
f 1701/20/3 1702/26/3 1718/17/3 1717/18/3
f 1771/19/3 1774/17/3 1790/17/3 1787/19/3
f 1723/17/2 1724/16/2 1765/16/2 1766/17/2
f 1722/25/4 1721/26/4 1763/26/4 1764/25/4
f 1715/19/3 1718/17/3 1762/17/3 1759/19/3
f 1721/19/3 1723/17/3 1766/17/3 1763/19/3
f 1763/19/3 1766/17/3 1782/17/3 1779/19/3
f 1711/23/4 1709/22/4 1771/22/4 1772/23/4
f 1705/17/2 1707/16/2 1769/16/2 1770/17/2
f 1712/17/2 1713/16/2 1773/16/2 1774/17/2
f 1703/25/4 1702/26/4 1767/26/4 1768/25/4
f 1788/23/4 1787/22/4 1803/22/4 1804/23/4
f 1780/25/4 1779/26/4 1795/26/4 1796/25/4
f 1759/19/3 1762/17/3 1778/17/3 1775/19/3
f 1770/17/2 1769/16/2 1785/16/2 1786/17/2
f 1767/19/3 1770/17/3 1786/17/3 1783/19/3
f 1772/23/4 1771/22/4 1787/22/4 1788/23/4
f 1804/23/4 1803/22/4 1814/22/4 1815/23/4
f 1799/19/3 1811/26/3 1808/17/3 1794/17/3
f 1799/19/3 1802/17/3 1813/17/3 1811/19/3
f 1782/17/2 1781/16/2 1797/16/2 1798/17/2
f 1790/17/2 1789/16/2 1805/16/2 1806/17/2
f 1779/19/3 1782/17/3 1798/17/3 1795/19/3
f 1776/25/4 1775/26/4 1791/26/4 1792/25/4
f 1787/19/3 1790/17/3 1806/17/3 1803/19/3
f 1784/25/4 1783/26/4 1799/26/4 1800/25/4
f 1767/19/3 1783/26/3 1778/17/3 1762/17/3
f 1778/17/2 1777/16/2 1793/16/2 1794/17/2
f 1786/17/2 1785/16/2 1801/16/2 1802/17/2
f 1775/19/3 1778/17/3 1794/17/3 1791/19/3
f 1783/19/3 1786/17/3 1802/17/3 1799/19/3
f 1777/16/1 1778/17/1 1783/26/1 1784/25/1
f 1798/17/3 1791/19/3 1807/26/3 1810/17/3
f 1795/19/3 1798/17/3 1810/17/3 1809/19/3
f 1803/19/3 1806/17/3 1816/17/3 1814/19/3
f 1795/19/3 1809/26/3 1816/17/3 1806/17/3
f 1775/26/1 1776/25/1 1781/16/1 1782/17/1
f 1779/26/1 1780/25/1 1789/16/1 1790/17/1
f 1802/17/2 1801/16/2 1812/16/2 1813/17/2
f 1791/19/3 1794/17/3 1808/17/3 1807/19/3
f 1782/17/3 1766/17/3 1759/19/3 1775/26/3
f 1763/19/3 1779/26/3 1790/17/3 1774/17/3
f 1713/16/3 1722/25/3 1764/25/3 1773/16/3
f 1724/16/3 1716/25/3 1760/25/3 1765/16/3
f 1703/25/3 1768/25/3 1761/16/3 1719/16/3
f 1789/16/3 1780/25/3 1796/25/3 1805/16/3
f 1777/16/3 1784/25/3 1800/25/3 1793/16/3
f 1776/25/3 1792/25/3 1797/16/3 1781/16/3
f 1738/15/3 1743/24/3 1744/23/3 1739/16/3
f 1746/15/3 1751/24/3 1752/23/3 1747/16/3
f 1729/15/3 1734/24/3 1735/23/3 1730/16/3
f 1822/15/2 1823/16/2 1821/17/2 1820/18/2
f 1820/18/3 1821/17/3 1818/19/3 1817/20/3
f 1825/19/3 1828/17/3 1890/17/3 1887/19/3
f 1824/21/4 1825/22/4 1827/23/4 1826/24/4
f 1844/18/3 1828/17/3 1825/19/3 1824/20/3
f 1818/19/3 1821/17/3 1886/17/3 1883/19/3
f 1833/18/3 1834/17/3 1831/19/3 1830/20/3
f 1832/25/4 1831/26/4 1875/26/4 1876/25/4
f 1853/18/3 1839/17/3 1837/19/3 1836/20/3
f 1834/17/2 1835/16/2 1877/16/2 1878/17/2
f 1841/21/4 1824/22/4 1826/23/4 1842/24/4
f 1845/15/2 1846/16/2 1844/17/2 1843/18/2
f 1843/18/3 1844/17/3 1824/19/3 1841/20/3
f 1841/20/3 1847/20/3 1848/18/3 1843/18/3
f 1849/21/4 1836/22/4 1851/23/4 1850/24/4
f 1854/15/2 1855/16/2 1853/17/2 1852/18/2
f 1852/18/3 1853/17/3 1836/19/3 1849/20/3
f 1850/27/6 1854/15/6 1852/18/6 1849/28/6
f 1849/20/3 1856/20/3 1857/18/3 1852/18/3
f 1858/21/4 1830/22/4 1860/23/4 1859/24/4
f 1862/15/2 1863/16/2 1833/17/2 1861/18/2
f 1861/18/3 1833/17/3 1830/19/3 1858/20/3
f 1859/27/6 1862/15/6 1861/18/6 1858/28/6
f 1858/20/3 1864/20/3 1865/18/3 1861/18/3
f 1866/21/4 1817/22/4 1868/23/4 1867/24/4
f 1870/15/2 1822/16/2 1820/17/2 1869/18/2
f 1869/18/3 1820/17/3 1817/19/3 1866/20/3
f 1866/20/3 1871/20/3 1872/18/3 1869/18/3
f 1843/18/1 1849/21/1 1850/24/1 1845/15/1
f 1852/18/1 1858/21/1 1859/24/1 1854/15/1
f 1861/18/1 1866/21/1 1867/24/1 1862/15/1
f 1861/18/3 1865/18/3 1871/20/3 1866/21/3
f 1874/2/4 1847/2/4 1841/2/4 1842/2/4
f 1843/18/3 1848/18/3 1856/20/3 1849/21/3
f 1852/18/3 1857/18/3 1864/20/3 1858/21/3
f 1872/2/2 1873/2/2 1870/2/2 1869/2/2
f 1829/16/1 1828/17/1 1837/26/1 1838/25/1
f 1831/26/1 1832/25/1 1840/16/1 1839/17/1
f 1818/26/1 1819/25/1 1835/16/1 1834/17/1
f 1836/22/3 1837/26/3 1828/17/3 1844/17/3
f 1830/20/3 1831/26/3 1839/17/3 1853/18/3
f 1817/20/3 1818/26/3 1834/17/3 1833/18/3
f 1887/19/3 1890/17/3 1906/17/3 1903/19/3
f 1839/17/2 1840/16/2 1881/16/2 1882/17/2
f 1838/25/4 1837/26/4 1879/26/4 1880/25/4
f 1831/19/3 1834/17/3 1878/17/3 1875/19/3
f 1837/19/3 1839/17/3 1882/17/3 1879/19/3
f 1879/19/3 1882/17/3 1898/17/3 1895/19/3
f 1827/23/4 1825/22/4 1887/22/4 1888/23/4
f 1821/17/2 1823/16/2 1885/16/2 1886/17/2
f 1828/17/2 1829/16/2 1889/16/2 1890/17/2
f 1819/25/4 1818/26/4 1883/26/4 1884/25/4
f 1904/23/4 1903/22/4 1919/22/4 1920/23/4
f 1896/25/4 1895/26/4 1911/26/4 1912/25/4
f 1875/19/3 1878/17/3 1894/17/3 1891/19/3
f 1886/17/2 1885/16/2 1901/16/2 1902/17/2
f 1883/19/3 1886/17/3 1902/17/3 1899/19/3
f 1888/23/4 1887/22/4 1903/22/4 1904/23/4
f 1920/23/4 1919/22/4 1930/22/4 1931/23/4
f 1915/19/3 1927/26/3 1924/17/3 1910/17/3
f 1915/19/3 1918/17/3 1929/17/3 1927/19/3
f 1898/17/2 1897/16/2 1913/16/2 1914/17/2
f 1906/17/2 1905/16/2 1921/16/2 1922/17/2
f 1895/19/3 1898/17/3 1914/17/3 1911/19/3
f 1892/25/4 1891/26/4 1907/26/4 1908/25/4
f 1903/19/3 1906/17/3 1922/17/3 1919/19/3
f 1900/25/4 1899/26/4 1915/26/4 1916/25/4
f 1883/19/3 1899/26/3 1894/17/3 1878/17/3
f 1894/17/2 1893/16/2 1909/16/2 1910/17/2
f 1902/17/2 1901/16/2 1917/16/2 1918/17/2
f 1891/19/3 1894/17/3 1910/17/3 1907/19/3
f 1899/19/3 1902/17/3 1918/17/3 1915/19/3
f 1893/16/1 1894/17/1 1899/26/1 1900/25/1
f 1914/17/3 1907/19/3 1923/26/3 1926/17/3
f 1911/19/3 1914/17/3 1926/17/3 1925/19/3
f 1919/19/3 1922/17/3 1932/17/3 1930/19/3
f 1911/19/3 1925/26/3 1932/17/3 1922/17/3
f 1891/26/1 1892/25/1 1897/16/1 1898/17/1
f 1895/26/1 1896/25/1 1905/16/1 1906/17/1
f 1918/17/2 1917/16/2 1928/16/2 1929/17/2
f 1907/19/3 1910/17/3 1924/17/3 1923/19/3
f 1898/17/3 1882/17/3 1875/19/3 1891/26/3
f 1879/19/3 1895/26/3 1906/17/3 1890/17/3
f 1854/15/3 1859/24/3 1860/23/3 1855/16/3
f 1862/15/3 1867/24/3 1868/23/3 1863/16/3
f 1819/25/3 1884/25/3 1877/16/3 1835/16/3
f 1840/16/3 1832/25/3 1876/25/3 1881/16/3
f 1892/25/3 1908/25/3 1913/16/3 1897/16/3
f 1893/16/3 1900/25/3 1916/25/3 1909/16/3
f 1905/16/3 1896/25/3 1912/25/3 1921/16/3
f 1829/16/3 1838/25/3 1880/25/3 1889/16/3
f 1845/15/3 1850/24/3 1851/23/3 1846/16/3
f 1947/29/3 1940/30/3 1936/5/3 1943/31/3
f 1942/32/3 1934/1/3 1939/33/3 1945/34/3
f 1945/34/3 1939/33/3 1940/30/3 1947/29/3
f 1938/35/3 1946/36/3 1948/37/3 1937/38/3
f 1945/34/4 1947/29/4 1951/29/4 1949/34/4
f 1933/2/3 1941/39/3 1946/36/3 1938/35/3
f 1941/39/3 1942/32/3 1945/34/3 1946/36/3
f 1937/38/3 1948/37/3 1944/40/3 1935/6/3
f 1948/37/3 1947/29/3 1943/31/3 1944/40/3
f 1947/29/6 1948/37/6 1952/37/6 1951/29/6
f 1946/36/1 1945/34/1 1949/34/1 1950/36/1
f 1948/37/2 1946/36/2 1950/36/2 1952/37/2
f 1958/15/2 1959/16/2 1957/17/2 1956/18/2
f 1956/18/3 1957/17/3 1954/19/3 1953/20/3
f 1961/19/3 1964/17/3 2026/17/3 2023/19/3
f 1960/21/4 1961/22/4 1963/23/4 1962/24/4
f 1980/18/3 1964/17/3 1961/19/3 1960/20/3
f 1954/19/3 1957/17/3 2022/17/3 2019/19/3
f 1969/18/3 1970/17/3 1967/19/3 1966/20/3
f 1968/25/4 1967/26/4 2011/26/4 2012/25/4
f 1989/18/3 1975/17/3 1973/19/3 1972/20/3
f 1970/17/2 1971/16/2 2013/16/2 2014/17/2
f 1977/21/4 1960/22/4 1962/23/4 1978/24/4
f 1981/15/2 1982/16/2 1980/17/2 1979/18/2
f 1979/18/3 1980/17/3 1960/19/3 1977/20/3
f 1977/20/3 1983/20/3 1984/18/3 1979/18/3
f 1985/21/4 1972/22/4 1987/23/4 1986/24/4
f 1990/15/2 1991/16/2 1989/17/2 1988/18/2
f 1988/18/3 1989/17/3 1972/19/3 1985/20/3
f 1986/27/6 1990/15/6 1988/18/6 1985/28/6
f 1985/20/3 1992/20/3 1993/18/3 1988/18/3
f 1994/21/4 1966/22/4 1996/23/4 1995/24/4
f 1998/15/2 1999/16/2 1969/17/2 1997/18/2
f 1997/18/3 1969/17/3 1966/19/3 1994/20/3
f 1995/27/6 1998/15/6 1997/18/6 1994/28/6
f 1994/20/3 2000/20/3 2001/18/3 1997/18/3
f 2002/21/4 1953/22/4 2004/23/4 2003/24/4
f 2006/15/2 1958/16/2 1956/17/2 2005/18/2
f 2005/18/3 1956/17/3 1953/19/3 2002/20/3
f 2002/20/3 2007/20/3 2008/18/3 2005/18/3
f 1979/18/1 1985/21/1 1986/24/1 1981/15/1
f 1988/18/1 1994/21/1 1995/24/1 1990/15/1
f 1997/18/1 2002/21/1 2003/24/1 1998/15/1
f 1997/18/3 2001/18/3 2007/20/3 2002/21/3
f 2010/2/4 1983/2/4 1977/2/4 1978/2/4
f 1979/18/3 1984/18/3 1992/20/3 1985/21/3
f 1988/18/3 1993/18/3 2000/20/3 1994/21/3
f 2008/2/2 2009/2/2 2006/2/2 2005/2/2
f 1965/16/1 1964/17/1 1973/26/1 1974/25/1
f 1967/26/1 1968/25/1 1976/16/1 1975/17/1
f 1954/26/1 1955/25/1 1971/16/1 1970/17/1
f 1972/22/3 1973/26/3 1964/17/3 1980/17/3
f 1966/20/3 1967/26/3 1975/17/3 1989/18/3
f 1953/20/3 1954/26/3 1970/17/3 1969/18/3
f 2023/19/3 2026/17/3 2042/17/3 2039/19/3
f 1975/17/2 1976/16/2 2017/16/2 2018/17/2
f 1974/25/4 1973/26/4 2015/26/4 2016/25/4
f 1967/19/3 1970/17/3 2014/17/3 2011/19/3
f 1973/19/3 1975/17/3 2018/17/3 2015/19/3
f 2015/19/3 2018/17/3 2034/17/3 2031/19/3
f 1963/23/4 1961/22/4 2023/22/4 2024/23/4
f 1957/17/2 1959/16/2 2021/16/2 2022/17/2
f 1964/17/2 1965/16/2 2025/16/2 2026/17/2
f 1955/25/4 1954/26/4 2019/26/4 2020/25/4
f 2040/23/4 2039/22/4 2055/22/4 2056/23/4
f 2032/25/4 2031/26/4 2047/26/4 2048/25/4
f 2011/19/3 2014/17/3 2030/17/3 2027/19/3
f 2022/17/2 2021/16/2 2037/16/2 2038/17/2
f 2019/19/3 2022/17/3 2038/17/3 2035/19/3
f 2024/23/4 2023/22/4 2039/22/4 2040/23/4
f 2056/23/4 2055/22/4 2066/22/4 2067/23/4
f 2051/19/3 2063/26/3 2060/17/3 2046/17/3
f 2051/19/3 2054/17/3 2065/17/3 2063/19/3
f 2034/17/2 2033/16/2 2049/16/2 2050/17/2
f 2042/17/2 2041/16/2 2057/16/2 2058/17/2
f 2031/19/3 2034/17/3 2050/17/3 2047/19/3
f 2028/25/4 2027/26/4 2043/26/4 2044/25/4
f 2039/19/3 2042/17/3 2058/17/3 2055/19/3
f 2036/25/4 2035/26/4 2051/26/4 2052/25/4
f 2019/19/3 2035/26/3 2030/17/3 2014/17/3
f 2030/17/2 2029/16/2 2045/16/2 2046/17/2
f 2038/17/2 2037/16/2 2053/16/2 2054/17/2
f 2027/19/3 2030/17/3 2046/17/3 2043/19/3
f 2035/19/3 2038/17/3 2054/17/3 2051/19/3
f 2029/16/1 2030/17/1 2035/26/1 2036/25/1
f 2050/17/3 2043/19/3 2059/26/3 2062/17/3
f 2047/19/3 2050/17/3 2062/17/3 2061/19/3
f 2055/19/3 2058/17/3 2068/17/3 2066/19/3
f 2047/19/3 2061/26/3 2068/17/3 2058/17/3
f 2027/26/1 2028/25/1 2033/16/1 2034/17/1
f 2031/26/1 2032/25/1 2041/16/1 2042/17/1
f 2054/17/2 2053/16/2 2064/16/2 2065/17/2
f 2043/19/3 2046/17/3 2060/17/3 2059/19/3
f 2034/17/3 2018/17/3 2011/19/3 2027/26/3
f 2015/19/3 2031/26/3 2042/17/3 2026/17/3
f 1965/16/3 1974/25/3 2016/25/3 2025/16/3
f 1976/16/3 1968/25/3 2012/25/3 2017/16/3
f 1955/25/3 2020/25/3 2013/16/3 1971/16/3
f 2041/16/3 2032/25/3 2048/25/3 2057/16/3
f 2029/16/3 2036/25/3 2052/25/3 2045/16/3
f 2028/25/3 2044/25/3 2049/16/3 2033/16/3
f 1990/15/3 1995/24/3 1996/23/3 1991/16/3
f 1998/15/3 2003/24/3 2004/23/3 1999/16/3
f 1981/15/3 1986/24/3 1987/23/3 1982/16/3
f 2074/15/2 2075/16/2 2073/17/2 2072/18/2
f 2072/18/3 2073/17/3 2070/19/3 2069/20/3
f 2077/19/3 2080/17/3 2142/17/3 2139/19/3
f 2076/21/4 2077/22/4 2079/23/4 2078/24/4
f 2096/18/3 2080/17/3 2077/19/3 2076/20/3
f 2070/19/3 2073/17/3 2138/17/3 2135/19/3
f 2085/18/3 2086/17/3 2083/19/3 2082/20/3
f 2084/25/4 2083/26/4 2127/26/4 2128/25/4
f 2105/18/3 2091/17/3 2089/19/3 2088/20/3
f 2086/17/2 2087/16/2 2129/16/2 2130/17/2
f 2093/21/4 2076/22/4 2078/23/4 2094/24/4
f 2097/15/2 2098/16/2 2096/17/2 2095/18/2
f 2095/18/3 2096/17/3 2076/19/3 2093/20/3
f 2093/20/3 2099/20/3 2100/18/3 2095/18/3
f 2101/21/4 2088/22/4 2103/23/4 2102/24/4
f 2106/15/2 2107/16/2 2105/17/2 2104/18/2
f 2104/18/3 2105/17/3 2088/19/3 2101/20/3
f 2102/27/6 2106/15/6 2104/18/6 2101/28/6
f 2101/20/3 2108/20/3 2109/18/3 2104/18/3
f 2110/21/4 2082/22/4 2112/23/4 2111/24/4
f 2114/15/2 2115/16/2 2085/17/2 2113/18/2
f 2113/18/3 2085/17/3 2082/19/3 2110/20/3
f 2111/27/6 2114/15/6 2113/18/6 2110/28/6
f 2110/20/3 2116/20/3 2117/18/3 2113/18/3
f 2118/21/4 2069/22/4 2120/23/4 2119/24/4
f 2122/15/2 2074/16/2 2072/17/2 2121/18/2
f 2121/18/3 2072/17/3 2069/19/3 2118/20/3
f 2118/20/3 2123/20/3 2124/18/3 2121/18/3
f 2095/18/1 2101/21/1 2102/24/1 2097/15/1
f 2104/18/1 2110/21/1 2111/24/1 2106/15/1
f 2113/18/1 2118/21/1 2119/24/1 2114/15/1
f 2113/18/3 2117/18/3 2123/20/3 2118/21/3
f 2126/2/4 2099/2/4 2093/2/4 2094/2/4
f 2095/18/3 2100/18/3 2108/20/3 2101/21/3
f 2104/18/3 2109/18/3 2116/20/3 2110/21/3
f 2124/2/2 2125/2/2 2122/2/2 2121/2/2
f 2081/16/1 2080/17/1 2089/26/1 2090/25/1
f 2083/26/1 2084/25/1 2092/16/1 2091/17/1
f 2070/26/1 2071/25/1 2087/16/1 2086/17/1
f 2088/22/3 2089/26/3 2080/17/3 2096/17/3
f 2082/20/3 2083/26/3 2091/17/3 2105/18/3
f 2069/20/3 2070/26/3 2086/17/3 2085/18/3
f 2139/19/3 2142/17/3 2158/17/3 2155/19/3
f 2091/17/2 2092/16/2 2133/16/2 2134/17/2
f 2090/25/4 2089/26/4 2131/26/4 2132/25/4
f 2083/19/3 2086/17/3 2130/17/3 2127/19/3
f 2089/19/3 2091/17/3 2134/17/3 2131/19/3
f 2131/19/3 2134/17/3 2150/17/3 2147/19/3
f 2079/23/4 2077/22/4 2139/22/4 2140/23/4
f 2073/17/2 2075/16/2 2137/16/2 2138/17/2
f 2080/17/2 2081/16/2 2141/16/2 2142/17/2
f 2071/25/4 2070/26/4 2135/26/4 2136/25/4
f 2156/23/4 2155/22/4 2171/22/4 2172/23/4
f 2148/25/4 2147/26/4 2163/26/4 2164/25/4
f 2127/19/3 2130/17/3 2146/17/3 2143/19/3
f 2138/17/2 2137/16/2 2153/16/2 2154/17/2
f 2135/19/3 2138/17/3 2154/17/3 2151/19/3
f 2140/23/4 2139/22/4 2155/22/4 2156/23/4
f 2172/23/4 2171/22/4 2182/22/4 2183/23/4
f 2167/19/3 2179/26/3 2176/17/3 2162/17/3
f 2167/19/3 2170/17/3 2181/17/3 2179/19/3
f 2150/17/2 2149/16/2 2165/16/2 2166/17/2
f 2158/17/2 2157/16/2 2173/16/2 2174/17/2
f 2147/19/3 2150/17/3 2166/17/3 2163/19/3
f 2144/25/4 2143/26/4 2159/26/4 2160/25/4
f 2155/19/3 2158/17/3 2174/17/3 2171/19/3
f 2152/25/4 2151/26/4 2167/26/4 2168/25/4
f 2135/19/3 2151/26/3 2146/17/3 2130/17/3
f 2146/17/2 2145/16/2 2161/16/2 2162/17/2
f 2154/17/2 2153/16/2 2169/16/2 2170/17/2
f 2143/19/3 2146/17/3 2162/17/3 2159/19/3
f 2151/19/3 2154/17/3 2170/17/3 2167/19/3
f 2145/16/1 2146/17/1 2151/26/1 2152/25/1
f 2166/17/3 2159/19/3 2175/26/3 2178/17/3
f 2163/19/3 2166/17/3 2178/17/3 2177/19/3
f 2171/19/3 2174/17/3 2184/17/3 2182/19/3
f 2163/19/3 2177/26/3 2184/17/3 2174/17/3
f 2143/26/1 2144/25/1 2149/16/1 2150/17/1
f 2147/26/1 2148/25/1 2157/16/1 2158/17/1
f 2170/17/2 2169/16/2 2180/16/2 2181/17/2
f 2159/19/3 2162/17/3 2176/17/3 2175/19/3
f 2150/17/3 2134/17/3 2127/19/3 2143/26/3
f 2131/19/3 2147/26/3 2158/17/3 2142/17/3
f 2106/15/3 2111/24/3 2112/23/3 2107/16/3
f 2114/15/3 2119/24/3 2120/23/3 2115/16/3
f 2071/25/3 2136/25/3 2129/16/3 2087/16/3
f 2092/16/3 2084/25/3 2128/25/3 2133/16/3
f 2144/25/3 2160/25/3 2165/16/3 2149/16/3
f 2145/16/3 2152/25/3 2168/25/3 2161/16/3
f 2157/16/3 2148/25/3 2164/25/3 2173/16/3
f 2081/16/3 2090/25/3 2132/25/3 2141/16/3
f 2097/15/3 2102/24/3 2103/23/3 2098/16/3
f 2199/29/3 2192/30/3 2188/5/3 2195/31/3
f 2194/32/3 2186/1/3 2191/33/3 2197/34/3
f 2197/34/3 2191/33/3 2192/30/3 2199/29/3
f 2190/35/3 2198/36/3 2200/37/3 2189/38/3
f 2197/34/4 2199/29/4 2203/29/4 2201/34/4
f 2185/2/3 2193/39/3 2198/36/3 2190/35/3
f 2193/39/3 2194/32/3 2197/34/3 2198/36/3
f 2189/38/3 2200/37/3 2196/40/3 2187/6/3
f 2200/37/3 2199/29/3 2195/31/3 2196/40/3
f 2199/29/6 2200/37/6 2204/37/6 2203/29/6
f 2198/36/1 2197/34/1 2201/34/1 2202/36/1
f 2200/37/2 2198/36/2 2202/36/2 2204/37/2
f 2205/2/3 2206/1/3 2210/1/3 2209/2/3
f 2209/2/1 2210/1/1 2212/1/1 2211/2/1
f 2213/41/3 2215/42/3 2207/6/3
f 2215/42/3 2214/6/3 2207/6/3
f 2216/43/3 2218/44/3 2208/5/3
f 2218/44/3 2217/5/3 2208/5/3
f 2219/45/12 2221/46/12 2223/47/12
f 2223/47/13 2221/46/13 2220/41/13 2222/48/13
f 2213/41/14 2220/41/14 2221/46/14 2215/6/14
f 2215/6/15 2221/46/15 2219/45/15 2214/45/15
f 2222/48/16 2217/48/16 2218/5/16 2223/47/16
f 2223/47/17 2218/5/17 2216/43/17 2219/43/17
f 2213/41/18 2209/2/18 2211/2/18 2220/41/18
f 2208/5/3 2207/6/3 2214/45/3 2216/43/3
f 2207/6/3 2205/2/3 2209/2/3 2213/41/3
f 2210/1/19 2217/48/19 2222/48/19 2212/1/19
f 2206/1/3 2208/5/3 2217/48/3 2210/1/3
f 2211/2/3 2212/1/3 2222/48/3 2220/41/3
f 2229/15/2 2230/16/2 2228/17/2 2227/18/2
f 2227/18/3 2228/17/3 2225/19/3 2224/20/3
f 2232/19/3 2235/17/3 2297/17/3 2294/19/3
f 2231/21/4 2232/22/4 2234/23/4 2233/24/4
f 2251/18/3 2235/17/3 2232/19/3 2231/20/3
f 2225/19/3 2228/17/3 2293/17/3 2290/19/3
f 2240/18/3 2241/17/3 2238/19/3 2237/20/3
f 2239/25/4 2238/26/4 2282/26/4 2283/25/4
f 2260/18/3 2246/17/3 2244/19/3 2243/20/3
f 2241/17/2 2242/16/2 2284/16/2 2285/17/2
f 2248/21/4 2231/22/4 2233/23/4 2249/24/4
f 2252/15/2 2253/16/2 2251/17/2 2250/18/2
f 2250/18/3 2251/17/3 2231/19/3 2248/20/3
f 2248/20/3 2254/20/3 2255/18/3 2250/18/3
f 2256/21/4 2243/22/4 2258/23/4 2257/24/4
f 2261/15/2 2262/16/2 2260/17/2 2259/18/2
f 2259/18/3 2260/17/3 2243/19/3 2256/20/3
f 2257/27/6 2261/15/6 2259/18/6 2256/28/6
f 2256/20/3 2263/20/3 2264/18/3 2259/18/3
f 2265/21/4 2237/22/4 2267/23/4 2266/24/4
f 2269/15/2 2270/16/2 2240/17/2 2268/18/2
f 2268/18/3 2240/17/3 2237/19/3 2265/20/3
f 2266/27/6 2269/15/6 2268/18/6 2265/28/6
f 2265/20/3 2271/20/3 2272/18/3 2268/18/3
f 2273/21/4 2224/22/4 2275/23/4 2274/24/4
f 2277/15/2 2229/16/2 2227/17/2 2276/18/2
f 2276/18/3 2227/17/3 2224/19/3 2273/20/3
f 2273/20/3 2278/20/3 2279/18/3 2276/18/3
f 2250/18/1 2256/21/1 2257/24/1 2252/15/1
f 2259/18/1 2265/21/1 2266/24/1 2261/15/1
f 2268/18/1 2273/21/1 2274/24/1 2269/15/1
f 2268/18/3 2272/18/3 2278/20/3 2273/21/3
f 2281/2/4 2254/2/4 2248/2/4 2249/2/4
f 2250/18/3 2255/18/3 2263/20/3 2256/21/3
f 2259/18/3 2264/18/3 2271/20/3 2265/21/3
f 2279/2/2 2280/2/2 2277/2/2 2276/2/2
f 2236/16/1 2235/17/1 2244/26/1 2245/25/1
f 2238/26/1 2239/25/1 2247/16/1 2246/17/1
f 2225/26/1 2226/25/1 2242/16/1 2241/17/1
f 2243/22/3 2244/26/3 2235/17/3 2251/17/3
f 2237/20/3 2238/26/3 2246/17/3 2260/18/3
f 2224/20/3 2225/26/3 2241/17/3 2240/18/3
f 2294/19/3 2297/17/3 2313/17/3 2310/19/3
f 2246/17/2 2247/16/2 2288/16/2 2289/17/2
f 2245/25/4 2244/26/4 2286/26/4 2287/25/4
f 2238/19/3 2241/17/3 2285/17/3 2282/19/3
f 2244/19/3 2246/17/3 2289/17/3 2286/19/3
f 2286/19/3 2289/17/3 2305/17/3 2302/19/3
f 2234/23/4 2232/22/4 2294/22/4 2295/23/4
f 2228/17/2 2230/16/2 2292/16/2 2293/17/2
f 2235/17/2 2236/16/2 2296/16/2 2297/17/2
f 2226/25/4 2225/26/4 2290/26/4 2291/25/4
f 2311/23/4 2310/22/4 2326/22/4 2327/23/4
f 2303/25/4 2302/26/4 2318/26/4 2319/25/4
f 2282/19/3 2285/17/3 2301/17/3 2298/19/3
f 2293/17/2 2292/16/2 2308/16/2 2309/17/2
f 2290/19/3 2293/17/3 2309/17/3 2306/19/3
f 2295/23/4 2294/22/4 2310/22/4 2311/23/4
f 2327/23/4 2326/22/4 2337/22/4 2338/23/4
f 2322/19/3 2334/26/3 2331/17/3 2317/17/3
f 2322/19/3 2325/17/3 2336/17/3 2334/19/3
f 2305/17/2 2304/16/2 2320/16/2 2321/17/2
f 2313/17/2 2312/16/2 2328/16/2 2329/17/2
f 2302/19/3 2305/17/3 2321/17/3 2318/19/3
f 2299/25/4 2298/26/4 2314/26/4 2315/25/4
f 2310/19/3 2313/17/3 2329/17/3 2326/19/3
f 2307/25/4 2306/26/4 2322/26/4 2323/25/4
f 2290/19/3 2306/26/3 2301/17/3 2285/17/3
f 2301/17/2 2300/16/2 2316/16/2 2317/17/2
f 2309/17/2 2308/16/2 2324/16/2 2325/17/2
f 2298/19/3 2301/17/3 2317/17/3 2314/19/3
f 2306/19/3 2309/17/3 2325/17/3 2322/19/3
f 2300/16/1 2301/17/1 2306/26/1 2307/25/1
f 2321/17/3 2314/19/3 2330/26/3 2333/17/3
f 2318/19/3 2321/17/3 2333/17/3 2332/19/3
f 2326/19/3 2329/17/3 2339/17/3 2337/19/3
f 2318/19/3 2332/26/3 2339/17/3 2329/17/3
f 2298/26/1 2299/25/1 2304/16/1 2305/17/1
f 2302/26/1 2303/25/1 2312/16/1 2313/17/1
f 2325/17/2 2324/16/2 2335/16/2 2336/17/2
f 2314/19/3 2317/17/3 2331/17/3 2330/19/3
f 2305/17/3 2289/17/3 2282/19/3 2298/26/3
f 2286/19/3 2302/26/3 2313/17/3 2297/17/3
f 2236/16/3 2245/25/3 2287/25/3 2296/16/3
f 2247/16/3 2239/25/3 2283/25/3 2288/16/3
f 2226/25/3 2291/25/3 2284/16/3 2242/16/3
f 2312/16/3 2303/25/3 2319/25/3 2328/16/3
f 2300/16/3 2307/25/3 2323/25/3 2316/16/3
f 2299/25/3 2315/25/3 2320/16/3 2304/16/3
f 2261/15/3 2266/24/3 2267/23/3 2262/16/3
f 2269/15/3 2274/24/3 2275/23/3 2270/16/3
f 2252/15/3 2257/24/3 2258/23/3 2253/16/3
f 2345/15/2 2346/16/2 2344/17/2 2343/18/2
f 2343/18/3 2344/17/3 2341/19/3 2340/20/3
f 2348/19/3 2351/17/3 2413/17/3 2410/19/3
f 2347/21/4 2348/22/4 2350/23/4 2349/24/4
f 2367/18/3 2351/17/3 2348/19/3 2347/20/3
f 2341/19/3 2344/17/3 2409/17/3 2406/19/3
f 2356/18/3 2357/17/3 2354/19/3 2353/20/3
f 2355/25/4 2354/26/4 2398/26/4 2399/25/4
f 2376/18/3 2362/17/3 2360/19/3 2359/20/3
f 2357/17/2 2358/16/2 2400/16/2 2401/17/2
f 2364/21/4 2347/22/4 2349/23/4 2365/24/4
f 2368/15/2 2369/16/2 2367/17/2 2366/18/2
f 2366/18/3 2367/17/3 2347/19/3 2364/20/3
f 2364/20/3 2370/20/3 2371/18/3 2366/18/3
f 2372/21/4 2359/22/4 2374/23/4 2373/24/4
f 2377/15/2 2378/16/2 2376/17/2 2375/18/2
f 2375/18/3 2376/17/3 2359/19/3 2372/20/3
f 2373/27/6 2377/15/6 2375/18/6 2372/28/6
f 2372/20/3 2379/20/3 2380/18/3 2375/18/3
f 2381/21/4 2353/22/4 2383/23/4 2382/24/4
f 2385/15/2 2386/16/2 2356/17/2 2384/18/2
f 2384/18/3 2356/17/3 2353/19/3 2381/20/3
f 2382/27/6 2385/15/6 2384/18/6 2381/28/6
f 2381/20/3 2387/20/3 2388/18/3 2384/18/3
f 2389/21/4 2340/22/4 2391/23/4 2390/24/4
f 2393/15/2 2345/16/2 2343/17/2 2392/18/2
f 2392/18/3 2343/17/3 2340/19/3 2389/20/3
f 2389/20/3 2394/20/3 2395/18/3 2392/18/3
f 2366/18/1 2372/21/1 2373/24/1 2368/15/1
f 2375/18/1 2381/21/1 2382/24/1 2377/15/1
f 2384/18/1 2389/21/1 2390/24/1 2385/15/1
f 2384/18/3 2388/18/3 2394/20/3 2389/21/3
f 2397/2/4 2370/2/4 2364/2/4 2365/2/4
f 2366/18/3 2371/18/3 2379/20/3 2372/21/3
f 2375/18/3 2380/18/3 2387/20/3 2381/21/3
f 2395/2/2 2396/2/2 2393/2/2 2392/2/2
f 2352/16/1 2351/17/1 2360/26/1 2361/25/1
f 2354/26/1 2355/25/1 2363/16/1 2362/17/1
f 2341/26/1 2342/25/1 2358/16/1 2357/17/1
f 2359/22/3 2360/26/3 2351/17/3 2367/17/3
f 2353/20/3 2354/26/3 2362/17/3 2376/18/3
f 2340/20/3 2341/26/3 2357/17/3 2356/18/3
f 2410/19/3 2413/17/3 2429/17/3 2426/19/3
f 2362/17/2 2363/16/2 2404/16/2 2405/17/2
f 2361/25/4 2360/26/4 2402/26/4 2403/25/4
f 2354/19/3 2357/17/3 2401/17/3 2398/19/3
f 2360/19/3 2362/17/3 2405/17/3 2402/19/3
f 2402/19/3 2405/17/3 2421/17/3 2418/19/3
f 2350/23/4 2348/22/4 2410/22/4 2411/23/4
f 2344/17/2 2346/16/2 2408/16/2 2409/17/2
f 2351/17/2 2352/16/2 2412/16/2 2413/17/2
f 2342/25/4 2341/26/4 2406/26/4 2407/25/4
f 2427/23/4 2426/22/4 2442/22/4 2443/23/4
f 2419/25/4 2418/26/4 2434/26/4 2435/25/4
f 2398/19/3 2401/17/3 2417/17/3 2414/19/3
f 2409/17/2 2408/16/2 2424/16/2 2425/17/2
f 2406/19/3 2409/17/3 2425/17/3 2422/19/3
f 2411/23/4 2410/22/4 2426/22/4 2427/23/4
f 2443/23/4 2442/22/4 2453/22/4 2454/23/4
f 2438/19/3 2450/26/3 2447/17/3 2433/17/3
f 2438/19/3 2441/17/3 2452/17/3 2450/19/3
f 2421/17/2 2420/16/2 2436/16/2 2437/17/2
f 2429/17/2 2428/16/2 2444/16/2 2445/17/2
f 2418/19/3 2421/17/3 2437/17/3 2434/19/3
f 2415/25/4 2414/26/4 2430/26/4 2431/25/4
f 2426/19/3 2429/17/3 2445/17/3 2442/19/3
f 2423/25/4 2422/26/4 2438/26/4 2439/25/4
f 2406/19/3 2422/26/3 2417/17/3 2401/17/3
f 2417/17/2 2416/16/2 2432/16/2 2433/17/2
f 2425/17/2 2424/16/2 2440/16/2 2441/17/2
f 2414/19/3 2417/17/3 2433/17/3 2430/19/3
f 2422/19/3 2425/17/3 2441/17/3 2438/19/3
f 2416/16/1 2417/17/1 2422/26/1 2423/25/1
f 2437/17/3 2430/19/3 2446/26/3 2449/17/3
f 2434/19/3 2437/17/3 2449/17/3 2448/19/3
f 2442/19/3 2445/17/3 2455/17/3 2453/19/3
f 2434/19/3 2448/26/3 2455/17/3 2445/17/3
f 2414/26/1 2415/25/1 2420/16/1 2421/17/1
f 2418/26/1 2419/25/1 2428/16/1 2429/17/1
f 2441/17/2 2440/16/2 2451/16/2 2452/17/2
f 2430/19/3 2433/17/3 2447/17/3 2446/19/3
f 2421/17/3 2405/17/3 2398/19/3 2414/26/3
f 2402/19/3 2418/26/3 2429/17/3 2413/17/3
f 2377/15/3 2382/24/3 2383/23/3 2378/16/3
f 2385/15/3 2390/24/3 2391/23/3 2386/16/3
f 2342/25/3 2407/25/3 2400/16/3 2358/16/3
f 2363/16/3 2355/25/3 2399/25/3 2404/16/3
f 2415/25/3 2431/25/3 2436/16/3 2420/16/3
f 2416/16/3 2423/25/3 2439/25/3 2432/16/3
f 2428/16/3 2419/25/3 2435/25/3 2444/16/3
f 2352/16/3 2361/25/3 2403/25/3 2412/16/3
f 2368/15/3 2373/24/3 2374/23/3 2369/16/3
f 2470/29/3 2463/30/3 2459/5/3 2466/31/3
f 2465/32/3 2457/1/3 2462/33/3 2468/34/3
f 2468/34/3 2462/33/3 2463/30/3 2470/29/3
f 2461/35/3 2469/36/3 2471/37/3 2460/38/3
f 2468/34/4 2470/29/4 2474/29/4 2472/34/4
f 2456/2/3 2464/39/3 2469/36/3 2461/35/3
f 2464/39/3 2465/32/3 2468/34/3 2469/36/3
f 2460/38/3 2471/37/3 2467/40/3 2458/6/3
f 2471/37/3 2470/29/3 2466/31/3 2467/40/3
f 2470/29/6 2471/37/6 2475/37/6 2474/29/6
f 2469/36/1 2468/34/1 2472/34/1 2473/36/1
f 2471/37/2 2469/36/2 2473/36/2 2475/37/2
f 2485/49/20 2477/50/20 2476/51/20 2479/52/20
f 2477/50/21 2499/53/21 2478/54/21 2476/51/21
f 2480/55/6 2476/51/6 2478/54/6 2482/56/6
f 2476/51/6 2480/55/6 2483/57/6 2479/52/6
f 2481/58/22 2484/59/22 2483/57/22 2480/55/22
f 2498/60/23 2481/58/23 2480/55/23 2482/56/23
f 2484/59/24 2485/49/24 2479/52/24 2483/57/24
f 2481/61/25 2488/62/25 2486/63/25 2484/64/25
f 2484/64/26 2486/63/26 2489/65/26 2485/66/26
f 2489/67/27 2486/68/27 2487/69/27 2490/70/27
f 2486/68/28 2488/71/28 2495/72/28 2487/69/28
f 2491/73/29 2489/67/29 2490/70/29 2493/74/29
f 2485/66/30 2489/65/30 2491/75/30 2477/76/30
f 2477/77/31 2491/78/31 2492/79/31 2499/80/31
f 2492/81/32 2491/73/32 2493/74/32 2494/82/32
f 2494/82/1 2493/74/1 2495/72/1 2496/83/1
f 2495/72/1 2493/74/1 2490/70/1 2487/69/1
f 2488/71/33 2497/84/33 2496/83/33 2495/72/33
f 2497/84/34 2492/81/34 2494/82/34 2496/83/34
f 2499/80/35 2492/79/35 2497/85/35 2498/86/35
f 2498/86/36 2497/85/36 2488/62/36 2481/61/36
f 2499/53/37 2498/60/37 2482/56/37 2478/54/37
f 2501/5/11 2500/6/11 2502/87/11 2503/88/11
f 2503/88/10 2502/87/10 2504/89/10 2505/90/10
f 2505/90/9 2504/89/9 2506/91/9 2508/92/9
f 2508/92/8 2506/91/8 2507/93/8 2509/94/8
f 2523/95/38 2511/7/38 2510/9/38 2520/96/38
f 2520/96/39 2510/9/39 2512/11/39 2521/97/39
f 2521/97/10 2512/11/10 2513/13/10 2522/98/10
f 2503/14/11 2522/98/11 2513/13/11 2501/6/11
f 2524/99/40 2514/4/40 2511/7/40 2523/95/40
f 2524/99/3 2516/3/3 2518/3/3 2525/99/3
f 2516/4/3 2517/3/3 2519/3/3 2518/4/3
f 2509/94/41 2507/93/41 2517/3/41 2516/4/41
f 2514/4/3 2524/99/3 2525/99/3 2515/4/3
f 2516/3/42 2524/99/42 2523/95/42 2509/8/42
f 2505/12/10 2521/97/10 2522/98/10 2503/14/10
f 2508/10/43 2520/96/43 2521/97/43 2505/12/43
f 2509/8/44 2523/95/44 2520/96/44 2508/10/44
f 2529/4/3 2528/3/3 2530/3/3 2531/4/3
f 2528/3/45 2529/4/45 2535/7/45 2536/8/45
f 2536/8/8 2535/7/8 2534/9/8 2537/10/8
f 2537/10/9 2534/9/9 2533/11/9 2538/12/9
f 2538/12/10 2533/11/10 2532/13/10 2539/14/10
f 2539/14/11 2532/13/11 2527/5/11 2526/6/11
f 2546/99/3 2540/3/3 2541/3/3 2547/99/3
f 2546/99/46 2528/4/46 2536/7/46 2548/95/46
f 2548/95/47 2536/7/47 2537/9/47 2549/96/47
f 2549/96/48 2537/9/48 2538/11/48 2550/97/48
f 2550/97/10 2538/11/10 2539/13/10 2551/98/10
f 2545/14/11 2551/98/11 2539/13/11 2526/6/11
f 2544/12/10 2550/97/10 2551/98/10 2545/14/10
f 2543/10/49 2549/96/49 2550/97/49 2544/12/49
f 2542/8/50 2548/95/50 2549/96/50 2543/10/50
f 2540/3/51 2546/99/51 2548/95/51 2542/8/51
f 2528/4/3 2546/99/3 2547/99/3 2530/4/3
f 2553/1/1 2552/1/1 2555/1/1 2556/1/1
f 2554/1/1 2553/1/1 2556/1/1 2557/1/1
f 2557/1/4 2556/1/4 2559/1/4 2560/1/4
f 2556/1/5 2555/1/5 2558/1/5 2559/1/5
f 2558/1/2 2555/1/2 2561/1/2 2562/1/2
f 2557/1/3 2560/1/3 2562/1/3 2561/1/3
f 2563/2/1 2552/1/1 2553/1/1 2554/1/1
f 2557/1/1 2561/1/1 2563/2/1 2554/1/1
f 2555/1/1 2552/1/1 2563/2/1 2561/1/1
f 2559/1/6 2558/1/6 2564/1/6 2565/1/6
f 2566/1/4 2565/1/4 2569/1/4 2570/1/4
f 2562/1/6 2560/1/6 2566/1/6 2567/1/6
f 2560/1/6 2559/1/6 2565/1/6 2566/1/6
f 2558/1/6 2562/1/6 2567/1/6 2564/1/6
f 2564/1/2 2567/1/2 2571/1/2 2568/1/2
f 2565/1/5 2564/1/5 2568/1/5 2569/1/5
f 2567/1/3 2566/1/3 2570/1/3 2571/1/3
f 2573/1/1 2572/1/1 2575/1/1 2576/1/1
f 2574/1/1 2573/1/1 2576/1/1 2577/1/1
f 2577/1/4 2576/1/4 2579/1/4 2580/1/4
f 2576/1/5 2575/1/5 2578/1/5 2579/1/5
f 2578/1/2 2575/1/2 2581/1/2 2582/1/2
f 2577/1/3 2580/1/3 2582/1/3 2581/1/3
f 2583/2/1 2572/1/1 2573/1/1 2574/1/1
f 2577/1/1 2581/1/1 2583/2/1 2574/1/1
f 2575/1/1 2572/1/1 2583/2/1 2581/1/1
f 2579/1/6 2578/1/6 2584/1/6 2585/1/6
f 2586/1/4 2585/1/4 2589/1/4 2590/1/4
f 2582/1/6 2580/1/6 2586/1/6 2587/1/6
f 2580/1/6 2579/1/6 2585/1/6 2586/1/6
f 2578/1/6 2582/1/6 2587/1/6 2584/1/6
f 2584/1/2 2587/1/2 2591/1/2 2588/1/2
f 2585/1/5 2584/1/5 2588/1/5 2589/1/5
f 2587/1/3 2586/1/3 2590/1/3 2591/1/3
f 2593/1/1 2592/1/1 2595/1/1 2596/1/1
f 2594/1/1 2593/1/1 2596/1/1 2597/1/1
f 2597/1/4 2596/1/4 2599/1/4 2600/1/4
f 2596/1/5 2595/1/5 2598/1/5 2599/1/5
f 2598/1/2 2595/1/2 2601/1/2 2602/1/2
f 2597/1/3 2600/1/3 2602/1/3 2601/1/3
f 2603/2/1 2592/1/1 2593/1/1 2594/1/1
f 2597/1/1 2601/1/1 2603/2/1 2594/1/1
f 2595/1/1 2592/1/1 2603/2/1 2601/1/1
f 2599/1/6 2598/1/6 2604/1/6 2605/1/6
f 2606/1/4 2605/1/4 2609/1/4 2610/1/4
f 2602/1/6 2600/1/6 2606/1/6 2607/1/6
f 2600/1/6 2599/1/6 2605/1/6 2606/1/6
f 2598/1/6 2602/1/6 2607/1/6 2604/1/6
f 2604/1/2 2607/1/2 2611/1/2 2608/1/2
f 2605/1/5 2604/1/5 2608/1/5 2609/1/5
f 2607/1/3 2606/1/3 2610/1/3 2611/1/3
f 2613/1/1 2612/1/1 2615/1/1 2616/1/1
f 2614/1/1 2613/1/1 2616/1/1 2617/1/1
f 2617/1/4 2616/1/4 2619/1/4 2620/1/4
f 2616/1/5 2615/1/5 2618/1/5 2619/1/5
f 2618/1/2 2615/1/2 2621/1/2 2622/1/2
f 2617/1/3 2620/1/3 2622/1/3 2621/1/3
f 2623/2/1 2612/1/1 2613/1/1 2614/1/1
f 2617/1/1 2621/1/1 2623/2/1 2614/1/1
f 2615/1/1 2612/1/1 2623/2/1 2621/1/1
f 2619/1/6 2618/1/6 2624/1/6 2625/1/6
f 2626/1/4 2625/1/4 2629/1/4 2630/1/4
f 2622/1/6 2620/1/6 2626/1/6 2627/1/6
f 2620/1/6 2619/1/6 2625/1/6 2626/1/6
f 2618/1/6 2622/1/6 2627/1/6 2624/1/6
f 2624/1/2 2627/1/2 2631/1/2 2628/1/2
f 2625/1/5 2624/1/5 2628/1/5 2629/1/5
f 2627/1/3 2626/1/3 2630/1/3 2631/1/3
f 2635/4/5 2634/3/5 2636/3/5 2637/4/5
f 2634/3/52 2635/4/52 2641/7/52 2642/8/52
f 2642/8/53 2641/7/53 2640/9/53 2643/10/53
f 2643/10/54 2640/9/54 2639/11/54 2644/12/54
f 2644/12/55 2639/11/55 2638/13/55 2645/14/55
f 2645/14/56 2638/13/56 2633/5/56 2632/6/56
f 2649/4/5 2648/3/5 2650/3/5 2651/4/5
f 2648/3/52 2649/4/52 2655/7/52 2656/8/52
f 2656/8/53 2655/7/53 2654/9/53 2657/10/53
f 2657/10/54 2654/9/54 2653/11/54 2658/12/54
f 2658/12/55 2653/11/55 2652/13/55 2659/14/55
f 2659/14/56 2652/13/56 2647/5/56 2646/6/56
f 2669/49/23 2661/50/23 2660/51/23 2663/52/23
f 2661/50/22 2683/53/22 2662/54/22 2660/51/22
f 2664/55/6 2660/51/6 2662/54/6 2666/56/6
f 2660/51/6 2664/55/6 2667/57/6 2663/52/6
f 2665/58/21 2668/59/21 2667/57/21 2664/55/21
f 2682/60/20 2665/58/20 2664/55/20 2666/56/20
f 2668/59/37 2669/49/37 2663/52/37 2667/57/37
f 2665/61/31 2672/62/31 2670/63/31 2668/64/31
f 2668/64/35 2670/63/35 2673/65/35 2669/66/35
f 2673/67/34 2670/68/34 2671/69/34 2674/70/34
f 2670/68/32 2672/71/32 2679/72/32 2671/69/32
f 2675/73/33 2673/67/33 2674/70/33 2677/74/33
f 2669/66/36 2673/65/36 2675/75/36 2661/76/36
f 2661/77/25 2675/78/25 2676/79/25 2683/80/25
f 2676/81/28 2675/73/28 2677/74/28 2678/82/28
f 2678/82/1 2677/74/1 2679/72/1 2680/83/1
f 2679/72/1 2677/74/1 2674/70/1 2671/69/1
f 2672/71/29 2681/84/29 2680/83/29 2679/72/29
f 2681/84/27 2676/81/27 2678/82/27 2680/83/27
f 2683/80/26 2676/79/26 2681/85/26 2682/86/26
f 2682/86/30 2681/85/30 2672/62/30 2665/61/30
f 2683/53/24 2682/60/24 2666/56/24 2662/54/24
f 2685/5/56 2684/6/56 2686/87/56 2687/88/56
f 2687/88/55 2686/87/55 2688/89/55 2689/90/55
f 2689/90/54 2688/89/54 2690/91/54 2692/92/54
f 2692/92/53 2690/91/53 2691/93/53 2693/94/53
f 2707/95/57 2695/7/57 2694/9/57 2704/96/57
f 2704/96/58 2694/9/58 2696/11/58 2705/97/58
f 2705/97/55 2696/11/55 2697/13/55 2706/98/55
f 2687/14/56 2706/98/56 2697/13/56 2685/6/56
f 2708/99/59 2698/4/59 2695/7/59 2707/95/59
f 2708/99/5 2700/3/5 2702/3/5 2709/99/5
f 2700/4/5 2701/3/5 2703/3/5 2702/4/5
f 2693/94/60 2691/93/60 2701/3/60 2700/4/60
f 2698/4/5 2708/99/5 2709/99/5 2699/4/5
f 2700/3/61 2708/99/61 2707/95/61 2693/8/61
f 2689/12/55 2705/97/55 2706/98/55 2687/14/55
f 2692/10/62 2704/96/62 2705/97/62 2689/12/62
f 2693/8/63 2707/95/63 2704/96/63 2692/10/63
f 2713/4/5 2712/3/5 2714/3/5 2715/4/5
f 2712/3/64 2713/4/64 2719/7/64 2720/8/64
f 2720/8/53 2719/7/53 2718/9/53 2721/10/53
f 2721/10/54 2718/9/54 2717/11/54 2722/12/54
f 2722/12/55 2717/11/55 2716/13/55 2723/14/55
f 2723/14/56 2716/13/56 2711/5/56 2710/6/56
f 2730/99/5 2724/3/5 2725/3/5 2731/99/5
f 2730/99/65 2712/4/65 2720/7/65 2732/95/65
f 2732/95/66 2720/7/66 2721/9/66 2733/96/66
f 2733/96/67 2721/9/67 2722/11/67 2734/97/67
f 2734/97/55 2722/11/55 2723/13/55 2735/98/55
f 2729/14/56 2735/98/56 2723/13/56 2710/6/56
f 2728/12/55 2734/97/55 2735/98/55 2729/14/55
f 2727/10/68 2733/96/68 2734/97/68 2728/12/68
f 2726/8/69 2732/95/69 2733/96/69 2727/10/69
f 2724/3/70 2730/99/70 2732/95/70 2726/8/70
f 2712/4/5 2730/99/5 2731/99/5 2714/4/5
f 2738/3/4 2739/4/4 2737/5/4 2736/6/4
f 2741/2/4 2742/1/4 2743/4/4 2740/3/4
f 2739/4/1 2738/3/1 2740/3/1 2743/4/1
f 2746/3/4 2747/4/4 2745/5/4 2744/6/4
f 2749/2/4 2750/1/4 2751/4/4 2748/3/4
f 2747/4/1 2746/3/1 2748/3/1 2751/4/1
f 2754/3/4 2755/4/4 2753/5/4 2752/6/4
f 2757/2/4 2758/1/4 2759/4/4 2756/3/4
f 2755/4/1 2754/3/1 2756/3/1 2759/4/1
f 2762/3/4 2763/4/4 2761/5/4 2760/6/4
f 2765/2/4 2766/1/4 2767/4/4 2764/3/4
f 2763/4/1 2762/3/1 2764/3/1 2767/4/1
f 2773/15/3 2774/16/3 2772/17/3 2771/18/3
f 2771/18/4 2772/17/4 2769/19/4 2768/20/4
f 2776/19/4 2779/17/4 2841/17/4 2838/19/4
f 2775/21/5 2776/22/5 2778/23/5 2777/24/5
f 2795/18/4 2779/17/4 2776/19/4 2775/20/4
f 2769/19/4 2772/17/4 2837/17/4 2834/19/4
f 2784/18/4 2785/17/4 2782/19/4 2781/20/4
f 2783/25/5 2782/26/5 2826/26/5 2827/25/5
f 2804/18/4 2790/17/4 2788/19/4 2787/20/4
f 2785/17/3 2786/16/3 2828/16/3 2829/17/3
f 2792/21/5 2775/22/5 2777/23/5 2793/24/5
f 2796/15/3 2797/16/3 2795/17/3 2794/18/3
f 2794/18/4 2795/17/4 2775/19/4 2792/20/4
f 2792/20/4 2798/20/4 2799/18/4 2794/18/4
f 2800/21/5 2787/22/5 2802/23/5 2801/24/5
f 2805/15/3 2806/16/3 2804/17/3 2803/18/3
f 2803/18/4 2804/17/4 2787/19/4 2800/20/4
f 2801/27/6 2805/15/6 2803/18/6 2800/28/6
f 2800/20/4 2807/20/4 2808/18/4 2803/18/4
f 2809/21/5 2781/22/5 2811/23/5 2810/24/5
f 2813/15/3 2814/16/3 2784/17/3 2812/18/3
f 2812/18/4 2784/17/4 2781/19/4 2809/20/4
f 2810/27/6 2813/15/6 2812/18/6 2809/28/6
f 2809/20/4 2815/20/4 2816/18/4 2812/18/4
f 2817/21/5 2768/22/5 2819/23/5 2818/24/5
f 2821/15/3 2773/16/3 2771/17/3 2820/18/3
f 2820/18/4 2771/17/4 2768/19/4 2817/20/4
f 2817/20/4 2822/20/4 2823/18/4 2820/18/4
f 2794/18/1 2800/21/1 2801/24/1 2796/15/1
f 2803/18/1 2809/21/1 2810/24/1 2805/15/1
f 2812/18/1 2817/21/1 2818/24/1 2813/15/1
f 2812/18/4 2816/18/4 2822/20/4 2817/21/4
f 2825/2/5 2798/2/5 2792/2/5 2793/2/5
f 2794/18/4 2799/18/4 2807/20/4 2800/21/4
f 2803/18/4 2808/18/4 2815/20/4 2809/21/4
f 2823/2/3 2824/2/3 2821/2/3 2820/2/3
f 2780/16/1 2779/17/1 2788/26/1 2789/25/1
f 2782/26/1 2783/25/1 2791/16/1 2790/17/1
f 2769/26/1 2770/25/1 2786/16/1 2785/17/1
f 2787/22/4 2788/26/4 2779/17/4 2795/17/4
f 2781/20/4 2782/26/4 2790/17/4 2804/18/4
f 2768/20/4 2769/26/4 2785/17/4 2784/18/4
f 2838/19/4 2841/17/4 2857/17/4 2854/19/4
f 2790/17/3 2791/16/3 2832/16/3 2833/17/3
f 2789/25/5 2788/26/5 2830/26/5 2831/25/5
f 2782/19/4 2785/17/4 2829/17/4 2826/19/4
f 2788/19/4 2790/17/4 2833/17/4 2830/19/4
f 2830/19/4 2833/17/4 2849/17/4 2846/19/4
f 2778/23/5 2776/22/5 2838/22/5 2839/23/5
f 2772/17/3 2774/16/3 2836/16/3 2837/17/3
f 2779/17/3 2780/16/3 2840/16/3 2841/17/3
f 2770/25/5 2769/26/5 2834/26/5 2835/25/5
f 2855/23/5 2854/22/5 2870/22/5 2871/23/5
f 2847/25/5 2846/26/5 2862/26/5 2863/25/5
f 2826/19/4 2829/17/4 2845/17/4 2842/19/4
f 2837/17/3 2836/16/3 2852/16/3 2853/17/3
f 2834/19/4 2837/17/4 2853/17/4 2850/19/4
f 2839/23/5 2838/22/5 2854/22/5 2855/23/5
f 2871/23/5 2870/22/5 2881/22/5 2882/23/5
f 2866/19/4 2878/26/4 2875/17/4 2861/17/4
f 2866/19/4 2869/17/4 2880/17/4 2878/19/4
f 2849/17/3 2848/16/3 2864/16/3 2865/17/3
f 2857/17/3 2856/16/3 2872/16/3 2873/17/3
f 2846/19/4 2849/17/4 2865/17/4 2862/19/4
f 2843/25/5 2842/26/5 2858/26/5 2859/25/5
f 2854/19/4 2857/17/4 2873/17/4 2870/19/4
f 2851/25/5 2850/26/5 2866/26/5 2867/25/5
f 2834/19/4 2850/26/4 2845/17/4 2829/17/4
f 2845/17/3 2844/16/3 2860/16/3 2861/17/3
f 2853/17/3 2852/16/3 2868/16/3 2869/17/3
f 2842/19/4 2845/17/4 2861/17/4 2858/19/4
f 2850/19/4 2853/17/4 2869/17/4 2866/19/4
f 2844/16/1 2845/17/1 2850/26/1 2851/25/1
f 2865/17/4 2858/19/4 2874/26/4 2877/17/4
f 2862/19/4 2865/17/4 2877/17/4 2876/19/4
f 2870/19/4 2873/17/4 2883/17/4 2881/19/4
f 2862/19/4 2876/26/4 2883/17/4 2873/17/4
f 2842/26/1 2843/25/1 2848/16/1 2849/17/1
f 2846/26/1 2847/25/1 2856/16/1 2857/17/1
f 2869/17/3 2868/16/3 2879/16/3 2880/17/3
f 2858/19/4 2861/17/4 2875/17/4 2874/19/4
f 2849/17/4 2833/17/4 2826/19/4 2842/26/4
f 2830/19/4 2846/26/4 2857/17/4 2841/17/4
f 2780/16/4 2789/25/4 2831/25/4 2840/16/4
f 2791/16/4 2783/25/4 2827/25/4 2832/16/4
f 2770/25/4 2835/25/4 2828/16/4 2786/16/4
f 2856/16/4 2847/25/4 2863/25/4 2872/16/4
f 2844/16/4 2851/25/4 2867/25/4 2860/16/4
f 2843/25/4 2859/25/4 2864/16/4 2848/16/4
f 2805/15/4 2810/24/4 2811/23/4 2806/16/4
f 2813/15/4 2818/24/4 2819/23/4 2814/16/4
f 2796/15/4 2801/24/4 2802/23/4 2797/16/4
f 2889/15/3 2890/16/3 2888/17/3 2887/18/3
f 2887/18/4 2888/17/4 2885/19/4 2884/20/4
f 2892/19/4 2895/17/4 2957/17/4 2954/19/4
f 2891/21/5 2892/22/5 2894/23/5 2893/24/5
f 2911/18/4 2895/17/4 2892/19/4 2891/20/4
f 2885/19/4 2888/17/4 2953/17/4 2950/19/4
f 2900/18/4 2901/17/4 2898/19/4 2897/20/4
f 2899/25/5 2898/26/5 2942/26/5 2943/25/5
f 2920/18/4 2906/17/4 2904/19/4 2903/20/4
f 2901/17/3 2902/16/3 2944/16/3 2945/17/3
f 2908/21/5 2891/22/5 2893/23/5 2909/24/5
f 2912/15/3 2913/16/3 2911/17/3 2910/18/3
f 2910/18/4 2911/17/4 2891/19/4 2908/20/4
f 2908/20/4 2914/20/4 2915/18/4 2910/18/4
f 2916/21/5 2903/22/5 2918/23/5 2917/24/5
f 2921/15/3 2922/16/3 2920/17/3 2919/18/3
f 2919/18/4 2920/17/4 2903/19/4 2916/20/4
f 2917/27/6 2921/15/6 2919/18/6 2916/28/6
f 2916/20/4 2923/20/4 2924/18/4 2919/18/4
f 2925/21/5 2897/22/5 2927/23/5 2926/24/5
f 2929/15/71 2930/16/71 2900/17/71 2928/18/71
f 2928/18/4 2900/17/4 2897/19/4 2925/20/4
f 2926/27/6 2929/15/6 2928/18/6 2925/28/6
f 2925/20/4 2931/20/4 2932/18/4 2928/18/4
f 2933/21/5 2884/22/5 2935/23/5 2934/24/5
f 2937/15/3 2889/16/3 2887/17/3 2936/18/3
f 2936/18/4 2887/17/4 2884/19/4 2933/20/4
f 2933/20/4 2938/20/4 2939/18/4 2936/18/4
f 2910/18/1 2916/21/1 2917/24/1 2912/15/1
f 2919/18/1 2925/21/1 2926/24/1 2921/15/1
f 2928/18/1 2933/21/1 2934/24/1 2929/15/1
f 2928/18/4 2932/18/4 2938/20/4 2933/21/4
f 2941/2/5 2914/2/5 2908/2/5 2909/2/5
f 2910/18/4 2915/18/4 2923/20/4 2916/21/4
f 2919/18/4 2924/18/4 2931/20/4 2925/21/4
f 2939/2/3 2940/2/3 2937/2/3 2936/2/3
f 2896/16/1 2895/17/1 2904/26/1 2905/25/1
f 2898/26/1 2899/25/1 2907/16/1 2906/17/1
f 2885/26/1 2886/25/1 2902/16/1 2901/17/1
f 2903/22/4 2904/26/4 2895/17/4 2911/17/4
f 2897/20/4 2898/26/4 2906/17/4 2920/18/4
f 2884/20/4 2885/26/4 2901/17/4 2900/18/4
f 2954/19/4 2957/17/4 2973/17/4 2970/19/4
f 2906/17/3 2907/16/3 2948/16/3 2949/17/3
f 2905/25/5 2904/26/5 2946/26/5 2947/25/5
f 2898/19/4 2901/17/4 2945/17/4 2942/19/4
f 2904/19/4 2906/17/4 2949/17/4 2946/19/4
f 2946/19/4 2949/17/4 2965/17/4 2962/19/4
f 2894/23/5 2892/22/5 2954/22/5 2955/23/5
f 2888/17/3 2890/16/3 2952/16/3 2953/17/3
f 2895/17/3 2896/16/3 2956/16/3 2957/17/3
f 2886/25/5 2885/26/5 2950/26/5 2951/25/5
f 2971/23/5 2970/22/5 2986/22/5 2987/23/5
f 2963/25/5 2962/26/5 2978/26/5 2979/25/5
f 2942/19/4 2945/17/4 2961/17/4 2958/19/4
f 2953/17/3 2952/16/3 2968/16/3 2969/17/3
f 2950/19/4 2953/17/4 2969/17/4 2966/19/4
f 2955/23/5 2954/22/5 2970/22/5 2971/23/5
f 2987/23/5 2986/22/5 2997/22/5 2998/23/5
f 2982/19/4 2994/26/4 2991/17/4 2977/17/4
f 2982/19/4 2985/17/4 2996/17/4 2994/19/4
f 2965/17/3 2964/16/3 2980/16/3 2981/17/3
f 2973/17/3 2972/16/3 2988/16/3 2989/17/3
f 2962/19/4 2965/17/4 2981/17/4 2978/19/4
f 2959/25/5 2958/26/5 2974/26/5 2975/25/5
f 2970/19/4 2973/17/4 2989/17/4 2986/19/4
f 2967/25/5 2966/26/5 2982/26/5 2983/25/5
f 2950/19/4 2966/26/4 2961/17/4 2945/17/4
f 2961/17/3 2960/16/3 2976/16/3 2977/17/3
f 2969/17/3 2968/16/3 2984/16/3 2985/17/3
f 2958/19/4 2961/17/4 2977/17/4 2974/19/4
f 2966/19/4 2969/17/4 2985/17/4 2982/19/4
f 2960/16/1 2961/17/1 2966/26/1 2967/25/1
f 2981/17/4 2974/19/4 2990/26/4 2993/17/4
f 2978/19/4 2981/17/4 2993/17/4 2992/19/4
f 2986/19/4 2989/17/4 2999/17/4 2997/19/4
f 2978/19/4 2992/26/4 2999/17/4 2989/17/4
f 2958/26/1 2959/25/1 2964/16/1 2965/17/1
f 2962/26/1 2963/25/1 2972/16/1 2973/17/1
f 2985/17/3 2984/16/3 2995/16/3 2996/17/3
f 2974/19/4 2977/17/4 2991/17/4 2990/19/4
f 2965/17/4 2949/17/4 2942/19/4 2958/26/4
f 2946/19/4 2962/26/4 2973/17/4 2957/17/4
f 2921/15/4 2926/24/4 2927/23/4 2922/16/4
f 2929/15/4 2934/24/4 2935/23/4 2930/16/4
f 2886/25/4 2951/25/4 2944/16/4 2902/16/4
f 2907/16/4 2899/25/4 2943/25/4 2948/16/4
f 2959/25/4 2975/25/4 2980/16/4 2964/16/4
f 2960/16/4 2967/25/4 2983/25/4 2976/16/4
f 2972/16/4 2963/25/4 2979/25/4 2988/16/4
f 2896/16/4 2905/25/4 2947/25/4 2956/16/4
f 2912/15/4 2917/24/4 2918/23/4 2913/16/4
f 3014/29/4 3007/30/4 3003/5/4 3010/31/4
f 3009/32/4 3001/1/4 3006/33/4 3012/34/4
f 3012/34/4 3006/33/4 3007/30/4 3014/29/4
f 3005/35/4 3013/36/4 3015/37/4 3004/38/4
f 3012/34/5 3014/29/5 3018/29/5 3016/34/5
f 3000/2/4 3008/39/4 3013/36/4 3005/35/4
f 3008/39/4 3009/32/4 3012/34/4 3013/36/4
f 3004/38/4 3015/37/4 3011/40/4 3002/6/4
f 3015/37/4 3014/29/4 3010/31/4 3011/40/4
f 3014/29/6 3015/37/6 3019/37/6 3018/29/6
f 3013/36/1 3012/34/1 3016/34/1 3017/36/1
f 3015/37/3 3013/36/3 3017/36/3 3019/37/3
f 3020/2/4 3021/1/4 3023/5/4 3022/6/4
f 3024/2/4 3025/1/4 3027/5/4 3026/6/4
f 3033/15/3 3034/16/3 3032/17/3 3031/18/3
f 3031/18/4 3032/17/4 3029/19/4 3028/20/4
f 3036/19/4 3039/17/4 3101/17/4 3098/19/4
f 3035/21/5 3036/22/5 3038/23/5 3037/24/5
f 3055/18/4 3039/17/4 3036/19/4 3035/20/4
f 3029/19/4 3032/17/4 3097/17/4 3094/19/4
f 3044/18/4 3045/17/4 3042/19/4 3041/20/4
f 3043/25/5 3042/26/5 3086/26/5 3087/25/5
f 3064/18/4 3050/17/4 3048/19/4 3047/20/4
f 3045/17/3 3046/16/3 3088/16/3 3089/17/3
f 3052/21/5 3035/22/5 3037/23/5 3053/24/5
f 3056/15/3 3057/16/3 3055/17/3 3054/18/3
f 3054/18/4 3055/17/4 3035/19/4 3052/20/4
f 3052/20/4 3058/20/4 3059/18/4 3054/18/4
f 3060/21/5 3047/22/5 3062/23/5 3061/24/5
f 3065/15/3 3066/16/3 3064/17/3 3063/18/3
f 3063/18/4 3064/17/4 3047/19/4 3060/20/4
f 3061/27/6 3065/15/6 3063/18/6 3060/28/6
f 3060/20/4 3067/20/4 3068/18/4 3063/18/4
f 3069/21/5 3041/22/5 3071/23/5 3070/24/5
f 3073/15/3 3074/16/3 3044/17/3 3072/18/3
f 3072/18/4 3044/17/4 3041/19/4 3069/20/4
f 3070/27/6 3073/15/6 3072/18/6 3069/28/6
f 3069/20/4 3075/20/4 3076/18/4 3072/18/4
f 3077/21/5 3028/22/5 3079/23/5 3078/24/5
f 3081/15/3 3033/16/3 3031/17/3 3080/18/3
f 3080/18/4 3031/17/4 3028/19/4 3077/20/4
f 3077/20/4 3082/20/4 3083/18/4 3080/18/4
f 3054/18/1 3060/21/1 3061/24/1 3056/15/1
f 3063/18/1 3069/21/1 3070/24/1 3065/15/1
f 3072/18/1 3077/21/1 3078/24/1 3073/15/1
f 3072/18/4 3076/18/4 3082/20/4 3077/21/4
f 3085/2/5 3058/2/5 3052/2/5 3053/2/5
f 3054/18/4 3059/18/4 3067/20/4 3060/21/4
f 3063/18/4 3068/18/4 3075/20/4 3069/21/4
f 3083/2/3 3084/2/3 3081/2/3 3080/2/3
f 3040/16/1 3039/17/1 3048/26/1 3049/25/1
f 3042/26/1 3043/25/1 3051/16/1 3050/17/1
f 3029/26/1 3030/25/1 3046/16/1 3045/17/1
f 3047/22/4 3048/26/4 3039/17/4 3055/17/4
f 3041/20/4 3042/26/4 3050/17/4 3064/18/4
f 3028/20/4 3029/26/4 3045/17/4 3044/18/4
f 3098/19/4 3101/17/4 3117/17/4 3114/19/4
f 3050/17/3 3051/16/3 3092/16/3 3093/17/3
f 3049/25/5 3048/26/5 3090/26/5 3091/25/5
f 3042/19/4 3045/17/4 3089/17/4 3086/19/4
f 3048/19/4 3050/17/4 3093/17/4 3090/19/4
f 3090/19/4 3093/17/4 3109/17/4 3106/19/4
f 3038/23/5 3036/22/5 3098/22/5 3099/23/5
f 3032/17/3 3034/16/3 3096/16/3 3097/17/3
f 3039/17/3 3040/16/3 3100/16/3 3101/17/3
f 3030/25/5 3029/26/5 3094/26/5 3095/25/5
f 3115/23/5 3114/22/5 3130/22/5 3131/23/5
f 3107/25/5 3106/26/5 3122/26/5 3123/25/5
f 3086/19/4 3089/17/4 3105/17/4 3102/19/4
f 3097/17/3 3096/16/3 3112/16/3 3113/17/3
f 3094/19/4 3097/17/4 3113/17/4 3110/19/4
f 3099/23/5 3098/22/5 3114/22/5 3115/23/5
f 3131/23/5 3130/22/5 3141/22/5 3142/23/5
f 3126/19/4 3138/26/4 3135/17/4 3121/17/4
f 3126/19/4 3129/17/4 3140/17/4 3138/19/4
f 3109/17/3 3108/16/3 3124/16/3 3125/17/3
f 3117/17/3 3116/16/3 3132/16/3 3133/17/3
f 3106/19/4 3109/17/4 3125/17/4 3122/19/4
f 3103/25/5 3102/26/5 3118/26/5 3119/25/5
f 3114/19/4 3117/17/4 3133/17/4 3130/19/4
f 3111/25/5 3110/26/5 3126/26/5 3127/25/5
f 3094/19/4 3110/26/4 3105/17/4 3089/17/4
f 3105/17/3 3104/16/3 3120/16/3 3121/17/3
f 3113/17/3 3112/16/3 3128/16/3 3129/17/3
f 3102/19/4 3105/17/4 3121/17/4 3118/19/4
f 3110/19/4 3113/17/4 3129/17/4 3126/19/4
f 3104/16/1 3105/17/1 3110/26/1 3111/25/1
f 3125/17/4 3118/19/4 3134/26/4 3137/17/4
f 3122/19/4 3125/17/4 3137/17/4 3136/19/4
f 3130/19/4 3133/17/4 3143/17/4 3141/19/4
f 3122/19/4 3136/26/4 3143/17/4 3133/17/4
f 3102/26/1 3103/25/1 3108/16/1 3109/17/1
f 3106/26/1 3107/25/1 3116/16/1 3117/17/1
f 3129/17/3 3128/16/3 3139/16/3 3140/17/3
f 3118/19/4 3121/17/4 3135/17/4 3134/19/4
f 3109/17/4 3093/17/4 3086/19/4 3102/26/4
f 3090/19/4 3106/26/4 3117/17/4 3101/17/4
f 3040/16/4 3049/25/4 3091/25/4 3100/16/4
f 3051/16/4 3043/25/4 3087/25/4 3092/16/4
f 3030/25/4 3095/25/4 3088/16/4 3046/16/4
f 3116/16/4 3107/25/4 3123/25/4 3132/16/4
f 3104/16/4 3111/25/4 3127/25/4 3120/16/4
f 3103/25/4 3119/25/4 3124/16/4 3108/16/4
f 3065/15/4 3070/24/4 3071/23/4 3066/16/4
f 3073/15/4 3078/24/4 3079/23/4 3074/16/4
f 3056/15/4 3061/24/4 3062/23/4 3057/16/4
f 3149/15/3 3150/16/3 3148/17/3 3147/18/3
f 3147/18/4 3148/17/4 3145/19/4 3144/20/4
f 3152/19/4 3155/17/4 3217/17/4 3214/19/4
f 3151/21/5 3152/22/5 3154/23/5 3153/24/5
f 3171/18/4 3155/17/4 3152/19/4 3151/20/4
f 3145/19/4 3148/17/4 3213/17/4 3210/19/4
f 3160/18/4 3161/17/4 3158/19/4 3157/20/4
f 3159/25/5 3158/26/5 3202/26/5 3203/25/5
f 3180/18/4 3166/17/4 3164/19/4 3163/20/4
f 3161/17/3 3162/16/3 3204/16/3 3205/17/3
f 3168/21/5 3151/22/5 3153/23/5 3169/24/5
f 3172/15/3 3173/16/3 3171/17/3 3170/18/3
f 3170/18/4 3171/17/4 3151/19/4 3168/20/4
f 3168/20/4 3174/20/4 3175/18/4 3170/18/4
f 3176/21/5 3163/22/5 3178/23/5 3177/24/5
f 3181/15/3 3182/16/3 3180/17/3 3179/18/3
f 3179/18/4 3180/17/4 3163/19/4 3176/20/4
f 3177/27/6 3181/15/6 3179/18/6 3176/28/6
f 3176/20/4 3183/20/4 3184/18/4 3179/18/4
f 3185/21/5 3157/22/5 3187/23/5 3186/24/5
f 3189/15/71 3190/16/71 3160/17/71 3188/18/71
f 3188/18/4 3160/17/4 3157/19/4 3185/20/4
f 3186/27/6 3189/15/6 3188/18/6 3185/28/6
f 3185/20/4 3191/20/4 3192/18/4 3188/18/4
f 3193/21/5 3144/22/5 3195/23/5 3194/24/5
f 3197/15/3 3149/16/3 3147/17/3 3196/18/3
f 3196/18/4 3147/17/4 3144/19/4 3193/20/4
f 3193/20/4 3198/20/4 3199/18/4 3196/18/4
f 3170/18/1 3176/21/1 3177/24/1 3172/15/1
f 3179/18/1 3185/21/1 3186/24/1 3181/15/1
f 3188/18/1 3193/21/1 3194/24/1 3189/15/1
f 3188/18/4 3192/18/4 3198/20/4 3193/21/4
f 3201/2/5 3174/2/5 3168/2/5 3169/2/5
f 3170/18/4 3175/18/4 3183/20/4 3176/21/4
f 3179/18/4 3184/18/4 3191/20/4 3185/21/4
f 3199/2/3 3200/2/3 3197/2/3 3196/2/3
f 3156/16/1 3155/17/1 3164/26/1 3165/25/1
f 3158/26/1 3159/25/1 3167/16/1 3166/17/1
f 3145/26/1 3146/25/1 3162/16/1 3161/17/1
f 3163/22/4 3164/26/4 3155/17/4 3171/17/4
f 3157/20/4 3158/26/4 3166/17/4 3180/18/4
f 3144/20/4 3145/26/4 3161/17/4 3160/18/4
f 3214/19/4 3217/17/4 3233/17/4 3230/19/4
f 3166/17/3 3167/16/3 3208/16/3 3209/17/3
f 3165/25/5 3164/26/5 3206/26/5 3207/25/5
f 3158/19/4 3161/17/4 3205/17/4 3202/19/4
f 3164/19/4 3166/17/4 3209/17/4 3206/19/4
f 3206/19/4 3209/17/4 3225/17/4 3222/19/4
f 3154/23/5 3152/22/5 3214/22/5 3215/23/5
f 3148/17/3 3150/16/3 3212/16/3 3213/17/3
f 3155/17/3 3156/16/3 3216/16/3 3217/17/3
f 3146/25/5 3145/26/5 3210/26/5 3211/25/5
f 3231/23/5 3230/22/5 3246/22/5 3247/23/5
f 3223/25/5 3222/26/5 3238/26/5 3239/25/5
f 3202/19/4 3205/17/4 3221/17/4 3218/19/4
f 3213/17/3 3212/16/3 3228/16/3 3229/17/3
f 3210/19/4 3213/17/4 3229/17/4 3226/19/4
f 3215/23/5 3214/22/5 3230/22/5 3231/23/5
f 3247/23/5 3246/22/5 3257/22/5 3258/23/5
f 3242/19/4 3254/26/4 3251/17/4 3237/17/4
f 3242/19/4 3245/17/4 3256/17/4 3254/19/4
f 3225/17/3 3224/16/3 3240/16/3 3241/17/3
f 3233/17/3 3232/16/3 3248/16/3 3249/17/3
f 3222/19/4 3225/17/4 3241/17/4 3238/19/4
f 3219/25/5 3218/26/5 3234/26/5 3235/25/5
f 3230/19/4 3233/17/4 3249/17/4 3246/19/4
f 3227/25/5 3226/26/5 3242/26/5 3243/25/5
f 3210/19/4 3226/26/4 3221/17/4 3205/17/4
f 3221/17/3 3220/16/3 3236/16/3 3237/17/3
f 3229/17/3 3228/16/3 3244/16/3 3245/17/3
f 3218/19/4 3221/17/4 3237/17/4 3234/19/4
f 3226/19/4 3229/17/4 3245/17/4 3242/19/4
f 3220/16/1 3221/17/1 3226/26/1 3227/25/1
f 3241/17/4 3234/19/4 3250/26/4 3253/17/4
f 3238/19/4 3241/17/4 3253/17/4 3252/19/4
f 3246/19/4 3249/17/4 3259/17/4 3257/19/4
f 3238/19/4 3252/26/4 3259/17/4 3249/17/4
f 3218/26/1 3219/25/1 3224/16/1 3225/17/1
f 3222/26/1 3223/25/1 3232/16/1 3233/17/1
f 3245/17/3 3244/16/3 3255/16/3 3256/17/3
f 3234/19/4 3237/17/4 3251/17/4 3250/19/4
f 3225/17/4 3209/17/4 3202/19/4 3218/26/4
f 3206/19/4 3222/26/4 3233/17/4 3217/17/4
f 3181/15/4 3186/24/4 3187/23/4 3182/16/4
f 3189/15/4 3194/24/4 3195/23/4 3190/16/4
f 3146/25/4 3211/25/4 3204/16/4 3162/16/4
f 3167/16/4 3159/25/4 3203/25/4 3208/16/4
f 3219/25/4 3235/25/4 3240/16/4 3224/16/4
f 3220/16/4 3227/25/4 3243/25/4 3236/16/4
f 3232/16/4 3223/25/4 3239/25/4 3248/16/4
f 3156/16/4 3165/25/4 3207/25/4 3216/16/4
f 3172/15/4 3177/24/4 3178/23/4 3173/16/4
f 3274/29/4 3267/30/4 3263/5/4 3270/31/4
f 3269/32/4 3261/1/4 3266/33/4 3272/34/4
f 3272/34/4 3266/33/4 3267/30/4 3274/29/4
f 3265/35/4 3273/36/4 3275/37/4 3264/38/4
f 3272/34/5 3274/29/5 3278/29/5 3276/34/5
f 3260/2/4 3268/39/4 3273/36/4 3265/35/4
f 3268/39/4 3269/32/4 3272/34/4 3273/36/4
f 3264/38/4 3275/37/4 3271/40/4 3262/6/4
f 3275/37/4 3274/29/4 3270/31/4 3271/40/4
f 3274/29/6 3275/37/6 3279/37/6 3278/29/6
f 3273/36/1 3272/34/1 3276/34/1 3277/36/1
f 3275/37/3 3273/36/3 3277/36/3 3279/37/3
f 3280/2/4 3281/1/4 3285/1/4 3284/2/4
f 3284/2/1 3285/1/1 3287/1/1 3286/2/1
f 3288/41/4 3290/42/4 3282/6/4
f 3290/42/4 3289/6/4 3282/6/4
f 3291/43/4 3293/44/4 3283/5/4
f 3293/44/4 3292/5/4 3283/5/4
f 3294/45/72 3296/46/72 3298/47/72
f 3298/47/73 3296/46/73 3295/41/73 3297/48/73
f 3288/41/74 3295/41/74 3296/46/74 3290/6/74
f 3290/6/75 3296/46/75 3294/45/75 3289/45/75
f 3297/48/76 3292/48/76 3293/5/76 3298/47/76
f 3298/47/77 3293/5/77 3291/43/77 3294/43/77
f 3288/41/78 3284/2/78 3286/2/78 3295/41/78
f 3283/5/4 3282/6/4 3289/45/4 3291/43/4
f 3282/6/4 3280/2/4 3284/2/4 3288/41/4
f 3285/1/79 3292/48/79 3297/48/79 3287/1/79
f 3281/1/4 3283/5/4 3292/48/4 3285/1/4
f 3286/2/4 3287/1/4 3297/48/4 3295/41/4
f 3304/15/3 3305/16/3 3303/17/3 3302/18/3
f 3302/18/4 3303/17/4 3300/19/4 3299/20/4
f 3307/19/4 3310/17/4 3372/17/4 3369/19/4
f 3306/21/5 3307/22/5 3309/23/5 3308/24/5
f 3326/18/4 3310/17/4 3307/19/4 3306/20/4
f 3300/19/4 3303/17/4 3368/17/4 3365/19/4
f 3315/18/4 3316/17/4 3313/19/4 3312/20/4
f 3314/25/5 3313/26/5 3357/26/5 3358/25/5
f 3335/18/4 3321/17/4 3319/19/4 3318/20/4
f 3316/17/3 3317/16/3 3359/16/3 3360/17/3
f 3323/21/5 3306/22/5 3308/23/5 3324/24/5
f 3327/15/3 3328/16/3 3326/17/3 3325/18/3
f 3325/18/4 3326/17/4 3306/19/4 3323/20/4
f 3323/20/4 3329/20/4 3330/18/4 3325/18/4
f 3331/21/5 3318/22/5 3333/23/5 3332/24/5
f 3336/15/3 3337/16/3 3335/17/3 3334/18/3
f 3334/18/4 3335/17/4 3318/19/4 3331/20/4
f 3332/27/6 3336/15/6 3334/18/6 3331/28/6
f 3331/20/4 3338/20/4 3339/18/4 3334/18/4
f 3340/21/5 3312/22/5 3342/23/5 3341/24/5
f 3344/15/3 3345/16/3 3315/17/3 3343/18/3
f 3343/18/4 3315/17/4 3312/19/4 3340/20/4
f 3341/27/6 3344/15/6 3343/18/6 3340/28/6
f 3340/20/4 3346/20/4 3347/18/4 3343/18/4
f 3348/21/5 3299/22/5 3350/23/5 3349/24/5
f 3352/15/3 3304/16/3 3302/17/3 3351/18/3
f 3351/18/4 3302/17/4 3299/19/4 3348/20/4
f 3348/20/4 3353/20/4 3354/18/4 3351/18/4
f 3325/18/1 3331/21/1 3332/24/1 3327/15/1
f 3334/18/1 3340/21/1 3341/24/1 3336/15/1
f 3343/18/1 3348/21/1 3349/24/1 3344/15/1
f 3343/18/4 3347/18/4 3353/20/4 3348/21/4
f 3356/2/5 3329/2/5 3323/2/5 3324/2/5
f 3325/18/4 3330/18/4 3338/20/4 3331/21/4
f 3334/18/4 3339/18/4 3346/20/4 3340/21/4
f 3354/2/3 3355/2/3 3352/2/3 3351/2/3
f 3311/16/1 3310/17/1 3319/26/1 3320/25/1
f 3313/26/1 3314/25/1 3322/16/1 3321/17/1
f 3300/26/1 3301/25/1 3317/16/1 3316/17/1
f 3318/22/4 3319/26/4 3310/17/4 3326/17/4
f 3312/20/4 3313/26/4 3321/17/4 3335/18/4
f 3299/20/4 3300/26/4 3316/17/4 3315/18/4
f 3369/19/4 3372/17/4 3388/17/4 3385/19/4
f 3321/17/3 3322/16/3 3363/16/3 3364/17/3
f 3320/25/5 3319/26/5 3361/26/5 3362/25/5
f 3313/19/4 3316/17/4 3360/17/4 3357/19/4
f 3319/19/4 3321/17/4 3364/17/4 3361/19/4
f 3361/19/4 3364/17/4 3380/17/4 3377/19/4
f 3309/23/5 3307/22/5 3369/22/5 3370/23/5
f 3303/17/3 3305/16/3 3367/16/3 3368/17/3
f 3310/17/3 3311/16/3 3371/16/3 3372/17/3
f 3301/25/5 3300/26/5 3365/26/5 3366/25/5
f 3386/23/5 3385/22/5 3401/22/5 3402/23/5
f 3378/25/5 3377/26/5 3393/26/5 3394/25/5
f 3357/19/4 3360/17/4 3376/17/4 3373/19/4
f 3368/17/3 3367/16/3 3383/16/3 3384/17/3
f 3365/19/4 3368/17/4 3384/17/4 3381/19/4
f 3370/23/5 3369/22/5 3385/22/5 3386/23/5
f 3402/23/5 3401/22/5 3412/22/5 3413/23/5
f 3397/19/4 3409/26/4 3406/17/4 3392/17/4
f 3397/19/4 3400/17/4 3411/17/4 3409/19/4
f 3380/17/3 3379/16/3 3395/16/3 3396/17/3
f 3388/17/3 3387/16/3 3403/16/3 3404/17/3
f 3377/19/4 3380/17/4 3396/17/4 3393/19/4
f 3374/25/5 3373/26/5 3389/26/5 3390/25/5
f 3385/19/4 3388/17/4 3404/17/4 3401/19/4
f 3382/25/5 3381/26/5 3397/26/5 3398/25/5
f 3365/19/4 3381/26/4 3376/17/4 3360/17/4
f 3376/17/3 3375/16/3 3391/16/3 3392/17/3
f 3384/17/3 3383/16/3 3399/16/3 3400/17/3
f 3373/19/4 3376/17/4 3392/17/4 3389/19/4
f 3381/19/4 3384/17/4 3400/17/4 3397/19/4
f 3375/16/1 3376/17/1 3381/26/1 3382/25/1
f 3396/17/4 3389/19/4 3405/26/4 3408/17/4
f 3393/19/4 3396/17/4 3408/17/4 3407/19/4
f 3401/19/4 3404/17/4 3414/17/4 3412/19/4
f 3393/19/4 3407/26/4 3414/17/4 3404/17/4
f 3373/26/1 3374/25/1 3379/16/1 3380/17/1
f 3377/26/1 3378/25/1 3387/16/1 3388/17/1
f 3400/17/3 3399/16/3 3410/16/3 3411/17/3
f 3389/19/4 3392/17/4 3406/17/4 3405/19/4
f 3380/17/4 3364/17/4 3357/19/4 3373/26/4
f 3361/19/4 3377/26/4 3388/17/4 3372/17/4
f 3311/16/4 3320/25/4 3362/25/4 3371/16/4
f 3322/16/4 3314/25/4 3358/25/4 3363/16/4
f 3301/25/4 3366/25/4 3359/16/4 3317/16/4
f 3387/16/4 3378/25/4 3394/25/4 3403/16/4
f 3375/16/4 3382/25/4 3398/25/4 3391/16/4
f 3374/25/4 3390/25/4 3395/16/4 3379/16/4
f 3336/15/4 3341/24/4 3342/23/4 3337/16/4
f 3344/15/4 3349/24/4 3350/23/4 3345/16/4
f 3327/15/4 3332/24/4 3333/23/4 3328/16/4
f 3420/15/3 3421/16/3 3419/17/3 3418/18/3
f 3418/18/4 3419/17/4 3416/19/4 3415/20/4
f 3423/19/4 3426/17/4 3488/17/4 3485/19/4
f 3422/21/5 3423/22/5 3425/23/5 3424/24/5
f 3442/18/4 3426/17/4 3423/19/4 3422/20/4
f 3416/19/4 3419/17/4 3484/17/4 3481/19/4
f 3431/18/4 3432/17/4 3429/19/4 3428/20/4
f 3430/25/5 3429/26/5 3473/26/5 3474/25/5
f 3451/18/4 3437/17/4 3435/19/4 3434/20/4
f 3432/17/3 3433/16/3 3475/16/3 3476/17/3
f 3439/21/5 3422/22/5 3424/23/5 3440/24/5
f 3443/15/3 3444/16/3 3442/17/3 3441/18/3
f 3441/18/4 3442/17/4 3422/19/4 3439/20/4
f 3439/20/4 3445/20/4 3446/18/4 3441/18/4
f 3447/21/5 3434/22/5 3449/23/5 3448/24/5
f 3452/15/3 3453/16/3 3451/17/3 3450/18/3
f 3450/18/4 3451/17/4 3434/19/4 3447/20/4
f 3448/27/6 3452/15/6 3450/18/6 3447/28/6
f 3447/20/4 3454/20/4 3455/18/4 3450/18/4
f 3456/21/5 3428/22/5 3458/23/5 3457/24/5
f 3460/15/71 3461/16/71 3431/17/71 3459/18/71
f 3459/18/4 3431/17/4 3428/19/4 3456/20/4
f 3457/27/6 3460/15/6 3459/18/6 3456/28/6
f 3456/20/4 3462/20/4 3463/18/4 3459/18/4
f 3464/21/5 3415/22/5 3466/23/5 3465/24/5
f 3468/15/3 3420/16/3 3418/17/3 3467/18/3
f 3467/18/4 3418/17/4 3415/19/4 3464/20/4
f 3464/20/4 3469/20/4 3470/18/4 3467/18/4
f 3441/18/1 3447/21/1 3448/24/1 3443/15/1
f 3450/18/1 3456/21/1 3457/24/1 3452/15/1
f 3459/18/1 3464/21/1 3465/24/1 3460/15/1
f 3459/18/4 3463/18/4 3469/20/4 3464/21/4
f 3472/2/5 3445/2/5 3439/2/5 3440/2/5
f 3441/18/4 3446/18/4 3454/20/4 3447/21/4
f 3450/18/4 3455/18/4 3462/20/4 3456/21/4
f 3470/2/3 3471/2/3 3468/2/3 3467/2/3
f 3427/16/1 3426/17/1 3435/26/1 3436/25/1
f 3429/26/1 3430/25/1 3438/16/1 3437/17/1
f 3416/26/1 3417/25/1 3433/16/1 3432/17/1
f 3434/22/4 3435/26/4 3426/17/4 3442/17/4
f 3428/20/4 3429/26/4 3437/17/4 3451/18/4
f 3415/20/4 3416/26/4 3432/17/4 3431/18/4
f 3485/19/4 3488/17/4 3504/17/4 3501/19/4
f 3437/17/3 3438/16/3 3479/16/3 3480/17/3
f 3436/25/5 3435/26/5 3477/26/5 3478/25/5
f 3429/19/4 3432/17/4 3476/17/4 3473/19/4
f 3435/19/4 3437/17/4 3480/17/4 3477/19/4
f 3477/19/4 3480/17/4 3496/17/4 3493/19/4
f 3425/23/5 3423/22/5 3485/22/5 3486/23/5
f 3419/17/3 3421/16/3 3483/16/3 3484/17/3
f 3426/17/3 3427/16/3 3487/16/3 3488/17/3
f 3417/25/5 3416/26/5 3481/26/5 3482/25/5
f 3502/23/5 3501/22/5 3517/22/5 3518/23/5
f 3494/25/5 3493/26/5 3509/26/5 3510/25/5
f 3473/19/4 3476/17/4 3492/17/4 3489/19/4
f 3484/17/3 3483/16/3 3499/16/3 3500/17/3
f 3481/19/4 3484/17/4 3500/17/4 3497/19/4
f 3486/23/5 3485/22/5 3501/22/5 3502/23/5
f 3518/23/5 3517/22/5 3528/22/5 3529/23/5
f 3513/19/4 3525/26/4 3522/17/4 3508/17/4
f 3513/19/4 3516/17/4 3527/17/4 3525/19/4
f 3496/17/3 3495/16/3 3511/16/3 3512/17/3
f 3504/17/3 3503/16/3 3519/16/3 3520/17/3
f 3493/19/4 3496/17/4 3512/17/4 3509/19/4
f 3490/25/5 3489/26/5 3505/26/5 3506/25/5
f 3501/19/4 3504/17/4 3520/17/4 3517/19/4
f 3498/25/5 3497/26/5 3513/26/5 3514/25/5
f 3481/19/4 3497/26/4 3492/17/4 3476/17/4
f 3492/17/3 3491/16/3 3507/16/3 3508/17/3
f 3500/17/3 3499/16/3 3515/16/3 3516/17/3
f 3489/19/4 3492/17/4 3508/17/4 3505/19/4
f 3497/19/4 3500/17/4 3516/17/4 3513/19/4
f 3491/16/1 3492/17/1 3497/26/1 3498/25/1
f 3512/17/4 3505/19/4 3521/26/4 3524/17/4
f 3509/19/4 3512/17/4 3524/17/4 3523/19/4
f 3517/19/4 3520/17/4 3530/17/4 3528/19/4
f 3509/19/4 3523/26/4 3530/17/4 3520/17/4
f 3489/26/1 3490/25/1 3495/16/1 3496/17/1
f 3493/26/1 3494/25/1 3503/16/1 3504/17/1
f 3516/17/3 3515/16/3 3526/16/3 3527/17/3
f 3505/19/4 3508/17/4 3522/17/4 3521/19/4
f 3496/17/4 3480/17/4 3473/19/4 3489/26/4
f 3477/19/4 3493/26/4 3504/17/4 3488/17/4
f 3452/15/4 3457/24/4 3458/23/4 3453/16/4
f 3460/15/4 3465/24/4 3466/23/4 3461/16/4
f 3417/25/4 3482/25/4 3475/16/4 3433/16/4
f 3438/16/4 3430/25/4 3474/25/4 3479/16/4
f 3490/25/4 3506/25/4 3511/16/4 3495/16/4
f 3491/16/4 3498/25/4 3514/25/4 3507/16/4
f 3503/16/4 3494/25/4 3510/25/4 3519/16/4
f 3427/16/4 3436/25/4 3478/25/4 3487/16/4
f 3443/15/4 3448/24/4 3449/23/4 3444/16/4
f 3545/29/4 3538/30/4 3534/5/4 3541/31/4
f 3540/32/4 3532/1/4 3537/33/4 3543/34/4
f 3543/34/4 3537/33/4 3538/30/4 3545/29/4
f 3536/35/4 3544/36/4 3546/37/4 3535/38/4
f 3543/34/5 3545/29/5 3549/29/5 3547/34/5
f 3531/2/4 3539/39/4 3544/36/4 3536/35/4
f 3539/39/4 3540/32/4 3543/34/4 3544/36/4
f 3535/38/4 3546/37/4 3542/40/4 3533/6/4
f 3546/37/4 3545/29/4 3541/31/4 3542/40/4
f 3545/29/6 3546/37/6 3550/37/6 3549/29/6
f 3544/36/1 3543/34/1 3547/34/1 3548/36/1
f 3546/37/3 3544/36/3 3548/36/3 3550/37/3
f 3551/2/4 3552/1/4 3554/5/4 3553/6/4
f 3560/15/3 3561/16/3 3559/17/3 3558/18/3
f 3558/18/4 3559/17/4 3556/19/4 3555/20/4
f 3563/19/4 3566/17/4 3628/17/4 3625/19/4
f 3562/21/5 3563/22/5 3565/23/5 3564/24/5
f 3582/18/4 3566/17/4 3563/19/4 3562/20/4
f 3556/19/4 3559/17/4 3624/17/4 3621/19/4
f 3571/18/4 3572/17/4 3569/19/4 3568/20/4
f 3570/25/5 3569/26/5 3613/26/5 3614/25/5
f 3591/18/4 3577/17/4 3575/19/4 3574/20/4
f 3572/17/3 3573/16/3 3615/16/3 3616/17/3
f 3579/21/5 3562/22/5 3564/23/5 3580/24/5
f 3583/15/3 3584/16/3 3582/17/3 3581/18/3
f 3581/18/4 3582/17/4 3562/19/4 3579/20/4
f 3579/20/4 3585/20/4 3586/18/4 3581/18/4
f 3587/21/5 3574/22/5 3589/23/5 3588/24/5
f 3592/15/3 3593/16/3 3591/17/3 3590/18/3
f 3590/18/4 3591/17/4 3574/19/4 3587/20/4
f 3588/27/6 3592/15/6 3590/18/6 3587/28/6
f 3587/20/4 3594/20/4 3595/18/4 3590/18/4
f 3596/21/5 3568/22/5 3598/23/5 3597/24/5
f 3600/15/3 3601/16/3 3571/17/3 3599/18/3
f 3599/18/4 3571/17/4 3568/19/4 3596/20/4
f 3597/27/6 3600/15/6 3599/18/6 3596/28/6
f 3596/20/4 3602/20/4 3603/18/4 3599/18/4
f 3604/21/5 3555/22/5 3606/23/5 3605/24/5
f 3608/15/3 3560/16/3 3558/17/3 3607/18/3
f 3607/18/4 3558/17/4 3555/19/4 3604/20/4
f 3604/20/4 3609/20/4 3610/18/4 3607/18/4
f 3581/18/1 3587/21/1 3588/24/1 3583/15/1
f 3590/18/1 3596/21/1 3597/24/1 3592/15/1
f 3599/18/1 3604/21/1 3605/24/1 3600/15/1
f 3599/18/4 3603/18/4 3609/20/4 3604/21/4
f 3612/2/5 3585/2/5 3579/2/5 3580/2/5
f 3581/18/4 3586/18/4 3594/20/4 3587/21/4
f 3590/18/4 3595/18/4 3602/20/4 3596/21/4
f 3610/2/3 3611/2/3 3608/2/3 3607/2/3
f 3567/16/1 3566/17/1 3575/26/1 3576/25/1
f 3569/26/1 3570/25/1 3578/16/1 3577/17/1
f 3556/26/1 3557/25/1 3573/16/1 3572/17/1
f 3574/22/4 3575/26/4 3566/17/4 3582/17/4
f 3568/20/4 3569/26/4 3577/17/4 3591/18/4
f 3555/20/4 3556/26/4 3572/17/4 3571/18/4
f 3625/19/4 3628/17/4 3644/17/4 3641/19/4
f 3577/17/3 3578/16/3 3619/16/3 3620/17/3
f 3576/25/5 3575/26/5 3617/26/5 3618/25/5
f 3569/19/4 3572/17/4 3616/17/4 3613/19/4
f 3575/19/4 3577/17/4 3620/17/4 3617/19/4
f 3617/19/4 3620/17/4 3636/17/4 3633/19/4
f 3565/23/5 3563/22/5 3625/22/5 3626/23/5
f 3559/17/3 3561/16/3 3623/16/3 3624/17/3
f 3566/17/3 3567/16/3 3627/16/3 3628/17/3
f 3557/25/5 3556/26/5 3621/26/5 3622/25/5
f 3642/23/5 3641/22/5 3657/22/5 3658/23/5
f 3634/25/5 3633/26/5 3649/26/5 3650/25/5
f 3613/19/4 3616/17/4 3632/17/4 3629/19/4
f 3624/17/3 3623/16/3 3639/16/3 3640/17/3
f 3621/19/4 3624/17/4 3640/17/4 3637/19/4
f 3626/23/5 3625/22/5 3641/22/5 3642/23/5
f 3658/23/5 3657/22/5 3668/22/5 3669/23/5
f 3653/19/4 3665/26/4 3662/17/4 3648/17/4
f 3653/19/4 3656/17/4 3667/17/4 3665/19/4
f 3636/17/3 3635/16/3 3651/16/3 3652/17/3
f 3644/17/3 3643/16/3 3659/16/3 3660/17/3
f 3633/19/4 3636/17/4 3652/17/4 3649/19/4
f 3630/25/5 3629/26/5 3645/26/5 3646/25/5
f 3641/19/4 3644/17/4 3660/17/4 3657/19/4
f 3638/25/5 3637/26/5 3653/26/5 3654/25/5
f 3621/19/4 3637/26/4 3632/17/4 3616/17/4
f 3632/17/3 3631/16/3 3647/16/3 3648/17/3
f 3640/17/3 3639/16/3 3655/16/3 3656/17/3
f 3629/19/4 3632/17/4 3648/17/4 3645/19/4
f 3637/19/4 3640/17/4 3656/17/4 3653/19/4
f 3631/16/1 3632/17/1 3637/26/1 3638/25/1
f 3652/17/4 3645/19/4 3661/26/4 3664/17/4
f 3649/19/4 3652/17/4 3664/17/4 3663/19/4
f 3657/19/4 3660/17/4 3670/17/4 3668/19/4
f 3649/19/4 3663/26/4 3670/17/4 3660/17/4
f 3629/26/1 3630/25/1 3635/16/1 3636/17/1
f 3633/26/1 3634/25/1 3643/16/1 3644/17/1
f 3656/17/3 3655/16/3 3666/16/3 3667/17/3
f 3645/19/4 3648/17/4 3662/17/4 3661/19/4
f 3636/17/4 3620/17/4 3613/19/4 3629/26/4
f 3617/19/4 3633/26/4 3644/17/4 3628/17/4
f 3567/16/4 3576/25/4 3618/25/4 3627/16/4
f 3578/16/4 3570/25/4 3614/25/4 3619/16/4
f 3557/25/4 3622/25/4 3615/16/4 3573/16/4
f 3643/16/4 3634/25/4 3650/25/4 3659/16/4
f 3631/16/4 3638/25/4 3654/25/4 3647/16/4
f 3630/25/4 3646/25/4 3651/16/4 3635/16/4
f 3592/15/4 3597/24/4 3598/23/4 3593/16/4
f 3600/15/4 3605/24/4 3606/23/4 3601/16/4
f 3583/15/4 3588/24/4 3589/23/4 3584/16/4
f 3676/15/3 3677/16/3 3675/17/3 3674/18/3
f 3674/18/4 3675/17/4 3672/19/4 3671/20/4
f 3679/19/4 3682/17/4 3744/17/4 3741/19/4
f 3678/21/5 3679/22/5 3681/23/5 3680/24/5
f 3698/18/4 3682/17/4 3679/19/4 3678/20/4
f 3672/19/4 3675/17/4 3740/17/4 3737/19/4
f 3687/18/4 3688/17/4 3685/19/4 3684/20/4
f 3686/25/5 3685/26/5 3729/26/5 3730/25/5
f 3707/18/4 3693/17/4 3691/19/4 3690/20/4
f 3688/17/3 3689/16/3 3731/16/3 3732/17/3
f 3695/21/5 3678/22/5 3680/23/5 3696/24/5
f 3699/15/3 3700/16/3 3698/17/3 3697/18/3
f 3697/18/4 3698/17/4 3678/19/4 3695/20/4
f 3695/20/4 3701/20/4 3702/18/4 3697/18/4
f 3703/21/5 3690/22/5 3705/23/5 3704/24/5
f 3708/15/3 3709/16/3 3707/17/3 3706/18/3
f 3706/18/4 3707/17/4 3690/19/4 3703/20/4
f 3704/27/6 3708/15/6 3706/18/6 3703/28/6
f 3703/20/4 3710/20/4 3711/18/4 3706/18/4
f 3712/21/5 3684/22/5 3714/23/5 3713/24/5
f 3716/15/71 3717/16/71 3687/17/71 3715/18/71
f 3715/18/4 3687/17/4 3684/19/4 3712/20/4
f 3713/27/6 3716/15/6 3715/18/6 3712/28/6
f 3712/20/4 3718/20/4 3719/18/4 3715/18/4
f 3720/21/5 3671/22/5 3722/23/5 3721/24/5
f 3724/15/3 3676/16/3 3674/17/3 3723/18/3
f 3723/18/4 3674/17/4 3671/19/4 3720/20/4
f 3720/20/4 3725/20/4 3726/18/4 3723/18/4
f 3697/18/1 3703/21/1 3704/24/1 3699/15/1
f 3706/18/1 3712/21/1 3713/24/1 3708/15/1
f 3715/18/1 3720/21/1 3721/24/1 3716/15/1
f 3715/18/4 3719/18/4 3725/20/4 3720/21/4
f 3728/2/5 3701/2/5 3695/2/5 3696/2/5
f 3697/18/4 3702/18/4 3710/20/4 3703/21/4
f 3706/18/4 3711/18/4 3718/20/4 3712/21/4
f 3726/2/3 3727/2/3 3724/2/3 3723/2/3
f 3683/16/1 3682/17/1 3691/26/1 3692/25/1
f 3685/26/1 3686/25/1 3694/16/1 3693/17/1
f 3672/26/1 3673/25/1 3689/16/1 3688/17/1
f 3690/22/4 3691/26/4 3682/17/4 3698/17/4
f 3684/20/4 3685/26/4 3693/17/4 3707/18/4
f 3671/20/4 3672/26/4 3688/17/4 3687/18/4
f 3741/19/4 3744/17/4 3760/17/4 3757/19/4
f 3693/17/3 3694/16/3 3735/16/3 3736/17/3
f 3692/25/5 3691/26/5 3733/26/5 3734/25/5
f 3685/19/4 3688/17/4 3732/17/4 3729/19/4
f 3691/19/4 3693/17/4 3736/17/4 3733/19/4
f 3733/19/4 3736/17/4 3752/17/4 3749/19/4
f 3681/23/5 3679/22/5 3741/22/5 3742/23/5
f 3675/17/3 3677/16/3 3739/16/3 3740/17/3
f 3682/17/3 3683/16/3 3743/16/3 3744/17/3
f 3673/25/5 3672/26/5 3737/26/5 3738/25/5
f 3758/23/5 3757/22/5 3773/22/5 3774/23/5
f 3750/25/5 3749/26/5 3765/26/5 3766/25/5
f 3729/19/4 3732/17/4 3748/17/4 3745/19/4
f 3740/17/3 3739/16/3 3755/16/3 3756/17/3
f 3737/19/4 3740/17/4 3756/17/4 3753/19/4
f 3742/23/5 3741/22/5 3757/22/5 3758/23/5
f 3774/23/5 3773/22/5 3784/22/5 3785/23/5
f 3769/19/4 3781/26/4 3778/17/4 3764/17/4
f 3769/19/4 3772/17/4 3783/17/4 3781/19/4
f 3752/17/3 3751/16/3 3767/16/3 3768/17/3
f 3760/17/3 3759/16/3 3775/16/3 3776/17/3
f 3749/19/4 3752/17/4 3768/17/4 3765/19/4
f 3746/25/5 3745/26/5 3761/26/5 3762/25/5
f 3757/19/4 3760/17/4 3776/17/4 3773/19/4
f 3754/25/5 3753/26/5 3769/26/5 3770/25/5
f 3737/19/4 3753/26/4 3748/17/4 3732/17/4
f 3748/17/3 3747/16/3 3763/16/3 3764/17/3
f 3756/17/3 3755/16/3 3771/16/3 3772/17/3
f 3745/19/4 3748/17/4 3764/17/4 3761/19/4
f 3753/19/4 3756/17/4 3772/17/4 3769/19/4
f 3747/16/1 3748/17/1 3753/26/1 3754/25/1
f 3768/17/4 3761/19/4 3777/26/4 3780/17/4
f 3765/19/4 3768/17/4 3780/17/4 3779/19/4
f 3773/19/4 3776/17/4 3786/17/4 3784/19/4
f 3765/19/4 3779/26/4 3786/17/4 3776/17/4
f 3745/26/1 3746/25/1 3751/16/1 3752/17/1
f 3749/26/1 3750/25/1 3759/16/1 3760/17/1
f 3772/17/3 3771/16/3 3782/16/3 3783/17/3
f 3761/19/4 3764/17/4 3778/17/4 3777/19/4
f 3752/17/4 3736/17/4 3729/19/4 3745/26/4
f 3733/19/4 3749/26/4 3760/17/4 3744/17/4
f 3708/15/4 3713/24/4 3714/23/4 3709/16/4
f 3716/15/4 3721/24/4 3722/23/4 3717/16/4
f 3673/25/4 3738/25/4 3731/16/4 3689/16/4
f 3694/16/4 3686/25/4 3730/25/4 3735/16/4
f 3746/25/4 3762/25/4 3767/16/4 3751/16/4
f 3747/16/4 3754/25/4 3770/25/4 3763/16/4
f 3759/16/4 3750/25/4 3766/25/4 3775/16/4
f 3683/16/4 3692/25/4 3734/25/4 3743/16/4
f 3699/15/4 3704/24/4 3705/23/4 3700/16/4
f 3801/29/4 3794/30/4 3790/5/4 3797/31/4
f 3796/32/4 3788/1/4 3793/33/4 3799/34/4
f 3799/34/4 3793/33/4 3794/30/4 3801/29/4
f 3792/35/4 3800/36/4 3802/37/4 3791/38/4
f 3799/34/5 3801/29/5 3805/29/5 3803/34/5
f 3787/2/4 3795/39/4 3800/36/4 3792/35/4
f 3795/39/4 3796/32/4 3799/34/4 3800/36/4
f 3791/38/4 3802/37/4 3798/40/4 3789/6/4
f 3802/37/4 3801/29/4 3797/31/4 3798/40/4
f 3801/29/6 3802/37/6 3806/37/6 3805/29/6
f 3800/36/1 3799/34/1 3803/34/1 3804/36/1
f 3802/37/3 3800/36/3 3804/36/3 3806/37/3
f 3812/15/3 3813/16/3 3811/17/3 3810/18/3
f 3810/18/4 3811/17/4 3808/19/4 3807/20/4
f 3815/19/4 3818/17/4 3880/17/4 3877/19/4
f 3814/21/5 3815/22/5 3817/23/5 3816/24/5
f 3834/18/4 3818/17/4 3815/19/4 3814/20/4
f 3808/19/4 3811/17/4 3876/17/4 3873/19/4
f 3823/18/4 3824/17/4 3821/19/4 3820/20/4
f 3822/25/5 3821/26/5 3865/26/5 3866/25/5
f 3843/18/4 3829/17/4 3827/19/4 3826/20/4
f 3824/17/3 3825/16/3 3867/16/3 3868/17/3
f 3831/21/5 3814/22/5 3816/23/5 3832/24/5
f 3835/15/3 3836/16/3 3834/17/3 3833/18/3
f 3833/18/4 3834/17/4 3814/19/4 3831/20/4
f 3831/20/4 3837/20/4 3838/18/4 3833/18/4
f 3839/21/5 3826/22/5 3841/23/5 3840/24/5
f 3844/15/3 3845/16/3 3843/17/3 3842/18/3
f 3842/18/4 3843/17/4 3826/19/4 3839/20/4
f 3840/27/6 3844/15/6 3842/18/6 3839/28/6
f 3839/20/4 3846/20/4 3847/18/4 3842/18/4
f 3848/21/5 3820/22/5 3850/23/5 3849/24/5
f 3852/15/3 3853/16/3 3823/17/3 3851/18/3
f 3851/18/4 3823/17/4 3820/19/4 3848/20/4
f 3849/27/6 3852/15/6 3851/18/6 3848/28/6
f 3848/20/4 3854/20/4 3855/18/4 3851/18/4
f 3856/21/5 3807/22/5 3858/23/5 3857/24/5
f 3860/15/3 3812/16/3 3810/17/3 3859/18/3
f 3859/18/4 3810/17/4 3807/19/4 3856/20/4
f 3856/20/4 3861/20/4 3862/18/4 3859/18/4
f 3833/18/1 3839/21/1 3840/24/1 3835/15/1
f 3842/18/1 3848/21/1 3849/24/1 3844/15/1
f 3851/18/1 3856/21/1 3857/24/1 3852/15/1
f 3851/18/4 3855/18/4 3861/20/4 3856/21/4
f 3864/2/5 3837/2/5 3831/2/5 3832/2/5
f 3833/18/4 3838/18/4 3846/20/4 3839/21/4
f 3842/18/4 3847/18/4 3854/20/4 3848/21/4
f 3862/2/3 3863/2/3 3860/2/3 3859/2/3
f 3819/16/1 3818/17/1 3827/26/1 3828/25/1
f 3821/26/1 3822/25/1 3830/16/1 3829/17/1
f 3808/26/1 3809/25/1 3825/16/1 3824/17/1
f 3826/22/4 3827/26/4 3818/17/4 3834/17/4
f 3820/20/4 3821/26/4 3829/17/4 3843/18/4
f 3807/20/4 3808/26/4 3824/17/4 3823/18/4
f 3877/19/4 3880/17/4 3896/17/4 3893/19/4
f 3829/17/3 3830/16/3 3871/16/3 3872/17/3
f 3828/25/5 3827/26/5 3869/26/5 3870/25/5
f 3821/19/4 3824/17/4 3868/17/4 3865/19/4
f 3827/19/4 3829/17/4 3872/17/4 3869/19/4
f 3869/19/4 3872/17/4 3888/17/4 3885/19/4
f 3817/23/5 3815/22/5 3877/22/5 3878/23/5
f 3811/17/3 3813/16/3 3875/16/3 3876/17/3
f 3818/17/3 3819/16/3 3879/16/3 3880/17/3
f 3809/25/5 3808/26/5 3873/26/5 3874/25/5
f 3894/23/5 3893/22/5 3909/22/5 3910/23/5
f 3886/25/5 3885/26/5 3901/26/5 3902/25/5
f 3865/19/4 3868/17/4 3884/17/4 3881/19/4
f 3876/17/3 3875/16/3 3891/16/3 3892/17/3
f 3873/19/4 3876/17/4 3892/17/4 3889/19/4
f 3878/23/5 3877/22/5 3893/22/5 3894/23/5
f 3910/23/5 3909/22/5 3920/22/5 3921/23/5
f 3905/19/4 3917/26/4 3914/17/4 3900/17/4
f 3905/19/4 3908/17/4 3919/17/4 3917/19/4
f 3888/17/3 3887/16/3 3903/16/3 3904/17/3
f 3896/17/3 3895/16/3 3911/16/3 3912/17/3
f 3885/19/4 3888/17/4 3904/17/4 3901/19/4
f 3882/25/5 3881/26/5 3897/26/5 3898/25/5
f 3893/19/4 3896/17/4 3912/17/4 3909/19/4
f 3890/25/5 3889/26/5 3905/26/5 3906/25/5
f 3873/19/4 3889/26/4 3884/17/4 3868/17/4
f 3884/17/3 3883/16/3 3899/16/3 3900/17/3
f 3892/17/3 3891/16/3 3907/16/3 3908/17/3
f 3881/19/4 3884/17/4 3900/17/4 3897/19/4
f 3889/19/4 3892/17/4 3908/17/4 3905/19/4
f 3883/16/1 3884/17/1 3889/26/1 3890/25/1
f 3904/17/4 3897/19/4 3913/26/4 3916/17/4
f 3901/19/4 3904/17/4 3916/17/4 3915/19/4
f 3909/19/4 3912/17/4 3922/17/4 3920/19/4
f 3901/19/4 3915/26/4 3922/17/4 3912/17/4
f 3881/26/1 3882/25/1 3887/16/1 3888/17/1
f 3885/26/1 3886/25/1 3895/16/1 3896/17/1
f 3908/17/3 3907/16/3 3918/16/3 3919/17/3
f 3897/19/4 3900/17/4 3914/17/4 3913/19/4
f 3888/17/4 3872/17/4 3865/19/4 3881/26/4
f 3869/19/4 3885/26/4 3896/17/4 3880/17/4
f 3819/16/4 3828/25/4 3870/25/4 3879/16/4
f 3830/16/4 3822/25/4 3866/25/4 3871/16/4
f 3809/25/4 3874/25/4 3867/16/4 3825/16/4
f 3895/16/4 3886/25/4 3902/25/4 3911/16/4
f 3883/16/4 3890/25/4 3906/25/4 3899/16/4
f 3882/25/4 3898/25/4 3903/16/4 3887/16/4
f 3844/15/4 3849/24/4 3850/23/4 3845/16/4
f 3852/15/4 3857/24/4 3858/23/4 3853/16/4
f 3835/15/4 3840/24/4 3841/23/4 3836/16/4
f 3928/15/3 3929/16/3 3927/17/3 3926/18/3
f 3926/18/4 3927/17/4 3924/19/4 3923/20/4
f 3931/19/4 3934/17/4 3996/17/4 3993/19/4
f 3930/21/5 3931/22/5 3933/23/5 3932/24/5
f 3950/18/4 3934/17/4 3931/19/4 3930/20/4
f 3924/19/4 3927/17/4 3992/17/4 3989/19/4
f 3939/18/4 3940/17/4 3937/19/4 3936/20/4
f 3938/25/5 3937/26/5 3981/26/5 3982/25/5
f 3959/18/4 3945/17/4 3943/19/4 3942/20/4
f 3940/17/3 3941/16/3 3983/16/3 3984/17/3
f 3947/21/5 3930/22/5 3932/23/5 3948/24/5
f 3951/15/3 3952/16/3 3950/17/3 3949/18/3
f 3949/18/4 3950/17/4 3930/19/4 3947/20/4
f 3947/20/4 3953/20/4 3954/18/4 3949/18/4
f 3955/21/5 3942/22/5 3957/23/5 3956/24/5
f 3960/15/3 3961/16/3 3959/17/3 3958/18/3
f 3958/18/4 3959/17/4 3942/19/4 3955/20/4
f 3956/27/6 3960/15/6 3958/18/6 3955/28/6
f 3955/20/4 3962/20/4 3963/18/4 3958/18/4
f 3964/21/5 3936/22/5 3966/23/5 3965/24/5
f 3968/15/71 3969/16/71 3939/17/71 3967/18/71
f 3967/18/4 3939/17/4 3936/19/4 3964/20/4
f 3965/27/6 3968/15/6 3967/18/6 3964/28/6
f 3964/20/4 3970/20/4 3971/18/4 3967/18/4
f 3972/21/5 3923/22/5 3974/23/5 3973/24/5
f 3976/15/3 3928/16/3 3926/17/3 3975/18/3
f 3975/18/4 3926/17/4 3923/19/4 3972/20/4
f 3972/20/4 3977/20/4 3978/18/4 3975/18/4
f 3949/18/1 3955/21/1 3956/24/1 3951/15/1
f 3958/18/1 3964/21/1 3965/24/1 3960/15/1
f 3967/18/1 3972/21/1 3973/24/1 3968/15/1
f 3967/18/4 3971/18/4 3977/20/4 3972/21/4
f 3980/2/5 3953/2/5 3947/2/5 3948/2/5
f 3949/18/4 3954/18/4 3962/20/4 3955/21/4
f 3958/18/4 3963/18/4 3970/20/4 3964/21/4
f 3978/2/3 3979/2/3 3976/2/3 3975/2/3
f 3935/16/1 3934/17/1 3943/26/1 3944/25/1
f 3937/26/1 3938/25/1 3946/16/1 3945/17/1
f 3924/26/1 3925/25/1 3941/16/1 3940/17/1
f 3942/22/4 3943/26/4 3934/17/4 3950/17/4
f 3936/20/4 3937/26/4 3945/17/4 3959/18/4
f 3923/20/4 3924/26/4 3940/17/4 3939/18/4
f 3993/19/4 3996/17/4 4012/17/4 4009/19/4
f 3945/17/3 3946/16/3 3987/16/3 3988/17/3
f 3944/25/5 3943/26/5 3985/26/5 3986/25/5
f 3937/19/4 3940/17/4 3984/17/4 3981/19/4
f 3943/19/4 3945/17/4 3988/17/4 3985/19/4
f 3985/19/4 3988/17/4 4004/17/4 4001/19/4
f 3933/23/5 3931/22/5 3993/22/5 3994/23/5
f 3927/17/3 3929/16/3 3991/16/3 3992/17/3
f 3934/17/3 3935/16/3 3995/16/3 3996/17/3
f 3925/25/5 3924/26/5 3989/26/5 3990/25/5
f 4010/23/5 4009/22/5 4025/22/5 4026/23/5
f 4002/25/5 4001/26/5 4017/26/5 4018/25/5
f 3981/19/4 3984/17/4 4000/17/4 3997/19/4
f 3992/17/3 3991/16/3 4007/16/3 4008/17/3
f 3989/19/4 3992/17/4 4008/17/4 4005/19/4
f 3994/23/5 3993/22/5 4009/22/5 4010/23/5
f 4026/23/5 4025/22/5 4036/22/5 4037/23/5
f 4021/19/4 4033/26/4 4030/17/4 4016/17/4
f 4021/19/4 4024/17/4 4035/17/4 4033/19/4
f 4004/17/3 4003/16/3 4019/16/3 4020/17/3
f 4012/17/3 4011/16/3 4027/16/3 4028/17/3
f 4001/19/4 4004/17/4 4020/17/4 4017/19/4
f 3998/25/5 3997/26/5 4013/26/5 4014/25/5
f 4009/19/4 4012/17/4 4028/17/4 4025/19/4
f 4006/25/5 4005/26/5 4021/26/5 4022/25/5
f 3989/19/4 4005/26/4 4000/17/4 3984/17/4
f 4000/17/3 3999/16/3 4015/16/3 4016/17/3
f 4008/17/3 4007/16/3 4023/16/3 4024/17/3
f 3997/19/4 4000/17/4 4016/17/4 4013/19/4
f 4005/19/4 4008/17/4 4024/17/4 4021/19/4
f 3999/16/1 4000/17/1 4005/26/1 4006/25/1
f 4020/17/4 4013/19/4 4029/26/4 4032/17/4
f 4017/19/4 4020/17/4 4032/17/4 4031/19/4
f 4025/19/4 4028/17/4 4038/17/4 4036/19/4
f 4017/19/4 4031/26/4 4038/17/4 4028/17/4
f 3997/26/1 3998/25/1 4003/16/1 4004/17/1
f 4001/26/1 4002/25/1 4011/16/1 4012/17/1
f 4024/17/3 4023/16/3 4034/16/3 4035/17/3
f 4013/19/4 4016/17/4 4030/17/4 4029/19/4
f 4004/17/4 3988/17/4 3981/19/4 3997/26/4
f 3985/19/4 4001/26/4 4012/17/4 3996/17/4
f 3960/15/4 3965/24/4 3966/23/4 3961/16/4
f 3968/15/4 3973/24/4 3974/23/4 3969/16/4
f 3925/25/4 3990/25/4 3983/16/4 3941/16/4
f 3946/16/4 3938/25/4 3982/25/4 3987/16/4
f 3998/25/4 4014/25/4 4019/16/4 4003/16/4
f 3999/16/4 4006/25/4 4022/25/4 4015/16/4
f 4011/16/4 4002/25/4 4018/25/4 4027/16/4
f 3935/16/4 3944/25/4 3986/25/4 3995/16/4
f 3951/15/4 3956/24/4 3957/23/4 3952/16/4
f 4053/29/4 4046/30/4 4042/5/4 4049/31/4
f 4048/32/4 4040/1/4 4045/33/4 4051/34/4
f 4051/34/4 4045/33/4 4046/30/4 4053/29/4
f 4044/35/4 4052/36/4 4054/37/4 4043/38/4
f 4051/34/5 4053/29/5 4057/29/5 4055/34/5
f 4039/2/4 4047/39/4 4052/36/4 4044/35/4
f 4047/39/4 4048/32/4 4051/34/4 4052/36/4
f 4043/38/4 4054/37/4 4050/40/4 4041/6/4
f 4054/37/4 4053/29/4 4049/31/4 4050/40/4
f 4053/29/6 4054/37/6 4058/37/6 4057/29/6
f 4052/36/1 4051/34/1 4055/34/1 4056/36/1
f 4054/37/3 4052/36/3 4056/36/3 4058/37/3
f 4064/15/3 4065/16/3 4063/17/3 4062/18/3
f 4062/18/4 4063/17/4 4060/19/4 4059/20/4
f 4067/19/4 4070/17/4 4132/17/4 4129/19/4
f 4066/21/5 4067/22/5 4069/23/5 4068/24/5
f 4086/18/4 4070/17/4 4067/19/4 4066/20/4
f 4060/19/4 4063/17/4 4128/17/4 4125/19/4
f 4075/18/4 4076/17/4 4073/19/4 4072/20/4
f 4074/25/5 4073/26/5 4117/26/5 4118/25/5
f 4095/18/4 4081/17/4 4079/19/4 4078/20/4
f 4076/17/3 4077/16/3 4119/16/3 4120/17/3
f 4083/21/5 4066/22/5 4068/23/5 4084/24/5
f 4087/15/3 4088/16/3 4086/17/3 4085/18/3
f 4085/18/4 4086/17/4 4066/19/4 4083/20/4
f 4083/20/4 4089/20/4 4090/18/4 4085/18/4
f 4091/21/5 4078/22/5 4093/23/5 4092/24/5
f 4096/15/3 4097/16/3 4095/17/3 4094/18/3
f 4094/18/4 4095/17/4 4078/19/4 4091/20/4
f 4092/27/6 4096/15/6 4094/18/6 4091/28/6
f 4091/20/4 4098/20/4 4099/18/4 4094/18/4
f 4100/21/5 4072/22/5 4102/23/5 4101/24/5
f 4104/15/3 4105/16/3 4075/17/3 4103/18/3
f 4103/18/4 4075/17/4 4072/19/4 4100/20/4
f 4101/27/6 4104/15/6 4103/18/6 4100/28/6
f 4100/20/4 4106/20/4 4107/18/4 4103/18/4
f 4108/21/5 4059/22/5 4110/23/5 4109/24/5
f 4112/15/3 4064/16/3 4062/17/3 4111/18/3
f 4111/18/4 4062/17/4 4059/19/4 4108/20/4
f 4108/20/4 4113/20/4 4114/18/4 4111/18/4
f 4085/18/1 4091/21/1 4092/24/1 4087/15/1
f 4094/18/1 4100/21/1 4101/24/1 4096/15/1
f 4103/18/1 4108/21/1 4109/24/1 4104/15/1
f 4103/18/4 4107/18/4 4113/20/4 4108/21/4
f 4116/2/5 4089/2/5 4083/2/5 4084/2/5
f 4085/18/4 4090/18/4 4098/20/4 4091/21/4
f 4094/18/4 4099/18/4 4106/20/4 4100/21/4
f 4114/2/3 4115/2/3 4112/2/3 4111/2/3
f 4071/16/1 4070/17/1 4079/26/1 4080/25/1
f 4073/26/1 4074/25/1 4082/16/1 4081/17/1
f 4060/26/1 4061/25/1 4077/16/1 4076/17/1
f 4078/22/4 4079/26/4 4070/17/4 4086/17/4
f 4072/20/4 4073/26/4 4081/17/4 4095/18/4
f 4059/20/4 4060/26/4 4076/17/4 4075/18/4
f 4129/19/4 4132/17/4 4148/17/4 4145/19/4
f 4081/17/3 4082/16/3 4123/16/3 4124/17/3
f 4080/25/5 4079/26/5 4121/26/5 4122/25/5
f 4073/19/4 4076/17/4 4120/17/4 4117/19/4
f 4079/19/4 4081/17/4 4124/17/4 4121/19/4
f 4121/19/4 4124/17/4 4140/17/4 4137/19/4
f 4069/23/5 4067/22/5 4129/22/5 4130/23/5
f 4063/17/3 4065/16/3 4127/16/3 4128/17/3
f 4070/17/3 4071/16/3 4131/16/3 4132/17/3
f 4061/25/5 4060/26/5 4125/26/5 4126/25/5
f 4146/23/5 4145/22/5 4161/22/5 4162/23/5
f 4138/25/5 4137/26/5 4153/26/5 4154/25/5
f 4117/19/4 4120/17/4 4136/17/4 4133/19/4
f 4128/17/3 4127/16/3 4143/16/3 4144/17/3
f 4125/19/4 4128/17/4 4144/17/4 4141/19/4
f 4130/23/5 4129/22/5 4145/22/5 4146/23/5
f 4162/23/5 4161/22/5 4172/22/5 4173/23/5
f 4157/19/4 4169/26/4 4166/17/4 4152/17/4
f 4157/19/4 4160/17/4 4171/17/4 4169/19/4
f 4140/17/3 4139/16/3 4155/16/3 4156/17/3
f 4148/17/3 4147/16/3 4163/16/3 4164/17/3
f 4137/19/4 4140/17/4 4156/17/4 4153/19/4
f 4134/25/5 4133/26/5 4149/26/5 4150/25/5
f 4145/19/4 4148/17/4 4164/17/4 4161/19/4
f 4142/25/5 4141/26/5 4157/26/5 4158/25/5
f 4125/19/4 4141/26/4 4136/17/4 4120/17/4
f 4136/17/3 4135/16/3 4151/16/3 4152/17/3
f 4144/17/3 4143/16/3 4159/16/3 4160/17/3
f 4133/19/4 4136/17/4 4152/17/4 4149/19/4
f 4141/19/4 4144/17/4 4160/17/4 4157/19/4
f 4135/16/1 4136/17/1 4141/26/1 4142/25/1
f 4156/17/4 4149/19/4 4165/26/4 4168/17/4
f 4153/19/4 4156/17/4 4168/17/4 4167/19/4
f 4161/19/4 4164/17/4 4174/17/4 4172/19/4
f 4153/19/4 4167/26/4 4174/17/4 4164/17/4
f 4133/26/1 4134/25/1 4139/16/1 4140/17/1
f 4137/26/1 4138/25/1 4147/16/1 4148/17/1
f 4160/17/3 4159/16/3 4170/16/3 4171/17/3
f 4149/19/4 4152/17/4 4166/17/4 4165/19/4
f 4140/17/4 4124/17/4 4117/19/4 4133/26/4
f 4121/19/4 4137/26/4 4148/17/4 4132/17/4
f 4071/16/4 4080/25/4 4122/25/4 4131/16/4
f 4082/16/4 4074/25/4 4118/25/4 4123/16/4
f 4061/25/4 4126/25/4 4119/16/4 4077/16/4
f 4147/16/4 4138/25/4 4154/25/4 4163/16/4
f 4135/16/4 4142/25/4 4158/25/4 4151/16/4
f 4134/25/4 4150/25/4 4155/16/4 4139/16/4
f 4096/15/4 4101/24/4 4102/23/4 4097/16/4
f 4104/15/4 4109/24/4 4110/23/4 4105/16/4
f 4087/15/4 4092/24/4 4093/23/4 4088/16/4
f 4180/15/3 4181/16/3 4179/17/3 4178/18/3
f 4178/18/4 4179/17/4 4176/19/4 4175/20/4
f 4183/19/4 4186/17/4 4248/17/4 4245/19/4
f 4182/21/5 4183/22/5 4185/23/5 4184/24/5
f 4202/18/4 4186/17/4 4183/19/4 4182/20/4
f 4176/19/4 4179/17/4 4244/17/4 4241/19/4
f 4191/18/4 4192/17/4 4189/19/4 4188/20/4
f 4190/25/5 4189/26/5 4233/26/5 4234/25/5
f 4211/18/4 4197/17/4 4195/19/4 4194/20/4
f 4192/17/3 4193/16/3 4235/16/3 4236/17/3
f 4199/21/5 4182/22/5 4184/23/5 4200/24/5
f 4203/15/3 4204/16/3 4202/17/3 4201/18/3
f 4201/18/4 4202/17/4 4182/19/4 4199/20/4
f 4199/20/4 4205/20/4 4206/18/4 4201/18/4
f 4207/21/5 4194/22/5 4209/23/5 4208/24/5
f 4212/15/3 4213/16/3 4211/17/3 4210/18/3
f 4210/18/4 4211/17/4 4194/19/4 4207/20/4
f 4208/27/6 4212/15/6 4210/18/6 4207/28/6
f 4207/20/4 4214/20/4 4215/18/4 4210/18/4
f 4216/21/5 4188/22/5 4218/23/5 4217/24/5
f 4220/15/71 4221/16/71 4191/17/71 4219/18/71
f 4219/18/4 4191/17/4 4188/19/4 4216/20/4
f 4217/27/6 4220/15/6 4219/18/6 4216/28/6
f 4216/20/4 4222/20/4 4223/18/4 4219/18/4
f 4224/21/5 4175/22/5 4226/23/5 4225/24/5
f 4228/15/3 4180/16/3 4178/17/3 4227/18/3
f 4227/18/4 4178/17/4 4175/19/4 4224/20/4
f 4224/20/4 4229/20/4 4230/18/4 4227/18/4
f 4201/18/1 4207/21/1 4208/24/1 4203/15/1
f 4210/18/1 4216/21/1 4217/24/1 4212/15/1
f 4219/18/1 4224/21/1 4225/24/1 4220/15/1
f 4219/18/4 4223/18/4 4229/20/4 4224/21/4
f 4232/2/5 4205/2/5 4199/2/5 4200/2/5
f 4201/18/4 4206/18/4 4214/20/4 4207/21/4
f 4210/18/4 4215/18/4 4222/20/4 4216/21/4
f 4230/2/3 4231/2/3 4228/2/3 4227/2/3
f 4187/16/1 4186/17/1 4195/26/1 4196/25/1
f 4189/26/1 4190/25/1 4198/16/1 4197/17/1
f 4176/26/1 4177/25/1 4193/16/1 4192/17/1
f 4194/22/4 4195/26/4 4186/17/4 4202/17/4
f 4188/20/4 4189/26/4 4197/17/4 4211/18/4
f 4175/20/4 4176/26/4 4192/17/4 4191/18/4
f 4245/19/4 4248/17/4 4264/17/4 4261/19/4
f 4197/17/3 4198/16/3 4239/16/3 4240/17/3
f 4196/25/5 4195/26/5 4237/26/5 4238/25/5
f 4189/19/4 4192/17/4 4236/17/4 4233/19/4
f 4195/19/4 4197/17/4 4240/17/4 4237/19/4
f 4237/19/4 4240/17/4 4256/17/4 4253/19/4
f 4185/23/5 4183/22/5 4245/22/5 4246/23/5
f 4179/17/3 4181/16/3 4243/16/3 4244/17/3
f 4186/17/3 4187/16/3 4247/16/3 4248/17/3
f 4177/25/5 4176/26/5 4241/26/5 4242/25/5
f 4262/23/5 4261/22/5 4277/22/5 4278/23/5
f 4254/25/5 4253/26/5 4269/26/5 4270/25/5
f 4233/19/4 4236/17/4 4252/17/4 4249/19/4
f 4244/17/3 4243/16/3 4259/16/3 4260/17/3
f 4241/19/4 4244/17/4 4260/17/4 4257/19/4
f 4246/23/5 4245/22/5 4261/22/5 4262/23/5
f 4278/23/5 4277/22/5 4288/22/5 4289/23/5
f 4273/19/4 4285/26/4 4282/17/4 4268/17/4
f 4273/19/4 4276/17/4 4287/17/4 4285/19/4
f 4256/17/3 4255/16/3 4271/16/3 4272/17/3
f 4264/17/3 4263/16/3 4279/16/3 4280/17/3
f 4253/19/4 4256/17/4 4272/17/4 4269/19/4
f 4250/25/5 4249/26/5 4265/26/5 4266/25/5
f 4261/19/4 4264/17/4 4280/17/4 4277/19/4
f 4258/25/5 4257/26/5 4273/26/5 4274/25/5
f 4241/19/4 4257/26/4 4252/17/4 4236/17/4
f 4252/17/3 4251/16/3 4267/16/3 4268/17/3
f 4260/17/3 4259/16/3 4275/16/3 4276/17/3
f 4249/19/4 4252/17/4 4268/17/4 4265/19/4
f 4257/19/4 4260/17/4 4276/17/4 4273/19/4
f 4251/16/1 4252/17/1 4257/26/1 4258/25/1
f 4272/17/4 4265/19/4 4281/26/4 4284/17/4
f 4269/19/4 4272/17/4 4284/17/4 4283/19/4
f 4277/19/4 4280/17/4 4290/17/4 4288/19/4
f 4269/19/4 4283/26/4 4290/17/4 4280/17/4
f 4249/26/1 4250/25/1 4255/16/1 4256/17/1
f 4253/26/1 4254/25/1 4263/16/1 4264/17/1
f 4276/17/3 4275/16/3 4286/16/3 4287/17/3
f 4265/19/4 4268/17/4 4282/17/4 4281/19/4
f 4256/17/4 4240/17/4 4233/19/4 4249/26/4
f 4237/19/4 4253/26/4 4264/17/4 4248/17/4
f 4212/15/4 4217/24/4 4218/23/4 4213/16/4
f 4220/15/4 4225/24/4 4226/23/4 4221/16/4
f 4177/25/4 4242/25/4 4235/16/4 4193/16/4
f 4198/16/4 4190/25/4 4234/25/4 4239/16/4
f 4250/25/4 4266/25/4 4271/16/4 4255/16/4
f 4251/16/4 4258/25/4 4274/25/4 4267/16/4
f 4263/16/4 4254/25/4 4270/25/4 4279/16/4
f 4187/16/4 4196/25/4 4238/25/4 4247/16/4
f 4203/15/4 4208/24/4 4209/23/4 4204/16/4
f 4305/29/4 4298/30/4 4294/5/4 4301/31/4
f 4300/32/4 4292/1/4 4297/33/4 4303/34/4
f 4303/34/4 4297/33/4 4298/30/4 4305/29/4
f 4296/35/4 4304/36/4 4306/37/4 4295/38/4
f 4303/34/5 4305/29/5 4309/29/5 4307/34/5
f 4291/2/4 4299/39/4 4304/36/4 4296/35/4
f 4299/39/4 4300/32/4 4303/34/4 4304/36/4
f 4295/38/4 4306/37/4 4302/40/4 4293/6/4
f 4306/37/4 4305/29/4 4301/31/4 4302/40/4
f 4305/29/6 4306/37/6 4310/37/6 4309/29/6
f 4304/36/1 4303/34/1 4307/34/1 4308/36/1
f 4306/37/3 4304/36/3 4308/36/3 4310/37/3
f 4316/15/3 4317/16/3 4315/17/3 4314/18/3
f 4314/18/4 4315/17/4 4312/19/4 4311/20/4
f 4319/19/4 4322/17/4 4384/17/4 4381/19/4
f 4318/21/5 4319/22/5 4321/23/5 4320/24/5
f 4338/18/4 4322/17/4 4319/19/4 4318/20/4
f 4312/19/4 4315/17/4 4380/17/4 4377/19/4
f 4327/18/4 4328/17/4 4325/19/4 4324/20/4
f 4326/25/5 4325/26/5 4369/26/5 4370/25/5
f 4347/18/4 4333/17/4 4331/19/4 4330/20/4
f 4328/17/3 4329/16/3 4371/16/3 4372/17/3
f 4335/21/5 4318/22/5 4320/23/5 4336/24/5
f 4339/15/3 4340/16/3 4338/17/3 4337/18/3
f 4337/18/4 4338/17/4 4318/19/4 4335/20/4
f 4335/20/4 4341/20/4 4342/18/4 4337/18/4
f 4343/21/5 4330/22/5 4345/23/5 4344/24/5
f 4348/15/3 4349/16/3 4347/17/3 4346/18/3
f 4346/18/4 4347/17/4 4330/19/4 4343/20/4
f 4344/27/6 4348/15/6 4346/18/6 4343/28/6
f 4343/20/4 4350/20/4 4351/18/4 4346/18/4
f 4352/21/5 4324/22/5 4354/23/5 4353/24/5
f 4356/15/3 4357/16/3 4327/17/3 4355/18/3
f 4355/18/4 4327/17/4 4324/19/4 4352/20/4
f 4353/27/6 4356/15/6 4355/18/6 4352/28/6
f 4352/20/4 4358/20/4 4359/18/4 4355/18/4
f 4360/21/5 4311/22/5 4362/23/5 4361/24/5
f 4364/15/3 4316/16/3 4314/17/3 4363/18/3
f 4363/18/4 4314/17/4 4311/19/4 4360/20/4
f 4360/20/4 4365/20/4 4366/18/4 4363/18/4
f 4337/18/1 4343/21/1 4344/24/1 4339/15/1
f 4346/18/1 4352/21/1 4353/24/1 4348/15/1
f 4355/18/1 4360/21/1 4361/24/1 4356/15/1
f 4355/18/4 4359/18/4 4365/20/4 4360/21/4
f 4368/2/5 4341/2/5 4335/2/5 4336/2/5
f 4337/18/4 4342/18/4 4350/20/4 4343/21/4
f 4346/18/4 4351/18/4 4358/20/4 4352/21/4
f 4366/2/3 4367/2/3 4364/2/3 4363/2/3
f 4323/16/1 4322/17/1 4331/26/1 4332/25/1
f 4325/26/1 4326/25/1 4334/16/1 4333/17/1
f 4312/26/1 4313/25/1 4329/16/1 4328/17/1
f 4330/22/4 4331/26/4 4322/17/4 4338/17/4
f 4324/20/4 4325/26/4 4333/17/4 4347/18/4
f 4311/20/4 4312/26/4 4328/17/4 4327/18/4
f 4381/19/4 4384/17/4 4400/17/4 4397/19/4
f 4333/17/3 4334/16/3 4375/16/3 4376/17/3
f 4332/25/5 4331/26/5 4373/26/5 4374/25/5
f 4325/19/4 4328/17/4 4372/17/4 4369/19/4
f 4331/19/4 4333/17/4 4376/17/4 4373/19/4
f 4373/19/4 4376/17/4 4392/17/4 4389/19/4
f 4321/23/5 4319/22/5 4381/22/5 4382/23/5
f 4315/17/3 4317/16/3 4379/16/3 4380/17/3
f 4322/17/3 4323/16/3 4383/16/3 4384/17/3
f 4313/25/5 4312/26/5 4377/26/5 4378/25/5
f 4398/23/5 4397/22/5 4413/22/5 4414/23/5
f 4390/25/5 4389/26/5 4405/26/5 4406/25/5
f 4369/19/4 4372/17/4 4388/17/4 4385/19/4
f 4380/17/3 4379/16/3 4395/16/3 4396/17/3
f 4377/19/4 4380/17/4 4396/17/4 4393/19/4
f 4382/23/5 4381/22/5 4397/22/5 4398/23/5
f 4414/23/5 4413/22/5 4424/22/5 4425/23/5
f 4409/19/4 4421/26/4 4418/17/4 4404/17/4
f 4409/19/4 4412/17/4 4423/17/4 4421/19/4
f 4392/17/3 4391/16/3 4407/16/3 4408/17/3
f 4400/17/3 4399/16/3 4415/16/3 4416/17/3
f 4389/19/4 4392/17/4 4408/17/4 4405/19/4
f 4386/25/5 4385/26/5 4401/26/5 4402/25/5
f 4397/19/4 4400/17/4 4416/17/4 4413/19/4
f 4394/25/5 4393/26/5 4409/26/5 4410/25/5
f 4377/19/4 4393/26/4 4388/17/4 4372/17/4
f 4388/17/3 4387/16/3 4403/16/3 4404/17/3
f 4396/17/3 4395/16/3 4411/16/3 4412/17/3
f 4385/19/4 4388/17/4 4404/17/4 4401/19/4
f 4393/19/4 4396/17/4 4412/17/4 4409/19/4
f 4387/16/1 4388/17/1 4393/26/1 4394/25/1
f 4408/17/4 4401/19/4 4417/26/4 4420/17/4
f 4405/19/4 4408/17/4 4420/17/4 4419/19/4
f 4413/19/4 4416/17/4 4426/17/4 4424/19/4
f 4405/19/4 4419/26/4 4426/17/4 4416/17/4
f 4385/26/1 4386/25/1 4391/16/1 4392/17/1
f 4389/26/1 4390/25/1 4399/16/1 4400/17/1
f 4412/17/3 4411/16/3 4422/16/3 4423/17/3
f 4401/19/4 4404/17/4 4418/17/4 4417/19/4
f 4392/17/4 4376/17/4 4369/19/4 4385/26/4
f 4373/19/4 4389/26/4 4400/17/4 4384/17/4
f 4323/16/4 4332/25/4 4374/25/4 4383/16/4
f 4334/16/4 4326/25/4 4370/25/4 4375/16/4
f 4313/25/4 4378/25/4 4371/16/4 4329/16/4
f 4399/16/4 4390/25/4 4406/25/4 4415/16/4
f 4387/16/4 4394/25/4 4410/25/4 4403/16/4
f 4386/25/4 4402/25/4 4407/16/4 4391/16/4
f 4348/15/4 4353/24/4 4354/23/4 4349/16/4
f 4356/15/4 4361/24/4 4362/23/4 4357/16/4
f 4339/15/4 4344/24/4 4345/23/4 4340/16/4
f 4432/15/3 4433/16/3 4431/17/3 4430/18/3
f 4430/18/4 4431/17/4 4428/19/4 4427/20/4
f 4435/19/4 4438/17/4 4500/17/4 4497/19/4
f 4434/21/5 4435/22/5 4437/23/5 4436/24/5
f 4454/18/4 4438/17/4 4435/19/4 4434/20/4
f 4428/19/4 4431/17/4 4496/17/4 4493/19/4
f 4443/18/4 4444/17/4 4441/19/4 4440/20/4
f 4442/25/5 4441/26/5 4485/26/5 4486/25/5
f 4463/18/4 4449/17/4 4447/19/4 4446/20/4
f 4444/17/3 4445/16/3 4487/16/3 4488/17/3
f 4451/21/5 4434/22/5 4436/23/5 4452/24/5
f 4455/15/3 4456/16/3 4454/17/3 4453/18/3
f 4453/18/4 4454/17/4 4434/19/4 4451/20/4
f 4451/20/4 4457/20/4 4458/18/4 4453/18/4
f 4459/21/5 4446/22/5 4461/23/5 4460/24/5
f 4464/15/3 4465/16/3 4463/17/3 4462/18/3
f 4462/18/4 4463/17/4 4446/19/4 4459/20/4
f 4460/27/6 4464/15/6 4462/18/6 4459/28/6
f 4459/20/4 4466/20/4 4467/18/4 4462/18/4
f 4468/21/5 4440/22/5 4470/23/5 4469/24/5
f 4472/15/71 4473/16/71 4443/17/71 4471/18/71
f 4471/18/4 4443/17/4 4440/19/4 4468/20/4
f 4469/27/6 4472/15/6 4471/18/6 4468/28/6
f 4468/20/4 4474/20/4 4475/18/4 4471/18/4
f 4476/21/5 4427/22/5 4478/23/5 4477/24/5
f 4480/15/3 4432/16/3 4430/17/3 4479/18/3
f 4479/18/4 4430/17/4 4427/19/4 4476/20/4
f 4476/20/4 4481/20/4 4482/18/4 4479/18/4
f 4453/18/1 4459/21/1 4460/24/1 4455/15/1
f 4462/18/1 4468/21/1 4469/24/1 4464/15/1
f 4471/18/1 4476/21/1 4477/24/1 4472/15/1
f 4471/18/4 4475/18/4 4481/20/4 4476/21/4
f 4484/2/5 4457/2/5 4451/2/5 4452/2/5
f 4453/18/4 4458/18/4 4466/20/4 4459/21/4
f 4462/18/4 4467/18/4 4474/20/4 4468/21/4
f 4482/2/3 4483/2/3 4480/2/3 4479/2/3
f 4439/16/1 4438/17/1 4447/26/1 4448/25/1
f 4441/26/1 4442/25/1 4450/16/1 4449/17/1
f 4428/26/1 4429/25/1 4445/16/1 4444/17/1
f 4446/22/4 4447/26/4 4438/17/4 4454/17/4
f 4440/20/4 4441/26/4 4449/17/4 4463/18/4
f 4427/20/4 4428/26/4 4444/17/4 4443/18/4
f 4497/19/4 4500/17/4 4516/17/4 4513/19/4
f 4449/17/3 4450/16/3 4491/16/3 4492/17/3
f 4448/25/5 4447/26/5 4489/26/5 4490/25/5
f 4441/19/4 4444/17/4 4488/17/4 4485/19/4
f 4447/19/4 4449/17/4 4492/17/4 4489/19/4
f 4489/19/4 4492/17/4 4508/17/4 4505/19/4
f 4437/23/5 4435/22/5 4497/22/5 4498/23/5
f 4431/17/3 4433/16/3 4495/16/3 4496/17/3
f 4438/17/3 4439/16/3 4499/16/3 4500/17/3
f 4429/25/5 4428/26/5 4493/26/5 4494/25/5
f 4514/23/5 4513/22/5 4529/22/5 4530/23/5
f 4506/25/5 4505/26/5 4521/26/5 4522/25/5
f 4485/19/4 4488/17/4 4504/17/4 4501/19/4
f 4496/17/3 4495/16/3 4511/16/3 4512/17/3
f 4493/19/4 4496/17/4 4512/17/4 4509/19/4
f 4498/23/5 4497/22/5 4513/22/5 4514/23/5
f 4530/23/5 4529/22/5 4540/22/5 4541/23/5
f 4525/19/4 4537/26/4 4534/17/4 4520/17/4
f 4525/19/4 4528/17/4 4539/17/4 4537/19/4
f 4508/17/3 4507/16/3 4523/16/3 4524/17/3
f 4516/17/3 4515/16/3 4531/16/3 4532/17/3
f 4505/19/4 4508/17/4 4524/17/4 4521/19/4
f 4502/25/5 4501/26/5 4517/26/5 4518/25/5
f 4513/19/4 4516/17/4 4532/17/4 4529/19/4
f 4510/25/5 4509/26/5 4525/26/5 4526/25/5
f 4493/19/4 4509/26/4 4504/17/4 4488/17/4
f 4504/17/3 4503/16/3 4519/16/3 4520/17/3
f 4512/17/3 4511/16/3 4527/16/3 4528/17/3
f 4501/19/4 4504/17/4 4520/17/4 4517/19/4
f 4509/19/4 4512/17/4 4528/17/4 4525/19/4
f 4503/16/1 4504/17/1 4509/26/1 4510/25/1
f 4524/17/4 4517/19/4 4533/26/4 4536/17/4
f 4521/19/4 4524/17/4 4536/17/4 4535/19/4
f 4529/19/4 4532/17/4 4542/17/4 4540/19/4
f 4521/19/4 4535/26/4 4542/17/4 4532/17/4
f 4501/26/1 4502/25/1 4507/16/1 4508/17/1
f 4505/26/1 4506/25/1 4515/16/1 4516/17/1
f 4528/17/3 4527/16/3 4538/16/3 4539/17/3
f 4517/19/4 4520/17/4 4534/17/4 4533/19/4
f 4508/17/4 4492/17/4 4485/19/4 4501/26/4
f 4489/19/4 4505/26/4 4516/17/4 4500/17/4
f 4464/15/4 4469/24/4 4470/23/4 4465/16/4
f 4472/15/4 4477/24/4 4478/23/4 4473/16/4
f 4429/25/4 4494/25/4 4487/16/4 4445/16/4
f 4450/16/4 4442/25/4 4486/25/4 4491/16/4
f 4502/25/4 4518/25/4 4523/16/4 4507/16/4
f 4503/16/4 4510/25/4 4526/25/4 4519/16/4
f 4515/16/4 4506/25/4 4522/25/4 4531/16/4
f 4439/16/4 4448/25/4 4490/25/4 4499/16/4
f 4455/15/4 4460/24/4 4461/23/4 4456/16/4
f 4557/29/4 4550/30/4 4546/5/4 4553/31/4
f 4552/32/4 4544/1/4 4549/33/4 4555/34/4
f 4555/34/4 4549/33/4 4550/30/4 4557/29/4
f 4548/35/4 4556/36/4 4558/37/4 4547/38/4
f 4555/34/5 4557/29/5 4561/29/5 4559/34/5
f 4543/2/4 4551/39/4 4556/36/4 4548/35/4
f 4551/39/4 4552/32/4 4555/34/4 4556/36/4
f 4547/38/4 4558/37/4 4554/40/4 4545/6/4
f 4558/37/4 4557/29/4 4553/31/4 4554/40/4
f 4557/29/6 4558/37/6 4562/37/6 4561/29/6
f 4556/36/1 4555/34/1 4559/34/1 4560/36/1
f 4558/37/3 4556/36/3 4560/36/3 4562/37/3
f 4568/15/3 4569/16/3 4567/17/3 4566/18/3
f 4566/18/4 4567/17/4 4564/19/4 4563/20/4
f 4571/19/4 4574/17/4 4636/17/4 4633/19/4
f 4570/21/5 4571/22/5 4573/23/5 4572/24/5
f 4590/18/4 4574/17/4 4571/19/4 4570/20/4
f 4564/19/4 4567/17/4 4632/17/4 4629/19/4
f 4579/18/4 4580/17/4 4577/19/4 4576/20/4
f 4578/25/5 4577/26/5 4621/26/5 4622/25/5
f 4599/18/4 4585/17/4 4583/19/4 4582/20/4
f 4580/17/3 4581/16/3 4623/16/3 4624/17/3
f 4587/21/5 4570/22/5 4572/23/5 4588/24/5
f 4591/15/3 4592/16/3 4590/17/3 4589/18/3
f 4589/18/4 4590/17/4 4570/19/4 4587/20/4
f 4587/20/4 4593/20/4 4594/18/4 4589/18/4
f 4595/21/5 4582/22/5 4597/23/5 4596/24/5
f 4600/15/3 4601/16/3 4599/17/3 4598/18/3
f 4598/18/4 4599/17/4 4582/19/4 4595/20/4
f 4596/27/6 4600/15/6 4598/18/6 4595/28/6
f 4595/20/4 4602/20/4 4603/18/4 4598/18/4
f 4604/21/5 4576/22/5 4606/23/5 4605/24/5
f 4608/15/3 4609/16/3 4579/17/3 4607/18/3
f 4607/18/4 4579/17/4 4576/19/4 4604/20/4
f 4605/27/6 4608/15/6 4607/18/6 4604/28/6
f 4604/20/4 4610/20/4 4611/18/4 4607/18/4
f 4612/21/5 4563/22/5 4614/23/5 4613/24/5
f 4616/15/3 4568/16/3 4566/17/3 4615/18/3
f 4615/18/4 4566/17/4 4563/19/4 4612/20/4
f 4612/20/4 4617/20/4 4618/18/4 4615/18/4
f 4589/18/1 4595/21/1 4596/24/1 4591/15/1
f 4598/18/1 4604/21/1 4605/24/1 4600/15/1
f 4607/18/1 4612/21/1 4613/24/1 4608/15/1
f 4607/18/4 4611/18/4 4617/20/4 4612/21/4
f 4620/2/5 4593/2/5 4587/2/5 4588/2/5
f 4589/18/4 4594/18/4 4602/20/4 4595/21/4
f 4598/18/4 4603/18/4 4610/20/4 4604/21/4
f 4618/2/3 4619/2/3 4616/2/3 4615/2/3
f 4575/16/1 4574/17/1 4583/26/1 4584/25/1
f 4577/26/1 4578/25/1 4586/16/1 4585/17/1
f 4564/26/1 4565/25/1 4581/16/1 4580/17/1
f 4582/22/4 4583/26/4 4574/17/4 4590/17/4
f 4576/20/4 4577/26/4 4585/17/4 4599/18/4
f 4563/20/4 4564/26/4 4580/17/4 4579/18/4
f 4633/19/4 4636/17/4 4652/17/4 4649/19/4
f 4585/17/3 4586/16/3 4627/16/3 4628/17/3
f 4584/25/5 4583/26/5 4625/26/5 4626/25/5
f 4577/19/4 4580/17/4 4624/17/4 4621/19/4
f 4583/19/4 4585/17/4 4628/17/4 4625/19/4
f 4625/19/4 4628/17/4 4644/17/4 4641/19/4
f 4573/23/5 4571/22/5 4633/22/5 4634/23/5
f 4567/17/3 4569/16/3 4631/16/3 4632/17/3
f 4574/17/3 4575/16/3 4635/16/3 4636/17/3
f 4565/25/5 4564/26/5 4629/26/5 4630/25/5
f 4650/23/5 4649/22/5 4665/22/5 4666/23/5
f 4642/25/5 4641/26/5 4657/26/5 4658/25/5
f 4621/19/4 4624/17/4 4640/17/4 4637/19/4
f 4632/17/3 4631/16/3 4647/16/3 4648/17/3
f 4629/19/4 4632/17/4 4648/17/4 4645/19/4
f 4634/23/5 4633/22/5 4649/22/5 4650/23/5
f 4666/23/5 4665/22/5 4676/22/5 4677/23/5
f 4661/19/4 4673/26/4 4670/17/4 4656/17/4
f 4661/19/4 4664/17/4 4675/17/4 4673/19/4
f 4644/17/3 4643/16/3 4659/16/3 4660/17/3
f 4652/17/3 4651/16/3 4667/16/3 4668/17/3
f 4641/19/4 4644/17/4 4660/17/4 4657/19/4
f 4638/25/5 4637/26/5 4653/26/5 4654/25/5
f 4649/19/4 4652/17/4 4668/17/4 4665/19/4
f 4646/25/5 4645/26/5 4661/26/5 4662/25/5
f 4629/19/4 4645/26/4 4640/17/4 4624/17/4
f 4640/17/3 4639/16/3 4655/16/3 4656/17/3
f 4648/17/3 4647/16/3 4663/16/3 4664/17/3
f 4637/19/4 4640/17/4 4656/17/4 4653/19/4
f 4645/19/4 4648/17/4 4664/17/4 4661/19/4
f 4639/16/1 4640/17/1 4645/26/1 4646/25/1
f 4660/17/4 4653/19/4 4669/26/4 4672/17/4
f 4657/19/4 4660/17/4 4672/17/4 4671/19/4
f 4665/19/4 4668/17/4 4678/17/4 4676/19/4
f 4657/19/4 4671/26/4 4678/17/4 4668/17/4
f 4637/26/1 4638/25/1 4643/16/1 4644/17/1
f 4641/26/1 4642/25/1 4651/16/1 4652/17/1
f 4664/17/3 4663/16/3 4674/16/3 4675/17/3
f 4653/19/4 4656/17/4 4670/17/4 4669/19/4
f 4644/17/4 4628/17/4 4621/19/4 4637/26/4
f 4625/19/4 4641/26/4 4652/17/4 4636/17/4
f 4575/16/4 4584/25/4 4626/25/4 4635/16/4
f 4586/16/4 4578/25/4 4622/25/4 4627/16/4
f 4565/25/4 4630/25/4 4623/16/4 4581/16/4
f 4651/16/4 4642/25/4 4658/25/4 4667/16/4
f 4639/16/4 4646/25/4 4662/25/4 4655/16/4
f 4638/25/4 4654/25/4 4659/16/4 4643/16/4
f 4600/15/4 4605/24/4 4606/23/4 4601/16/4
f 4608/15/4 4613/24/4 4614/23/4 4609/16/4
f 4591/15/4 4596/24/4 4597/23/4 4592/16/4
f 4684/15/3 4685/16/3 4683/17/3 4682/18/3
f 4682/18/4 4683/17/4 4680/19/4 4679/20/4
f 4687/19/4 4690/17/4 4752/17/4 4749/19/4
f 4686/21/5 4687/22/5 4689/23/5 4688/24/5
f 4706/18/4 4690/17/4 4687/19/4 4686/20/4
f 4680/19/4 4683/17/4 4748/17/4 4745/19/4
f 4695/18/4 4696/17/4 4693/19/4 4692/20/4
f 4694/25/5 4693/26/5 4737/26/5 4738/25/5
f 4715/18/4 4701/17/4 4699/19/4 4698/20/4
f 4696/17/3 4697/16/3 4739/16/3 4740/17/3
f 4703/21/5 4686/22/5 4688/23/5 4704/24/5
f 4707/15/3 4708/16/3 4706/17/3 4705/18/3
f 4705/18/4 4706/17/4 4686/19/4 4703/20/4
f 4703/20/4 4709/20/4 4710/18/4 4705/18/4
f 4711/21/5 4698/22/5 4713/23/5 4712/24/5
f 4716/15/3 4717/16/3 4715/17/3 4714/18/3
f 4714/18/4 4715/17/4 4698/19/4 4711/20/4
f 4712/27/6 4716/15/6 4714/18/6 4711/28/6
f 4711/20/4 4718/20/4 4719/18/4 4714/18/4
f 4720/21/5 4692/22/5 4722/23/5 4721/24/5
f 4724/15/71 4725/16/71 4695/17/71 4723/18/71
f 4723/18/4 4695/17/4 4692/19/4 4720/20/4
f 4721/27/6 4724/15/6 4723/18/6 4720/28/6
f 4720/20/4 4726/20/4 4727/18/4 4723/18/4
f 4728/21/5 4679/22/5 4730/23/5 4729/24/5
f 4732/15/3 4684/16/3 4682/17/3 4731/18/3
f 4731/18/4 4682/17/4 4679/19/4 4728/20/4
f 4728/20/4 4733/20/4 4734/18/4 4731/18/4
f 4705/18/1 4711/21/1 4712/24/1 4707/15/1
f 4714/18/1 4720/21/1 4721/24/1 4716/15/1
f 4723/18/1 4728/21/1 4729/24/1 4724/15/1
f 4723/18/4 4727/18/4 4733/20/4 4728/21/4
f 4736/2/5 4709/2/5 4703/2/5 4704/2/5
f 4705/18/4 4710/18/4 4718/20/4 4711/21/4
f 4714/18/4 4719/18/4 4726/20/4 4720/21/4
f 4734/2/3 4735/2/3 4732/2/3 4731/2/3
f 4691/16/1 4690/17/1 4699/26/1 4700/25/1
f 4693/26/1 4694/25/1 4702/16/1 4701/17/1
f 4680/26/1 4681/25/1 4697/16/1 4696/17/1
f 4698/22/4 4699/26/4 4690/17/4 4706/17/4
f 4692/20/4 4693/26/4 4701/17/4 4715/18/4
f 4679/20/4 4680/26/4 4696/17/4 4695/18/4
f 4749/19/4 4752/17/4 4768/17/4 4765/19/4
f 4701/17/3 4702/16/3 4743/16/3 4744/17/3
f 4700/25/5 4699/26/5 4741/26/5 4742/25/5
f 4693/19/4 4696/17/4 4740/17/4 4737/19/4
f 4699/19/4 4701/17/4 4744/17/4 4741/19/4
f 4741/19/4 4744/17/4 4760/17/4 4757/19/4
f 4689/23/5 4687/22/5 4749/22/5 4750/23/5
f 4683/17/3 4685/16/3 4747/16/3 4748/17/3
f 4690/17/3 4691/16/3 4751/16/3 4752/17/3
f 4681/25/5 4680/26/5 4745/26/5 4746/25/5
f 4766/23/5 4765/22/5 4781/22/5 4782/23/5
f 4758/25/5 4757/26/5 4773/26/5 4774/25/5
f 4737/19/4 4740/17/4 4756/17/4 4753/19/4
f 4748/17/3 4747/16/3 4763/16/3 4764/17/3
f 4745/19/4 4748/17/4 4764/17/4 4761/19/4
f 4750/23/5 4749/22/5 4765/22/5 4766/23/5
f 4782/23/5 4781/22/5 4792/22/5 4793/23/5
f 4777/19/4 4789/26/4 4786/17/4 4772/17/4
f 4777/19/4 4780/17/4 4791/17/4 4789/19/4
f 4760/17/3 4759/16/3 4775/16/3 4776/17/3
f 4768/17/3 4767/16/3 4783/16/3 4784/17/3
f 4757/19/4 4760/17/4 4776/17/4 4773/19/4
f 4754/25/5 4753/26/5 4769/26/5 4770/25/5
f 4765/19/4 4768/17/4 4784/17/4 4781/19/4
f 4762/25/5 4761/26/5 4777/26/5 4778/25/5
f 4745/19/4 4761/26/4 4756/17/4 4740/17/4
f 4756/17/3 4755/16/3 4771/16/3 4772/17/3
f 4764/17/3 4763/16/3 4779/16/3 4780/17/3
f 4753/19/4 4756/17/4 4772/17/4 4769/19/4
f 4761/19/4 4764/17/4 4780/17/4 4777/19/4
f 4755/16/1 4756/17/1 4761/26/1 4762/25/1
f 4776/17/4 4769/19/4 4785/26/4 4788/17/4
f 4773/19/4 4776/17/4 4788/17/4 4787/19/4
f 4781/19/4 4784/17/4 4794/17/4 4792/19/4
f 4773/19/4 4787/26/4 4794/17/4 4784/17/4
f 4753/26/1 4754/25/1 4759/16/1 4760/17/1
f 4757/26/1 4758/25/1 4767/16/1 4768/17/1
f 4780/17/3 4779/16/3 4790/16/3 4791/17/3
f 4769/19/4 4772/17/4 4786/17/4 4785/19/4
f 4760/17/4 4744/17/4 4737/19/4 4753/26/4
f 4741/19/4 4757/26/4 4768/17/4 4752/17/4
f 4716/15/4 4721/24/4 4722/23/4 4717/16/4
f 4724/15/4 4729/24/4 4730/23/4 4725/16/4
f 4681/25/4 4746/25/4 4739/16/4 4697/16/4
f 4702/16/4 4694/25/4 4738/25/4 4743/16/4
f 4754/25/4 4770/25/4 4775/16/4 4759/16/4
f 4755/16/4 4762/25/4 4778/25/4 4771/16/4
f 4767/16/4 4758/25/4 4774/25/4 4783/16/4
f 4691/16/4 4700/25/4 4742/25/4 4751/16/4
f 4707/15/4 4712/24/4 4713/23/4 4708/16/4
f 4809/29/4 4802/30/4 4798/5/4 4805/31/4
f 4804/32/4 4796/1/4 4801/33/4 4807/34/4
f 4807/34/4 4801/33/4 4802/30/4 4809/29/4
f 4800/35/4 4808/36/4 4810/37/4 4799/38/4
f 4807/34/5 4809/29/5 4813/29/5 4811/34/5
f 4795/2/4 4803/39/4 4808/36/4 4800/35/4
f 4803/39/4 4804/32/4 4807/34/4 4808/36/4
f 4799/38/4 4810/37/4 4806/40/4 4797/6/4
f 4810/37/4 4809/29/4 4805/31/4 4806/40/4
f 4809/29/6 4810/37/6 4814/37/6 4813/29/6
f 4808/36/1 4807/34/1 4811/34/1 4812/36/1
f 4810/37/3 4808/36/3 4812/36/3 4814/37/3
f 4824/49/80 4816/50/80 4815/51/80 4818/52/80
f 4816/50/81 4838/53/81 4817/54/81 4815/51/81
f 4819/55/6 4815/51/6 4817/54/6 4821/56/6
f 4815/51/6 4819/55/6 4822/57/6 4818/52/6
f 4820/58/82 4823/59/82 4822/57/82 4819/55/82
f 4837/60/83 4820/58/83 4819/55/83 4821/56/83
f 4823/59/84 4824/49/84 4818/52/84 4822/57/84
f 4820/61/85 4827/62/85 4825/63/85 4823/64/85
f 4823/64/86 4825/63/86 4828/65/86 4824/66/86
f 4828/67/87 4825/68/87 4826/69/87 4829/70/87
f 4825/68/88 4827/71/88 4834/72/88 4826/69/88
f 4830/73/89 4828/67/89 4829/70/89 4832/74/89
f 4824/66/90 4828/65/90 4830/75/90 4816/76/90
f 4816/77/91 4830/78/91 4831/79/91 4838/80/91
f 4831/81/92 4830/73/92 4832/74/92 4833/82/92
f 4833/82/1 4832/74/1 4834/72/1 4835/83/1
f 4834/72/1 4832/74/1 4829/70/1 4826/69/1
f 4827/71/93 4836/84/93 4835/83/93 4834/72/93
f 4836/84/94 4831/81/94 4833/82/94 4835/83/94
f 4838/80/95 4831/79/95 4836/85/95 4837/86/95
f 4837/86/96 4836/85/96 4827/62/96 4820/61/96
f 4838/53/97 4837/60/97 4821/56/97 4817/54/97
f 4840/5/98 4839/6/98 4841/87/98 4842/88/98
f 4842/88/99 4841/87/99 4843/89/99 4844/90/99
f 4844/90/100 4843/89/100 4845/91/100 4847/92/100
f 4847/92/101 4845/91/101 4846/93/101 4848/94/101
f 4862/95/102 4850/7/102 4849/9/102 4859/96/102
f 4859/96/103 4849/9/103 4851/11/103 4860/97/103
f 4860/97/99 4851/11/99 4852/13/99 4861/98/99
f 4842/14/98 4861/98/98 4852/13/98 4840/6/98
f 4863/99/104 4853/4/104 4850/7/104 4862/95/104
f 4863/99/4 4855/3/4 4857/3/4 4864/99/4
f 4855/4/4 4856/3/4 4858/3/4 4857/4/4
f 4848/94/105 4846/93/105 4856/3/105 4855/4/105
f 4853/4/4 4863/99/4 4864/99/4 4854/4/4
f 4855/3/106 4863/99/106 4862/95/106 4848/8/106
f 4844/12/99 4860/97/99 4861/98/99 4842/14/99
f 4847/10/107 4859/96/107 4860/97/107 4844/12/107
f 4848/8/108 4862/95/108 4859/96/108 4847/10/108
f 4866/1/1 4865/1/1 4868/1/1 4869/1/1
f 4867/1/1 4866/1/1 4869/1/1 4870/1/1
f 4870/1/3 4869/1/3 4872/1/3 4873/1/3
f 4869/1/4 4868/1/4 4871/1/4 4872/1/4
f 4871/1/5 4868/1/5 4874/1/5 4875/1/5
f 4870/1/2 4873/1/2 4875/1/2 4874/1/2
f 4876/2/1 4865/1/1 4866/1/1 4867/1/1
f 4870/1/1 4874/1/1 4876/2/1 4867/1/1
f 4868/1/1 4865/1/1 4876/2/1 4874/1/1
f 4872/1/6 4871/1/6 4877/1/6 4878/1/6
f 4879/1/3 4878/1/3 4882/1/3 4883/1/3
f 4875/1/6 4873/1/6 4879/1/6 4880/1/6
f 4873/1/6 4872/1/6 4878/1/6 4879/1/6
f 4871/1/6 4875/1/6 4880/1/6 4877/1/6
f 4877/1/5 4880/1/5 4884/1/5 4881/1/5
f 4878/1/4 4877/1/4 4881/1/4 4882/1/4
f 4880/1/2 4879/1/2 4883/1/2 4884/1/2
f 4886/1/1 4885/1/1 4888/1/1 4889/1/1
f 4887/1/1 4886/1/1 4889/1/1 4890/1/1
f 4890/1/3 4889/1/3 4892/1/3 4893/1/3
f 4889/1/4 4888/1/4 4891/1/4 4892/1/4
f 4891/1/5 4888/1/5 4894/1/5 4895/1/5
f 4890/1/2 4893/1/2 4895/1/2 4894/1/2
f 4896/2/1 4885/1/1 4886/1/1 4887/1/1
f 4890/1/1 4894/1/1 4896/2/1 4887/1/1
f 4888/1/1 4885/1/1 4896/2/1 4894/1/1
f 4892/1/6 4891/1/6 4897/1/6 4898/1/6
f 4899/1/3 4898/1/3 4902/1/3 4903/1/3
f 4895/1/6 4893/1/6 4899/1/6 4900/1/6
f 4893/1/6 4892/1/6 4898/1/6 4899/1/6
f 4891/1/6 4895/1/6 4900/1/6 4897/1/6
f 4897/1/5 4900/1/5 4904/1/5 4901/1/5
f 4898/1/4 4897/1/4 4901/1/4 4902/1/4
f 4900/1/2 4899/1/2 4903/1/2 4904/1/2
f 4906/1/1 4905/1/1 4908/1/1 4909/1/1
f 4907/1/1 4906/1/1 4909/1/1 4910/1/1
f 4910/1/3 4909/1/3 4912/1/3 4913/1/3
f 4909/1/4 4908/1/4 4911/1/4 4912/1/4
f 4911/1/5 4908/1/5 4914/1/5 4915/1/5
f 4910/1/2 4913/1/2 4915/1/2 4914/1/2
f 4916/2/1 4905/1/1 4906/1/1 4907/1/1
f 4910/1/1 4914/1/1 4916/2/1 4907/1/1
f 4908/1/1 4905/1/1 4916/2/1 4914/1/1
f 4912/1/6 4911/1/6 4917/1/6 4918/1/6
f 4919/1/3 4918/1/3 4922/1/3 4923/1/3
f 4915/1/6 4913/1/6 4919/1/6 4920/1/6
f 4913/1/6 4912/1/6 4918/1/6 4919/1/6
f 4911/1/6 4915/1/6 4920/1/6 4917/1/6
f 4917/1/5 4920/1/5 4924/1/5 4921/1/5
f 4918/1/4 4917/1/4 4921/1/4 4922/1/4
f 4920/1/2 4919/1/2 4923/1/2 4924/1/2
f 4926/1/1 4925/1/1 4928/1/1 4929/1/1
f 4927/1/1 4926/1/1 4929/1/1 4930/1/1
f 4930/1/3 4929/1/3 4932/1/3 4933/1/3
f 4929/1/4 4928/1/4 4931/1/4 4932/1/4
f 4931/1/5 4928/1/5 4934/1/5 4935/1/5
f 4930/1/2 4933/1/2 4935/1/2 4934/1/2
f 4936/2/1 4925/1/1 4926/1/1 4927/1/1
f 4930/1/1 4934/1/1 4936/2/1 4927/1/1
f 4928/1/1 4925/1/1 4936/2/1 4934/1/1
f 4932/1/6 4931/1/6 4937/1/6 4938/1/6
f 4939/1/3 4938/1/3 4942/1/3 4943/1/3
f 4935/1/6 4933/1/6 4939/1/6 4940/1/6
f 4933/1/6 4932/1/6 4938/1/6 4939/1/6
f 4931/1/6 4935/1/6 4940/1/6 4937/1/6
f 4937/1/5 4940/1/5 4944/1/5 4941/1/5
f 4938/1/4 4937/1/4 4941/1/4 4942/1/4
f 4940/1/2 4939/1/2 4943/1/2 4944/1/2
f 4948/4/4 4947/3/4 4949/3/4 4950/4/4
f 4947/3/109 4948/4/109 4954/7/109 4955/8/109
f 4955/8/101 4954/7/101 4953/9/101 4956/10/101
f 4956/10/100 4953/9/100 4952/11/100 4957/12/100
f 4957/12/99 4952/11/99 4951/13/99 4958/14/99
f 4958/14/98 4951/13/98 4946/5/98 4945/6/98
f 4962/4/4 4961/3/4 4963/3/4 4964/4/4
f 4961/3/109 4962/4/109 4968/7/109 4969/8/109
f 4969/8/101 4968/7/101 4967/9/101 4970/10/101
f 4970/10/100 4967/9/100 4966/11/100 4971/12/100
f 4971/12/99 4966/11/99 4965/13/99 4972/14/99
f 4972/14/98 4965/13/98 4960/5/98 4959/6/98
f 4976/4/4 4975/3/4 4977/3/4 4978/4/4
f 4975/3/110 4976/4/110 4982/7/110 4983/8/110
f 4983/8/101 4982/7/101 4981/9/101 4984/10/101
f 4984/10/100 4981/9/100 4980/11/100 4985/12/100
f 4985/12/99 4980/11/99 4979/13/99 4986/14/99
f 4986/14/98 4979/13/98 4974/5/98 4973/6/98
f 4993/99/4 4987/3/4 4988/3/4 4994/99/4
f 4993/99/111 4975/4/111 4983/7/111 4995/95/111
f 4995/95/112 4983/7/112 4984/9/112 4996/96/112
f 4996/96/113 4984/9/113 4985/11/113 4997/97/113
f 4997/97/99 4985/11/99 4986/13/99 4998/98/99
f 4992/14/98 4998/98/98 4986/13/98 4973/6/98
f 4991/12/99 4997/97/99 4998/98/99 4992/14/99
f 4990/10/114 4996/96/114 4997/97/114 4991/12/114
f 4989/8/115 4995/95/115 4996/96/115 4990/10/115
f 4987/3/116 4993/99/116 4995/95/116 4989/8/116
f 4975/4/4 4993/99/4 4994/99/4 4977/4/4
f 5008/49/83 5000/50/83 4999/51/83 5002/52/83
f 5000/50/82 5022/53/82 5001/54/82 4999/51/82
f 5003/55/6 4999/51/6 5001/54/6 5005/56/6
f 4999/51/6 5003/55/6 5006/57/6 5002/52/6
f 5004/58/81 5007/59/81 5006/57/81 5003/55/81
f 5021/60/80 5004/58/80 5003/55/80 5005/56/80
f 5007/59/97 5008/49/97 5002/52/97 5006/57/97
f 5004/61/91 5011/62/91 5009/63/91 5007/64/91
f 5007/64/95 5009/63/95 5012/65/95 5008/66/95
f 5012/67/94 5009/68/94 5010/69/94 5013/70/94
f 5009/68/92 5011/71/92 5018/72/92 5010/69/92
f 5014/73/93 5012/67/93 5013/70/93 5016/74/93
f 5008/66/96 5012/65/96 5014/75/96 5000/76/96
f 5000/77/85 5014/78/85 5015/79/85 5022/80/85
f 5015/81/88 5014/73/88 5016/74/88 5017/82/88
f 5017/82/1 5016/74/1 5018/72/1 5019/83/1
f 5018/72/1 5016/74/1 5013/70/1 5010/69/1
f 5011/71/89 5020/84/89 5019/83/89 5018/72/89
f 5020/84/87 5015/81/87 5017/82/87 5019/83/87
f 5022/80/86 5015/79/86 5020/85/86 5021/86/86
f 5021/86/90 5020/85/90 5011/62/90 5004/61/90
f 5022/53/84 5021/60/84 5005/56/84 5001/54/84
f 5024/5/117 5023/6/117 5025/87/117 5026/88/117
f 5026/88/118 5025/87/118 5027/89/118 5028/90/118
f 5028/90/119 5027/89/119 5029/91/119 5031/92/119
f 5031/92/120 5029/91/120 5030/93/120 5032/94/120
f 5046/95/121 5034/7/121 5033/9/121 5043/96/121
f 5043/96/122 5033/9/122 5035/11/122 5044/97/122
f 5044/97/118 5035/11/118 5036/13/118 5045/98/118
f 5026/14/117 5045/98/117 5036/13/117 5024/6/117
f 5047/99/123 5037/4/123 5034/7/123 5046/95/123
f 5047/99/2 5039/3/2 5041/3/2 5048/99/2
f 5039/4/2 5040/3/2 5042/3/2 5041/4/2
f 5032/94/124 5030/93/124 5040/3/124 5039/4/124
f 5037/4/2 5047/99/2 5048/99/2 5038/4/2
f 5039/3/125 5047/99/125 5046/95/125 5032/8/125
f 5028/12/118 5044/97/118 5045/98/118 5026/14/118
f 5031/10/126 5043/96/126 5044/97/126 5028/12/126
f 5032/8/127 5046/95/127 5043/96/127 5031/10/127
f 5052/4/2 5051/3/2 5053/3/2 5054/4/2
f 5051/3/128 5052/4/128 5058/7/128 5059/8/128
f 5059/8/120 5058/7/120 5057/9/120 5060/10/120
f 5060/10/119 5057/9/119 5056/11/119 5061/12/119
f 5061/12/118 5056/11/118 5055/13/118 5062/14/118
f 5062/14/117 5055/13/117 5050/5/117 5049/6/117
f 5066/4/2 5065/3/2 5067/3/2 5068/4/2
f 5065/3/128 5066/4/128 5072/7/128 5073/8/128
f 5073/8/120 5072/7/120 5071/9/120 5074/10/120
f 5074/10/119 5071/9/119 5070/11/119 5075/12/119
f 5075/12/118 5070/11/118 5069/13/118 5076/14/118
f 5076/14/117 5069/13/117 5064/5/117 5063/6/117
f 5080/4/2 5079/3/2 5081/3/2 5082/4/2
f 5079/3/129 5080/4/129 5086/7/129 5087/8/129
f 5087/8/120 5086/7/120 5085/9/120 5088/10/120
f 5088/10/119 5085/9/119 5084/11/119 5089/12/119
f 5089/12/118 5084/11/118 5083/13/118 5090/14/118
f 5090/14/117 5083/13/117 5078/5/117 5077/6/117
f 5097/99/2 5091/3/2 5092/3/2 5098/99/2
f 5097/99/130 5079/4/130 5087/7/130 5099/95/130
f 5099/95/131 5087/7/131 5088/9/131 5100/96/131
f 5100/96/132 5088/9/132 5089/11/132 5101/97/132
f 5101/97/118 5089/11/118 5090/13/118 5102/98/118
f 5096/14/117 5102/98/117 5090/13/117 5077/6/117
f 5095/12/118 5101/97/118 5102/98/118 5096/14/118
f 5094/10/133 5100/96/133 5101/97/133 5095/12/133
f 5093/8/134 5099/95/134 5100/96/134 5094/10/134
f 5091/3/135 5097/99/135 5099/95/135 5093/8/135
f 5079/4/2 5097/99/2 5098/99/2 5081/4/2
f 1/2/1 6/2/1 7/2/1 2/2/1
f 2/2/1 7/2/1 8/2/1 3/2/1
f 3/2/1 8/2/1 9/2/1 4/2/1
f 4/2/1 9/2/1 10/2/1 5/2/1
f 6/2/1 11/2/1 12/2/1 7/2/1
f 7/2/1 12/2/1 13/2/1 8/2/1
f 8/2/1 13/2/1 14/2/1 9/2/1
f 9/2/1 14/2/1 15/2/1 10/2/1
f 11/2/1 16/2/1 17/2/1 12/2/1
f 12/2/1 17/2/1 18/2/1 13/2/1
f 13/2/1 18/2/1 19/2/1 14/2/1
f 14/2/1 19/2/1 20/2/1 15/2/1
f 16/2/1 21/2/1 22/2/1 17/2/1
f 17/2/1 22/2/1 23/2/1 18/2/1
f 18/2/1 23/2/1 24/2/1 19/2/1
f 19/2/1 24/2/1 25/2/1 20/2/1
