# Blender 5.0.1
# www.blender.org
mtllib M_SpringTower_02.mtl.mtl
o Plane.001
v 1.000000 4.000000 2.500001
v 1.000000 5.000000 2.500001
v 2.000000 4.000000 2.500001
v 2.000000 5.000000 2.000001
v 2.000000 4.000000 2.000001
v 2.000000 5.000000 2.500001
v 2.240000 0.825000 -2.040000
v 2.240000 0.700000 -2.040000
v 2.040000 0.825000 -2.039999
v 2.240000 0.825000 -2.240000
v 2.240000 0.700000 -2.240000
v 2.040000 0.825000 -2.240000
v 2.040000 0.700000 -2.240000
v 2.040000 0.700000 -2.039999
v 2.215000 0.700000 -2.065000
v 2.215000 0.700000 -2.215000
v 2.065000 0.700000 -2.064999
v 2.215000 0.125000 -2.065000
v 2.215000 0.125000 -2.215000
v 2.065000 0.125000 -2.064999
v 2.065000 0.125000 -2.215000
v 2.065000 0.700000 -2.215000
v 2.280000 0.825000 -2.000000
v 2.280000 1.000000 -2.000000
v 2.000000 0.825000 -1.999999
v 2.280000 0.825000 -2.280000
v 2.280000 1.000000 -2.280000
v 2.000000 0.825000 -2.280000
v 2.000000 1.000000 -2.280000
v 2.000000 1.000000 -2.000000
v 2.240000 0.125000 -2.040000
v 2.240000 0.000000 -2.040000
v 2.040000 0.125000 -2.040000
v 2.240000 0.125000 -2.240000
v 2.240000 0.000000 -2.240000
v 2.040000 0.125000 -2.240000
v 2.040000 0.000000 -2.240000
v 2.040000 0.000000 -2.040000
v 2.240000 1.825000 -2.040000
v 2.240000 1.700000 -2.040000
v 2.040000 1.825000 -2.039999
v 2.240000 1.825000 -2.240000
v 2.240000 1.700000 -2.240000
v 2.040000 1.825000 -2.240000
v 2.040000 1.700000 -2.240000
v 2.040000 1.700000 -2.039999
v 2.215000 1.700000 -2.065000
v 2.215000 1.700000 -2.215000
v 2.065000 1.700000 -2.064999
v 2.215000 1.125000 -2.065000
v 2.215000 1.125000 -2.215000
v 2.065000 1.125000 -2.064999
v 2.065000 1.125000 -2.215000
v 2.065000 1.700000 -2.215000
v 2.280000 1.825000 -2.000000
v 2.280000 2.000000 -2.000000
v 2.000000 1.825000 -1.999999
v 2.280000 1.825000 -2.280000
v 2.280000 2.000000 -2.280000
v 2.000000 1.825000 -2.280000
v 2.000000 2.000000 -2.280000
v 2.000000 2.000000 -2.000000
v 2.240000 1.125000 -2.040000
v 2.240000 1.000000 -2.040000
v 2.040000 1.125000 -2.040000
v 2.240000 1.125000 -2.240000
v 2.240000 1.000000 -2.240000
v 2.040000 1.125000 -2.240000
v 2.040000 1.000000 -2.240000
v 2.040000 1.000000 -2.040000
v 2.240000 2.825000 -2.040000
v 2.240000 2.700000 -2.040000
v 2.040000 2.825000 -2.039999
v 2.240000 2.825000 -2.240000
v 2.240000 2.700000 -2.240000
v 2.040000 2.825000 -2.240000
v 2.040000 2.700000 -2.240000
v 2.040000 2.700000 -2.039999
v 2.215000 2.700000 -2.065000
v 2.215000 2.700000 -2.215000
v 2.065000 2.700000 -2.064999
v 2.215000 2.125000 -2.065000
v 2.215000 2.125000 -2.215000
v 2.065000 2.125000 -2.064999
v 2.065000 2.125000 -2.215000
v 2.065000 2.700000 -2.215000
v 2.280000 2.825000 -2.000000
v 2.280000 3.000000 -2.000000
v 2.000000 2.825000 -1.999999
v 2.280000 2.825000 -2.280000
v 2.280000 3.000000 -2.280000
v 2.000000 2.825000 -2.280000
v 2.000000 3.000000 -2.280000
v 2.000000 3.000000 -2.000000
v 2.240000 2.125000 -2.040000
v 2.240000 2.000000 -2.040000
v 2.040000 2.125000 -2.040000
v 2.240000 2.125000 -2.240000
v 2.240000 2.000000 -2.240000
v 2.040000 2.125000 -2.240000
v 2.040000 2.000000 -2.240000
v 2.040000 2.000000 -2.040000
v 2.240000 3.825000 -2.040000
v 2.240000 3.700000 -2.040000
v 2.040000 3.825000 -2.039999
v 2.240000 3.825000 -2.240000
v 2.240000 3.700000 -2.240000
v 2.040000 3.825000 -2.240000
v 2.040000 3.700000 -2.240000
v 2.040000 3.700000 -2.039999
v 2.215000 3.700000 -2.065000
v 2.215000 3.700000 -2.215000
v 2.065000 3.700000 -2.064999
v 2.215000 3.125000 -2.065000
v 2.215000 3.125000 -2.215000
v 2.065000 3.125000 -2.064999
v 2.065000 3.125000 -2.215000
v 2.065000 3.700000 -2.215000
v 2.280000 3.825000 -2.000000
v 2.280000 4.000000 -2.000000
v 2.000000 3.825000 -1.999999
v 2.280000 3.825000 -2.280000
v 2.280000 4.000000 -2.280000
v 2.000000 3.825000 -2.280000
v 2.000000 4.000000 -2.280000
v 2.000000 4.000000 -2.000000
v 2.240000 3.125000 -2.040000
v 2.240000 3.000000 -2.040000
v 2.040000 3.125000 -2.040000
v 2.240000 3.125000 -2.240000
v 2.240000 3.000000 -2.240000
v 2.040000 3.125000 -2.240000
v 2.040000 3.000000 -2.240000
v 2.040000 3.000000 -2.040000
v 2.240000 4.825000 -2.040000
v 2.240000 4.700000 -2.040000
v 2.040000 4.825000 -2.039999
v 2.240000 4.825000 -2.240000
v 2.240000 4.700000 -2.240000
v 2.040000 4.825000 -2.240000
v 2.040000 4.700000 -2.240000
v 2.040000 4.700000 -2.039999
v 2.215000 4.700000 -2.065000
v 2.215000 4.700000 -2.215000
v 2.065000 4.700000 -2.064999
v 2.215000 4.125000 -2.065000
v 2.215000 4.125000 -2.215000
v 2.065000 4.125000 -2.064999
v 2.065000 4.125000 -2.215000
v 2.065000 4.700000 -2.215000
v 2.280000 4.825000 -2.000000
v 2.280000 5.000000 -2.000000
v 2.000000 4.825000 -1.999999
v 2.280000 4.825000 -2.280000
v 2.280000 5.000000 -2.280000
v 2.000000 4.825000 -2.280000
v 2.000000 5.000000 -2.280000
v 2.000000 5.000000 -2.000000
v 2.240000 4.125000 -2.040000
v 2.240000 4.000000 -2.040000
v 2.040000 4.125000 -2.040000
v 2.240000 4.125000 -2.240000
v 2.240000 4.000000 -2.240000
v 2.040000 4.125000 -2.240000
v 2.040000 4.000000 -2.240000
v 2.040000 4.000000 -2.040000
v 2.240000 5.825000 -2.040000
v 2.240000 5.700000 -2.040000
v 2.040000 5.825000 -2.039999
v 2.240000 5.825000 -2.240000
v 2.240000 5.700000 -2.240000
v 2.040000 5.825000 -2.240000
v 2.040000 5.700000 -2.240000
v 2.040000 5.700000 -2.039999
v 2.215000 5.700000 -2.065000
v 2.215000 5.700000 -2.215000
v 2.065000 5.700000 -2.064999
v 2.215000 5.125000 -2.065000
v 2.215000 5.125000 -2.215000
v 2.065000 5.125000 -2.064999
v 2.065000 5.125000 -2.215000
v 2.065000 5.700000 -2.215000
v 2.280000 5.825000 -2.000000
v 2.280000 6.000000 -2.000000
v 2.000000 5.825000 -1.999999
v 2.280000 5.825000 -2.280000
v 2.280000 6.000000 -2.280000
v 2.000000 5.825000 -2.280000
v 2.000000 6.000000 -2.280000
v 2.000000 6.000000 -2.000000
v 2.240000 5.125000 -2.040000
v 2.240000 5.000000 -2.040000
v 2.040000 5.125000 -2.040000
v 2.240000 5.125000 -2.240000
v 2.240000 5.000000 -2.240000
v 2.040000 5.125000 -2.240000
v 2.040000 5.000000 -2.240000
v 2.040000 5.000000 -2.040000
v 2.240000 6.825000 -2.040000
v 2.240000 6.700000 -2.040000
v 2.040000 6.825000 -2.039999
v 2.240000 6.825000 -2.240000
v 2.240000 6.700000 -2.240000
v 2.040000 6.825000 -2.240000
v 2.040000 6.700000 -2.240000
v 2.040000 6.700000 -2.039999
v 2.215000 6.700000 -2.065000
v 2.215000 6.700000 -2.215000
v 2.065000 6.700000 -2.064999
v 2.215000 6.125000 -2.065000
v 2.215000 6.125000 -2.215000
v 2.065000 6.125000 -2.064999
v 2.065000 6.125000 -2.215000
v 2.065000 6.700000 -2.215000
v 2.280000 6.825000 -2.000000
v 2.280000 7.000000 -2.000000
v 2.000000 6.825000 -1.999999
v 2.280000 6.825000 -2.280000
v 2.280000 7.000000 -2.280000
v 2.000000 6.825000 -2.280000
v 2.000000 7.000000 -2.280000
v 2.000000 7.000000 -2.000000
v 2.240000 6.125000 -2.040000
v 2.240000 6.000000 -2.040000
v 2.040000 6.125000 -2.040000
v 2.240000 6.125000 -2.240000
v 2.240000 6.000000 -2.240000
v 2.040000 6.125000 -2.240000
v 2.040000 6.000000 -2.240000
v 2.040000 6.000000 -2.040000
v 2.240000 7.825000 -2.040000
v 2.240000 7.700000 -2.040000
v 2.040000 7.825000 -2.039999
v 2.240000 7.825000 -2.240000
v 2.240000 7.700000 -2.240000
v 2.040000 7.825000 -2.240000
v 2.040000 7.700000 -2.240000
v 2.040000 7.700000 -2.039999
v 2.215000 7.700000 -2.065000
v 2.215000 7.700000 -2.215000
v 2.065000 7.700000 -2.064999
v 2.215000 7.125000 -2.065000
v 2.215000 7.125000 -2.215000
v 2.065000 7.125000 -2.064999
v 2.065000 7.125000 -2.215000
v 2.065000 7.700000 -2.215000
v 2.280000 7.825000 -2.000000
v 2.280000 8.000000 -2.000000
v 2.000000 7.825000 -1.999999
v 2.280000 7.825000 -2.280000
v 2.280000 8.000000 -2.280000
v 2.000000 7.825000 -2.280000
v 2.000000 8.000000 -2.280000
v 2.000000 8.000000 -2.000000
v 2.240000 7.125000 -2.040000
v 2.240000 7.000000 -2.040000
v 2.040000 7.125000 -2.040000
v 2.240000 7.125000 -2.240000
v 2.240000 7.000000 -2.240000
v 2.040000 7.125000 -2.240000
v 2.040000 7.000000 -2.240000
v 2.040000 7.000000 -2.040000
v 2.240000 8.825000 -2.040000
v 2.240000 8.700000 -2.040000
v 2.040000 8.825000 -2.039999
v 2.240000 8.825000 -2.240000
v 2.240000 8.700000 -2.240000
v 2.040000 8.825000 -2.240000
v 2.040000 8.700000 -2.240000
v 2.040000 8.700000 -2.039999
v 2.215000 8.700000 -2.065000
v 2.215000 8.700000 -2.215000
v 2.065000 8.700000 -2.064999
v 2.215000 8.125000 -2.065000
v 2.215000 8.125000 -2.215000
v 2.065000 8.125000 -2.064999
v 2.065000 8.125000 -2.215000
v 2.065000 8.700000 -2.215000
v 2.280000 8.825000 -2.000000
v 2.280000 9.000000 -2.000000
v 2.000000 8.825000 -1.999999
v 2.280000 8.825000 -2.280000
v 2.280000 9.000000 -2.280000
v 2.000000 8.825000 -2.280000
v 2.000000 9.000000 -2.280000
v 2.000000 9.000000 -2.000000
v 2.240000 8.125000 -2.040000
v 2.240000 8.000000 -2.040000
v 2.040000 8.125000 -2.040000
v 2.240000 8.125000 -2.240000
v 2.240000 8.000000 -2.240000
v 2.040000 8.125000 -2.240000
v 2.040000 8.000000 -2.240000
v 2.040000 8.000000 -2.040000
v 2.240000 9.825000 -2.040000
v 2.240000 9.700000 -2.040000
v 2.040000 9.825000 -2.039999
v 2.240000 9.825000 -2.240000
v 2.240000 9.700000 -2.240000
v 2.040000 9.825000 -2.240000
v 2.040000 9.700000 -2.240000
v 2.040000 9.700000 -2.039999
v 2.215000 9.700000 -2.065000
v 2.215000 9.700000 -2.215000
v 2.065000 9.700000 -2.064999
v 2.215000 9.125000 -2.065000
v 2.215000 9.125000 -2.215000
v 2.065000 9.125000 -2.064999
v 2.065000 9.125000 -2.215000
v 2.065000 9.700000 -2.215000
v 2.280000 9.825000 -2.000000
v 2.280000 10.000000 -2.000000
v 2.000000 9.825000 -1.999999
v 2.280000 9.825000 -2.280000
v 2.280000 10.000000 -2.280000
v 2.000000 9.825000 -2.280000
v 2.000000 10.000000 -2.280000
v 2.000000 10.000000 -2.000000
v 2.240000 9.125000 -2.040000
v 2.240000 9.000000 -2.040000
v 2.040000 9.125000 -2.040000
v 2.240000 9.125000 -2.240000
v 2.240000 9.000000 -2.240000
v 2.040000 9.125000 -2.240000
v 2.040000 9.000000 -2.240000
v 2.040000 9.000000 -2.040000
v 2.240000 10.825000 -2.040000
v 2.240000 10.700000 -2.040000
v 2.040000 10.825000 -2.039999
v 2.240000 10.825000 -2.240000
v 2.240000 10.700000 -2.240000
v 2.040000 10.825000 -2.240000
v 2.040000 10.700000 -2.240000
v 2.040000 10.700000 -2.039999
v 2.215000 10.700000 -2.065000
v 2.215000 10.700000 -2.215000
v 2.065000 10.700000 -2.064999
v 2.215000 10.125000 -2.065000
v 2.215000 10.125000 -2.215000
v 2.065000 10.125000 -2.064999
v 2.065000 10.125000 -2.215000
v 2.065000 10.700000 -2.215000
v 2.280000 10.825000 -2.000000
v 2.280000 11.000000 -2.000000
v 2.000000 10.825000 -1.999999
v 2.280000 10.825000 -2.280000
v 2.280000 11.000000 -2.280000
v 2.000000 10.825000 -2.280000
v 2.000000 11.000000 -2.280000
v 2.000000 11.000000 -2.000000
v 2.240000 10.125000 -2.040000
v 2.240000 10.000000 -2.040000
v 2.040000 10.125000 -2.040000
v 2.240000 10.125000 -2.240000
v 2.240000 10.000000 -2.240000
v 2.040000 10.125000 -2.240000
v 2.040000 10.000000 -2.240000
v 2.040000 10.000000 -2.040000
v 2.240000 11.825000 -2.040000
v 2.240000 11.700000 -2.040000
v 2.040000 11.825000 -2.039999
v 2.240000 11.825000 -2.240000
v 2.240000 11.700000 -2.240000
v 2.040000 11.825000 -2.240000
v 2.040000 11.700000 -2.240000
v 2.040000 11.700000 -2.039999
v 2.215000 11.700000 -2.065000
v 2.215000 11.700000 -2.215000
v 2.065000 11.700000 -2.064999
v 2.215000 11.125000 -2.065000
v 2.215000 11.125000 -2.215000
v 2.065000 11.125000 -2.064999
v 2.065000 11.125000 -2.215000
v 2.065000 11.700000 -2.215000
v 2.280000 11.825000 -2.000000
v 2.280000 12.000000 -2.000000
v 2.000000 11.825000 -1.999999
v 2.280000 11.825000 -2.280000
v 2.280000 12.000000 -2.280000
v 2.000000 11.825000 -2.280000
v 2.000000 12.000000 -2.280000
v 2.000000 12.000000 -2.000000
v 2.240000 11.125000 -2.040000
v 2.240000 11.000000 -2.040000
v 2.040000 11.125000 -2.040000
v 2.240000 11.125000 -2.240000
v 2.240000 11.000000 -2.240000
v 2.040000 11.125000 -2.240000
v 2.040000 11.000000 -2.240000
v 2.040000 11.000000 -2.040000
v 2.240000 12.825000 -2.040000
v 2.240000 12.700000 -2.040000
v 2.040000 12.825000 -2.039999
v 2.240000 12.825000 -2.240000
v 2.240000 12.700000 -2.240000
v 2.040000 12.825000 -2.240000
v 2.040000 12.700000 -2.240000
v 2.040000 12.700000 -2.039999
v 2.215000 12.700000 -2.065000
v 2.215000 12.700000 -2.215000
v 2.065000 12.700000 -2.064999
v 2.215000 12.125000 -2.065000
v 2.215000 12.125000 -2.215000
v 2.065000 12.125000 -2.064999
v 2.065000 12.125000 -2.215000
v 2.065000 12.700000 -2.215000
v 2.280000 12.825000 -2.000000
v 2.280000 13.000000 -2.000000
v 2.000000 12.825000 -1.999999
v 2.280000 12.825000 -2.280000
v 2.280000 13.000000 -2.280000
v 2.000000 12.825000 -2.280000
v 2.000000 13.000000 -2.280000
v 2.000000 13.000000 -2.000000
v 2.240000 12.125000 -2.040000
v 2.240000 12.000000 -2.040000
v 2.040000 12.125000 -2.040000
v 2.240000 12.125000 -2.240000
v 2.240000 12.000000 -2.240000
v 2.040000 12.125000 -2.240000
v 2.040000 12.000000 -2.240000
v 2.040000 12.000000 -2.040000
v 2.240000 13.825000 -2.040000
v 2.240000 13.700000 -2.040000
v 2.040000 13.825000 -2.039999
v 2.240000 13.825000 -2.240000
v 2.240000 13.700000 -2.240000
v 2.040000 13.825000 -2.240000
v 2.040000 13.700000 -2.240000
v 2.040000 13.700000 -2.039999
v 2.215000 13.700000 -2.065000
v 2.215000 13.700000 -2.215000
v 2.065000 13.700000 -2.064999
v 2.215000 13.125000 -2.065000
v 2.215000 13.125000 -2.215000
v 2.065000 13.125000 -2.064999
v 2.065000 13.125000 -2.215000
v 2.065000 13.700000 -2.215000
v 2.280000 13.825000 -2.000000
v 2.280000 14.000000 -2.000000
v 2.000000 13.825000 -1.999999
v 2.280000 13.825000 -2.280000
v 2.280000 14.000000 -2.280000
v 2.000000 13.825000 -2.280000
v 2.000000 14.000000 -2.280000
v 2.000000 14.000000 -2.000000
v 2.240000 13.125000 -2.040000
v 2.240000 13.000000 -2.040000
v 2.040000 13.125000 -2.040000
v 2.240000 13.125000 -2.240000
v 2.240000 13.000000 -2.240000
v 2.040000 13.125000 -2.240000
v 2.040000 13.000000 -2.240000
v 2.040000 13.000000 -2.040000
v 2.000000 1.000000 2.000000
v 2.000000 1.000000 1.000000
v 2.000000 0.100000 2.000000
v 2.000000 0.100000 1.000000
v 2.100000 0.100000 2.000000
v 2.100000 0.000000 2.000000
v 2.100000 0.100000 1.000000
v 2.100000 0.000000 1.000000
v 2.000000 1.000000 1.000000
v 2.000000 1.000000 0.000000
v 2.000000 0.100000 1.000000
v 2.000000 0.100000 0.000000
v 2.100000 0.100000 1.000000
v 2.100000 0.000000 1.000000
v 2.100000 0.100000 0.000000
v 2.100000 0.000000 0.000000
v 2.000000 1.000000 -0.000000
v 2.000000 1.000000 -1.000000
v 2.000000 0.100000 0.000000
v 2.000000 0.100000 -1.000000
v 2.100000 0.100000 0.000000
v 2.100000 0.000000 0.000000
v 2.100000 0.100000 -1.000000
v 2.100000 0.000000 -1.000000
v 2.000000 1.000000 -1.000000
v 2.000000 1.000000 -2.000000
v 2.000000 0.100000 -1.000000
v 2.000000 0.100000 -2.000000
v 2.100000 0.100000 -1.000000
v 2.100000 0.000000 -1.000000
v 2.100000 0.100000 -2.000000
v 2.100000 0.000000 -2.000000
v 2.000000 14.725000 1.000000
v 2.000000 14.725000 0.000000
v 2.065187 14.515028 1.000000
v 2.215147 14.327541 1.000000
v 2.065187 14.515028 0.000000
v 2.215147 14.327541 0.000000
v 2.432202 14.175603 0.000000
v 2.700040 14.070631 0.000000
v 2.432202 14.175603 1.000000
v 2.700040 14.070631 1.000000
v 3.000000 14.025000 1.000000
v 3.000000 14.025000 0.000000
v 3.000000 14.000000 1.000000
v 3.000000 14.000000 0.000000
v 2.000000 14.725000 0.000000
v 2.000000 14.725000 -1.000000
v 2.065187 14.515028 0.000000
v 2.215147 14.327541 0.000000
v 2.065187 14.515028 -1.000000
v 2.215147 14.327541 -1.000000
v 2.432202 14.175603 -1.000000
v 2.700040 14.070631 -1.000000
v 2.432202 14.175603 0.000000
v 2.700040 14.070631 0.000000
v 3.000000 14.025000 0.000000
v 3.000000 14.025000 -1.000000
v 3.000000 14.000000 0.000000
v 3.000000 14.000000 -1.000000
v 2.000000 1.000000 2.000000
v 2.000000 2.000000 2.000000
v 3.000000 1.000000 2.000000
v 3.000000 2.000000 2.000000
v 3.000000 1.000000 1.000000
v 3.000000 2.000000 1.000001
v 2.000000 1.000000 1.000000
v 2.000000 2.000000 1.000000
v 3.000000 2.000000 2.000000
v 3.000000 2.000000 1.000000
v 2.000000 2.000000 2.000000
v 2.000000 2.000000 1.000000
v 3.000000 1.000000 2.000000
v 3.000000 2.000000 2.000000
v 3.000000 1.000000 1.000000
v 3.000000 2.000000 1.000000
v 2.000000 2.000000 2.000000
v 2.000000 3.000000 2.000000
v 2.000000 2.000000 1.000000
v 2.000000 3.000000 1.000000
v 2.000000 3.000000 2.000000
v 2.000000 4.000000 2.000000
v 3.000000 3.000000 2.000000
v 3.000000 4.000000 2.000000
v 3.000000 3.000000 2.000000
v 3.000000 4.000000 2.000000
v 3.000000 3.000000 1.000000
v 3.000000 4.000000 1.000000
v 3.000000 4.000000 2.000000
v 3.000000 4.000000 1.000000
v 2.000000 4.000000 2.000000
v 2.000000 4.000000 1.000000
v 2.000000 4.000000 2.000000
v 2.000000 5.000000 2.000000
v 2.000000 4.000000 1.000000
v 2.000000 5.000000 1.000000
v 2.500000 5.000000 2.000000
v 2.500000 6.000000 2.000000
v 2.000000 5.000000 2.000000
v 2.000000 6.000000 2.000000
v 2.000000 6.000000 1.000000
v 2.000000 5.000000 1.000000
v 2.500000 6.000000 1.000000
v 2.500000 5.000000 1.000000
v 2.500000 5.000000 2.000000
v 2.500000 6.000000 2.000000
v 2.500000 5.000000 1.000000
v 2.500000 6.000000 1.000000
v 2.500000 6.000000 2.000000
v 2.500000 7.000000 2.000000
v 2.000000 6.000000 2.000000
v 2.000000 7.000000 2.000000
v 2.000000 7.000000 1.000000
v 2.000000 6.000000 1.000000
v 2.500000 7.000000 1.000000
v 2.500000 6.000000 1.000000
v 2.500000 6.000000 2.000000
v 2.500000 7.000000 2.000000
v 2.500000 6.000000 1.000000
v 2.500000 7.000000 1.000000
v 2.500000 7.000000 2.000000
v 2.500000 8.000000 2.000000
v 2.000000 7.000000 2.000000
v 2.000000 8.000000 2.000000
v 2.000000 8.000000 1.000000
v 2.000000 7.000000 1.000000
v 2.500000 8.000000 1.000000
v 2.500000 7.000000 1.000000
v 2.500000 7.000000 2.000000
v 2.500000 8.000000 2.000000
v 2.500000 7.000000 1.000000
v 2.500000 8.000000 1.000000
v 2.000000 8.000000 2.000000
v 2.000000 9.000000 2.000000
v 2.000000 8.000000 1.000000
v 2.000000 9.000000 1.000000
v 2.500000 9.000000 2.000000
v 2.500000 10.000000 2.000000
v 2.000000 9.000000 2.000000
v 2.000000 10.000000 2.000000
v 2.500000 9.000000 2.000000
v 2.500000 10.000000 2.000000
v 2.500000 9.000000 1.000000
v 2.500000 10.000000 1.000000
v 2.500000 10.000000 2.000000
v 2.500000 11.000000 2.000000
v 2.000000 10.000000 2.000000
v 2.000000 11.000000 2.000000
v 2.500000 10.000000 2.000000
v 2.500000 11.000000 2.000000
v 2.500000 10.000000 1.000000
v 2.500000 11.000000 1.000000
v 2.000000 11.000000 2.000000
v 2.000000 12.000000 2.000000
v 3.000000 11.000000 2.000000
v 3.000000 12.000000 2.000000
v 3.000000 11.000000 2.000000
v 3.000000 12.000000 2.000000
v 3.000000 11.000000 1.000000
v 3.000000 12.000000 1.000000
v 3.000000 12.000000 2.000000
v 3.000000 12.000000 1.000000
v 2.000000 12.000000 2.000000
v 2.000000 12.000000 1.000000
v 2.000000 12.000000 2.000000
v 2.000000 13.000000 2.000000
v 2.000000 12.000000 1.000000
v 2.000000 13.000000 1.000000
v 2.000000 13.000000 2.000000
v 2.000000 14.000000 2.000000
v 3.000000 13.000000 2.000000
v 3.000000 14.000000 2.000000
v 3.000000 14.000000 2.000000
v 3.000000 14.000000 1.000000
v 2.000000 14.000000 2.000000
v 2.000000 14.000000 1.000000
v 3.000000 13.000000 2.000000
v 3.000000 14.000000 2.000000
v 3.000000 13.000000 1.000000
v 3.000000 14.000000 1.000000
v 2.000000 1.000000 1.000000
v 2.000000 2.000000 1.000000
v 3.000000 1.000000 1.000000
v 3.000000 2.000000 1.000000
v 3.000000 1.000000 1.000000
v 3.000000 2.000000 1.000000
v 3.000000 1.000000 0.000000
v 3.000000 2.000000 0.000000
v 3.000000 2.000000 1.000000
v 3.000000 2.000000 0.000000
v 2.000000 2.000000 1.000000
v 2.000000 2.000000 0.000000
v 3.000000 1.000000 -0.000000
v 3.000000 2.000000 -0.000000
v 2.000000 1.000000 -0.000001
v 2.000000 2.000000 -0.000000
v 2.500000 2.000000 1.000000
v 2.500000 3.000000 1.000000
v 2.000000 2.000000 1.000000
v 2.000000 3.000000 1.000000
v 2.500000 2.000000 1.000000
v 2.500000 3.000000 1.000000
v 2.500000 2.000000 0.000000
v 2.500000 3.000000 0.000000
v 3.000000 3.000000 1.000000
v 3.000000 4.000000 1.000000
v 3.000000 3.000000 0.000000
v 3.000000 4.000000 0.000000
v 2.000000 4.000000 1.000000
v 2.000000 5.000000 1.000000
v 3.000000 4.000000 1.000000
v 3.000000 5.000000 1.000000
v 3.000000 5.000000 1.000000
v 3.000000 5.000000 0.000000
v 2.000000 5.000000 1.000000
v 2.000000 5.000000 0.000000
v 3.000000 4.000000 1.000000
v 3.000000 5.000000 1.000000
v 3.000000 4.000000 0.000000
v 3.000000 5.000000 0.000000
v 2.000000 5.000000 1.000000
v 2.000000 6.000000 1.000000
v 2.000000 5.000000 0.000000
v 2.000000 6.000000 0.000000
v 2.000000 6.000000 1.000000
v 2.000000 7.000000 1.000000
v 2.000000 6.000000 0.000000
v 2.000000 7.000000 0.000000
v 2.000000 7.000000 1.000000
v 2.000000 8.000000 1.000000
v 2.000000 7.000000 0.000000
v 2.000000 8.000000 0.000000
v 2.500000 8.000000 1.000000
v 2.500000 9.000000 1.000000
v 2.000000 8.000000 1.000000
v 2.000000 9.000000 1.000000
v 2.500000 8.000000 1.000000
v 2.500000 9.000000 1.000000
v 2.500000 8.000000 0.000000
v 2.500000 9.000000 0.000000
v 2.000000 9.000000 1.000000
v 2.000000 10.000000 1.000000
v 3.000000 9.000000 1.000000
v 3.000000 10.000000 1.000000
v 3.000000 9.000000 1.000000
v 3.000000 10.000000 1.000000
v 3.000000 9.000000 0.000000
v 3.000000 10.000000 0.000000
v 2.000000 10.000000 1.000000
v 2.000000 11.000000 1.000000
v 3.000000 10.000000 1.000000
v 3.000000 11.000000 1.000000
v 3.000000 10.000000 1.000000
v 3.000000 11.000000 1.000000
v 3.000000 10.000000 0.000000
v 3.000000 11.000000 0.000000
v 3.000000 11.000000 0.000000
v 3.000000 12.000000 0.000001
v 2.000000 11.000000 0.000000
v 2.000000 12.000000 0.000001
v 3.000000 11.000000 1.000000
v 3.000000 12.000000 1.000000
v 3.000000 11.000000 0.000000
v 3.000000 12.000000 0.000000
v 2.000000 12.000000 1.000000
v 2.000000 13.000000 1.000000
v 3.000000 12.000000 1.000000
v 3.000000 13.000000 1.000000
v 3.000000 12.000000 1.000000
v 3.000000 13.000000 1.000000
v 3.000000 12.000000 0.000000
v 3.000000 13.000000 0.000000
v 3.000000 12.000000 0.000001
v 3.000000 13.000000 0.000001
v 2.000000 12.000000 0.000000
v 2.000000 13.000000 0.000000
v 3.000000 14.000000 1.000000
v 3.000000 14.000000 0.000000
v 2.000000 14.000000 1.000000
v 2.000000 14.000000 0.000000
v 3.000000 13.000000 1.000000
v 3.000000 14.000000 1.000000
v 3.000000 13.000000 0.000000
v 3.000000 14.000000 0.000000
v 2.000000 1.000000 0.000000
v 2.000000 2.000000 -0.000000
v 2.000000 1.000000 -1.000000
v 2.000000 2.000000 -1.000000
v 2.000000 2.000000 0.000000
v 2.000000 3.000000 -0.000000
v 3.000000 2.000000 -0.000000
v 3.000000 3.000000 -0.000000
v 3.000000 2.000000 -0.000000
v 3.000000 3.000000 -0.000000
v 3.000000 2.000000 -1.000000
v 3.000000 3.000000 -1.000000
v 3.000000 3.000000 0.000000
v 3.000000 4.000000 0.000000
v 3.000000 3.000000 -1.000000
v 3.000000 4.000000 -1.000000
v 3.000000 3.000000 -0.999999
v 3.000000 4.000000 -0.999999
v 2.000000 3.000000 -1.000000
v 2.000000 4.000000 -1.000000
v 3.000000 4.000000 0.000000
v 3.000000 5.000000 0.000000
v 3.000000 4.000000 -1.000000
v 3.000000 5.000000 -1.000000
v 3.000000 4.000000 -0.999999
v 3.000000 5.000000 -0.999999
v 2.000000 4.000000 -1.000000
v 2.000000 5.000000 -1.000000
v 2.000000 5.000000 0.000000
v 2.000000 6.000000 -0.000000
v 3.000000 5.000000 -0.000000
v 3.000000 6.000000 -0.000000
v 3.000000 6.000000 -0.000000
v 3.000000 6.000000 -1.000000
v 2.000000 6.000000 -0.000000
v 2.000000 6.000000 -1.000000
v 3.000000 5.000000 0.000000
v 3.000000 6.000000 0.000000
v 3.000000 5.000000 -1.000000
v 3.000000 6.000000 -1.000000
v 2.500000 6.000000 0.000000
v 2.500000 7.000000 0.000000
v 2.000000 6.000000 0.000000
v 2.000000 7.000000 0.000000
v 2.500000 6.000000 0.000000
v 2.500000 7.000000 0.000000
v 2.500000 6.000000 -1.000000
v 2.500000 7.000000 -1.000000
v 2.000000 7.000000 0.000000
v 2.000000 8.000000 -0.000000
v 3.000000 7.000000 -0.000000
v 3.000000 8.000000 -0.000000
v 3.000000 7.000000 -1.000000
v 3.000000 8.000000 -0.999999
v 2.000000 7.000000 -1.000000
v 2.000000 8.000000 -0.999999
v 3.000000 7.000000 0.000000
v 3.000000 8.000000 0.000000
v 3.000000 7.000000 -1.000000
v 3.000000 8.000000 -1.000000
v 2.000000 8.000000 0.000000
v 2.000000 9.000000 -0.000000
v 3.000000 8.000000 -0.000000
v 3.000000 9.000000 -0.000000
v 3.000000 8.000000 -0.000000
v 3.000000 9.000000 -0.000000
v 3.000000 8.000000 -1.000000
v 3.000000 9.000000 -1.000000
v 3.000000 9.000000 0.000000
v 3.000000 10.000000 0.000000
v 3.000000 9.000000 -1.000000
v 3.000000 10.000000 -1.000000
v 3.000000 11.000000 -0.000000
v 3.000000 11.000000 -1.000000
v 2.000000 11.000000 -0.000000
v 2.000000 11.000000 -1.000000
v 3.000000 10.000000 0.000000
v 3.000000 11.000000 0.000000
v 3.000000 10.000000 -1.000000
v 3.000000 11.000000 -1.000000
v 2.000000 11.000000 0.000000
v 2.000000 12.000000 -0.000000
v 2.000000 11.000000 -1.000000
v 2.000000 12.000000 -1.000000
v 2.000000 12.000000 0.000000
v 2.000000 13.000000 -0.000000
v 2.000000 12.000000 -1.000000
v 2.000000 13.000000 -1.000000
v 3.000000 13.000000 -1.000000
v 3.000000 14.000000 -0.999999
v 2.000000 13.000000 -1.000000
v 2.000000 14.000000 -0.999999
v 3.000000 14.000000 -0.000000
v 3.000000 14.000000 -1.000000
v 2.000000 14.000000 -0.000000
v 2.000000 14.000000 -1.000000
v 3.000000 13.000000 0.000000
v 3.000000 14.000000 0.000000
v 3.000000 13.000000 -1.000000
v 3.000000 14.000000 -1.000000
v 2.000000 1.000000 -1.000000
v 2.000000 2.000000 -1.000000
v 3.000000 1.000000 -1.000000
v 3.000000 2.000000 -1.000000
v 3.000000 1.000000 -2.000000
v 3.000000 2.000000 -1.999999
v 2.000000 1.000000 -2.000000
v 2.000000 2.000000 -2.000000
v 3.000000 1.000000 -1.000000
v 3.000000 2.000000 -1.000000
v 3.000000 1.000000 -2.000000
v 3.000000 2.000000 -2.000000
v 3.000000 2.000000 -2.000000
v 3.000000 3.000000 -1.999999
v 2.000000 2.000000 -2.000000
v 2.000000 3.000000 -2.000000
v 3.000000 3.000000 -1.000000
v 3.000000 3.000000 -2.000000
v 2.000000 3.000000 -1.000000
v 2.000000 3.000000 -2.000000
v 3.000000 2.000000 -1.000000
v 3.000000 3.000000 -1.000000
v 3.000000 2.000000 -2.000000
v 3.000000 3.000000 -2.000000
v 2.000000 3.000000 -1.000000
v 2.000000 4.000000 -1.000000
v 2.000000 3.000000 -2.000000
v 2.000000 4.000000 -2.000000
v 2.000000 4.000000 -1.000000
v 2.000000 5.000000 -1.000000
v 2.000000 4.000000 -2.000000
v 2.000000 5.000000 -2.000000
v 3.000000 5.000000 -1.000000
v 3.000000 6.000000 -1.000000
v 3.000000 5.000000 -2.000000
v 3.000000 6.000000 -2.000000
v 3.000000 6.000000 -1.000000
v 3.000000 6.000000 -2.000000
v 2.000000 6.000000 -1.000000
v 2.000000 6.000000 -2.000000
v 3.000000 5.000000 -2.000000
v 3.000000 6.000000 -2.000000
v 2.000000 5.000000 -2.000000
v 2.000000 6.000000 -2.000000
v 2.000000 7.000000 -2.000000
v 2.000000 6.000000 -2.000000
v 2.500000 7.000000 -2.000000
v 2.500000 6.000000 -2.000000
v 2.500000 6.000000 -1.000000
v 2.500000 7.000000 -1.000000
v 2.500000 6.000000 -2.000000
v 2.500000 7.000000 -2.000000
v 2.500000 7.000000 -1.000000
v 2.500000 8.000000 -1.000000
v 2.500000 7.000000 -2.000000
v 2.500000 8.000000 -2.000000
v 2.000000 7.000000 -2.000000
v 2.000000 8.000000 -2.000000
v 3.000000 8.000000 -1.000000
v 3.000000 9.000000 -1.000000
v 3.000000 8.000000 -2.000000
v 3.000000 9.000000 -2.000000
v 3.000000 8.000000 -2.000000
v 3.000000 9.000000 -2.000000
v 2.000000 8.000000 -2.000000
v 2.000000 9.000000 -2.000000
v 3.000000 9.000000 -1.000000
v 3.000000 10.000000 -1.000000
v 3.000000 9.000000 -2.000000
v 3.000000 10.000000 -2.000000
v 3.000000 9.000000 -2.000000
v 3.000000 10.000000 -2.000000
v 2.000000 9.000000 -2.000000
v 2.000000 10.000000 -2.000000
v 3.000000 11.000000 -1.000000
v 3.000000 11.000000 -2.000000
v 2.000000 11.000000 -1.000000
v 2.000000 11.000000 -2.000000
v 3.000000 10.000000 -1.000000
v 3.000000 11.000000 -1.000000
v 3.000000 10.000000 -2.000000
v 3.000000 11.000000 -2.000000
v 3.000000 10.000000 -1.999999
v 3.000000 11.000000 -1.999999
v 2.000000 10.000000 -2.000000
v 2.000000 11.000000 -2.000000
v 2.000000 11.000000 -1.000000
v 2.000000 12.000000 -1.000000
v 2.000000 11.000000 -2.000000
v 2.000000 12.000000 -2.000000
v 2.000000 12.000000 -1.000000
v 2.000000 13.000000 -1.000000
v 2.000000 12.000000 -2.000000
v 2.000000 13.000000 -2.000000
v 2.500000 13.000000 -1.000000
v 2.500000 14.000000 -1.000000
v 2.500000 13.000000 -2.000000
v 2.500000 14.000000 -2.000000
v 2.000000 13.000000 -2.000000
v 2.000000 14.000000 -2.000000
v 2.000000 14.000000 -1.000000
v 2.000000 14.725000 -1.000000
v 2.000000 14.725000 -2.000000
v 2.065187 14.515028 -1.000000
v 2.065187 14.515028 -2.000000
v 2.215147 14.327541 -1.000000
v 2.215147 14.327541 -2.000000
v 2.432202 14.175603 -1.000000
v 2.700040 14.070631 -1.000000
v 2.432202 14.175603 -2.000000
v 2.700040 14.070631 -2.000000
v 2.432202 14.175668 -2.216101
v 2.432202 14.175734 -2.432202
v 2.215147 14.327541 -2.107574
v 2.700040 14.118969 -2.350020
v 2.700040 14.204001 -2.700040
v 3.000000 14.105600 -2.500000
v 3.000000 14.023460 -2.000000
v 3.000000 14.357248 -3.000000
v 3.000000 14.080601 -2.500000
v 3.000000 13.998915 -2.000000
v 3.000000 14.331794 -3.000000
v 3.000000 14.000000 -1.000000
v 3.000000 14.025000 -1.000000
v 2.215147 14.327541 -2.215147
v 2.065187 14.515028 -2.032594
v 2.065187 14.515028 -2.065187
v 2.457973 13.648438 -2.457973
v 2.400563 13.736328 -2.400563
v 2.442590 13.648438 -2.515383
v 2.515383 13.648438 -2.442590
v 2.557410 13.648438 -2.484617
v 2.536396 13.736328 -2.364166
v 2.635833 13.736328 -2.463603
v 2.536396 13.912109 -2.364166
v 2.635833 13.912109 -2.463603
v 2.515383 14.000000 -2.442590
v 2.400563 13.912109 -2.400563
v 2.364166 13.912109 -2.536397
v 2.457973 14.000000 -2.457973
v 2.442590 14.000000 -2.515383
v 2.542027 14.000000 -2.542027
v 2.599437 13.912109 -2.599437
v 2.484617 14.000000 -2.557410
v 2.557410 14.000000 -2.484617
v 2.463603 13.912109 -2.635833
v 2.463603 13.736328 -2.635833
v 2.364166 13.736328 -2.536397
v 2.484617 13.648438 -2.557410
v 2.599437 13.736328 -2.599437
v 2.542027 13.648438 -2.542027
v 2.000000 14.725000 2.000000
v 2.000001 14.725000 1.000000
v 2.065188 14.515028 2.000000
v 2.065187 14.515028 2.065187
v 2.215148 14.327541 2.215147
v 2.065188 14.515028 2.032593
v 2.215148 14.327541 2.107574
v 2.215148 14.327541 2.000000
v 2.432202 14.175668 2.216101
v 2.432202 14.175734 2.432202
v 2.432203 14.175603 2.000000
v 2.700041 14.118969 2.350020
v 2.700040 14.204001 2.700040
v 2.700041 14.070631 2.000000
v 3.000000 14.105600 2.500000
v 3.000000 14.357248 3.000000
v 3.000000 14.023460 2.000000
v 3.000000 14.080601 2.500000
v 3.000000 14.331794 3.000000
v 3.000000 13.998915 2.000000
v 3.000000 14.000000 1.000000
v 3.000000 14.025000 1.000000
v 2.700041 14.070631 1.000000
v 2.432203 14.175603 1.000000
v 2.215148 14.327541 1.000000
v 2.065188 14.515028 1.000000
v -2.240000 0.825000 2.040000
v -2.240000 0.700000 2.040000
v -2.240000 0.825000 2.240000
v -2.240000 0.700000 2.240000
v -2.040000 0.825000 2.240000
v -2.040000 0.700000 2.240000
v -2.040000 0.825000 2.039999
v -2.040000 0.700000 2.039999
v -2.215000 0.700000 2.065000
v -2.215000 0.700000 2.215000
v -2.215000 0.125000 2.065000
v -2.215000 0.125000 2.215000
v -2.065000 0.125000 2.215000
v -2.065000 0.125000 2.064999
v -2.065000 0.700000 2.215000
v -2.065000 0.700000 2.064999
v -2.280000 0.825000 2.000000
v -2.280000 1.000000 2.000000
v -2.280000 0.825000 2.280000
v -2.280000 1.000000 2.280000
v -2.000000 0.825000 2.280000
v -2.000000 1.000000 2.280000
v -2.000000 0.825000 1.999999
v -2.000000 1.000000 2.000000
v -2.240000 0.125000 2.040000
v -2.240000 0.000000 2.040000
v -2.040000 0.125000 2.040000
v -2.240000 0.125000 2.240000
v -2.240000 0.000000 2.240000
v -2.040000 0.125000 2.240000
v -2.040000 0.000000 2.240000
v -2.040000 0.000000 2.040000
v -2.240000 1.825000 2.040000
v -2.240000 1.700000 2.040000
v -2.240000 1.825000 2.240000
v -2.240000 1.700000 2.240000
v -2.040000 1.825000 2.240000
v -2.040000 1.700000 2.240000
v -2.040000 1.825000 2.039999
v -2.040000 1.700000 2.039999
v -2.215000 1.700000 2.065000
v -2.215000 1.700000 2.215000
v -2.215000 1.125000 2.065000
v -2.215000 1.125000 2.215000
v -2.065000 1.125000 2.215000
v -2.065000 1.125000 2.064999
v -2.065000 1.700000 2.215000
v -2.065000 1.700000 2.064999
v -2.280000 1.825000 2.000000
v -2.280000 2.000000 2.000000
v -2.280000 1.825000 2.280000
v -2.280000 2.000000 2.280000
v -2.000000 1.825000 2.280000
v -2.000000 2.000000 2.280000
v -2.000000 1.825000 1.999999
v -2.000000 2.000000 2.000000
v -2.240000 1.125000 2.040000
v -2.240000 1.000000 2.040000
v -2.040000 1.125000 2.040000
v -2.240000 1.125000 2.240000
v -2.240000 1.000000 2.240000
v -2.040000 1.125000 2.240000
v -2.040000 1.000000 2.240000
v -2.040000 1.000000 2.040000
v -2.240000 2.825000 2.040000
v -2.240000 2.700000 2.040000
v -2.240000 2.825000 2.240000
v -2.240000 2.700000 2.240000
v -2.040000 2.825000 2.240000
v -2.040000 2.700000 2.240000
v -2.040000 2.825000 2.039999
v -2.040000 2.700000 2.039999
v -2.215000 2.700000 2.065000
v -2.215000 2.700000 2.215000
v -2.215000 2.125000 2.065000
v -2.215000 2.125000 2.215000
v -2.065000 2.125000 2.215000
v -2.065000 2.125000 2.064999
v -2.065000 2.700000 2.215000
v -2.065000 2.700000 2.064999
v -2.280000 2.825000 2.000000
v -2.280000 3.000000 2.000000
v -2.280000 2.825000 2.280000
v -2.280000 3.000000 2.280000
v -2.000000 2.825000 2.280000
v -2.000000 3.000000 2.280000
v -2.000000 2.825000 1.999999
v -2.000000 3.000000 2.000000
v -2.240000 2.125000 2.040000
v -2.240000 2.000000 2.040000
v -2.040000 2.125000 2.040000
v -2.240000 2.125000 2.240000
v -2.240000 2.000000 2.240000
v -2.040000 2.125000 2.240000
v -2.040000 2.000000 2.240000
v -2.040000 2.000000 2.040000
v -2.240000 3.825000 2.040000
v -2.240000 3.700000 2.040000
v -2.240000 3.825000 2.240000
v -2.240000 3.700000 2.240000
v -2.040000 3.825000 2.240000
v -2.040000 3.700000 2.240000
v -2.040000 3.825000 2.039999
v -2.040000 3.700000 2.039999
v -2.215000 3.700000 2.065000
v -2.215000 3.700000 2.215000
v -2.215000 3.125000 2.065000
v -2.215000 3.125000 2.215000
v -2.065000 3.125000 2.215000
v -2.065000 3.125000 2.064999
v -2.065000 3.700000 2.215000
v -2.065000 3.700000 2.064999
v -2.280000 3.825000 2.000000
v -2.280000 4.000000 2.000000
v -2.280000 3.825000 2.280000
v -2.280000 4.000000 2.280000
v -2.000000 3.825000 2.280000
v -2.000000 4.000000 2.280000
v -2.000000 3.825000 1.999999
v -2.000000 4.000000 2.000000
v -2.240000 3.125000 2.040000
v -2.240000 3.000000 2.040000
v -2.040000 3.125000 2.040000
v -2.240000 3.125000 2.240000
v -2.240000 3.000000 2.240000
v -2.040000 3.125000 2.240000
v -2.040000 3.000000 2.240000
v -2.040000 3.000000 2.040000
v -2.240000 4.825000 2.040000
v -2.240000 4.700000 2.040000
v -2.240000 4.825000 2.240000
v -2.240000 4.700000 2.240000
v -2.040000 4.825000 2.240000
v -2.040000 4.700000 2.240000
v -2.040000 4.825000 2.039999
v -2.040000 4.700000 2.039999
v -2.215000 4.700000 2.065000
v -2.215000 4.700000 2.215000
v -2.215000 4.125000 2.065000
v -2.215000 4.125000 2.215000
v -2.065000 4.125000 2.215000
v -2.065000 4.125000 2.064999
v -2.065000 4.700000 2.215000
v -2.065000 4.700000 2.064999
v -2.280000 4.825000 2.000000
v -2.280000 5.000000 2.000000
v -2.280000 4.825000 2.280000
v -2.280000 5.000000 2.280000
v -2.000000 4.825000 2.280000
v -2.000000 5.000000 2.280000
v -2.000000 4.825000 1.999999
v -2.000000 5.000000 2.000000
v -2.240000 4.125000 2.040000
v -2.240000 4.000000 2.040000
v -2.040000 4.125000 2.040000
v -2.240000 4.125000 2.240000
v -2.240000 4.000000 2.240000
v -2.040000 4.125000 2.240000
v -2.040000 4.000000 2.240000
v -2.040000 4.000000 2.040000
v -2.240000 5.825000 2.040000
v -2.240000 5.700000 2.040000
v -2.240000 5.825000 2.240000
v -2.240000 5.700000 2.240000
v -2.040000 5.825000 2.240000
v -2.040000 5.700000 2.240000
v -2.040000 5.825000 2.039999
v -2.040000 5.700000 2.039999
v -2.215000 5.700000 2.065000
v -2.215000 5.700000 2.215000
v -2.215000 5.125000 2.065000
v -2.215000 5.125000 2.215000
v -2.065000 5.125000 2.215000
v -2.065000 5.125000 2.064999
v -2.065000 5.700000 2.215000
v -2.065000 5.700000 2.064999
v -2.280000 5.825000 2.000000
v -2.280000 6.000000 2.000000
v -2.280000 5.825000 2.280000
v -2.280000 6.000000 2.280000
v -2.000000 5.825000 2.280000
v -2.000000 6.000000 2.280000
v -2.000000 5.825000 1.999999
v -2.000000 6.000000 2.000000
v -2.240000 5.125000 2.040000
v -2.240000 5.000000 2.040000
v -2.040000 5.125000 2.040000
v -2.240000 5.125000 2.240000
v -2.240000 5.000000 2.240000
v -2.040000 5.125000 2.240000
v -2.040000 5.000000 2.240000
v -2.040000 5.000000 2.040000
v -2.240000 6.825000 2.040000
v -2.240000 6.700000 2.040000
v -2.240000 6.825000 2.240000
v -2.240000 6.700000 2.240000
v -2.040000 6.825000 2.240000
v -2.040000 6.700000 2.240000
v -2.040000 6.825000 2.039999
v -2.040000 6.700000 2.039999
v -2.215000 6.700000 2.065000
v -2.215000 6.700000 2.215000
v -2.215000 6.125000 2.065000
v -2.215000 6.125000 2.215000
v -2.065000 6.125000 2.215000
v -2.065000 6.125000 2.064999
v -2.065000 6.700000 2.215000
v -2.065000 6.700000 2.064999
v -2.280000 6.825000 2.000000
v -2.280000 7.000000 2.000000
v -2.280000 6.825000 2.280000
v -2.280000 7.000000 2.280000
v -2.000000 6.825000 2.280000
v -2.000000 7.000000 2.280000
v -2.000000 6.825000 1.999999
v -2.000000 7.000000 2.000000
v -2.240000 6.125000 2.040000
v -2.240000 6.000000 2.040000
v -2.040000 6.125000 2.040000
v -2.240000 6.125000 2.240000
v -2.240000 6.000000 2.240000
v -2.040000 6.125000 2.240000
v -2.040000 6.000000 2.240000
v -2.040000 6.000000 2.040000
v -2.240000 7.825000 2.040000
v -2.240000 7.700000 2.040000
v -2.240000 7.825000 2.240000
v -2.240000 7.700000 2.240000
v -2.040000 7.825000 2.240000
v -2.040000 7.700000 2.240000
v -2.040000 7.825000 2.039999
v -2.040000 7.700000 2.039999
v -2.215000 7.700000 2.065000
v -2.215000 7.700000 2.215000
v -2.215000 7.125000 2.065000
v -2.215000 7.125000 2.215000
v -2.065000 7.125000 2.215000
v -2.065000 7.125000 2.064999
v -2.065000 7.700000 2.215000
v -2.065000 7.700000 2.064999
v -2.280000 7.825000 2.000000
v -2.280000 8.000000 2.000000
v -2.280000 7.825000 2.280000
v -2.280000 8.000000 2.280000
v -2.000000 7.825000 2.280000
v -2.000000 8.000000 2.280000
v -2.000000 7.825000 1.999999
v -2.000000 8.000000 2.000000
v -2.240000 7.125000 2.040000
v -2.240000 7.000000 2.040000
v -2.040000 7.125000 2.040000
v -2.240000 7.125000 2.240000
v -2.240000 7.000000 2.240000
v -2.040000 7.125000 2.240000
v -2.040000 7.000000 2.240000
v -2.040000 7.000000 2.040000
v -2.240000 8.825000 2.040000
v -2.240000 8.700000 2.040000
v -2.240000 8.825000 2.240000
v -2.240000 8.700000 2.240000
v -2.040000 8.825000 2.240000
v -2.040000 8.700000 2.240000
v -2.040000 8.825000 2.039999
v -2.040000 8.700000 2.039999
v -2.215000 8.700000 2.065000
v -2.215000 8.700000 2.215000
v -2.215000 8.125000 2.065000
v -2.215000 8.125000 2.215000
v -2.065000 8.125000 2.215000
v -2.065000 8.125000 2.064999
v -2.065000 8.700000 2.215000
v -2.065000 8.700000 2.064999
v -2.280000 8.825000 2.000000
v -2.280000 9.000000 2.000000
v -2.280000 8.825000 2.280000
v -2.280000 9.000000 2.280000
v -2.000000 8.825000 2.280000
v -2.000000 9.000000 2.280000
v -2.000000 8.825000 1.999999
v -2.000000 9.000000 2.000000
v -2.240000 8.125000 2.040000
v -2.240000 8.000000 2.040000
v -2.040000 8.125000 2.040000
v -2.240000 8.125000 2.240000
v -2.240000 8.000000 2.240000
v -2.040000 8.125000 2.240000
v -2.040000 8.000000 2.240000
v -2.040000 8.000000 2.040000
v -2.240000 9.825000 2.040000
v -2.240000 9.700000 2.040000
v -2.240000 9.825000 2.240000
v -2.240000 9.700000 2.240000
v -2.040000 9.825000 2.240000
v -2.040000 9.700000 2.240000
v -2.040000 9.825000 2.039999
v -2.040000 9.700000 2.039999
v -2.215000 9.700000 2.065000
v -2.215000 9.700000 2.215000
v -2.215000 9.125000 2.065000
v -2.215000 9.125000 2.215000
v -2.065000 9.125000 2.215000
v -2.065000 9.125000 2.064999
v -2.065000 9.700000 2.215000
v -2.065000 9.700000 2.064999
v -2.280000 9.825000 2.000000
v -2.280000 10.000000 2.000000
v -2.280000 9.825000 2.280000
v -2.280000 10.000000 2.280000
v -2.000000 9.825000 2.280000
v -2.000000 10.000000 2.280000
v -2.000000 9.825000 1.999999
v -2.000000 10.000000 2.000000
v -2.240000 9.125000 2.040000
v -2.240000 9.000000 2.040000
v -2.040000 9.125000 2.040000
v -2.240000 9.125000 2.240000
v -2.240000 9.000000 2.240000
v -2.040000 9.125000 2.240000
v -2.040000 9.000000 2.240000
v -2.040000 9.000000 2.040000
v -2.240000 10.825000 2.040000
v -2.240000 10.700000 2.040000
v -2.240000 10.825000 2.240000
v -2.240000 10.700000 2.240000
v -2.040000 10.825000 2.240000
v -2.040000 10.700000 2.240000
v -2.040000 10.825000 2.039999
v -2.040000 10.700000 2.039999
v -2.215000 10.700000 2.065000
v -2.215000 10.700000 2.215000
v -2.215000 10.125000 2.065000
v -2.215000 10.125000 2.215000
v -2.065000 10.125000 2.215000
v -2.065000 10.125000 2.064999
v -2.065000 10.700000 2.215000
v -2.065000 10.700000 2.064999
v -2.280000 10.825000 2.000000
v -2.280000 11.000000 2.000000
v -2.280000 10.825000 2.280000
v -2.280000 11.000000 2.280000
v -2.000000 10.825000 2.280000
v -2.000000 11.000000 2.280000
v -2.000000 10.825000 1.999999
v -2.000000 11.000000 2.000000
v -2.240000 10.125000 2.040000
v -2.240000 10.000000 2.040000
v -2.040000 10.125000 2.040000
v -2.240000 10.125000 2.240000
v -2.240000 10.000000 2.240000
v -2.040000 10.125000 2.240000
v -2.040000 10.000000 2.240000
v -2.040000 10.000000 2.040000
v -2.240000 11.825000 2.040000
v -2.240000 11.700000 2.040000
v -2.240000 11.825000 2.240000
v -2.240000 11.700000 2.240000
v -2.040000 11.825000 2.240000
v -2.040000 11.700000 2.240000
v -2.040000 11.825000 2.039999
v -2.040000 11.700000 2.039999
v -2.215000 11.700000 2.065000
v -2.215000 11.700000 2.215000
v -2.215000 11.125000 2.065000
v -2.215000 11.125000 2.215000
v -2.065000 11.125000 2.215000
v -2.065000 11.125000 2.064999
v -2.065000 11.700000 2.215000
v -2.065000 11.700000 2.064999
v -2.280000 11.825000 2.000000
v -2.280000 12.000000 2.000000
v -2.280000 11.825000 2.280000
v -2.280000 12.000000 2.280000
v -2.000000 11.825000 2.280000
v -2.000000 12.000000 2.280000
v -2.000000 11.825000 1.999999
v -2.000000 12.000000 2.000000
v -2.240000 11.125000 2.040000
v -2.240000 11.000000 2.040000
v -2.040000 11.125000 2.040000
v -2.240000 11.125000 2.240000
v -2.240000 11.000000 2.240000
v -2.040000 11.125000 2.240000
v -2.040000 11.000000 2.240000
v -2.040000 11.000000 2.040000
v -2.240000 12.825000 2.040000
v -2.240000 12.700000 2.040000
v -2.240000 12.825000 2.240000
v -2.240000 12.700000 2.240000
v -2.040000 12.825000 2.240000
v -2.040000 12.700000 2.240000
v -2.040000 12.825000 2.039999
v -2.040000 12.700000 2.039999
v -2.215000 12.700000 2.065000
v -2.215000 12.700000 2.215000
v -2.215000 12.125000 2.065000
v -2.215000 12.125000 2.215000
v -2.065000 12.125000 2.215000
v -2.065000 12.125000 2.064999
v -2.065000 12.700000 2.215000
v -2.065000 12.700000 2.064999
v -2.280000 12.825000 2.000000
v -2.280000 13.000000 2.000000
v -2.280000 12.825000 2.280000
v -2.280000 13.000000 2.280000
v -2.000000 12.825000 2.280000
v -2.000000 13.000000 2.280000
v -2.000000 12.825000 1.999999
v -2.000000 13.000000 2.000000
v -2.240000 12.125000 2.040000
v -2.240000 12.000000 2.040000
v -2.040000 12.125000 2.040000
v -2.240000 12.125000 2.240000
v -2.240000 12.000000 2.240000
v -2.040000 12.125000 2.240000
v -2.040000 12.000000 2.240000
v -2.040000 12.000000 2.040000
v -2.240000 13.825000 2.040000
v -2.240000 13.700000 2.040000
v -2.240000 13.825000 2.240000
v -2.240000 13.700000 2.240000
v -2.040000 13.825000 2.240000
v -2.040000 13.700000 2.240000
v -2.040000 13.825000 2.039999
v -2.040000 13.700000 2.039999
v -2.215000 13.700000 2.065000
v -2.215000 13.700000 2.215000
v -2.215000 13.125000 2.065000
v -2.215000 13.125000 2.215000
v -2.065000 13.125000 2.215000
v -2.065000 13.125000 2.064999
v -2.065000 13.700000 2.215000
v -2.065000 13.700000 2.064999
v -2.280000 13.825000 2.000000
v -2.280000 14.000000 2.000000
v -2.280000 13.825000 2.280000
v -2.280000 14.000000 2.280000
v -2.000000 13.825000 2.280000
v -2.000000 14.000000 2.280000
v -2.000000 13.825000 1.999999
v -2.000000 14.000000 2.000000
v -2.240000 13.125000 2.040000
v -2.240000 13.000000 2.040000
v -2.040000 13.125000 2.040000
v -2.240000 13.125000 2.240000
v -2.240000 13.000000 2.240000
v -2.040000 13.125000 2.240000
v -2.040000 13.000000 2.240000
v -2.040000 13.000000 2.040000
v -2.000000 14.725000 -1.000000
v -2.000000 14.725000 -0.000000
v -2.065187 14.515028 -1.000000
v -2.215147 14.327541 -1.000000
v -2.065187 14.515028 -0.000000
v -2.215147 14.327541 -0.000000
v -2.432202 14.175603 -0.000000
v -2.700040 14.070631 -0.000000
v -2.432202 14.175603 -1.000000
v -2.700040 14.070631 -1.000000
v -3.000000 14.025000 -1.000000
v -3.000000 14.025000 0.000000
v -3.000000 14.000000 -1.000000
v -3.000000 14.000000 0.000000
v -2.000000 14.725000 0.000000
v -2.000000 14.725000 1.000000
v -2.065187 14.515028 0.000000
v -2.215147 14.327541 0.000000
v -2.065187 14.515028 1.000000
v -2.215147 14.327541 1.000000
v -2.432202 14.175603 1.000000
v -2.700040 14.070631 1.000000
v -2.432202 14.175603 0.000000
v -2.700040 14.070631 0.000000
v -3.000000 14.025000 0.000000
v -3.000000 14.025000 1.000000
v -3.000000 14.000000 0.000000
v -3.000000 14.000000 1.000000
v -2.000000 14.725000 1.000000
v -2.000000 14.725000 2.000000
v -2.065187 14.515028 1.000000
v -2.065187 14.515028 2.000000
v -2.215147 14.327541 1.000000
v -2.215147 14.327541 2.000000
v -2.432202 14.175603 1.000000
v -2.700040 14.070631 1.000000
v -2.432202 14.175603 2.000000
v -2.700040 14.070631 2.000000
v -2.432202 14.175668 2.216101
v -2.432202 14.175734 2.432202
v -2.215147 14.327541 2.107574
v -2.700040 14.118969 2.350020
v -2.700040 14.204001 2.700040
v -3.000000 14.105600 2.500000
v -3.000000 14.023460 2.000000
v -3.000000 14.357248 3.000000
v -3.000000 14.080601 2.500000
v -3.000000 13.998915 2.000000
v -3.000000 14.331794 3.000000
v -3.000000 14.000000 1.000000
v -3.000000 14.025000 1.000000
v -2.215147 14.327541 2.215147
v -2.065187 14.515028 2.032594
v -2.065187 14.515028 2.065187
v -2.457973 13.648438 2.457973
v -2.400563 13.736328 2.400563
v -2.442590 13.648438 2.515383
v -2.515383 13.648438 2.442590
v -2.557410 13.648438 2.484617
v -2.536396 13.736328 2.364166
v -2.635833 13.736328 2.463603
v -2.536396 13.912109 2.364166
v -2.635833 13.912109 2.463603
v -2.515383 14.000000 2.442590
v -2.400563 13.912109 2.400563
v -2.364166 13.912109 2.536397
v -2.457973 14.000000 2.457973
v -2.442590 14.000000 2.515383
v -2.542027 14.000000 2.542027
v -2.599437 13.912109 2.599437
v -2.484617 14.000000 2.557410
v -2.557410 14.000000 2.484617
v -2.463603 13.912109 2.635833
v -2.463603 13.736328 2.635833
v -2.364166 13.736328 2.536397
v -2.484617 13.648438 2.557410
v -2.599437 13.736328 2.599437
v -2.542027 13.648438 2.542027
v -2.000001 14.725000 -2.000000
v -2.000001 14.725000 -1.000000
v -2.065188 14.515028 -2.000000
v -2.065188 14.515028 -2.065187
v -2.215148 14.327541 -2.215147
v -2.065188 14.515028 -2.032593
v -2.215148 14.327541 -2.107574
v -2.215148 14.327541 -2.000000
v -2.432203 14.175668 -2.216101
v -2.432203 14.175734 -2.432202
v -2.432203 14.175603 -2.000000
v -2.700041 14.118969 -2.350020
v -2.700041 14.204001 -2.700040
v -2.700041 14.070631 -2.000000
v -3.000001 14.105600 -2.500000
v -3.000000 14.357248 -3.000000
v -3.000001 14.023460 -2.000000
v -3.000001 14.080601 -2.500000
v -3.000000 14.331794 -3.000000
v -3.000001 13.998915 -2.000000
v -3.000001 14.000000 -1.000000
v -3.000001 14.025000 -1.000000
v -2.700041 14.070631 -1.000000
v -2.432203 14.175603 -1.000000
v -2.215148 14.327541 -1.000000
v -2.065188 14.515028 -1.000000
v -2.000000 1.000000 2.000001
v -1.000000 1.000000 2.000001
v -2.000000 0.100000 2.000001
v -1.000000 0.100000 2.000001
v -2.000000 0.100000 2.100001
v -2.000000 0.000000 2.100001
v -1.000000 0.100000 2.100001
v -1.000000 0.000000 2.100001
v -1.000000 1.000000 2.000001
v 0.000000 1.000000 2.000001
v -1.000000 0.100000 2.000001
v 0.000000 0.100000 2.000001
v -1.000000 0.100000 2.100001
v -1.000000 0.000000 2.100001
v 0.000000 0.100000 2.100001
v 0.000000 0.000000 2.100001
v 0.000000 1.000000 2.000001
v 1.000000 1.000000 2.000001
v 0.000000 0.100000 2.000001
v 1.000000 0.100000 2.000001
v 0.000000 0.100000 2.100001
v 0.000000 0.000000 2.100001
v 1.000000 0.100000 2.100001
v 1.000000 0.000000 2.100001
v 1.000000 1.000000 2.000001
v 2.000000 1.000000 2.000001
v 1.000000 0.100000 2.000001
v 2.000000 0.100000 2.000001
v 1.000000 0.100000 2.100001
v 1.000000 0.000000 2.100001
v 2.000000 0.100000 2.100001
v 2.000000 0.000000 2.100001
v -2.000000 1.000000 2.000001
v -2.000000 2.000000 2.000001
v -1.000000 1.000000 2.000001
v -1.000000 2.000000 2.000001
v -2.000000 2.000000 2.000001
v -2.000000 3.000000 2.000001
v -2.000000 2.000000 3.000001
v -2.000000 3.000000 3.000001
v -2.000000 2.000000 3.000001
v -2.000000 3.000000 3.000001
v -1.000000 2.000000 3.000001
v -1.000000 3.000000 3.000001
v -1.000000 2.000000 3.000001
v -1.000000 3.000000 3.000001
v -1.000000 2.000000 2.000001
v -1.000000 3.000000 2.000001
v -2.000000 3.000000 2.000001
v -2.000000 4.000000 2.000001
v -2.000000 3.000000 3.000001
v -2.000000 4.000000 3.000001
v -2.000000 3.000000 3.000001
v -2.000000 4.000000 3.000001
v -1.000000 3.000000 3.000001
v -1.000000 4.000000 3.000001
v -1.000000 3.000000 3.000001
v -1.000000 4.000000 3.000001
v -1.000000 3.000000 2.000001
v -1.000000 4.000000 2.000001
v -2.000000 4.000000 2.000001
v -2.000000 5.000000 2.000001
v -2.000000 4.000000 3.000001
v -2.000000 5.000000 3.000001
v -2.000000 4.000000 3.000001
v -2.000000 5.000000 3.000001
v -1.000000 4.000000 3.000001
v -1.000000 5.000000 3.000001
v -2.000000 5.000000 3.000001
v -1.000000 5.000000 3.000001
v -2.000000 5.000000 2.000001
v -1.000000 5.000000 2.000001
v -1.000000 4.000000 3.000001
v -1.000000 5.000000 3.000001
v -0.999999 4.000000 2.000001
v -0.999999 5.000000 2.000001
v -2.000000 5.000000 2.000001
v -2.000000 6.000000 2.000001
v -1.000000 5.000000 2.000001
v -1.000000 6.000000 2.000001
v -2.000000 6.000000 2.000001
v -2.000000 7.000000 2.000001
v -2.000000 6.000000 3.000001
v -2.000000 7.000000 3.000001
v -2.000000 6.000000 3.000001
v -2.000000 7.000000 3.000001
v -1.000000 6.000000 3.000001
v -1.000000 7.000000 3.000001
v -1.000000 6.000000 3.000001
v -1.000000 7.000000 3.000001
v -1.000000 6.000000 2.000001
v -1.000000 7.000000 2.000001
v -2.000000 7.000000 2.000001
v -2.000000 8.000000 2.000001
v -2.000000 7.000000 3.000001
v -2.000000 8.000000 3.000001
v -2.000000 8.000000 3.000001
v -1.000000 8.000000 3.000001
v -2.000000 8.000000 2.000001
v -1.000000 8.000000 2.000001
v -2.000000 7.000000 3.000001
v -2.000000 8.000000 3.000001
v -1.000000 7.000000 3.000001
v -1.000000 8.000000 3.000001
v -2.000000 8.000000 2.000001
v -2.000000 9.000000 2.000001
v -1.000000 8.000000 2.000001
v -1.000000 9.000000 2.000001
v -2.000000 9.000000 2.000001
v -2.000000 10.000000 2.000001
v -2.000000 9.000000 3.000001
v -2.000000 10.000000 3.000001
v -2.000000 9.000000 3.000001
v -2.000000 10.000000 3.000001
v -1.000000 9.000000 3.000001
v -1.000000 10.000000 3.000001
v -2.000000 10.000000 2.000001
v -2.000000 11.000000 2.000001
v -2.000000 10.000000 3.000001
v -2.000000 11.000000 3.000001
v -2.000000 10.000000 3.000001
v -2.000000 11.000000 3.000001
v -1.000000 10.000000 3.000001
v -1.000000 11.000000 3.000001
v -2.000000 11.000000 2.000001
v -2.000000 12.000000 2.000001
v -2.000000 11.000000 3.000001
v -2.000000 12.000000 3.000001
v -2.000000 12.000000 3.000001
v -1.000000 12.000000 3.000001
v -2.000000 12.000000 2.000001
v -1.000000 12.000000 2.000001
v -2.000000 11.000000 3.000001
v -2.000000 12.000000 3.000001
v -1.000000 11.000000 3.000001
v -1.000000 12.000000 3.000001
v -1.000000 11.000000 3.000001
v -1.000000 12.000000 3.000001
v -1.000000 11.000000 2.000001
v -1.000000 12.000000 2.000001
v -2.000000 12.000000 2.000001
v -2.000000 13.000000 2.000001
v -1.000000 12.000000 2.000001
v -1.000000 13.000000 2.000001
v -2.000000 13.000000 2.000001
v -2.000000 14.000000 2.000001
v -2.000000 13.000000 3.000001
v -2.000000 14.000000 3.000001
v -1.000000 13.000000 3.000001
v -1.000000 14.000000 3.000001
v -1.000000 13.000000 2.000001
v -1.000000 14.000000 2.000001
v -2.000000 14.000000 3.000001
v -1.000000 14.000000 3.000001
v -2.000000 14.000000 2.000001
v -1.000000 14.000000 2.000001
v -2.000000 13.000000 3.000001
v -2.000000 14.000000 3.000001
v -1.000000 13.000000 3.000001
v -1.000000 14.000000 3.000001
v -1.000000 1.000000 2.000001
v -1.000000 2.000000 2.000001
v -1.000000 1.000000 3.000001
v -1.000000 2.000000 3.000001
v -1.000000 1.000000 3.000001
v -1.000000 2.000000 3.000001
v 0.000000 1.000000 3.000001
v 0.000000 2.000000 3.000001
v -1.000000 2.000000 3.000001
v 0.000000 2.000000 3.000001
v -1.000000 2.000000 2.000001
v 0.000000 2.000000 2.000001
v 0.000000 1.000000 3.000001
v 0.000000 2.000000 3.000001
v 0.000001 1.000000 2.000001
v 0.000001 2.000000 2.000001
v -1.000000 2.000000 2.500001
v -1.000000 3.000000 2.500001
v 0.000000 2.000000 2.500001
v 0.000000 3.000000 2.500001
v -1.000000 3.000000 2.500001
v -1.000000 4.000000 2.500001
v 0.000000 3.000000 2.500001
v 0.000000 4.000000 2.500001
v 0.000000 3.000000 2.000001
v 0.000000 4.000000 2.000001
v -1.000000 4.000000 2.000001
v -1.000000 4.000000 2.000001
v -1.000000 5.000000 2.000001
v 0.000000 4.000000 2.000001
v 0.000000 5.000000 2.000001
v -1.000000 5.000000 2.000001
v -1.000000 6.000000 2.000001
v -1.000000 5.000000 3.000001
v -1.000000 6.000000 3.000001
v -1.000000 6.000000 3.000001
v 0.000000 6.000000 3.000001
v -1.000000 6.000000 2.000001
v 0.000000 6.000000 2.000001
v -1.000000 5.000000 3.000001
v -1.000000 6.000000 3.000001
v 0.000000 5.000000 3.000001
v 0.000000 6.000000 3.000001
v -0.000000 5.000000 3.000001
v -0.000001 6.000000 3.000001
v -0.000000 5.000000 2.000001
v -0.000000 6.000000 2.000001
v -1.000000 6.000000 2.500001
v -1.000000 7.000000 2.500001
v 0.000000 6.000000 2.500001
v 0.000000 7.000000 2.500001
v -1.000000 7.000000 3.000001
v -1.000000 8.000000 3.000001
v 0.000000 7.000000 3.000001
v 0.000000 8.000000 3.000001
v -1.000000 8.000000 3.000001
v 0.000000 8.000000 3.000001
v -1.000000 8.000000 2.000001
v 0.000000 8.000000 2.000001
v 0.000000 7.000000 3.000001
v 0.000000 8.000000 3.000001
v 0.000001 7.000000 2.000001
v 0.000001 8.000000 2.000001
v -1.000000 8.000000 2.000001
v -1.000000 9.000000 2.000001
v 0.000000 8.000000 2.000001
v 0.000000 9.000000 2.000001
v -0.000000 9.000000 3.000001
v -0.000000 10.000000 3.000001
v -0.000000 9.000000 2.000001
v -0.000000 10.000000 2.000001
v -1.000000 9.000000 3.000001
v -1.000000 10.000000 3.000001
v 0.000000 9.000000 3.000001
v 0.000000 10.000000 3.000001
v -1.000000 11.000000 3.000001
v 0.000000 11.000000 3.000001
v -1.000000 11.000000 2.000001
v 0.000000 11.000000 2.000001
v -1.000000 10.000000 3.000001
v -1.000000 11.000000 3.000001
v 0.000000 10.000000 3.000001
v 0.000000 11.000000 3.000001
v -1.000000 11.000000 2.500001
v -1.000000 12.000000 2.500000
v 0.000000 11.000000 2.500001
v 0.000000 12.000000 2.500000
v 0.000000 12.000000 2.000001
v -1.000000 12.000000 2.000001
v -1.000000 12.000000 2.000001
v -1.000000 13.000000 2.000001
v -1.000000 12.000000 3.000001
v -1.000000 13.000000 3.000001
v -1.000000 13.000000 3.000001
v 0.000000 13.000000 3.000001
v -1.000000 13.000000 2.000001
v 0.000000 13.000000 2.000001
v -1.000000 12.000000 3.000001
v -1.000000 13.000000 3.000001
v 0.000000 12.000000 3.000001
v 0.000000 13.000000 3.000001
v -0.000000 12.000000 3.000001
v -0.000001 13.000000 3.000001
v -0.000000 12.000000 2.000001
v -0.000000 13.000000 2.000001
v -1.000000 14.000000 2.500000
v -1.000000 14.000000 2.000001
v 0.000000 14.000000 2.500000
v 0.000000 14.000000 2.000001
v 0.000000 13.000000 2.500001
v 0.000000 13.000000 2.000001
v -1.000000 13.000000 2.500001
v -1.000000 14.000000 2.500000
v 0.000000 13.000000 2.500001
v 0.000000 14.000000 2.500000
v 1.000000 2.000000 2.000001
v 1.000000 1.000000 2.000001
v 1.000000 2.000000 2.500001
v 1.000000 1.000000 2.500001
v 0.000000 1.000000 2.500001
v 0.000000 2.000000 2.500001
v 1.000000 1.000000 2.500001
v 1.000000 2.000000 2.500001
v -0.000000 2.000000 2.000001
v 0.000000 3.000000 2.000001
v 0.000000 2.000000 3.000001
v 0.000000 3.000000 3.000001
v 0.000000 2.000000 3.000001
v 0.000000 3.000000 3.000001
v 1.000000 2.000000 3.000001
v 1.000000 3.000000 3.000001
v 0.000000 3.000000 3.000001
v 1.000000 3.000000 3.000001
v 0.000000 3.000000 2.000001
v 1.000000 3.000000 2.000001
v 1.000000 2.000000 3.000001
v 1.000000 3.000000 3.000001
v 1.000001 2.000000 2.000001
v 1.000001 3.000000 2.000001
v 0.000000 3.000000 2.000001
v 0.000000 4.000000 2.000001
v 1.000000 3.000000 2.000001
v 1.000000 4.000000 2.000001
v 0.000000 4.000000 2.500001
v 0.000000 5.000000 2.500001
v 1.000000 4.000000 2.500001
v 0.000000 4.000000 2.000001
v 0.000000 5.000000 2.000001
v 1.000000 5.000000 2.500001
v 0.000000 5.000000 2.500001
v 0.000000 6.000000 2.500001
v 1.000000 5.000000 2.500001
v 1.000000 6.000000 2.500001
v -0.000000 6.000000 2.000001
v 0.000000 7.000000 2.000001
v 0.000000 6.000000 3.000001
v 0.000000 7.000000 3.000001
v 0.000000 7.000000 3.000001
v 1.000000 7.000000 3.000001
v 0.000000 7.000000 2.000001
v 1.000000 7.000000 2.000001
v 0.000000 6.000000 3.000001
v 0.000000 7.000000 3.000001
v 1.000000 6.000000 3.000001
v 1.000000 7.000000 3.000001
v 1.000000 6.000000 3.000001
v 0.999999 7.000000 3.000001
v 1.000000 6.000000 2.000001
v 1.000000 7.000000 2.000001
v 0.000000 7.000000 2.000001
v 0.000000 8.000000 2.000001
v 1.000000 7.000000 2.000001
v 1.000000 8.000000 2.000001
v 0.000000 8.000000 2.500001
v 0.000000 9.000000 2.500001
v 0.000000 8.000000 2.000001
v 0.000000 9.000000 2.000001
v 0.000000 8.000000 2.500001
v 0.000000 9.000000 2.500001
v 1.000000 8.000000 2.500001
v 1.000000 9.000000 2.500001
v 0.000000 9.000000 2.500001
v 0.000000 10.000000 2.500001
v 1.000000 9.000000 2.500001
v 1.000000 10.000000 2.500001
v 0.000000 10.000000 3.000001
v 0.000000 11.000000 3.000001
v 1.000000 10.000000 3.000001
v 1.000000 11.000000 3.000001
v 0.000000 11.000000 3.000001
v 1.000000 11.000000 3.000001
v 0.000000 11.000000 2.000001
v 1.000000 11.000000 2.000001
v 0.000000 12.000000 2.500000
v 0.000000 12.000000 2.000001
v 1.000000 12.000000 2.500000
v 1.000000 12.000000 2.000001
v 1.000000 11.000000 2.500001
v 1.000000 11.000000 2.000001
v 0.000000 11.000000 2.500001
v 0.000000 12.000000 2.500000
v 1.000000 11.000000 2.500001
v 1.000000 12.000000 2.500000
v 0.000000 12.000000 2.000001
v 0.000000 13.000000 2.000001
v 1.000000 12.000000 2.000001
v 1.000000 13.000000 2.000001
v 0.000000 13.000000 2.000001
v 0.000000 14.000000 2.000001
v 1.000000 13.000000 2.000001
v 1.000000 14.000000 2.000001
v 1.000000 1.000000 2.000001
v 1.000000 2.000000 2.000001
v 2.000000 1.000000 2.000001
v 2.000000 2.000000 2.000001
v 1.000000 2.000000 2.000001
v 1.000000 3.000000 2.000001
v 2.000000 2.000000 2.000001
v 2.000000 3.000000 2.000001
v 1.000000 3.000000 2.000001
v 1.000000 4.000000 2.000001
v 1.000000 3.000000 3.000001
v 1.000000 4.000000 3.000001
v 1.000000 3.000000 3.000001
v 1.000000 4.000000 3.000001
v 2.000000 3.000000 3.000001
v 2.000000 4.000000 3.000001
v 1.000000 4.000000 3.000001
v 2.000000 4.000000 3.000001
v 1.000000 4.000000 2.000001
v 2.000000 4.000000 2.000001
v 2.000000 3.000000 3.000001
v 2.000000 4.000000 3.000001
v 2.000001 3.000000 2.000001
v 2.000000 4.000000 2.000001
v 1.000000 5.000000 2.000001
v 1.000000 6.000000 2.000001
v 1.000000 5.000000 3.000001
v 1.000000 6.000000 3.000001
v 1.000000 6.000000 3.000001
v 2.000000 6.000000 3.000001
v 1.000000 6.000000 2.000001
v 2.000000 6.000000 2.000001
v 1.000000 5.000000 3.000001
v 1.000000 6.000000 3.000001
v 2.000000 5.000000 3.000001
v 2.000000 6.000000 3.000001
v 2.000000 5.000000 3.000001
v 2.000000 6.000000 3.000001
v 2.000000 5.000000 2.000001
v 2.000000 6.000000 2.000001
v 1.000000 6.000000 2.500001
v 1.000000 7.000000 2.500001
v 2.000000 6.000000 2.500001
v 2.000000 7.000000 2.500001
v 2.000000 6.000000 2.000001
v 2.000000 7.000000 2.000001
v 1.000000 7.000000 2.500001
v 1.000000 8.000000 2.500001
v 2.000000 7.000000 2.500001
v 1.000000 7.000000 2.000001
v 1.000000 8.000000 2.000001
v 2.000000 8.000000 2.500001
v 2.000000 7.000000 2.000001
v 2.000000 8.000000 2.000001
v 1.000000 8.000000 2.000001
v 1.000000 9.000000 2.000001
v 1.000000 8.000000 3.000001
v 1.000000 9.000000 3.000001
v 1.000000 8.000000 3.000001
v 1.000000 9.000000 3.000001
v 2.000000 8.000000 3.000001
v 2.000000 9.000000 3.000001
v 2.000000 8.000000 3.000001
v 2.000000 9.000000 3.000001
v 2.000001 8.000000 2.000001
v 2.000000 9.000000 2.000001
v 1.000000 9.000000 2.000001
v 1.000000 10.000000 2.000001
v 1.000000 9.000000 3.000001
v 1.000000 10.000000 3.000001
v 1.000000 9.000000 3.000001
v 1.000000 10.000000 3.000001
v 2.000000 9.000000 3.000001
v 2.000000 10.000000 3.000001
v 2.000000 9.000000 3.000001
v 2.000000 10.000000 3.000001
v 2.000000 9.000000 2.000001
v 2.000000 10.000000 2.000001
v 1.000000 10.000000 3.000001
v 1.000000 11.000000 3.000001
v 2.000000 10.000000 3.000001
v 2.000000 11.000000 3.000001
v 2.000000 10.000000 3.000001
v 2.000000 11.000000 3.000001
v 2.000001 10.000000 2.000001
v 2.000000 11.000000 2.000001
v 1.000000 11.000000 3.000001
v 1.000000 12.000000 3.000001
v 2.000000 11.000000 3.000001
v 2.000000 12.000000 3.000000
v 2.000000 11.000000 3.000000
v 2.000000 12.000000 3.000000
v 2.000001 11.000000 2.000000
v 2.000000 12.000000 2.000000
v 1.000000 12.000000 2.000001
v 1.000000 13.000000 2.000001
v 1.000000 12.000000 3.000001
v 1.000000 13.000000 3.000001
v 1.000000 13.000000 3.000001
v 2.000000 13.000000 3.000001
v 1.000000 13.000000 2.000001
v 2.000000 13.000000 2.000001
v 1.000000 12.000000 3.000001
v 1.000000 13.000000 3.000001
v 2.000000 12.000000 3.000001
v 2.000000 13.000000 3.000001
v 2.000000 12.000000 3.000001
v 2.000000 13.000000 3.000001
v 2.000000 12.000000 2.000001
v 2.000000 13.000000 2.000001
v 1.000000 13.000000 2.000001
v 1.000000 14.000000 2.000001
v 2.000000 13.000000 2.000001
v 2.000000 14.000000 2.000001
v 1.000000 14.725000 2.000001
v 2.000000 14.725000 2.000001
v 1.000000 14.515028 2.065188
v 2.000000 14.515028 2.065188
v 1.000000 14.327541 2.215148
v 2.000000 14.327541 2.215148
v 1.000000 14.175603 2.432203
v 1.000000 14.070631 2.700041
v 2.000000 14.175603 2.432203
v 2.000000 14.070631 2.700041
v 2.216101 14.175668 2.432203
v 2.432202 14.175734 2.432203
v 2.107574 14.327541 2.215148
v 2.350020 14.118969 2.700041
v 2.700040 14.204001 2.700041
v 2.500000 14.105600 3.000001
v 2.000000 14.023460 3.000001
v 3.000000 14.357248 3.000001
v 2.500000 14.080601 3.000001
v 2.000000 13.998915 3.000001
v 3.000000 14.331794 3.000001
v 1.000000 14.000000 3.000001
v 1.000000 14.025000 3.000001
v 2.215147 14.327541 2.215148
v 2.032594 14.515028 2.065188
v 2.065187 14.515028 2.065188
v 2.457973 13.648438 2.457974
v 2.400563 13.736328 2.400564
v 2.515383 13.648438 2.442591
v 2.442590 13.648438 2.515384
v 2.484617 13.648438 2.557411
v 2.364167 13.736328 2.536397
v 2.463603 13.736328 2.635834
v 2.364167 13.912109 2.536397
v 2.463603 13.912109 2.635834
v 2.442590 14.000000 2.515384
v 2.400563 13.912109 2.400564
v 2.536397 13.912109 2.364167
v 2.457973 14.000000 2.457974
v 2.515383 14.000000 2.442591
v 2.542027 14.000000 2.542028
v 2.599437 13.912109 2.599438
v 2.557410 14.000000 2.484618
v 2.484617 14.000000 2.557411
v 2.635834 13.912109 2.463604
v 2.635834 13.736328 2.463604
v 2.536397 13.736328 2.364167
v 2.557410 13.648438 2.484618
v 2.599437 13.736328 2.599438
v 2.542027 13.648438 2.542028
v 2.040000 0.825000 2.240001
v 2.040000 0.700000 2.240001
v 2.040000 0.825000 2.040001
v 2.240000 0.825000 2.240001
v 2.240000 0.700000 2.240001
v 2.240000 0.825000 2.040001
v 2.240000 0.700000 2.040001
v 2.040000 0.700000 2.040001
v 2.065000 0.700000 2.215001
v 2.215000 0.700000 2.215001
v 2.064999 0.700000 2.065001
v 2.065000 0.125000 2.215001
v 2.215000 0.125000 2.215001
v 2.064999 0.125000 2.065001
v 2.215000 0.125000 2.065001
v 2.215000 0.700000 2.065001
v 2.000000 0.825000 2.280001
v 2.000000 1.000000 2.280001
v 1.999999 0.825000 2.000001
v 2.280000 0.825000 2.280001
v 2.280000 1.000000 2.280001
v 2.280000 0.825000 2.000001
v 2.280000 1.000000 2.000001
v 2.000000 1.000000 2.000001
v 2.040000 0.125000 2.240001
v 2.040000 0.000000 2.240001
v 2.040000 0.125000 2.040001
v 2.240000 0.125000 2.240001
v 2.240000 0.000000 2.240001
v 2.240000 0.125000 2.040001
v 2.240000 0.000000 2.040001
v 2.040000 0.000000 2.040001
v 2.040000 1.825000 2.240001
v 2.040000 1.700000 2.240001
v 2.040000 1.825000 2.040001
v 2.240000 1.825000 2.240001
v 2.240000 1.700000 2.240001
v 2.240000 1.825000 2.040001
v 2.240000 1.700000 2.040001
v 2.040000 1.700000 2.040001
v 2.065000 1.700000 2.215001
v 2.215000 1.700000 2.215001
v 2.064999 1.700000 2.065001
v 2.065000 1.125000 2.215001
v 2.215000 1.125000 2.215001
v 2.064999 1.125000 2.065001
v 2.215000 1.125000 2.065001
v 2.215000 1.700000 2.065001
v 2.000000 1.825000 2.280001
v 2.000000 2.000000 2.280001
v 1.999999 1.825000 2.000001
v 2.280000 1.825000 2.280001
v 2.280000 2.000000 2.280001
v 2.280000 1.825000 2.000001
v 2.280000 2.000000 2.000001
v 2.000000 2.000000 2.000001
v 2.040000 1.125000 2.240001
v 2.040000 1.000000 2.240001
v 2.040000 1.125000 2.040001
v 2.240000 1.125000 2.240001
v 2.240000 1.000000 2.240001
v 2.240000 1.125000 2.040001
v 2.240000 1.000000 2.040001
v 2.040000 1.000000 2.040001
v 2.040000 2.825000 2.240001
v 2.040000 2.700000 2.240001
v 2.040000 2.825000 2.040001
v 2.240000 2.825000 2.240001
v 2.240000 2.700000 2.240001
v 2.240000 2.825000 2.040001
v 2.240000 2.700000 2.040001
v 2.040000 2.700000 2.040001
v 2.065000 2.700000 2.215001
v 2.215000 2.700000 2.215001
v 2.064999 2.700000 2.065001
v 2.065000 2.125000 2.215001
v 2.215000 2.125000 2.215001
v 2.064999 2.125000 2.065001
v 2.215000 2.125000 2.065001
v 2.215000 2.700000 2.065001
v 2.000000 2.825000 2.280001
v 2.000000 3.000000 2.280001
v 1.999999 2.825000 2.000001
v 2.280000 2.825000 2.280001
v 2.280000 3.000000 2.280001
v 2.280000 2.825000 2.000001
v 2.280000 3.000000 2.000001
v 2.000000 3.000000 2.000001
v 2.040000 2.125000 2.240001
v 2.040000 2.000000 2.240001
v 2.040000 2.125000 2.040001
v 2.240000 2.125000 2.240001
v 2.240000 2.000000 2.240001
v 2.240000 2.125000 2.040001
v 2.240000 2.000000 2.040001
v 2.040000 2.000000 2.040001
v 2.040000 3.825000 2.240001
v 2.040000 3.700000 2.240001
v 2.040000 3.825000 2.040001
v 2.240000 3.825000 2.240001
v 2.240000 3.700000 2.240001
v 2.240000 3.825000 2.040001
v 2.240000 3.700000 2.040001
v 2.040000 3.700000 2.040001
v 2.065000 3.700000 2.215001
v 2.215000 3.700000 2.215001
v 2.064999 3.700000 2.065001
v 2.065000 3.125000 2.215001
v 2.215000 3.125000 2.215001
v 2.064999 3.125000 2.065001
v 2.215000 3.125000 2.065001
v 2.215000 3.700000 2.065001
v 2.000000 3.825000 2.280001
v 2.000000 4.000000 2.280001
v 2.280000 3.825000 2.280001
v 2.280000 4.000000 2.280001
v 2.280000 3.825000 2.000001
v 2.280000 4.000000 2.000001
v 2.000000 4.000000 2.000001
v 2.040000 3.125000 2.240001
v 2.040000 3.000000 2.240001
v 2.040000 3.125000 2.040001
v 2.240000 3.125000 2.240001
v 2.240000 3.000000 2.240001
v 2.240000 3.125000 2.040001
v 2.240000 3.000000 2.040001
v 2.040000 3.000000 2.040001
v 2.040000 4.825000 2.240001
v 2.040000 4.700000 2.240001
v 2.040000 4.825000 2.040001
v 2.240000 4.825000 2.240001
v 2.240000 4.700000 2.240001
v 2.240000 4.825000 2.040001
v 2.240000 4.700000 2.040001
v 2.040000 4.700000 2.040001
v 2.065000 4.700000 2.215001
v 2.215000 4.700000 2.215001
v 2.064999 4.700000 2.065001
v 2.065000 4.125000 2.215001
v 2.215000 4.125000 2.215001
v 2.064999 4.125000 2.065001
v 2.215000 4.125000 2.065001
v 2.215000 4.700000 2.065001
v 2.000000 4.825000 2.280001
v 2.000000 5.000000 2.280001
v 2.280000 4.825000 2.280001
v 2.280000 5.000000 2.280001
v 2.280000 4.825000 2.000001
v 2.280000 5.000000 2.000001
v 1.999999 4.825000 2.000001
v 2.000000 5.000000 2.000001
v 2.040000 4.125000 2.240001
v 2.040000 4.000000 2.240001
v 2.040000 4.125000 2.040001
v 2.240000 4.125000 2.240001
v 2.240000 4.000000 2.240001
v 2.240000 4.125000 2.040001
v 2.240000 4.000000 2.040001
v 2.040000 4.000000 2.040001
v 2.040000 5.825000 2.240001
v 2.040000 5.700000 2.240001
v 2.040000 5.825000 2.040001
v 2.240000 5.825000 2.240001
v 2.240000 5.700000 2.240001
v 2.240000 5.825000 2.040001
v 2.240000 5.700000 2.040001
v 2.040000 5.700000 2.040001
v 2.065000 5.700000 2.215001
v 2.215000 5.700000 2.215001
v 2.064999 5.700000 2.065001
v 2.065000 5.125000 2.215001
v 2.215000 5.125000 2.215001
v 2.064999 5.125000 2.065001
v 2.215000 5.125000 2.065001
v 2.215000 5.700000 2.065001
v 2.000000 5.825000 2.280001
v 2.000000 6.000000 2.280001
v 2.280000 5.825000 2.280001
v 2.280000 6.000000 2.280001
v 2.280000 5.825000 2.000001
v 2.280000 6.000000 2.000001
v 2.000000 6.000000 2.000001
v 2.040000 5.125000 2.240001
v 2.040000 5.000000 2.240001
v 2.040000 5.125000 2.040001
v 2.240000 5.125000 2.240001
v 2.240000 5.000000 2.240001
v 2.240000 5.125000 2.040001
v 2.240000 5.000000 2.040001
v 2.040000 5.000000 2.040001
v 2.040000 6.825000 2.240001
v 2.040000 6.700000 2.240001
v 2.040000 6.825000 2.040001
v 2.240000 6.825000 2.240001
v 2.240000 6.700000 2.240001
v 2.240000 6.825000 2.040001
v 2.240000 6.700000 2.040001
v 2.040000 6.700000 2.040001
v 2.065000 6.700000 2.215001
v 2.215000 6.700000 2.215001
v 2.064999 6.700000 2.065001
v 2.065000 6.125000 2.215001
v 2.215000 6.125000 2.215001
v 2.064999 6.125000 2.065001
v 2.215000 6.125000 2.065001
v 2.215000 6.700000 2.065001
v 2.000000 6.825000 2.280001
v 2.000000 7.000000 2.280001
v 2.280000 6.825000 2.280001
v 2.280000 7.000000 2.280001
v 2.280000 6.825000 2.000001
v 2.280000 7.000000 2.000001
v 2.000000 7.000000 2.000001
v 2.040000 6.125000 2.240001
v 2.040000 6.000000 2.240001
v 2.040000 6.125000 2.040001
v 2.240000 6.125000 2.240001
v 2.240000 6.000000 2.240001
v 2.240000 6.125000 2.040001
v 2.240000 6.000000 2.040001
v 2.040000 6.000000 2.040001
v 2.040000 7.825000 2.240001
v 2.040000 7.700000 2.240001
v 2.040000 7.825000 2.040001
v 2.240000 7.825000 2.240001
v 2.240000 7.700000 2.240001
v 2.240000 7.825000 2.040001
v 2.240000 7.700000 2.040001
v 2.040000 7.700000 2.040001
v 2.065000 7.700000 2.215001
v 2.215000 7.700000 2.215001
v 2.064999 7.700000 2.065001
v 2.065000 7.125000 2.215001
v 2.215000 7.125000 2.215001
v 2.064999 7.125000 2.065001
v 2.215000 7.125000 2.065001
v 2.215000 7.700000 2.065001
v 2.000000 7.825000 2.280001
v 2.000000 8.000000 2.280001
v 2.280000 7.825000 2.280001
v 2.280000 8.000000 2.280001
v 2.280000 7.825000 2.000001
v 2.280000 8.000000 2.000001
v 2.000000 8.000000 2.000001
v 2.040000 7.125000 2.240001
v 2.040000 7.000000 2.240001
v 2.040000 7.125000 2.040001
v 2.240000 7.125000 2.240001
v 2.240000 7.000000 2.240001
v 2.240000 7.125000 2.040001
v 2.240000 7.000000 2.040001
v 2.040000 7.000000 2.040001
v 2.040000 8.825000 2.240001
v 2.040000 8.700000 2.240001
v 2.040000 8.825000 2.040001
v 2.240000 8.825000 2.240001
v 2.240000 8.700000 2.240001
v 2.240000 8.825000 2.040001
v 2.240000 8.700000 2.040001
v 2.040000 8.700000 2.040001
v 2.065000 8.700000 2.215001
v 2.215000 8.700000 2.215001
v 2.064999 8.700000 2.065001
v 2.065000 8.125000 2.215001
v 2.215000 8.125000 2.215001
v 2.064999 8.125000 2.065001
v 2.215000 8.125000 2.065001
v 2.215000 8.700000 2.065001
v 2.000000 8.825000 2.280001
v 2.000000 9.000000 2.280001
v 2.280000 8.825000 2.280001
v 2.280000 9.000000 2.280001
v 2.280000 8.825000 2.000001
v 2.280000 9.000000 2.000001
v 1.999999 8.825000 2.000001
v 2.000000 9.000000 2.000001
v 2.040000 8.125000 2.240001
v 2.040000 8.000000 2.240001
v 2.040000 8.125000 2.040001
v 2.240000 8.125000 2.240001
v 2.240000 8.000000 2.240001
v 2.240000 8.125000 2.040001
v 2.240000 8.000000 2.040001
v 2.040000 8.000000 2.040001
v 2.040000 9.825000 2.240001
v 2.040000 9.700000 2.240001
v 2.040000 9.825000 2.040001
v 2.240000 9.825000 2.240001
v 2.240000 9.700000 2.240001
v 2.240000 9.825000 2.040001
v 2.240000 9.700000 2.040001
v 2.040000 9.700000 2.040001
v 2.065000 9.700000 2.215001
v 2.215000 9.700000 2.215001
v 2.064999 9.700000 2.065001
v 2.065000 9.125000 2.215001
v 2.215000 9.125000 2.215001
v 2.064999 9.125000 2.065001
v 2.215000 9.125000 2.065001
v 2.215000 9.700000 2.065001
v 2.000000 9.825000 2.280001
v 2.000000 10.000000 2.280001
v 2.280000 9.825000 2.280001
v 2.280000 10.000000 2.280001
v 2.280000 9.825000 2.000001
v 2.280000 10.000000 2.000001
v 2.000000 10.000000 2.000001
v 2.040000 9.125000 2.240001
v 2.040000 9.000000 2.240001
v 2.040000 9.125000 2.040001
v 2.240000 9.125000 2.240001
v 2.240000 9.000000 2.240001
v 2.240000 9.125000 2.040001
v 2.240000 9.000000 2.040001
v 2.040000 9.000000 2.040001
v 2.040000 10.825000 2.240001
v 2.040000 10.700000 2.240001
v 2.040000 10.825000 2.040001
v 2.240000 10.825000 2.240001
v 2.240000 10.700000 2.240001
v 2.240000 10.825000 2.040001
v 2.240000 10.700000 2.040001
v 2.040000 10.700000 2.040001
v 2.065000 10.700000 2.215001
v 2.215000 10.700000 2.215001
v 2.064999 10.700000 2.065001
v 2.065000 10.125000 2.215001
v 2.215000 10.125000 2.215001
v 2.064999 10.125000 2.065001
v 2.215000 10.125000 2.065001
v 2.215000 10.700000 2.065001
v 2.000000 10.825000 2.280001
v 2.000000 11.000000 2.280001
v 2.280000 10.825000 2.280001
v 2.280000 11.000000 2.280001
v 2.280000 10.825000 2.000001
v 2.280000 11.000000 2.000001
v 2.000000 11.000000 2.000001
v 2.040000 10.125000 2.240001
v 2.040000 10.000000 2.240001
v 2.040000 10.125000 2.040001
v 2.240000 10.125000 2.240001
v 2.240000 10.000000 2.240001
v 2.240000 10.125000 2.040001
v 2.240000 10.000000 2.040001
v 2.040000 10.000000 2.040001
v 2.040000 11.825000 2.240001
v 2.040000 11.700000 2.240001
v 2.040000 11.825000 2.040001
v 2.240000 11.825000 2.240001
v 2.240000 11.700000 2.240001
v 2.240000 11.825000 2.040001
v 2.240000 11.700000 2.040001
v 2.040000 11.700000 2.040001
v 2.065000 11.700000 2.215001
v 2.215000 11.700000 2.215001
v 2.064999 11.700000 2.065001
v 2.065000 11.125000 2.215001
v 2.215000 11.125000 2.215001
v 2.064999 11.125000 2.065001
v 2.215000 11.125000 2.065001
v 2.215000 11.700000 2.065001
v 2.000000 11.825000 2.280001
v 2.000000 12.000000 2.280001
v 2.280000 11.825000 2.280001
v 2.280000 12.000000 2.280001
v 2.280000 11.825000 2.000001
v 2.280000 12.000000 2.000001
v 2.000000 12.000000 2.000001
v 2.040000 11.125000 2.240001
v 2.040000 11.000000 2.240001
v 2.040000 11.125000 2.040001
v 2.240000 11.125000 2.240001
v 2.240000 11.000000 2.240001
v 2.240000 11.125000 2.040001
v 2.240000 11.000000 2.040001
v 2.040000 11.000000 2.040001
v 2.040000 12.825000 2.240001
v 2.040000 12.700000 2.240001
v 2.040000 12.825000 2.040001
v 2.240000 12.825000 2.240001
v 2.240000 12.700000 2.240001
v 2.240000 12.825000 2.040001
v 2.240000 12.700000 2.040001
v 2.040000 12.700000 2.040001
v 2.065000 12.700000 2.215001
v 2.215000 12.700000 2.215001
v 2.064999 12.700000 2.065001
v 2.065000 12.125000 2.215001
v 2.215000 12.125000 2.215001
v 2.064999 12.125000 2.065001
v 2.215000 12.125000 2.065001
v 2.215000 12.700000 2.065001
v 2.000000 12.825000 2.280001
v 2.000000 13.000000 2.280001
v 2.280000 12.825000 2.280001
v 2.280000 13.000000 2.280001
v 2.280000 12.825000 2.000001
v 2.280000 13.000000 2.000001
v 1.999999 12.825000 2.000001
v 2.000000 13.000000 2.000001
v 2.040000 12.125000 2.240001
v 2.040000 12.000000 2.240001
v 2.040000 12.125000 2.040001
v 2.240000 12.125000 2.240001
v 2.240000 12.000000 2.240001
v 2.240000 12.125000 2.040001
v 2.240000 12.000000 2.040001
v 2.040000 12.000000 2.040001
v 2.040000 13.825000 2.240001
v 2.040000 13.700000 2.240001
v 2.040000 13.825000 2.040001
v 2.240000 13.825000 2.240001
v 2.240000 13.700000 2.240001
v 2.240000 13.825000 2.040001
v 2.240000 13.700000 2.040001
v 2.040000 13.700000 2.040001
v 2.065000 13.700000 2.215001
v 2.215000 13.700000 2.215001
v 2.064999 13.700000 2.065001
v 2.065000 13.125000 2.215001
v 2.215000 13.125000 2.215001
v 2.064999 13.125000 2.065001
v 2.215000 13.125000 2.065001
v 2.215000 13.700000 2.065001
v 2.000000 13.825000 2.280001
v 2.000000 14.000000 2.280001
v 1.999999 13.825000 2.000001
v 2.280000 13.825000 2.280001
v 2.280000 14.000000 2.280001
v 2.280000 13.825000 2.000001
v 2.280000 14.000000 2.000001
v 2.000000 14.000000 2.000001
v 2.040000 13.125000 2.240001
v 2.040000 13.000000 2.240001
v 2.040000 13.125000 2.040001
v 2.240000 13.125000 2.240001
v 2.240000 13.000000 2.240001
v 2.240000 13.125000 2.040001
v 2.240000 13.000000 2.040001
v 2.040000 13.000000 2.040001
v -1.000000 14.725000 2.000001
v 0.000000 14.725000 2.000001
v -1.000000 14.515028 2.065188
v -1.000000 14.327541 2.215148
v 0.000000 14.515028 2.065188
v 0.000000 14.327541 2.215148
v 0.000000 14.175603 2.432203
v 0.000000 14.070631 2.700041
v -1.000000 14.175603 2.432203
v -1.000000 14.070631 2.700041
v -1.000000 14.025000 3.000001
v 0.000000 14.025000 3.000001
v -1.000000 14.000000 3.000001
v 0.000000 14.000000 3.000001
v 0.000000 14.725000 2.000001
v 1.000000 14.725000 2.000001
v 0.000000 14.515028 2.065188
v 0.000000 14.327541 2.215148
v 1.000000 14.515028 2.065188
v 1.000000 14.327541 2.215148
v 1.000000 14.175603 2.432203
v 1.000000 14.070631 2.700041
v 0.000000 14.175603 2.432203
v 0.000000 14.070631 2.700041
v 0.000000 14.025000 3.000001
v 1.000000 14.025000 3.000001
v 0.000000 14.000000 3.000001
v 1.000000 14.000000 3.000001
v -2.000000 14.725000 2.000002
v -1.000000 14.725000 2.000002
v -2.000000 14.515028 2.065189
v -2.065187 14.515028 2.065189
v -2.215147 14.327541 2.215149
v -2.032593 14.515028 2.065189
v -2.107574 14.327541 2.215149
v -2.000000 14.327541 2.215149
v -2.216101 14.175668 2.432204
v -2.432202 14.175734 2.432204
v -2.000000 14.175603 2.432204
v -2.350020 14.118969 2.700042
v -2.700040 14.204001 2.700042
v -2.000000 14.070631 2.700042
v -2.500000 14.105600 3.000002
v -3.000000 14.357248 3.000001
v -2.000000 14.023460 3.000002
v -2.500000 14.080601 3.000002
v -3.000000 14.331794 3.000001
v -2.000000 13.998915 3.000002
v -1.000000 14.000000 3.000002
v -1.000000 14.025000 3.000002
v -1.000000 14.070631 2.700042
v -1.000000 14.175603 2.432204
v -1.000000 14.327541 2.215149
v -1.000000 14.515028 2.065189
v -1.000000 14.725000 -2.000000
v -2.000000 14.725000 -1.999999
v -1.000000 14.515028 -2.065187
v -2.000000 14.515028 -2.065187
v -1.000000 14.327541 -2.215147
v -2.000000 14.327541 -2.215147
v -1.000000 14.175603 -2.432201
v -1.000000 14.070631 -2.700039
v -2.000000 14.175603 -2.432201
v -2.000000 14.070631 -2.700039
v -2.216101 14.175668 -2.432201
v -2.432202 14.175734 -2.432201
v -2.107574 14.327541 -2.215147
v -2.350020 14.118969 -2.700039
v -2.700040 14.204001 -2.700039
v -2.500000 14.105600 -3.000000
v -2.000000 14.023460 -3.000000
v -3.000000 14.357248 -2.999999
v -2.500000 14.080601 -3.000000
v -2.000000 13.998915 -3.000000
v -3.000000 14.331794 -2.999999
v -1.000000 14.000000 -3.000000
v -1.000000 14.025000 -3.000000
v -2.215147 14.327541 -2.215147
v -2.032594 14.515028 -2.065187
v -2.065187 14.515028 -2.065187
v -2.457973 13.648438 -2.457973
v -2.400563 13.736328 -2.400563
v -2.515383 13.648438 -2.442590
v -2.442590 13.648438 -2.515382
v -2.484617 13.648438 -2.557409
v -2.364167 13.736328 -2.536396
v -2.463603 13.736328 -2.635833
v -2.364167 13.912109 -2.536396
v -2.463603 13.912109 -2.635833
v -2.442590 14.000000 -2.515382
v -2.400563 13.912109 -2.400563
v -2.536397 13.912109 -2.364166
v -2.457973 14.000000 -2.457973
v -2.515383 14.000000 -2.442590
v -2.542027 14.000000 -2.542027
v -2.599437 13.912109 -2.599436
v -2.557410 14.000000 -2.484617
v -2.484617 14.000000 -2.557409
v -2.635834 13.912109 -2.463603
v -2.635834 13.736328 -2.463603
v -2.536397 13.736328 -2.364166
v -2.557410 13.648438 -2.484617
v -2.599437 13.736328 -2.599436
v -2.542027 13.648438 -2.542027
v 1.000000 14.725000 -2.000000
v 0.000000 14.725000 -2.000000
v 1.000000 14.515028 -2.065187
v 1.000000 14.327541 -2.215147
v 0.000000 14.515028 -2.065187
v 0.000000 14.327541 -2.215147
v 0.000000 14.175603 -2.432202
v -0.000000 14.070631 -2.700040
v 1.000000 14.175603 -2.432202
v 1.000000 14.070631 -2.700040
v 1.000000 14.025000 -3.000000
v -0.000000 14.025000 -3.000000
v 1.000000 14.000000 -3.000000
v -0.000000 14.000000 -3.000000
v 0.000000 14.725000 -2.000000
v -1.000000 14.725000 -1.999999
v -0.000000 14.515028 -2.065187
v -0.000000 14.327541 -2.215147
v -1.000000 14.515028 -2.065187
v -1.000000 14.327541 -2.215147
v -1.000000 14.175603 -2.432201
v -1.000000 14.070631 -2.700039
v -0.000000 14.175603 -2.432201
v -0.000000 14.070631 -2.700039
v -0.000000 14.025000 -3.000000
v -1.000000 14.025000 -3.000000
v -0.000000 14.000000 -3.000000
v -1.000000 14.000000 -3.000000
v 2.000000 14.725000 -2.000001
v 1.000000 14.725000 -2.000001
v 2.000000 14.515028 -2.065188
v 2.065187 14.515028 -2.065188
v 2.215147 14.327541 -2.215148
v 2.032593 14.515028 -2.065188
v 2.107574 14.327541 -2.215148
v 2.000000 14.327541 -2.215148
v 2.216101 14.175668 -2.432203
v 2.432202 14.175734 -2.432203
v 2.000000 14.175603 -2.432203
v 2.350020 14.118969 -2.700041
v 2.700040 14.204001 -2.700041
v 2.000000 14.070631 -2.700041
v 2.500000 14.105600 -3.000001
v 3.000000 14.357248 -3.000001
v 2.000000 14.023460 -3.000001
v 2.500000 14.080601 -3.000001
v 3.000000 14.331794 -3.000001
v 2.000000 13.998915 -3.000001
v 1.000000 14.000000 -3.000001
v 1.000000 14.025000 -3.000001
v 1.000000 14.070631 -2.700041
v 1.000000 14.175603 -2.432203
v 1.000000 14.327541 -2.215148
v 1.000000 14.515028 -2.065188
vn -0.0000 -0.0000 1.0000
vn 1.0000 -0.0000 -0.0000
vn -0.0000 -0.0000 -1.0000
vn -0.0000 1.0000 -0.0000
vn 0.8834 0.4687 -0.0000
vn 0.9550 0.2965 -0.0000
vn 0.6842 0.7293 -0.0000
vn 0.4725 0.8813 -0.0000
vn 0.2593 0.9658 -0.0000
vn 0.1504 0.9886 -0.0000
vn 0.2592 0.9658 -0.0000
vn 0.8833 0.4687 -0.0000
vn 0.6841 0.7294 -0.0000
vn 0.4591 0.8882 0.0205
vn 0.2605 0.9655 -0.0004
vn 0.2410 0.9688 0.0582
vn 0.1628 0.9706 0.1771
vn 0.4219 0.9051 0.0532
vn 0.6841 0.7294 0.0001
vn 0.0854 0.9455 0.3144
vn 0.2803 0.9537 0.1090
vn 0.6432 0.7657 0.0001
vn 0.1451 0.9866 0.0744
vn 0.0879 0.9528 0.2905
vn 0.0593 0.9281 0.3676
vn 0.1529 0.9882 -0.0008
vn 0.8604 0.5096 -0.0000
vn 0.2443 -0.3300 0.9118
vn -0.6675 -0.3300 0.6675
vn -0.5194 -0.6785 0.5194
vn 0.1901 -0.6786 0.7095
vn -0.9118 -0.3300 -0.2443
vn -0.7095 -0.6786 -0.1901
vn 0.9118 -0.3300 0.2443
vn 0.7095 -0.6785 0.1901
vn 0.9118 0.3300 0.2443
vn 0.2443 0.3300 0.9118
vn -0.6675 0.3300 0.6675
vn 0.4831 0.8660 0.1294
vn 0.1294 0.8660 0.4831
vn -0.3536 0.8660 0.3536
vn -0.9118 0.3300 -0.2443
vn -0.4831 0.8660 -0.1294
vn 0.3536 0.8660 -0.3536
vn -0.1294 0.8660 -0.4831
vn 0.6675 0.3300 -0.6675
vn -0.2443 0.3300 -0.9118
vn -0.2443 -0.3300 -0.9118
vn 0.6675 -0.3300 -0.6675
vn -0.1901 -0.6786 -0.7095
vn 0.5194 -0.6785 -0.5194
vn 0.6432 0.7657 -0.0001
vn 0.6841 0.7294 -0.0001
vn 0.2803 0.9537 -0.1090
vn 0.4219 0.9051 -0.0532
vn 0.4591 0.8882 -0.0205
vn 0.0854 0.9455 -0.3144
vn 0.1628 0.9706 -0.1771
vn 0.2410 0.9688 -0.0582
vn 0.0593 0.9281 -0.3676
vn 0.0879 0.9528 -0.2905
vn 0.1451 0.9866 -0.0744
vn 0.1529 0.9882 0.0008
vn 0.2605 0.9655 0.0004
vn -1.0000 -0.0000 -0.0000
vn -0.8834 0.4687 -0.0000
vn -0.9550 0.2965 -0.0000
vn -0.6842 0.7293 -0.0000
vn -0.4725 0.8813 -0.0000
vn -0.2593 0.9658 -0.0000
vn -0.1504 0.9886 -0.0000
vn -0.6841 0.7294 -0.0000
vn -0.4591 0.8882 -0.0205
vn -0.2605 0.9655 0.0004
vn -0.2410 0.9688 -0.0582
vn -0.1628 0.9706 -0.1771
vn -0.4219 0.9051 -0.0532
vn -0.6841 0.7294 -0.0001
vn -0.0854 0.9455 -0.3144
vn -0.2803 0.9537 -0.1090
vn -0.6432 0.7657 -0.0001
vn -0.1451 0.9866 -0.0744
vn -0.0879 0.9528 -0.2905
vn -0.0593 0.9281 -0.3676
vn -0.1529 0.9882 0.0008
vn -0.8604 0.5096 -0.0000
vn 0.7095 -0.6786 0.1901
vn -0.7095 -0.6785 -0.1901
vn -0.5194 -0.6786 0.5194
vn -0.8833 0.4687 -0.0000
vn -0.6432 0.7657 0.0001
vn -0.6841 0.7294 0.0001
vn -0.2803 0.9537 0.1090
vn -0.4219 0.9051 0.0532
vn -0.4591 0.8882 0.0205
vn -0.0854 0.9455 0.3144
vn -0.1628 0.9706 0.1771
vn -0.2410 0.9688 0.0582
vn -0.0593 0.9281 0.3676
vn -0.0879 0.9528 0.2905
vn -0.1451 0.9866 0.0744
vn -0.1529 0.9882 -0.0008
vn -0.2605 0.9655 -0.0004
vn -0.0000 0.2965 0.9550
vn -0.0000 0.4687 0.8834
vn -0.0000 0.7293 0.6842
vn -0.0000 0.7294 0.6841
vn -0.0000 0.8813 0.4725
vn -0.0205 0.8882 0.4591
vn 0.0004 0.9655 0.2605
vn -0.0582 0.9688 0.2410
vn -0.1771 0.9706 0.1628
vn -0.0532 0.9051 0.4219
vn -0.0001 0.7294 0.6841
vn -0.3144 0.9455 0.0854
vn -0.1090 0.9537 0.2803
vn -0.0001 0.7657 0.6432
vn -0.0744 0.9866 0.1451
vn -0.2905 0.9528 0.0879
vn -0.3676 0.9281 0.0593
vn 0.0008 0.9882 0.1529
vn -0.0000 0.4687 0.8833
vn -0.0000 0.5096 0.8604
vn -0.9118 -0.3300 0.2443
vn -0.6675 -0.3300 -0.6675
vn -0.5194 -0.6786 -0.5194
vn -0.7095 -0.6786 0.1901
vn 0.2443 -0.3300 -0.9118
vn 0.1901 -0.6786 -0.7095
vn -0.2443 -0.3300 0.9118
vn -0.1901 -0.6786 0.7095
vn -0.2443 0.3300 0.9118
vn -0.9118 0.3300 0.2443
vn -0.6675 0.3300 -0.6675
vn -0.1294 0.8660 0.4831
vn -0.4831 0.8660 0.1294
vn -0.3536 0.8660 -0.3536
vn 0.2443 0.3300 -0.9118
vn 0.1294 0.8660 -0.4831
vn 0.3536 0.8660 0.3536
vn 0.4831 0.8660 -0.1294
vn 0.6675 0.3300 0.6675
vn 0.9118 0.3300 -0.2443
vn 0.9118 -0.3300 -0.2443
vn 0.6675 -0.3300 0.6675
vn 0.7095 -0.6786 -0.1901
vn 0.5194 -0.6786 0.5194
vn -0.0000 0.9658 0.2593
vn -0.0000 0.9886 0.1504
vn 0.0001 0.7657 0.6432
vn 0.0001 0.7294 0.6841
vn 0.1090 0.9537 0.2803
vn 0.0532 0.9051 0.4219
vn 0.0205 0.8882 0.4591
vn 0.3144 0.9455 0.0854
vn 0.1771 0.9706 0.1628
vn 0.0582 0.9688 0.2410
vn 0.3676 0.9281 0.0593
vn 0.2905 0.9528 0.0879
vn 0.0744 0.9866 0.1451
vn -0.0008 0.9882 0.1529
vn -0.0004 0.9655 0.2605
vn -0.0000 0.2965 -0.9550
vn -0.0000 0.4687 -0.8834
vn -0.0000 0.7293 -0.6842
vn -0.0000 0.7294 -0.6841
vn -0.0000 0.8813 -0.4725
vn 0.0205 0.8882 -0.4591
vn -0.0004 0.9655 -0.2605
vn 0.0582 0.9688 -0.2410
vn 0.1771 0.9706 -0.1628
vn 0.0532 0.9051 -0.4219
vn 0.0001 0.7294 -0.6841
vn 0.3144 0.9455 -0.0854
vn 0.1090 0.9537 -0.2803
vn 0.0001 0.7657 -0.6432
vn 0.0744 0.9866 -0.1451
vn 0.2905 0.9528 -0.0879
vn 0.3676 0.9281 -0.0593
vn -0.0008 0.9882 -0.1529
vn -0.0000 0.5096 -0.8604
vn -0.0000 0.9658 -0.2593
vn -0.0000 0.9886 -0.1504
vn -0.0001 0.7657 -0.6432
vn -0.0001 0.7294 -0.6841
vn -0.1090 0.9537 -0.2803
vn -0.0532 0.9051 -0.4219
vn -0.0205 0.8882 -0.4591
vn -0.3144 0.9455 -0.0854
vn -0.1771 0.9706 -0.1628
vn -0.0582 0.9688 -0.2410
vn -0.3676 0.9281 -0.0593
vn -0.2905 0.9528 -0.0879
vn -0.0744 0.9866 -0.1451
vn 0.0008 0.9882 -0.1529
vn 0.0004 0.9655 -0.2605
vt 0.001002 0.000674
vt 0.498823 0.000674
vt 0.499792 0.498846
vt 0.001002 0.498846
vt 0.508227 0.498353
vt 0.999947 0.498353
vt 0.999947 0.780693
vt 0.508227 0.780693
vt 0.691552 0.225161
vt 0.691552 0.150472
vt 0.811054 0.150472
vt 0.811054 0.225161
vt 0.811054 0.150473
vt 0.503828 0.504028
vt 0.546317 0.504028
vt 0.546317 0.996586
vt 0.503828 0.996586
vt 0.503828 0.504028
vt 0.546317 0.504028
vt 0.546317 0.996586
vt 0.503828 0.996586
vt 0.503828 0.504028
vt 0.546317 0.504028
vt 0.546317 0.996586
vt 0.938803 0.237645
vt 0.563804 0.237644
vt 0.563804 0.159519
vt 0.938803 0.159520
vt 0.938803 0.237645
vt 0.563803 0.237644
vt 0.563803 0.159519
vt 0.938803 0.159520
vt 0.563803 0.159519
vt 0.938802 0.159520
vt 0.938802 0.237644
vt 0.838893 0.283546
vt 0.838893 0.458730
vt 0.663710 0.458730
vt 0.663710 0.283546
vt 0.811054 0.150473
vt 0.811054 0.225161
vt 0.691552 0.225161
vt 0.691552 0.150472
vt 0.691553 0.225161
vt 0.498547 0.030964
vt 0.998912 0.030964
vt 0.998912 0.498948
vt 0.498547 0.498948
vt 0.760614 0.498948
vt 0.760614 0.999996
vt 0.650125 0.999996
vt 0.650125 0.498948
vt 0.000000 0.918021
vt 0.499999 0.918021
vt 0.499999 0.999998
vt 0.000000 0.999998
vt 0.000000 0.828503
vt 0.499999 0.828503
vt 0.000000 0.729713
vt 0.499999 0.729713
vt 0.000000 0.622450
vt 0.499999 0.622450
vt 0.000000 0.509319
vt 0.499999 0.509319
vt 0.000000 0.499998
vt 0.499999 0.499998
vt 0.999947 0.999443
vt 0.508226 0.999443
vt 0.508226 0.498353
vt 0.498459 0.999999
vt 0.498459 0.499999
vt 0.998459 0.499999
vt 0.998459 0.999998
vt 0.508227 0.498353
vt 0.999947 0.780693
vt 0.508226 0.780693
vt 0.999947 0.780693
vt 0.508226 0.780693
vt 0.500413 0.999099
vt 0.000035 0.999993
vt 0.000035 0.916463
vt 0.500017 0.915571
vt 0.000035 0.825248
vt 0.499579 0.824366
vt 0.000035 0.724584
vt 0.499050 0.723739
vt 0.000035 0.615153
vt 0.498262 0.614862
vt 0.158777 0.615153
vt 0.097553 0.724584
vt 0.048766 0.825137
vt 0.000035 0.825137
vt 0.310787 0.615153
vt 0.193455 0.724584
vt 0.089530 0.825137
vt 0.000035 0.516219
vt 0.230090 0.516219
vt 0.387072 0.516219
vt 0.000035 0.500393
vt 0.230090 0.500393
vt 0.408946 0.500393
vt 0.498831 0.516219
vt 0.000035 0.516219
vt 0.000035 0.500393
vt 0.498831 0.500393
vt 0.015352 0.916270
vt 0.000035 0.916270
vt 0.030199 0.916270
vt 0.239976 0.207242
vt 0.231835 0.207242
vt 0.231835 0.197504
vt 0.239976 0.197504
vt 0.280678 0.207242
vt 0.272538 0.207242
vt 0.272538 0.197504
vt 0.280678 0.197504
vt 0.248116 0.207242
vt 0.248116 0.197504
vt 0.248116 0.221547
vt 0.239976 0.221547
vt 0.231835 0.221547
vt 0.248116 0.231284
vt 0.239976 0.231284
vt 0.231835 0.231284
vt 0.280678 0.221547
vt 0.272538 0.221547
vt 0.280678 0.231284
vt 0.272538 0.231284
vt 0.224018 0.244825
vt 0.224018 0.235798
vt 0.239653 0.244825
vt 0.231835 0.249338
vt 0.239653 0.235798
vt 0.256257 0.221547
vt 0.256257 0.231284
vt 0.264397 0.221547
vt 0.264397 0.231284
vt 0.264397 0.207242
vt 0.256257 0.207242
vt 0.264397 0.197504
vt 0.256257 0.197504
vt 0.499520 0.915682
vt 0.000035 0.999728
vt 0.499785 0.999144
vt 0.387072 0.516219
vt 0.000035 0.516219
vt 0.408946 0.500393
vt 0.498831 0.516219
vt 0.498831 0.500393
vt 0.498215 0.615110
vt 0.000035 0.724576
vt 0.498815 0.723969
vt 0.499218 0.824543
vt 0.546317 0.504028
vt 0.546317 0.996586
vt 0.503828 0.996586
vt 0.938802 0.237645
vt 0.563801 0.237644
vt 0.563801 0.159519
s 0
usemtl Material
f 8/9/1 7/10/1 9/11/1 14/12/1
f 10/10/2 7/13/2 8/12/2 11/9/2
f 12/10/3 10/13/3 11/12/3 13/9/3
f 16/14/2 15/15/2 18/16/2 19/17/2
f 15/18/1 17/19/1 20/20/1 18/21/1
f 22/22/3 16/23/3 19/24/3 21/21/3
f 25/25/1 23/26/1 24/27/1 30/28/1
f 23/29/2 26/30/2 27/31/2 24/32/2
f 29/33/3 27/34/3 26/35/3 28/30/3
f 29/36/4 30/37/4 24/38/4 27/39/4
f 32/40/1 31/41/1 33/42/1 38/43/1
f 34/41/2 31/42/2 32/43/2 35/40/2
f 36/11/4 33/12/4 31/44/4 34/10/4
f 36/12/3 34/9/3 35/10/3 37/11/3
f 40/9/1 39/10/1 41/11/1 46/12/1
f 42/10/2 39/13/2 40/12/2 43/9/2
f 44/10/3 42/13/3 43/12/3 45/9/3
f 48/14/2 47/15/2 50/16/2 51/17/2
f 47/18/1 49/19/1 52/20/1 50/21/1
f 54/22/3 48/23/3 51/24/3 53/21/3
f 57/25/1 55/26/1 56/27/1 62/28/1
f 55/29/2 58/30/2 59/31/2 56/32/2
f 61/33/3 59/34/3 58/35/3 60/30/3
f 61/36/4 62/37/4 56/38/4 59/39/4
f 64/40/1 63/41/1 65/42/1 70/43/1
f 66/41/2 63/42/2 64/43/2 67/40/2
f 68/11/4 65/12/4 63/44/4 66/10/4
f 68/12/3 66/9/3 67/10/3 69/11/3
f 72/9/1 71/10/1 73/11/1 78/12/1
f 74/10/2 71/13/2 72/12/2 75/9/2
f 76/10/3 74/13/3 75/12/3 77/9/3
f 80/14/2 79/15/2 82/16/2 83/17/2
f 79/18/1 81/19/1 84/20/1 82/21/1
f 86/22/3 80/23/3 83/24/3 85/21/3
f 89/25/1 87/26/1 88/27/1 94/28/1
f 87/29/2 90/30/2 91/31/2 88/32/2
f 93/33/3 91/34/3 90/35/3 92/30/3
f 93/36/4 94/37/4 88/38/4 91/39/4
f 96/40/1 95/41/1 97/42/1 102/43/1
f 98/41/2 95/42/2 96/43/2 99/40/2
f 100/11/4 97/12/4 95/44/4 98/10/4
f 100/12/3 98/9/3 99/10/3 101/11/3
f 104/9/1 103/10/1 105/11/1 110/12/1
f 106/10/2 103/13/2 104/12/2 107/9/2
f 108/10/3 106/13/3 107/12/3 109/9/3
f 112/14/2 111/15/2 114/16/2 115/17/2
f 111/18/1 113/19/1 116/20/1 114/21/1
f 118/22/3 112/23/3 115/24/3 117/21/3
f 121/25/1 119/26/1 120/27/1 126/28/1
f 119/29/2 122/30/2 123/31/2 120/32/2
f 125/33/3 123/34/3 122/35/3 124/30/3
f 125/36/4 126/37/4 120/38/4 123/39/4
f 128/40/1 127/41/1 129/42/1 134/43/1
f 130/41/2 127/42/2 128/43/2 131/40/2
f 132/11/4 129/12/4 127/44/4 130/10/4
f 132/12/3 130/9/3 131/10/3 133/11/3
f 136/9/1 135/10/1 137/11/1 142/12/1
f 138/10/2 135/13/2 136/12/2 139/9/2
f 140/10/3 138/13/3 139/12/3 141/9/3
f 144/14/2 143/15/2 146/16/2 147/17/2
f 143/18/1 145/19/1 148/20/1 146/21/1
f 150/22/3 144/23/3 147/24/3 149/21/3
f 153/25/1 151/26/1 152/27/1 158/28/1
f 151/29/2 154/30/2 155/31/2 152/32/2
f 157/33/3 155/34/3 154/35/3 156/30/3
f 157/36/4 158/37/4 152/38/4 155/39/4
f 160/40/1 159/41/1 161/42/1 166/43/1
f 162/41/2 159/42/2 160/43/2 163/40/2
f 164/11/4 161/12/4 159/44/4 162/10/4
f 164/12/3 162/9/3 163/10/3 165/11/3
f 168/9/1 167/10/1 169/11/1 174/12/1
f 170/10/2 167/13/2 168/12/2 171/9/2
f 172/10/3 170/13/3 171/12/3 173/9/3
f 176/14/2 175/15/2 178/16/2 179/17/2
f 175/18/1 177/19/1 180/20/1 178/21/1
f 182/22/3 176/23/3 179/24/3 181/21/3
f 185/25/1 183/26/1 184/27/1 190/28/1
f 183/29/2 186/30/2 187/31/2 184/32/2
f 189/33/3 187/34/3 186/35/3 188/30/3
f 189/36/4 190/37/4 184/38/4 187/39/4
f 192/40/1 191/41/1 193/42/1 198/43/1
f 194/41/2 191/42/2 192/43/2 195/40/2
f 196/11/4 193/12/4 191/44/4 194/10/4
f 196/12/3 194/9/3 195/10/3 197/11/3
f 200/9/1 199/10/1 201/11/1 206/12/1
f 202/10/2 199/13/2 200/12/2 203/9/2
f 204/10/3 202/13/3 203/12/3 205/9/3
f 208/14/2 207/15/2 210/16/2 211/17/2
f 207/18/1 209/19/1 212/20/1 210/21/1
f 214/22/3 208/23/3 211/24/3 213/21/3
f 217/25/1 215/26/1 216/27/1 222/28/1
f 215/29/2 218/30/2 219/31/2 216/32/2
f 221/33/3 219/34/3 218/35/3 220/30/3
f 221/36/4 222/37/4 216/38/4 219/39/4
f 224/40/1 223/41/1 225/42/1 230/43/1
f 226/41/2 223/42/2 224/43/2 227/40/2
f 228/11/4 225/12/4 223/44/4 226/10/4
f 228/12/3 226/9/3 227/10/3 229/11/3
f 232/9/1 231/10/1 233/11/1 238/12/1
f 234/10/2 231/13/2 232/12/2 235/9/2
f 236/10/3 234/13/3 235/12/3 237/9/3
f 240/14/2 239/15/2 242/16/2 243/17/2
f 239/18/1 241/19/1 244/20/1 242/21/1
f 246/22/3 240/23/3 243/24/3 245/21/3
f 249/25/1 247/26/1 248/27/1 254/28/1
f 247/29/2 250/30/2 251/31/2 248/32/2
f 253/33/3 251/34/3 250/35/3 252/30/3
f 253/36/4 254/37/4 248/38/4 251/39/4
f 256/40/1 255/41/1 257/42/1 262/43/1
f 258/41/2 255/42/2 256/43/2 259/40/2
f 260/11/4 257/12/4 255/44/4 258/10/4
f 260/12/3 258/9/3 259/10/3 261/11/3
f 264/9/1 263/10/1 265/11/1 270/12/1
f 266/10/2 263/13/2 264/12/2 267/9/2
f 268/10/3 266/13/3 267/12/3 269/9/3
f 272/14/2 271/15/2 274/16/2 275/17/2
f 271/18/1 273/19/1 276/20/1 274/21/1
f 278/22/3 272/23/3 275/24/3 277/21/3
f 281/25/1 279/26/1 280/27/1 286/28/1
f 279/29/2 282/30/2 283/31/2 280/32/2
f 285/33/3 283/34/3 282/35/3 284/30/3
f 285/36/4 286/37/4 280/38/4 283/39/4
f 288/40/1 287/41/1 289/42/1 294/43/1
f 290/41/2 287/42/2 288/43/2 291/40/2
f 292/11/4 289/12/4 287/44/4 290/10/4
f 292/12/3 290/9/3 291/10/3 293/11/3
f 296/9/1 295/10/1 297/11/1 302/12/1
f 298/10/2 295/13/2 296/12/2 299/9/2
f 300/10/3 298/13/3 299/12/3 301/9/3
f 304/14/2 303/15/2 306/16/2 307/17/2
f 303/18/1 305/19/1 308/20/1 306/21/1
f 310/22/3 304/23/3 307/24/3 309/21/3
f 313/25/1 311/26/1 312/27/1 318/28/1
f 311/29/2 314/30/2 315/31/2 312/32/2
f 317/33/3 315/34/3 314/35/3 316/30/3
f 317/36/4 318/37/4 312/38/4 315/39/4
f 320/40/1 319/41/1 321/42/1 326/43/1
f 322/41/2 319/42/2 320/43/2 323/40/2
f 324/11/4 321/12/4 319/44/4 322/10/4
f 324/12/3 322/9/3 323/10/3 325/11/3
f 328/9/1 327/10/1 329/11/1 334/12/1
f 330/10/2 327/13/2 328/12/2 331/9/2
f 332/10/3 330/13/3 331/12/3 333/9/3
f 336/14/2 335/15/2 338/16/2 339/17/2
f 335/18/1 337/19/1 340/20/1 338/21/1
f 342/22/3 336/23/3 339/24/3 341/21/3
f 345/25/1 343/26/1 344/27/1 350/28/1
f 343/29/2 346/30/2 347/31/2 344/32/2
f 349/33/3 347/34/3 346/35/3 348/30/3
f 349/36/4 350/37/4 344/38/4 347/39/4
f 352/40/1 351/41/1 353/42/1 358/43/1
f 354/41/2 351/42/2 352/43/2 355/40/2
f 356/11/4 353/12/4 351/44/4 354/10/4
f 356/12/3 354/9/3 355/10/3 357/11/3
f 360/9/1 359/10/1 361/11/1 366/12/1
f 362/10/2 359/13/2 360/12/2 363/9/2
f 364/10/3 362/13/3 363/12/3 365/9/3
f 368/14/2 367/15/2 370/16/2 371/17/2
f 367/18/1 369/19/1 372/20/1 370/21/1
f 374/22/3 368/23/3 371/24/3 373/21/3
f 377/25/1 375/26/1 376/27/1 382/28/1
f 375/29/2 378/30/2 379/31/2 376/32/2
f 381/33/3 379/34/3 378/35/3 380/30/3
f 381/36/4 382/37/4 376/38/4 379/39/4
f 384/40/1 383/41/1 385/42/1 390/43/1
f 386/41/2 383/42/2 384/43/2 387/40/2
f 388/11/4 385/12/4 383/44/4 386/10/4
f 388/12/3 386/9/3 387/10/3 389/11/3
f 392/9/1 391/10/1 393/11/1 398/12/1
f 394/10/2 391/13/2 392/12/2 395/9/2
f 396/10/3 394/13/3 395/12/3 397/9/3
f 400/14/2 399/15/2 402/16/2 403/17/2
f 399/18/1 401/19/1 404/20/1 402/21/1
f 406/22/3 400/23/3 403/24/3 405/21/3
f 409/25/1 407/26/1 408/27/1 414/28/1
f 407/29/2 410/30/2 411/31/2 408/32/2
f 413/33/3 411/34/3 410/35/3 412/30/3
f 413/36/4 414/37/4 408/38/4 411/39/4
f 416/40/1 415/41/1 417/42/1 422/43/1
f 418/41/2 415/42/2 416/43/2 419/40/2
f 420/11/4 417/12/4 415/44/4 418/10/4
f 420/12/3 418/9/3 419/10/3 421/11/3
f 424/9/1 423/10/1 425/11/1 430/12/1
f 426/10/2 423/13/2 424/12/2 427/9/2
f 428/10/3 426/13/3 427/12/3 429/9/3
f 432/14/2 431/15/2 434/16/2 435/17/2
f 431/18/1 433/19/1 436/20/1 434/21/1
f 438/22/3 432/23/3 435/24/3 437/21/3
f 441/25/1 439/26/1 440/27/1 446/28/1
f 439/29/2 442/30/2 443/31/2 440/32/2
f 445/33/3 443/34/3 442/35/3 444/30/3
f 445/36/4 446/37/4 440/38/4 443/39/4
f 448/40/1 447/41/1 449/42/1 454/43/1
f 450/41/2 447/42/2 448/43/2 451/40/2
f 452/11/4 449/12/4 447/44/4 450/10/4
f 452/12/3 450/9/3 451/10/3 453/11/3
f 457/45/2 458/46/2 456/47/2 455/48/2
f 458/49/4 457/50/4 459/51/4 461/52/4
f 460/51/2 462/52/2 461/49/2 459/50/2
f 465/45/2 466/46/2 464/47/2 463/48/2
f 466/49/4 465/50/4 467/51/4 469/52/4
f 468/51/2 470/52/2 469/49/2 467/50/2
f 473/45/2 474/46/2 472/47/2 471/48/2
f 474/49/4 473/50/4 475/51/4 477/52/4
f 476/51/2 478/52/2 477/49/2 475/50/2
f 481/45/2 482/46/2 480/47/2 479/48/2
f 482/49/4 481/50/4 483/51/4 485/52/4
f 484/51/2 486/52/2 485/49/2 483/50/2
s 1
f 489/53/5 491/54/5 488/55/6 487/56/6
f 490/57/7 492/58/7 491/54/5 489/53/5
f 495/59/8 493/60/8 492/58/7 490/57/7
f 496/61/9 494/62/9 493/60/8 495/59/8
f 497/63/10 498/64/10 494/62/9 496/61/9
f 498/64/2 497/63/2 499/65/2 500/66/2
f 503/53/5 505/54/5 502/55/6 501/56/6
f 504/57/7 506/58/7 505/54/5 503/53/5
f 509/59/8 507/60/8 506/58/7 504/57/7
f 510/61/11 508/62/11 507/60/8 509/59/8
f 511/63/10 512/64/10 508/62/11 510/61/11
f 512/64/2 511/63/2 513/65/2 514/66/2
s 0
f 532/70/2 531/71/2 533/72/2 534/73/2
f 547/1/2 549/2/2 550/3/2 548/4/2
f 587/1/2 589/2/2 590/3/2 588/4/2
f 619/1/2 621/2/2 622/3/2 620/4/2
f 676/70/2 675/71/2 677/72/2 678/73/2
f 679/1/2 681/2/2 682/3/2 680/4/2
f 684/70/2 683/71/2 685/72/2 686/73/2
f 739/1/2 741/2/2 742/3/2 740/4/2
f 820/70/2 819/71/2 821/72/2 822/73/2
f 824/70/2 823/71/2 825/72/2 826/73/2
f 864/70/2 863/71/2 865/72/2 866/73/2
f 868/70/2 867/71/2 869/72/2 870/73/2
f 925/1/2 927/2/2 928/3/2 926/4/2
f 929/1/2 931/2/2 932/3/2 930/4/2
s 1
f 941/79/6 940/80/6 942/81/5 943/82/12
f 943/82/12 942/81/5 944/83/7 945/84/13
f 945/84/13 944/83/7 946/85/8 948/86/14
f 948/86/14 946/85/8 947/87/15 949/88/16
f 949/87/16 953/89/17 950/90/18 948/85/14
f 948/85/14 950/90/18 952/91/19 945/92/13
f 953/89/17 954/93/20 951/94/21 950/90/18
f 950/90/18 951/94/21 963/95/22 952/91/19
f 956/96/23 955/97/24 953/89/17 949/87/16
f 955/97/24 957/98/25 954/93/20 953/89/17
f 955/97/2 956/96/2 959/99/2 958/100/2
f 957/98/2 955/97/2 958/100/2 960/101/2
f 956/102/2 962/103/2 961/104/2 959/105/2
f 949/88/16 947/87/15 962/103/26 956/102/23
f 945/92/13 952/91/19 964/106/5 943/107/12
f 952/91/19 963/95/22 965/108/27 964/106/5
f 943/107/12 964/106/5 965/108/27 941/80/6
f 971/109/28 967/110/29 966/111/30 969/112/31
f 967/113/29 986/114/32 968/115/33 966/116/30
f 972/117/34 971/109/28 969/112/31 970/118/35
f 972/117/34 974/119/36 973/120/37 971/109/28
f 971/109/28 973/120/37 976/121/38 967/110/29
f 973/120/37 974/119/36 983/122/39 975/123/40
f 976/121/38 973/120/37 975/123/40 978/124/41
f 967/113/29 976/125/38 977/126/42 986/114/32
f 977/126/42 976/125/38 978/127/41 979/128/43
f 979/129/43 978/130/41 980/131/44 982/132/45
f 980/131/44 978/130/41 975/124/40 983/133/39
f 974/119/36 981/134/46 980/135/44 983/122/39
f 981/134/46 984/136/47 982/137/45 980/135/44
f 984/136/47 977/126/42 979/128/43 982/137/45
f 986/114/32 977/126/42 984/136/47 985/138/48
f 985/138/48 984/136/47 981/134/46 988/139/49
f 986/114/32 985/138/48 987/140/50 968/115/33
f 985/138/48 988/139/49 989/141/51 987/140/50
f 988/139/49 972/117/34 970/118/35 989/141/51
f 988/139/49 981/134/46 974/119/36 972/117/34
f 992/142/5 1015/107/5 991/143/6 990/144/6
f 993/108/27 995/106/12 992/107/5 990/80/6
f 994/95/52 996/91/53 995/106/12 993/108/27
f 996/91/53 997/92/13 992/107/5 995/106/12
f 999/94/54 998/90/55 996/91/53 994/95/52
f 998/90/55 1000/85/56 997/92/13 996/91/53
f 1002/93/57 1001/89/58 998/90/55 999/94/54
f 1001/89/58 1003/87/59 1000/85/56 998/90/55
f 1005/145/60 1004/97/61 1001/89/58 1002/93/57
f 1004/97/61 1006/146/62 1003/87/59 1001/89/58
f 1004/97/2 1005/145/2 1008/147/2 1007/100/2
f 1006/146/2 1004/97/2 1007/100/2 1009/99/2
f 1011/103/2 1006/148/2 1009/149/2 1010/104/2
f 1006/148/62 1011/103/63 1012/87/64 1003/150/59
f 1003/150/59 1012/87/64 1013/151/8 1000/152/56
f 1000/152/56 1013/151/8 1014/92/7 997/153/13
f 997/153/13 1014/92/7 1015/107/5 992/142/5
s 0
f 1018/10/65 1016/13/65 1017/12/65 1019/9/65
f 1020/10/1 1018/13/1 1019/12/1 1021/9/1
f 1021/12/2 1023/42/2 1022/43/2 1020/11/2
f 1025/14/65 1024/15/65 1026/16/65 1027/17/65
f 1030/22/1 1025/23/1 1027/24/1 1028/21/1
f 1031/22/2 1030/154/2 1028/155/2 1029/156/2
f 1032/29/65 1034/30/65 1035/31/65 1033/32/65
f 1037/33/1 1035/34/1 1034/35/1 1036/30/1
f 1036/157/2 1038/158/2 1039/159/2 1037/34/2
f 1037/36/4 1039/37/4 1033/38/4 1035/39/4
f 1043/41/65 1040/42/65 1041/43/65 1044/40/65
f 1045/11/4 1042/12/4 1040/44/4 1043/10/4
f 1045/12/1 1043/9/1 1044/10/1 1046/11/1
f 1046/43/2 1047/11/2 1042/12/2 1045/42/2
f 1050/10/65 1048/13/65 1049/12/65 1051/9/65
f 1052/10/1 1050/13/1 1051/12/1 1053/9/1
f 1053/12/2 1055/42/2 1054/43/2 1052/11/2
f 1057/14/65 1056/15/65 1058/16/65 1059/17/65
f 1062/22/1 1057/23/1 1059/24/1 1060/21/1
f 1063/22/2 1062/154/2 1060/155/2 1061/156/2
f 1064/29/65 1066/30/65 1067/31/65 1065/32/65
f 1069/33/1 1067/34/1 1066/35/1 1068/30/1
f 1068/157/2 1070/158/2 1071/159/2 1069/34/2
f 1069/36/4 1071/37/4 1065/38/4 1067/39/4
f 1075/41/65 1072/42/65 1073/43/65 1076/40/65
f 1077/11/4 1074/12/4 1072/44/4 1075/10/4
f 1077/12/1 1075/9/1 1076/10/1 1078/11/1
f 1078/43/2 1079/11/2 1074/12/2 1077/42/2
f 1082/10/65 1080/13/65 1081/12/65 1083/9/65
f 1084/10/1 1082/13/1 1083/12/1 1085/9/1
f 1085/12/2 1087/42/2 1086/43/2 1084/11/2
f 1089/14/65 1088/15/65 1090/16/65 1091/17/65
f 1094/22/1 1089/23/1 1091/24/1 1092/21/1
f 1095/22/2 1094/154/2 1092/155/2 1093/156/2
f 1096/29/65 1098/30/65 1099/31/65 1097/32/65
f 1101/33/1 1099/34/1 1098/35/1 1100/30/1
f 1100/157/2 1102/158/2 1103/159/2 1101/34/2
f 1101/36/4 1103/37/4 1097/38/4 1099/39/4
f 1107/41/65 1104/42/65 1105/43/65 1108/40/65
f 1109/11/4 1106/12/4 1104/44/4 1107/10/4
f 1109/12/1 1107/9/1 1108/10/1 1110/11/1
f 1110/43/2 1111/11/2 1106/12/2 1109/42/2
f 1114/10/65 1112/13/65 1113/12/65 1115/9/65
f 1116/10/1 1114/13/1 1115/12/1 1117/9/1
f 1117/12/2 1119/42/2 1118/43/2 1116/11/2
f 1121/14/65 1120/15/65 1122/16/65 1123/17/65
f 1126/22/1 1121/23/1 1123/24/1 1124/21/1
f 1127/22/2 1126/154/2 1124/155/2 1125/156/2
f 1128/29/65 1130/30/65 1131/31/65 1129/32/65
f 1133/33/1 1131/34/1 1130/35/1 1132/30/1
f 1132/157/2 1134/158/2 1135/159/2 1133/34/2
f 1133/36/4 1135/37/4 1129/38/4 1131/39/4
f 1139/41/65 1136/42/65 1137/43/65 1140/40/65
f 1141/11/4 1138/12/4 1136/44/4 1139/10/4
f 1141/12/1 1139/9/1 1140/10/1 1142/11/1
f 1142/43/2 1143/11/2 1138/12/2 1141/42/2
f 1146/10/65 1144/13/65 1145/12/65 1147/9/65
f 1148/10/1 1146/13/1 1147/12/1 1149/9/1
f 1149/12/2 1151/42/2 1150/43/2 1148/11/2
f 1153/14/65 1152/15/65 1154/16/65 1155/17/65
f 1158/22/1 1153/23/1 1155/24/1 1156/21/1
f 1159/22/2 1158/154/2 1156/155/2 1157/156/2
f 1160/29/65 1162/30/65 1163/31/65 1161/32/65
f 1165/33/1 1163/34/1 1162/35/1 1164/30/1
f 1164/157/2 1166/158/2 1167/159/2 1165/34/2
f 1165/36/4 1167/37/4 1161/38/4 1163/39/4
f 1171/41/65 1168/42/65 1169/43/65 1172/40/65
f 1173/11/4 1170/12/4 1168/44/4 1171/10/4
f 1173/12/1 1171/9/1 1172/10/1 1174/11/1
f 1174/43/2 1175/11/2 1170/12/2 1173/42/2
f 1178/10/65 1176/13/65 1177/12/65 1179/9/65
f 1180/10/1 1178/13/1 1179/12/1 1181/9/1
f 1181/12/2 1183/42/2 1182/43/2 1180/11/2
f 1185/14/65 1184/15/65 1186/16/65 1187/17/65
f 1190/22/1 1185/23/1 1187/24/1 1188/21/1
f 1191/22/2 1190/154/2 1188/155/2 1189/156/2
f 1192/29/65 1194/30/65 1195/31/65 1193/32/65
f 1197/33/1 1195/34/1 1194/35/1 1196/30/1
f 1196/157/2 1198/158/2 1199/159/2 1197/34/2
f 1197/36/4 1199/37/4 1193/38/4 1195/39/4
f 1203/41/65 1200/42/65 1201/43/65 1204/40/65
f 1205/11/4 1202/12/4 1200/44/4 1203/10/4
f 1205/12/1 1203/9/1 1204/10/1 1206/11/1
f 1206/43/2 1207/11/2 1202/12/2 1205/42/2
f 1210/10/65 1208/13/65 1209/12/65 1211/9/65
f 1212/10/1 1210/13/1 1211/12/1 1213/9/1
f 1213/12/2 1215/42/2 1214/43/2 1212/11/2
f 1217/14/65 1216/15/65 1218/16/65 1219/17/65
f 1222/22/1 1217/23/1 1219/24/1 1220/21/1
f 1223/22/2 1222/154/2 1220/155/2 1221/156/2
f 1224/29/65 1226/30/65 1227/31/65 1225/32/65
f 1229/33/1 1227/34/1 1226/35/1 1228/30/1
f 1228/157/2 1230/158/2 1231/159/2 1229/34/2
f 1229/36/4 1231/37/4 1225/38/4 1227/39/4
f 1235/41/65 1232/42/65 1233/43/65 1236/40/65
f 1237/11/4 1234/12/4 1232/44/4 1235/10/4
f 1237/12/1 1235/9/1 1236/10/1 1238/11/1
f 1238/43/2 1239/11/2 1234/12/2 1237/42/2
f 1242/10/65 1240/13/65 1241/12/65 1243/9/65
f 1244/10/1 1242/13/1 1243/12/1 1245/9/1
f 1245/12/2 1247/42/2 1246/43/2 1244/11/2
f 1249/14/65 1248/15/65 1250/16/65 1251/17/65
f 1254/22/1 1249/23/1 1251/24/1 1252/21/1
f 1255/22/2 1254/154/2 1252/155/2 1253/156/2
f 1256/29/65 1258/30/65 1259/31/65 1257/32/65
f 1261/33/1 1259/34/1 1258/35/1 1260/30/1
f 1260/157/2 1262/158/2 1263/159/2 1261/34/2
f 1261/36/4 1263/37/4 1257/38/4 1259/39/4
f 1267/41/65 1264/42/65 1265/43/65 1268/40/65
f 1269/11/4 1266/12/4 1264/44/4 1267/10/4
f 1269/12/1 1267/9/1 1268/10/1 1270/11/1
f 1270/43/2 1271/11/2 1266/12/2 1269/42/2
f 1274/10/65 1272/13/65 1273/12/65 1275/9/65
f 1276/10/1 1274/13/1 1275/12/1 1277/9/1
f 1277/12/2 1279/42/2 1278/43/2 1276/11/2
f 1281/14/65 1280/15/65 1282/16/65 1283/17/65
f 1286/22/1 1281/23/1 1283/24/1 1284/21/1
f 1287/22/2 1286/154/2 1284/155/2 1285/156/2
f 1288/29/65 1290/30/65 1291/31/65 1289/32/65
f 1293/33/1 1291/34/1 1290/35/1 1292/30/1
f 1292/157/2 1294/158/2 1295/159/2 1293/34/2
f 1293/36/4 1295/37/4 1289/38/4 1291/39/4
f 1299/41/65 1296/42/65 1297/43/65 1300/40/65
f 1301/11/4 1298/12/4 1296/44/4 1299/10/4
f 1301/12/1 1299/9/1 1300/10/1 1302/11/1
f 1302/43/2 1303/11/2 1298/12/2 1301/42/2
f 1306/10/65 1304/13/65 1305/12/65 1307/9/65
f 1308/10/1 1306/13/1 1307/12/1 1309/9/1
f 1309/12/2 1311/42/2 1310/43/2 1308/11/2
f 1313/14/65 1312/15/65 1314/16/65 1315/17/65
f 1318/22/1 1313/23/1 1315/24/1 1316/21/1
f 1319/22/2 1318/154/2 1316/155/2 1317/156/2
f 1320/29/65 1322/30/65 1323/31/65 1321/32/65
f 1325/33/1 1323/34/1 1322/35/1 1324/30/1
f 1324/157/2 1326/158/2 1327/159/2 1325/34/2
f 1325/36/4 1327/37/4 1321/38/4 1323/39/4
f 1331/41/65 1328/42/65 1329/43/65 1332/40/65
f 1333/11/4 1330/12/4 1328/44/4 1331/10/4
f 1333/12/1 1331/9/1 1332/10/1 1334/11/1
f 1334/43/2 1335/11/2 1330/12/2 1333/42/2
f 1338/10/65 1336/13/65 1337/12/65 1339/9/65
f 1340/10/1 1338/13/1 1339/12/1 1341/9/1
f 1341/12/2 1343/42/2 1342/43/2 1340/11/2
f 1345/14/65 1344/15/65 1346/16/65 1347/17/65
f 1350/22/1 1345/23/1 1347/24/1 1348/21/1
f 1351/22/2 1350/154/2 1348/155/2 1349/156/2
f 1352/29/65 1354/30/65 1355/31/65 1353/32/65
f 1357/33/1 1355/34/1 1354/35/1 1356/30/1
f 1356/157/2 1358/158/2 1359/159/2 1357/34/2
f 1357/36/4 1359/37/4 1353/38/4 1355/39/4
f 1363/41/65 1360/42/65 1361/43/65 1364/40/65
f 1365/11/4 1362/12/4 1360/44/4 1363/10/4
f 1365/12/1 1363/9/1 1364/10/1 1366/11/1
f 1366/43/2 1367/11/2 1362/12/2 1365/42/2
f 1370/10/65 1368/13/65 1369/12/65 1371/9/65
f 1372/10/1 1370/13/1 1371/12/1 1373/9/1
f 1373/12/2 1375/42/2 1374/43/2 1372/11/2
f 1377/14/65 1376/15/65 1378/16/65 1379/17/65
f 1382/22/1 1377/23/1 1379/24/1 1380/21/1
f 1383/22/2 1382/154/2 1380/155/2 1381/156/2
f 1384/29/65 1386/30/65 1387/31/65 1385/32/65
f 1389/33/1 1387/34/1 1386/35/1 1388/30/1
f 1388/157/2 1390/158/2 1391/159/2 1389/34/2
f 1389/36/4 1391/37/4 1385/38/4 1387/39/4
f 1395/41/65 1392/42/65 1393/43/65 1396/40/65
f 1397/11/4 1394/12/4 1392/44/4 1395/10/4
f 1397/12/1 1395/9/1 1396/10/1 1398/11/1
f 1398/43/2 1399/11/2 1394/12/2 1397/42/2
f 1402/10/65 1400/13/65 1401/12/65 1403/9/65
f 1404/10/1 1402/13/1 1403/12/1 1405/9/1
f 1405/12/2 1407/42/2 1406/43/2 1404/11/2
f 1409/14/65 1408/15/65 1410/16/65 1411/17/65
f 1414/22/1 1409/23/1 1411/24/1 1412/21/1
f 1415/22/2 1414/154/2 1412/155/2 1413/156/2
f 1416/29/65 1418/30/65 1419/31/65 1417/32/65
f 1421/33/1 1419/34/1 1418/35/1 1420/30/1
f 1420/157/2 1422/158/2 1423/159/2 1421/34/2
f 1421/36/4 1423/37/4 1417/38/4 1419/39/4
f 1427/41/65 1424/42/65 1425/43/65 1428/40/65
f 1429/11/4 1426/12/4 1424/44/4 1427/10/4
f 1429/12/1 1427/9/1 1428/10/1 1430/11/1
f 1430/43/2 1431/11/2 1426/12/2 1429/42/2
f 1434/10/65 1432/13/65 1433/12/65 1435/9/65
f 1436/10/1 1434/13/1 1435/12/1 1437/9/1
f 1437/12/2 1439/42/2 1438/43/2 1436/11/2
f 1441/14/65 1440/15/65 1442/16/65 1443/17/65
f 1446/22/1 1441/23/1 1443/24/1 1444/21/1
f 1447/22/2 1446/154/2 1444/155/2 1445/156/2
f 1448/29/65 1450/30/65 1451/31/65 1449/32/65
f 1453/33/1 1451/34/1 1450/35/1 1452/30/1
f 1452/157/2 1454/158/2 1455/159/2 1453/34/2
f 1453/36/4 1455/37/4 1449/38/4 1451/39/4
f 1459/41/65 1456/42/65 1457/43/65 1460/40/65
f 1461/11/4 1458/12/4 1456/44/4 1459/10/4
f 1461/12/1 1459/9/1 1460/10/1 1462/11/1
f 1462/43/2 1463/11/2 1458/12/2 1461/42/2
s 1
f 1466/53/66 1468/54/66 1465/55/67 1464/56/67
f 1467/57/68 1469/58/68 1468/54/66 1466/53/66
f 1472/59/69 1470/60/69 1469/58/68 1467/57/68
f 1473/61/70 1471/62/70 1470/60/69 1472/59/69
f 1474/63/71 1475/64/71 1471/62/70 1473/61/70
f 1475/64/65 1474/63/65 1476/65/65 1477/66/65
f 1480/53/66 1482/54/66 1479/55/67 1478/56/67
f 1481/57/68 1483/58/68 1482/54/66 1480/53/66
f 1486/59/69 1484/60/69 1483/58/68 1481/57/68
f 1487/61/70 1485/62/70 1484/60/69 1486/59/69
f 1488/63/71 1489/64/71 1485/62/70 1487/61/70
f 1489/64/65 1488/63/65 1490/65/65 1491/66/65
f 1493/79/67 1492/80/67 1494/81/66 1495/82/66
f 1495/82/66 1494/81/66 1496/83/68 1497/84/72
f 1497/84/72 1496/83/68 1498/85/69 1500/86/73
f 1500/86/73 1498/85/69 1499/87/74 1501/88/75
f 1501/87/75 1505/89/76 1502/90/77 1500/85/73
f 1500/85/73 1502/90/77 1504/91/78 1497/92/72
f 1505/89/76 1506/93/79 1503/94/80 1502/90/77
f 1502/90/77 1503/94/80 1515/95/81 1504/91/78
f 1508/96/82 1507/97/83 1505/89/76 1501/87/75
f 1507/97/83 1509/98/84 1506/93/79 1505/89/76
f 1507/97/65 1508/96/65 1511/99/65 1510/100/65
f 1509/98/65 1507/97/65 1510/100/65 1512/101/65
f 1508/102/65 1514/103/65 1513/104/65 1511/105/65
f 1501/88/75 1499/87/74 1514/103/85 1508/102/82
f 1497/92/72 1504/91/78 1516/106/66 1495/107/66
f 1504/91/78 1515/95/81 1517/108/86 1516/106/66
f 1495/107/66 1516/106/66 1517/108/86 1493/80/67
f 1523/109/48 1519/110/49 1518/111/51 1521/112/50
f 1519/113/49 1538/114/34 1520/115/87 1518/116/51
f 1524/117/32 1523/109/48 1521/112/50 1522/118/88
f 1524/117/32 1526/119/42 1525/120/47 1523/109/48
f 1523/109/48 1525/120/47 1528/121/46 1519/110/49
f 1525/120/47 1526/119/42 1535/122/43 1527/123/45
f 1528/121/46 1525/120/47 1527/123/45 1530/124/44
f 1519/113/49 1528/125/46 1529/126/36 1538/114/34
f 1529/126/36 1528/125/46 1530/127/44 1531/128/39
f 1531/129/39 1530/130/44 1532/131/41 1534/132/40
f 1532/131/41 1530/130/44 1527/124/45 1535/133/43
f 1526/119/42 1533/134/38 1532/135/41 1535/122/43
f 1533/134/38 1536/136/37 1534/137/40 1532/135/41
f 1536/136/37 1529/126/36 1531/128/39 1534/137/40
f 1538/114/34 1529/126/36 1536/136/37 1537/138/28
f 1537/138/28 1536/136/37 1533/134/38 1540/139/29
f 1538/114/34 1537/138/28 1539/140/31 1520/115/87
f 1537/138/28 1540/139/29 1541/141/89 1539/140/31
f 1540/139/29 1524/117/32 1522/118/88 1541/141/89
f 1540/139/29 1533/134/38 1526/119/42 1524/117/32
f 1544/142/66 1567/107/66 1543/143/67 1542/144/67
f 1545/108/86 1547/106/90 1544/107/66 1542/80/67
f 1546/95/91 1548/91/92 1547/106/90 1545/108/86
f 1548/91/92 1549/92/72 1544/107/66 1547/106/90
f 1551/94/93 1550/90/94 1548/91/92 1546/95/91
f 1550/90/94 1552/85/95 1549/92/72 1548/91/92
f 1554/93/96 1553/89/97 1550/90/94 1551/94/93
f 1553/89/97 1555/87/98 1552/85/95 1550/90/94
f 1557/145/99 1556/97/100 1553/89/97 1554/93/96
f 1556/97/100 1558/146/101 1555/87/98 1553/89/97
f 1556/97/65 1557/145/65 1560/147/65 1559/100/65
f 1558/146/65 1556/97/65 1559/100/65 1561/99/65
f 1563/103/65 1558/148/65 1561/149/65 1562/104/65
f 1558/148/101 1563/103/102 1564/87/103 1555/150/98
f 1555/150/98 1564/87/103 1565/151/69 1552/152/95
f 1552/152/95 1565/151/69 1566/92/68 1549/153/72
f 1549/153/72 1566/92/68 1567/107/66 1544/142/66
s 0
f 1570/45/1 1571/46/1 1569/47/1 1568/48/1
f 1571/49/4 1570/50/4 1572/51/4 1574/52/4
f 1573/51/1 1575/52/1 1574/49/1 1572/50/1
f 1578/45/1 1579/46/1 1577/47/1 1576/48/1
f 1579/49/4 1578/50/4 1580/51/4 1582/52/4
f 1581/51/1 1583/52/1 1582/49/1 1580/50/1
f 1586/45/1 1587/46/1 1585/47/1 1584/48/1
f 1587/49/4 1586/50/4 1588/51/4 1590/52/4
f 1589/51/1 1591/52/1 1590/49/1 1588/50/1
f 1594/45/1 1595/46/1 1593/47/1 1592/48/1
f 1595/49/4 1594/50/4 1596/51/4 1598/52/4
f 1597/51/1 1599/52/1 1598/49/1 1596/50/1
f 1601/70/1 1600/71/1 1602/72/1 1603/73/1
f 1644/1/1 1646/2/1 1647/3/1 1645/4/1
f 1672/1/1 1674/2/1 1675/3/1 1673/4/1
f 1708/1/1 1710/2/1 1711/3/1 1709/4/1
f 1755/1/1 1757/2/1 1758/3/1 1756/4/1
f 1791/1/1 1793/2/1 1794/3/1 1792/4/1
f 1868/70/1 1867/71/1 1869/72/1 1870/73/1
f 1898/70/1 1897/71/1 1899/72/1 1900/73/1
f 1931/1/1 1933/2/1 1934/3/1 1932/4/1
f 1936/70/1 1935/71/1 1937/72/1 1938/73/1
f 1940/70/1 1939/71/1 1941/72/1 1942/73/1
f 1944/70/1 1943/71/1 1945/72/1 1946/73/1
f 2050/70/1 2049/71/1 2051/72/1 2052/73/1
s 1
f 2054/79/104 2053/80/104 2055/81/105 2056/82/105
f 2056/82/105 2055/81/105 2057/83/106 2058/84/107
f 2058/84/107 2057/83/106 2059/85/108 2061/86/109
f 2061/86/109 2059/85/108 2060/87/110 2062/88/111
f 2062/87/111 2066/89/112 2063/90/113 2061/85/109
f 2061/85/109 2063/90/113 2065/91/114 2058/92/107
f 2066/89/112 2067/93/115 2064/94/116 2063/90/113
f 2063/90/113 2064/94/116 2076/95/117 2065/91/114
f 2069/96/118 2068/97/119 2066/89/112 2062/87/111
f 2068/97/119 2070/98/120 2067/93/115 2066/89/112
f 2068/97/1 2069/96/1 2072/99/1 2071/100/1
f 2070/98/1 2068/97/1 2071/100/1 2073/101/1
f 2069/102/1 2075/103/1 2074/104/1 2072/105/1
f 2062/88/111 2060/87/110 2075/103/121 2069/102/118
f 2058/92/107 2065/91/114 2077/106/122 2056/107/105
f 2065/91/114 2076/95/117 2078/108/123 2077/106/122
f 2056/107/105 2077/106/122 2078/108/123 2054/80/104
f 2084/109/124 2080/110/125 2079/111/126 2082/112/127
f 2080/113/125 2099/114/128 2081/115/129 2079/116/126
f 2085/117/130 2084/109/124 2082/112/127 2083/118/131
f 2085/117/130 2087/119/132 2086/120/133 2084/109/124
f 2084/109/124 2086/120/133 2089/121/134 2080/110/125
f 2086/120/133 2087/119/132 2096/122/135 2088/123/136
f 2089/121/134 2086/120/133 2088/123/136 2091/124/137
f 2080/113/125 2089/125/134 2090/126/138 2099/114/128
f 2090/126/138 2089/125/134 2091/127/137 2092/128/139
f 2092/129/139 2091/130/137 2093/131/140 2095/132/141
f 2093/131/140 2091/130/137 2088/124/136 2096/133/135
f 2087/119/132 2094/134/142 2093/135/140 2096/122/135
f 2094/134/142 2097/136/143 2095/137/141 2093/135/140
f 2097/136/143 2090/126/138 2092/128/139 2095/137/141
f 2099/114/128 2090/126/138 2097/136/143 2098/138/144
f 2098/138/144 2097/136/143 2094/134/142 2101/139/145
f 2099/114/128 2098/138/144 2100/140/146 2081/115/129
f 2098/138/144 2101/139/145 2102/141/147 2100/140/146
f 2101/139/145 2085/117/130 2083/118/131 2102/141/147
f 2101/139/145 2094/134/142 2087/119/132 2085/117/130
s 0
f 2104/9/65 2103/10/65 2105/11/65 2110/12/65
f 2106/10/1 2103/13/1 2104/12/1 2107/9/1
f 2108/10/2 2106/13/2 2107/12/2 2109/9/2
f 2109/12/3 2110/42/3 2105/43/3 2108/11/3
f 2112/14/1 2111/15/1 2114/16/1 2115/17/1
f 2111/18/65 2113/19/65 2116/20/65 2114/21/65
f 2113/22/3 2118/154/3 2117/155/3 2116/156/3
f 2118/22/2 2112/23/2 2115/24/2 2117/21/2
f 2121/25/65 2119/26/65 2120/27/65 2126/28/65
f 2119/29/1 2122/30/1 2123/31/1 2120/32/1
f 2125/33/2 2123/34/2 2122/35/2 2124/30/2
f 2124/157/3 2121/158/3 2126/159/3 2125/34/3
f 2125/36/4 2126/37/4 2120/38/4 2123/39/4
f 2128/40/65 2127/41/65 2129/42/65 2134/43/65
f 2130/41/1 2127/42/1 2128/43/1 2131/40/1
f 2132/11/4 2129/12/4 2127/44/4 2130/10/4
f 2132/12/2 2130/9/2 2131/10/2 2133/11/2
f 2133/43/3 2134/11/3 2129/12/3 2132/42/3
f 2136/9/65 2135/10/65 2137/11/65 2142/12/65
f 2138/10/1 2135/13/1 2136/12/1 2139/9/1
f 2140/10/2 2138/13/2 2139/12/2 2141/9/2
f 2141/12/3 2142/42/3 2137/43/3 2140/11/3
f 2144/14/1 2143/15/1 2146/16/1 2147/17/1
f 2143/18/65 2145/19/65 2148/20/65 2146/21/65
f 2145/22/3 2150/154/3 2149/155/3 2148/156/3
f 2150/22/2 2144/23/2 2147/24/2 2149/21/2
f 2153/25/65 2151/26/65 2152/27/65 2158/28/65
f 2151/29/1 2154/30/1 2155/31/1 2152/32/1
f 2157/33/2 2155/34/2 2154/35/2 2156/30/2
f 2157/36/4 2158/37/4 2152/38/4 2155/39/4
f 2160/40/65 2159/41/65 2161/42/65 2166/43/65
f 2162/41/1 2159/42/1 2160/43/1 2163/40/1
f 2164/11/4 2161/12/4 2159/44/4 2162/10/4
f 2164/12/2 2162/9/2 2163/10/2 2165/11/2
f 2165/43/3 2166/11/3 2161/12/3 2164/42/3
f 2168/9/65 2167/10/65 2169/11/65 2174/12/65
f 2170/10/1 2167/13/1 2168/12/1 2171/9/1
f 2172/10/2 2170/13/2 2171/12/2 2173/9/2
f 2173/12/3 2174/42/3 2169/43/3 2172/11/3
f 2176/14/1 2175/15/1 2178/16/1 2179/17/1
f 2175/18/65 2177/19/65 2180/20/65 2178/21/65
f 2177/22/3 2182/154/3 2181/155/3 2180/156/3
f 2182/22/2 2176/23/2 2179/24/2 2181/21/2
f 2185/25/65 2183/26/65 2184/27/65 2190/28/65
f 2183/29/1 2186/30/1 2187/31/1 2184/32/1
f 2189/33/2 2187/34/2 2186/35/2 2188/30/2
f 2188/157/3 2185/158/3 2190/159/3 2189/34/3
f 2189/36/4 2190/37/4 2184/38/4 2187/39/4
f 2192/40/65 2191/41/65 2193/42/65 2198/43/65
f 2194/41/1 2191/42/1 2192/43/1 2195/40/1
f 2196/11/4 2193/12/4 2191/44/4 2194/10/4
f 2196/12/2 2194/9/2 2195/10/2 2197/11/2
f 2197/43/3 2198/11/3 2193/12/3 2196/42/3
f 2200/9/65 2199/10/65 2201/11/65 2206/12/65
f 2202/10/1 2199/13/1 2200/12/1 2203/9/1
f 2204/10/2 2202/13/2 2203/12/2 2205/9/2
f 2205/12/3 2206/42/3 2201/43/3 2204/11/3
f 2208/14/1 2207/15/1 2210/16/1 2211/17/1
f 2207/18/65 2209/19/65 2212/20/65 2210/21/65
f 2209/22/3 2214/154/3 2213/155/3 2212/156/3
f 2214/22/2 2208/23/2 2211/24/2 2213/21/2
f 2215/29/1 2217/30/1 2218/31/1 2216/32/1
f 2220/33/2 2218/34/2 2217/35/2 2219/30/2
f 2220/36/4 2221/37/4 2216/38/4 2218/39/4
f 2223/40/65 2222/41/65 2224/42/65 2229/43/65
f 2225/41/1 2222/42/1 2223/43/1 2226/40/1
f 2227/11/4 2224/12/4 2222/44/4 2225/10/4
f 2227/12/2 2225/9/2 2226/10/2 2228/11/2
f 2228/43/3 2229/11/3 2224/12/3 2227/42/3
f 2231/9/65 2230/10/65 2232/11/65 2237/12/65
f 2233/10/1 2230/13/1 2231/12/1 2234/9/1
f 2235/10/2 2233/13/2 2234/12/2 2236/9/2
f 2236/12/3 2237/42/3 2232/43/3 2235/11/3
f 2239/14/1 2238/15/1 2241/16/1 2242/17/1
f 2238/18/65 2240/19/65 2243/20/65 2241/21/65
f 2240/22/3 2245/154/3 2244/155/3 2243/156/3
f 2245/22/2 2239/23/2 2242/24/2 2244/21/2
f 2246/29/1 2248/30/1 2249/31/1 2247/32/1
f 2251/33/2 2249/34/2 2248/35/2 2250/30/2
f 2250/157/3 2252/158/3 2253/159/3 2251/34/3
f 2251/36/4 2253/37/4 2247/38/4 2249/39/4
f 2255/40/65 2254/41/65 2256/42/65 2261/43/65
f 2257/41/1 2254/42/1 2255/43/1 2258/40/1
f 2259/11/4 2256/12/4 2254/44/4 2257/10/4
f 2259/12/2 2257/9/2 2258/10/2 2260/11/2
f 2260/43/3 2261/11/3 2256/12/3 2259/42/3
f 2263/9/65 2262/10/65 2264/11/65 2269/12/65
f 2265/10/1 2262/13/1 2263/12/1 2266/9/1
f 2267/10/2 2265/13/2 2266/12/2 2268/9/2
f 2268/12/3 2269/42/3 2264/43/3 2267/11/3
f 2271/14/1 2270/15/1 2273/16/1 2274/17/1
f 2270/18/65 2272/19/65 2275/20/65 2273/21/65
f 2272/22/3 2277/154/3 2276/155/3 2275/156/3
f 2277/22/2 2271/23/2 2274/24/2 2276/21/2
f 2278/29/1 2280/30/1 2281/31/1 2279/32/1
f 2283/33/2 2281/34/2 2280/35/2 2282/30/2
f 2283/36/4 2284/37/4 2279/38/4 2281/39/4
f 2286/40/65 2285/41/65 2287/42/65 2292/43/65
f 2288/41/1 2285/42/1 2286/43/1 2289/40/1
f 2290/11/4 2287/12/4 2285/44/4 2288/10/4
f 2290/12/2 2288/9/2 2289/10/2 2291/11/2
f 2291/43/3 2292/11/3 2287/12/3 2290/42/3
f 2294/9/65 2293/10/65 2295/11/65 2300/12/65
f 2296/10/1 2293/13/1 2294/12/1 2297/9/1
f 2298/10/2 2296/13/2 2297/12/2 2299/9/2
f 2299/12/3 2300/42/3 2295/43/3 2298/11/3
f 2302/14/1 2301/15/1 2304/16/1 2305/17/1
f 2301/18/65 2303/19/65 2306/20/65 2304/21/65
f 2303/22/3 2308/154/3 2307/155/3 2306/156/3
f 2308/22/2 2302/23/2 2305/24/2 2307/21/2
f 2309/29/1 2311/30/1 2312/31/1 2310/32/1
f 2314/33/2 2312/34/2 2311/35/2 2313/30/2
f 2314/36/4 2315/37/4 2310/38/4 2312/39/4
f 2317/40/65 2316/41/65 2318/42/65 2323/43/65
f 2319/41/1 2316/42/1 2317/43/1 2320/40/1
f 2321/11/4 2318/12/4 2316/44/4 2319/10/4
f 2321/12/2 2319/9/2 2320/10/2 2322/11/2
f 2322/43/3 2323/11/3 2318/12/3 2321/42/3
f 2325/9/65 2324/10/65 2326/11/65 2331/12/65
f 2327/10/1 2324/13/1 2325/12/1 2328/9/1
f 2329/10/2 2327/13/2 2328/12/2 2330/9/2
f 2330/12/3 2331/42/3 2326/43/3 2329/11/3
f 2333/14/1 2332/15/1 2335/16/1 2336/17/1
f 2332/18/65 2334/19/65 2337/20/65 2335/21/65
f 2334/22/3 2339/154/3 2338/155/3 2337/156/3
f 2339/22/2 2333/23/2 2336/24/2 2338/21/2
f 2340/29/1 2342/30/1 2343/31/1 2341/32/1
f 2345/33/2 2343/34/2 2342/35/2 2344/30/2
f 2345/36/4 2346/37/4 2341/38/4 2343/39/4
f 2348/40/65 2347/41/65 2349/42/65 2354/43/65
f 2350/41/1 2347/42/1 2348/43/1 2351/40/1
f 2352/11/4 2349/12/4 2347/44/4 2350/10/4
f 2352/12/2 2350/9/2 2351/10/2 2353/11/2
f 2353/43/3 2354/11/3 2349/12/3 2352/42/3
f 2356/9/65 2355/10/65 2357/11/65 2362/12/65
f 2358/10/1 2355/13/1 2356/12/1 2359/9/1
f 2360/10/2 2358/13/2 2359/12/2 2361/9/2
f 2361/12/3 2362/42/3 2357/43/3 2360/11/3
f 2364/14/1 2363/15/1 2366/16/1 2367/17/1
f 2363/18/65 2365/19/65 2368/20/65 2366/21/65
f 2365/22/3 2370/154/3 2369/155/3 2368/156/3
f 2370/22/2 2364/23/2 2367/24/2 2369/21/2
f 2371/29/1 2373/30/1 2374/31/1 2372/32/1
f 2376/33/2 2374/34/2 2373/35/2 2375/30/2
f 2375/157/3 2377/158/3 2378/159/3 2376/34/3
f 2376/36/4 2378/37/4 2372/38/4 2374/39/4
f 2380/40/65 2379/41/65 2381/42/65 2386/43/65
f 2382/41/1 2379/42/1 2380/43/1 2383/40/1
f 2384/11/4 2381/12/4 2379/44/4 2382/10/4
f 2384/12/2 2382/9/2 2383/10/2 2385/11/2
f 2385/43/3 2386/11/3 2381/12/3 2384/42/3
f 2388/9/65 2387/10/65 2389/11/65 2394/12/65
f 2390/10/1 2387/13/1 2388/12/1 2391/9/1
f 2392/10/2 2390/13/2 2391/12/2 2393/9/2
f 2393/12/3 2394/42/3 2389/43/3 2392/11/3
f 2396/14/1 2395/15/1 2398/16/1 2399/17/1
f 2395/18/65 2397/19/65 2400/20/65 2398/21/65
f 2397/22/3 2402/154/3 2401/155/3 2400/156/3
f 2402/22/2 2396/23/2 2399/24/2 2401/21/2
f 2403/29/1 2405/30/1 2406/31/1 2404/32/1
f 2408/33/2 2406/34/2 2405/35/2 2407/30/2
f 2408/36/4 2409/37/4 2404/38/4 2406/39/4
f 2411/40/65 2410/41/65 2412/42/65 2417/43/65
f 2413/41/1 2410/42/1 2411/43/1 2414/40/1
f 2415/11/4 2412/12/4 2410/44/4 2413/10/4
f 2415/12/2 2413/9/2 2414/10/2 2416/11/2
f 2416/43/3 2417/11/3 2412/12/3 2415/42/3
f 2419/9/65 2418/10/65 2420/11/65 2425/12/65
f 2421/10/1 2418/13/1 2419/12/1 2422/9/1
f 2423/10/2 2421/13/2 2422/12/2 2424/9/2
f 2424/12/3 2425/42/3 2420/43/3 2423/11/3
f 2427/14/1 2426/15/1 2429/16/1 2430/17/1
f 2426/18/65 2428/19/65 2431/20/65 2429/21/65
f 2428/22/3 2433/154/3 2432/155/3 2431/156/3
f 2433/22/2 2427/23/2 2430/24/2 2432/21/2
f 2434/29/1 2436/30/1 2437/31/1 2435/32/1
f 2439/33/2 2437/34/2 2436/35/2 2438/30/2
f 2439/36/4 2440/37/4 2435/38/4 2437/39/4
f 2442/40/65 2441/41/65 2443/42/65 2448/43/65
f 2444/41/1 2441/42/1 2442/43/1 2445/40/1
f 2446/11/4 2443/12/4 2441/44/4 2444/10/4
f 2446/12/2 2444/9/2 2445/10/2 2447/11/2
f 2447/43/3 2448/11/3 2443/12/3 2446/42/3
f 2450/9/65 2449/10/65 2451/11/65 2456/12/65
f 2452/10/1 2449/13/1 2450/12/1 2453/9/1
f 2454/10/2 2452/13/2 2453/12/2 2455/9/2
f 2455/12/3 2456/42/3 2451/43/3 2454/11/3
f 2458/14/1 2457/15/1 2460/16/1 2461/17/1
f 2457/18/65 2459/19/65 2462/20/65 2460/21/65
f 2459/22/3 2464/154/3 2463/155/3 2462/156/3
f 2464/22/2 2458/23/2 2461/24/2 2463/21/2
f 2465/29/1 2467/30/1 2468/31/1 2466/32/1
f 2470/33/2 2468/34/2 2467/35/2 2469/30/2
f 2470/36/4 2471/37/4 2466/38/4 2468/39/4
f 2473/40/65 2472/41/65 2474/42/65 2479/43/65
f 2475/41/1 2472/42/1 2473/43/1 2476/40/1
f 2477/11/4 2474/12/4 2472/44/4 2475/10/4
f 2477/12/2 2475/9/2 2476/10/2 2478/11/2
f 2478/43/3 2479/11/3 2474/12/3 2477/42/3
f 2481/9/65 2480/10/65 2482/11/65 2487/12/65
f 2483/10/1 2480/13/1 2481/12/1 2484/9/1
f 2485/10/2 2483/13/2 2484/12/2 2486/9/2
f 2486/12/3 2487/42/3 2482/43/3 2485/11/3
f 2489/14/1 2488/15/1 2491/16/1 2492/17/1
f 2488/18/65 2490/19/65 2493/20/65 2491/21/65
f 2490/22/3 2495/154/3 2494/155/3 2493/156/3
f 2495/22/2 2489/23/2 2492/24/2 2494/21/2
f 2496/29/1 2498/30/1 2499/31/1 2497/32/1
f 2501/33/2 2499/34/2 2498/35/2 2500/30/2
f 2500/157/3 2502/158/3 2503/159/3 2501/34/3
f 2501/36/4 2503/37/4 2497/38/4 2499/39/4
f 2505/40/65 2504/41/65 2506/42/65 2511/43/65
f 2507/41/1 2504/42/1 2505/43/1 2508/40/1
f 2509/11/4 2506/12/4 2504/44/4 2507/10/4
f 2509/12/2 2507/9/2 2508/10/2 2510/11/2
f 2510/43/3 2511/11/3 2506/12/3 2509/42/3
f 2513/9/65 2512/10/65 2514/11/65 2519/12/65
f 2515/10/1 2512/13/1 2513/12/1 2516/9/1
f 2517/10/2 2515/13/2 2516/12/2 2518/9/2
f 2518/12/3 2519/42/3 2514/43/3 2517/11/3
f 2521/14/1 2520/15/1 2523/16/1 2524/17/1
f 2520/18/65 2522/19/65 2525/20/65 2523/21/65
f 2522/22/3 2527/154/3 2526/155/3 2525/156/3
f 2527/22/2 2521/23/2 2524/24/2 2526/21/2
f 2530/25/65 2528/26/65 2529/27/65 2535/28/65
f 2528/29/1 2531/30/1 2532/31/1 2529/32/1
f 2534/33/2 2532/34/2 2531/35/2 2533/30/2
f 2534/36/4 2535/37/4 2529/38/4 2532/39/4
f 2537/40/65 2536/41/65 2538/42/65 2543/43/65
f 2539/41/1 2536/42/1 2537/43/1 2540/40/1
f 2541/11/4 2538/12/4 2536/44/4 2539/10/4
f 2541/12/2 2539/9/2 2540/10/2 2542/11/2
f 2542/43/3 2543/11/3 2538/12/3 2541/42/3
s 1
f 2546/53/105 2548/54/105 2545/55/104 2544/56/104
f 2547/57/106 2549/58/106 2548/54/105 2546/53/105
f 2552/59/108 2550/60/108 2549/58/106 2547/57/106
f 2553/61/148 2551/62/148 2550/60/108 2552/59/108
f 2554/63/149 2555/64/149 2551/62/148 2553/61/148
f 2555/64/1 2554/63/1 2556/65/1 2557/66/1
f 2560/53/105 2562/54/105 2559/55/104 2558/56/104
f 2561/57/106 2563/58/106 2562/54/105 2560/53/105
f 2566/59/108 2564/60/108 2563/58/106 2561/57/106
f 2567/61/148 2565/62/148 2564/60/108 2566/59/108
f 2568/63/149 2569/64/149 2565/62/148 2567/61/148
f 2569/64/1 2568/63/1 2570/65/1 2571/66/1
f 2574/142/105 2597/107/105 2573/143/104 2572/144/104
f 2575/108/123 2577/106/105 2574/107/105 2572/80/104
f 2576/95/150 2578/91/151 2577/106/105 2575/108/123
f 2578/91/151 2579/92/107 2574/107/105 2577/106/105
f 2581/94/152 2580/90/153 2578/91/151 2576/95/150
f 2580/90/153 2582/85/154 2579/92/107 2578/91/151
f 2584/93/155 2583/89/156 2580/90/153 2581/94/152
f 2583/89/156 2585/87/157 2582/85/154 2580/90/153
f 2587/145/158 2586/97/159 2583/89/156 2584/93/155
f 2586/97/159 2588/146/160 2585/87/157 2583/89/156
f 2586/97/1 2587/145/1 2590/147/1 2589/100/1
f 2588/146/1 2586/97/1 2589/100/1 2591/99/1
f 2593/103/1 2588/148/1 2591/149/1 2592/104/1
f 2588/148/160 2593/103/161 2594/87/162 2585/150/157
f 2585/150/157 2594/87/162 2595/151/108 2582/152/154
f 2582/152/154 2595/151/108 2596/92/106 2579/153/107
f 2579/153/107 2596/92/106 2597/107/105 2574/142/105
f 2599/79/163 2598/80/163 2600/81/164 2601/82/164
f 2601/82/164 2600/81/164 2602/83/165 2603/84/166
f 2603/84/166 2602/83/165 2604/85/167 2606/86/168
f 2606/86/168 2604/85/167 2605/87/169 2607/88/170
f 2607/87/170 2611/89/171 2608/90/172 2606/85/168
f 2606/85/168 2608/90/172 2610/91/173 2603/92/166
f 2611/89/171 2612/93/174 2609/94/175 2608/90/172
f 2608/90/172 2609/94/175 2621/95/176 2610/91/173
f 2614/96/177 2613/97/178 2611/89/171 2607/87/170
f 2613/97/178 2615/98/179 2612/93/174 2611/89/171
f 2613/97/3 2614/96/3 2617/99/3 2616/100/3
f 2615/98/3 2613/97/3 2616/100/3 2618/101/3
f 2614/102/3 2620/103/3 2619/104/3 2617/105/3
f 2607/88/170 2605/87/169 2620/103/180 2614/102/177
f 2603/92/166 2610/91/173 2622/106/164 2601/107/164
f 2610/91/173 2621/95/176 2623/108/181 2622/106/164
f 2601/107/164 2622/106/164 2623/108/181 2599/80/163
f 2629/109/144 2625/110/145 2624/111/147 2627/112/146
f 2625/113/145 2644/114/130 2626/115/131 2624/116/147
f 2630/117/128 2629/109/144 2627/112/146 2628/118/129
f 2630/117/128 2632/119/138 2631/120/143 2629/109/144
f 2629/109/144 2631/120/143 2634/121/142 2625/110/145
f 2631/120/143 2632/119/138 2641/122/139 2633/123/141
f 2634/121/142 2631/120/143 2633/123/141 2636/124/140
f 2625/113/145 2634/125/142 2635/126/132 2644/114/130
f 2635/126/132 2634/125/142 2636/127/140 2637/128/135
f 2637/129/135 2636/130/140 2638/131/137 2640/132/136
f 2638/131/137 2636/130/140 2633/124/141 2641/133/139
f 2632/119/138 2639/134/134 2638/135/137 2641/122/139
f 2639/134/134 2642/136/133 2640/137/136 2638/135/137
f 2642/136/133 2635/126/132 2637/128/135 2640/137/136
f 2644/114/130 2635/126/132 2642/136/133 2643/138/124
f 2643/138/124 2642/136/133 2639/134/134 2646/139/125
f 2644/114/130 2643/138/124 2645/140/127 2626/115/131
f 2643/138/124 2646/139/125 2647/141/126 2645/140/127
f 2646/139/125 2630/117/128 2628/118/129 2647/141/126
f 2646/139/125 2639/134/134 2632/119/138 2630/117/128
f 2650/53/164 2652/54/164 2649/55/163 2648/56/163
f 2651/57/165 2653/58/165 2652/54/164 2650/53/164
f 2656/59/167 2654/60/167 2653/58/165 2651/57/165
f 2657/61/182 2655/62/182 2654/60/167 2656/59/167
f 2658/63/183 2659/64/183 2655/62/182 2657/61/182
f 2659/64/3 2658/63/3 2660/65/3 2661/66/3
f 2664/53/164 2666/54/164 2663/55/163 2662/56/163
f 2665/57/165 2667/58/165 2666/54/164 2664/53/164
f 2670/59/167 2668/60/167 2667/58/165 2665/57/165
f 2671/61/182 2669/62/182 2668/60/167 2670/59/167
f 2672/63/183 2673/64/183 2669/62/182 2671/61/182
f 2673/64/3 2672/63/3 2674/65/3 2675/66/3
f 2678/142/164 2701/107/164 2677/143/163 2676/144/163
f 2679/108/181 2681/106/164 2678/107/164 2676/80/163
f 2680/95/184 2682/91/185 2681/106/164 2679/108/181
f 2682/91/185 2683/92/166 2678/107/164 2681/106/164
f 2685/94/186 2684/90/187 2682/91/185 2680/95/184
f 2684/90/187 2686/85/188 2683/92/166 2682/91/185
f 2688/93/189 2687/89/190 2684/90/187 2685/94/186
f 2687/89/190 2689/87/191 2686/85/188 2684/90/187
f 2691/145/192 2690/97/193 2687/89/190 2688/93/189
f 2690/97/193 2692/146/194 2689/87/191 2687/89/190
f 2690/97/3 2691/145/3 2694/147/3 2693/100/3
f 2692/146/3 2690/97/3 2693/100/3 2695/99/3
f 2697/103/3 2692/148/3 2695/149/3 2696/104/3
f 2692/148/194 2697/103/195 2698/87/196 2689/150/191
f 2689/150/191 2698/87/196 2699/151/167 2686/152/188
f 2686/152/188 2699/151/167 2700/92/165 2683/153/166
f 2683/153/166 2700/92/165 2701/107/164 2678/142/164
s 0
usemtl Material.002
f 1/1/1 3/2/1 6/3/1 2/4/1
f 6/5/2 3/6/2 5/7/2 4/8/2
f 891/1/2 893/2/2 894/3/2 892/4/2
f 894/5/3 893/6/3 895/7/3 896/8/3
f 933/1/2 935/2/2 936/3/2 934/4/2
f 936/5/3 935/6/3 937/7/3 938/8/3
f 934/77/4 936/78/4 938/69/4 939/6/4
f 1744/1/1 1746/2/1 1747/3/1 1745/4/1
f 1748/1/1 1750/2/1 1751/3/1 1749/4/1
f 1751/5/2 1750/6/2 1752/7/2 1753/8/2
f 1749/77/4 1751/78/4 1753/69/4 1754/6/4
f 1775/1/1 1777/2/1 1778/3/1 1776/4/1
f 1811/1/1 1813/2/1 1814/3/1 1812/4/1
f 1812/77/4 1814/78/4 1815/69/4 1816/6/4
f 1871/1/1 1873/2/1 1876/3/1 1872/4/1
f 1871/74/65 1872/6/65 1875/75/65 1874/76/65
f 1877/1/1 1879/2/1 1880/3/1 1878/4/1
f 1979/1/1 1981/2/1 1982/3/1 1980/4/1
f 1982/5/2 1981/6/2 1983/7/2 1984/8/2
f 1985/1/1 1987/2/1 1990/3/1 1986/4/1
f 1985/74/65 1986/6/65 1989/75/65 1988/76/65
f 1990/5/2 1987/6/2 1991/7/2 1992/8/2
usemtl Material.007
f 551/74/1 552/6/1 554/75/1 553/76/1
f 557/5/3 558/6/3 556/7/3 555/8/3
f 563/74/1 564/6/1 566/75/1 565/76/1
f 569/5/3 570/6/3 568/7/3 567/8/3
f 575/74/1 576/6/1 578/75/1 577/76/1
f 576/77/4 581/78/4 579/69/4 578/6/4
f 581/5/3 582/6/3 580/7/3 579/8/3
f 591/74/1 592/6/1 594/75/1 593/76/1
f 599/74/1 600/6/1 602/75/1 601/76/1
f 651/74/1 652/6/1 654/75/1 653/76/1
f 687/74/1 688/6/1 690/75/1 689/76/1
f 779/74/1 780/6/1 782/75/1 781/76/1
f 885/5/3 886/6/3 884/7/3 883/8/3
f 1833/77/4 1835/78/4 1836/69/4 1834/6/4
f 1835/5/2 1837/6/2 1838/7/2 1836/8/2
f 1845/5/2 1846/6/2 1844/7/2 1843/8/2
f 1901/74/65 1902/6/65 1904/75/65 1903/76/65
f 1921/77/4 1923/78/4 1924/69/4 1922/6/4
f 1923/5/2 1925/6/2 1926/7/2 1924/8/2
usemtl Material.057
f 560/70/2 559/71/2 561/72/2 562/73/2
f 572/70/2 571/71/2 573/72/2 574/73/2
f 584/70/2 583/71/2 585/72/2 586/73/2
f 596/70/2 595/71/2 597/72/2 598/73/2
f 604/70/2 603/71/2 605/72/2 606/73/2
f 656/70/2 655/71/2 657/72/2 658/73/2
f 692/70/2 691/71/2 693/72/2 694/73/2
f 784/70/2 783/71/2 785/72/2 786/73/2
f 888/70/2 887/71/2 889/72/2 890/73/2
f 1840/70/1 1839/71/1 1841/72/1 1842/73/1
f 1848/70/1 1847/71/1 1849/72/1 1850/73/1
f 1906/70/1 1905/71/1 1907/72/1 1908/73/1
f 1910/70/1 1909/71/1 1911/72/1 1912/73/1
f 1928/70/1 1927/71/1 1929/72/1 1930/73/1
usemtl Material.019
f 515/1/1 517/2/1 518/3/1 516/4/1
f 623/1/1 625/2/1 626/3/1 624/4/1
f 695/1/1 697/2/1 698/3/1 696/4/1
f 703/1/1 705/2/1 706/3/1 704/4/1
f 767/1/1 769/2/1 770/3/1 768/4/1
f 787/1/1 789/2/1 790/3/1 788/4/1
f 839/1/1 841/2/1 842/3/1 840/4/1
f 1684/1/65 1686/2/65 1687/3/65 1685/4/65
f 1712/1/65 1714/2/65 1715/3/65 1713/4/65
usemtl Material.022
f 519/1/3 521/2/3 522/3/3 520/4/3
f 711/1/3 713/2/3 714/3/3 712/4/3
f 791/1/3 793/2/3 794/3/3 792/4/3
f 827/1/3 829/2/3 830/3/3 828/4/3
f 843/1/3 845/2/3 846/3/3 844/4/3
f 851/1/3 853/2/3 854/3/3 852/4/3
f 1716/1/2 1718/2/2 1719/3/2 1717/4/2
f 1795/1/2 1797/2/2 1798/3/2 1796/4/2
usemtl Material.027
f 523/67/4 524/68/4 526/69/4 525/6/4
f 627/67/4 628/68/4 630/69/4 629/6/4
f 771/67/4 772/68/4 774/69/4 773/6/4
f 831/67/4 832/68/4 834/69/4 833/6/4
f 855/67/4 856/68/4 858/69/4 857/6/4
f 1720/67/4 1721/68/4 1723/69/4 1722/6/4
usemtl Material.058
f 528/70/2 527/71/2 529/72/2 530/73/2
f 632/70/2 631/71/2 633/72/2 634/73/2
f 700/70/2 699/71/2 701/72/2 702/73/2
f 708/70/2 707/71/2 709/72/2 710/73/2
f 716/70/2 715/71/2 717/72/2 718/73/2
f 776/70/2 775/71/2 777/72/2 778/73/2
f 796/70/2 795/71/2 797/72/2 798/73/2
f 836/70/2 835/71/2 837/72/2 838/73/2
f 848/70/2 847/71/2 849/72/2 850/73/2
f 860/70/2 859/71/2 861/72/2 862/73/2
f 1689/70/1 1688/71/1 1690/72/1 1691/73/1
f 1725/70/1 1724/71/1 1726/72/1 1727/73/1
f 1800/70/1 1799/71/1 1801/72/1 1802/73/1
usemtl Material.020
f 535/1/1 537/2/1 538/3/1 536/4/1
f 607/1/1 609/2/1 610/3/1 608/4/1
f 635/1/1 637/2/1 638/3/1 636/4/1
f 743/1/1 745/2/1 746/3/1 744/4/1
f 799/1/1 801/2/1 802/3/1 800/4/1
f 1628/1/65 1630/2/65 1631/3/65 1629/4/65
f 1728/1/65 1730/2/65 1731/3/65 1729/4/65
f 1851/1/65 1853/2/65 1854/3/65 1852/4/65
f 1947/1/65 1949/2/65 1950/3/65 1948/4/65
f 1993/1/65 1995/2/65 1996/3/65 1994/4/65
usemtl Material.026
f 539/1/2 541/2/2 542/3/2 540/4/2
f 611/1/2 613/2/2 614/3/2 612/4/2
f 639/1/2 641/2/2 642/3/2 640/4/2
f 747/1/2 749/2/2 750/3/2 748/4/2
f 803/1/2 805/2/2 806/3/2 804/4/2
f 871/1/2 873/2/2 874/3/2 872/4/2
f 897/1/2 899/2/2 900/3/2 898/4/2
f 905/1/2 907/2/2 908/3/2 906/4/2
f 1632/1/1 1634/2/1 1635/3/1 1633/4/1
f 1732/1/1 1734/2/1 1735/3/1 1733/4/1
f 1779/1/1 1781/2/1 1782/3/1 1780/4/1
f 1855/1/1 1857/2/1 1858/3/1 1856/4/1
f 1913/1/1 1915/2/1 1916/3/1 1914/4/1
f 1951/1/1 1953/2/1 1954/3/1 1952/4/1
f 1997/1/1 1999/2/1 2000/3/1 1998/4/1
f 2017/1/1 2019/2/1 2020/3/1 2018/4/1
f 2025/1/1 2027/2/1 2028/3/1 2026/4/1
usemtl Material.029
f 543/67/4 544/68/4 546/69/4 545/6/4
f 615/67/4 616/68/4 618/69/4 617/6/4
f 643/67/4 644/68/4 646/69/4 645/6/4
f 875/67/4 876/68/4 878/69/4 877/6/4
f 1636/67/4 1637/68/4 1639/69/4 1638/6/4
f 1736/67/4 1737/68/4 1739/69/4 1738/6/4
f 1783/67/4 1784/68/4 1786/69/4 1785/6/4
f 1859/67/4 1860/68/4 1862/69/4 1861/6/4
f 1917/67/4 1918/68/4 1920/69/4 1919/6/4
f 1955/67/4 1956/68/4 1958/69/4 1957/6/4
usemtl Material.064
f 648/70/3 647/71/3 649/72/3 650/73/3
f 880/70/3 879/71/3 881/72/3 882/73/3
f 902/70/3 901/71/3 903/72/3 904/73/3
f 910/70/3 909/71/3 911/72/3 912/73/3
f 1641/70/2 1640/71/2 1642/72/2 1643/73/2
f 1741/70/2 1740/71/2 1742/72/2 1743/73/2
f 1788/70/2 1787/71/2 1789/72/2 1790/73/2
f 1864/70/2 1863/71/2 1865/72/2 1866/73/2
f 1960/70/2 1959/71/2 1961/72/2 1962/73/2
f 2002/70/2 2001/71/2 2003/72/2 2004/73/2
f 2022/70/2 2021/71/2 2023/72/2 2024/73/2
f 2030/70/2 2029/71/2 2031/72/2 2032/73/2
usemtl Material.021
f 663/1/1 665/2/1 666/3/1 664/4/1
f 719/1/1 721/2/1 722/3/1 720/4/1
f 1604/1/65 1606/2/65 1607/3/65 1605/4/65
f 1616/1/65 1618/2/65 1619/3/65 1617/4/65
f 1648/1/65 1650/2/65 1651/3/65 1649/4/65
f 1660/1/65 1662/2/65 1663/3/65 1661/4/65
f 1676/1/65 1678/2/65 1679/3/65 1677/4/65
f 1692/1/65 1694/2/65 1695/3/65 1693/4/65
f 1759/1/65 1761/2/65 1762/3/65 1760/4/65
f 1817/1/65 1819/2/65 1820/3/65 1818/4/65
f 1881/1/65 1883/2/65 1884/3/65 1882/4/65
f 1963/1/65 1965/2/65 1966/3/65 1964/4/65
f 2005/1/65 2007/2/65 2008/3/65 2006/4/65
f 2033/1/65 2035/2/65 2036/3/65 2034/4/65
usemtl Material.030
f 667/67/4 668/68/4 670/69/4 669/6/4
f 731/67/4 732/68/4 734/69/4 733/6/4
f 811/67/4 812/68/4 814/69/4 813/6/4
f 913/67/4 914/68/4 916/69/4 915/6/4
f 1664/67/4 1665/68/4 1667/69/4 1666/6/4
f 1696/67/4 1697/68/4 1699/69/4 1698/6/4
f 1763/67/4 1764/68/4 1766/69/4 1765/6/4
f 1803/67/4 1804/68/4 1806/69/4 1805/6/4
f 1821/67/4 1822/68/4 1824/69/4 1823/6/4
f 1885/67/4 1886/68/4 1888/69/4 1887/6/4
f 1967/67/4 1968/68/4 1970/69/4 1969/6/4
f 2037/67/4 2038/68/4 2040/69/4 2039/6/4
usemtl Material.059
f 660/70/2 659/71/2 661/72/2 662/73/2
f 672/70/2 671/71/2 673/72/2 674/73/2
f 724/70/2 723/71/2 725/72/2 726/73/2
f 736/70/2 735/71/2 737/72/2 738/73/2
f 752/70/2 751/71/2 753/72/2 754/73/2
f 760/70/2 759/71/2 761/72/2 762/73/2
f 808/70/2 807/71/2 809/72/2 810/73/2
f 816/70/2 815/71/2 817/72/2 818/73/2
f 918/70/2 917/71/2 919/72/2 920/73/2
f 1609/70/1 1608/71/1 1610/72/1 1611/73/1
f 1621/70/1 1620/71/1 1622/72/1 1623/73/1
f 1653/70/1 1652/71/1 1654/72/1 1655/73/1
f 1669/70/1 1668/71/1 1670/72/1 1671/73/1
f 1681/70/1 1680/71/1 1682/72/1 1683/73/1
f 1701/70/1 1700/71/1 1702/72/1 1703/73/1
f 1768/70/1 1767/71/1 1769/72/1 1770/73/1
f 1808/70/1 1807/71/1 1809/72/1 1810/73/1
f 1826/70/1 1825/71/1 1827/72/1 1828/73/1
f 1890/70/1 1889/71/1 1891/72/1 1892/73/1
f 1972/70/1 1971/71/1 1973/72/1 1974/73/1
f 2010/70/1 2009/71/1 2011/72/1 2012/73/1
f 2042/70/1 2041/71/1 2043/72/1 2044/73/1
usemtl Material.063
f 728/70/3 727/71/3 729/72/3 730/73/3
f 756/70/3 755/71/3 757/72/3 758/73/3
f 764/70/3 763/71/3 765/72/3 766/73/3
f 922/70/3 921/71/3 923/72/3 924/73/3
f 1613/70/2 1612/71/2 1614/72/2 1615/73/2
f 1625/70/2 1624/71/2 1626/72/2 1627/73/2
f 1657/70/2 1656/71/2 1658/72/2 1659/73/2
f 1705/70/2 1704/71/2 1706/72/2 1707/73/2
f 1772/70/2 1771/71/2 1773/72/2 1774/73/2
f 1830/70/2 1829/71/2 1831/72/2 1832/73/2
f 1894/70/2 1893/71/2 1895/72/2 1896/73/2
f 1976/70/2 1975/71/2 1977/72/2 1978/73/2
f 2014/70/2 2013/71/2 2015/72/2 2016/73/2
f 2046/70/2 2045/71/2 2047/72/2 2048/73/2
