# Blender 5.0.1
# www.blender.org
mtllib Tall_Summer_Tower_01.mtl.mtl
o Plane.002
v -31.500000 14.400000 1.500000
v -31.500000 14.400000 0.750000
v -31.500000 14.400000 0.000000
v -31.500000 14.400000 -0.750000
v -31.500000 14.400000 -1.500000
v -30.750000 14.400000 1.500000
v -30.750000 14.400000 0.750000
v -30.750000 14.400000 0.000000
v -30.750000 14.400000 -0.750000
v -30.750000 14.400000 -1.500000
v -30.000000 14.400000 1.500000
v -30.000000 14.400000 0.750000
v -30.000000 14.400000 0.000000
v -30.000000 14.400000 -0.750000
v -30.000000 14.400000 -1.500000
v -29.250000 14.400000 1.500000
v -29.250000 14.400000 0.750000
v -29.250000 14.400000 0.000000
v -29.250000 14.400000 -0.750000
v -29.250000 14.400000 -1.500000
v -28.500000 14.400000 1.500000
v -28.500000 14.400000 0.750000
v -28.500000 14.400000 0.000000
v -28.500000 14.400000 -0.750000
v -28.500000 14.400000 -1.500000
v -27.924999 1.000000 -2.000000
v -27.924999 1.000000 -2.075000
v -28.000000 1.000000 -2.075000
v -27.924999 0.900000 -2.000000
v -27.924999 0.900000 -2.075000
v -28.000000 0.900000 -2.075000
v -28.000000 1.000000 -2.000000
v -28.000000 0.900000 -2.000000
v -27.924999 0.000000 -2.000000
v -27.924999 0.000000 -2.075000
v -28.000000 0.000000 -2.075000
v -28.000000 0.000000 -2.000000
v -27.924999 0.137500 -2.000000
v -27.924999 0.862501 -2.000000
v -27.924999 0.862501 -2.075000
v -27.924999 0.787501 -2.075000
v -27.924999 0.212500 -2.075000
v -27.924999 0.137500 -2.075000
v -28.000000 0.137500 -2.075000
v -28.000000 0.212500 -2.075000
v -28.000000 0.787501 -2.075000
v -28.000000 0.862501 -2.075000
v -28.000000 0.862501 -2.000000
v -28.000000 0.787501 -2.000000
v -28.000000 0.212500 -2.000000
v -28.000000 0.137500 -2.000000
v -27.924999 0.212500 -2.000000
v -27.924999 0.787501 -2.000000
v -27.850000 0.843751 -2.150000
v -27.850000 0.806251 -2.150000
v -28.000000 0.806251 -2.150000
v -28.000000 0.843750 -2.150000
v -27.850000 0.806251 -2.000000
v -27.850000 0.843750 -2.000000
v -27.850000 0.193750 -2.150000
v -27.850000 0.156250 -2.150000
v -28.000000 0.156250 -2.150000
v -28.000000 0.193750 -2.150000
v -27.850000 0.156250 -2.000000
v -27.850000 0.193750 -2.000000
v -27.924999 2.000000 -2.000000
v -27.924999 2.000000 -2.075000
v -28.000000 2.000000 -2.075000
v -27.924999 1.900000 -2.000000
v -27.924999 1.900000 -2.075000
v -28.000000 1.900000 -2.075000
v -28.000000 2.000000 -2.000000
v -28.000000 1.900000 -2.000000
v -27.924999 1.000000 -2.000000
v -27.924999 1.000000 -2.075000
v -28.000000 1.000000 -2.075000
v -28.000000 1.000000 -2.000000
v -27.924999 1.137500 -2.000000
v -27.924999 1.862501 -2.000000
v -27.924999 1.862501 -2.075000
v -27.924999 1.787501 -2.075000
v -27.924999 1.212500 -2.075000
v -27.924999 1.137500 -2.075000
v -28.000000 1.137500 -2.075000
v -28.000000 1.212500 -2.075000
v -28.000000 1.787501 -2.075000
v -28.000000 1.862501 -2.075000
v -28.000000 1.862501 -2.000000
v -28.000000 1.787501 -2.000000
v -28.000000 1.212500 -2.000000
v -28.000000 1.137500 -2.000000
v -27.924999 1.212500 -2.000000
v -27.924999 1.787501 -2.000000
v -27.850000 1.843750 -2.150000
v -27.850000 1.806251 -2.150000
v -28.000000 1.806251 -2.150000
v -28.000000 1.843750 -2.150000
v -27.850000 1.806251 -2.000000
v -27.850000 1.843750 -2.000000
v -27.850000 1.193750 -2.150000
v -27.850000 1.156250 -2.150000
v -28.000000 1.156250 -2.150000
v -28.000000 1.193750 -2.150000
v -27.850000 1.156250 -2.000000
v -27.850000 1.193750 -2.000000
v -27.924999 3.000000 -2.000000
v -27.924999 3.000000 -2.075000
v -28.000000 3.000000 -2.075000
v -27.924999 2.900001 -2.000000
v -27.924999 2.900001 -2.075000
v -28.000000 2.900001 -2.075000
v -28.000000 3.000000 -2.000000
v -28.000000 2.900001 -2.000000
v -27.924999 2.000000 -2.000000
v -27.924999 2.000000 -2.075000
v -28.000000 2.000000 -2.075000
v -28.000000 2.000000 -2.000000
v -27.924999 2.137500 -2.000000
v -27.924999 2.862501 -2.000000
v -27.924999 2.862501 -2.075000
v -27.924999 2.787501 -2.075000
v -27.924999 2.212500 -2.075000
v -27.924999 2.137500 -2.075000
v -28.000000 2.137500 -2.075000
v -28.000000 2.212500 -2.075000
v -28.000000 2.787501 -2.075000
v -28.000000 2.862501 -2.075000
v -28.000000 2.862501 -2.000000
v -28.000000 2.787501 -2.000000
v -28.000000 2.212500 -2.000000
v -28.000000 2.137500 -2.000000
v -27.924999 2.212500 -2.000000
v -27.924999 2.787501 -2.000000
v -27.850000 2.843750 -2.150000
v -27.850000 2.806251 -2.150000
v -28.000000 2.806251 -2.150000
v -28.000000 2.843750 -2.150000
v -27.850000 2.806251 -2.000000
v -27.850000 2.843750 -2.000000
v -27.850000 2.193750 -2.150000
v -27.850000 2.156250 -2.150000
v -28.000000 2.156250 -2.150000
v -28.000000 2.193750 -2.150000
v -27.850000 2.156250 -2.000000
v -27.850000 2.193750 -2.000000
v -27.924999 4.000000 -2.000000
v -27.924999 4.000000 -2.075000
v -28.000000 4.000000 -2.075000
v -27.924999 3.900000 -2.000000
v -27.924999 3.900000 -2.075000
v -28.000000 3.900000 -2.075000
v -28.000000 4.000000 -2.000000
v -28.000000 3.900000 -2.000000
v -27.924999 3.000000 -2.000000
v -27.924999 3.000000 -2.075000
v -28.000000 3.000000 -2.075000
v -28.000000 3.000000 -2.000000
v -27.924999 3.137500 -2.000000
v -27.924999 3.862500 -2.000000
v -27.924999 3.862500 -2.075000
v -27.924999 3.787500 -2.075000
v -27.924999 3.212500 -2.075000
v -27.924999 3.137500 -2.075000
v -28.000000 3.137500 -2.075000
v -28.000000 3.212500 -2.075000
v -28.000000 3.787500 -2.075000
v -28.000000 3.862500 -2.075000
v -28.000000 3.862500 -2.000000
v -28.000000 3.787500 -2.000000
v -28.000000 3.212500 -2.000000
v -28.000000 3.137500 -2.000000
v -27.924999 3.212500 -2.000000
v -27.924999 3.787500 -2.000000
v -27.850000 3.843750 -2.150000
v -27.850000 3.806250 -2.150000
v -28.000000 3.806250 -2.150000
v -28.000000 3.843750 -2.150000
v -27.850000 3.806250 -2.000000
v -27.850000 3.843750 -2.000000
v -27.850000 3.193750 -2.150000
v -27.850000 3.156250 -2.150000
v -28.000000 3.156250 -2.150000
v -28.000000 3.193750 -2.150000
v -27.850000 3.156250 -2.000000
v -27.850000 3.193750 -2.000000
v -27.924999 5.000000 -2.000000
v -27.924999 5.000000 -2.075000
v -28.000000 5.000000 -2.075000
v -27.924999 4.900000 -2.000000
v -27.924999 4.900000 -2.075000
v -28.000000 4.900000 -2.075000
v -28.000000 5.000000 -2.000000
v -28.000000 4.900000 -2.000000
v -27.924999 4.000000 -2.000000
v -27.924999 4.000000 -2.075000
v -28.000000 4.000000 -2.075000
v -28.000000 4.000000 -2.000000
v -27.924999 4.137500 -2.000000
v -27.924999 4.862500 -2.000000
v -27.924999 4.862500 -2.075000
v -27.924999 4.787500 -2.075000
v -27.924999 4.212500 -2.075000
v -27.924999 4.137500 -2.075000
v -28.000000 4.137500 -2.075000
v -28.000000 4.212500 -2.075000
v -28.000000 4.787500 -2.075000
v -28.000000 4.862500 -2.075000
v -28.000000 4.862500 -2.000000
v -28.000000 4.787500 -2.000000
v -28.000000 4.212500 -2.000000
v -28.000000 4.137500 -2.000000
v -27.924999 4.212500 -2.000000
v -27.924999 4.787500 -2.000000
v -27.850000 4.843750 -2.150000
v -27.850000 4.806250 -2.150000
v -28.000000 4.806250 -2.150000
v -28.000000 4.843750 -2.150000
v -27.850000 4.806250 -2.000000
v -27.850000 4.843750 -2.000000
v -27.850000 4.193750 -2.150000
v -27.850000 4.156250 -2.150000
v -28.000000 4.156250 -2.150000
v -28.000000 4.193750 -2.150000
v -27.850000 4.156250 -2.000000
v -27.850000 4.193750 -2.000000
v -27.924999 6.000000 -2.000000
v -27.924999 6.000000 -2.075000
v -28.000000 6.000000 -2.075000
v -27.924999 5.900000 -2.000000
v -27.924999 5.900000 -2.075000
v -28.000000 5.900000 -2.075000
v -28.000000 6.000000 -2.000000
v -28.000000 5.900000 -2.000000
v -27.924999 5.000000 -2.000000
v -27.924999 5.000000 -2.075000
v -28.000000 5.000000 -2.075000
v -28.000000 5.000000 -2.000000
v -27.924999 5.137500 -2.000000
v -27.924999 5.862500 -2.000000
v -27.924999 5.862500 -2.075000
v -27.924999 5.787500 -2.075000
v -27.924999 5.212500 -2.075000
v -27.924999 5.137500 -2.075000
v -28.000000 5.137500 -2.075000
v -28.000000 5.212500 -2.075000
v -28.000000 5.787500 -2.075000
v -28.000000 5.862500 -2.075000
v -28.000000 5.862500 -2.000000
v -28.000000 5.787500 -2.000000
v -28.000000 5.212500 -2.000000
v -28.000000 5.137500 -2.000000
v -27.924999 5.212500 -2.000000
v -27.924999 5.787500 -2.000000
v -27.850000 5.843750 -2.150000
v -27.850000 5.806250 -2.150000
v -28.000000 5.806250 -2.150000
v -28.000000 5.843750 -2.150000
v -27.850000 5.806250 -2.000000
v -27.850000 5.843750 -2.000000
v -27.850000 5.193750 -2.150000
v -27.850000 5.156250 -2.150000
v -28.000000 5.156250 -2.150000
v -28.000000 5.193750 -2.150000
v -27.850000 5.156250 -2.000000
v -27.850000 5.193750 -2.000000
v -27.924999 7.000000 -2.000000
v -27.924999 7.000000 -2.075000
v -28.000000 7.000000 -2.075000
v -27.924999 6.900000 -2.000000
v -27.924999 6.900000 -2.075000
v -28.000000 6.900000 -2.075000
v -28.000000 7.000000 -2.000000
v -28.000000 6.900000 -2.000000
v -27.924999 6.000000 -2.000000
v -27.924999 6.000000 -2.075000
v -28.000000 6.000000 -2.075000
v -28.000000 6.000000 -2.000000
v -27.924999 6.137500 -2.000000
v -27.924999 6.862500 -2.000000
v -27.924999 6.862500 -2.075000
v -27.924999 6.787500 -2.075000
v -27.924999 6.212500 -2.075000
v -27.924999 6.137500 -2.075000
v -28.000000 6.137500 -2.075000
v -28.000000 6.212500 -2.075000
v -28.000000 6.787500 -2.075000
v -28.000000 6.862500 -2.075000
v -28.000000 6.862500 -2.000000
v -28.000000 6.787500 -2.000000
v -28.000000 6.212500 -2.000000
v -28.000000 6.137500 -2.000000
v -27.924999 6.212500 -2.000000
v -27.924999 6.787500 -2.000000
v -27.850000 6.843750 -2.150000
v -27.850000 6.806250 -2.150000
v -28.000000 6.806250 -2.150000
v -28.000000 6.843750 -2.150000
v -27.850000 6.806250 -2.000000
v -27.850000 6.843750 -2.000000
v -27.850000 6.193750 -2.150000
v -27.850000 6.156250 -2.150000
v -28.000000 6.156250 -2.150000
v -28.000000 6.193750 -2.150000
v -27.850000 6.156250 -2.000000
v -27.850000 6.193750 -2.000000
v -27.924999 8.000000 -2.000000
v -27.924999 8.000000 -2.075000
v -28.000000 8.000000 -2.075000
v -27.924999 7.900000 -2.000000
v -27.924999 7.900000 -2.075000
v -28.000000 7.900000 -2.075000
v -28.000000 8.000000 -2.000000
v -28.000000 7.900000 -2.000000
v -27.924999 7.000000 -2.000000
v -27.924999 7.000000 -2.075000
v -28.000000 7.000000 -2.075000
v -28.000000 7.000000 -2.000000
v -27.924999 7.137500 -2.000000
v -27.924999 7.862500 -2.000000
v -27.924999 7.862500 -2.075000
v -27.924999 7.787500 -2.075000
v -27.924999 7.212500 -2.075000
v -27.924999 7.137500 -2.075000
v -28.000000 7.137500 -2.075000
v -28.000000 7.212500 -2.075000
v -28.000000 7.787500 -2.075000
v -28.000000 7.862500 -2.075000
v -28.000000 7.862500 -2.000000
v -28.000000 7.787500 -2.000000
v -28.000000 7.212500 -2.000000
v -28.000000 7.137500 -2.000000
v -27.924999 7.212500 -2.000000
v -27.924999 7.787500 -2.000000
v -27.850000 7.843750 -2.150000
v -27.850000 7.806250 -2.150000
v -28.000000 7.806250 -2.150000
v -28.000000 7.843750 -2.150000
v -27.850000 7.806250 -2.000000
v -27.850000 7.843750 -2.000000
v -27.850000 7.193750 -2.150000
v -27.850000 7.156250 -2.150000
v -28.000000 7.156250 -2.150000
v -28.000000 7.193750 -2.150000
v -27.850000 7.156250 -2.000000
v -27.850000 7.193750 -2.000000
v -27.924999 9.000000 -2.000000
v -27.924999 9.000000 -2.075000
v -28.000000 9.000000 -2.075000
v -27.924999 8.900000 -2.000000
v -27.924999 8.900000 -2.075000
v -28.000000 8.900000 -2.075000
v -28.000000 9.000000 -2.000000
v -28.000000 8.900000 -2.000000
v -27.924999 8.000000 -2.000000
v -27.924999 8.000000 -2.075000
v -28.000000 8.000000 -2.075000
v -28.000000 8.000000 -2.000000
v -27.924999 8.137500 -2.000000
v -27.924999 8.862500 -2.000000
v -27.924999 8.862500 -2.075000
v -27.924999 8.787500 -2.075000
v -27.924999 8.212500 -2.075000
v -27.924999 8.137500 -2.075000
v -28.000000 8.137500 -2.075000
v -28.000000 8.212500 -2.075000
v -28.000000 8.787500 -2.075000
v -28.000000 8.862500 -2.075000
v -28.000000 8.862500 -2.000000
v -28.000000 8.787500 -2.000000
v -28.000000 8.212500 -2.000000
v -28.000000 8.137500 -2.000000
v -27.924999 8.212500 -2.000000
v -27.924999 8.787500 -2.000000
v -27.850000 8.843750 -2.150000
v -27.850000 8.806250 -2.150000
v -28.000000 8.806250 -2.150000
v -28.000000 8.843750 -2.150000
v -27.850000 8.806250 -2.000000
v -27.850000 8.843750 -2.000000
v -27.850000 8.193749 -2.150000
v -27.850000 8.156250 -2.150000
v -28.000000 8.156250 -2.150000
v -28.000000 8.193749 -2.150000
v -27.850000 8.156250 -2.000000
v -27.850000 8.193749 -2.000000
v -27.924999 10.000000 -2.000000
v -27.924999 10.000000 -2.075000
v -28.000000 10.000000 -2.075000
v -27.924999 9.900000 -2.000000
v -27.924999 9.900000 -2.075000
v -28.000000 9.900000 -2.075000
v -28.000000 10.000000 -2.000000
v -28.000000 9.900000 -2.000000
v -27.924999 9.000000 -2.000000
v -27.924999 9.000000 -2.075000
v -28.000000 9.000000 -2.075000
v -28.000000 9.000000 -2.000000
v -27.924999 9.137500 -2.000000
v -27.924999 9.862500 -2.000000
v -27.924999 9.862500 -2.075000
v -27.924999 9.787500 -2.075000
v -27.924999 9.212500 -2.075000
v -27.924999 9.137500 -2.075000
v -28.000000 9.137500 -2.075000
v -28.000000 9.212500 -2.075000
v -28.000000 9.787500 -2.075000
v -28.000000 9.862500 -2.075000
v -28.000000 9.862500 -2.000000
v -28.000000 9.787500 -2.000000
v -28.000000 9.212500 -2.000000
v -28.000000 9.137500 -2.000000
v -27.924999 9.212500 -2.000000
v -27.924999 9.787500 -2.000000
v -27.850000 9.843750 -2.150000
v -27.850000 9.806250 -2.150000
v -28.000000 9.806250 -2.150000
v -28.000000 9.843750 -2.150000
v -27.850000 9.806250 -2.000000
v -27.850000 9.843750 -2.000000
v -27.850000 9.193749 -2.150000
v -27.850000 9.156250 -2.150000
v -28.000000 9.156250 -2.150000
v -28.000000 9.193749 -2.150000
v -27.850000 9.156250 -2.000000
v -27.850000 9.193749 -2.000000
v -27.924999 11.000000 -2.000000
v -27.924999 11.000000 -2.075000
v -28.000000 11.000000 -2.075000
v -27.924999 10.900000 -2.000000
v -27.924999 10.900000 -2.075000
v -28.000000 10.900000 -2.075000
v -28.000000 11.000000 -2.000000
v -28.000000 10.900000 -2.000000
v -27.924999 10.000000 -2.000000
v -27.924999 10.000000 -2.075000
v -28.000000 10.000000 -2.075000
v -28.000000 10.000000 -2.000000
v -27.924999 10.137500 -2.000000
v -27.924999 10.862500 -2.000000
v -27.924999 10.862500 -2.075000
v -27.924999 10.787500 -2.075000
v -27.924999 10.212500 -2.075000
v -27.924999 10.137500 -2.075000
v -28.000000 10.137500 -2.075000
v -28.000000 10.212500 -2.075000
v -28.000000 10.787500 -2.075000
v -28.000000 10.862500 -2.075000
v -28.000000 10.862500 -2.000000
v -28.000000 10.787500 -2.000000
v -28.000000 10.212500 -2.000000
v -28.000000 10.137500 -2.000000
v -27.924999 10.212500 -2.000000
v -27.924999 10.787500 -2.000000
v -27.850000 10.843750 -2.150000
v -27.850000 10.806250 -2.150000
v -28.000000 10.806250 -2.150000
v -28.000000 10.843750 -2.150000
v -27.850000 10.806250 -2.000000
v -27.850000 10.843750 -2.000000
v -27.850000 10.193749 -2.150000
v -27.850000 10.156250 -2.150000
v -28.000000 10.156250 -2.150000
v -28.000000 10.193749 -2.150000
v -27.850000 10.156250 -2.000000
v -27.850000 10.193749 -2.000000
v -27.924999 12.000000 -2.000000
v -27.924999 12.000000 -2.075000
v -28.000000 12.000000 -2.075000
v -27.924999 11.900000 -2.000000
v -27.924999 11.900000 -2.075000
v -28.000000 11.900000 -2.075000
v -28.000000 12.000000 -2.000000
v -28.000000 11.900000 -2.000000
v -27.924999 11.000000 -2.000000
v -27.924999 11.000000 -2.075000
v -28.000000 11.000000 -2.075000
v -28.000000 11.000000 -2.000000
v -27.924999 11.137500 -2.000000
v -27.924999 11.862500 -2.000000
v -27.924999 11.862500 -2.075000
v -27.924999 11.787500 -2.075000
v -27.924999 11.212500 -2.075000
v -27.924999 11.137500 -2.075000
v -28.000000 11.137500 -2.075000
v -28.000000 11.212500 -2.075000
v -28.000000 11.787500 -2.075000
v -28.000000 11.862500 -2.075000
v -28.000000 11.862500 -2.000000
v -28.000000 11.787500 -2.000000
v -28.000000 11.212500 -2.000000
v -28.000000 11.137500 -2.000000
v -27.924999 11.212500 -2.000000
v -27.924999 11.787500 -2.000000
v -27.850000 11.843750 -2.150000
v -27.850000 11.806250 -2.150000
v -28.000000 11.806250 -2.150000
v -28.000000 11.843750 -2.150000
v -27.850000 11.806250 -2.000000
v -27.850000 11.843750 -2.000000
v -27.850000 11.193749 -2.150000
v -27.850000 11.156250 -2.150000
v -28.000000 11.156250 -2.150000
v -28.000000 11.193749 -2.150000
v -27.850000 11.156250 -2.000000
v -27.850000 11.193749 -2.000000
v -27.924999 13.000000 -2.000000
v -27.924999 13.000000 -2.075000
v -28.000000 13.000000 -2.075000
v -27.924999 12.900000 -2.000000
v -27.924999 12.900000 -2.075000
v -28.000000 12.900000 -2.075000
v -28.000000 13.000000 -2.000000
v -28.000000 12.900000 -2.000000
v -27.924999 12.000000 -2.000000
v -27.924999 12.000000 -2.075000
v -28.000000 12.000000 -2.075000
v -28.000000 12.000000 -2.000000
v -27.924999 12.137500 -2.000000
v -27.924999 12.862500 -2.000000
v -27.924999 12.862500 -2.075000
v -27.924999 12.787500 -2.075000
v -27.924999 12.212500 -2.075000
v -27.924999 12.137500 -2.075000
v -28.000000 12.137500 -2.075000
v -28.000000 12.212500 -2.075000
v -28.000000 12.787500 -2.075000
v -28.000000 12.862500 -2.075000
v -28.000000 12.862500 -2.000000
v -28.000000 12.787500 -2.000000
v -28.000000 12.212500 -2.000000
v -28.000000 12.137500 -2.000000
v -27.924999 12.212500 -2.000000
v -27.924999 12.787500 -2.000000
v -27.850000 12.843750 -2.150000
v -27.850000 12.806250 -2.150000
v -28.000000 12.806250 -2.150000
v -28.000000 12.843750 -2.150000
v -27.850000 12.806250 -2.000000
v -27.850000 12.843750 -2.000000
v -27.850000 12.193749 -2.150000
v -27.850000 12.156250 -2.150000
v -28.000000 12.156250 -2.150000
v -28.000000 12.193749 -2.150000
v -27.850000 12.156250 -2.000000
v -27.850000 12.193749 -2.000000
v -27.924999 14.000000 -2.000000
v -27.924999 14.000000 -2.075000
v -28.000000 14.000000 -2.075000
v -27.924999 13.900000 -2.000000
v -27.924999 13.900000 -2.075000
v -28.000000 13.900000 -2.075000
v -28.000000 14.000000 -2.000000
v -28.000000 13.900000 -2.000000
v -27.924999 13.000000 -2.000000
v -27.924999 13.000000 -2.075000
v -28.000000 13.000000 -2.075000
v -28.000000 13.000000 -2.000000
v -27.924999 13.137500 -2.000000
v -27.924999 13.862500 -2.000000
v -27.924999 13.862500 -2.075000
v -27.924999 13.787500 -2.075000
v -27.924999 13.212500 -2.075000
v -27.924999 13.137500 -2.075000
v -28.000000 13.137500 -2.075000
v -28.000000 13.212500 -2.075000
v -28.000000 13.787500 -2.075000
v -28.000000 13.862500 -2.075000
v -28.000000 13.862500 -2.000000
v -28.000000 13.787500 -2.000000
v -28.000000 13.212500 -2.000000
v -28.000000 13.137500 -2.000000
v -27.924999 13.212500 -2.000000
v -27.924999 13.787500 -2.000000
v -27.850000 13.843750 -2.150000
v -27.850000 13.806250 -2.150000
v -28.000000 13.806250 -2.150000
v -28.000000 13.843750 -2.150000
v -27.850000 13.806250 -2.000000
v -27.850000 13.843750 -2.000000
v -27.850000 13.193749 -2.150000
v -27.850000 13.156250 -2.150000
v -28.000000 13.156250 -2.150000
v -28.000000 13.193749 -2.150000
v -27.850000 13.156250 -2.000000
v -27.850000 13.193749 -2.000000
v -28.000000 1.000000 2.000000
v -28.000000 1.000000 1.000000
v -28.000000 0.100000 2.000000
v -28.000000 0.100000 1.000000
v -27.900000 0.100000 2.000000
v -27.900000 0.000000 2.000000
v -27.900000 0.000000 1.000000
v -27.900000 0.100000 1.000000
v -28.000000 1.000000 1.000000
v -28.000000 1.000000 0.000000
v -28.000000 0.100000 1.000000
v -28.000000 0.100000 0.000000
v -27.900000 0.100000 1.000000
v -27.900000 0.000000 1.000000
v -27.900000 0.000000 0.000000
v -27.900000 0.100000 0.000000
v -28.000000 1.000000 -0.000000
v -28.000000 1.000000 -1.000000
v -28.000000 0.100000 0.000000
v -28.000000 0.100000 -1.000000
v -27.900000 0.100000 0.000000
v -27.900000 0.000000 0.000000
v -27.900000 0.000000 -1.000000
v -27.900000 0.100000 -1.000000
v -28.000000 1.000000 -1.000000
v -28.000000 1.000000 -2.000000
v -28.000000 0.100000 -1.000000
v -28.000000 0.100000 -2.000000
v -27.900000 0.100000 -1.000000
v -27.900000 0.000000 -1.000000
v -27.900000 0.000000 -2.000000
v -27.900000 0.100000 -2.000000
v -28.500000 14.400000 1.000000
v -28.500000 14.400000 0.000000
v -28.000000 14.000000 1.000000
v -28.000000 14.000000 0.000000
v -28.000000 14.400000 1.000000
v -28.000000 14.400000 0.000000
v -28.000000 14.137500 0.962500
v -28.000000 14.212500 0.962500
v -27.924999 14.137500 0.962500
v -27.850000 14.156250 0.981250
v -27.924999 14.212500 0.962500
v -27.924999 14.137500 1.000000
v -27.850000 14.156250 1.000000
v -27.850000 14.193750 1.000000
v -27.924999 14.212500 1.000000
v -27.850000 14.193750 0.981250
v -28.000000 14.212500 1.000000
v -28.000000 14.137500 0.037500
v -28.000000 14.212500 0.037500
v -27.924999 14.137500 0.037500
v -27.850000 14.156250 0.018750
v -27.924999 14.212500 0.037500
v -27.924999 14.137500 0.000000
v -27.850000 14.156250 0.000000
v -27.850000 14.193750 0.000000
v -27.924999 14.212500 0.000000
v -27.850000 14.193750 0.018750
v -28.000000 14.212500 0.000000
v -28.000000 14.137500 0.704166
v -28.000000 14.212500 0.704166
v -27.924999 14.137500 0.704166
v -27.850000 14.156250 0.685416
v -27.924999 14.212500 0.704166
v -27.924999 14.137500 0.629166
v -27.850000 14.156250 0.647916
v -27.924999 14.212500 0.629166
v -28.000000 14.137500 0.629166
v -28.000000 14.212500 0.629166
v -27.850000 14.193750 0.647916
v -27.850000 14.193750 0.685416
v -28.000000 14.137500 0.370833
v -28.000000 14.212500 0.370833
v -27.924999 14.137500 0.370833
v -27.850000 14.156250 0.352083
v -27.924999 14.212500 0.370833
v -27.924999 14.137500 0.295833
v -27.850000 14.156250 0.314583
v -27.924999 14.212500 0.295833
v -28.000000 14.137500 0.295833
v -28.000000 14.212500 0.295833
v -27.850000 14.193750 0.314583
v -27.850000 14.193750 0.352083
v -28.000000 14.400000 1.000000
v -28.000000 14.400000 0.000000
v -28.000000 14.400000 0.083333
v -28.000000 14.400000 0.249999
v -28.000000 14.400000 0.416666
v -28.000000 14.400000 0.583333
v -28.000000 14.400000 0.749999
v -28.000000 14.400000 0.916666
v -28.166668 14.400000 1.000000
v -28.166666 14.400000 0.000000
v -28.166668 14.400000 0.083333
v -28.166668 14.400000 0.249999
v -28.166668 14.400000 0.416666
v -28.166668 14.400000 0.583333
v -28.166668 14.400000 0.749999
v -28.166668 14.400000 0.916666
v -28.041668 14.816666 0.958333
v -28.041668 14.816666 1.000000
v -28.125000 14.816667 1.000000
v -28.041666 14.816666 0.000000
v -28.041666 14.816666 0.041667
v -28.041668 14.816666 0.291666
v -28.041668 14.816666 0.374999
v -28.041668 14.816666 0.624999
v -28.041668 14.816666 0.708333
v -28.125000 14.816667 0.041667
v -28.125000 14.816667 0.291666
v -28.125000 14.816667 0.374999
v -28.125000 14.816667 0.624999
v -28.125000 14.816667 0.708333
v -28.125000 14.816667 0.958333
v -28.125000 14.816667 0.000000
v -28.000000 14.650000 0.916666
v -28.000000 14.650000 1.000000
v -28.166668 14.650000 1.000000
v -28.166668 14.650000 0.916666
v -28.166668 14.650000 0.583333
v -28.000000 14.650000 0.583333
v -28.000000 14.650000 0.749999
v -28.166668 14.650000 0.749999
v -28.000000 14.650000 0.416666
v -28.166668 14.650000 0.416666
v -28.166668 14.650000 0.249999
v -28.000000 14.650000 0.249999
v -28.166666 14.650000 0.000000
v -28.000000 14.650000 0.000000
v -28.000000 14.650000 0.083333
v -28.166668 14.650000 0.083333
v -28.041668 14.525000 0.916666
v -28.041668 14.608334 0.916666
v -28.125000 14.525000 0.916666
v -28.125000 14.608334 0.916666
v -28.125000 14.525000 0.583333
v -28.125000 14.608334 0.583333
v -28.041668 14.608334 0.583333
v -28.041668 14.525000 0.583333
v -28.041668 14.608334 0.749999
v -28.041668 14.525000 0.749999
v -28.125000 14.608334 0.749999
v -28.125000 14.525000 0.749999
v -28.041668 14.525000 0.416666
v -28.041668 14.608334 0.416666
v -28.125000 14.608334 0.416666
v -28.125000 14.525000 0.416666
v -28.125000 14.608334 0.249999
v -28.125000 14.525000 0.249999
v -28.041668 14.608334 0.249999
v -28.041668 14.525000 0.249999
v -28.041668 14.608334 0.083333
v -28.041668 14.525000 0.083333
v -28.125000 14.608334 0.083333
v -28.125000 14.525000 0.083333
v -28.500000 14.400000 -0.000000
v -28.500000 14.400000 -1.000000
v -28.000000 14.000000 0.000000
v -28.000000 14.000000 -1.000000
v -28.000000 14.400000 -0.000000
v -28.000000 14.400000 -1.000000
v -28.000000 14.137500 -0.037500
v -28.000000 14.212500 -0.037500
v -27.924999 14.137500 -0.037500
v -27.850000 14.156250 -0.018750
v -27.924999 14.212500 -0.037500
v -27.924999 14.137500 -0.000000
v -27.850000 14.156250 -0.000000
v -27.850000 14.193750 -0.000000
v -27.924999 14.212500 -0.000000
v -27.850000 14.193750 -0.018750
v -28.000000 14.212500 -0.000000
v -28.000000 14.137500 -0.962500
v -28.000000 14.212500 -0.962500
v -27.924999 14.137500 -0.962500
v -27.850000 14.156250 -0.981250
v -27.924999 14.212500 -0.962500
v -27.924999 14.137500 -1.000000
v -27.850000 14.156250 -1.000000
v -27.850000 14.193750 -1.000000
v -27.924999 14.212500 -1.000000
v -27.850000 14.193750 -0.981250
v -28.000000 14.212500 -1.000000
v -28.000000 14.137500 -0.295834
v -28.000000 14.212500 -0.295834
v -27.924999 14.137500 -0.295834
v -27.850000 14.156250 -0.314584
v -27.924999 14.212500 -0.295834
v -27.924999 14.137500 -0.370834
v -27.850000 14.156250 -0.352084
v -27.924999 14.212500 -0.370834
v -28.000000 14.137500 -0.370834
v -28.000000 14.212500 -0.370834
v -27.850000 14.193750 -0.352084
v -27.850000 14.193750 -0.314584
v -28.000000 14.137500 -0.629167
v -28.000000 14.212500 -0.629167
v -27.924999 14.137500 -0.629167
v -27.850000 14.156250 -0.647917
v -27.924999 14.212500 -0.629167
v -27.924999 14.137500 -0.704167
v -27.850000 14.156250 -0.685417
v -27.924999 14.212500 -0.704167
v -28.000000 14.137500 -0.704167
v -28.000000 14.212500 -0.704167
v -27.850000 14.193750 -0.685417
v -27.850000 14.193750 -0.647917
v -28.000000 14.400000 -0.000000
v -28.000000 14.400000 -1.000000
v -28.000000 14.400000 -0.916667
v -28.000000 14.400000 -0.750001
v -28.000000 14.400000 -0.583334
v -28.000000 14.400000 -0.416667
v -28.000000 14.400000 -0.250001
v -28.000000 14.400000 -0.083334
v -28.166668 14.400000 -0.000000
v -28.166666 14.400000 -1.000000
v -28.166668 14.400000 -0.916667
v -28.166668 14.400000 -0.750001
v -28.166668 14.400000 -0.583334
v -28.166668 14.400000 -0.416667
v -28.166668 14.400000 -0.250001
v -28.166668 14.400000 -0.083334
v -28.041668 14.816666 -0.041667
v -28.041668 14.816666 0.000000
v -28.125000 14.816667 0.000000
v -28.041666 14.816666 -1.000000
v -28.041666 14.816666 -0.958333
v -28.041668 14.816666 -0.708334
v -28.041668 14.816666 -0.625001
v -28.041668 14.816666 -0.375001
v -28.041668 14.816666 -0.291667
v -28.125000 14.816667 -0.958333
v -28.125000 14.816667 -0.708334
v -28.125000 14.816667 -0.625001
v -28.125000 14.816667 -0.375001
v -28.125000 14.816667 -0.291667
v -28.125000 14.816667 -0.041667
v -28.125000 14.816667 -1.000000
v -28.000000 14.650000 -0.083334
v -28.000000 14.650000 -0.000000
v -28.166668 14.650000 -0.000000
v -28.166668 14.650000 -0.083334
v -28.166668 14.650000 -0.416667
v -28.000000 14.650000 -0.416667
v -28.000000 14.650000 -0.250001
v -28.166668 14.650000 -0.250001
v -28.000000 14.650000 -0.583334
v -28.166668 14.650000 -0.583334
v -28.166668 14.650000 -0.750001
v -28.000000 14.650000 -0.750001
v -28.166666 14.650000 -1.000000
v -28.000000 14.650000 -1.000000
v -28.000000 14.650000 -0.916667
v -28.166668 14.650000 -0.916667
v -28.041668 14.525000 -0.083334
v -28.041668 14.608334 -0.083334
v -28.125000 14.525000 -0.083334
v -28.125000 14.608334 -0.083334
v -28.125000 14.525000 -0.416667
v -28.125000 14.608334 -0.416667
v -28.041668 14.608334 -0.416667
v -28.041668 14.525000 -0.416667
v -28.041668 14.608334 -0.250001
v -28.041668 14.525000 -0.250001
v -28.125000 14.608334 -0.250001
v -28.125000 14.525000 -0.250001
v -28.041668 14.525000 -0.583334
v -28.041668 14.608334 -0.583334
v -28.125000 14.608334 -0.583334
v -28.125000 14.525000 -0.583334
v -28.125000 14.608334 -0.750001
v -28.125000 14.525000 -0.750001
v -28.041668 14.608334 -0.750001
v -28.041668 14.525000 -0.750001
v -28.041668 14.608334 -0.916667
v -28.041668 14.525000 -0.916667
v -28.125000 14.608334 -0.916667
v -28.125000 14.525000 -0.916667
v -28.000000 1.000000 2.000000
v -28.000000 2.000000 2.000000
v -28.000000 1.000000 1.000000
v -28.000000 1.000000 1.750000
v -28.000000 2.000000 1.250000
v -28.000000 2.000000 1.416667
v -28.000000 2.000000 1.583333
v -28.000000 2.000000 1.750000
v -28.000000 1.000000 1.583333
v -28.000000 1.000000 1.416667
v -28.000000 1.000000 1.250000
v -28.000000 2.000000 1.000000
v -28.049999 1.725001 1.083333
v -28.049999 1.275000 1.083333
v -28.049999 1.725001 1.250000
v -28.049999 1.275000 1.250000
v -28.049999 1.725001 1.416667
v -28.049999 1.275000 1.416667
v -28.049999 1.725001 1.583333
v -28.049999 1.275000 1.583333
v -28.049999 1.725001 1.750000
v -28.049999 1.275000 1.750000
v -28.049999 1.725001 1.916667
v -28.049999 1.275000 1.916667
v -28.000000 1.775001 1.083333
v -28.000000 1.225000 1.083333
v -28.000000 1.775001 1.250000
v -28.000000 1.225000 1.250000
v -28.000000 1.775001 1.416667
v -28.000000 1.225000 1.416667
v -28.000000 1.775001 1.583333
v -28.000000 1.225000 1.583333
v -28.000000 1.775001 1.750000
v -28.000000 1.225000 1.750000
v -28.000000 1.775001 1.916667
v -28.000000 1.225000 1.916667
v -28.000000 1.137500 1.962500
v -28.000000 1.212500 1.962500
v -27.924999 1.137500 1.962500
v -27.850000 1.156250 1.981250
v -27.924999 1.212500 1.962500
v -27.924999 1.137500 2.000000
v -27.850000 1.156250 2.000000
v -27.850000 1.193750 2.000000
v -27.924999 1.212500 2.000000
v -27.850000 1.193750 1.981250
v -28.000000 1.212500 2.000000
v -28.000000 1.787501 1.037500
v -28.000000 1.862501 1.037500
v -27.924999 1.787501 1.037500
v -27.850000 1.806251 1.018750
v -27.924999 1.862501 1.037500
v -27.924999 1.787501 1.000000
v -27.850000 1.806251 1.000000
v -27.850000 1.843750 1.000000
v -27.924999 1.862501 1.000000
v -27.850000 1.843750 1.018750
v -28.000000 1.862501 1.000000
v -28.000000 1.787501 1.962500
v -28.000000 1.862501 1.962500
v -27.924999 1.787501 1.962500
v -27.850000 1.806251 1.981250
v -27.924999 1.862501 1.962500
v -27.924999 1.787501 2.000000
v -27.850000 1.806251 2.000000
v -27.850000 1.843750 2.000000
v -27.924999 1.862501 2.000000
v -27.850000 1.843750 1.981250
v -28.000000 1.862501 2.000000
v -28.000000 1.137500 1.037500
v -28.000000 1.212500 1.037500
v -27.924999 1.137500 1.037500
v -27.850000 1.156250 1.018750
v -27.924999 1.212500 1.037500
v -27.924999 1.137500 1.000000
v -27.850000 1.156250 1.000000
v -27.850000 1.193750 1.000000
v -27.924999 1.212500 1.000000
v -27.850000 1.193750 1.018750
v -28.000000 1.212500 1.000000
v -28.000000 1.787501 1.370833
v -28.000000 1.862501 1.370833
v -27.924999 1.787501 1.370833
v -27.850000 1.806251 1.352083
v -27.924999 1.862501 1.370833
v -27.924999 1.787501 1.295833
v -27.850000 1.806251 1.314583
v -27.924999 1.862501 1.295833
v -28.000000 1.787501 1.295833
v -28.000000 1.862501 1.295833
v -27.850000 1.843750 1.314583
v -27.850000 1.843750 1.352083
v -28.000000 1.137500 1.370833
v -28.000000 1.212500 1.370833
v -27.924999 1.137500 1.370833
v -27.850000 1.156250 1.352083
v -27.924999 1.212500 1.370833
v -27.924999 1.137500 1.295833
v -27.850000 1.156250 1.314583
v -27.924999 1.212500 1.295833
v -28.000000 1.137500 1.295833
v -28.000000 1.212500 1.295833
v -27.850000 1.193750 1.314583
v -27.850000 1.193750 1.352083
v -28.000000 1.137500 1.704166
v -28.000000 1.212500 1.704166
v -27.924999 1.137500 1.704166
v -27.850000 1.156250 1.685416
v -27.924999 1.212500 1.704166
v -27.924999 1.137500 1.629166
v -27.850000 1.156250 1.647916
v -27.924999 1.212500 1.629166
v -28.000000 1.137500 1.629166
v -28.000000 1.212500 1.629166
v -27.850000 1.193750 1.647916
v -27.850000 1.193750 1.685416
v -28.000000 1.787501 1.704166
v -28.000000 1.862501 1.704166
v -27.924999 1.787501 1.704166
v -27.850000 1.806251 1.685416
v -27.924999 1.862501 1.704166
v -27.924999 1.787501 1.629166
v -27.850000 1.806251 1.647916
v -27.924999 1.862501 1.629166
v -28.000000 1.787501 1.629166
v -28.000000 1.862501 1.629166
v -27.850000 1.843750 1.647916
v -27.850000 1.843750 1.685416
v -28.000000 2.000000 2.000000
v -28.000000 2.000000 1.000000
v -28.000000 3.000000 2.000000
v -28.000000 3.000000 1.000000
v -28.000000 2.137500 1.370833
v -28.000000 2.212500 1.370833
v -28.000000 2.137500 1.295833
v -28.000000 2.212500 1.295833
v -27.850000 2.156250 1.352083
v -27.924999 2.137500 1.370833
v -27.850000 2.193750 1.352083
v -27.924999 2.212500 1.370833
v -27.850000 2.156250 1.314583
v -27.924999 2.137500 1.295833
v -27.850000 2.193750 1.314583
v -27.924999 2.212500 1.295833
v -28.000000 2.787501 1.704165
v -28.000000 2.862501 1.704165
v -28.000000 2.787501 1.629165
v -28.000000 2.862501 1.629165
v -27.850000 2.806251 1.685415
v -27.924999 2.787501 1.704165
v -27.850000 2.843750 1.685415
v -27.924999 2.862501 1.704165
v -27.850000 2.806251 1.647915
v -27.924999 2.787501 1.629165
v -27.850000 2.843750 1.647915
v -27.924999 2.862501 1.629165
v -28.000000 2.137500 1.704165
v -28.000000 2.212500 1.704165
v -28.000000 2.137500 1.629165
v -28.000000 2.212500 1.629165
v -27.850000 2.156250 1.685415
v -27.924999 2.137500 1.704165
v -27.850000 2.193750 1.685415
v -27.924999 2.212500 1.704165
v -27.850000 2.156250 1.647915
v -27.924999 2.137500 1.629165
v -27.850000 2.193750 1.647915
v -27.924999 2.212500 1.629165
v -28.000000 2.787501 1.370832
v -28.000000 2.862501 1.370832
v -28.000000 2.787501 1.295832
v -28.000000 2.862501 1.295832
v -27.850000 2.806251 1.352082
v -27.924999 2.787501 1.370832
v -27.850000 2.843750 1.352082
v -27.924999 2.862501 1.370832
v -27.850000 2.806251 1.314582
v -27.924999 2.787501 1.295832
v -27.850000 2.843750 1.314582
v -27.924999 2.862501 1.295832
v -28.000000 2.137500 1.962499
v -28.000000 2.212500 1.962499
v -28.000000 2.212500 1.999999
v -27.850000 2.156250 1.981249
v -27.924999 2.137500 1.962499
v -27.850000 2.193750 1.981249
v -27.924999 2.212500 1.962499
v -27.924999 2.137500 1.999999
v -27.850000 2.156250 1.999999
v -27.850000 2.193750 1.999999
v -27.924999 2.212500 1.999999
v -28.000000 2.787501 1.962499
v -28.000000 2.862501 1.962499
v -28.000000 2.862501 1.999999
v -27.850000 2.806251 1.981249
v -27.924999 2.787501 1.962499
v -27.850000 2.843750 1.981249
v -27.924999 2.862501 1.962499
v -27.924999 2.787501 1.999999
v -27.850000 2.806251 1.999999
v -27.850000 2.843750 1.999999
v -27.924999 2.862501 1.999999
v -28.000000 2.137500 1.037500
v -28.000000 2.212500 1.037500
v -28.000000 2.212500 1.000000
v -27.850000 2.156250 1.018750
v -27.924999 2.137500 1.037500
v -27.850000 2.193750 1.018750
v -27.924999 2.212500 1.037500
v -27.850000 2.156250 1.000000
v -27.924999 2.137500 1.000000
v -27.924999 2.212500 1.000000
v -27.850000 2.193750 1.000000
v -28.000000 2.787501 1.037500
v -28.000000 2.862501 1.037500
v -28.000000 2.862501 1.000000
v -27.850000 2.806251 1.018750
v -27.924999 2.787501 1.037500
v -27.850000 2.843750 1.018750
v -27.924999 2.862501 1.037500
v -27.850000 2.806251 1.000000
v -27.924999 2.787501 1.000000
v -27.924999 2.862501 1.000000
v -27.850000 2.843750 1.000000
v -28.000000 3.000000 2.000000
v -28.000000 2.000000 2.000000
v -28.000000 2.000000 1.000000
v -28.000000 3.000000 1.000000
v -28.000000 2.000000 2.000000
v -28.000000 2.000000 1.000000
v -28.000000 3.000000 1.000000
v -28.000000 3.000000 2.000000
v -28.000000 2.333334 1.166667
v -28.000000 2.333334 1.833332
v -28.000000 2.666667 1.166667
v -28.000000 2.666667 1.833332
v -28.299999 2.333334 1.166667
v -28.299999 2.333334 1.833332
v -28.299999 2.666667 1.166667
v -28.299999 2.666667 1.833332
v -28.000000 3.000000 2.000000
v -28.000000 3.000000 1.000000
v -28.000000 4.000000 2.000000
v -28.000000 4.000000 1.000000
v -28.000000 3.137500 1.370833
v -28.000000 3.212500 1.370833
v -28.000000 3.137500 1.295833
v -28.000000 3.212500 1.295833
v -27.850000 3.156250 1.352083
v -27.924999 3.137500 1.370833
v -27.850000 3.193750 1.352083
v -27.924999 3.212500 1.370833
v -27.850000 3.156250 1.314583
v -27.924999 3.137500 1.295833
v -27.850000 3.193750 1.314583
v -27.924999 3.212500 1.295833
v -28.000000 3.787500 1.704165
v -28.000000 3.862500 1.704165
v -28.000000 3.787500 1.629165
v -28.000000 3.862500 1.629165
v -27.850000 3.806250 1.685415
v -27.924999 3.787500 1.704165
v -27.850000 3.843750 1.685415
v -27.924999 3.862500 1.704165
v -27.850000 3.806250 1.647915
v -27.924999 3.787500 1.629165
v -27.850000 3.843750 1.647915
v -27.924999 3.862500 1.629165
v -28.000000 3.137500 1.704165
v -28.000000 3.212500 1.704165
v -28.000000 3.137500 1.629165
v -28.000000 3.212500 1.629165
v -27.850000 3.156250 1.685415
v -27.924999 3.137500 1.704165
v -27.850000 3.193750 1.685415
v -27.924999 3.212500 1.704165
v -27.850000 3.156250 1.647915
v -27.924999 3.137500 1.629165
v -27.850000 3.193750 1.647915
v -27.924999 3.212500 1.629165
v -28.000000 3.787500 1.370832
v -28.000000 3.862500 1.370832
v -28.000000 3.787500 1.295832
v -28.000000 3.862500 1.295832
v -27.850000 3.806250 1.352082
v -27.924999 3.787500 1.370832
v -27.850000 3.843750 1.352082
v -27.924999 3.862500 1.370832
v -27.850000 3.806250 1.314582
v -27.924999 3.787500 1.295832
v -27.850000 3.843750 1.314582
v -27.924999 3.862500 1.295832
v -28.000000 3.137500 1.962499
v -28.000000 3.212500 1.962499
v -28.000000 3.212500 1.999999
v -27.850000 3.156250 1.981249
v -27.924999 3.137500 1.962499
v -27.850000 3.193750 1.981249
v -27.924999 3.212500 1.962499
v -27.924999 3.137500 1.999999
v -27.850000 3.156250 1.999999
v -27.850000 3.193750 1.999999
v -27.924999 3.212500 1.999999
v -28.000000 3.787500 1.962499
v -28.000000 3.862500 1.962499
v -28.000000 3.862500 1.999999
v -27.850000 3.806250 1.981249
v -27.924999 3.787500 1.962499
v -27.850000 3.843750 1.981249
v -27.924999 3.862500 1.962499
v -27.924999 3.787500 1.999999
v -27.850000 3.806250 1.999999
v -27.850000 3.843750 1.999999
v -27.924999 3.862500 1.999999
v -28.000000 3.137500 1.037500
v -28.000000 3.212500 1.037500
v -28.000000 3.212500 1.000000
v -27.850000 3.156250 1.018750
v -27.924999 3.137500 1.037500
v -27.850000 3.193750 1.018750
v -27.924999 3.212500 1.037500
v -27.850000 3.156250 1.000000
v -27.924999 3.137500 1.000000
v -27.924999 3.212500 1.000000
v -27.850000 3.193750 1.000000
v -28.000000 3.787500 1.037500
v -28.000000 3.862500 1.037500
v -28.000000 3.862500 1.000000
v -27.850000 3.806250 1.018750
v -27.924999 3.787500 1.037500
v -27.850000 3.843750 1.018750
v -27.924999 3.862500 1.037500
v -27.850000 3.806250 1.000000
v -27.924999 3.787500 1.000000
v -27.924999 3.862500 1.000000
v -27.850000 3.843750 1.000000
v -28.000000 4.000000 2.000000
v -28.000000 4.000000 1.000000
v -28.000000 5.000000 2.000000
v -28.000000 5.000000 1.000000
v -28.000000 4.137500 1.370833
v -28.000000 4.212500 1.370833
v -28.000000 4.137500 1.295833
v -28.000000 4.212500 1.295833
v -27.850000 4.156250 1.352083
v -27.924999 4.137500 1.370833
v -27.850000 4.193750 1.352083
v -27.924999 4.212500 1.370833
v -27.850000 4.156250 1.314583
v -27.924999 4.137500 1.295833
v -27.850000 4.193750 1.314583
v -27.924999 4.212500 1.295833
v -28.000000 4.787500 1.704165
v -28.000000 4.862500 1.704165
v -28.000000 4.787500 1.629165
v -28.000000 4.862500 1.629165
v -27.850000 4.806250 1.685415
v -27.924999 4.787500 1.704165
v -27.850000 4.843750 1.685415
v -27.924999 4.862500 1.704165
v -27.850000 4.806250 1.647915
v -27.924999 4.787500 1.629165
v -27.850000 4.843750 1.647915
v -27.924999 4.862500 1.629165
v -28.000000 4.137500 1.704165
v -28.000000 4.212500 1.704165
v -28.000000 4.137500 1.629165
v -28.000000 4.212500 1.629165
v -27.850000 4.156250 1.685415
v -27.924999 4.137500 1.704165
v -27.850000 4.193750 1.685415
v -27.924999 4.212500 1.704165
v -27.850000 4.156250 1.647915
v -27.924999 4.137500 1.629165
v -27.850000 4.193750 1.647915
v -27.924999 4.212500 1.629165
v -28.000000 4.787500 1.370832
v -28.000000 4.862500 1.370832
v -28.000000 4.787500 1.295832
v -28.000000 4.862500 1.295832
v -27.850000 4.806250 1.352082
v -27.924999 4.787500 1.370832
v -27.850000 4.843750 1.352082
v -27.924999 4.862500 1.370832
v -27.850000 4.806250 1.314582
v -27.924999 4.787500 1.295832
v -27.850000 4.843750 1.314582
v -27.924999 4.862500 1.295832
v -28.000000 4.137500 1.962499
v -28.000000 4.212500 1.962499
v -28.000000 4.212500 1.999999
v -27.850000 4.156250 1.981249
v -27.924999 4.137500 1.962499
v -27.850000 4.193750 1.981249
v -27.924999 4.212500 1.962499
v -27.924999 4.137500 1.999999
v -27.850000 4.156250 1.999999
v -27.850000 4.193750 1.999999
v -27.924999 4.212500 1.999999
v -28.000000 4.787500 1.962499
v -28.000000 4.862500 1.962499
v -28.000000 4.862500 1.999999
v -27.850000 4.806250 1.981249
v -27.924999 4.787500 1.962499
v -27.850000 4.843750 1.981249
v -27.924999 4.862500 1.962499
v -27.924999 4.787500 1.999999
v -27.850000 4.806250 1.999999
v -27.850000 4.843750 1.999999
v -27.924999 4.862500 1.999999
v -28.000000 4.137500 1.037500
v -28.000000 4.212500 1.037500
v -28.000000 4.212500 1.000000
v -27.850000 4.156250 1.018750
v -27.924999 4.137500 1.037500
v -27.850000 4.193750 1.018750
v -27.924999 4.212500 1.037500
v -27.850000 4.156250 1.000000
v -27.924999 4.137500 1.000000
v -27.924999 4.212500 1.000000
v -27.850000 4.193750 1.000000
v -28.000000 4.787500 1.037500
v -28.000000 4.862500 1.037500
v -28.000000 4.862500 1.000000
v -27.850000 4.806250 1.018750
v -27.924999 4.787500 1.037500
v -27.850000 4.843750 1.018750
v -27.924999 4.862500 1.037500
v -27.850000 4.806250 1.000000
v -27.924999 4.787500 1.000000
v -27.924999 4.862500 1.000000
v -27.850000 4.843750 1.000000
v -28.000000 5.000000 2.000000
v -28.000000 4.000000 2.000000
v -28.000000 4.000000 1.000000
v -28.000000 5.000000 1.000000
v -28.000000 4.000000 2.000000
v -28.000000 4.000000 1.000000
v -28.000000 5.000000 1.000000
v -28.000000 5.000000 2.000000
v -28.000000 4.333333 1.166667
v -28.000000 4.333333 1.833332
v -28.000000 4.666667 1.166667
v -28.000000 4.666667 1.833332
v -28.299999 4.333333 1.166667
v -28.299999 4.333333 1.833332
v -28.299999 4.666667 1.166667
v -28.299999 4.666667 1.833332
v -28.000000 5.000000 2.000000
v -28.000000 6.000000 2.000000
v -28.000000 5.000000 1.000000
v -28.000000 5.000000 1.750000
v -28.000000 6.000000 1.250000
v -28.000000 6.000000 1.416667
v -28.000000 6.000000 1.583333
v -28.000000 6.000000 1.750000
v -28.000000 5.000000 1.583333
v -28.000000 5.000000 1.416667
v -28.000000 5.000000 1.250000
v -28.000000 6.000000 1.000000
v -28.049999 5.725000 1.083333
v -28.049999 5.275000 1.083333
v -28.049999 5.725000 1.250000
v -28.049999 5.275000 1.250000
v -28.049999 5.725000 1.416667
v -28.049999 5.275000 1.416667
v -28.049999 5.725000 1.583333
v -28.049999 5.275000 1.583333
v -28.049999 5.725000 1.750000
v -28.049999 5.275000 1.750000
v -28.049999 5.725000 1.916667
v -28.049999 5.275000 1.916667
v -28.000000 5.775000 1.083333
v -28.000000 5.225000 1.083333
v -28.000000 5.775000 1.250000
v -28.000000 5.225000 1.250000
v -28.000000 5.775000 1.416667
v -28.000000 5.225000 1.416667
v -28.000000 5.775000 1.583333
v -28.000000 5.225000 1.583333
v -28.000000 5.775000 1.750000
v -28.000000 5.225000 1.750000
v -28.000000 5.775000 1.916667
v -28.000000 5.225000 1.916667
v -28.000000 5.137500 1.962500
v -28.000000 5.212500 1.962500
v -27.924999 5.137500 1.962500
v -27.850000 5.156250 1.981250
v -27.924999 5.212500 1.962500
v -27.924999 5.137500 2.000000
v -27.850000 5.156250 2.000000
v -27.850000 5.193750 2.000000
v -27.924999 5.212500 2.000000
v -27.850000 5.193750 1.981250
v -28.000000 5.212500 2.000000
v -28.000000 5.787500 1.037500
v -28.000000 5.862500 1.037500
v -27.924999 5.787500 1.037500
v -27.850000 5.806250 1.018750
v -27.924999 5.862500 1.037500
v -27.924999 5.787500 1.000000
v -27.850000 5.806250 1.000000
v -27.850000 5.843750 1.000000
v -27.924999 5.862500 1.000000
v -27.850000 5.843750 1.018750
v -28.000000 5.862500 1.000000
v -28.000000 5.787500 1.962500
v -28.000000 5.862500 1.962500
v -27.924999 5.787500 1.962500
v -27.850000 5.806250 1.981250
v -27.924999 5.862500 1.962500
v -27.924999 5.787500 2.000000
v -27.850000 5.806250 2.000000
v -27.850000 5.843750 2.000000
v -27.924999 5.862500 2.000000
v -27.850000 5.843750 1.981250
v -28.000000 5.862500 2.000000
v -28.000000 5.137500 1.037500
v -28.000000 5.212500 1.037500
v -27.924999 5.137500 1.037500
v -27.850000 5.156250 1.018750
v -27.924999 5.212500 1.037500
v -27.924999 5.137500 1.000000
v -27.850000 5.156250 1.000000
v -27.850000 5.193750 1.000000
v -27.924999 5.212500 1.000000
v -27.850000 5.193750 1.018750
v -28.000000 5.212500 1.000000
v -28.000000 5.787500 1.370833
v -28.000000 5.862500 1.370833
v -27.924999 5.787500 1.370833
v -27.850000 5.806250 1.352083
v -27.924999 5.862500 1.370833
v -27.924999 5.787500 1.295833
v -27.850000 5.806250 1.314583
v -27.924999 5.862500 1.295833
v -28.000000 5.787500 1.295833
v -28.000000 5.862500 1.295833
v -27.850000 5.843750 1.314583
v -27.850000 5.843750 1.352083
v -28.000000 5.137500 1.370833
v -28.000000 5.212500 1.370833
v -27.924999 5.137500 1.370833
v -27.850000 5.156250 1.352083
v -27.924999 5.212500 1.370833
v -27.924999 5.137500 1.295833
v -27.850000 5.156250 1.314583
v -27.924999 5.212500 1.295833
v -28.000000 5.137500 1.295833
v -28.000000 5.212500 1.295833
v -27.850000 5.193750 1.314583
v -27.850000 5.193750 1.352083
v -28.000000 5.137500 1.704166
v -28.000000 5.212500 1.704166
v -27.924999 5.137500 1.704166
v -27.850000 5.156250 1.685416
v -27.924999 5.212500 1.704166
v -27.924999 5.137500 1.629166
v -27.850000 5.156250 1.647916
v -27.924999 5.212500 1.629166
v -28.000000 5.137500 1.629166
v -28.000000 5.212500 1.629166
v -27.850000 5.193750 1.647916
v -27.850000 5.193750 1.685416
v -28.000000 5.787500 1.704166
v -28.000000 5.862500 1.704166
v -27.924999 5.787500 1.704166
v -27.850000 5.806250 1.685416
v -27.924999 5.862500 1.704166
v -27.924999 5.787500 1.629166
v -27.850000 5.806250 1.647916
v -27.924999 5.862500 1.629166
v -28.000000 5.787500 1.629166
v -28.000000 5.862500 1.629166
v -27.850000 5.843750 1.647916
v -27.850000 5.843750 1.685416
v -28.000000 6.000000 2.000000
v -28.000000 6.000000 1.000000
v -28.000000 7.000000 2.000000
v -28.000000 7.000000 1.000000
v -28.000000 6.137500 1.370833
v -28.000000 6.212500 1.370833
v -28.000000 6.137500 1.295833
v -28.000000 6.212500 1.295833
v -27.850000 6.156250 1.352083
v -27.924999 6.137500 1.370833
v -27.850000 6.193750 1.352083
v -27.924999 6.212500 1.370833
v -27.850000 6.156250 1.314583
v -27.924999 6.137500 1.295833
v -27.850000 6.193750 1.314583
v -27.924999 6.212500 1.295833
v -28.000000 6.787500 1.704165
v -28.000000 6.862500 1.704165
v -28.000000 6.787500 1.629165
v -28.000000 6.862500 1.629165
v -27.850000 6.806250 1.685415
v -27.924999 6.787500 1.704165
v -27.850000 6.843750 1.685415
v -27.924999 6.862500 1.704165
v -27.850000 6.806250 1.647915
v -27.924999 6.787500 1.629165
v -27.850000 6.843750 1.647915
v -27.924999 6.862500 1.629165
v -28.000000 6.137500 1.704165
v -28.000000 6.212500 1.704165
v -28.000000 6.137500 1.629165
v -28.000000 6.212500 1.629165
v -27.850000 6.156250 1.685415
v -27.924999 6.137500 1.704165
v -27.850000 6.193750 1.685415
v -27.924999 6.212500 1.704165
v -27.850000 6.156250 1.647915
v -27.924999 6.137500 1.629165
v -27.850000 6.193750 1.647915
v -27.924999 6.212500 1.629165
v -28.000000 6.787500 1.370832
v -28.000000 6.862500 1.370832
v -28.000000 6.787500 1.295832
v -28.000000 6.862500 1.295832
v -27.850000 6.806250 1.352082
v -27.924999 6.787500 1.370832
v -27.850000 6.843750 1.352082
v -27.924999 6.862500 1.370832
v -27.850000 6.806250 1.314582
v -27.924999 6.787500 1.295832
v -27.850000 6.843750 1.314582
v -27.924999 6.862500 1.295832
v -28.000000 6.137500 1.962499
v -28.000000 6.212500 1.962499
v -28.000000 6.212500 1.999999
v -27.850000 6.156250 1.981249
v -27.924999 6.137500 1.962499
v -27.850000 6.193750 1.981249
v -27.924999 6.212500 1.962499
v -27.924999 6.137500 1.999999
v -27.850000 6.156250 1.999999
v -27.850000 6.193750 1.999999
v -27.924999 6.212500 1.999999
v -28.000000 6.787500 1.962499
v -28.000000 6.862500 1.962499
v -28.000000 6.862500 1.999999
v -27.850000 6.806250 1.981249
v -27.924999 6.787500 1.962499
v -27.850000 6.843750 1.981249
v -27.924999 6.862500 1.962499
v -27.924999 6.787500 1.999999
v -27.850000 6.806250 1.999999
v -27.850000 6.843750 1.999999
v -27.924999 6.862500 1.999999
v -28.000000 6.137500 1.037500
v -28.000000 6.212500 1.037500
v -28.000000 6.212500 1.000000
v -27.850000 6.156250 1.018750
v -27.924999 6.137500 1.037500
v -27.850000 6.193750 1.018750
v -27.924999 6.212500 1.037500
v -27.850000 6.156250 1.000000
v -27.924999 6.137500 1.000000
v -27.924999 6.212500 1.000000
v -27.850000 6.193750 1.000000
v -28.000000 6.787500 1.037500
v -28.000000 6.862500 1.037500
v -28.000000 6.862500 1.000000
v -27.850000 6.806250 1.018750
v -27.924999 6.787500 1.037500
v -27.850000 6.843750 1.018750
v -27.924999 6.862500 1.037500
v -27.850000 6.806250 1.000000
v -27.924999 6.787500 1.000000
v -27.924999 6.862500 1.000000
v -27.850000 6.843750 1.000000
v -28.000000 7.000000 2.000000
v -28.000000 7.000000 1.000000
v -28.000000 8.000000 2.000000
v -28.000000 8.000000 1.000000
v -28.000000 7.137500 1.370833
v -28.000000 7.212500 1.370833
v -28.000000 7.137500 1.295833
v -28.000000 7.212500 1.295833
v -27.850000 7.156250 1.352083
v -27.924999 7.137500 1.370833
v -27.850000 7.193750 1.352083
v -27.924999 7.212500 1.370833
v -27.850000 7.156250 1.314583
v -27.924999 7.137500 1.295833
v -27.850000 7.193750 1.314583
v -27.924999 7.212500 1.295833
v -28.000000 7.787500 1.704165
v -28.000000 7.862500 1.704165
v -28.000000 7.787500 1.629165
v -28.000000 7.862500 1.629165
v -27.850000 7.806250 1.685415
v -27.924999 7.787500 1.704165
v -27.850000 7.843750 1.685415
v -27.924999 7.862500 1.704165
v -27.850000 7.806250 1.647915
v -27.924999 7.787500 1.629165
v -27.850000 7.843750 1.647915
v -27.924999 7.862500 1.629165
v -28.000000 7.137500 1.704165
v -28.000000 7.212500 1.704165
v -28.000000 7.137500 1.629165
v -28.000000 7.212500 1.629165
v -27.850000 7.156250 1.685415
v -27.924999 7.137500 1.704165
v -27.850000 7.193750 1.685415
v -27.924999 7.212500 1.704165
v -27.850000 7.156250 1.647915
v -27.924999 7.137500 1.629165
v -27.850000 7.193750 1.647915
v -27.924999 7.212500 1.629165
v -28.000000 7.787500 1.370832
v -28.000000 7.862500 1.370832
v -28.000000 7.787500 1.295832
v -28.000000 7.862500 1.295832
v -27.850000 7.806250 1.352082
v -27.924999 7.787500 1.370832
v -27.850000 7.843750 1.352082
v -27.924999 7.862500 1.370832
v -27.850000 7.806250 1.314582
v -27.924999 7.787500 1.295832
v -27.850000 7.843750 1.314582
v -27.924999 7.862500 1.295832
v -28.000000 7.137500 1.962499
v -28.000000 7.212500 1.962499
v -28.000000 7.212500 1.999999
v -27.850000 7.156250 1.981249
v -27.924999 7.137500 1.962499
v -27.850000 7.193750 1.981249
v -27.924999 7.212500 1.962499
v -27.924999 7.137500 1.999999
v -27.850000 7.156250 1.999999
v -27.850000 7.193750 1.999999
v -27.924999 7.212500 1.999999
v -28.000000 7.787500 1.962499
v -28.000000 7.862500 1.962499
v -28.000000 7.862500 1.999999
v -27.850000 7.806250 1.981249
v -27.924999 7.787500 1.962499
v -27.850000 7.843750 1.981249
v -27.924999 7.862500 1.962499
v -27.924999 7.787500 1.999999
v -27.850000 7.806250 1.999999
v -27.850000 7.843750 1.999999
v -27.924999 7.862500 1.999999
v -28.000000 7.137500 1.037500
v -28.000000 7.212500 1.037500
v -28.000000 7.212500 1.000000
v -27.850000 7.156250 1.018750
v -27.924999 7.137500 1.037500
v -27.850000 7.193750 1.018750
v -27.924999 7.212500 1.037500
v -27.850000 7.156250 1.000000
v -27.924999 7.137500 1.000000
v -27.924999 7.212500 1.000000
v -27.850000 7.193750 1.000000
v -28.000000 7.787500 1.037500
v -28.000000 7.862500 1.037500
v -28.000000 7.862500 1.000000
v -27.850000 7.806250 1.018750
v -27.924999 7.787500 1.037500
v -27.850000 7.843750 1.018750
v -27.924999 7.862500 1.037500
v -27.850000 7.806250 1.000000
v -27.924999 7.787500 1.000000
v -27.924999 7.862500 1.000000
v -27.850000 7.843750 1.000000
v -28.000000 8.000000 2.000000
v -28.000000 7.000000 2.000000
v -28.000000 7.000000 1.000000
v -28.000000 8.000000 1.000000
v -28.000000 7.000000 2.000000
v -28.000000 7.000000 1.000000
v -28.000000 8.000000 1.000000
v -28.000000 8.000000 2.000000
v -28.000000 7.333333 1.166667
v -28.000000 7.333333 1.833332
v -28.000000 7.666667 1.166667
v -28.000000 7.666667 1.833332
v -28.299999 7.333333 1.166667
v -28.299999 7.333333 1.833332
v -28.299999 7.666667 1.166667
v -28.299999 7.666667 1.833332
v -28.000000 8.000000 2.000000
v -28.000000 8.000000 1.000000
v -28.000000 9.000000 2.000000
v -28.000000 9.000000 1.000000
v -28.000000 8.137500 1.370833
v -28.000000 8.212500 1.370833
v -28.000000 8.137500 1.295833
v -28.000000 8.212500 1.295833
v -27.850000 8.156250 1.352083
v -27.924999 8.137500 1.370833
v -27.850000 8.193749 1.352083
v -27.924999 8.212500 1.370833
v -27.850000 8.156250 1.314583
v -27.924999 8.137500 1.295833
v -27.850000 8.193749 1.314583
v -27.924999 8.212500 1.295833
v -28.000000 8.787500 1.704165
v -28.000000 8.862500 1.704165
v -28.000000 8.787500 1.629165
v -28.000000 8.862500 1.629165
v -27.850000 8.806250 1.685415
v -27.924999 8.787500 1.704165
v -27.850000 8.843750 1.685415
v -27.924999 8.862500 1.704165
v -27.850000 8.806250 1.647915
v -27.924999 8.787500 1.629165
v -27.850000 8.843750 1.647915
v -27.924999 8.862500 1.629165
v -28.000000 8.137500 1.704165
v -28.000000 8.212500 1.704165
v -28.000000 8.137500 1.629165
v -28.000000 8.212500 1.629165
v -27.850000 8.156250 1.685415
v -27.924999 8.137500 1.704165
v -27.850000 8.193749 1.685415
v -27.924999 8.212500 1.704165
v -27.850000 8.156250 1.647915
v -27.924999 8.137500 1.629165
v -27.850000 8.193749 1.647915
v -27.924999 8.212500 1.629165
v -28.000000 8.787500 1.370832
v -28.000000 8.862500 1.370832
v -28.000000 8.787500 1.295832
v -28.000000 8.862500 1.295832
v -27.850000 8.806250 1.352082
v -27.924999 8.787500 1.370832
v -27.850000 8.843750 1.352082
v -27.924999 8.862500 1.370832
v -27.850000 8.806250 1.314582
v -27.924999 8.787500 1.295832
v -27.850000 8.843750 1.314582
v -27.924999 8.862500 1.295832
v -28.000000 8.137500 1.962499
v -28.000000 8.212500 1.962499
v -28.000000 8.212500 1.999999
v -27.850000 8.156250 1.981249
v -27.924999 8.137500 1.962499
v -27.850000 8.193749 1.981249
v -27.924999 8.212500 1.962499
v -27.924999 8.137500 1.999999
v -27.850000 8.156250 1.999999
v -27.850000 8.193749 1.999999
v -27.924999 8.212500 1.999999
v -28.000000 8.787500 1.962499
v -28.000000 8.862500 1.962499
v -28.000000 8.862500 1.999999
v -27.850000 8.806250 1.981249
v -27.924999 8.787500 1.962499
v -27.850000 8.843750 1.981249
v -27.924999 8.862500 1.962499
v -27.924999 8.787500 1.999999
v -27.850000 8.806250 1.999999
v -27.850000 8.843750 1.999999
v -27.924999 8.862500 1.999999
v -28.000000 8.137500 1.037500
v -28.000000 8.212500 1.037500
v -28.000000 8.212500 1.000000
v -27.850000 8.156250 1.018750
v -27.924999 8.137500 1.037500
v -27.850000 8.193749 1.018750
v -27.924999 8.212500 1.037500
v -27.850000 8.156250 1.000000
v -27.924999 8.137500 1.000000
v -27.924999 8.212500 1.000000
v -27.850000 8.193749 1.000000
v -28.000000 8.787500 1.037500
v -28.000000 8.862500 1.037500
v -28.000000 8.862500 1.000000
v -27.850000 8.806250 1.018750
v -27.924999 8.787500 1.037500
v -27.850000 8.843750 1.018750
v -27.924999 8.862500 1.037500
v -27.850000 8.806250 1.000000
v -27.924999 8.787500 1.000000
v -27.924999 8.862500 1.000000
v -27.850000 8.843750 1.000000
v -28.000000 9.000000 2.000000
v -28.000000 8.000000 2.000000
v -28.000000 8.000000 1.000000
v -28.000000 9.000000 1.000000
v -28.000000 8.000000 2.000000
v -28.000000 8.000000 1.000000
v -28.000000 9.000000 1.000000
v -28.000000 9.000000 2.000000
v -28.000000 8.333333 1.166667
v -28.000000 8.333333 1.833332
v -28.000000 8.666667 1.166667
v -28.000000 8.666667 1.833332
v -28.299999 8.333333 1.166667
v -28.299999 8.333333 1.833332
v -28.299999 8.666667 1.166667
v -28.299999 8.666667 1.833332
v -28.000000 9.000000 2.000000
v -28.000000 10.000000 2.000000
v -28.000000 9.000000 1.000000
v -28.000000 9.000000 1.750000
v -28.000000 10.000000 1.250000
v -28.000000 10.000000 1.416667
v -28.000000 10.000000 1.583333
v -28.000000 10.000000 1.750000
v -28.000000 9.000000 1.583333
v -28.000000 9.000000 1.416667
v -28.000000 9.000000 1.250000
v -28.000000 10.000000 1.000000
v -28.049999 9.725000 1.083333
v -28.049999 9.275000 1.083333
v -28.049999 9.725000 1.250000
v -28.049999 9.275000 1.250000
v -28.049999 9.725000 1.416667
v -28.049999 9.275000 1.416667
v -28.049999 9.725000 1.583333
v -28.049999 9.275000 1.583333
v -28.049999 9.725000 1.750000
v -28.049999 9.275000 1.750000
v -28.049999 9.725000 1.916667
v -28.049999 9.275000 1.916667
v -28.000000 9.775000 1.083333
v -28.000000 9.225000 1.083333
v -28.000000 9.775000 1.250000
v -28.000000 9.225000 1.250000
v -28.000000 9.775000 1.416667
v -28.000000 9.225000 1.416667
v -28.000000 9.775000 1.583333
v -28.000000 9.225000 1.583333
v -28.000000 9.775000 1.750000
v -28.000000 9.225000 1.750000
v -28.000000 9.775000 1.916667
v -28.000000 9.225000 1.916667
v -28.000000 9.137500 1.962500
v -28.000000 9.212500 1.962500
v -27.924999 9.137500 1.962500
v -27.850000 9.156250 1.981250
v -27.924999 9.212500 1.962500
v -27.924999 9.137500 2.000000
v -27.850000 9.156250 2.000000
v -27.850000 9.193749 2.000000
v -27.924999 9.212500 2.000000
v -27.850000 9.193749 1.981250
v -28.000000 9.212500 2.000000
v -28.000000 9.787500 1.037500
v -28.000000 9.862500 1.037500
v -27.924999 9.787500 1.037500
v -27.850000 9.806250 1.018750
v -27.924999 9.862500 1.037500
v -27.924999 9.787500 1.000000
v -27.850000 9.806250 1.000000
v -27.850000 9.843750 1.000000
v -27.924999 9.862500 1.000000
v -27.850000 9.843750 1.018750
v -28.000000 9.862500 1.000000
v -28.000000 9.787500 1.962500
v -28.000000 9.862500 1.962500
v -27.924999 9.787500 1.962500
v -27.850000 9.806250 1.981250
v -27.924999 9.862500 1.962500
v -27.924999 9.787500 2.000000
v -27.850000 9.806250 2.000000
v -27.850000 9.843750 2.000000
v -27.924999 9.862500 2.000000
v -27.850000 9.843750 1.981250
v -28.000000 9.862500 2.000000
v -28.000000 9.137500 1.037500
v -28.000000 9.212500 1.037500
v -27.924999 9.137500 1.037500
v -27.850000 9.156250 1.018750
v -27.924999 9.212500 1.037500
v -27.924999 9.137500 1.000000
v -27.850000 9.156250 1.000000
v -27.850000 9.193749 1.000000
v -27.924999 9.212500 1.000000
v -27.850000 9.193749 1.018750
v -28.000000 9.212500 1.000000
v -28.000000 9.787500 1.370833
v -28.000000 9.862500 1.370833
v -27.924999 9.787500 1.370833
v -27.850000 9.806250 1.352083
v -27.924999 9.862500 1.370833
v -27.924999 9.787500 1.295833
v -27.850000 9.806250 1.314583
v -27.924999 9.862500 1.295833
v -28.000000 9.787500 1.295833
v -28.000000 9.862500 1.295833
v -27.850000 9.843750 1.314583
v -27.850000 9.843750 1.352083
v -28.000000 9.137500 1.370833
v -28.000000 9.212500 1.370833
v -27.924999 9.137500 1.370833
v -27.850000 9.156250 1.352083
v -27.924999 9.212500 1.370833
v -27.924999 9.137500 1.295833
v -27.850000 9.156250 1.314583
v -27.924999 9.212500 1.295833
v -28.000000 9.137500 1.295833
v -28.000000 9.212500 1.295833
v -27.850000 9.193749 1.314583
v -27.850000 9.193749 1.352083
v -28.000000 9.137500 1.704166
v -28.000000 9.212500 1.704166
v -27.924999 9.137500 1.704166
v -27.850000 9.156250 1.685416
v -27.924999 9.212500 1.704166
v -27.924999 9.137500 1.629166
v -27.850000 9.156250 1.647916
v -27.924999 9.212500 1.629166
v -28.000000 9.137500 1.629166
v -28.000000 9.212500 1.629166
v -27.850000 9.193749 1.647916
v -27.850000 9.193749 1.685416
v -28.000000 9.787500 1.704166
v -28.000000 9.862500 1.704166
v -27.924999 9.787500 1.704166
v -27.850000 9.806250 1.685416
v -27.924999 9.862500 1.704166
v -27.924999 9.787500 1.629166
v -27.850000 9.806250 1.647916
v -27.924999 9.862500 1.629166
v -28.000000 9.787500 1.629166
v -28.000000 9.862500 1.629166
v -27.850000 9.843750 1.647916
v -27.850000 9.843750 1.685416
v -28.000000 10.000000 2.000000
v -28.000000 10.000000 1.000000
v -28.000000 11.000000 2.000000
v -28.000000 11.000000 1.000000
v -28.000000 10.137500 1.370833
v -28.000000 10.212500 1.370833
v -28.000000 10.137500 1.295833
v -28.000000 10.212500 1.295833
v -27.850000 10.156250 1.352083
v -27.924999 10.137500 1.370833
v -27.850000 10.193749 1.352083
v -27.924999 10.212500 1.370833
v -27.850000 10.156250 1.314583
v -27.924999 10.137500 1.295833
v -27.850000 10.193749 1.314583
v -27.924999 10.212500 1.295833
v -28.000000 10.787500 1.704165
v -28.000000 10.862500 1.704165
v -28.000000 10.787500 1.629165
v -28.000000 10.862500 1.629165
v -27.850000 10.806250 1.685415
v -27.924999 10.787500 1.704165
v -27.850000 10.843750 1.685415
v -27.924999 10.862500 1.704165
v -27.850000 10.806250 1.647915
v -27.924999 10.787500 1.629165
v -27.850000 10.843750 1.647915
v -27.924999 10.862500 1.629165
v -28.000000 10.137500 1.704165
v -28.000000 10.212500 1.704165
v -28.000000 10.137500 1.629165
v -28.000000 10.212500 1.629165
v -27.850000 10.156250 1.685415
v -27.924999 10.137500 1.704165
v -27.850000 10.193749 1.685415
v -27.924999 10.212500 1.704165
v -27.850000 10.156250 1.647915
v -27.924999 10.137500 1.629165
v -27.850000 10.193749 1.647915
v -27.924999 10.212500 1.629165
v -28.000000 10.787500 1.370832
v -28.000000 10.862500 1.370832
v -28.000000 10.787500 1.295832
v -28.000000 10.862500 1.295832
v -27.850000 10.806250 1.352082
v -27.924999 10.787500 1.370832
v -27.850000 10.843750 1.352082
v -27.924999 10.862500 1.370832
v -27.850000 10.806250 1.314582
v -27.924999 10.787500 1.295832
v -27.850000 10.843750 1.314582
v -27.924999 10.862500 1.295832
v -28.000000 10.137500 1.962499
v -28.000000 10.212500 1.962499
v -28.000000 10.212500 1.999999
v -27.850000 10.156250 1.981249
v -27.924999 10.137500 1.962499
v -27.850000 10.193749 1.981249
v -27.924999 10.212500 1.962499
v -27.924999 10.137500 1.999999
v -27.850000 10.156250 1.999999
v -27.850000 10.193749 1.999999
v -27.924999 10.212500 1.999999
v -28.000000 10.787500 1.962499
v -28.000000 10.862500 1.962499
v -28.000000 10.862500 1.999999
v -27.850000 10.806250 1.981249
v -27.924999 10.787500 1.962499
v -27.850000 10.843750 1.981249
v -27.924999 10.862500 1.962499
v -27.924999 10.787500 1.999999
v -27.850000 10.806250 1.999999
v -27.850000 10.843750 1.999999
v -27.924999 10.862500 1.999999
v -28.000000 10.137500 1.037500
v -28.000000 10.212500 1.037500
v -28.000000 10.212500 1.000000
v -27.850000 10.156250 1.018750
v -27.924999 10.137500 1.037500
v -27.850000 10.193749 1.018750
v -27.924999 10.212500 1.037500
v -27.850000 10.156250 1.000000
v -27.924999 10.137500 1.000000
v -27.924999 10.212500 1.000000
v -27.850000 10.193749 1.000000
v -28.000000 10.787500 1.037500
v -28.000000 10.862500 1.037500
v -28.000000 10.862500 1.000000
v -27.850000 10.806250 1.018750
v -27.924999 10.787500 1.037500
v -27.850000 10.843750 1.018750
v -27.924999 10.862500 1.037500
v -27.850000 10.806250 1.000000
v -27.924999 10.787500 1.000000
v -27.924999 10.862500 1.000000
v -27.850000 10.843750 1.000000
v -28.000000 11.000000 2.000000
v -28.000000 11.000000 1.000000
v -28.000000 12.000000 2.000000
v -28.000000 12.000000 1.000000
v -28.000000 11.137500 1.370833
v -28.000000 11.212500 1.370833
v -28.000000 11.137500 1.295833
v -28.000000 11.212500 1.295833
v -27.850000 11.156250 1.352083
v -27.924999 11.137500 1.370833
v -27.850000 11.193749 1.352083
v -27.924999 11.212500 1.370833
v -27.850000 11.156250 1.314583
v -27.924999 11.137500 1.295833
v -27.850000 11.193749 1.314583
v -27.924999 11.212500 1.295833
v -28.000000 11.787500 1.704165
v -28.000000 11.862500 1.704165
v -28.000000 11.787500 1.629165
v -28.000000 11.862500 1.629165
v -27.850000 11.806250 1.685415
v -27.924999 11.787500 1.704165
v -27.850000 11.843750 1.685415
v -27.924999 11.862500 1.704165
v -27.850000 11.806250 1.647915
v -27.924999 11.787500 1.629165
v -27.850000 11.843750 1.647915
v -27.924999 11.862500 1.629165
v -28.000000 11.137500 1.704165
v -28.000000 11.212500 1.704165
v -28.000000 11.137500 1.629165
v -28.000000 11.212500 1.629165
v -27.850000 11.156250 1.685415
v -27.924999 11.137500 1.704165
v -27.850000 11.193749 1.685415
v -27.924999 11.212500 1.704165
v -27.850000 11.156250 1.647915
v -27.924999 11.137500 1.629165
v -27.850000 11.193749 1.647915
v -27.924999 11.212500 1.629165
v -28.000000 11.787500 1.370832
v -28.000000 11.862500 1.370832
v -28.000000 11.787500 1.295832
v -28.000000 11.862500 1.295832
v -27.850000 11.806250 1.352082
v -27.924999 11.787500 1.370832
v -27.850000 11.843750 1.352082
v -27.924999 11.862500 1.370832
v -27.850000 11.806250 1.314582
v -27.924999 11.787500 1.295832
v -27.850000 11.843750 1.314582
v -27.924999 11.862500 1.295832
v -28.000000 11.137500 1.962499
v -28.000000 11.212500 1.962499
v -28.000000 11.212500 1.999999
v -27.850000 11.156250 1.981249
v -27.924999 11.137500 1.962499
v -27.850000 11.193749 1.981249
v -27.924999 11.212500 1.962499
v -27.924999 11.137500 1.999999
v -27.850000 11.156250 1.999999
v -27.850000 11.193749 1.999999
v -27.924999 11.212500 1.999999
v -28.000000 11.787500 1.962499
v -28.000000 11.862500 1.962499
v -28.000000 11.862500 1.999999
v -27.850000 11.806250 1.981249
v -27.924999 11.787500 1.962499
v -27.850000 11.843750 1.981249
v -27.924999 11.862500 1.962499
v -27.924999 11.787500 1.999999
v -27.850000 11.806250 1.999999
v -27.850000 11.843750 1.999999
v -27.924999 11.862500 1.999999
v -28.000000 11.137500 1.037500
v -28.000000 11.212500 1.037500
v -28.000000 11.212500 1.000000
v -27.850000 11.156250 1.018750
v -27.924999 11.137500 1.037500
v -27.850000 11.193749 1.018750
v -27.924999 11.212500 1.037500
v -27.850000 11.156250 1.000000
v -27.924999 11.137500 1.000000
v -27.924999 11.212500 1.000000
v -27.850000 11.193749 1.000000
v -28.000000 11.787500 1.037500
v -28.000000 11.862500 1.037500
v -28.000000 11.862500 1.000000
v -27.850000 11.806250 1.018750
v -27.924999 11.787500 1.037500
v -27.850000 11.843750 1.018750
v -27.924999 11.862500 1.037500
v -27.850000 11.806250 1.000000
v -27.924999 11.787500 1.000000
v -27.924999 11.862500 1.000000
v -27.850000 11.843750 1.000000
v -28.000000 12.000000 2.000000
v -28.000000 13.000000 2.000000
v -28.000000 12.000000 1.000000
v -28.000000 12.000000 1.750000
v -28.000000 13.000000 1.250000
v -28.000000 13.000000 1.416667
v -28.000000 13.000000 1.583333
v -28.000000 13.000000 1.750000
v -28.000000 12.000000 1.583333
v -28.000000 12.000000 1.416667
v -28.000000 12.000000 1.250000
v -28.000000 13.000000 1.000000
v -28.049999 12.725000 1.083333
v -28.049999 12.275000 1.083333
v -28.049999 12.725000 1.250000
v -28.049999 12.275000 1.250000
v -28.049999 12.725000 1.416667
v -28.049999 12.275000 1.416667
v -28.049999 12.725000 1.583333
v -28.049999 12.275000 1.583333
v -28.049999 12.725000 1.750000
v -28.049999 12.275000 1.750000
v -28.049999 12.725000 1.916667
v -28.049999 12.275000 1.916667
v -28.000000 12.775000 1.083333
v -28.000000 12.225000 1.083333
v -28.000000 12.775000 1.250000
v -28.000000 12.225000 1.250000
v -28.000000 12.775000 1.416667
v -28.000000 12.225000 1.416667
v -28.000000 12.775000 1.583333
v -28.000000 12.225000 1.583333
v -28.000000 12.775000 1.750000
v -28.000000 12.225000 1.750000
v -28.000000 12.775000 1.916667
v -28.000000 12.225000 1.916667
v -28.000000 12.137500 1.962500
v -28.000000 12.212500 1.962500
v -27.924999 12.137500 1.962500
v -27.850000 12.156250 1.981250
v -27.924999 12.212500 1.962500
v -27.924999 12.137500 2.000000
v -27.850000 12.156250 2.000000
v -27.850000 12.193749 2.000000
v -27.924999 12.212500 2.000000
v -27.850000 12.193749 1.981250
v -28.000000 12.212500 2.000000
v -28.000000 12.787500 1.037500
v -28.000000 12.862500 1.037500
v -27.924999 12.787500 1.037500
v -27.850000 12.806250 1.018750
v -27.924999 12.862500 1.037500
v -27.924999 12.787500 1.000000
v -27.850000 12.806250 1.000000
v -27.850000 12.843750 1.000000
v -27.924999 12.862500 1.000000
v -27.850000 12.843750 1.018750
v -28.000000 12.862500 1.000000
v -28.000000 12.787500 1.962500
v -28.000000 12.862500 1.962500
v -27.924999 12.787500 1.962500
v -27.850000 12.806250 1.981250
v -27.924999 12.862500 1.962500
v -27.924999 12.787500 2.000000
v -27.850000 12.806250 2.000000
v -27.850000 12.843750 2.000000
v -27.924999 12.862500 2.000000
v -27.850000 12.843750 1.981250
v -28.000000 12.862500 2.000000
v -28.000000 12.137500 1.037500
v -28.000000 12.212500 1.037500
v -27.924999 12.137500 1.037500
v -27.850000 12.156250 1.018750
v -27.924999 12.212500 1.037500
v -27.924999 12.137500 1.000000
v -27.850000 12.156250 1.000000
v -27.850000 12.193749 1.000000
v -27.924999 12.212500 1.000000
v -27.850000 12.193749 1.018750
v -28.000000 12.212500 1.000000
v -28.000000 12.787500 1.370833
v -28.000000 12.862500 1.370833
v -27.924999 12.787500 1.370833
v -27.850000 12.806250 1.352083
v -27.924999 12.862500 1.370833
v -27.924999 12.787500 1.295833
v -27.850000 12.806250 1.314583
v -27.924999 12.862500 1.295833
v -28.000000 12.787500 1.295833
v -28.000000 12.862500 1.295833
v -27.850000 12.843750 1.314583
v -27.850000 12.843750 1.352083
v -28.000000 12.137500 1.370833
v -28.000000 12.212500 1.370833
v -27.924999 12.137500 1.370833
v -27.850000 12.156250 1.352083
v -27.924999 12.212500 1.370833
v -27.924999 12.137500 1.295833
v -27.850000 12.156250 1.314583
v -27.924999 12.212500 1.295833
v -28.000000 12.137500 1.295833
v -28.000000 12.212500 1.295833
v -27.850000 12.193749 1.314583
v -27.850000 12.193749 1.352083
v -28.000000 12.137500 1.704166
v -28.000000 12.212500 1.704166
v -27.924999 12.137500 1.704166
v -27.850000 12.156250 1.685416
v -27.924999 12.212500 1.704166
v -27.924999 12.137500 1.629166
v -27.850000 12.156250 1.647916
v -27.924999 12.212500 1.629166
v -28.000000 12.137500 1.629166
v -28.000000 12.212500 1.629166
v -27.850000 12.193749 1.647916
v -27.850000 12.193749 1.685416
v -28.000000 12.787500 1.704166
v -28.000000 12.862500 1.704166
v -27.924999 12.787500 1.704166
v -27.850000 12.806250 1.685416
v -27.924999 12.862500 1.704166
v -27.924999 12.787500 1.629166
v -27.850000 12.806250 1.647916
v -27.924999 12.862500 1.629166
v -28.000000 12.787500 1.629166
v -28.000000 12.862500 1.629166
v -27.850000 12.843750 1.647916
v -27.850000 12.843750 1.685416
v -28.000000 13.000000 2.000000
v -28.000000 13.000000 1.000000
v -28.000000 14.000000 2.000000
v -28.000000 14.000000 1.000000
v -28.000000 13.137500 1.370833
v -28.000000 13.212500 1.370833
v -28.000000 13.137500 1.295833
v -28.000000 13.212500 1.295833
v -27.850000 13.156250 1.352083
v -27.924999 13.137500 1.370833
v -27.850000 13.193749 1.352083
v -27.924999 13.212500 1.370833
v -27.850000 13.156250 1.314583
v -27.924999 13.137500 1.295833
v -27.850000 13.193749 1.314583
v -27.924999 13.212500 1.295833
v -28.000000 13.787500 1.704165
v -28.000000 13.862500 1.704165
v -28.000000 13.787500 1.629165
v -28.000000 13.862500 1.629165
v -27.850000 13.806250 1.685415
v -27.924999 13.787500 1.704165
v -27.850000 13.843750 1.685415
v -27.924999 13.862500 1.704165
v -27.850000 13.806250 1.647915
v -27.924999 13.787500 1.629165
v -27.850000 13.843750 1.647915
v -27.924999 13.862500 1.629165
v -28.000000 13.137500 1.704165
v -28.000000 13.212500 1.704165
v -28.000000 13.137500 1.629165
v -28.000000 13.212500 1.629165
v -27.850000 13.156250 1.685415
v -27.924999 13.137500 1.704165
v -27.850000 13.193749 1.685415
v -27.924999 13.212500 1.704165
v -27.850000 13.156250 1.647915
v -27.924999 13.137500 1.629165
v -27.850000 13.193749 1.647915
v -27.924999 13.212500 1.629165
v -28.000000 13.787500 1.370832
v -28.000000 13.862500 1.370832
v -28.000000 13.787500 1.295832
v -28.000000 13.862500 1.295832
v -27.850000 13.806250 1.352082
v -27.924999 13.787500 1.370832
v -27.850000 13.843750 1.352082
v -27.924999 13.862500 1.370832
v -27.850000 13.806250 1.314582
v -27.924999 13.787500 1.295832
v -27.850000 13.843750 1.314582
v -27.924999 13.862500 1.295832
v -28.000000 13.137500 1.962499
v -28.000000 13.212500 1.962499
v -28.000000 13.212500 1.999999
v -27.850000 13.156250 1.981249
v -27.924999 13.137500 1.962499
v -27.850000 13.193749 1.981249
v -27.924999 13.212500 1.962499
v -27.924999 13.137500 1.999999
v -27.850000 13.156250 1.999999
v -27.850000 13.193749 1.999999
v -27.924999 13.212500 1.999999
v -28.000000 13.787500 1.962499
v -28.000000 13.862500 1.962499
v -28.000000 13.862500 1.999999
v -27.850000 13.806250 1.981249
v -27.924999 13.787500 1.962499
v -27.850000 13.843750 1.981249
v -27.924999 13.862500 1.962499
v -27.924999 13.787500 1.999999
v -27.850000 13.806250 1.999999
v -27.850000 13.843750 1.999999
v -27.924999 13.862500 1.999999
v -28.000000 13.137500 1.037500
v -28.000000 13.212500 1.037500
v -28.000000 13.212500 1.000000
v -27.850000 13.156250 1.018750
v -27.924999 13.137500 1.037500
v -27.850000 13.193749 1.018750
v -27.924999 13.212500 1.037500
v -27.850000 13.156250 1.000000
v -27.924999 13.137500 1.000000
v -27.924999 13.212500 1.000000
v -27.850000 13.193749 1.000000
v -28.000000 13.787500 1.037500
v -28.000000 13.862500 1.037500
v -28.000000 13.862500 1.000000
v -27.850000 13.806250 1.018750
v -27.924999 13.787500 1.037500
v -27.850000 13.843750 1.018750
v -27.924999 13.862500 1.037500
v -27.850000 13.806250 1.000000
v -27.924999 13.787500 1.000000
v -27.924999 13.862500 1.000000
v -27.850000 13.843750 1.000000
v -28.000000 14.000000 2.000000
v -28.000000 13.000000 2.000000
v -28.000000 13.000000 1.000000
v -28.000000 14.000000 1.000000
v -28.000000 13.000000 2.000000
v -28.000000 13.000000 1.000000
v -28.000000 14.000000 1.000000
v -28.000000 14.000000 2.000000
v -28.000000 13.333333 1.166667
v -28.000000 13.333333 1.833332
v -28.000000 13.666667 1.166667
v -28.000000 13.666667 1.833332
v -28.299999 13.333333 1.166667
v -28.299999 13.333333 1.833332
v -28.299999 13.666667 1.166667
v -28.299999 13.666667 1.833332
v -28.000000 1.000000 1.000000
v -28.000000 1.000000 0.000000
v -28.000000 2.000000 1.000000
v -28.000000 2.000000 0.000000
v -28.000000 1.137500 0.370833
v -28.000000 1.212500 0.370833
v -28.000000 1.137500 0.295833
v -28.000000 1.212500 0.295833
v -27.850000 1.156250 0.352083
v -27.924999 1.137500 0.370833
v -27.850000 1.193750 0.352083
v -27.924999 1.212500 0.370833
v -27.850000 1.156250 0.314583
v -27.924999 1.137500 0.295833
v -27.850000 1.193750 0.314583
v -27.924999 1.212500 0.295833
v -28.000000 1.787501 0.704165
v -28.000000 1.862501 0.704165
v -28.000000 1.787501 0.629165
v -28.000000 1.862501 0.629165
v -27.850000 1.806251 0.685415
v -27.924999 1.787501 0.704165
v -27.850000 1.843750 0.685415
v -27.924999 1.862501 0.704165
v -27.850000 1.806251 0.647915
v -27.924999 1.787501 0.629165
v -27.850000 1.843750 0.647915
v -27.924999 1.862501 0.629165
v -28.000000 1.137500 0.704165
v -28.000000 1.212500 0.704165
v -28.000000 1.137500 0.629165
v -28.000000 1.212500 0.629165
v -27.850000 1.156250 0.685415
v -27.924999 1.137500 0.704165
v -27.850000 1.193750 0.685415
v -27.924999 1.212500 0.704165
v -27.850000 1.156250 0.647915
v -27.924999 1.137500 0.629165
v -27.850000 1.193750 0.647915
v -27.924999 1.212500 0.629165
v -28.000000 1.787501 0.370832
v -28.000000 1.862501 0.370832
v -28.000000 1.787501 0.295832
v -28.000000 1.862501 0.295832
v -27.850000 1.806251 0.352082
v -27.924999 1.787501 0.370832
v -27.850000 1.843750 0.352082
v -27.924999 1.862501 0.370832
v -27.850000 1.806251 0.314582
v -27.924999 1.787501 0.295832
v -27.850000 1.843750 0.314582
v -27.924999 1.862501 0.295832
v -28.000000 1.137500 0.962499
v -28.000000 1.212500 0.962499
v -28.000000 1.212500 0.999999
v -27.850000 1.156250 0.981249
v -27.924999 1.137500 0.962499
v -27.850000 1.193750 0.981249
v -27.924999 1.212500 0.962499
v -27.924999 1.137500 0.999999
v -27.850000 1.156250 0.999999
v -27.850000 1.193750 0.999999
v -27.924999 1.212500 0.999999
v -28.000000 1.787501 0.962499
v -28.000000 1.862501 0.962499
v -28.000000 1.862501 0.999999
v -27.850000 1.806251 0.981249
v -27.924999 1.787501 0.962499
v -27.850000 1.843750 0.981249
v -27.924999 1.862501 0.962499
v -27.924999 1.787501 0.999999
v -27.850000 1.806251 0.999999
v -27.850000 1.843750 0.999999
v -27.924999 1.862501 0.999999
v -28.000000 1.137500 0.037500
v -28.000000 1.212500 0.037500
v -28.000000 1.212500 -0.000000
v -27.850000 1.156250 0.018750
v -27.924999 1.137500 0.037500
v -27.850000 1.193750 0.018750
v -27.924999 1.212500 0.037500
v -27.850000 1.156250 -0.000000
v -27.924999 1.137500 -0.000000
v -27.924999 1.212500 -0.000000
v -27.850000 1.193750 -0.000000
v -28.000000 1.787501 0.037500
v -28.000000 1.862501 0.037500
v -28.000000 1.862501 -0.000000
v -27.850000 1.806251 0.018750
v -27.924999 1.787501 0.037500
v -27.850000 1.843750 0.018750
v -27.924999 1.862501 0.037500
v -27.850000 1.806251 -0.000000
v -27.924999 1.787501 -0.000000
v -27.924999 1.862501 -0.000000
v -27.850000 1.843750 -0.000000
v -28.000000 2.000000 1.000000
v -28.000000 2.000000 0.000000
v -28.000000 3.000000 1.000000
v -28.000000 3.000000 0.000000
v -28.000000 2.137500 0.370833
v -28.000000 2.212500 0.370833
v -28.000000 2.137500 0.295833
v -28.000000 2.212500 0.295833
v -27.850000 2.156250 0.352083
v -27.924999 2.137500 0.370833
v -27.850000 2.193750 0.352083
v -27.924999 2.212500 0.370833
v -27.850000 2.156250 0.314583
v -27.924999 2.137500 0.295833
v -27.850000 2.193750 0.314583
v -27.924999 2.212500 0.295833
v -28.000000 2.787501 0.704165
v -28.000000 2.862501 0.704165
v -28.000000 2.787501 0.629165
v -28.000000 2.862501 0.629165
v -27.850000 2.806251 0.685415
v -27.924999 2.787501 0.704165
v -27.850000 2.843750 0.685415
v -27.924999 2.862501 0.704165
v -27.850000 2.806251 0.647915
v -27.924999 2.787501 0.629165
v -27.850000 2.843750 0.647915
v -27.924999 2.862501 0.629165
v -28.000000 2.137500 0.704165
v -28.000000 2.212500 0.704165
v -28.000000 2.137500 0.629165
v -28.000000 2.212500 0.629165
v -27.850000 2.156250 0.685415
v -27.924999 2.137500 0.704165
v -27.850000 2.193750 0.685415
v -27.924999 2.212500 0.704165
v -27.850000 2.156250 0.647915
v -27.924999 2.137500 0.629165
v -27.850000 2.193750 0.647915
v -27.924999 2.212500 0.629165
v -28.000000 2.787501 0.370832
v -28.000000 2.862501 0.370832
v -28.000000 2.787501 0.295832
v -28.000000 2.862501 0.295832
v -27.850000 2.806251 0.352082
v -27.924999 2.787501 0.370832
v -27.850000 2.843750 0.352082
v -27.924999 2.862501 0.370832
v -27.850000 2.806251 0.314582
v -27.924999 2.787501 0.295832
v -27.850000 2.843750 0.314582
v -27.924999 2.862501 0.295832
v -28.000000 2.137500 0.962499
v -28.000000 2.212500 0.962499
v -28.000000 2.212500 0.999999
v -27.850000 2.156250 0.981249
v -27.924999 2.137500 0.962499
v -27.850000 2.193750 0.981249
v -27.924999 2.212500 0.962499
v -27.924999 2.137500 0.999999
v -27.850000 2.156250 0.999999
v -27.850000 2.193750 0.999999
v -27.924999 2.212500 0.999999
v -28.000000 2.787501 0.962499
v -28.000000 2.862501 0.962499
v -28.000000 2.862501 0.999999
v -27.850000 2.806251 0.981249
v -27.924999 2.787501 0.962499
v -27.850000 2.843750 0.981249
v -27.924999 2.862501 0.962499
v -27.924999 2.787501 0.999999
v -27.850000 2.806251 0.999999
v -27.850000 2.843750 0.999999
v -27.924999 2.862501 0.999999
v -28.000000 2.137500 0.037500
v -28.000000 2.212500 0.037500
v -28.000000 2.212500 -0.000000
v -27.850000 2.156250 0.018750
v -27.924999 2.137500 0.037500
v -27.850000 2.193750 0.018750
v -27.924999 2.212500 0.037500
v -27.850000 2.156250 -0.000000
v -27.924999 2.137500 -0.000000
v -27.924999 2.212500 -0.000000
v -27.850000 2.193750 -0.000000
v -28.000000 2.787501 0.037500
v -28.000000 2.862501 0.037500
v -28.000000 2.862501 -0.000000
v -27.850000 2.806251 0.018750
v -27.924999 2.787501 0.037500
v -27.850000 2.843750 0.018750
v -27.924999 2.862501 0.037500
v -27.850000 2.806251 -0.000000
v -27.924999 2.787501 -0.000000
v -27.924999 2.862501 -0.000000
v -27.850000 2.843750 -0.000000
v -28.000000 3.000000 1.000000
v -28.000000 3.000000 0.000000
v -28.000000 4.000000 1.000000
v -28.000000 4.000000 0.000000
v -28.000000 3.137500 0.370833
v -28.000000 3.212500 0.370833
v -28.000000 3.137500 0.295833
v -28.000000 3.212500 0.295833
v -27.850000 3.156250 0.352083
v -27.924999 3.137500 0.370833
v -27.850000 3.193750 0.352083
v -27.924999 3.212500 0.370833
v -27.850000 3.156250 0.314583
v -27.924999 3.137500 0.295833
v -27.850000 3.193750 0.314583
v -27.924999 3.212500 0.295833
v -28.000000 3.787500 0.704165
v -28.000000 3.862500 0.704165
v -28.000000 3.787500 0.629165
v -28.000000 3.862500 0.629165
v -27.850000 3.806250 0.685415
v -27.924999 3.787500 0.704165
v -27.850000 3.843750 0.685415
v -27.924999 3.862500 0.704165
v -27.850000 3.806250 0.647915
v -27.924999 3.787500 0.629165
v -27.850000 3.843750 0.647915
v -27.924999 3.862500 0.629165
v -28.000000 3.137500 0.704165
v -28.000000 3.212500 0.704165
v -28.000000 3.137500 0.629165
v -28.000000 3.212500 0.629165
v -27.850000 3.156250 0.685415
v -27.924999 3.137500 0.704165
v -27.850000 3.193750 0.685415
v -27.924999 3.212500 0.704165
v -27.850000 3.156250 0.647915
v -27.924999 3.137500 0.629165
v -27.850000 3.193750 0.647915
v -27.924999 3.212500 0.629165
v -28.000000 3.787500 0.370832
v -28.000000 3.862500 0.370832
v -28.000000 3.787500 0.295832
v -28.000000 3.862500 0.295832
v -27.850000 3.806250 0.352082
v -27.924999 3.787500 0.370832
v -27.850000 3.843750 0.352082
v -27.924999 3.862500 0.370832
v -27.850000 3.806250 0.314582
v -27.924999 3.787500 0.295832
v -27.850000 3.843750 0.314582
v -27.924999 3.862500 0.295832
v -28.000000 3.137500 0.962499
v -28.000000 3.212500 0.962499
v -28.000000 3.212500 0.999999
v -27.850000 3.156250 0.981249
v -27.924999 3.137500 0.962499
v -27.850000 3.193750 0.981249
v -27.924999 3.212500 0.962499
v -27.924999 3.137500 0.999999
v -27.850000 3.156250 0.999999
v -27.850000 3.193750 0.999999
v -27.924999 3.212500 0.999999
v -28.000000 3.787500 0.962499
v -28.000000 3.862500 0.962499
v -28.000000 3.862500 0.999999
v -27.850000 3.806250 0.981249
v -27.924999 3.787500 0.962499
v -27.850000 3.843750 0.981249
v -27.924999 3.862500 0.962499
v -27.924999 3.787500 0.999999
v -27.850000 3.806250 0.999999
v -27.850000 3.843750 0.999999
v -27.924999 3.862500 0.999999
v -28.000000 3.137500 0.037500
v -28.000000 3.212500 0.037500
v -28.000000 3.212500 -0.000000
v -27.850000 3.156250 0.018750
v -27.924999 3.137500 0.037500
v -27.850000 3.193750 0.018750
v -27.924999 3.212500 0.037500
v -27.850000 3.156250 -0.000000
v -27.924999 3.137500 -0.000000
v -27.924999 3.212500 -0.000000
v -27.850000 3.193750 -0.000000
v -28.000000 3.787500 0.037500
v -28.000000 3.862500 0.037500
v -28.000000 3.862500 -0.000000
v -27.850000 3.806250 0.018750
v -27.924999 3.787500 0.037500
v -27.850000 3.843750 0.018750
v -27.924999 3.862500 0.037500
v -27.850000 3.806250 -0.000000
v -27.924999 3.787500 -0.000000
v -27.924999 3.862500 -0.000000
v -27.850000 3.843750 -0.000000
v -28.000000 4.000000 1.000000
v -28.000000 3.000000 1.000000
v -28.000000 3.000000 0.000000
v -28.000000 4.000000 0.000000
v -28.000000 3.000000 1.000000
v -28.000000 3.000000 0.000000
v -28.000000 4.000000 0.000000
v -28.000000 4.000000 1.000000
v -28.000000 3.333333 0.166667
v -28.000000 3.333333 0.833332
v -28.000000 3.666667 0.166667
v -28.000000 3.666667 0.833332
v -28.299999 3.333333 0.166667
v -28.299999 3.333333 0.833332
v -28.299999 3.666667 0.166667
v -28.299999 3.666667 0.833332
v -28.000000 4.000000 1.000000
v -28.000000 4.000000 0.000000
v -28.000000 5.000000 1.000000
v -28.000000 5.000000 0.000000
v -28.000000 4.137500 0.370833
v -28.000000 4.212500 0.370833
v -28.000000 4.137500 0.295833
v -28.000000 4.212500 0.295833
v -27.850000 4.156250 0.352083
v -27.924999 4.137500 0.370833
v -27.850000 4.193750 0.352083
v -27.924999 4.212500 0.370833
v -27.850000 4.156250 0.314583
v -27.924999 4.137500 0.295833
v -27.850000 4.193750 0.314583
v -27.924999 4.212500 0.295833
v -28.000000 4.787500 0.704165
v -28.000000 4.862500 0.704165
v -28.000000 4.787500 0.629165
v -28.000000 4.862500 0.629165
v -27.850000 4.806250 0.685415
v -27.924999 4.787500 0.704165
v -27.850000 4.843750 0.685415
v -27.924999 4.862500 0.704165
v -27.850000 4.806250 0.647915
v -27.924999 4.787500 0.629165
v -27.850000 4.843750 0.647915
v -27.924999 4.862500 0.629165
v -28.000000 4.137500 0.704165
v -28.000000 4.212500 0.704165
v -28.000000 4.137500 0.629165
v -28.000000 4.212500 0.629165
v -27.850000 4.156250 0.685415
v -27.924999 4.137500 0.704165
v -27.850000 4.193750 0.685415
v -27.924999 4.212500 0.704165
v -27.850000 4.156250 0.647915
v -27.924999 4.137500 0.629165
v -27.850000 4.193750 0.647915
v -27.924999 4.212500 0.629165
v -28.000000 4.787500 0.370832
v -28.000000 4.862500 0.370832
v -28.000000 4.787500 0.295832
v -28.000000 4.862500 0.295832
v -27.850000 4.806250 0.352082
v -27.924999 4.787500 0.370832
v -27.850000 4.843750 0.352082
v -27.924999 4.862500 0.370832
v -27.850000 4.806250 0.314582
v -27.924999 4.787500 0.295832
v -27.850000 4.843750 0.314582
v -27.924999 4.862500 0.295832
v -28.000000 4.137500 0.962499
v -28.000000 4.212500 0.962499
v -28.000000 4.212500 0.999999
v -27.850000 4.156250 0.981249
v -27.924999 4.137500 0.962499
v -27.850000 4.193750 0.981249
v -27.924999 4.212500 0.962499
v -27.924999 4.137500 0.999999
v -27.850000 4.156250 0.999999
v -27.850000 4.193750 0.999999
v -27.924999 4.212500 0.999999
v -28.000000 4.787500 0.962499
v -28.000000 4.862500 0.962499
v -28.000000 4.862500 0.999999
v -27.850000 4.806250 0.981249
v -27.924999 4.787500 0.962499
v -27.850000 4.843750 0.981249
v -27.924999 4.862500 0.962499
v -27.924999 4.787500 0.999999
v -27.850000 4.806250 0.999999
v -27.850000 4.843750 0.999999
v -27.924999 4.862500 0.999999
v -28.000000 4.137500 0.037500
v -28.000000 4.212500 0.037500
v -28.000000 4.212500 -0.000000
v -27.850000 4.156250 0.018750
v -27.924999 4.137500 0.037500
v -27.850000 4.193750 0.018750
v -27.924999 4.212500 0.037500
v -27.850000 4.156250 -0.000000
v -27.924999 4.137500 -0.000000
v -27.924999 4.212500 -0.000000
v -27.850000 4.193750 -0.000000
v -28.000000 4.787500 0.037500
v -28.000000 4.862500 0.037500
v -28.000000 4.862500 -0.000000
v -27.850000 4.806250 0.018750
v -27.924999 4.787500 0.037500
v -27.850000 4.843750 0.018750
v -27.924999 4.862500 0.037500
v -27.850000 4.806250 -0.000000
v -27.924999 4.787500 -0.000000
v -27.924999 4.862500 -0.000000
v -27.850000 4.843750 -0.000000
v -28.000000 5.000000 1.000000
v -28.000000 6.000000 1.000000
v -28.000000 5.000000 0.000000
v -28.000000 5.000000 0.750000
v -28.000000 6.000000 0.250000
v -28.000000 6.000000 0.416667
v -28.000000 6.000000 0.583333
v -28.000000 6.000000 0.750000
v -28.000000 5.000000 0.583333
v -28.000000 5.000000 0.416667
v -28.000000 5.000000 0.250000
v -28.000000 6.000000 0.000000
v -28.049999 5.725000 0.083333
v -28.049999 5.275000 0.083333
v -28.049999 5.725000 0.250000
v -28.049999 5.275000 0.250000
v -28.049999 5.725000 0.416667
v -28.049999 5.275000 0.416667
v -28.049999 5.725000 0.583333
v -28.049999 5.275000 0.583333
v -28.049999 5.725000 0.750000
v -28.049999 5.275000 0.750000
v -28.049999 5.725000 0.916667
v -28.049999 5.275000 0.916667
v -28.000000 5.775000 0.083333
v -28.000000 5.225000 0.083333
v -28.000000 5.775000 0.250000
v -28.000000 5.225000 0.250000
v -28.000000 5.775000 0.416667
v -28.000000 5.225000 0.416667
v -28.000000 5.775000 0.583333
v -28.000000 5.225000 0.583333
v -28.000000 5.775000 0.750000
v -28.000000 5.225000 0.750000
v -28.000000 5.775000 0.916667
v -28.000000 5.225000 0.916667
v -28.000000 5.137500 0.962500
v -28.000000 5.212500 0.962500
v -27.924999 5.137500 0.962500
v -27.850000 5.156250 0.981250
v -27.924999 5.212500 0.962500
v -27.924999 5.137500 1.000000
v -27.850000 5.156250 1.000000
v -27.850000 5.193750 1.000000
v -27.924999 5.212500 1.000000
v -27.850000 5.193750 0.981250
v -28.000000 5.212500 1.000000
v -28.000000 5.787500 0.037500
v -28.000000 5.862500 0.037500
v -27.924999 5.787500 0.037500
v -27.850000 5.806250 0.018750
v -27.924999 5.862500 0.037500
v -27.924999 5.787500 0.000000
v -27.850000 5.806250 0.000000
v -27.850000 5.843750 0.000000
v -27.924999 5.862500 0.000000
v -27.850000 5.843750 0.018750
v -28.000000 5.862500 0.000000
v -28.000000 5.787500 0.962500
v -28.000000 5.862500 0.962500
v -27.924999 5.787500 0.962500
v -27.850000 5.806250 0.981250
v -27.924999 5.862500 0.962500
v -27.924999 5.787500 1.000000
v -27.850000 5.806250 1.000000
v -27.850000 5.843750 1.000000
v -27.924999 5.862500 1.000000
v -27.850000 5.843750 0.981250
v -28.000000 5.862500 1.000000
v -28.000000 5.137500 0.037500
v -28.000000 5.212500 0.037500
v -27.924999 5.137500 0.037500
v -27.850000 5.156250 0.018750
v -27.924999 5.212500 0.037500
v -27.924999 5.137500 0.000000
v -27.850000 5.156250 0.000000
v -27.850000 5.193750 0.000000
v -27.924999 5.212500 0.000000
v -27.850000 5.193750 0.018750
v -28.000000 5.212500 0.000000
v -28.000000 5.787500 0.370833
v -28.000000 5.862500 0.370833
v -27.924999 5.787500 0.370833
v -27.850000 5.806250 0.352083
v -27.924999 5.862500 0.370833
v -27.924999 5.787500 0.295833
v -27.850000 5.806250 0.314583
v -27.924999 5.862500 0.295833
v -28.000000 5.787500 0.295833
v -28.000000 5.862500 0.295833
v -27.850000 5.843750 0.314583
v -27.850000 5.843750 0.352083
v -28.000000 5.137500 0.370833
v -28.000000 5.212500 0.370833
v -27.924999 5.137500 0.370833
v -27.850000 5.156250 0.352083
v -27.924999 5.212500 0.370833
v -27.924999 5.137500 0.295833
v -27.850000 5.156250 0.314583
v -27.924999 5.212500 0.295833
v -28.000000 5.137500 0.295833
v -28.000000 5.212500 0.295833
v -27.850000 5.193750 0.314583
v -27.850000 5.193750 0.352083
v -28.000000 5.137500 0.704166
v -28.000000 5.212500 0.704166
v -27.924999 5.137500 0.704166
v -27.850000 5.156250 0.685416
v -27.924999 5.212500 0.704166
v -27.924999 5.137500 0.629166
v -27.850000 5.156250 0.647916
v -27.924999 5.212500 0.629166
v -28.000000 5.137500 0.629166
v -28.000000 5.212500 0.629166
v -27.850000 5.193750 0.647916
v -27.850000 5.193750 0.685416
v -28.000000 5.787500 0.704166
v -28.000000 5.862500 0.704166
v -27.924999 5.787500 0.704166
v -27.850000 5.806250 0.685416
v -27.924999 5.862500 0.704166
v -27.924999 5.787500 0.629166
v -27.850000 5.806250 0.647916
v -27.924999 5.862500 0.629166
v -28.000000 5.787500 0.629166
v -28.000000 5.862500 0.629166
v -27.850000 5.843750 0.647916
v -27.850000 5.843750 0.685416
v -28.000000 6.000000 1.000000
v -28.000000 7.000000 1.000000
v -28.000000 6.000000 0.000000
v -28.000000 6.000000 0.750000
v -28.000000 7.000000 0.250000
v -28.000000 7.000000 0.416667
v -28.000000 7.000000 0.583333
v -28.000000 7.000000 0.750000
v -28.000000 6.000000 0.583333
v -28.000000 6.000000 0.416667
v -28.000000 6.000000 0.250000
v -28.000000 7.000000 0.000000
v -28.049999 6.725000 0.083333
v -28.049999 6.275000 0.083333
v -28.049999 6.725000 0.250000
v -28.049999 6.275000 0.250000
v -28.049999 6.725000 0.416667
v -28.049999 6.275000 0.416667
v -28.049999 6.725000 0.583333
v -28.049999 6.275000 0.583333
v -28.049999 6.725000 0.750000
v -28.049999 6.275000 0.750000
v -28.049999 6.725000 0.916667
v -28.049999 6.275000 0.916667
v -28.000000 6.775000 0.083333
v -28.000000 6.225000 0.083333
v -28.000000 6.775000 0.250000
v -28.000000 6.225000 0.250000
v -28.000000 6.775000 0.416667
v -28.000000 6.225000 0.416667
v -28.000000 6.775000 0.583333
v -28.000000 6.225000 0.583333
v -28.000000 6.775000 0.750000
v -28.000000 6.225000 0.750000
v -28.000000 6.775000 0.916667
v -28.000000 6.225000 0.916667
v -28.000000 6.137500 0.962500
v -28.000000 6.212500 0.962500
v -27.924999 6.137500 0.962500
v -27.850000 6.156250 0.981250
v -27.924999 6.212500 0.962500
v -27.924999 6.137500 1.000000
v -27.850000 6.156250 1.000000
v -27.850000 6.193750 1.000000
v -27.924999 6.212500 1.000000
v -27.850000 6.193750 0.981250
v -28.000000 6.212500 1.000000
v -28.000000 6.787500 0.037500
v -28.000000 6.862500 0.037500
v -27.924999 6.787500 0.037500
v -27.850000 6.806250 0.018750
v -27.924999 6.862500 0.037500
v -27.924999 6.787500 0.000000
v -27.850000 6.806250 0.000000
v -27.850000 6.843750 0.000000
v -27.924999 6.862500 0.000000
v -27.850000 6.843750 0.018750
v -28.000000 6.862500 0.000000
v -28.000000 6.787500 0.962500
v -28.000000 6.862500 0.962500
v -27.924999 6.787500 0.962500
v -27.850000 6.806250 0.981250
v -27.924999 6.862500 0.962500
v -27.924999 6.787500 1.000000
v -27.850000 6.806250 1.000000
v -27.850000 6.843750 1.000000
v -27.924999 6.862500 1.000000
v -27.850000 6.843750 0.981250
v -28.000000 6.862500 1.000000
v -28.000000 6.137500 0.037500
v -28.000000 6.212500 0.037500
v -27.924999 6.137500 0.037500
v -27.850000 6.156250 0.018750
v -27.924999 6.212500 0.037500
v -27.924999 6.137500 0.000000
v -27.850000 6.156250 0.000000
v -27.850000 6.193750 0.000000
v -27.924999 6.212500 0.000000
v -27.850000 6.193750 0.018750
v -28.000000 6.212500 0.000000
v -28.000000 6.787500 0.370833
v -28.000000 6.862500 0.370833
v -27.924999 6.787500 0.370833
v -27.850000 6.806250 0.352083
v -27.924999 6.862500 0.370833
v -27.924999 6.787500 0.295833
v -27.850000 6.806250 0.314583
v -27.924999 6.862500 0.295833
v -28.000000 6.787500 0.295833
v -28.000000 6.862500 0.295833
v -27.850000 6.843750 0.314583
v -27.850000 6.843750 0.352083
v -28.000000 6.137500 0.370833
v -28.000000 6.212500 0.370833
v -27.924999 6.137500 0.370833
v -27.850000 6.156250 0.352083
v -27.924999 6.212500 0.370833
v -27.924999 6.137500 0.295833
v -27.850000 6.156250 0.314583
v -27.924999 6.212500 0.295833
v -28.000000 6.137500 0.295833
v -28.000000 6.212500 0.295833
v -27.850000 6.193750 0.314583
v -27.850000 6.193750 0.352083
v -28.000000 6.137500 0.704166
v -28.000000 6.212500 0.704166
v -27.924999 6.137500 0.704166
v -27.850000 6.156250 0.685416
v -27.924999 6.212500 0.704166
v -27.924999 6.137500 0.629166
v -27.850000 6.156250 0.647916
v -27.924999 6.212500 0.629166
v -28.000000 6.137500 0.629166
v -28.000000 6.212500 0.629166
v -27.850000 6.193750 0.647916
v -27.850000 6.193750 0.685416
v -28.000000 6.787500 0.704166
v -28.000000 6.862500 0.704166
v -27.924999 6.787500 0.704166
v -27.850000 6.806250 0.685416
v -27.924999 6.862500 0.704166
v -27.924999 6.787500 0.629166
v -27.850000 6.806250 0.647916
v -27.924999 6.862500 0.629166
v -28.000000 6.787500 0.629166
v -28.000000 6.862500 0.629166
v -27.850000 6.843750 0.647916
v -27.850000 6.843750 0.685416
v -28.000000 7.000000 1.000000
v -28.000000 7.000000 0.000000
v -28.000000 8.000000 1.000000
v -28.000000 8.000000 0.000000
v -28.000000 7.137500 0.370833
v -28.000000 7.212500 0.370833
v -28.000000 7.137500 0.295833
v -28.000000 7.212500 0.295833
v -27.850000 7.156250 0.352083
v -27.924999 7.137500 0.370833
v -27.850000 7.193750 0.352083
v -27.924999 7.212500 0.370833
v -27.850000 7.156250 0.314583
v -27.924999 7.137500 0.295833
v -27.850000 7.193750 0.314583
v -27.924999 7.212500 0.295833
v -28.000000 7.787500 0.704165
v -28.000000 7.862500 0.704165
v -28.000000 7.787500 0.629165
v -28.000000 7.862500 0.629165
v -27.850000 7.806250 0.685415
v -27.924999 7.787500 0.704165
v -27.850000 7.843750 0.685415
v -27.924999 7.862500 0.704165
v -27.850000 7.806250 0.647915
v -27.924999 7.787500 0.629165
v -27.850000 7.843750 0.647915
v -27.924999 7.862500 0.629165
v -28.000000 7.137500 0.704165
v -28.000000 7.212500 0.704165
v -28.000000 7.137500 0.629165
v -28.000000 7.212500 0.629165
v -27.850000 7.156250 0.685415
v -27.924999 7.137500 0.704165
v -27.850000 7.193750 0.685415
v -27.924999 7.212500 0.704165
v -27.850000 7.156250 0.647915
v -27.924999 7.137500 0.629165
v -27.850000 7.193750 0.647915
v -27.924999 7.212500 0.629165
v -28.000000 7.787500 0.370832
v -28.000000 7.862500 0.370832
v -28.000000 7.787500 0.295832
v -28.000000 7.862500 0.295832
v -27.850000 7.806250 0.352082
v -27.924999 7.787500 0.370832
v -27.850000 7.843750 0.352082
v -27.924999 7.862500 0.370832
v -27.850000 7.806250 0.314582
v -27.924999 7.787500 0.295832
v -27.850000 7.843750 0.314582
v -27.924999 7.862500 0.295832
v -28.000000 7.137500 0.962499
v -28.000000 7.212500 0.962499
v -28.000000 7.212500 0.999999
v -27.850000 7.156250 0.981249
v -27.924999 7.137500 0.962499
v -27.850000 7.193750 0.981249
v -27.924999 7.212500 0.962499
v -27.924999 7.137500 0.999999
v -27.850000 7.156250 0.999999
v -27.850000 7.193750 0.999999
v -27.924999 7.212500 0.999999
v -28.000000 7.787500 0.962499
v -28.000000 7.862500 0.962499
v -28.000000 7.862500 0.999999
v -27.850000 7.806250 0.981249
v -27.924999 7.787500 0.962499
v -27.850000 7.843750 0.981249
v -27.924999 7.862500 0.962499
v -27.924999 7.787500 0.999999
v -27.850000 7.806250 0.999999
v -27.850000 7.843750 0.999999
v -27.924999 7.862500 0.999999
v -28.000000 7.137500 0.037500
v -28.000000 7.212500 0.037500
v -28.000000 7.212500 -0.000000
v -27.850000 7.156250 0.018750
v -27.924999 7.137500 0.037500
v -27.850000 7.193750 0.018750
v -27.924999 7.212500 0.037500
v -27.850000 7.156250 -0.000000
v -27.924999 7.137500 -0.000000
v -27.924999 7.212500 -0.000000
v -27.850000 7.193750 -0.000000
v -28.000000 7.787500 0.037500
v -28.000000 7.862500 0.037500
v -28.000000 7.862500 -0.000000
v -27.850000 7.806250 0.018750
v -27.924999 7.787500 0.037500
v -27.850000 7.843750 0.018750
v -27.924999 7.862500 0.037500
v -27.850000 7.806250 -0.000000
v -27.924999 7.787500 -0.000000
v -27.924999 7.862500 -0.000000
v -27.850000 7.843750 -0.000000
v -28.000000 8.000000 1.000000
v -28.000000 7.000000 1.000000
v -28.000000 7.000000 0.000000
v -28.000000 8.000000 0.000000
v -28.000000 7.000000 1.000000
v -28.000000 7.000000 0.000000
v -28.000000 8.000000 0.000000
v -28.000000 8.000000 1.000000
v -28.000000 7.333333 0.166667
v -28.000000 7.333333 0.833332
v -28.000000 7.666667 0.166667
v -28.000000 7.666667 0.833332
v -28.299999 7.333333 0.166667
v -28.299999 7.333333 0.833332
v -28.299999 7.666667 0.166667
v -28.299999 7.666667 0.833332
v -28.000000 8.000000 1.000000
v -28.000000 9.000000 1.000000
v -28.000000 8.000000 0.000000
v -28.000000 8.000000 0.750000
v -28.000000 9.000000 0.250000
v -28.000000 9.000000 0.416667
v -28.000000 9.000000 0.583333
v -28.000000 9.000000 0.750000
v -28.000000 8.000000 0.583333
v -28.000000 8.000000 0.416667
v -28.000000 8.000000 0.250000
v -28.000000 9.000000 0.000000
v -28.049999 8.725000 0.083333
v -28.049999 8.275000 0.083333
v -28.049999 8.725000 0.250000
v -28.049999 8.275000 0.250000
v -28.049999 8.725000 0.416667
v -28.049999 8.275000 0.416667
v -28.049999 8.725000 0.583333
v -28.049999 8.275000 0.583333
v -28.049999 8.725000 0.750000
v -28.049999 8.275000 0.750000
v -28.049999 8.725000 0.916667
v -28.049999 8.275000 0.916667
v -28.000000 8.775000 0.083333
v -28.000000 8.225000 0.083333
v -28.000000 8.775000 0.250000
v -28.000000 8.225000 0.250000
v -28.000000 8.775000 0.416667
v -28.000000 8.225000 0.416667
v -28.000000 8.775000 0.583333
v -28.000000 8.225000 0.583333
v -28.000000 8.775000 0.750000
v -28.000000 8.225000 0.750000
v -28.000000 8.775000 0.916667
v -28.000000 8.225000 0.916667
v -28.000000 8.137500 0.962500
v -28.000000 8.212500 0.962500
v -27.924999 8.137500 0.962500
v -27.850000 8.156250 0.981250
v -27.924999 8.212500 0.962500
v -27.924999 8.137500 1.000000
v -27.850000 8.156250 1.000000
v -27.850000 8.193749 1.000000
v -27.924999 8.212500 1.000000
v -27.850000 8.193749 0.981250
v -28.000000 8.212500 1.000000
v -28.000000 8.787500 0.037500
v -28.000000 8.862500 0.037500
v -27.924999 8.787500 0.037500
v -27.850000 8.806250 0.018750
v -27.924999 8.862500 0.037500
v -27.924999 8.787500 0.000000
v -27.850000 8.806250 0.000000
v -27.850000 8.843750 0.000000
v -27.924999 8.862500 0.000000
v -27.850000 8.843750 0.018750
v -28.000000 8.862500 0.000000
v -28.000000 8.787500 0.962500
v -28.000000 8.862500 0.962500
v -27.924999 8.787500 0.962500
v -27.850000 8.806250 0.981250
v -27.924999 8.862500 0.962500
v -27.924999 8.787500 1.000000
v -27.850000 8.806250 1.000000
v -27.850000 8.843750 1.000000
v -27.924999 8.862500 1.000000
v -27.850000 8.843750 0.981250
v -28.000000 8.862500 1.000000
v -28.000000 8.137500 0.037500
v -28.000000 8.212500 0.037500
v -27.924999 8.137500 0.037500
v -27.850000 8.156250 0.018750
v -27.924999 8.212500 0.037500
v -27.924999 8.137500 0.000000
v -27.850000 8.156250 0.000000
v -27.850000 8.193749 0.000000
v -27.924999 8.212500 0.000000
v -27.850000 8.193749 0.018750
v -28.000000 8.212500 0.000000
v -28.000000 8.787500 0.370833
v -28.000000 8.862500 0.370833
v -27.924999 8.787500 0.370833
v -27.850000 8.806250 0.352083
v -27.924999 8.862500 0.370833
v -27.924999 8.787500 0.295833
v -27.850000 8.806250 0.314583
v -27.924999 8.862500 0.295833
v -28.000000 8.787500 0.295833
v -28.000000 8.862500 0.295833
v -27.850000 8.843750 0.314583
v -27.850000 8.843750 0.352083
v -28.000000 8.137500 0.370833
v -28.000000 8.212500 0.370833
v -27.924999 8.137500 0.370833
v -27.850000 8.156250 0.352083
v -27.924999 8.212500 0.370833
v -27.924999 8.137500 0.295833
v -27.850000 8.156250 0.314583
v -27.924999 8.212500 0.295833
v -28.000000 8.137500 0.295833
v -28.000000 8.212500 0.295833
v -27.850000 8.193749 0.314583
v -27.850000 8.193749 0.352083
v -28.000000 8.137500 0.704166
v -28.000000 8.212500 0.704166
v -27.924999 8.137500 0.704166
v -27.850000 8.156250 0.685416
v -27.924999 8.212500 0.704166
v -27.924999 8.137500 0.629166
v -27.850000 8.156250 0.647916
v -27.924999 8.212500 0.629166
v -28.000000 8.137500 0.629166
v -28.000000 8.212500 0.629166
v -27.850000 8.193749 0.647916
v -27.850000 8.193749 0.685416
v -28.000000 8.787500 0.704166
v -28.000000 8.862500 0.704166
v -27.924999 8.787500 0.704166
v -27.850000 8.806250 0.685416
v -27.924999 8.862500 0.704166
v -27.924999 8.787500 0.629166
v -27.850000 8.806250 0.647916
v -27.924999 8.862500 0.629166
v -28.000000 8.787500 0.629166
v -28.000000 8.862500 0.629166
v -27.850000 8.843750 0.647916
v -27.850000 8.843750 0.685416
v -28.000000 9.000000 1.000000
v -28.000000 10.000000 1.000000
v -28.000000 9.000000 0.000000
v -28.000000 9.000000 0.750000
v -28.000000 10.000000 0.250000
v -28.000000 10.000000 0.416667
v -28.000000 10.000000 0.583333
v -28.000000 10.000000 0.750000
v -28.000000 9.000000 0.583333
v -28.000000 9.000000 0.416667
v -28.000000 9.000000 0.250000
v -28.000000 10.000000 0.000000
v -28.049999 9.725000 0.083333
v -28.049999 9.275000 0.083333
v -28.049999 9.725000 0.250000
v -28.049999 9.275000 0.250000
v -28.049999 9.725000 0.416667
v -28.049999 9.275000 0.416667
v -28.049999 9.725000 0.583333
v -28.049999 9.275000 0.583333
v -28.049999 9.725000 0.750000
v -28.049999 9.275000 0.750000
v -28.049999 9.725000 0.916667
v -28.049999 9.275000 0.916667
v -28.000000 9.775000 0.083333
v -28.000000 9.225000 0.083333
v -28.000000 9.775000 0.250000
v -28.000000 9.225000 0.250000
v -28.000000 9.775000 0.416667
v -28.000000 9.225000 0.416667
v -28.000000 9.775000 0.583333
v -28.000000 9.225000 0.583333
v -28.000000 9.775000 0.750000
v -28.000000 9.225000 0.750000
v -28.000000 9.775000 0.916667
v -28.000000 9.225000 0.916667
v -28.000000 9.137500 0.962500
v -28.000000 9.212500 0.962500
v -27.924999 9.137500 0.962500
v -27.850000 9.156250 0.981250
v -27.924999 9.212500 0.962500
v -27.924999 9.137500 1.000000
v -27.850000 9.156250 1.000000
v -27.850000 9.193749 1.000000
v -27.924999 9.212500 1.000000
v -27.850000 9.193749 0.981250
v -28.000000 9.212500 1.000000
v -28.000000 9.787500 0.037500
v -28.000000 9.862500 0.037500
v -27.924999 9.787500 0.037500
v -27.850000 9.806250 0.018750
v -27.924999 9.862500 0.037500
v -27.924999 9.787500 0.000000
v -27.850000 9.806250 0.000000
v -27.850000 9.843750 0.000000
v -27.924999 9.862500 0.000000
v -27.850000 9.843750 0.018750
v -28.000000 9.862500 0.000000
v -28.000000 9.787500 0.962500
v -28.000000 9.862500 0.962500
v -27.924999 9.787500 0.962500
v -27.850000 9.806250 0.981250
v -27.924999 9.862500 0.962500
v -27.924999 9.787500 1.000000
v -27.850000 9.806250 1.000000
v -27.850000 9.843750 1.000000
v -27.924999 9.862500 1.000000
v -27.850000 9.843750 0.981250
v -28.000000 9.862500 1.000000
v -28.000000 9.137500 0.037500
v -28.000000 9.212500 0.037500
v -27.924999 9.137500 0.037500
v -27.850000 9.156250 0.018750
v -27.924999 9.212500 0.037500
v -27.924999 9.137500 0.000000
v -27.850000 9.156250 0.000000
v -27.850000 9.193749 0.000000
v -27.924999 9.212500 0.000000
v -27.850000 9.193749 0.018750
v -28.000000 9.212500 0.000000
v -28.000000 9.787500 0.370833
v -28.000000 9.862500 0.370833
v -27.924999 9.787500 0.370833
v -27.850000 9.806250 0.352083
v -27.924999 9.862500 0.370833
v -27.924999 9.787500 0.295833
v -27.850000 9.806250 0.314583
v -27.924999 9.862500 0.295833
v -28.000000 9.787500 0.295833
v -28.000000 9.862500 0.295833
v -27.850000 9.843750 0.314583
v -27.850000 9.843750 0.352083
v -28.000000 9.137500 0.370833
v -28.000000 9.212500 0.370833
v -27.924999 9.137500 0.370833
v -27.850000 9.156250 0.352083
v -27.924999 9.212500 0.370833
v -27.924999 9.137500 0.295833
v -27.850000 9.156250 0.314583
v -27.924999 9.212500 0.295833
v -28.000000 9.137500 0.295833
v -28.000000 9.212500 0.295833
v -27.850000 9.193749 0.314583
v -27.850000 9.193749 0.352083
v -28.000000 9.137500 0.704166
v -28.000000 9.212500 0.704166
v -27.924999 9.137500 0.704166
v -27.850000 9.156250 0.685416
v -27.924999 9.212500 0.704166
v -27.924999 9.137500 0.629166
v -27.850000 9.156250 0.647916
v -27.924999 9.212500 0.629166
v -28.000000 9.137500 0.629166
v -28.000000 9.212500 0.629166
v -27.850000 9.193749 0.647916
v -27.850000 9.193749 0.685416
v -28.000000 9.787500 0.704166
v -28.000000 9.862500 0.704166
v -27.924999 9.787500 0.704166
v -27.850000 9.806250 0.685416
v -27.924999 9.862500 0.704166
v -27.924999 9.787500 0.629166
v -27.850000 9.806250 0.647916
v -27.924999 9.862500 0.629166
v -28.000000 9.787500 0.629166
v -28.000000 9.862500 0.629166
v -27.850000 9.843750 0.647916
v -27.850000 9.843750 0.685416
v -28.000000 10.000000 1.000000
v -28.000000 11.000000 1.000000
v -28.000000 10.000000 0.000000
v -28.000000 10.000000 0.750000
v -28.000000 11.000000 0.250000
v -28.000000 11.000000 0.416667
v -28.000000 11.000000 0.583333
v -28.000000 11.000000 0.750000
v -28.000000 10.000000 0.583333
v -28.000000 10.000000 0.416667
v -28.000000 10.000000 0.250000
v -28.000000 11.000000 0.000000
v -28.049999 10.725000 0.083333
v -28.049999 10.275000 0.083333
v -28.049999 10.725000 0.250000
v -28.049999 10.275000 0.250000
v -28.049999 10.725000 0.416667
v -28.049999 10.275000 0.416667
v -28.049999 10.725000 0.583333
v -28.049999 10.275000 0.583333
v -28.049999 10.725000 0.750000
v -28.049999 10.275000 0.750000
v -28.049999 10.725000 0.916667
v -28.049999 10.275000 0.916667
v -28.000000 10.775000 0.083333
v -28.000000 10.225000 0.083333
v -28.000000 10.775000 0.250000
v -28.000000 10.225000 0.250000
v -28.000000 10.775000 0.416667
v -28.000000 10.225000 0.416667
v -28.000000 10.775000 0.583333
v -28.000000 10.225000 0.583333
v -28.000000 10.775000 0.750000
v -28.000000 10.225000 0.750000
v -28.000000 10.775000 0.916667
v -28.000000 10.225000 0.916667
v -28.000000 10.137500 0.962500
v -28.000000 10.212500 0.962500
v -27.924999 10.137500 0.962500
v -27.850000 10.156250 0.981250
v -27.924999 10.212500 0.962500
v -27.924999 10.137500 1.000000
v -27.850000 10.156250 1.000000
v -27.850000 10.193749 1.000000
v -27.924999 10.212500 1.000000
v -27.850000 10.193749 0.981250
v -28.000000 10.212500 1.000000
v -28.000000 10.787500 0.037500
v -28.000000 10.862500 0.037500
v -27.924999 10.787500 0.037500
v -27.850000 10.806250 0.018750
v -27.924999 10.862500 0.037500
v -27.924999 10.787500 0.000000
v -27.850000 10.806250 0.000000
v -27.850000 10.843750 0.000000
v -27.924999 10.862500 0.000000
v -27.850000 10.843750 0.018750
v -28.000000 10.862500 0.000000
v -28.000000 10.787500 0.962500
v -28.000000 10.862500 0.962500
v -27.924999 10.787500 0.962500
v -27.850000 10.806250 0.981250
v -27.924999 10.862500 0.962500
v -27.924999 10.787500 1.000000
v -27.850000 10.806250 1.000000
v -27.850000 10.843750 1.000000
v -27.924999 10.862500 1.000000
v -27.850000 10.843750 0.981250
v -28.000000 10.862500 1.000000
v -28.000000 10.137500 0.037500
v -28.000000 10.212500 0.037500
v -27.924999 10.137500 0.037500
v -27.850000 10.156250 0.018750
v -27.924999 10.212500 0.037500
v -27.924999 10.137500 0.000000
v -27.850000 10.156250 0.000000
v -27.850000 10.193749 0.000000
v -27.924999 10.212500 0.000000
v -27.850000 10.193749 0.018750
v -28.000000 10.212500 0.000000
v -28.000000 10.787500 0.370833
v -28.000000 10.862500 0.370833
v -27.924999 10.787500 0.370833
v -27.850000 10.806250 0.352083
v -27.924999 10.862500 0.370833
v -27.924999 10.787500 0.295833
v -27.850000 10.806250 0.314583
v -27.924999 10.862500 0.295833
v -28.000000 10.787500 0.295833
v -28.000000 10.862500 0.295833
v -27.850000 10.843750 0.314583
v -27.850000 10.843750 0.352083
v -28.000000 10.137500 0.370833
v -28.000000 10.212500 0.370833
v -27.924999 10.137500 0.370833
v -27.850000 10.156250 0.352083
v -27.924999 10.212500 0.370833
v -27.924999 10.137500 0.295833
v -27.850000 10.156250 0.314583
v -27.924999 10.212500 0.295833
v -28.000000 10.137500 0.295833
v -28.000000 10.212500 0.295833
v -27.850000 10.193749 0.314583
v -27.850000 10.193749 0.352083
v -28.000000 10.137500 0.704166
v -28.000000 10.212500 0.704166
v -27.924999 10.137500 0.704166
v -27.850000 10.156250 0.685416
v -27.924999 10.212500 0.704166
v -27.924999 10.137500 0.629166
v -27.850000 10.156250 0.647916
v -27.924999 10.212500 0.629166
v -28.000000 10.137500 0.629166
v -28.000000 10.212500 0.629166
v -27.850000 10.193749 0.647916
v -27.850000 10.193749 0.685416
v -28.000000 10.787500 0.704166
v -28.000000 10.862500 0.704166
v -27.924999 10.787500 0.704166
v -27.850000 10.806250 0.685416
v -27.924999 10.862500 0.704166
v -27.924999 10.787500 0.629166
v -27.850000 10.806250 0.647916
v -27.924999 10.862500 0.629166
v -28.000000 10.787500 0.629166
v -28.000000 10.862500 0.629166
v -27.850000 10.843750 0.647916
v -27.850000 10.843750 0.685416
v -28.000000 11.000000 1.000000
v -28.000000 11.000000 0.000000
v -28.000000 12.000000 1.000000
v -28.000000 12.000000 0.000000
v -28.000000 11.137500 0.370833
v -28.000000 11.212500 0.370833
v -28.000000 11.137500 0.295833
v -28.000000 11.212500 0.295833
v -27.850000 11.156250 0.352083
v -27.924999 11.137500 0.370833
v -27.850000 11.193749 0.352083
v -27.924999 11.212500 0.370833
v -27.850000 11.156250 0.314583
v -27.924999 11.137500 0.295833
v -27.850000 11.193749 0.314583
v -27.924999 11.212500 0.295833
v -28.000000 11.787500 0.704165
v -28.000000 11.862500 0.704165
v -28.000000 11.787500 0.629165
v -28.000000 11.862500 0.629165
v -27.850000 11.806250 0.685415
v -27.924999 11.787500 0.704165
v -27.850000 11.843750 0.685415
v -27.924999 11.862500 0.704165
v -27.850000 11.806250 0.647915
v -27.924999 11.787500 0.629165
v -27.850000 11.843750 0.647915
v -27.924999 11.862500 0.629165
v -28.000000 11.137500 0.704165
v -28.000000 11.212500 0.704165
v -28.000000 11.137500 0.629165
v -28.000000 11.212500 0.629165
v -27.850000 11.156250 0.685415
v -27.924999 11.137500 0.704165
v -27.850000 11.193749 0.685415
v -27.924999 11.212500 0.704165
v -27.850000 11.156250 0.647915
v -27.924999 11.137500 0.629165
v -27.850000 11.193749 0.647915
v -27.924999 11.212500 0.629165
v -28.000000 11.787500 0.370832
v -28.000000 11.862500 0.370832
v -28.000000 11.787500 0.295832
v -28.000000 11.862500 0.295832
v -27.850000 11.806250 0.352082
v -27.924999 11.787500 0.370832
v -27.850000 11.843750 0.352082
v -27.924999 11.862500 0.370832
v -27.850000 11.806250 0.314582
v -27.924999 11.787500 0.295832
v -27.850000 11.843750 0.314582
v -27.924999 11.862500 0.295832
v -28.000000 11.137500 0.962499
v -28.000000 11.212500 0.962499
v -28.000000 11.212500 0.999999
v -27.850000 11.156250 0.981249
v -27.924999 11.137500 0.962499
v -27.850000 11.193749 0.981249
v -27.924999 11.212500 0.962499
v -27.924999 11.137500 0.999999
v -27.850000 11.156250 0.999999
v -27.850000 11.193749 0.999999
v -27.924999 11.212500 0.999999
v -28.000000 11.787500 0.962499
v -28.000000 11.862500 0.962499
v -28.000000 11.862500 0.999999
v -27.850000 11.806250 0.981249
v -27.924999 11.787500 0.962499
v -27.850000 11.843750 0.981249
v -27.924999 11.862500 0.962499
v -27.924999 11.787500 0.999999
v -27.850000 11.806250 0.999999
v -27.850000 11.843750 0.999999
v -27.924999 11.862500 0.999999
v -28.000000 11.137500 0.037500
v -28.000000 11.212500 0.037500
v -28.000000 11.212500 -0.000000
v -27.850000 11.156250 0.018750
v -27.924999 11.137500 0.037500
v -27.850000 11.193749 0.018750
v -27.924999 11.212500 0.037500
v -27.850000 11.156250 -0.000000
v -27.924999 11.137500 -0.000000
v -27.924999 11.212500 -0.000000
v -27.850000 11.193749 -0.000000
v -28.000000 11.787500 0.037500
v -28.000000 11.862500 0.037500
v -28.000000 11.862500 -0.000000
v -27.850000 11.806250 0.018750
v -27.924999 11.787500 0.037500
v -27.850000 11.843750 0.018750
v -27.924999 11.862500 0.037500
v -27.850000 11.806250 -0.000000
v -27.924999 11.787500 -0.000000
v -27.924999 11.862500 -0.000000
v -27.850000 11.843750 -0.000000
v -28.000000 12.000000 1.000000
v -28.000000 13.000000 1.000000
v -28.000000 12.000000 0.000000
v -28.000000 12.000000 0.750000
v -28.000000 13.000000 0.250000
v -28.000000 13.000000 0.416667
v -28.000000 13.000000 0.583333
v -28.000000 13.000000 0.750000
v -28.000000 12.000000 0.583333
v -28.000000 12.000000 0.416667
v -28.000000 12.000000 0.250000
v -28.000000 13.000000 0.000000
v -28.049999 12.725000 0.083333
v -28.049999 12.275000 0.083333
v -28.049999 12.725000 0.250000
v -28.049999 12.275000 0.250000
v -28.049999 12.725000 0.416667
v -28.049999 12.275000 0.416667
v -28.049999 12.725000 0.583333
v -28.049999 12.275000 0.583333
v -28.049999 12.725000 0.750000
v -28.049999 12.275000 0.750000
v -28.049999 12.725000 0.916667
v -28.049999 12.275000 0.916667
v -28.000000 12.775000 0.083333
v -28.000000 12.225000 0.083333
v -28.000000 12.775000 0.250000
v -28.000000 12.225000 0.250000
v -28.000000 12.775000 0.416667
v -28.000000 12.225000 0.416667
v -28.000000 12.775000 0.583333
v -28.000000 12.225000 0.583333
v -28.000000 12.775000 0.750000
v -28.000000 12.225000 0.750000
v -28.000000 12.775000 0.916667
v -28.000000 12.225000 0.916667
v -28.000000 12.137500 0.962500
v -28.000000 12.212500 0.962500
v -27.924999 12.137500 0.962500
v -27.850000 12.156250 0.981250
v -27.924999 12.212500 0.962500
v -27.924999 12.137500 1.000000
v -27.850000 12.156250 1.000000
v -27.850000 12.193749 1.000000
v -27.924999 12.212500 1.000000
v -27.850000 12.193749 0.981250
v -28.000000 12.212500 1.000000
v -28.000000 12.787500 0.037500
v -28.000000 12.862500 0.037500
v -27.924999 12.787500 0.037500
v -27.850000 12.806250 0.018750
v -27.924999 12.862500 0.037500
v -27.924999 12.787500 0.000000
v -27.850000 12.806250 0.000000
v -27.850000 12.843750 0.000000
v -27.924999 12.862500 0.000000
v -27.850000 12.843750 0.018750
v -28.000000 12.862500 0.000000
v -28.000000 12.787500 0.962500
v -28.000000 12.862500 0.962500
v -27.924999 12.787500 0.962500
v -27.850000 12.806250 0.981250
v -27.924999 12.862500 0.962500
v -27.924999 12.787500 1.000000
v -27.850000 12.806250 1.000000
v -27.850000 12.843750 1.000000
v -27.924999 12.862500 1.000000
v -27.850000 12.843750 0.981250
v -28.000000 12.862500 1.000000
v -28.000000 12.137500 0.037500
v -28.000000 12.212500 0.037500
v -27.924999 12.137500 0.037500
v -27.850000 12.156250 0.018750
v -27.924999 12.212500 0.037500
v -27.924999 12.137500 0.000000
v -27.850000 12.156250 0.000000
v -27.850000 12.193749 0.000000
v -27.924999 12.212500 0.000000
v -27.850000 12.193749 0.018750
v -28.000000 12.212500 0.000000
v -28.000000 12.787500 0.370833
v -28.000000 12.862500 0.370833
v -27.924999 12.787500 0.370833
v -27.850000 12.806250 0.352083
v -27.924999 12.862500 0.370833
v -27.924999 12.787500 0.295833
v -27.850000 12.806250 0.314583
v -27.924999 12.862500 0.295833
v -28.000000 12.787500 0.295833
v -28.000000 12.862500 0.295833
v -27.850000 12.843750 0.314583
v -27.850000 12.843750 0.352083
v -28.000000 12.137500 0.370833
v -28.000000 12.212500 0.370833
v -27.924999 12.137500 0.370833
v -27.850000 12.156250 0.352083
v -27.924999 12.212500 0.370833
v -27.924999 12.137500 0.295833
v -27.850000 12.156250 0.314583
v -27.924999 12.212500 0.295833
v -28.000000 12.137500 0.295833
v -28.000000 12.212500 0.295833
v -27.850000 12.193749 0.314583
v -27.850000 12.193749 0.352083
v -28.000000 12.137500 0.704166
v -28.000000 12.212500 0.704166
v -27.924999 12.137500 0.704166
v -27.850000 12.156250 0.685416
v -27.924999 12.212500 0.704166
v -27.924999 12.137500 0.629166
v -27.850000 12.156250 0.647916
v -27.924999 12.212500 0.629166
v -28.000000 12.137500 0.629166
v -28.000000 12.212500 0.629166
v -27.850000 12.193749 0.647916
v -27.850000 12.193749 0.685416
v -28.000000 12.787500 0.704166
v -28.000000 12.862500 0.704166
v -27.924999 12.787500 0.704166
v -27.850000 12.806250 0.685416
v -27.924999 12.862500 0.704166
v -27.924999 12.787500 0.629166
v -27.850000 12.806250 0.647916
v -27.924999 12.862500 0.629166
v -28.000000 12.787500 0.629166
v -28.000000 12.862500 0.629166
v -27.850000 12.843750 0.647916
v -27.850000 12.843750 0.685416
v -28.000000 13.000000 1.000000
v -28.000000 13.000000 0.000000
v -28.000000 14.000000 1.000000
v -28.000000 14.000000 0.000000
v -28.000000 13.137500 0.370833
v -28.000000 13.212500 0.370833
v -28.000000 13.137500 0.295833
v -28.000000 13.212500 0.295833
v -27.850000 13.156250 0.352083
v -27.924999 13.137500 0.370833
v -27.850000 13.193749 0.352083
v -27.924999 13.212500 0.370833
v -27.850000 13.156250 0.314583
v -27.924999 13.137500 0.295833
v -27.850000 13.193749 0.314583
v -27.924999 13.212500 0.295833
v -28.000000 13.787500 0.704165
v -28.000000 13.862500 0.704165
v -28.000000 13.787500 0.629165
v -28.000000 13.862500 0.629165
v -27.850000 13.806250 0.685415
v -27.924999 13.787500 0.704165
v -27.850000 13.843750 0.685415
v -27.924999 13.862500 0.704165
v -27.850000 13.806250 0.647915
v -27.924999 13.787500 0.629165
v -27.850000 13.843750 0.647915
v -27.924999 13.862500 0.629165
v -28.000000 13.137500 0.704165
v -28.000000 13.212500 0.704165
v -28.000000 13.137500 0.629165
v -28.000000 13.212500 0.629165
v -27.850000 13.156250 0.685415
v -27.924999 13.137500 0.704165
v -27.850000 13.193749 0.685415
v -27.924999 13.212500 0.704165
v -27.850000 13.156250 0.647915
v -27.924999 13.137500 0.629165
v -27.850000 13.193749 0.647915
v -27.924999 13.212500 0.629165
v -28.000000 13.787500 0.370832
v -28.000000 13.862500 0.370832
v -28.000000 13.787500 0.295832
v -28.000000 13.862500 0.295832
v -27.850000 13.806250 0.352082
v -27.924999 13.787500 0.370832
v -27.850000 13.843750 0.352082
v -27.924999 13.862500 0.370832
v -27.850000 13.806250 0.314582
v -27.924999 13.787500 0.295832
v -27.850000 13.843750 0.314582
v -27.924999 13.862500 0.295832
v -28.000000 13.137500 0.962499
v -28.000000 13.212500 0.962499
v -28.000000 13.212500 0.999999
v -27.850000 13.156250 0.981249
v -27.924999 13.137500 0.962499
v -27.850000 13.193749 0.981249
v -27.924999 13.212500 0.962499
v -27.924999 13.137500 0.999999
v -27.850000 13.156250 0.999999
v -27.850000 13.193749 0.999999
v -27.924999 13.212500 0.999999
v -28.000000 13.787500 0.962499
v -28.000000 13.862500 0.962499
v -28.000000 13.862500 0.999999
v -27.850000 13.806250 0.981249
v -27.924999 13.787500 0.962499
v -27.850000 13.843750 0.981249
v -27.924999 13.862500 0.962499
v -27.924999 13.787500 0.999999
v -27.850000 13.806250 0.999999
v -27.850000 13.843750 0.999999
v -27.924999 13.862500 0.999999
v -28.000000 13.137500 0.037500
v -28.000000 13.212500 0.037500
v -28.000000 13.212500 -0.000000
v -27.850000 13.156250 0.018750
v -27.924999 13.137500 0.037500
v -27.850000 13.193749 0.018750
v -27.924999 13.212500 0.037500
v -27.850000 13.156250 -0.000000
v -27.924999 13.137500 -0.000000
v -27.924999 13.212500 -0.000000
v -27.850000 13.193749 -0.000000
v -28.000000 13.787500 0.037500
v -28.000000 13.862500 0.037500
v -28.000000 13.862500 -0.000000
v -27.850000 13.806250 0.018750
v -27.924999 13.787500 0.037500
v -27.850000 13.843750 0.018750
v -27.924999 13.862500 0.037500
v -27.850000 13.806250 -0.000000
v -27.924999 13.787500 -0.000000
v -27.924999 13.862500 -0.000000
v -27.850000 13.843750 -0.000000
v -28.000000 1.000000 0.000000
v -28.000000 1.000000 -1.000000
v -28.000000 2.000000 -0.000000
v -28.000000 2.000000 -1.000000
v -28.000000 1.137500 -0.629167
v -28.000000 1.212500 -0.629167
v -28.000000 1.137500 -0.704167
v -28.000000 1.212500 -0.704167
v -27.850000 1.156250 -0.647917
v -27.924999 1.137500 -0.629167
v -27.850000 1.193750 -0.647917
v -27.924999 1.212500 -0.629167
v -27.850000 1.156250 -0.685417
v -27.924999 1.137500 -0.704167
v -27.850000 1.193750 -0.685417
v -27.924999 1.212500 -0.704167
v -28.000000 1.787501 -0.295835
v -28.000000 1.862501 -0.295835
v -28.000000 1.787501 -0.370835
v -28.000000 1.862501 -0.370835
v -27.850000 1.806251 -0.314585
v -27.924999 1.787501 -0.295835
v -27.850000 1.843750 -0.314585
v -27.924999 1.862501 -0.295835
v -27.850000 1.806251 -0.352085
v -27.924999 1.787501 -0.370835
v -27.850000 1.843750 -0.352085
v -27.924999 1.862501 -0.370835
v -28.000000 1.137500 -0.295835
v -28.000000 1.212500 -0.295835
v -28.000000 1.137500 -0.370835
v -28.000000 1.212500 -0.370835
v -27.850000 1.156250 -0.314585
v -27.924999 1.137500 -0.295835
v -27.850000 1.193750 -0.314585
v -27.924999 1.212500 -0.295835
v -27.850000 1.156250 -0.352085
v -27.924999 1.137500 -0.370835
v -27.850000 1.193750 -0.352085
v -27.924999 1.212500 -0.370835
v -28.000000 1.787501 -0.629168
v -28.000000 1.862501 -0.629168
v -28.000000 1.787501 -0.704168
v -28.000000 1.862501 -0.704168
v -27.850000 1.806251 -0.647918
v -27.924999 1.787501 -0.629168
v -27.850000 1.843750 -0.647918
v -27.924999 1.862501 -0.629168
v -27.850000 1.806251 -0.685418
v -27.924999 1.787501 -0.704168
v -27.850000 1.843750 -0.685418
v -27.924999 1.862501 -0.704168
v -28.000000 1.137500 -0.037501
v -28.000000 1.212500 -0.037501
v -28.000000 1.212500 -0.000001
v -27.850000 1.156250 -0.018751
v -27.924999 1.137500 -0.037501
v -27.850000 1.193750 -0.018751
v -27.924999 1.212500 -0.037501
v -27.924999 1.137500 -0.000001
v -27.850000 1.156250 -0.000001
v -27.850000 1.193750 -0.000001
v -27.924999 1.212500 -0.000001
v -28.000000 1.787501 -0.037501
v -28.000000 1.862501 -0.037501
v -28.000000 1.862501 -0.000001
v -27.850000 1.806251 -0.018751
v -27.924999 1.787501 -0.037501
v -27.850000 1.843750 -0.018751
v -27.924999 1.862501 -0.037501
v -27.924999 1.787501 -0.000001
v -27.850000 1.806251 -0.000001
v -27.850000 1.843750 -0.000001
v -27.924999 1.862501 -0.000001
v -28.000000 1.137500 -0.962500
v -28.000000 1.212500 -0.962500
v -28.000000 1.212500 -1.000000
v -27.850000 1.156250 -0.981250
v -27.924999 1.137500 -0.962500
v -27.850000 1.193750 -0.981250
v -27.924999 1.212500 -0.962500
v -27.850000 1.156250 -1.000000
v -27.924999 1.137500 -1.000000
v -27.924999 1.212500 -1.000000
v -27.850000 1.193750 -1.000000
v -28.000000 1.787501 -0.962500
v -28.000000 1.862501 -0.962500
v -28.000000 1.862501 -1.000000
v -27.850000 1.806251 -0.981250
v -27.924999 1.787501 -0.962500
v -27.850000 1.843750 -0.981250
v -27.924999 1.862501 -0.962500
v -27.850000 1.806251 -1.000000
v -27.924999 1.787501 -1.000000
v -27.924999 1.862501 -1.000000
v -27.850000 1.843750 -1.000000
v -28.000000 2.000000 -0.000000
v -28.000000 1.000000 0.000000
v -28.000000 1.000000 -1.000000
v -28.000000 2.000000 -1.000000
v -28.000000 1.000000 -0.000000
v -28.000000 1.000000 -1.000000
v -28.000000 2.000000 -1.000000
v -28.000000 2.000000 -0.000000
v -28.000000 1.333334 -0.833333
v -28.000000 1.333334 -0.166668
v -28.000000 1.666667 -0.833333
v -28.000000 1.666667 -0.166668
v -28.299999 1.333334 -0.833333
v -28.299999 1.333334 -0.166668
v -28.299999 1.666667 -0.833333
v -28.299999 1.666667 -0.166668
v -28.000000 2.000000 -0.000000
v -28.000000 3.000000 -0.000000
v -28.000000 2.000000 -1.000000
v -28.000000 2.000000 -0.250000
v -28.000000 3.000000 -0.750000
v -28.000000 3.000000 -0.583333
v -28.000000 3.000000 -0.416667
v -28.000000 3.000000 -0.250000
v -28.000000 2.000000 -0.416667
v -28.000000 2.000000 -0.583333
v -28.000000 2.000000 -0.750000
v -28.000000 3.000000 -1.000000
v -28.049999 2.725000 -0.916667
v -28.049999 2.275000 -0.916667
v -28.049999 2.725000 -0.750000
v -28.049999 2.275000 -0.750000
v -28.049999 2.725000 -0.583333
v -28.049999 2.275000 -0.583333
v -28.049999 2.725000 -0.416667
v -28.049999 2.275000 -0.416667
v -28.049999 2.725000 -0.250000
v -28.049999 2.275000 -0.250000
v -28.049999 2.725000 -0.083333
v -28.049999 2.275000 -0.083333
v -28.000000 2.775001 -0.916667
v -28.000000 2.225000 -0.916667
v -28.000000 2.775001 -0.750000
v -28.000000 2.225000 -0.750000
v -28.000000 2.775001 -0.583333
v -28.000000 2.225000 -0.583333
v -28.000000 2.775001 -0.416667
v -28.000000 2.225000 -0.416667
v -28.000000 2.775001 -0.250000
v -28.000000 2.225000 -0.250000
v -28.000000 2.775001 -0.083333
v -28.000000 2.225000 -0.083333
v -28.000000 2.137500 -0.037500
v -28.000000 2.212500 -0.037500
v -27.924999 2.137500 -0.037500
v -27.850000 2.156250 -0.018750
v -27.924999 2.212500 -0.037500
v -27.924999 2.137500 -0.000000
v -27.850000 2.156250 -0.000000
v -27.850000 2.193750 -0.000000
v -27.924999 2.212500 -0.000000
v -27.850000 2.193750 -0.018750
v -28.000000 2.212500 -0.000000
v -28.000000 2.787500 -0.962500
v -28.000000 2.862501 -0.962500
v -27.924999 2.787500 -0.962500
v -27.850000 2.806251 -0.981250
v -27.924999 2.862501 -0.962500
v -27.924999 2.787500 -1.000000
v -27.850000 2.806251 -1.000000
v -27.850000 2.843750 -1.000000
v -27.924999 2.862501 -1.000000
v -27.850000 2.843750 -0.981250
v -28.000000 2.862501 -1.000000
v -28.000000 2.787500 -0.037500
v -28.000000 2.862501 -0.037500
v -27.924999 2.787500 -0.037500
v -27.850000 2.806251 -0.018750
v -27.924999 2.862501 -0.037500
v -27.924999 2.787500 -0.000000
v -27.850000 2.806251 -0.000000
v -27.850000 2.843750 -0.000000
v -27.924999 2.862501 -0.000000
v -27.850000 2.843750 -0.018750
v -28.000000 2.862501 -0.000000
v -28.000000 2.137500 -0.962500
v -28.000000 2.212500 -0.962500
v -27.924999 2.137500 -0.962500
v -27.850000 2.156250 -0.981250
v -27.924999 2.212500 -0.962500
v -27.924999 2.137500 -1.000000
v -27.850000 2.156250 -1.000000
v -27.850000 2.193750 -1.000000
v -27.924999 2.212500 -1.000000
v -27.850000 2.193750 -0.981250
v -28.000000 2.212500 -1.000000
v -28.000000 2.787500 -0.629167
v -28.000000 2.862501 -0.629167
v -27.924999 2.787500 -0.629167
v -27.850000 2.806251 -0.647917
v -27.924999 2.862501 -0.629167
v -27.924999 2.787500 -0.704167
v -27.850000 2.806251 -0.685417
v -27.924999 2.862501 -0.704167
v -28.000000 2.787500 -0.704167
v -28.000000 2.862501 -0.704167
v -27.850000 2.843750 -0.685417
v -27.850000 2.843750 -0.647917
v -28.000000 2.137500 -0.629167
v -28.000000 2.212500 -0.629167
v -27.924999 2.137500 -0.629167
v -27.850000 2.156250 -0.647917
v -27.924999 2.212500 -0.629167
v -27.924999 2.137500 -0.704167
v -27.850000 2.156250 -0.685417
v -27.924999 2.212500 -0.704167
v -28.000000 2.137500 -0.704167
v -28.000000 2.212500 -0.704167
v -27.850000 2.193750 -0.685417
v -27.850000 2.193750 -0.647917
v -28.000000 2.137500 -0.295834
v -28.000000 2.212500 -0.295834
v -27.924999 2.137500 -0.295834
v -27.850000 2.156250 -0.314584
v -27.924999 2.212500 -0.295834
v -27.924999 2.137500 -0.370834
v -27.850000 2.156250 -0.352084
v -27.924999 2.212500 -0.370834
v -28.000000 2.137500 -0.370834
v -28.000000 2.212500 -0.370834
v -27.850000 2.193750 -0.352084
v -27.850000 2.193750 -0.314584
v -28.000000 2.787500 -0.295834
v -28.000000 2.862501 -0.295834
v -27.924999 2.787500 -0.295834
v -27.850000 2.806251 -0.314584
v -27.924999 2.862501 -0.295834
v -27.924999 2.787500 -0.370834
v -27.850000 2.806251 -0.352084
v -27.924999 2.862501 -0.370834
v -28.000000 2.787500 -0.370834
v -28.000000 2.862501 -0.370834
v -27.850000 2.843750 -0.352084
v -27.850000 2.843750 -0.314584
v -28.000000 3.000000 0.000000
v -28.000000 3.000000 -1.000000
v -28.000000 4.000000 -0.000000
v -28.000000 4.000000 -1.000000
v -28.000000 3.137500 -0.629167
v -28.000000 3.212500 -0.629167
v -28.000000 3.137500 -0.704167
v -28.000000 3.212500 -0.704167
v -27.850000 3.156250 -0.647917
v -27.924999 3.137500 -0.629167
v -27.850000 3.193750 -0.647917
v -27.924999 3.212500 -0.629167
v -27.850000 3.156250 -0.685417
v -27.924999 3.137500 -0.704167
v -27.850000 3.193750 -0.685417
v -27.924999 3.212500 -0.704167
v -28.000000 3.787500 -0.295835
v -28.000000 3.862500 -0.295835
v -28.000000 3.787500 -0.370835
v -28.000000 3.862500 -0.370835
v -27.850000 3.806250 -0.314585
v -27.924999 3.787500 -0.295835
v -27.850000 3.843750 -0.314585
v -27.924999 3.862500 -0.295835
v -27.850000 3.806250 -0.352085
v -27.924999 3.787500 -0.370835
v -27.850000 3.843750 -0.352085
v -27.924999 3.862500 -0.370835
v -28.000000 3.137500 -0.295835
v -28.000000 3.212500 -0.295835
v -28.000000 3.137500 -0.370835
v -28.000000 3.212500 -0.370835
v -27.850000 3.156250 -0.314585
v -27.924999 3.137500 -0.295835
v -27.850000 3.193750 -0.314585
v -27.924999 3.212500 -0.295835
v -27.850000 3.156250 -0.352085
v -27.924999 3.137500 -0.370835
v -27.850000 3.193750 -0.352085
v -27.924999 3.212500 -0.370835
v -28.000000 3.787500 -0.629168
v -28.000000 3.862500 -0.629168
v -28.000000 3.787500 -0.704168
v -28.000000 3.862500 -0.704168
v -27.850000 3.806250 -0.647918
v -27.924999 3.787500 -0.629168
v -27.850000 3.843750 -0.647918
v -27.924999 3.862500 -0.629168
v -27.850000 3.806250 -0.685418
v -27.924999 3.787500 -0.704168
v -27.850000 3.843750 -0.685418
v -27.924999 3.862500 -0.704168
v -28.000000 3.137500 -0.037501
v -28.000000 3.212500 -0.037501
v -28.000000 3.212500 -0.000001
v -27.850000 3.156250 -0.018751
v -27.924999 3.137500 -0.037501
v -27.850000 3.193750 -0.018751
v -27.924999 3.212500 -0.037501
v -27.924999 3.137500 -0.000001
v -27.850000 3.156250 -0.000001
v -27.850000 3.193750 -0.000001
v -27.924999 3.212500 -0.000001
v -28.000000 3.787500 -0.037501
v -28.000000 3.862500 -0.037501
v -28.000000 3.862500 -0.000001
v -27.850000 3.806250 -0.018751
v -27.924999 3.787500 -0.037501
v -27.850000 3.843750 -0.018751
v -27.924999 3.862500 -0.037501
v -27.924999 3.787500 -0.000001
v -27.850000 3.806250 -0.000001
v -27.850000 3.843750 -0.000001
v -27.924999 3.862500 -0.000001
v -28.000000 3.137500 -0.962500
v -28.000000 3.212500 -0.962500
v -28.000000 3.212500 -1.000000
v -27.850000 3.156250 -0.981250
v -27.924999 3.137500 -0.962500
v -27.850000 3.193750 -0.981250
v -27.924999 3.212500 -0.962500
v -27.850000 3.156250 -1.000000
v -27.924999 3.137500 -1.000000
v -27.924999 3.212500 -1.000000
v -27.850000 3.193750 -1.000000
v -28.000000 3.787500 -0.962500
v -28.000000 3.862500 -0.962500
v -28.000000 3.862500 -1.000000
v -27.850000 3.806250 -0.981250
v -27.924999 3.787500 -0.962500
v -27.850000 3.843750 -0.981250
v -27.924999 3.862500 -0.962500
v -27.850000 3.806250 -1.000000
v -27.924999 3.787500 -1.000000
v -27.924999 3.862500 -1.000000
v -27.850000 3.843750 -1.000000
v -28.000000 4.000000 -0.000000
v -28.000000 5.000000 -0.000000
v -28.000000 4.000000 -1.000000
v -28.000000 4.000000 -0.250000
v -28.000000 5.000000 -0.750000
v -28.000000 5.000000 -0.583333
v -28.000000 5.000000 -0.416667
v -28.000000 5.000000 -0.250000
v -28.000000 4.000000 -0.416667
v -28.000000 4.000000 -0.583333
v -28.000000 4.000000 -0.750000
v -28.000000 5.000000 -1.000000
v -28.049999 4.725000 -0.916667
v -28.049999 4.275000 -0.916667
v -28.049999 4.725000 -0.750000
v -28.049999 4.275000 -0.750000
v -28.049999 4.725000 -0.583333
v -28.049999 4.275000 -0.583333
v -28.049999 4.725000 -0.416667
v -28.049999 4.275000 -0.416667
v -28.049999 4.725000 -0.250000
v -28.049999 4.275000 -0.250000
v -28.049999 4.725000 -0.083333
v -28.049999 4.275000 -0.083333
v -28.000000 4.775000 -0.916667
v -28.000000 4.225000 -0.916667
v -28.000000 4.775000 -0.750000
v -28.000000 4.225000 -0.750000
v -28.000000 4.775000 -0.583333
v -28.000000 4.225000 -0.583333
v -28.000000 4.775000 -0.416667
v -28.000000 4.225000 -0.416667
v -28.000000 4.775000 -0.250000
v -28.000000 4.225000 -0.250000
v -28.000000 4.775000 -0.083333
v -28.000000 4.225000 -0.083333
v -28.000000 4.137500 -0.037500
v -28.000000 4.212500 -0.037500
v -27.924999 4.137500 -0.037500
v -27.850000 4.156250 -0.018750
v -27.924999 4.212500 -0.037500
v -27.924999 4.137500 -0.000000
v -27.850000 4.156250 -0.000000
v -27.850000 4.193750 -0.000000
v -27.924999 4.212500 -0.000000
v -27.850000 4.193750 -0.018750
v -28.000000 4.212500 -0.000000
v -28.000000 4.787500 -0.962500
v -28.000000 4.862500 -0.962500
v -27.924999 4.787500 -0.962500
v -27.850000 4.806250 -0.981250
v -27.924999 4.862500 -0.962500
v -27.924999 4.787500 -1.000000
v -27.850000 4.806250 -1.000000
v -27.850000 4.843750 -1.000000
v -27.924999 4.862500 -1.000000
v -27.850000 4.843750 -0.981250
v -28.000000 4.862500 -1.000000
v -28.000000 4.787500 -0.037500
v -28.000000 4.862500 -0.037500
v -27.924999 4.787500 -0.037500
v -27.850000 4.806250 -0.018750
v -27.924999 4.862500 -0.037500
v -27.924999 4.787500 -0.000000
v -27.850000 4.806250 -0.000000
v -27.850000 4.843750 -0.000000
v -27.924999 4.862500 -0.000000
v -27.850000 4.843750 -0.018750
v -28.000000 4.862500 -0.000000
v -28.000000 4.137500 -0.962500
v -28.000000 4.212500 -0.962500
v -27.924999 4.137500 -0.962500
v -27.850000 4.156250 -0.981250
v -27.924999 4.212500 -0.962500
v -27.924999 4.137500 -1.000000
v -27.850000 4.156250 -1.000000
v -27.850000 4.193750 -1.000000
v -27.924999 4.212500 -1.000000
v -27.850000 4.193750 -0.981250
v -28.000000 4.212500 -1.000000
v -28.000000 4.787500 -0.629167
v -28.000000 4.862500 -0.629167
v -27.924999 4.787500 -0.629167
v -27.850000 4.806250 -0.647917
v -27.924999 4.862500 -0.629167
v -27.924999 4.787500 -0.704167
v -27.850000 4.806250 -0.685417
v -27.924999 4.862500 -0.704167
v -28.000000 4.787500 -0.704167
v -28.000000 4.862500 -0.704167
v -27.850000 4.843750 -0.685417
v -27.850000 4.843750 -0.647917
v -28.000000 4.137500 -0.629167
v -28.000000 4.212500 -0.629167
v -27.924999 4.137500 -0.629167
v -27.850000 4.156250 -0.647917
v -27.924999 4.212500 -0.629167
v -27.924999 4.137500 -0.704167
v -27.850000 4.156250 -0.685417
v -27.924999 4.212500 -0.704167
v -28.000000 4.137500 -0.704167
v -28.000000 4.212500 -0.704167
v -27.850000 4.193750 -0.685417
v -27.850000 4.193750 -0.647917
v -28.000000 4.137500 -0.295834
v -28.000000 4.212500 -0.295834
v -27.924999 4.137500 -0.295834
v -27.850000 4.156250 -0.314584
v -27.924999 4.212500 -0.295834
v -27.924999 4.137500 -0.370834
v -27.850000 4.156250 -0.352084
v -27.924999 4.212500 -0.370834
v -28.000000 4.137500 -0.370834
v -28.000000 4.212500 -0.370834
v -27.850000 4.193750 -0.352084
v -27.850000 4.193750 -0.314584
v -28.000000 4.787500 -0.295834
v -28.000000 4.862500 -0.295834
v -27.924999 4.787500 -0.295834
v -27.850000 4.806250 -0.314584
v -27.924999 4.862500 -0.295834
v -27.924999 4.787500 -0.370834
v -27.850000 4.806250 -0.352084
v -27.924999 4.862500 -0.370834
v -28.000000 4.787500 -0.370834
v -28.000000 4.862500 -0.370834
v -27.850000 4.843750 -0.352084
v -27.850000 4.843750 -0.314584
v -28.000000 5.000000 -0.000000
v -28.000000 6.000000 0.000000
v -28.000000 5.000000 -1.000000
v -28.000000 5.000000 -0.250000
v -28.000000 6.000000 -0.750000
v -28.000000 6.000000 -0.583333
v -28.000000 6.000000 -0.416667
v -28.000000 6.000000 -0.250000
v -28.000000 5.000000 -0.416667
v -28.000000 5.000000 -0.583333
v -28.000000 5.000000 -0.750000
v -28.000000 6.000000 -1.000000
v -28.049999 5.725000 -0.916667
v -28.049999 5.275000 -0.916667
v -28.049999 5.725000 -0.750000
v -28.049999 5.275000 -0.750000
v -28.049999 5.725000 -0.583333
v -28.049999 5.275000 -0.583333
v -28.049999 5.725000 -0.416667
v -28.049999 5.275000 -0.416667
v -28.049999 5.725000 -0.250000
v -28.049999 5.275000 -0.250000
v -28.049999 5.725000 -0.083333
v -28.049999 5.275000 -0.083333
v -28.000000 5.775000 -0.916667
v -28.000000 5.225000 -0.916667
v -28.000000 5.775000 -0.750000
v -28.000000 5.225000 -0.750000
v -28.000000 5.775000 -0.583333
v -28.000000 5.225000 -0.583333
v -28.000000 5.775000 -0.416667
v -28.000000 5.225000 -0.416667
v -28.000000 5.775000 -0.250000
v -28.000000 5.225000 -0.250000
v -28.000000 5.775000 -0.083333
v -28.000000 5.225000 -0.083333
v -28.000000 5.137500 -0.037500
v -28.000000 5.212500 -0.037500
v -27.924999 5.137500 -0.037500
v -27.850000 5.156250 -0.018750
v -27.924999 5.212500 -0.037500
v -27.924999 5.137500 -0.000000
v -27.850000 5.156250 -0.000000
v -27.850000 5.193750 -0.000000
v -27.924999 5.212500 -0.000000
v -27.850000 5.193750 -0.018750
v -28.000000 5.212500 -0.000000
v -28.000000 5.787500 -0.962500
v -28.000000 5.862500 -0.962500
v -27.924999 5.787500 -0.962500
v -27.850000 5.806250 -0.981250
v -27.924999 5.862500 -0.962500
v -27.924999 5.787500 -1.000000
v -27.850000 5.806250 -1.000000
v -27.850000 5.843750 -1.000000
v -27.924999 5.862500 -1.000000
v -27.850000 5.843750 -0.981250
v -28.000000 5.862500 -1.000000
v -28.000000 5.787500 -0.037500
v -28.000000 5.862500 -0.037500
v -27.924999 5.787500 -0.037500
v -27.850000 5.806250 -0.018750
v -27.924999 5.862500 -0.037500
v -27.924999 5.787500 -0.000000
v -27.850000 5.806250 -0.000000
v -27.850000 5.843750 -0.000000
v -27.924999 5.862500 -0.000000
v -27.850000 5.843750 -0.018750
v -28.000000 5.862500 -0.000000
v -28.000000 5.137500 -0.962500
v -28.000000 5.212500 -0.962500
v -27.924999 5.137500 -0.962500
v -27.850000 5.156250 -0.981250
v -27.924999 5.212500 -0.962500
v -27.924999 5.137500 -1.000000
v -27.850000 5.156250 -1.000000
v -27.850000 5.193750 -1.000000
v -27.924999 5.212500 -1.000000
v -27.850000 5.193750 -0.981250
v -28.000000 5.212500 -1.000000
v -28.000000 5.787500 -0.629167
v -28.000000 5.862500 -0.629167
v -27.924999 5.787500 -0.629167
v -27.850000 5.806250 -0.647917
v -27.924999 5.862500 -0.629167
v -27.924999 5.787500 -0.704167
v -27.850000 5.806250 -0.685417
v -27.924999 5.862500 -0.704167
v -28.000000 5.787500 -0.704167
v -28.000000 5.862500 -0.704167
v -27.850000 5.843750 -0.685417
v -27.850000 5.843750 -0.647917
v -28.000000 5.137500 -0.629167
v -28.000000 5.212500 -0.629167
v -27.924999 5.137500 -0.629167
v -27.850000 5.156250 -0.647917
v -27.924999 5.212500 -0.629167
v -27.924999 5.137500 -0.704167
v -27.850000 5.156250 -0.685417
v -27.924999 5.212500 -0.704167
v -28.000000 5.137500 -0.704167
v -28.000000 5.212500 -0.704167
v -27.850000 5.193750 -0.685417
v -27.850000 5.193750 -0.647917
v -28.000000 5.137500 -0.295834
v -28.000000 5.212500 -0.295834
v -27.924999 5.137500 -0.295834
v -27.850000 5.156250 -0.314584
v -27.924999 5.212500 -0.295834
v -27.924999 5.137500 -0.370834
v -27.850000 5.156250 -0.352084
v -27.924999 5.212500 -0.370834
v -28.000000 5.137500 -0.370834
v -28.000000 5.212500 -0.370834
v -27.850000 5.193750 -0.352084
v -27.850000 5.193750 -0.314584
v -28.000000 5.787500 -0.295834
v -28.000000 5.862500 -0.295834
v -27.924999 5.787500 -0.295834
v -27.850000 5.806250 -0.314584
v -27.924999 5.862500 -0.295834
v -27.924999 5.787500 -0.370834
v -27.850000 5.806250 -0.352084
v -27.924999 5.862500 -0.370834
v -28.000000 5.787500 -0.370834
v -28.000000 5.862500 -0.370834
v -27.850000 5.843750 -0.352084
v -27.850000 5.843750 -0.314584
v -28.000000 6.000000 0.000000
v -28.000000 6.000000 -1.000000
v -28.000000 7.000000 -0.000000
v -28.000000 7.000000 -1.000000
v -28.000000 6.137500 -0.629167
v -28.000000 6.212500 -0.629167
v -28.000000 6.137500 -0.704167
v -28.000000 6.212500 -0.704167
v -27.850000 6.156250 -0.647917
v -27.924999 6.137500 -0.629167
v -27.850000 6.193750 -0.647917
v -27.924999 6.212500 -0.629167
v -27.850000 6.156250 -0.685417
v -27.924999 6.137500 -0.704167
v -27.850000 6.193750 -0.685417
v -27.924999 6.212500 -0.704167
v -28.000000 6.787500 -0.295835
v -28.000000 6.862500 -0.295835
v -28.000000 6.787500 -0.370835
v -28.000000 6.862500 -0.370835
v -27.850000 6.806250 -0.314585
v -27.924999 6.787500 -0.295835
v -27.850000 6.843750 -0.314585
v -27.924999 6.862500 -0.295835
v -27.850000 6.806250 -0.352085
v -27.924999 6.787500 -0.370835
v -27.850000 6.843750 -0.352085
v -27.924999 6.862500 -0.370835
v -28.000000 6.137500 -0.295835
v -28.000000 6.212500 -0.295835
v -28.000000 6.137500 -0.370835
v -28.000000 6.212500 -0.370835
v -27.850000 6.156250 -0.314585
v -27.924999 6.137500 -0.295835
v -27.850000 6.193750 -0.314585
v -27.924999 6.212500 -0.295835
v -27.850000 6.156250 -0.352085
v -27.924999 6.137500 -0.370835
v -27.850000 6.193750 -0.352085
v -27.924999 6.212500 -0.370835
v -28.000000 6.787500 -0.629168
v -28.000000 6.862500 -0.629168
v -28.000000 6.787500 -0.704168
v -28.000000 6.862500 -0.704168
v -27.850000 6.806250 -0.647918
v -27.924999 6.787500 -0.629168
v -27.850000 6.843750 -0.647918
v -27.924999 6.862500 -0.629168
v -27.850000 6.806250 -0.685418
v -27.924999 6.787500 -0.704168
v -27.850000 6.843750 -0.685418
v -27.924999 6.862500 -0.704168
v -28.000000 6.137500 -0.037501
v -28.000000 6.212500 -0.037501
v -28.000000 6.212500 -0.000001
v -27.850000 6.156250 -0.018751
v -27.924999 6.137500 -0.037501
v -27.850000 6.193750 -0.018751
v -27.924999 6.212500 -0.037501
v -27.924999 6.137500 -0.000001
v -27.850000 6.156250 -0.000001
v -27.850000 6.193750 -0.000001
v -27.924999 6.212500 -0.000001
v -28.000000 6.787500 -0.037501
v -28.000000 6.862500 -0.037501
v -28.000000 6.862500 -0.000001
v -27.850000 6.806250 -0.018751
v -27.924999 6.787500 -0.037501
v -27.850000 6.843750 -0.018751
v -27.924999 6.862500 -0.037501
v -27.924999 6.787500 -0.000001
v -27.850000 6.806250 -0.000001
v -27.850000 6.843750 -0.000001
v -27.924999 6.862500 -0.000001
v -28.000000 6.137500 -0.962500
v -28.000000 6.212500 -0.962500
v -28.000000 6.212500 -1.000000
v -27.850000 6.156250 -0.981250
v -27.924999 6.137500 -0.962500
v -27.850000 6.193750 -0.981250
v -27.924999 6.212500 -0.962500
v -27.850000 6.156250 -1.000000
v -27.924999 6.137500 -1.000000
v -27.924999 6.212500 -1.000000
v -27.850000 6.193750 -1.000000
v -28.000000 6.787500 -0.962500
v -28.000000 6.862500 -0.962500
v -28.000000 6.862500 -1.000000
v -27.850000 6.806250 -0.981250
v -27.924999 6.787500 -0.962500
v -27.850000 6.843750 -0.981250
v -27.924999 6.862500 -0.962500
v -27.850000 6.806250 -1.000000
v -27.924999 6.787500 -1.000000
v -27.924999 6.862500 -1.000000
v -27.850000 6.843750 -1.000000
v -28.000000 7.000000 -0.000000
v -28.000000 6.000000 0.000000
v -28.000000 6.000000 -1.000000
v -28.000000 7.000000 -1.000000
v -28.000000 6.000000 -0.000000
v -28.000000 6.000000 -1.000000
v -28.000000 7.000000 -1.000000
v -28.000000 7.000000 -0.000000
v -28.000000 6.333333 -0.833333
v -28.000000 6.333333 -0.166668
v -28.000000 6.666667 -0.833333
v -28.000000 6.666667 -0.166668
v -28.299999 6.333333 -0.833333
v -28.299999 6.333333 -0.166668
v -28.299999 6.666667 -0.833333
v -28.299999 6.666667 -0.166668
v -28.000000 7.000000 -0.000000
v -28.000000 8.000000 -0.000000
v -28.000000 7.000000 -1.000000
v -28.000000 7.000000 -0.250000
v -28.000000 8.000000 -0.750000
v -28.000000 8.000000 -0.583333
v -28.000000 8.000000 -0.416667
v -28.000000 8.000000 -0.250000
v -28.000000 7.000000 -0.416667
v -28.000000 7.000000 -0.583333
v -28.000000 7.000000 -0.750000
v -28.000000 8.000000 -1.000000
v -28.049999 7.725000 -0.916667
v -28.049999 7.275000 -0.916667
v -28.049999 7.725000 -0.750000
v -28.049999 7.275000 -0.750000
v -28.049999 7.725000 -0.583333
v -28.049999 7.275000 -0.583333
v -28.049999 7.725000 -0.416667
v -28.049999 7.275000 -0.416667
v -28.049999 7.725000 -0.250000
v -28.049999 7.275000 -0.250000
v -28.049999 7.725000 -0.083333
v -28.049999 7.275000 -0.083333
v -28.000000 7.775000 -0.916667
v -28.000000 7.225000 -0.916667
v -28.000000 7.775000 -0.750000
v -28.000000 7.225000 -0.750000
v -28.000000 7.775000 -0.583333
v -28.000000 7.225000 -0.583333
v -28.000000 7.775000 -0.416667
v -28.000000 7.225000 -0.416667
v -28.000000 7.775000 -0.250000
v -28.000000 7.225000 -0.250000
v -28.000000 7.775000 -0.083333
v -28.000000 7.225000 -0.083333
v -28.000000 7.137500 -0.037500
v -28.000000 7.212500 -0.037500
v -27.924999 7.137500 -0.037500
v -27.850000 7.156250 -0.018750
v -27.924999 7.212500 -0.037500
v -27.924999 7.137500 -0.000000
v -27.850000 7.156250 -0.000000
v -27.850000 7.193750 -0.000000
v -27.924999 7.212500 -0.000000
v -27.850000 7.193750 -0.018750
v -28.000000 7.212500 -0.000000
v -28.000000 7.787500 -0.962500
v -28.000000 7.862500 -0.962500
v -27.924999 7.787500 -0.962500
v -27.850000 7.806250 -0.981250
v -27.924999 7.862500 -0.962500
v -27.924999 7.787500 -1.000000
v -27.850000 7.806250 -1.000000
v -27.850000 7.843750 -1.000000
v -27.924999 7.862500 -1.000000
v -27.850000 7.843750 -0.981250
v -28.000000 7.862500 -1.000000
v -28.000000 7.787500 -0.037500
v -28.000000 7.862500 -0.037500
v -27.924999 7.787500 -0.037500
v -27.850000 7.806250 -0.018750
v -27.924999 7.862500 -0.037500
v -27.924999 7.787500 -0.000000
v -27.850000 7.806250 -0.000000
v -27.850000 7.843750 -0.000000
v -27.924999 7.862500 -0.000000
v -27.850000 7.843750 -0.018750
v -28.000000 7.862500 -0.000000
v -28.000000 7.137500 -0.962500
v -28.000000 7.212500 -0.962500
v -27.924999 7.137500 -0.962500
v -27.850000 7.156250 -0.981250
v -27.924999 7.212500 -0.962500
v -27.924999 7.137500 -1.000000
v -27.850000 7.156250 -1.000000
v -27.850000 7.193750 -1.000000
v -27.924999 7.212500 -1.000000
v -27.850000 7.193750 -0.981250
v -28.000000 7.212500 -1.000000
v -28.000000 7.787500 -0.629167
v -28.000000 7.862500 -0.629167
v -27.924999 7.787500 -0.629167
v -27.850000 7.806250 -0.647917
v -27.924999 7.862500 -0.629167
v -27.924999 7.787500 -0.704167
v -27.850000 7.806250 -0.685417
v -27.924999 7.862500 -0.704167
v -28.000000 7.787500 -0.704167
v -28.000000 7.862500 -0.704167
v -27.850000 7.843750 -0.685417
v -27.850000 7.843750 -0.647917
v -28.000000 7.137500 -0.629167
v -28.000000 7.212500 -0.629167
v -27.924999 7.137500 -0.629167
v -27.850000 7.156250 -0.647917
v -27.924999 7.212500 -0.629167
v -27.924999 7.137500 -0.704167
v -27.850000 7.156250 -0.685417
v -27.924999 7.212500 -0.704167
v -28.000000 7.137500 -0.704167
v -28.000000 7.212500 -0.704167
v -27.850000 7.193750 -0.685417
v -27.850000 7.193750 -0.647917
v -28.000000 7.137500 -0.295834
v -28.000000 7.212500 -0.295834
v -27.924999 7.137500 -0.295834
v -27.850000 7.156250 -0.314584
v -27.924999 7.212500 -0.295834
v -27.924999 7.137500 -0.370834
v -27.850000 7.156250 -0.352084
v -27.924999 7.212500 -0.370834
v -28.000000 7.137500 -0.370834
v -28.000000 7.212500 -0.370834
v -27.850000 7.193750 -0.352084
v -27.850000 7.193750 -0.314584
v -28.000000 7.787500 -0.295834
v -28.000000 7.862500 -0.295834
v -27.924999 7.787500 -0.295834
v -27.850000 7.806250 -0.314584
v -27.924999 7.862500 -0.295834
v -27.924999 7.787500 -0.370834
v -27.850000 7.806250 -0.352084
v -27.924999 7.862500 -0.370834
v -28.000000 7.787500 -0.370834
v -28.000000 7.862500 -0.370834
v -27.850000 7.843750 -0.352084
v -27.850000 7.843750 -0.314584
v -28.000000 8.000000 0.000000
v -28.000000 8.000000 -1.000000
v -28.000000 9.000000 -0.000000
v -28.000000 9.000000 -1.000000
v -28.000000 8.137500 -0.629167
v -28.000000 8.212500 -0.629167
v -28.000000 8.137500 -0.704167
v -28.000000 8.212500 -0.704167
v -27.850000 8.156250 -0.647917
v -27.924999 8.137500 -0.629167
v -27.850000 8.193749 -0.647917
v -27.924999 8.212500 -0.629167
v -27.850000 8.156250 -0.685417
v -27.924999 8.137500 -0.704167
v -27.850000 8.193749 -0.685417
v -27.924999 8.212500 -0.704167
v -28.000000 8.787500 -0.295835
v -28.000000 8.862500 -0.295835
v -28.000000 8.787500 -0.370835
v -28.000000 8.862500 -0.370835
v -27.850000 8.806250 -0.314585
v -27.924999 8.787500 -0.295835
v -27.850000 8.843750 -0.314585
v -27.924999 8.862500 -0.295835
v -27.850000 8.806250 -0.352085
v -27.924999 8.787500 -0.370835
v -27.850000 8.843750 -0.352085
v -27.924999 8.862500 -0.370835
v -28.000000 8.137500 -0.295835
v -28.000000 8.212500 -0.295835
v -28.000000 8.137500 -0.370835
v -28.000000 8.212500 -0.370835
v -27.850000 8.156250 -0.314585
v -27.924999 8.137500 -0.295835
v -27.850000 8.193749 -0.314585
v -27.924999 8.212500 -0.295835
v -27.850000 8.156250 -0.352085
v -27.924999 8.137500 -0.370835
v -27.850000 8.193749 -0.352085
v -27.924999 8.212500 -0.370835
v -28.000000 8.787500 -0.629168
v -28.000000 8.862500 -0.629168
v -28.000000 8.787500 -0.704168
v -28.000000 8.862500 -0.704168
v -27.850000 8.806250 -0.647918
v -27.924999 8.787500 -0.629168
v -27.850000 8.843750 -0.647918
v -27.924999 8.862500 -0.629168
v -27.850000 8.806250 -0.685418
v -27.924999 8.787500 -0.704168
v -27.850000 8.843750 -0.685418
v -27.924999 8.862500 -0.704168
v -28.000000 8.137500 -0.037501
v -28.000000 8.212500 -0.037501
v -28.000000 8.212500 -0.000001
v -27.850000 8.156250 -0.018751
v -27.924999 8.137500 -0.037501
v -27.850000 8.193749 -0.018751
v -27.924999 8.212500 -0.037501
v -27.924999 8.137500 -0.000001
v -27.850000 8.156250 -0.000001
v -27.850000 8.193749 -0.000001
v -27.924999 8.212500 -0.000001
v -28.000000 8.787500 -0.037501
v -28.000000 8.862500 -0.037501
v -28.000000 8.862500 -0.000001
v -27.850000 8.806250 -0.018751
v -27.924999 8.787500 -0.037501
v -27.850000 8.843750 -0.018751
v -27.924999 8.862500 -0.037501
v -27.924999 8.787500 -0.000001
v -27.850000 8.806250 -0.000001
v -27.850000 8.843750 -0.000001
v -27.924999 8.862500 -0.000001
v -28.000000 8.137500 -0.962500
v -28.000000 8.212500 -0.962500
v -28.000000 8.212500 -1.000000
v -27.850000 8.156250 -0.981250
v -27.924999 8.137500 -0.962500
v -27.850000 8.193749 -0.981250
v -27.924999 8.212500 -0.962500
v -27.850000 8.156250 -1.000000
v -27.924999 8.137500 -1.000000
v -27.924999 8.212500 -1.000000
v -27.850000 8.193749 -1.000000
v -28.000000 8.787500 -0.962500
v -28.000000 8.862500 -0.962500
v -28.000000 8.862500 -1.000000
v -27.850000 8.806250 -0.981250
v -27.924999 8.787500 -0.962500
v -27.850000 8.843750 -0.981250
v -27.924999 8.862500 -0.962500
v -27.850000 8.806250 -1.000000
v -27.924999 8.787500 -1.000000
v -27.924999 8.862500 -1.000000
v -27.850000 8.843750 -1.000000
v -28.000000 9.000000 -0.000000
v -28.000000 10.000000 0.000000
v -28.000000 9.000000 -1.000000
v -28.000000 9.000000 -0.250000
v -28.000000 10.000000 -0.750000
v -28.000000 10.000000 -0.583333
v -28.000000 10.000000 -0.416667
v -28.000000 10.000000 -0.250000
v -28.000000 9.000000 -0.416667
v -28.000000 9.000000 -0.583333
v -28.000000 9.000000 -0.750000
v -28.000000 10.000000 -1.000000
v -28.049999 9.725000 -0.916667
v -28.049999 9.275000 -0.916667
v -28.049999 9.725000 -0.750000
v -28.049999 9.275000 -0.750000
v -28.049999 9.725000 -0.583333
v -28.049999 9.275000 -0.583333
v -28.049999 9.725000 -0.416667
v -28.049999 9.275000 -0.416667
v -28.049999 9.725000 -0.250000
v -28.049999 9.275000 -0.250000
v -28.049999 9.725000 -0.083333
v -28.049999 9.275000 -0.083333
v -28.000000 9.775000 -0.916667
v -28.000000 9.225000 -0.916667
v -28.000000 9.775000 -0.750000
v -28.000000 9.225000 -0.750000
v -28.000000 9.775000 -0.583333
v -28.000000 9.225000 -0.583333
v -28.000000 9.775000 -0.416667
v -28.000000 9.225000 -0.416667
v -28.000000 9.775000 -0.250000
v -28.000000 9.225000 -0.250000
v -28.000000 9.775000 -0.083333
v -28.000000 9.225000 -0.083333
v -28.000000 9.137500 -0.037500
v -28.000000 9.212500 -0.037500
v -27.924999 9.137500 -0.037500
v -27.850000 9.156250 -0.018750
v -27.924999 9.212500 -0.037500
v -27.924999 9.137500 -0.000000
v -27.850000 9.156250 -0.000000
v -27.850000 9.193749 -0.000000
v -27.924999 9.212500 -0.000000
v -27.850000 9.193749 -0.018750
v -28.000000 9.212500 -0.000000
v -28.000000 9.787500 -0.962500
v -28.000000 9.862500 -0.962500
v -27.924999 9.787500 -0.962500
v -27.850000 9.806250 -0.981250
v -27.924999 9.862500 -0.962500
v -27.924999 9.787500 -1.000000
v -27.850000 9.806250 -1.000000
v -27.850000 9.843750 -1.000000
v -27.924999 9.862500 -1.000000
v -27.850000 9.843750 -0.981250
v -28.000000 9.862500 -1.000000
v -28.000000 9.787500 -0.037500
v -28.000000 9.862500 -0.037500
v -27.924999 9.787500 -0.037500
v -27.850000 9.806250 -0.018750
v -27.924999 9.862500 -0.037500
v -27.924999 9.787500 -0.000000
v -27.850000 9.806250 -0.000000
v -27.850000 9.843750 -0.000000
v -27.924999 9.862500 -0.000000
v -27.850000 9.843750 -0.018750
v -28.000000 9.862500 -0.000000
v -28.000000 9.137500 -0.962500
v -28.000000 9.212500 -0.962500
v -27.924999 9.137500 -0.962500
v -27.850000 9.156250 -0.981250
v -27.924999 9.212500 -0.962500
v -27.924999 9.137500 -1.000000
v -27.850000 9.156250 -1.000000
v -27.850000 9.193749 -1.000000
v -27.924999 9.212500 -1.000000
v -27.850000 9.193749 -0.981250
v -28.000000 9.212500 -1.000000
v -28.000000 9.787500 -0.629167
v -28.000000 9.862500 -0.629167
v -27.924999 9.787500 -0.629167
v -27.850000 9.806250 -0.647917
v -27.924999 9.862500 -0.629167
v -27.924999 9.787500 -0.704167
v -27.850000 9.806250 -0.685417
v -27.924999 9.862500 -0.704167
v -28.000000 9.787500 -0.704167
v -28.000000 9.862500 -0.704167
v -27.850000 9.843750 -0.685417
v -27.850000 9.843750 -0.647917
v -28.000000 9.137500 -0.629167
v -28.000000 9.212500 -0.629167
v -27.924999 9.137500 -0.629167
v -27.850000 9.156250 -0.647917
v -27.924999 9.212500 -0.629167
v -27.924999 9.137500 -0.704167
v -27.850000 9.156250 -0.685417
v -27.924999 9.212500 -0.704167
v -28.000000 9.137500 -0.704167
v -28.000000 9.212500 -0.704167
v -27.850000 9.193749 -0.685417
v -27.850000 9.193749 -0.647917
v -28.000000 9.137500 -0.295834
v -28.000000 9.212500 -0.295834
v -27.924999 9.137500 -0.295834
v -27.850000 9.156250 -0.314584
v -27.924999 9.212500 -0.295834
v -27.924999 9.137500 -0.370834
v -27.850000 9.156250 -0.352084
v -27.924999 9.212500 -0.370834
v -28.000000 9.137500 -0.370834
v -28.000000 9.212500 -0.370834
v -27.850000 9.193749 -0.352084
v -27.850000 9.193749 -0.314584
v -28.000000 9.787500 -0.295834
v -28.000000 9.862500 -0.295834
v -27.924999 9.787500 -0.295834
v -27.850000 9.806250 -0.314584
v -27.924999 9.862500 -0.295834
v -27.924999 9.787500 -0.370834
v -27.850000 9.806250 -0.352084
v -27.924999 9.862500 -0.370834
v -28.000000 9.787500 -0.370834
v -28.000000 9.862500 -0.370834
v -27.850000 9.843750 -0.352084
v -27.850000 9.843750 -0.314584
v -28.000000 10.000000 0.000000
v -28.000000 10.000000 -1.000000
v -28.000000 11.000000 -0.000000
v -28.000000 11.000000 -1.000000
v -28.000000 10.137500 -0.629167
v -28.000000 10.212500 -0.629167
v -28.000000 10.137500 -0.704167
v -28.000000 10.212500 -0.704167
v -27.850000 10.156250 -0.647917
v -27.924999 10.137500 -0.629167
v -27.850000 10.193749 -0.647917
v -27.924999 10.212500 -0.629167
v -27.850000 10.156250 -0.685417
v -27.924999 10.137500 -0.704167
v -27.850000 10.193749 -0.685417
v -27.924999 10.212500 -0.704167
v -28.000000 10.787500 -0.295835
v -28.000000 10.862500 -0.295835
v -28.000000 10.787500 -0.370835
v -28.000000 10.862500 -0.370835
v -27.850000 10.806250 -0.314585
v -27.924999 10.787500 -0.295835
v -27.850000 10.843750 -0.314585
v -27.924999 10.862500 -0.295835
v -27.850000 10.806250 -0.352085
v -27.924999 10.787500 -0.370835
v -27.850000 10.843750 -0.352085
v -27.924999 10.862500 -0.370835
v -28.000000 10.137500 -0.295835
v -28.000000 10.212500 -0.295835
v -28.000000 10.137500 -0.370835
v -28.000000 10.212500 -0.370835
v -27.850000 10.156250 -0.314585
v -27.924999 10.137500 -0.295835
v -27.850000 10.193749 -0.314585
v -27.924999 10.212500 -0.295835
v -27.850000 10.156250 -0.352085
v -27.924999 10.137500 -0.370835
v -27.850000 10.193749 -0.352085
v -27.924999 10.212500 -0.370835
v -28.000000 10.787500 -0.629168
v -28.000000 10.862500 -0.629168
v -28.000000 10.787500 -0.704168
v -28.000000 10.862500 -0.704168
v -27.850000 10.806250 -0.647918
v -27.924999 10.787500 -0.629168
v -27.850000 10.843750 -0.647918
v -27.924999 10.862500 -0.629168
v -27.850000 10.806250 -0.685418
v -27.924999 10.787500 -0.704168
v -27.850000 10.843750 -0.685418
v -27.924999 10.862500 -0.704168
v -28.000000 10.137500 -0.037501
v -28.000000 10.212500 -0.037501
v -28.000000 10.212500 -0.000001
v -27.850000 10.156250 -0.018751
v -27.924999 10.137500 -0.037501
v -27.850000 10.193749 -0.018751
v -27.924999 10.212500 -0.037501
v -27.924999 10.137500 -0.000001
v -27.850000 10.156250 -0.000001
v -27.850000 10.193749 -0.000001
v -27.924999 10.212500 -0.000001
v -28.000000 10.787500 -0.037501
v -28.000000 10.862500 -0.037501
v -28.000000 10.862500 -0.000001
v -27.850000 10.806250 -0.018751
v -27.924999 10.787500 -0.037501
v -27.850000 10.843750 -0.018751
v -27.924999 10.862500 -0.037501
v -27.924999 10.787500 -0.000001
v -27.850000 10.806250 -0.000001
v -27.850000 10.843750 -0.000001
v -27.924999 10.862500 -0.000001
v -28.000000 10.137500 -0.962500
v -28.000000 10.212500 -0.962500
v -28.000000 10.212500 -1.000000
v -27.850000 10.156250 -0.981250
v -27.924999 10.137500 -0.962500
v -27.850000 10.193749 -0.981250
v -27.924999 10.212500 -0.962500
v -27.850000 10.156250 -1.000000
v -27.924999 10.137500 -1.000000
v -27.924999 10.212500 -1.000000
v -27.850000 10.193749 -1.000000
v -28.000000 10.787500 -0.962500
v -28.000000 10.862500 -0.962500
v -28.000000 10.862500 -1.000000
v -27.850000 10.806250 -0.981250
v -27.924999 10.787500 -0.962500
v -27.850000 10.843750 -0.981250
v -27.924999 10.862500 -0.962500
v -27.850000 10.806250 -1.000000
v -27.924999 10.787500 -1.000000
v -27.924999 10.862500 -1.000000
v -27.850000 10.843750 -1.000000
v -28.000000 11.000000 -0.000000
v -28.000000 10.000000 0.000000
v -28.000000 10.000000 -1.000000
v -28.000000 11.000000 -1.000000
v -28.000000 10.000000 -0.000000
v -28.000000 10.000000 -1.000000
v -28.000000 11.000000 -1.000000
v -28.000000 11.000000 -0.000000
v -28.000000 10.333333 -0.833333
v -28.000000 10.333333 -0.166668
v -28.000000 10.666667 -0.833333
v -28.000000 10.666667 -0.166668
v -28.299999 10.333333 -0.833333
v -28.299999 10.333333 -0.166668
v -28.299999 10.666667 -0.833333
v -28.299999 10.666667 -0.166668
v -28.000000 11.000000 0.000000
v -28.000000 11.000000 -1.000000
v -28.000000 12.000000 -0.000000
v -28.000000 12.000000 -1.000000
v -28.000000 11.137500 -0.629167
v -28.000000 11.212500 -0.629167
v -28.000000 11.137500 -0.704167
v -28.000000 11.212500 -0.704167
v -27.850000 11.156250 -0.647917
v -27.924999 11.137500 -0.629167
v -27.850000 11.193749 -0.647917
v -27.924999 11.212500 -0.629167
v -27.850000 11.156250 -0.685417
v -27.924999 11.137500 -0.704167
v -27.850000 11.193749 -0.685417
v -27.924999 11.212500 -0.704167
v -28.000000 11.787500 -0.295835
v -28.000000 11.862500 -0.295835
v -28.000000 11.787500 -0.370835
v -28.000000 11.862500 -0.370835
v -27.850000 11.806250 -0.314585
v -27.924999 11.787500 -0.295835
v -27.850000 11.843750 -0.314585
v -27.924999 11.862500 -0.295835
v -27.850000 11.806250 -0.352085
v -27.924999 11.787500 -0.370835
v -27.850000 11.843750 -0.352085
v -27.924999 11.862500 -0.370835
v -28.000000 11.137500 -0.295835
v -28.000000 11.212500 -0.295835
v -28.000000 11.137500 -0.370835
v -28.000000 11.212500 -0.370835
v -27.850000 11.156250 -0.314585
v -27.924999 11.137500 -0.295835
v -27.850000 11.193749 -0.314585
v -27.924999 11.212500 -0.295835
v -27.850000 11.156250 -0.352085
v -27.924999 11.137500 -0.370835
v -27.850000 11.193749 -0.352085
v -27.924999 11.212500 -0.370835
v -28.000000 11.787500 -0.629168
v -28.000000 11.862500 -0.629168
v -28.000000 11.787500 -0.704168
v -28.000000 11.862500 -0.704168
v -27.850000 11.806250 -0.647918
v -27.924999 11.787500 -0.629168
v -27.850000 11.843750 -0.647918
v -27.924999 11.862500 -0.629168
v -27.850000 11.806250 -0.685418
v -27.924999 11.787500 -0.704168
v -27.850000 11.843750 -0.685418
v -27.924999 11.862500 -0.704168
v -28.000000 11.137500 -0.037501
v -28.000000 11.212500 -0.037501
v -28.000000 11.212500 -0.000001
v -27.850000 11.156250 -0.018751
v -27.924999 11.137500 -0.037501
v -27.850000 11.193749 -0.018751
v -27.924999 11.212500 -0.037501
v -27.924999 11.137500 -0.000001
v -27.850000 11.156250 -0.000001
v -27.850000 11.193749 -0.000001
v -27.924999 11.212500 -0.000001
v -28.000000 11.787500 -0.037501
v -28.000000 11.862500 -0.037501
v -28.000000 11.862500 -0.000001
v -27.850000 11.806250 -0.018751
v -27.924999 11.787500 -0.037501
v -27.850000 11.843750 -0.018751
v -27.924999 11.862500 -0.037501
v -27.924999 11.787500 -0.000001
v -27.850000 11.806250 -0.000001
v -27.850000 11.843750 -0.000001
v -27.924999 11.862500 -0.000001
v -28.000000 11.137500 -0.962500
v -28.000000 11.212500 -0.962500
v -28.000000 11.212500 -1.000000
v -27.850000 11.156250 -0.981250
v -27.924999 11.137500 -0.962500
v -27.850000 11.193749 -0.981250
v -27.924999 11.212500 -0.962500
v -27.850000 11.156250 -1.000000
v -27.924999 11.137500 -1.000000
v -27.924999 11.212500 -1.000000
v -27.850000 11.193749 -1.000000
v -28.000000 11.787500 -0.962500
v -28.000000 11.862500 -0.962500
v -28.000000 11.862500 -1.000000
v -27.850000 11.806250 -0.981250
v -27.924999 11.787500 -0.962500
v -27.850000 11.843750 -0.981250
v -27.924999 11.862500 -0.962500
v -27.850000 11.806250 -1.000000
v -27.924999 11.787500 -1.000000
v -27.924999 11.862500 -1.000000
v -27.850000 11.843750 -1.000000
v -28.000000 12.000000 -0.000000
v -28.000000 13.000000 -0.000000
v -28.000000 12.000000 -1.000000
v -28.000000 12.000000 -0.250000
v -28.000000 13.000000 -0.750000
v -28.000000 13.000000 -0.583333
v -28.000000 13.000000 -0.416667
v -28.000000 13.000000 -0.250000
v -28.000000 12.000000 -0.416667
v -28.000000 12.000000 -0.583333
v -28.000000 12.000000 -0.750000
v -28.000000 13.000000 -1.000000
v -28.049999 12.725000 -0.916667
v -28.049999 12.275000 -0.916667
v -28.049999 12.725000 -0.750000
v -28.049999 12.275000 -0.750000
v -28.049999 12.725000 -0.583333
v -28.049999 12.275000 -0.583333
v -28.049999 12.725000 -0.416667
v -28.049999 12.275000 -0.416667
v -28.049999 12.725000 -0.250000
v -28.049999 12.275000 -0.250000
v -28.049999 12.725000 -0.083333
v -28.049999 12.275000 -0.083333
v -28.000000 12.775000 -0.916667
v -28.000000 12.225000 -0.916667
v -28.000000 12.775000 -0.750000
v -28.000000 12.225000 -0.750000
v -28.000000 12.775000 -0.583333
v -28.000000 12.225000 -0.583333
v -28.000000 12.775000 -0.416667
v -28.000000 12.225000 -0.416667
v -28.000000 12.775000 -0.250000
v -28.000000 12.225000 -0.250000
v -28.000000 12.775000 -0.083333
v -28.000000 12.225000 -0.083333
v -28.000000 12.137500 -0.037500
v -28.000000 12.212500 -0.037500
v -27.924999 12.137500 -0.037500
v -27.850000 12.156250 -0.018750
v -27.924999 12.212500 -0.037500
v -27.924999 12.137500 -0.000000
v -27.850000 12.156250 -0.000000
v -27.850000 12.193749 -0.000000
v -27.924999 12.212500 -0.000000
v -27.850000 12.193749 -0.018750
v -28.000000 12.212500 -0.000000
v -28.000000 12.787500 -0.962500
v -28.000000 12.862500 -0.962500
v -27.924999 12.787500 -0.962500
v -27.850000 12.806250 -0.981250
v -27.924999 12.862500 -0.962500
v -27.924999 12.787500 -1.000000
v -27.850000 12.806250 -1.000000
v -27.850000 12.843750 -1.000000
v -27.924999 12.862500 -1.000000
v -27.850000 12.843750 -0.981250
v -28.000000 12.862500 -1.000000
v -28.000000 12.787500 -0.037500
v -28.000000 12.862500 -0.037500
v -27.924999 12.787500 -0.037500
v -27.850000 12.806250 -0.018750
v -27.924999 12.862500 -0.037500
v -27.924999 12.787500 -0.000000
v -27.850000 12.806250 -0.000000
v -27.850000 12.843750 -0.000000
v -27.924999 12.862500 -0.000000
v -27.850000 12.843750 -0.018750
v -28.000000 12.862500 -0.000000
v -28.000000 12.137500 -0.962500
v -28.000000 12.212500 -0.962500
v -27.924999 12.137500 -0.962500
v -27.850000 12.156250 -0.981250
v -27.924999 12.212500 -0.962500
v -27.924999 12.137500 -1.000000
v -27.850000 12.156250 -1.000000
v -27.850000 12.193749 -1.000000
v -27.924999 12.212500 -1.000000
v -27.850000 12.193749 -0.981250
v -28.000000 12.212500 -1.000000
v -28.000000 12.787500 -0.629167
v -28.000000 12.862500 -0.629167
v -27.924999 12.787500 -0.629167
v -27.850000 12.806250 -0.647917
v -27.924999 12.862500 -0.629167
v -27.924999 12.787500 -0.704167
v -27.850000 12.806250 -0.685417
v -27.924999 12.862500 -0.704167
v -28.000000 12.787500 -0.704167
v -28.000000 12.862500 -0.704167
v -27.850000 12.843750 -0.685417
v -27.850000 12.843750 -0.647917
v -28.000000 12.137500 -0.629167
v -28.000000 12.212500 -0.629167
v -27.924999 12.137500 -0.629167
v -27.850000 12.156250 -0.647917
v -27.924999 12.212500 -0.629167
v -27.924999 12.137500 -0.704167
v -27.850000 12.156250 -0.685417
v -27.924999 12.212500 -0.704167
v -28.000000 12.137500 -0.704167
v -28.000000 12.212500 -0.704167
v -27.850000 12.193749 -0.685417
v -27.850000 12.193749 -0.647917
v -28.000000 12.137500 -0.295834
v -28.000000 12.212500 -0.295834
v -27.924999 12.137500 -0.295834
v -27.850000 12.156250 -0.314584
v -27.924999 12.212500 -0.295834
v -27.924999 12.137500 -0.370834
v -27.850000 12.156250 -0.352084
v -27.924999 12.212500 -0.370834
v -28.000000 12.137500 -0.370834
v -28.000000 12.212500 -0.370834
v -27.850000 12.193749 -0.352084
v -27.850000 12.193749 -0.314584
v -28.000000 12.787500 -0.295834
v -28.000000 12.862500 -0.295834
v -27.924999 12.787500 -0.295834
v -27.850000 12.806250 -0.314584
v -27.924999 12.862500 -0.295834
v -27.924999 12.787500 -0.370834
v -27.850000 12.806250 -0.352084
v -27.924999 12.862500 -0.370834
v -28.000000 12.787500 -0.370834
v -28.000000 12.862500 -0.370834
v -27.850000 12.843750 -0.352084
v -27.850000 12.843750 -0.314584
v -28.000000 13.000000 0.000000
v -28.000000 13.000000 -1.000000
v -28.000000 14.000000 -0.000000
v -28.000000 14.000000 -1.000000
v -28.000000 13.137500 -0.629167
v -28.000000 13.212500 -0.629167
v -28.000000 13.137500 -0.704167
v -28.000000 13.212500 -0.704167
v -27.850000 13.156250 -0.647917
v -27.924999 13.137500 -0.629167
v -27.850000 13.193749 -0.647917
v -27.924999 13.212500 -0.629167
v -27.850000 13.156250 -0.685417
v -27.924999 13.137500 -0.704167
v -27.850000 13.193749 -0.685417
v -27.924999 13.212500 -0.704167
v -28.000000 13.787500 -0.295835
v -28.000000 13.862500 -0.295835
v -28.000000 13.787500 -0.370835
v -28.000000 13.862500 -0.370835
v -27.850000 13.806250 -0.314585
v -27.924999 13.787500 -0.295835
v -27.850000 13.843750 -0.314585
v -27.924999 13.862500 -0.295835
v -27.850000 13.806250 -0.352085
v -27.924999 13.787500 -0.370835
v -27.850000 13.843750 -0.352085
v -27.924999 13.862500 -0.370835
v -28.000000 13.137500 -0.295835
v -28.000000 13.212500 -0.295835
v -28.000000 13.137500 -0.370835
v -28.000000 13.212500 -0.370835
v -27.850000 13.156250 -0.314585
v -27.924999 13.137500 -0.295835
v -27.850000 13.193749 -0.314585
v -27.924999 13.212500 -0.295835
v -27.850000 13.156250 -0.352085
v -27.924999 13.137500 -0.370835
v -27.850000 13.193749 -0.352085
v -27.924999 13.212500 -0.370835
v -28.000000 13.787500 -0.629168
v -28.000000 13.862500 -0.629168
v -28.000000 13.787500 -0.704168
v -28.000000 13.862500 -0.704168
v -27.850000 13.806250 -0.647918
v -27.924999 13.787500 -0.629168
v -27.850000 13.843750 -0.647918
v -27.924999 13.862500 -0.629168
v -27.850000 13.806250 -0.685418
v -27.924999 13.787500 -0.704168
v -27.850000 13.843750 -0.685418
v -27.924999 13.862500 -0.704168
v -28.000000 13.137500 -0.037501
v -28.000000 13.212500 -0.037501
v -28.000000 13.212500 -0.000001
v -27.850000 13.156250 -0.018751
v -27.924999 13.137500 -0.037501
v -27.850000 13.193749 -0.018751
v -27.924999 13.212500 -0.037501
v -27.924999 13.137500 -0.000001
v -27.850000 13.156250 -0.000001
v -27.850000 13.193749 -0.000001
v -27.924999 13.212500 -0.000001
v -28.000000 13.787500 -0.037501
v -28.000000 13.862500 -0.037501
v -28.000000 13.862500 -0.000001
v -27.850000 13.806250 -0.018751
v -27.924999 13.787500 -0.037501
v -27.850000 13.843750 -0.018751
v -27.924999 13.862500 -0.037501
v -27.924999 13.787500 -0.000001
v -27.850000 13.806250 -0.000001
v -27.850000 13.843750 -0.000001
v -27.924999 13.862500 -0.000001
v -28.000000 13.137500 -0.962500
v -28.000000 13.212500 -0.962500
v -28.000000 13.212500 -1.000000
v -27.850000 13.156250 -0.981250
v -27.924999 13.137500 -0.962500
v -27.850000 13.193749 -0.981250
v -27.924999 13.212500 -0.962500
v -27.850000 13.156250 -1.000000
v -27.924999 13.137500 -1.000000
v -27.924999 13.212500 -1.000000
v -27.850000 13.193749 -1.000000
v -28.000000 13.787500 -0.962500
v -28.000000 13.862500 -0.962500
v -28.000000 13.862500 -1.000000
v -27.850000 13.806250 -0.981250
v -27.924999 13.787500 -0.962500
v -27.850000 13.843750 -0.981250
v -27.924999 13.862500 -0.962500
v -27.850000 13.806250 -1.000000
v -27.924999 13.787500 -1.000000
v -27.924999 13.862500 -1.000000
v -27.850000 13.843750 -1.000000
v -28.000000 14.000000 -0.000000
v -28.000000 13.000000 0.000000
v -28.000000 13.000000 -1.000000
v -28.000000 14.000000 -1.000000
v -28.000000 13.000000 -0.000000
v -28.000000 13.000000 -1.000000
v -28.000000 14.000000 -1.000000
v -28.000000 14.000000 -0.000000
v -28.000000 13.333333 -0.833333
v -28.000000 13.333333 -0.166668
v -28.000000 13.666667 -0.833333
v -28.000000 13.666667 -0.166668
v -28.299999 13.333333 -0.833333
v -28.299999 13.333333 -0.166668
v -28.299999 13.666667 -0.833333
v -28.299999 13.666667 -0.166668
v -28.000000 1.000000 -1.000000
v -28.000000 2.000000 -1.000000
v -28.000000 1.000000 -2.000000
v -28.000000 1.000000 -1.250000
v -28.000000 2.000000 -1.750000
v -28.000000 2.000000 -1.583333
v -28.000000 2.000000 -1.416667
v -28.000000 2.000000 -1.250000
v -28.000000 1.000000 -1.416667
v -28.000000 1.000000 -1.583333
v -28.000000 1.000000 -1.750000
v -28.000000 2.000000 -2.000000
v -28.049999 1.725001 -1.916667
v -28.049999 1.275000 -1.916667
v -28.049999 1.725001 -1.750000
v -28.049999 1.275000 -1.750000
v -28.049999 1.725001 -1.583333
v -28.049999 1.275000 -1.583333
v -28.049999 1.725001 -1.416667
v -28.049999 1.275000 -1.416667
v -28.049999 1.725001 -1.250000
v -28.049999 1.275000 -1.250000
v -28.049999 1.725001 -1.083333
v -28.049999 1.275000 -1.083333
v -28.000000 1.775001 -1.916667
v -28.000000 1.225000 -1.916667
v -28.000000 1.775001 -1.750000
v -28.000000 1.225000 -1.750000
v -28.000000 1.775001 -1.583333
v -28.000000 1.225000 -1.583333
v -28.000000 1.775001 -1.416667
v -28.000000 1.225000 -1.416667
v -28.000000 1.775001 -1.250000
v -28.000000 1.225000 -1.250000
v -28.000000 1.775001 -1.083333
v -28.000000 1.225000 -1.083333
v -28.000000 1.137500 -1.037500
v -28.000000 1.212500 -1.037500
v -27.924999 1.137500 -1.037500
v -27.850000 1.156250 -1.018750
v -27.924999 1.212500 -1.037500
v -27.924999 1.137500 -1.000000
v -27.850000 1.156250 -1.000000
v -27.850000 1.193750 -1.000000
v -27.924999 1.212500 -1.000000
v -27.850000 1.193750 -1.018750
v -28.000000 1.212500 -1.000000
v -28.000000 1.787501 -1.962500
v -28.000000 1.862501 -1.962500
v -27.924999 1.787501 -1.962500
v -27.850000 1.806251 -1.981250
v -27.924999 1.862501 -1.962500
v -27.924999 1.787501 -2.000000
v -27.850000 1.806251 -2.000000
v -27.850000 1.843750 -2.000000
v -27.924999 1.862501 -2.000000
v -27.850000 1.843750 -1.981250
v -28.000000 1.862501 -2.000000
v -28.000000 1.787501 -1.037500
v -28.000000 1.862501 -1.037500
v -27.924999 1.787501 -1.037500
v -27.850000 1.806251 -1.018750
v -27.924999 1.862501 -1.037500
v -27.924999 1.787501 -1.000000
v -27.850000 1.806251 -1.000000
v -27.850000 1.843750 -1.000000
v -27.924999 1.862501 -1.000000
v -27.850000 1.843750 -1.018750
v -28.000000 1.862501 -1.000000
v -28.000000 1.137500 -1.962500
v -28.000000 1.212500 -1.962500
v -27.924999 1.137500 -1.962500
v -27.850000 1.156250 -1.981250
v -27.924999 1.212500 -1.962500
v -27.924999 1.137500 -2.000000
v -27.850000 1.156250 -2.000000
v -27.850000 1.193750 -2.000000
v -27.924999 1.212500 -2.000000
v -27.850000 1.193750 -1.981250
v -28.000000 1.212500 -2.000000
v -28.000000 1.787501 -1.629167
v -28.000000 1.862501 -1.629167
v -27.924999 1.787501 -1.629167
v -27.850000 1.806251 -1.647917
v -27.924999 1.862501 -1.629167
v -27.924999 1.787501 -1.704167
v -27.850000 1.806251 -1.685417
v -27.924999 1.862501 -1.704167
v -28.000000 1.787501 -1.704167
v -28.000000 1.862501 -1.704167
v -27.850000 1.843750 -1.685417
v -27.850000 1.843750 -1.647917
v -28.000000 1.137500 -1.629167
v -28.000000 1.212500 -1.629167
v -27.924999 1.137500 -1.629167
v -27.850000 1.156250 -1.647917
v -27.924999 1.212500 -1.629167
v -27.924999 1.137500 -1.704167
v -27.850000 1.156250 -1.685417
v -27.924999 1.212500 -1.704167
v -28.000000 1.137500 -1.704167
v -28.000000 1.212500 -1.704167
v -27.850000 1.193750 -1.685417
v -27.850000 1.193750 -1.647917
v -28.000000 1.137500 -1.295834
v -28.000000 1.212500 -1.295834
v -27.924999 1.137500 -1.295834
v -27.850000 1.156250 -1.314584
v -27.924999 1.212500 -1.295834
v -27.924999 1.137500 -1.370834
v -27.850000 1.156250 -1.352084
v -27.924999 1.212500 -1.370834
v -28.000000 1.137500 -1.370834
v -28.000000 1.212500 -1.370834
v -27.850000 1.193750 -1.352084
v -27.850000 1.193750 -1.314584
v -28.000000 1.787501 -1.295834
v -28.000000 1.862501 -1.295834
v -27.924999 1.787501 -1.295834
v -27.850000 1.806251 -1.314584
v -27.924999 1.862501 -1.295834
v -27.924999 1.787501 -1.370834
v -27.850000 1.806251 -1.352084
v -27.924999 1.862501 -1.370834
v -28.000000 1.787501 -1.370834
v -28.000000 1.862501 -1.370834
v -27.850000 1.843750 -1.352084
v -27.850000 1.843750 -1.314584
v -28.000000 2.000000 -1.000000
v -28.000000 2.000000 -2.000000
v -28.000000 3.000000 -1.000000
v -28.000000 3.000000 -2.000000
v -28.000000 2.137500 -1.629167
v -28.000000 2.212500 -1.629167
v -28.000000 2.137500 -1.704167
v -28.000000 2.212500 -1.704167
v -27.850000 2.156250 -1.647917
v -27.924999 2.137500 -1.629167
v -27.850000 2.193750 -1.647917
v -27.924999 2.212500 -1.629167
v -27.850000 2.156250 -1.685417
v -27.924999 2.137500 -1.704167
v -27.850000 2.193750 -1.685417
v -27.924999 2.212500 -1.704167
v -28.000000 2.787501 -1.295835
v -28.000000 2.862501 -1.295835
v -28.000000 2.787501 -1.370835
v -28.000000 2.862501 -1.370835
v -27.850000 2.806251 -1.314585
v -27.924999 2.787501 -1.295835
v -27.850000 2.843750 -1.314585
v -27.924999 2.862501 -1.295835
v -27.850000 2.806251 -1.352085
v -27.924999 2.787501 -1.370835
v -27.850000 2.843750 -1.352085
v -27.924999 2.862501 -1.370835
v -28.000000 2.137500 -1.295835
v -28.000000 2.212500 -1.295835
v -28.000000 2.137500 -1.370835
v -28.000000 2.212500 -1.370835
v -27.850000 2.156250 -1.314585
v -27.924999 2.137500 -1.295835
v -27.850000 2.193750 -1.314585
v -27.924999 2.212500 -1.295835
v -27.850000 2.156250 -1.352085
v -27.924999 2.137500 -1.370835
v -27.850000 2.193750 -1.352085
v -27.924999 2.212500 -1.370835
v -28.000000 2.787501 -1.629168
v -28.000000 2.862501 -1.629168
v -28.000000 2.787501 -1.704168
v -28.000000 2.862501 -1.704168
v -27.850000 2.806251 -1.647918
v -27.924999 2.787501 -1.629168
v -27.850000 2.843750 -1.647918
v -27.924999 2.862501 -1.629168
v -27.850000 2.806251 -1.685418
v -27.924999 2.787501 -1.704168
v -27.850000 2.843750 -1.685418
v -27.924999 2.862501 -1.704168
v -28.000000 2.137500 -1.037501
v -28.000000 2.212500 -1.037501
v -28.000000 2.212500 -1.000001
v -27.850000 2.156250 -1.018751
v -27.924999 2.137500 -1.037501
v -27.850000 2.193750 -1.018751
v -27.924999 2.212500 -1.037501
v -27.924999 2.137500 -1.000001
v -27.850000 2.156250 -1.000001
v -27.850000 2.193750 -1.000001
v -27.924999 2.212500 -1.000001
v -28.000000 2.787501 -1.037501
v -28.000000 2.862501 -1.037501
v -28.000000 2.862501 -1.000001
v -27.850000 2.806251 -1.018751
v -27.924999 2.787501 -1.037501
v -27.850000 2.843750 -1.018751
v -27.924999 2.862501 -1.037501
v -27.924999 2.787501 -1.000001
v -27.850000 2.806251 -1.000001
v -27.850000 2.843750 -1.000001
v -27.924999 2.862501 -1.000001
v -28.000000 2.137500 -1.962500
v -28.000000 2.212500 -1.962500
v -28.000000 2.212500 -2.000000
v -27.850000 2.156250 -1.981250
v -27.924999 2.137500 -1.962500
v -27.850000 2.193750 -1.981250
v -27.924999 2.212500 -1.962500
v -27.850000 2.156250 -2.000000
v -27.924999 2.137500 -2.000000
v -27.924999 2.212500 -2.000000
v -27.850000 2.193750 -2.000000
v -28.000000 2.787501 -1.962500
v -28.000000 2.862501 -1.962500
v -28.000000 2.862501 -2.000000
v -27.850000 2.806251 -1.981250
v -27.924999 2.787501 -1.962500
v -27.850000 2.843750 -1.981250
v -27.924999 2.862501 -1.962500
v -27.850000 2.806251 -2.000000
v -27.924999 2.787501 -2.000000
v -27.924999 2.862501 -2.000000
v -27.850000 2.843750 -2.000000
v -28.000000 3.000000 -1.000000
v -28.000000 3.000000 -2.000000
v -28.000000 4.000000 -1.000000
v -28.000000 4.000000 -2.000000
v -28.000000 3.137500 -1.629167
v -28.000000 3.212500 -1.629167
v -28.000000 3.137500 -1.704167
v -28.000000 3.212500 -1.704167
v -27.850000 3.156250 -1.647917
v -27.924999 3.137500 -1.629167
v -27.850000 3.193750 -1.647917
v -27.924999 3.212500 -1.629167
v -27.850000 3.156250 -1.685417
v -27.924999 3.137500 -1.704167
v -27.850000 3.193750 -1.685417
v -27.924999 3.212500 -1.704167
v -28.000000 3.787500 -1.295835
v -28.000000 3.862500 -1.295835
v -28.000000 3.787500 -1.370835
v -28.000000 3.862500 -1.370835
v -27.850000 3.806250 -1.314585
v -27.924999 3.787500 -1.295835
v -27.850000 3.843750 -1.314585
v -27.924999 3.862500 -1.295835
v -27.850000 3.806250 -1.352085
v -27.924999 3.787500 -1.370835
v -27.850000 3.843750 -1.352085
v -27.924999 3.862500 -1.370835
v -28.000000 3.137500 -1.295835
v -28.000000 3.212500 -1.295835
v -28.000000 3.137500 -1.370835
v -28.000000 3.212500 -1.370835
v -27.850000 3.156250 -1.314585
v -27.924999 3.137500 -1.295835
v -27.850000 3.193750 -1.314585
v -27.924999 3.212500 -1.295835
v -27.850000 3.156250 -1.352085
v -27.924999 3.137500 -1.370835
v -27.850000 3.193750 -1.352085
v -27.924999 3.212500 -1.370835
v -28.000000 3.787500 -1.629168
v -28.000000 3.862500 -1.629168
v -28.000000 3.787500 -1.704168
v -28.000000 3.862500 -1.704168
v -27.850000 3.806250 -1.647918
v -27.924999 3.787500 -1.629168
v -27.850000 3.843750 -1.647918
v -27.924999 3.862500 -1.629168
v -27.850000 3.806250 -1.685418
v -27.924999 3.787500 -1.704168
v -27.850000 3.843750 -1.685418
v -27.924999 3.862500 -1.704168
v -28.000000 3.137500 -1.037501
v -28.000000 3.212500 -1.037501
v -28.000000 3.212500 -1.000001
v -27.850000 3.156250 -1.018751
v -27.924999 3.137500 -1.037501
v -27.850000 3.193750 -1.018751
v -27.924999 3.212500 -1.037501
v -27.924999 3.137500 -1.000001
v -27.850000 3.156250 -1.000001
v -27.850000 3.193750 -1.000001
v -27.924999 3.212500 -1.000001
v -28.000000 3.787500 -1.037501
v -28.000000 3.862500 -1.037501
v -28.000000 3.862500 -1.000001
v -27.850000 3.806250 -1.018751
v -27.924999 3.787500 -1.037501
v -27.850000 3.843750 -1.018751
v -27.924999 3.862500 -1.037501
v -27.924999 3.787500 -1.000001
v -27.850000 3.806250 -1.000001
v -27.850000 3.843750 -1.000001
v -27.924999 3.862500 -1.000001
v -28.000000 3.137500 -1.962500
v -28.000000 3.212500 -1.962500
v -28.000000 3.212500 -2.000000
v -27.850000 3.156250 -1.981250
v -27.924999 3.137500 -1.962500
v -27.850000 3.193750 -1.981250
v -27.924999 3.212500 -1.962500
v -27.850000 3.156250 -2.000000
v -27.924999 3.137500 -2.000000
v -27.924999 3.212500 -2.000000
v -27.850000 3.193750 -2.000000
v -28.000000 3.787500 -1.962500
v -28.000000 3.862500 -1.962500
v -28.000000 3.862500 -2.000000
v -27.850000 3.806250 -1.981250
v -27.924999 3.787500 -1.962500
v -27.850000 3.843750 -1.981250
v -27.924999 3.862500 -1.962500
v -27.850000 3.806250 -2.000000
v -27.924999 3.787500 -2.000000
v -27.924999 3.862500 -2.000000
v -27.850000 3.843750 -2.000000
v -28.000000 4.000000 -1.000000
v -28.000000 3.000000 -1.000000
v -28.000000 3.000000 -2.000000
v -28.000000 4.000000 -2.000000
v -28.000000 3.000000 -1.000000
v -28.000000 3.000000 -2.000000
v -28.000000 4.000000 -2.000000
v -28.000000 4.000000 -1.000000
v -28.000000 3.333333 -1.833333
v -28.000000 3.333333 -1.166668
v -28.000000 3.666667 -1.833333
v -28.000000 3.666667 -1.166668
v -28.299999 3.333333 -1.833333
v -28.299999 3.333333 -1.166668
v -28.299999 3.666667 -1.833333
v -28.299999 3.666667 -1.166668
v -28.000000 4.000000 -1.000000
v -28.000000 4.000000 -2.000000
v -28.000000 5.000000 -1.000000
v -28.000000 5.000000 -2.000000
v -28.000000 4.137500 -1.629167
v -28.000000 4.212500 -1.629167
v -28.000000 4.137500 -1.704167
v -28.000000 4.212500 -1.704167
v -27.850000 4.156250 -1.647917
v -27.924999 4.137500 -1.629167
v -27.850000 4.193750 -1.647917
v -27.924999 4.212500 -1.629167
v -27.850000 4.156250 -1.685417
v -27.924999 4.137500 -1.704167
v -27.850000 4.193750 -1.685417
v -27.924999 4.212500 -1.704167
v -28.000000 4.787500 -1.295835
v -28.000000 4.862500 -1.295835
v -28.000000 4.787500 -1.370835
v -28.000000 4.862500 -1.370835
v -27.850000 4.806250 -1.314585
v -27.924999 4.787500 -1.295835
v -27.850000 4.843750 -1.314585
v -27.924999 4.862500 -1.295835
v -27.850000 4.806250 -1.352085
v -27.924999 4.787500 -1.370835
v -27.850000 4.843750 -1.352085
v -27.924999 4.862500 -1.370835
v -28.000000 4.137500 -1.295835
v -28.000000 4.212500 -1.295835
v -28.000000 4.137500 -1.370835
v -28.000000 4.212500 -1.370835
v -27.850000 4.156250 -1.314585
v -27.924999 4.137500 -1.295835
v -27.850000 4.193750 -1.314585
v -27.924999 4.212500 -1.295835
v -27.850000 4.156250 -1.352085
v -27.924999 4.137500 -1.370835
v -27.850000 4.193750 -1.352085
v -27.924999 4.212500 -1.370835
v -28.000000 4.787500 -1.629168
v -28.000000 4.862500 -1.629168
v -28.000000 4.787500 -1.704168
v -28.000000 4.862500 -1.704168
v -27.850000 4.806250 -1.647918
v -27.924999 4.787500 -1.629168
v -27.850000 4.843750 -1.647918
v -27.924999 4.862500 -1.629168
v -27.850000 4.806250 -1.685418
v -27.924999 4.787500 -1.704168
v -27.850000 4.843750 -1.685418
v -27.924999 4.862500 -1.704168
v -28.000000 4.137500 -1.037501
v -28.000000 4.212500 -1.037501
v -28.000000 4.212500 -1.000001
v -27.850000 4.156250 -1.018751
v -27.924999 4.137500 -1.037501
v -27.850000 4.193750 -1.018751
v -27.924999 4.212500 -1.037501
v -27.924999 4.137500 -1.000001
v -27.850000 4.156250 -1.000001
v -27.850000 4.193750 -1.000001
v -27.924999 4.212500 -1.000001
v -28.000000 4.787500 -1.037501
v -28.000000 4.862500 -1.037501
v -28.000000 4.862500 -1.000001
v -27.850000 4.806250 -1.018751
v -27.924999 4.787500 -1.037501
v -27.850000 4.843750 -1.018751
v -27.924999 4.862500 -1.037501
v -27.924999 4.787500 -1.000001
v -27.850000 4.806250 -1.000001
v -27.850000 4.843750 -1.000001
v -27.924999 4.862500 -1.000001
v -28.000000 4.137500 -1.962500
v -28.000000 4.212500 -1.962500
v -28.000000 4.212500 -2.000000
v -27.850000 4.156250 -1.981250
v -27.924999 4.137500 -1.962500
v -27.850000 4.193750 -1.981250
v -27.924999 4.212500 -1.962500
v -27.850000 4.156250 -2.000000
v -27.924999 4.137500 -2.000000
v -27.924999 4.212500 -2.000000
v -27.850000 4.193750 -2.000000
v -28.000000 4.787500 -1.962500
v -28.000000 4.862500 -1.962500
v -28.000000 4.862500 -2.000000
v -27.850000 4.806250 -1.981250
v -27.924999 4.787500 -1.962500
v -27.850000 4.843750 -1.981250
v -27.924999 4.862500 -1.962500
v -27.850000 4.806250 -2.000000
v -27.924999 4.787500 -2.000000
v -27.924999 4.862500 -2.000000
v -27.850000 4.843750 -2.000000
v -28.000000 5.000000 -1.000000
v -28.000000 6.000000 -1.000000
v -28.000000 5.000000 -2.000000
v -28.000000 5.000000 -1.250000
v -28.000000 6.000000 -1.750000
v -28.000000 6.000000 -1.583333
v -28.000000 6.000000 -1.416667
v -28.000000 6.000000 -1.250000
v -28.000000 5.000000 -1.416667
v -28.000000 5.000000 -1.583333
v -28.000000 5.000000 -1.750000
v -28.000000 6.000000 -2.000000
v -28.049999 5.725000 -1.916667
v -28.049999 5.275000 -1.916667
v -28.049999 5.725000 -1.750000
v -28.049999 5.275000 -1.750000
v -28.049999 5.725000 -1.583333
v -28.049999 5.275000 -1.583333
v -28.049999 5.725000 -1.416667
v -28.049999 5.275000 -1.416667
v -28.049999 5.725000 -1.250000
v -28.049999 5.275000 -1.250000
v -28.049999 5.725000 -1.083333
v -28.049999 5.275000 -1.083333
v -28.000000 5.775000 -1.916667
v -28.000000 5.225000 -1.916667
v -28.000000 5.775000 -1.750000
v -28.000000 5.225000 -1.750000
v -28.000000 5.775000 -1.583333
v -28.000000 5.225000 -1.583333
v -28.000000 5.775000 -1.416667
v -28.000000 5.225000 -1.416667
v -28.000000 5.775000 -1.250000
v -28.000000 5.225000 -1.250000
v -28.000000 5.775000 -1.083333
v -28.000000 5.225000 -1.083333
v -28.000000 5.137500 -1.037500
v -28.000000 5.212500 -1.037500
v -27.924999 5.137500 -1.037500
v -27.850000 5.156250 -1.018750
v -27.924999 5.212500 -1.037500
v -27.924999 5.137500 -1.000000
v -27.850000 5.156250 -1.000000
v -27.850000 5.193750 -1.000000
v -27.924999 5.212500 -1.000000
v -27.850000 5.193750 -1.018750
v -28.000000 5.212500 -1.000000
v -28.000000 5.787500 -1.962500
v -28.000000 5.862500 -1.962500
v -27.924999 5.787500 -1.962500
v -27.850000 5.806250 -1.981250
v -27.924999 5.862500 -1.962500
v -27.924999 5.787500 -2.000000
v -27.850000 5.806250 -2.000000
v -27.850000 5.843750 -2.000000
v -27.924999 5.862500 -2.000000
v -27.850000 5.843750 -1.981250
v -28.000000 5.862500 -2.000000
v -28.000000 5.787500 -1.037500
v -28.000000 5.862500 -1.037500
v -27.924999 5.787500 -1.037500
v -27.850000 5.806250 -1.018750
v -27.924999 5.862500 -1.037500
v -27.924999 5.787500 -1.000000
v -27.850000 5.806250 -1.000000
v -27.850000 5.843750 -1.000000
v -27.924999 5.862500 -1.000000
v -27.850000 5.843750 -1.018750
v -28.000000 5.862500 -1.000000
v -28.000000 5.137500 -1.962500
v -28.000000 5.212500 -1.962500
v -27.924999 5.137500 -1.962500
v -27.850000 5.156250 -1.981250
v -27.924999 5.212500 -1.962500
v -27.924999 5.137500 -2.000000
v -27.850000 5.156250 -2.000000
v -27.850000 5.193750 -2.000000
v -27.924999 5.212500 -2.000000
v -27.850000 5.193750 -1.981250
v -28.000000 5.212500 -2.000000
v -28.000000 5.787500 -1.629167
v -28.000000 5.862500 -1.629167
v -27.924999 5.787500 -1.629167
v -27.850000 5.806250 -1.647917
v -27.924999 5.862500 -1.629167
v -27.924999 5.787500 -1.704167
v -27.850000 5.806250 -1.685417
v -27.924999 5.862500 -1.704167
v -28.000000 5.787500 -1.704167
v -28.000000 5.862500 -1.704167
v -27.850000 5.843750 -1.685417
v -27.850000 5.843750 -1.647917
v -28.000000 5.137500 -1.629167
v -28.000000 5.212500 -1.629167
v -27.924999 5.137500 -1.629167
v -27.850000 5.156250 -1.647917
v -27.924999 5.212500 -1.629167
v -27.924999 5.137500 -1.704167
v -27.850000 5.156250 -1.685417
v -27.924999 5.212500 -1.704167
v -28.000000 5.137500 -1.704167
v -28.000000 5.212500 -1.704167
v -27.850000 5.193750 -1.685417
v -27.850000 5.193750 -1.647917
v -28.000000 5.137500 -1.295834
v -28.000000 5.212500 -1.295834
v -27.924999 5.137500 -1.295834
v -27.850000 5.156250 -1.314584
v -27.924999 5.212500 -1.295834
v -27.924999 5.137500 -1.370834
v -27.850000 5.156250 -1.352084
v -27.924999 5.212500 -1.370834
v -28.000000 5.137500 -1.370834
v -28.000000 5.212500 -1.370834
v -27.850000 5.193750 -1.352084
v -27.850000 5.193750 -1.314584
v -28.000000 5.787500 -1.295834
v -28.000000 5.862500 -1.295834
v -27.924999 5.787500 -1.295834
v -27.850000 5.806250 -1.314584
v -27.924999 5.862500 -1.295834
v -27.924999 5.787500 -1.370834
v -27.850000 5.806250 -1.352084
v -27.924999 5.862500 -1.370834
v -28.000000 5.787500 -1.370834
v -28.000000 5.862500 -1.370834
v -27.850000 5.843750 -1.352084
v -27.850000 5.843750 -1.314584
v -28.000000 6.000000 -1.000000
v -28.000000 7.000000 -1.000000
v -28.000000 6.000000 -2.000000
v -28.000000 6.000000 -1.250000
v -28.000000 7.000000 -1.750000
v -28.000000 7.000000 -1.583333
v -28.000000 7.000000 -1.416667
v -28.000000 7.000000 -1.250000
v -28.000000 6.000000 -1.416667
v -28.000000 6.000000 -1.583333
v -28.000000 6.000000 -1.750000
v -28.000000 7.000000 -2.000000
v -28.049999 6.725000 -1.916667
v -28.049999 6.275000 -1.916667
v -28.049999 6.725000 -1.750000
v -28.049999 6.275000 -1.750000
v -28.049999 6.725000 -1.583333
v -28.049999 6.275000 -1.583333
v -28.049999 6.725000 -1.416667
v -28.049999 6.275000 -1.416667
v -28.049999 6.725000 -1.250000
v -28.049999 6.275000 -1.250000
v -28.049999 6.725000 -1.083333
v -28.049999 6.275000 -1.083333
v -28.000000 6.775000 -1.916667
v -28.000000 6.225000 -1.916667
v -28.000000 6.775000 -1.750000
v -28.000000 6.225000 -1.750000
v -28.000000 6.775000 -1.583333
v -28.000000 6.225000 -1.583333
v -28.000000 6.775000 -1.416667
v -28.000000 6.225000 -1.416667
v -28.000000 6.775000 -1.250000
v -28.000000 6.225000 -1.250000
v -28.000000 6.775000 -1.083333
v -28.000000 6.225000 -1.083333
v -28.000000 6.137500 -1.037500
v -28.000000 6.212500 -1.037500
v -27.924999 6.137500 -1.037500
v -27.850000 6.156250 -1.018750
v -27.924999 6.212500 -1.037500
v -27.924999 6.137500 -1.000000
v -27.850000 6.156250 -1.000000
v -27.850000 6.193750 -1.000000
v -27.924999 6.212500 -1.000000
v -27.850000 6.193750 -1.018750
v -28.000000 6.212500 -1.000000
v -28.000000 6.787500 -1.962500
v -28.000000 6.862500 -1.962500
v -27.924999 6.787500 -1.962500
v -27.850000 6.806250 -1.981250
v -27.924999 6.862500 -1.962500
v -27.924999 6.787500 -2.000000
v -27.850000 6.806250 -2.000000
v -27.850000 6.843750 -2.000000
v -27.924999 6.862500 -2.000000
v -27.850000 6.843750 -1.981250
v -28.000000 6.862500 -2.000000
v -28.000000 6.787500 -1.037500
v -28.000000 6.862500 -1.037500
v -27.924999 6.787500 -1.037500
v -27.850000 6.806250 -1.018750
v -27.924999 6.862500 -1.037500
v -27.924999 6.787500 -1.000000
v -27.850000 6.806250 -1.000000
v -27.850000 6.843750 -1.000000
v -27.924999 6.862500 -1.000000
v -27.850000 6.843750 -1.018750
v -28.000000 6.862500 -1.000000
v -28.000000 6.137500 -1.962500
v -28.000000 6.212500 -1.962500
v -27.924999 6.137500 -1.962500
v -27.850000 6.156250 -1.981250
v -27.924999 6.212500 -1.962500
v -27.924999 6.137500 -2.000000
v -27.850000 6.156250 -2.000000
v -27.850000 6.193750 -2.000000
v -27.924999 6.212500 -2.000000
v -27.850000 6.193750 -1.981250
v -28.000000 6.212500 -2.000000
v -28.000000 6.787500 -1.629167
v -28.000000 6.862500 -1.629167
v -27.924999 6.787500 -1.629167
v -27.850000 6.806250 -1.647917
v -27.924999 6.862500 -1.629167
v -27.924999 6.787500 -1.704167
v -27.850000 6.806250 -1.685417
v -27.924999 6.862500 -1.704167
v -28.000000 6.787500 -1.704167
v -28.000000 6.862500 -1.704167
v -27.850000 6.843750 -1.685417
v -27.850000 6.843750 -1.647917
v -28.000000 6.137500 -1.629167
v -28.000000 6.212500 -1.629167
v -27.924999 6.137500 -1.629167
v -27.850000 6.156250 -1.647917
v -27.924999 6.212500 -1.629167
v -27.924999 6.137500 -1.704167
v -27.850000 6.156250 -1.685417
v -27.924999 6.212500 -1.704167
v -28.000000 6.137500 -1.704167
v -28.000000 6.212500 -1.704167
v -27.850000 6.193750 -1.685417
v -27.850000 6.193750 -1.647917
v -28.000000 6.137500 -1.295834
v -28.000000 6.212500 -1.295834
v -27.924999 6.137500 -1.295834
v -27.850000 6.156250 -1.314584
v -27.924999 6.212500 -1.295834
v -27.924999 6.137500 -1.370834
v -27.850000 6.156250 -1.352084
v -27.924999 6.212500 -1.370834
v -28.000000 6.137500 -1.370834
v -28.000000 6.212500 -1.370834
v -27.850000 6.193750 -1.352084
v -27.850000 6.193750 -1.314584
v -28.000000 6.787500 -1.295834
v -28.000000 6.862500 -1.295834
v -27.924999 6.787500 -1.295834
v -27.850000 6.806250 -1.314584
v -27.924999 6.862500 -1.295834
v -27.924999 6.787500 -1.370834
v -27.850000 6.806250 -1.352084
v -27.924999 6.862500 -1.370834
v -28.000000 6.787500 -1.370834
v -28.000000 6.862500 -1.370834
v -27.850000 6.843750 -1.352084
v -27.850000 6.843750 -1.314584
v -28.000000 7.000000 -1.000000
v -28.000000 7.000000 -2.000000
v -28.000000 8.000000 -1.000000
v -28.000000 8.000000 -2.000000
v -28.000000 7.137500 -1.629167
v -28.000000 7.212500 -1.629167
v -28.000000 7.137500 -1.704167
v -28.000000 7.212500 -1.704167
v -27.850000 7.156250 -1.647917
v -27.924999 7.137500 -1.629167
v -27.850000 7.193750 -1.647917
v -27.924999 7.212500 -1.629167
v -27.850000 7.156250 -1.685417
v -27.924999 7.137500 -1.704167
v -27.850000 7.193750 -1.685417
v -27.924999 7.212500 -1.704167
v -28.000000 7.787500 -1.295835
v -28.000000 7.862500 -1.295835
v -28.000000 7.787500 -1.370835
v -28.000000 7.862500 -1.370835
v -27.850000 7.806250 -1.314585
v -27.924999 7.787500 -1.295835
v -27.850000 7.843750 -1.314585
v -27.924999 7.862500 -1.295835
v -27.850000 7.806250 -1.352085
v -27.924999 7.787500 -1.370835
v -27.850000 7.843750 -1.352085
v -27.924999 7.862500 -1.370835
v -28.000000 7.137500 -1.295835
v -28.000000 7.212500 -1.295835
v -28.000000 7.137500 -1.370835
v -28.000000 7.212500 -1.370835
v -27.850000 7.156250 -1.314585
v -27.924999 7.137500 -1.295835
v -27.850000 7.193750 -1.314585
v -27.924999 7.212500 -1.295835
v -27.850000 7.156250 -1.352085
v -27.924999 7.137500 -1.370835
v -27.850000 7.193750 -1.352085
v -27.924999 7.212500 -1.370835
v -28.000000 7.787500 -1.629168
v -28.000000 7.862500 -1.629168
v -28.000000 7.787500 -1.704168
v -28.000000 7.862500 -1.704168
v -27.850000 7.806250 -1.647918
v -27.924999 7.787500 -1.629168
v -27.850000 7.843750 -1.647918
v -27.924999 7.862500 -1.629168
v -27.850000 7.806250 -1.685418
v -27.924999 7.787500 -1.704168
v -27.850000 7.843750 -1.685418
v -27.924999 7.862500 -1.704168
v -28.000000 7.137500 -1.037501
v -28.000000 7.212500 -1.037501
v -28.000000 7.212500 -1.000001
v -27.850000 7.156250 -1.018751
v -27.924999 7.137500 -1.037501
v -27.850000 7.193750 -1.018751
v -27.924999 7.212500 -1.037501
v -27.924999 7.137500 -1.000001
v -27.850000 7.156250 -1.000001
v -27.850000 7.193750 -1.000001
v -27.924999 7.212500 -1.000001
v -28.000000 7.787500 -1.037501
v -28.000000 7.862500 -1.037501
v -28.000000 7.862500 -1.000001
v -27.850000 7.806250 -1.018751
v -27.924999 7.787500 -1.037501
v -27.850000 7.843750 -1.018751
v -27.924999 7.862500 -1.037501
v -27.924999 7.787500 -1.000001
v -27.850000 7.806250 -1.000001
v -27.850000 7.843750 -1.000001
v -27.924999 7.862500 -1.000001
v -28.000000 7.137500 -1.962500
v -28.000000 7.212500 -1.962500
v -28.000000 7.212500 -2.000000
v -27.850000 7.156250 -1.981250
v -27.924999 7.137500 -1.962500
v -27.850000 7.193750 -1.981250
v -27.924999 7.212500 -1.962500
v -27.850000 7.156250 -2.000000
v -27.924999 7.137500 -2.000000
v -27.924999 7.212500 -2.000000
v -27.850000 7.193750 -2.000000
v -28.000000 7.787500 -1.962500
v -28.000000 7.862500 -1.962500
v -28.000000 7.862500 -2.000000
v -27.850000 7.806250 -1.981250
v -27.924999 7.787500 -1.962500
v -27.850000 7.843750 -1.981250
v -27.924999 7.862500 -1.962500
v -27.850000 7.806250 -2.000000
v -27.924999 7.787500 -2.000000
v -27.924999 7.862500 -2.000000
v -27.850000 7.843750 -2.000000
v -28.000000 8.000000 -1.000000
v -28.000000 9.000000 -1.000000
v -28.000000 8.000000 -2.000000
v -28.000000 8.000000 -1.250000
v -28.000000 9.000000 -1.750000
v -28.000000 9.000000 -1.583333
v -28.000000 9.000000 -1.416667
v -28.000000 9.000000 -1.250000
v -28.000000 8.000000 -1.416667
v -28.000000 8.000000 -1.583333
v -28.000000 8.000000 -1.750000
v -28.000000 9.000000 -2.000000
v -28.049999 8.725000 -1.916667
v -28.049999 8.275000 -1.916667
v -28.049999 8.725000 -1.750000
v -28.049999 8.275000 -1.750000
v -28.049999 8.725000 -1.583333
v -28.049999 8.275000 -1.583333
v -28.049999 8.725000 -1.416667
v -28.049999 8.275000 -1.416667
v -28.049999 8.725000 -1.250000
v -28.049999 8.275000 -1.250000
v -28.049999 8.725000 -1.083333
v -28.049999 8.275000 -1.083333
v -28.000000 8.775000 -1.916667
v -28.000000 8.225000 -1.916667
v -28.000000 8.775000 -1.750000
v -28.000000 8.225000 -1.750000
v -28.000000 8.775000 -1.583333
v -28.000000 8.225000 -1.583333
v -28.000000 8.775000 -1.416667
v -28.000000 8.225000 -1.416667
v -28.000000 8.775000 -1.250000
v -28.000000 8.225000 -1.250000
v -28.000000 8.775000 -1.083333
v -28.000000 8.225000 -1.083333
v -28.000000 8.137500 -1.037500
v -28.000000 8.212500 -1.037500
v -27.924999 8.137500 -1.037500
v -27.850000 8.156250 -1.018750
v -27.924999 8.212500 -1.037500
v -27.924999 8.137500 -1.000000
v -27.850000 8.156250 -1.000000
v -27.850000 8.193749 -1.000000
v -27.924999 8.212500 -1.000000
v -27.850000 8.193749 -1.018750
v -28.000000 8.212500 -1.000000
v -28.000000 8.787500 -1.962500
v -28.000000 8.862500 -1.962500
v -27.924999 8.787500 -1.962500
v -27.850000 8.806250 -1.981250
v -27.924999 8.862500 -1.962500
v -27.924999 8.787500 -2.000000
v -27.850000 8.806250 -2.000000
v -27.850000 8.843750 -2.000000
v -27.924999 8.862500 -2.000000
v -27.850000 8.843750 -1.981250
v -28.000000 8.862500 -2.000000
v -28.000000 8.787500 -1.037500
v -28.000000 8.862500 -1.037500
v -27.924999 8.787500 -1.037500
v -27.850000 8.806250 -1.018750
v -27.924999 8.862500 -1.037500
v -27.924999 8.787500 -1.000000
v -27.850000 8.806250 -1.000000
v -27.850000 8.843750 -1.000000
v -27.924999 8.862500 -1.000000
v -27.850000 8.843750 -1.018750
v -28.000000 8.862500 -1.000000
v -28.000000 8.137500 -1.962500
v -28.000000 8.212500 -1.962500
v -27.924999 8.137500 -1.962500
v -27.850000 8.156250 -1.981250
v -27.924999 8.212500 -1.962500
v -27.924999 8.137500 -2.000000
v -27.850000 8.156250 -2.000000
v -27.850000 8.193749 -2.000000
v -27.924999 8.212500 -2.000000
v -27.850000 8.193749 -1.981250
v -28.000000 8.212500 -2.000000
v -28.000000 8.787500 -1.629167
v -28.000000 8.862500 -1.629167
v -27.924999 8.787500 -1.629167
v -27.850000 8.806250 -1.647917
v -27.924999 8.862500 -1.629167
v -27.924999 8.787500 -1.704167
v -27.850000 8.806250 -1.685417
v -27.924999 8.862500 -1.704167
v -28.000000 8.787500 -1.704167
v -28.000000 8.862500 -1.704167
v -27.850000 8.843750 -1.685417
v -27.850000 8.843750 -1.647917
v -28.000000 8.137500 -1.629167
v -28.000000 8.212500 -1.629167
v -27.924999 8.137500 -1.629167
v -27.850000 8.156250 -1.647917
v -27.924999 8.212500 -1.629167
v -27.924999 8.137500 -1.704167
v -27.850000 8.156250 -1.685417
v -27.924999 8.212500 -1.704167
v -28.000000 8.137500 -1.704167
v -28.000000 8.212500 -1.704167
v -27.850000 8.193749 -1.685417
v -27.850000 8.193749 -1.647917
v -28.000000 8.137500 -1.295834
v -28.000000 8.212500 -1.295834
v -27.924999 8.137500 -1.295834
v -27.850000 8.156250 -1.314584
v -27.924999 8.212500 -1.295834
v -27.924999 8.137500 -1.370834
v -27.850000 8.156250 -1.352084
v -27.924999 8.212500 -1.370834
v -28.000000 8.137500 -1.370834
v -28.000000 8.212500 -1.370834
v -27.850000 8.193749 -1.352084
v -27.850000 8.193749 -1.314584
v -28.000000 8.787500 -1.295834
v -28.000000 8.862500 -1.295834
v -27.924999 8.787500 -1.295834
v -27.850000 8.806250 -1.314584
v -27.924999 8.862500 -1.295834
v -27.924999 8.787500 -1.370834
v -27.850000 8.806250 -1.352084
v -27.924999 8.862500 -1.370834
v -28.000000 8.787500 -1.370834
v -28.000000 8.862500 -1.370834
v -27.850000 8.843750 -1.352084
v -27.850000 8.843750 -1.314584
v -28.000000 9.000000 -1.000000
v -28.000000 10.000000 -1.000000
v -28.000000 9.000000 -2.000000
v -28.000000 9.000000 -1.250000
v -28.000000 10.000000 -1.750000
v -28.000000 10.000000 -1.583333
v -28.000000 10.000000 -1.416667
v -28.000000 10.000000 -1.250000
v -28.000000 9.000000 -1.416667
v -28.000000 9.000000 -1.583333
v -28.000000 9.000000 -1.750000
v -28.000000 10.000000 -2.000000
v -28.049999 9.725000 -1.916667
v -28.049999 9.275000 -1.916667
v -28.049999 9.725000 -1.750000
v -28.049999 9.275000 -1.750000
v -28.049999 9.725000 -1.583333
v -28.049999 9.275000 -1.583333
v -28.049999 9.725000 -1.416667
v -28.049999 9.275000 -1.416667
v -28.049999 9.725000 -1.250000
v -28.049999 9.275000 -1.250000
v -28.049999 9.725000 -1.083333
v -28.049999 9.275000 -1.083333
v -28.000000 9.775000 -1.916667
v -28.000000 9.225000 -1.916667
v -28.000000 9.775000 -1.750000
v -28.000000 9.225000 -1.750000
v -28.000000 9.775000 -1.583333
v -28.000000 9.225000 -1.583333
v -28.000000 9.775000 -1.416667
v -28.000000 9.225000 -1.416667
v -28.000000 9.775000 -1.250000
v -28.000000 9.225000 -1.250000
v -28.000000 9.775000 -1.083333
v -28.000000 9.225000 -1.083333
v -28.000000 9.137500 -1.037500
v -28.000000 9.212500 -1.037500
v -27.924999 9.137500 -1.037500
v -27.850000 9.156250 -1.018750
v -27.924999 9.212500 -1.037500
v -27.924999 9.137500 -1.000000
v -27.850000 9.156250 -1.000000
v -27.850000 9.193749 -1.000000
v -27.924999 9.212500 -1.000000
v -27.850000 9.193749 -1.018750
v -28.000000 9.212500 -1.000000
v -28.000000 9.787500 -1.962500
v -28.000000 9.862500 -1.962500
v -27.924999 9.787500 -1.962500
v -27.850000 9.806250 -1.981250
v -27.924999 9.862500 -1.962500
v -27.924999 9.787500 -2.000000
v -27.850000 9.806250 -2.000000
v -27.850000 9.843750 -2.000000
v -27.924999 9.862500 -2.000000
v -27.850000 9.843750 -1.981250
v -28.000000 9.862500 -2.000000
v -28.000000 9.787500 -1.037500
v -28.000000 9.862500 -1.037500
v -27.924999 9.787500 -1.037500
v -27.850000 9.806250 -1.018750
v -27.924999 9.862500 -1.037500
v -27.924999 9.787500 -1.000000
v -27.850000 9.806250 -1.000000
v -27.850000 9.843750 -1.000000
v -27.924999 9.862500 -1.000000
v -27.850000 9.843750 -1.018750
v -28.000000 9.862500 -1.000000
v -28.000000 9.137500 -1.962500
v -28.000000 9.212500 -1.962500
v -27.924999 9.137500 -1.962500
v -27.850000 9.156250 -1.981250
v -27.924999 9.212500 -1.962500
v -27.924999 9.137500 -2.000000
v -27.850000 9.156250 -2.000000
v -27.850000 9.193749 -2.000000
v -27.924999 9.212500 -2.000000
v -27.850000 9.193749 -1.981250
v -28.000000 9.212500 -2.000000
v -28.000000 9.787500 -1.629167
v -28.000000 9.862500 -1.629167
v -27.924999 9.787500 -1.629167
v -27.850000 9.806250 -1.647917
v -27.924999 9.862500 -1.629167
v -27.924999 9.787500 -1.704167
v -27.850000 9.806250 -1.685417
v -27.924999 9.862500 -1.704167
v -28.000000 9.787500 -1.704167
v -28.000000 9.862500 -1.704167
v -27.850000 9.843750 -1.685417
v -27.850000 9.843750 -1.647917
v -28.000000 9.137500 -1.629167
v -28.000000 9.212500 -1.629167
v -27.924999 9.137500 -1.629167
v -27.850000 9.156250 -1.647917
v -27.924999 9.212500 -1.629167
v -27.924999 9.137500 -1.704167
v -27.850000 9.156250 -1.685417
v -27.924999 9.212500 -1.704167
v -28.000000 9.137500 -1.704167
v -28.000000 9.212500 -1.704167
v -27.850000 9.193749 -1.685417
v -27.850000 9.193749 -1.647917
v -28.000000 9.137500 -1.295834
v -28.000000 9.212500 -1.295834
v -27.924999 9.137500 -1.295834
v -27.850000 9.156250 -1.314584
v -27.924999 9.212500 -1.295834
v -27.924999 9.137500 -1.370834
v -27.850000 9.156250 -1.352084
v -27.924999 9.212500 -1.370834
v -28.000000 9.137500 -1.370834
v -28.000000 9.212500 -1.370834
v -27.850000 9.193749 -1.352084
v -27.850000 9.193749 -1.314584
v -28.000000 9.787500 -1.295834
v -28.000000 9.862500 -1.295834
v -27.924999 9.787500 -1.295834
v -27.850000 9.806250 -1.314584
v -27.924999 9.862500 -1.295834
v -27.924999 9.787500 -1.370834
v -27.850000 9.806250 -1.352084
v -27.924999 9.862500 -1.370834
v -28.000000 9.787500 -1.370834
v -28.000000 9.862500 -1.370834
v -27.850000 9.843750 -1.352084
v -27.850000 9.843750 -1.314584
v -28.000000 10.000000 -1.000000
v -28.000000 11.000000 -1.000000
v -28.000000 10.000000 -2.000000
v -28.000000 10.000000 -1.250000
v -28.000000 11.000000 -1.750000
v -28.000000 11.000000 -1.583333
v -28.000000 11.000000 -1.416667
v -28.000000 11.000000 -1.250000
v -28.000000 10.000000 -1.416667
v -28.000000 10.000000 -1.583333
v -28.000000 10.000000 -1.750000
v -28.000000 11.000000 -2.000000
v -28.049999 10.725000 -1.916667
v -28.049999 10.275000 -1.916667
v -28.049999 10.725000 -1.750000
v -28.049999 10.275000 -1.750000
v -28.049999 10.725000 -1.583333
v -28.049999 10.275000 -1.583333
v -28.049999 10.725000 -1.416667
v -28.049999 10.275000 -1.416667
v -28.049999 10.725000 -1.250000
v -28.049999 10.275000 -1.250000
v -28.049999 10.725000 -1.083333
v -28.049999 10.275000 -1.083333
v -28.000000 10.775000 -1.916667
v -28.000000 10.225000 -1.916667
v -28.000000 10.775000 -1.750000
v -28.000000 10.225000 -1.750000
v -28.000000 10.775000 -1.583333
v -28.000000 10.225000 -1.583333
v -28.000000 10.775000 -1.416667
v -28.000000 10.225000 -1.416667
v -28.000000 10.775000 -1.250000
v -28.000000 10.225000 -1.250000
v -28.000000 10.775000 -1.083333
v -28.000000 10.225000 -1.083333
v -28.000000 10.137500 -1.037500
v -28.000000 10.212500 -1.037500
v -27.924999 10.137500 -1.037500
v -27.850000 10.156250 -1.018750
v -27.924999 10.212500 -1.037500
v -27.924999 10.137500 -1.000000
v -27.850000 10.156250 -1.000000
v -27.850000 10.193749 -1.000000
v -27.924999 10.212500 -1.000000
v -27.850000 10.193749 -1.018750
v -28.000000 10.212500 -1.000000
v -28.000000 10.787500 -1.962500
v -28.000000 10.862500 -1.962500
v -27.924999 10.787500 -1.962500
v -27.850000 10.806250 -1.981250
v -27.924999 10.862500 -1.962500
v -27.924999 10.787500 -2.000000
v -27.850000 10.806250 -2.000000
v -27.850000 10.843750 -2.000000
v -27.924999 10.862500 -2.000000
v -27.850000 10.843750 -1.981250
v -28.000000 10.862500 -2.000000
v -28.000000 10.787500 -1.037500
v -28.000000 10.862500 -1.037500
v -27.924999 10.787500 -1.037500
v -27.850000 10.806250 -1.018750
v -27.924999 10.862500 -1.037500
v -27.924999 10.787500 -1.000000
v -27.850000 10.806250 -1.000000
v -27.850000 10.843750 -1.000000
v -27.924999 10.862500 -1.000000
v -27.850000 10.843750 -1.018750
v -28.000000 10.862500 -1.000000
v -28.000000 10.137500 -1.962500
v -28.000000 10.212500 -1.962500
v -27.924999 10.137500 -1.962500
v -27.850000 10.156250 -1.981250
v -27.924999 10.212500 -1.962500
v -27.924999 10.137500 -2.000000
v -27.850000 10.156250 -2.000000
v -27.850000 10.193749 -2.000000
v -27.924999 10.212500 -2.000000
v -27.850000 10.193749 -1.981250
v -28.000000 10.212500 -2.000000
v -28.000000 10.787500 -1.629167
v -28.000000 10.862500 -1.629167
v -27.924999 10.787500 -1.629167
v -27.850000 10.806250 -1.647917
v -27.924999 10.862500 -1.629167
v -27.924999 10.787500 -1.704167
v -27.850000 10.806250 -1.685417
v -27.924999 10.862500 -1.704167
v -28.000000 10.787500 -1.704167
v -28.000000 10.862500 -1.704167
v -27.850000 10.843750 -1.685417
v -27.850000 10.843750 -1.647917
v -28.000000 10.137500 -1.629167
v -28.000000 10.212500 -1.629167
v -27.924999 10.137500 -1.629167
v -27.850000 10.156250 -1.647917
v -27.924999 10.212500 -1.629167
v -27.924999 10.137500 -1.704167
v -27.850000 10.156250 -1.685417
v -27.924999 10.212500 -1.704167
v -28.000000 10.137500 -1.704167
v -28.000000 10.212500 -1.704167
v -27.850000 10.193749 -1.685417
v -27.850000 10.193749 -1.647917
v -28.000000 10.137500 -1.295834
v -28.000000 10.212500 -1.295834
v -27.924999 10.137500 -1.295834
v -27.850000 10.156250 -1.314584
v -27.924999 10.212500 -1.295834
v -27.924999 10.137500 -1.370834
v -27.850000 10.156250 -1.352084
v -27.924999 10.212500 -1.370834
v -28.000000 10.137500 -1.370834
v -28.000000 10.212500 -1.370834
v -27.850000 10.193749 -1.352084
v -27.850000 10.193749 -1.314584
v -28.000000 10.787500 -1.295834
v -28.000000 10.862500 -1.295834
v -27.924999 10.787500 -1.295834
v -27.850000 10.806250 -1.314584
v -27.924999 10.862500 -1.295834
v -27.924999 10.787500 -1.370834
v -27.850000 10.806250 -1.352084
v -27.924999 10.862500 -1.370834
v -28.000000 10.787500 -1.370834
v -28.000000 10.862500 -1.370834
v -27.850000 10.843750 -1.352084
v -27.850000 10.843750 -1.314584
v -28.000000 11.000000 -1.000000
v -28.000000 12.000000 -1.000000
v -28.000000 11.000000 -2.000000
v -28.000000 11.000000 -1.250000
v -28.000000 12.000000 -1.750000
v -28.000000 12.000000 -1.583333
v -28.000000 12.000000 -1.416667
v -28.000000 12.000000 -1.250000
v -28.000000 11.000000 -1.416667
v -28.000000 11.000000 -1.583333
v -28.000000 11.000000 -1.750000
v -28.000000 12.000000 -2.000000
v -28.049999 11.725000 -1.916667
v -28.049999 11.275000 -1.916667
v -28.049999 11.725000 -1.750000
v -28.049999 11.275000 -1.750000
v -28.049999 11.725000 -1.583333
v -28.049999 11.275000 -1.583333
v -28.049999 11.725000 -1.416667
v -28.049999 11.275000 -1.416667
v -28.049999 11.725000 -1.250000
v -28.049999 11.275000 -1.250000
v -28.049999 11.725000 -1.083333
v -28.049999 11.275000 -1.083333
v -28.000000 11.775000 -1.916667
v -28.000000 11.225000 -1.916667
v -28.000000 11.775000 -1.750000
v -28.000000 11.225000 -1.750000
v -28.000000 11.775000 -1.583333
v -28.000000 11.225000 -1.583333
v -28.000000 11.775000 -1.416667
v -28.000000 11.225000 -1.416667
v -28.000000 11.775000 -1.250000
v -28.000000 11.225000 -1.250000
v -28.000000 11.775000 -1.083333
v -28.000000 11.225000 -1.083333
v -28.000000 11.137500 -1.037500
v -28.000000 11.212500 -1.037500
v -27.924999 11.137500 -1.037500
v -27.850000 11.156250 -1.018750
v -27.924999 11.212500 -1.037500
v -27.924999 11.137500 -1.000000
v -27.850000 11.156250 -1.000000
v -27.850000 11.193749 -1.000000
v -27.924999 11.212500 -1.000000
v -27.850000 11.193749 -1.018750
v -28.000000 11.212500 -1.000000
v -28.000000 11.787500 -1.962500
v -28.000000 11.862500 -1.962500
v -27.924999 11.787500 -1.962500
v -27.850000 11.806250 -1.981250
v -27.924999 11.862500 -1.962500
v -27.924999 11.787500 -2.000000
v -27.850000 11.806250 -2.000000
v -27.850000 11.843750 -2.000000
v -27.924999 11.862500 -2.000000
v -27.850000 11.843750 -1.981250
v -28.000000 11.862500 -2.000000
v -28.000000 11.787500 -1.037500
v -28.000000 11.862500 -1.037500
v -27.924999 11.787500 -1.037500
v -27.850000 11.806250 -1.018750
v -27.924999 11.862500 -1.037500
v -27.924999 11.787500 -1.000000
v -27.850000 11.806250 -1.000000
v -27.850000 11.843750 -1.000000
v -27.924999 11.862500 -1.000000
v -27.850000 11.843750 -1.018750
v -28.000000 11.862500 -1.000000
v -28.000000 11.137500 -1.962500
v -28.000000 11.212500 -1.962500
v -27.924999 11.137500 -1.962500
v -27.850000 11.156250 -1.981250
v -27.924999 11.212500 -1.962500
v -27.924999 11.137500 -2.000000
v -27.850000 11.156250 -2.000000
v -27.850000 11.193749 -2.000000
v -27.924999 11.212500 -2.000000
v -27.850000 11.193749 -1.981250
v -28.000000 11.212500 -2.000000
v -28.000000 11.787500 -1.629167
v -28.000000 11.862500 -1.629167
v -27.924999 11.787500 -1.629167
v -27.850000 11.806250 -1.647917
v -27.924999 11.862500 -1.629167
v -27.924999 11.787500 -1.704167
v -27.850000 11.806250 -1.685417
v -27.924999 11.862500 -1.704167
v -28.000000 11.787500 -1.704167
v -28.000000 11.862500 -1.704167
v -27.850000 11.843750 -1.685417
v -27.850000 11.843750 -1.647917
v -28.000000 11.137500 -1.629167
v -28.000000 11.212500 -1.629167
v -27.924999 11.137500 -1.629167
v -27.850000 11.156250 -1.647917
v -27.924999 11.212500 -1.629167
v -27.924999 11.137500 -1.704167
v -27.850000 11.156250 -1.685417
v -27.924999 11.212500 -1.704167
v -28.000000 11.137500 -1.704167
v -28.000000 11.212500 -1.704167
v -27.850000 11.193749 -1.685417
v -27.850000 11.193749 -1.647917
v -28.000000 11.137500 -1.295834
v -28.000000 11.212500 -1.295834
v -27.924999 11.137500 -1.295834
v -27.850000 11.156250 -1.314584
v -27.924999 11.212500 -1.295834
v -27.924999 11.137500 -1.370834
v -27.850000 11.156250 -1.352084
v -27.924999 11.212500 -1.370834
v -28.000000 11.137500 -1.370834
v -28.000000 11.212500 -1.370834
v -27.850000 11.193749 -1.352084
v -27.850000 11.193749 -1.314584
v -28.000000 11.787500 -1.295834
v -28.000000 11.862500 -1.295834
v -27.924999 11.787500 -1.295834
v -27.850000 11.806250 -1.314584
v -27.924999 11.862500 -1.295834
v -27.924999 11.787500 -1.370834
v -27.850000 11.806250 -1.352084
v -27.924999 11.862500 -1.370834
v -28.000000 11.787500 -1.370834
v -28.000000 11.862500 -1.370834
v -27.850000 11.843750 -1.352084
v -27.850000 11.843750 -1.314584
v -28.000000 12.000000 -1.000000
v -28.000000 13.000000 -1.000000
v -28.000000 12.000000 -2.000000
v -28.000000 12.000000 -1.250000
v -28.000000 13.000000 -1.750000
v -28.000000 13.000000 -1.583333
v -28.000000 13.000000 -1.416667
v -28.000000 13.000000 -1.250000
v -28.000000 12.000000 -1.416667
v -28.000000 12.000000 -1.583333
v -28.000000 12.000000 -1.750000
v -28.000000 13.000000 -2.000000
v -28.049999 12.725000 -1.916667
v -28.049999 12.275000 -1.916667
v -28.049999 12.725000 -1.750000
v -28.049999 12.275000 -1.750000
v -28.049999 12.725000 -1.583333
v -28.049999 12.275000 -1.583333
v -28.049999 12.725000 -1.416667
v -28.049999 12.275000 -1.416667
v -28.049999 12.725000 -1.250000
v -28.049999 12.275000 -1.250000
v -28.049999 12.725000 -1.083333
v -28.049999 12.275000 -1.083333
v -28.000000 12.775000 -1.916667
v -28.000000 12.225000 -1.916667
v -28.000000 12.775000 -1.750000
v -28.000000 12.225000 -1.750000
v -28.000000 12.775000 -1.583333
v -28.000000 12.225000 -1.583333
v -28.000000 12.775000 -1.416667
v -28.000000 12.225000 -1.416667
v -28.000000 12.775000 -1.250000
v -28.000000 12.225000 -1.250000
v -28.000000 12.775000 -1.083333
v -28.000000 12.225000 -1.083333
v -28.000000 12.137500 -1.037500
v -28.000000 12.212500 -1.037500
v -27.924999 12.137500 -1.037500
v -27.850000 12.156250 -1.018750
v -27.924999 12.212500 -1.037500
v -27.924999 12.137500 -1.000000
v -27.850000 12.156250 -1.000000
v -27.850000 12.193749 -1.000000
v -27.924999 12.212500 -1.000000
v -27.850000 12.193749 -1.018750
v -28.000000 12.212500 -1.000000
v -28.000000 12.787500 -1.962500
v -28.000000 12.862500 -1.962500
v -27.924999 12.787500 -1.962500
v -27.850000 12.806250 -1.981250
v -27.924999 12.862500 -1.962500
v -27.924999 12.787500 -2.000000
v -27.850000 12.806250 -2.000000
v -27.850000 12.843750 -2.000000
v -27.924999 12.862500 -2.000000
v -27.850000 12.843750 -1.981250
v -28.000000 12.862500 -2.000000
v -28.000000 12.787500 -1.037500
v -28.000000 12.862500 -1.037500
v -27.924999 12.787500 -1.037500
v -27.850000 12.806250 -1.018750
v -27.924999 12.862500 -1.037500
v -27.924999 12.787500 -1.000000
v -27.850000 12.806250 -1.000000
v -27.850000 12.843750 -1.000000
v -27.924999 12.862500 -1.000000
v -27.850000 12.843750 -1.018750
v -28.000000 12.862500 -1.000000
v -28.000000 12.137500 -1.962500
v -28.000000 12.212500 -1.962500
v -27.924999 12.137500 -1.962500
v -27.850000 12.156250 -1.981250
v -27.924999 12.212500 -1.962500
v -27.924999 12.137500 -2.000000
v -27.850000 12.156250 -2.000000
v -27.850000 12.193749 -2.000000
v -27.924999 12.212500 -2.000000
v -27.850000 12.193749 -1.981250
v -28.000000 12.212500 -2.000000
v -28.000000 12.787500 -1.629167
v -28.000000 12.862500 -1.629167
v -27.924999 12.787500 -1.629167
v -27.850000 12.806250 -1.647917
v -27.924999 12.862500 -1.629167
v -27.924999 12.787500 -1.704167
v -27.850000 12.806250 -1.685417
v -27.924999 12.862500 -1.704167
v -28.000000 12.787500 -1.704167
v -28.000000 12.862500 -1.704167
v -27.850000 12.843750 -1.685417
v -27.850000 12.843750 -1.647917
v -28.000000 12.137500 -1.629167
v -28.000000 12.212500 -1.629167
v -27.924999 12.137500 -1.629167
v -27.850000 12.156250 -1.647917
v -27.924999 12.212500 -1.629167
v -27.924999 12.137500 -1.704167
v -27.850000 12.156250 -1.685417
v -27.924999 12.212500 -1.704167
v -28.000000 12.137500 -1.704167
v -28.000000 12.212500 -1.704167
v -27.850000 12.193749 -1.685417
v -27.850000 12.193749 -1.647917
v -28.000000 12.137500 -1.295834
v -28.000000 12.212500 -1.295834
v -27.924999 12.137500 -1.295834
v -27.850000 12.156250 -1.314584
v -27.924999 12.212500 -1.295834
v -27.924999 12.137500 -1.370834
v -27.850000 12.156250 -1.352084
v -27.924999 12.212500 -1.370834
v -28.000000 12.137500 -1.370834
v -28.000000 12.212500 -1.370834
v -27.850000 12.193749 -1.352084
v -27.850000 12.193749 -1.314584
v -28.000000 12.787500 -1.295834
v -28.000000 12.862500 -1.295834
v -27.924999 12.787500 -1.295834
v -27.850000 12.806250 -1.314584
v -27.924999 12.862500 -1.295834
v -27.924999 12.787500 -1.370834
v -27.850000 12.806250 -1.352084
v -27.924999 12.862500 -1.370834
v -28.000000 12.787500 -1.370834
v -28.000000 12.862500 -1.370834
v -27.850000 12.843750 -1.352084
v -27.850000 12.843750 -1.314584
v -28.000000 13.000000 -1.000000
v -28.000000 14.000000 -1.000000
v -28.000000 13.000000 -2.000000
v -28.000000 13.000000 -1.250000
v -28.000000 14.000000 -1.750000
v -28.000000 14.000000 -1.583333
v -28.000000 14.000000 -1.416667
v -28.000000 14.000000 -1.250000
v -28.000000 13.000000 -1.416667
v -28.000000 13.000000 -1.583333
v -28.000000 13.000000 -1.750000
v -28.000000 14.000000 -2.000000
v -28.049999 13.725000 -1.916667
v -28.049999 13.275000 -1.916667
v -28.049999 13.725000 -1.750000
v -28.049999 13.275000 -1.750000
v -28.049999 13.725000 -1.583333
v -28.049999 13.275000 -1.583333
v -28.049999 13.725000 -1.416667
v -28.049999 13.275000 -1.416667
v -28.049999 13.725000 -1.250000
v -28.049999 13.275000 -1.250000
v -28.049999 13.725000 -1.083333
v -28.049999 13.275000 -1.083333
v -28.000000 13.775000 -1.916667
v -28.000000 13.225000 -1.916667
v -28.000000 13.775000 -1.750000
v -28.000000 13.225000 -1.750000
v -28.000000 13.775000 -1.583333
v -28.000000 13.225000 -1.583333
v -28.000000 13.775000 -1.416667
v -28.000000 13.225000 -1.416667
v -28.000000 13.775000 -1.250000
v -28.000000 13.225000 -1.250000
v -28.000000 13.775000 -1.083333
v -28.000000 13.225000 -1.083333
v -28.000000 13.137500 -1.037500
v -28.000000 13.212500 -1.037500
v -27.924999 13.137500 -1.037500
v -27.850000 13.156250 -1.018750
v -27.924999 13.212500 -1.037500
v -27.924999 13.137500 -1.000000
v -27.850000 13.156250 -1.000000
v -27.850000 13.193749 -1.000000
v -27.924999 13.212500 -1.000000
v -27.850000 13.193749 -1.018750
v -28.000000 13.212500 -1.000000
v -28.000000 13.787500 -1.962500
v -28.000000 13.862500 -1.962500
v -27.924999 13.787500 -1.962500
v -27.850000 13.806250 -1.981250
v -27.924999 13.862500 -1.962500
v -27.924999 13.787500 -2.000000
v -27.850000 13.806250 -2.000000
v -27.850000 13.843750 -2.000000
v -27.924999 13.862500 -2.000000
v -27.850000 13.843750 -1.981250
v -28.000000 13.862500 -2.000000
v -28.000000 13.787500 -1.037500
v -28.000000 13.862500 -1.037500
v -27.924999 13.787500 -1.037500
v -27.850000 13.806250 -1.018750
v -27.924999 13.862500 -1.037500
v -27.924999 13.787500 -1.000000
v -27.850000 13.806250 -1.000000
v -27.850000 13.843750 -1.000000
v -27.924999 13.862500 -1.000000
v -27.850000 13.843750 -1.018750
v -28.000000 13.862500 -1.000000
v -28.000000 13.137500 -1.962500
v -28.000000 13.212500 -1.962500
v -27.924999 13.137500 -1.962500
v -27.850000 13.156250 -1.981250
v -27.924999 13.212500 -1.962500
v -27.924999 13.137500 -2.000000
v -27.850000 13.156250 -2.000000
v -27.850000 13.193749 -2.000000
v -27.924999 13.212500 -2.000000
v -27.850000 13.193749 -1.981250
v -28.000000 13.212500 -2.000000
v -28.000000 13.787500 -1.629167
v -28.000000 13.862500 -1.629167
v -27.924999 13.787500 -1.629167
v -27.850000 13.806250 -1.647917
v -27.924999 13.862500 -1.629167
v -27.924999 13.787500 -1.704167
v -27.850000 13.806250 -1.685417
v -27.924999 13.862500 -1.704167
v -28.000000 13.787500 -1.704167
v -28.000000 13.862500 -1.704167
v -27.850000 13.843750 -1.685417
v -27.850000 13.843750 -1.647917
v -28.000000 13.137500 -1.629167
v -28.000000 13.212500 -1.629167
v -27.924999 13.137500 -1.629167
v -27.850000 13.156250 -1.647917
v -27.924999 13.212500 -1.629167
v -27.924999 13.137500 -1.704167
v -27.850000 13.156250 -1.685417
v -27.924999 13.212500 -1.704167
v -28.000000 13.137500 -1.704167
v -28.000000 13.212500 -1.704167
v -27.850000 13.193749 -1.685417
v -27.850000 13.193749 -1.647917
v -28.000000 13.137500 -1.295834
v -28.000000 13.212500 -1.295834
v -27.924999 13.137500 -1.295834
v -27.850000 13.156250 -1.314584
v -27.924999 13.212500 -1.295834
v -27.924999 13.137500 -1.370834
v -27.850000 13.156250 -1.352084
v -27.924999 13.212500 -1.370834
v -28.000000 13.137500 -1.370834
v -28.000000 13.212500 -1.370834
v -27.850000 13.193749 -1.352084
v -27.850000 13.193749 -1.314584
v -28.000000 13.787500 -1.295834
v -28.000000 13.862500 -1.295834
v -27.924999 13.787500 -1.295834
v -27.850000 13.806250 -1.314584
v -27.924999 13.862500 -1.295834
v -27.924999 13.787500 -1.370834
v -27.850000 13.806250 -1.352084
v -27.924999 13.862500 -1.370834
v -28.000000 13.787500 -1.370834
v -28.000000 13.862500 -1.370834
v -27.850000 13.843750 -1.352084
v -27.850000 13.843750 -1.314584
v -28.500000 14.400000 -1.000000
v -28.000000 14.000000 -1.000000
v -28.000000 14.137500 -1.037500
v -28.000000 14.212500 -1.037500
v -27.924999 14.137500 -1.037500
v -27.850000 14.156250 -1.018750
v -27.924999 14.212500 -1.037500
v -27.924999 14.137500 -1.000000
v -27.850000 14.156250 -1.000000
v -27.850000 14.193750 -1.000000
v -27.924999 14.212500 -1.000000
v -27.850000 14.193750 -1.018750
v -28.000000 14.212500 -1.000000
v -28.000000 14.137500 -1.295834
v -28.000000 14.212500 -1.295834
v -27.924999 14.137500 -1.295834
v -27.850000 14.156250 -1.314584
v -27.924999 14.212500 -1.295834
v -27.924999 14.137500 -1.370834
v -27.850000 14.156250 -1.352084
v -27.924999 14.212500 -1.370834
v -28.000000 14.137500 -1.370834
v -28.000000 14.212500 -1.370834
v -27.850000 14.193750 -1.352084
v -27.850000 14.193750 -1.314584
v -28.000000 14.137500 -1.629167
v -28.000000 14.212500 -1.629167
v -27.924999 14.137500 -1.629167
v -27.850000 14.156250 -1.647917
v -27.924999 14.212500 -1.629167
v -27.924999 14.137500 -1.704167
v -27.850000 14.156250 -1.685417
v -27.924999 14.212500 -1.704167
v -28.000000 14.137500 -1.704167
v -28.000000 14.212500 -1.704167
v -27.850000 14.193750 -1.685417
v -27.850000 14.193750 -1.647917
v -28.500000 14.400000 -1.500000
v -28.041668 14.816666 -1.041667
v -28.041668 14.816666 -1.000000
v -28.125000 14.816667 -1.000000
v -28.041668 14.816666 -1.708334
v -28.041668 14.816666 -1.625001
v -28.041668 14.816666 -1.375001
v -28.041668 14.816666 -1.291667
v -28.125000 14.816667 -1.708334
v -28.125000 14.816667 -1.625001
v -28.125000 14.816667 -1.375001
v -28.125000 14.816667 -1.291667
v -28.125000 14.816667 -1.041667
v -28.000000 14.400000 -1.083334
v -28.000000 14.650000 -1.083334
v -28.000000 14.650000 -1.000000
v -28.000000 14.400000 -1.000000
v -28.166668 14.650000 -1.000000
v -28.166668 14.400000 -1.000000
v -28.166668 14.400000 -1.083334
v -28.166668 14.650000 -1.083334
v -28.166668 14.400000 -1.416667
v -28.166668 14.650000 -1.416667
v -28.000000 14.650000 -1.416667
v -28.000000 14.400000 -1.416667
v -28.000000 14.650000 -1.250001
v -28.000000 14.400000 -1.250001
v -28.166668 14.650000 -1.250001
v -28.166668 14.400000 -1.250001
v -28.000000 14.400000 -1.583334
v -28.000000 14.650000 -1.583334
v -28.166668 14.650000 -1.583334
v -28.166668 14.400000 -1.583334
v -28.166668 14.650000 -1.750000
v -28.166668 14.400000 -1.750000
v -28.000000 14.650000 -1.750000
v -28.041668 14.525000 -1.083334
v -28.041668 14.608334 -1.083334
v -28.125000 14.525000 -1.083334
v -28.125000 14.608334 -1.083334
v -28.125000 14.525000 -1.416667
v -28.125000 14.608334 -1.416667
v -28.041668 14.608334 -1.416667
v -28.041668 14.525000 -1.416667
v -28.041668 14.608334 -1.250001
v -28.041668 14.525000 -1.250001
v -28.125000 14.608334 -1.250001
v -28.125000 14.525000 -1.250001
v -28.041668 14.525000 -1.583334
v -28.041668 14.608334 -1.583334
v -28.125000 14.608334 -1.583334
v -28.125000 14.525000 -1.583334
v -28.250000 14.775001 -1.750000
v -28.000000 14.775000 -2.000000
v -28.062500 15.025000 -1.937500
v -28.000000 14.400000 -2.000000
v -28.000000 14.775001 -1.750000
v -28.000000 14.400000 -1.750000
v -28.250000 14.400000 -1.750000
v -28.062500 15.025000 -1.812500
v -28.187500 15.025000 -1.812500
v -27.924999 14.000000 -2.000000
v -27.924999 14.000000 -2.075000
v -28.000000 14.000000 -2.000000
v -27.924999 14.137500 -2.075000
v -28.000000 14.137500 -2.000000
v -27.924999 14.137500 -2.000000
v -28.000000 14.137500 -1.962500
v -28.000000 14.212500 -1.962500
v -28.000000 14.212500 -2.000000
v -27.850000 14.156250 -1.981250
v -27.924999 14.137500 -1.962500
v -27.850000 14.193750 -1.981250
v -27.924999 14.212500 -1.962500
v -27.924999 14.212500 -2.075000
v -27.924999 14.137500 -2.075000
v -27.850000 14.193749 -2.150000
v -27.850000 14.156250 -2.150000
v -28.500000 14.400000 1.000000
v -28.000000 14.000000 1.000000
v -28.000000 14.000000 2.000000
v -28.000000 14.137500 1.037500
v -28.000000 14.212500 1.037500
v -27.925001 14.137500 1.037500
v -27.850000 14.156250 1.018750
v -27.925001 14.212500 1.037500
v -27.925001 14.137500 1.000000
v -27.850000 14.156250 1.000000
v -27.850000 14.193750 1.000000
v -27.925001 14.212500 1.000000
v -27.850000 14.193750 1.018750
v -28.000000 14.212500 1.000000
v -28.000000 14.137500 1.295834
v -28.000000 14.212500 1.295834
v -27.925001 14.137500 1.295834
v -27.850000 14.156250 1.314584
v -27.925001 14.212500 1.295834
v -27.925001 14.137500 1.370834
v -27.850000 14.156250 1.352084
v -27.925001 14.212500 1.370834
v -28.000000 14.137500 1.370834
v -28.000000 14.212500 1.370834
v -27.850000 14.193750 1.352084
v -27.850000 14.193750 1.314584
v -28.000000 14.137500 1.629167
v -28.000000 14.212500 1.629167
v -27.925001 14.137500 1.629167
v -27.850000 14.156250 1.647917
v -27.925001 14.212500 1.629167
v -27.925001 14.137500 1.704167
v -27.850000 14.156250 1.685417
v -27.925001 14.212500 1.704167
v -28.000000 14.137500 1.704167
v -28.000000 14.212500 1.704167
v -27.850000 14.193750 1.685417
v -27.850000 14.193750 1.647917
v -28.500000 14.400000 1.500000
v -28.041668 14.816666 1.041667
v -28.041668 14.816666 1.000000
v -28.125000 14.816667 1.000000
v -28.041668 14.816666 1.708334
v -28.041668 14.816666 1.625001
v -28.041668 14.816666 1.375001
v -28.041668 14.816666 1.291667
v -28.125000 14.816667 1.708334
v -28.125000 14.816667 1.625001
v -28.125000 14.816667 1.375001
v -28.125000 14.816667 1.291667
v -28.125000 14.816667 1.041667
v -28.000000 14.400000 1.083334
v -28.000000 14.650000 1.083334
v -28.000000 14.650000 1.000000
v -28.000000 14.400000 1.000000
v -28.166668 14.650000 1.000000
v -28.166668 14.400000 1.000000
v -28.166668 14.400000 1.083334
v -28.166668 14.650000 1.083334
v -28.166668 14.400000 1.416667
v -28.166668 14.650000 1.416667
v -28.000000 14.650000 1.416667
v -28.000000 14.400000 1.416667
v -28.000000 14.650000 1.250001
v -28.000000 14.400000 1.250001
v -28.166668 14.650000 1.250001
v -28.166668 14.400000 1.250001
v -28.000000 14.400000 1.583334
v -28.000000 14.650000 1.583334
v -28.166668 14.650000 1.583334
v -28.166668 14.400000 1.583334
v -28.166668 14.650000 1.750001
v -28.166668 14.400000 1.750001
v -28.000000 14.650000 1.750001
v -28.041668 14.525000 1.083334
v -28.041668 14.608334 1.083334
v -28.125000 14.525000 1.083334
v -28.125000 14.608334 1.083334
v -28.125000 14.525000 1.416667
v -28.125000 14.608334 1.416667
v -28.041668 14.608334 1.416667
v -28.041668 14.525000 1.416667
v -28.041668 14.608334 1.250001
v -28.041668 14.525000 1.250001
v -28.125000 14.608334 1.250001
v -28.125000 14.525000 1.250001
v -28.041668 14.525000 1.583334
v -28.041668 14.608334 1.583334
v -28.125000 14.608334 1.583334
v -28.125000 14.525000 1.583334
v -28.000000 14.775000 1.750001
v -28.062500 15.025000 1.812501
v -28.000000 14.400000 1.750001
v -28.250000 14.775001 1.750001
v -28.000000 14.775000 2.000001
v -28.062500 15.025000 1.937501
v -28.000000 14.400000 2.000000
v -28.250000 14.400000 1.750001
v -28.187500 15.025000 1.812501
v -27.924999 14.000000 2.075000
v -27.924999 14.000000 2.000000
v -27.924999 14.137500 2.075000
v -27.924999 14.137500 2.000000
v -28.000000 14.137500 2.000000
v -28.000000 14.137500 1.962500
v -28.000000 14.212500 1.962500
v -27.850000 14.156250 1.981250
v -27.925001 14.137500 1.962500
v -27.850000 14.193750 1.981250
v -27.925001 14.212500 1.962500
v -27.924999 14.212500 2.075000
v -27.924999 14.137500 2.075000
v -27.850000 14.193749 2.150000
v -27.850000 14.156250 2.150000
v -28.000000 14.212500 2.000000
v -32.075001 1.000000 2.000000
v -32.075001 1.000000 2.075000
v -32.000000 1.000000 2.075000
v -32.075001 0.900000 2.000000
v -32.075001 0.900000 2.075000
v -32.000000 0.900000 2.075000
v -32.000000 1.000000 2.000000
v -32.000000 0.900000 2.000000
v -32.075001 0.000000 2.000000
v -32.075001 0.000000 2.075000
v -32.000000 0.000000 2.075000
v -32.000000 0.000000 2.000000
v -32.075001 0.137500 2.000000
v -32.075001 0.862501 2.000000
v -32.075001 0.862501 2.075000
v -32.075001 0.787501 2.075000
v -32.075001 0.212500 2.075000
v -32.075001 0.137500 2.075000
v -32.000000 0.137500 2.075000
v -32.000000 0.212500 2.075000
v -32.000000 0.787501 2.075000
v -32.000000 0.862501 2.075000
v -32.000000 0.862501 2.000000
v -32.000000 0.787501 2.000000
v -32.000000 0.212500 2.000000
v -32.000000 0.137500 2.000000
v -32.075001 0.212500 2.000000
v -32.075001 0.787501 2.000000
v -32.150002 0.843751 2.150000
v -32.150002 0.806251 2.150000
v -32.000000 0.806251 2.150000
v -32.000000 0.843750 2.150000
v -32.150002 0.806251 2.000000
v -32.150002 0.843750 2.000000
v -32.150002 0.193750 2.150000
v -32.150002 0.156250 2.150000
v -32.000000 0.156250 2.150000
v -32.000000 0.193750 2.150000
v -32.150002 0.156250 2.000000
v -32.150002 0.193750 2.000000
v -32.075001 2.000000 2.000000
v -32.075001 2.000000 2.075000
v -32.000000 2.000000 2.075000
v -32.075001 1.900000 2.000000
v -32.075001 1.900000 2.075000
v -32.000000 1.900000 2.075000
v -32.000000 2.000000 2.000000
v -32.000000 1.900000 2.000000
v -32.075001 1.000000 2.000000
v -32.075001 1.000000 2.075000
v -32.000000 1.000000 2.075000
v -32.000000 1.000000 2.000000
v -32.075001 1.137500 2.000000
v -32.075001 1.862501 2.000000
v -32.075001 1.862501 2.075000
v -32.075001 1.787501 2.075000
v -32.075001 1.212500 2.075000
v -32.075001 1.137500 2.075000
v -32.000000 1.137500 2.075000
v -32.000000 1.212500 2.075000
v -32.000000 1.787501 2.075000
v -32.000000 1.862501 2.075000
v -32.000000 1.862501 2.000000
v -32.000000 1.787501 2.000000
v -32.000000 1.212500 2.000000
v -32.000000 1.137500 2.000000
v -32.075001 1.212500 2.000000
v -32.075001 1.787501 2.000000
v -32.150002 1.843750 2.150000
v -32.150002 1.806251 2.150000
v -32.000000 1.806251 2.150000
v -32.000000 1.843750 2.150000
v -32.150002 1.806251 2.000000
v -32.150002 1.843750 2.000000
v -32.150002 1.193750 2.150000
v -32.150002 1.156250 2.150000
v -32.000000 1.156250 2.150000
v -32.000000 1.193750 2.150000
v -32.150002 1.156250 2.000000
v -32.150002 1.193750 2.000000
v -32.075001 3.000000 2.000000
v -32.075001 3.000000 2.075000
v -32.000000 3.000000 2.075000
v -32.075001 2.900001 2.000000
v -32.075001 2.900001 2.075000
v -32.000000 2.900001 2.075000
v -32.000000 3.000000 2.000000
v -32.000000 2.900001 2.000000
v -32.075001 2.000000 2.000000
v -32.075001 2.000000 2.075000
v -32.000000 2.000000 2.075000
v -32.000000 2.000000 2.000000
v -32.075001 2.137500 2.000000
v -32.075001 2.862501 2.000000
v -32.075001 2.862501 2.075000
v -32.075001 2.787501 2.075000
v -32.075001 2.212500 2.075000
v -32.075001 2.137500 2.075000
v -32.000000 2.137500 2.075000
v -32.000000 2.212500 2.075000
v -32.000000 2.787501 2.075000
v -32.000000 2.862501 2.075000
v -32.000000 2.862501 2.000000
v -32.000000 2.787501 2.000000
v -32.000000 2.212500 2.000000
v -32.000000 2.137500 2.000000
v -32.075001 2.212500 2.000000
v -32.075001 2.787501 2.000000
v -32.150002 2.843750 2.150000
v -32.150002 2.806251 2.150000
v -32.000000 2.806251 2.150000
v -32.000000 2.843750 2.150000
v -32.150002 2.806251 2.000000
v -32.150002 2.843750 2.000000
v -32.150002 2.193750 2.150000
v -32.150002 2.156250 2.150000
v -32.000000 2.156250 2.150000
v -32.000000 2.193750 2.150000
v -32.150002 2.156250 2.000000
v -32.150002 2.193750 2.000000
v -32.075001 4.000000 2.000000
v -32.075001 4.000000 2.075000
v -32.000000 4.000000 2.075000
v -32.075001 3.900000 2.000000
v -32.075001 3.900000 2.075000
v -32.000000 3.900000 2.075000
v -32.000000 4.000000 2.000000
v -32.000000 3.900000 2.000000
v -32.075001 3.000000 2.000000
v -32.075001 3.000000 2.075000
v -32.000000 3.000000 2.075000
v -32.000000 3.000000 2.000000
v -32.075001 3.137500 2.000000
v -32.075001 3.862500 2.000000
v -32.075001 3.862500 2.075000
v -32.075001 3.787500 2.075000
v -32.075001 3.212500 2.075000
v -32.075001 3.137500 2.075000
v -32.000000 3.137500 2.075000
v -32.000000 3.212500 2.075000
v -32.000000 3.787500 2.075000
v -32.000000 3.862500 2.075000
v -32.000000 3.862500 2.000000
v -32.000000 3.787500 2.000000
v -32.000000 3.212500 2.000000
v -32.000000 3.137500 2.000000
v -32.075001 3.212500 2.000000
v -32.075001 3.787500 2.000000
v -32.150002 3.843750 2.150000
v -32.150002 3.806250 2.150000
v -32.000000 3.806250 2.150000
v -32.000000 3.843750 2.150000
v -32.150002 3.806250 2.000000
v -32.150002 3.843750 2.000000
v -32.150002 3.193750 2.150000
v -32.150002 3.156250 2.150000
v -32.000000 3.156250 2.150000
v -32.000000 3.193750 2.150000
v -32.150002 3.156250 2.000000
v -32.150002 3.193750 2.000000
v -32.075001 5.000000 2.000000
v -32.075001 5.000000 2.075000
v -32.000000 5.000000 2.075000
v -32.075001 4.900000 2.000000
v -32.075001 4.900000 2.075000
v -32.000000 4.900000 2.075000
v -32.000000 5.000000 2.000000
v -32.000000 4.900000 2.000000
v -32.075001 4.000000 2.000000
v -32.075001 4.000000 2.075000
v -32.000000 4.000000 2.075000
v -32.000000 4.000000 2.000000
v -32.075001 4.137500 2.000000
v -32.075001 4.862500 2.000000
v -32.075001 4.862500 2.075000
v -32.075001 4.787500 2.075000
v -32.075001 4.212500 2.075000
v -32.075001 4.137500 2.075000
v -32.000000 4.137500 2.075000
v -32.000000 4.212500 2.075000
v -32.000000 4.787500 2.075000
v -32.000000 4.862500 2.075000
v -32.000000 4.862500 2.000000
v -32.000000 4.787500 2.000000
v -32.000000 4.212500 2.000000
v -32.000000 4.137500 2.000000
v -32.075001 4.212500 2.000000
v -32.075001 4.787500 2.000000
v -32.150002 4.843750 2.150000
v -32.150002 4.806250 2.150000
v -32.000000 4.806250 2.150000
v -32.000000 4.843750 2.150000
v -32.150002 4.806250 2.000000
v -32.150002 4.843750 2.000000
v -32.150002 4.193750 2.150000
v -32.150002 4.156250 2.150000
v -32.000000 4.156250 2.150000
v -32.000000 4.193750 2.150000
v -32.150002 4.156250 2.000000
v -32.150002 4.193750 2.000000
v -32.075001 6.000000 2.000000
v -32.075001 6.000000 2.075000
v -32.000000 6.000000 2.075000
v -32.075001 5.900000 2.000000
v -32.075001 5.900000 2.075000
v -32.000000 5.900000 2.075000
v -32.000000 6.000000 2.000000
v -32.000000 5.900000 2.000000
v -32.075001 5.000000 2.000000
v -32.075001 5.000000 2.075000
v -32.000000 5.000000 2.075000
v -32.000000 5.000000 2.000000
v -32.075001 5.137500 2.000000
v -32.075001 5.862500 2.000000
v -32.075001 5.862500 2.075000
v -32.075001 5.787500 2.075000
v -32.075001 5.212500 2.075000
v -32.075001 5.137500 2.075000
v -32.000000 5.137500 2.075000
v -32.000000 5.212500 2.075000
v -32.000000 5.787500 2.075000
v -32.000000 5.862500 2.075000
v -32.000000 5.862500 2.000000
v -32.000000 5.787500 2.000000
v -32.000000 5.212500 2.000000
v -32.000000 5.137500 2.000000
v -32.075001 5.212500 2.000000
v -32.075001 5.787500 2.000000
v -32.150002 5.843750 2.150000
v -32.150002 5.806250 2.150000
v -32.000000 5.806250 2.150000
v -32.000000 5.843750 2.150000
v -32.150002 5.806250 2.000000
v -32.150002 5.843750 2.000000
v -32.150002 5.193750 2.150000
v -32.150002 5.156250 2.150000
v -32.000000 5.156250 2.150000
v -32.000000 5.193750 2.150000
v -32.150002 5.156250 2.000000
v -32.150002 5.193750 2.000000
v -32.075001 7.000000 2.000000
v -32.075001 7.000000 2.075000
v -32.000000 7.000000 2.075000
v -32.075001 6.900000 2.000000
v -32.075001 6.900000 2.075000
v -32.000000 6.900000 2.075000
v -32.000000 7.000000 2.000000
v -32.000000 6.900000 2.000000
v -32.075001 6.000000 2.000000
v -32.075001 6.000000 2.075000
v -32.000000 6.000000 2.075000
v -32.000000 6.000000 2.000000
v -32.075001 6.137500 2.000000
v -32.075001 6.862500 2.000000
v -32.075001 6.862500 2.075000
v -32.075001 6.787500 2.075000
v -32.075001 6.212500 2.075000
v -32.075001 6.137500 2.075000
v -32.000000 6.137500 2.075000
v -32.000000 6.212500 2.075000
v -32.000000 6.787500 2.075000
v -32.000000 6.862500 2.075000
v -32.000000 6.862500 2.000000
v -32.000000 6.787500 2.000000
v -32.000000 6.212500 2.000000
v -32.000000 6.137500 2.000000
v -32.075001 6.212500 2.000000
v -32.075001 6.787500 2.000000
v -32.150002 6.843750 2.150000
v -32.150002 6.806250 2.150000
v -32.000000 6.806250 2.150000
v -32.000000 6.843750 2.150000
v -32.150002 6.806250 2.000000
v -32.150002 6.843750 2.000000
v -32.150002 6.193750 2.150000
v -32.150002 6.156250 2.150000
v -32.000000 6.156250 2.150000
v -32.000000 6.193750 2.150000
v -32.150002 6.156250 2.000000
v -32.150002 6.193750 2.000000
v -32.075001 8.000000 2.000000
v -32.075001 8.000000 2.075000
v -32.000000 8.000000 2.075000
v -32.075001 7.900000 2.000000
v -32.075001 7.900000 2.075000
v -32.000000 7.900000 2.075000
v -32.000000 8.000000 2.000000
v -32.000000 7.900000 2.000000
v -32.075001 7.000000 2.000000
v -32.075001 7.000000 2.075000
v -32.000000 7.000000 2.075000
v -32.000000 7.000000 2.000000
v -32.075001 7.137500 2.000000
v -32.075001 7.862500 2.000000
v -32.075001 7.862500 2.075000
v -32.075001 7.787500 2.075000
v -32.075001 7.212500 2.075000
v -32.075001 7.137500 2.075000
v -32.000000 7.137500 2.075000
v -32.000000 7.212500 2.075000
v -32.000000 7.787500 2.075000
v -32.000000 7.862500 2.075000
v -32.000000 7.862500 2.000000
v -32.000000 7.787500 2.000000
v -32.000000 7.212500 2.000000
v -32.000000 7.137500 2.000000
v -32.075001 7.212500 2.000000
v -32.075001 7.787500 2.000000
v -32.150002 7.843750 2.150000
v -32.150002 7.806250 2.150000
v -32.000000 7.806250 2.150000
v -32.000000 7.843750 2.150000
v -32.150002 7.806250 2.000000
v -32.150002 7.843750 2.000000
v -32.150002 7.193750 2.150000
v -32.150002 7.156250 2.150000
v -32.000000 7.156250 2.150000
v -32.000000 7.193750 2.150000
v -32.150002 7.156250 2.000000
v -32.150002 7.193750 2.000000
v -32.075001 9.000000 2.000000
v -32.075001 9.000000 2.075000
v -32.000000 9.000000 2.075000
v -32.075001 8.900000 2.000000
v -32.075001 8.900000 2.075000
v -32.000000 8.900000 2.075000
v -32.000000 9.000000 2.000000
v -32.000000 8.900000 2.000000
v -32.075001 8.000000 2.000000
v -32.075001 8.000000 2.075000
v -32.000000 8.000000 2.075000
v -32.000000 8.000000 2.000000
v -32.075001 8.137500 2.000000
v -32.075001 8.862500 2.000000
v -32.075001 8.862500 2.075000
v -32.075001 8.787500 2.075000
v -32.075001 8.212500 2.075000
v -32.075001 8.137500 2.075000
v -32.000000 8.137500 2.075000
v -32.000000 8.212500 2.075000
v -32.000000 8.787500 2.075000
v -32.000000 8.862500 2.075000
v -32.000000 8.862500 2.000000
v -32.000000 8.787500 2.000000
v -32.000000 8.212500 2.000000
v -32.000000 8.137500 2.000000
v -32.075001 8.212500 2.000000
v -32.075001 8.787500 2.000000
v -32.150002 8.843750 2.150000
v -32.150002 8.806250 2.150000
v -32.000000 8.806250 2.150000
v -32.000000 8.843750 2.150000
v -32.150002 8.806250 2.000000
v -32.150002 8.843750 2.000000
v -32.150002 8.193749 2.150000
v -32.150002 8.156250 2.150000
v -32.000000 8.156250 2.150000
v -32.000000 8.193749 2.150000
v -32.150002 8.156250 2.000000
v -32.150002 8.193749 2.000000
v -32.075001 10.000000 2.000000
v -32.075001 10.000000 2.075000
v -32.000000 10.000000 2.075000
v -32.075001 9.900000 2.000000
v -32.075001 9.900000 2.075000
v -32.000000 9.900000 2.075000
v -32.000000 10.000000 2.000000
v -32.000000 9.900000 2.000000
v -32.075001 9.000000 2.000000
v -32.075001 9.000000 2.075000
v -32.000000 9.000000 2.075000
v -32.000000 9.000000 2.000000
v -32.075001 9.137500 2.000000
v -32.075001 9.862500 2.000000
v -32.075001 9.862500 2.075000
v -32.075001 9.787500 2.075000
v -32.075001 9.212500 2.075000
v -32.075001 9.137500 2.075000
v -32.000000 9.137500 2.075000
v -32.000000 9.212500 2.075000
v -32.000000 9.787500 2.075000
v -32.000000 9.862500 2.075000
v -32.000000 9.862500 2.000000
v -32.000000 9.787500 2.000000
v -32.000000 9.212500 2.000000
v -32.000000 9.137500 2.000000
v -32.075001 9.212500 2.000000
v -32.075001 9.787500 2.000000
v -32.150002 9.843750 2.150000
v -32.150002 9.806250 2.150000
v -32.000000 9.806250 2.150000
v -32.000000 9.843750 2.150000
v -32.150002 9.806250 2.000000
v -32.150002 9.843750 2.000000
v -32.150002 9.193749 2.150000
v -32.150002 9.156250 2.150000
v -32.000000 9.156250 2.150000
v -32.000000 9.193749 2.150000
v -32.150002 9.156250 2.000000
v -32.150002 9.193749 2.000000
v -32.075001 11.000000 2.000000
v -32.075001 11.000000 2.075000
v -32.000000 11.000000 2.075000
v -32.075001 10.900000 2.000000
v -32.075001 10.900000 2.075000
v -32.000000 10.900000 2.075000
v -32.000000 11.000000 2.000000
v -32.000000 10.900000 2.000000
v -32.075001 10.000000 2.000000
v -32.075001 10.000000 2.075000
v -32.000000 10.000000 2.075000
v -32.000000 10.000000 2.000000
v -32.075001 10.137500 2.000000
v -32.075001 10.862500 2.000000
v -32.075001 10.862500 2.075000
v -32.075001 10.787500 2.075000
v -32.075001 10.212500 2.075000
v -32.075001 10.137500 2.075000
v -32.000000 10.137500 2.075000
v -32.000000 10.212500 2.075000
v -32.000000 10.787500 2.075000
v -32.000000 10.862500 2.075000
v -32.000000 10.862500 2.000000
v -32.000000 10.787500 2.000000
v -32.000000 10.212500 2.000000
v -32.000000 10.137500 2.000000
v -32.075001 10.212500 2.000000
v -32.075001 10.787500 2.000000
v -32.150002 10.843750 2.150000
v -32.150002 10.806250 2.150000
v -32.000000 10.806250 2.150000
v -32.000000 10.843750 2.150000
v -32.150002 10.806250 2.000000
v -32.150002 10.843750 2.000000
v -32.150002 10.193749 2.150000
v -32.150002 10.156250 2.150000
v -32.000000 10.156250 2.150000
v -32.000000 10.193749 2.150000
v -32.150002 10.156250 2.000000
v -32.150002 10.193749 2.000000
v -32.075001 12.000000 2.000000
v -32.075001 12.000000 2.075000
v -32.000000 12.000000 2.075000
v -32.075001 11.900000 2.000000
v -32.075001 11.900000 2.075000
v -32.000000 11.900000 2.075000
v -32.000000 12.000000 2.000000
v -32.000000 11.900000 2.000000
v -32.075001 11.000000 2.000000
v -32.075001 11.000000 2.075000
v -32.000000 11.000000 2.075000
v -32.000000 11.000000 2.000000
v -32.075001 11.137500 2.000000
v -32.075001 11.862500 2.000000
v -32.075001 11.862500 2.075000
v -32.075001 11.787500 2.075000
v -32.075001 11.212500 2.075000
v -32.075001 11.137500 2.075000
v -32.000000 11.137500 2.075000
v -32.000000 11.212500 2.075000
v -32.000000 11.787500 2.075000
v -32.000000 11.862500 2.075000
v -32.000000 11.862500 2.000000
v -32.000000 11.787500 2.000000
v -32.000000 11.212500 2.000000
v -32.000000 11.137500 2.000000
v -32.075001 11.212500 2.000000
v -32.075001 11.787500 2.000000
v -32.150002 11.843750 2.150000
v -32.150002 11.806250 2.150000
v -32.000000 11.806250 2.150000
v -32.000000 11.843750 2.150000
v -32.150002 11.806250 2.000000
v -32.150002 11.843750 2.000000
v -32.150002 11.193749 2.150000
v -32.150002 11.156250 2.150000
v -32.000000 11.156250 2.150000
v -32.000000 11.193749 2.150000
v -32.150002 11.156250 2.000000
v -32.150002 11.193749 2.000000
v -32.075001 13.000000 2.000000
v -32.075001 13.000000 2.075000
v -32.000000 13.000000 2.075000
v -32.075001 12.900000 2.000000
v -32.075001 12.900000 2.075000
v -32.000000 12.900000 2.075000
v -32.000000 13.000000 2.000000
v -32.000000 12.900000 2.000000
v -32.075001 12.000000 2.000000
v -32.075001 12.000000 2.075000
v -32.000000 12.000000 2.075000
v -32.000000 12.000000 2.000000
v -32.075001 12.137500 2.000000
v -32.075001 12.862500 2.000000
v -32.075001 12.862500 2.075000
v -32.075001 12.787500 2.075000
v -32.075001 12.212500 2.075000
v -32.075001 12.137500 2.075000
v -32.000000 12.137500 2.075000
v -32.000000 12.212500 2.075000
v -32.000000 12.787500 2.075000
v -32.000000 12.862500 2.075000
v -32.000000 12.862500 2.000000
v -32.000000 12.787500 2.000000
v -32.000000 12.212500 2.000000
v -32.000000 12.137500 2.000000
v -32.075001 12.212500 2.000000
v -32.075001 12.787500 2.000000
v -32.150002 12.843750 2.150000
v -32.150002 12.806250 2.150000
v -32.000000 12.806250 2.150000
v -32.000000 12.843750 2.150000
v -32.150002 12.806250 2.000000
v -32.150002 12.843750 2.000000
v -32.150002 12.193749 2.150000
v -32.150002 12.156250 2.150000
v -32.000000 12.156250 2.150000
v -32.000000 12.193749 2.150000
v -32.150002 12.156250 2.000000
v -32.150002 12.193749 2.000000
v -32.075001 14.000000 2.000000
v -32.075001 14.000000 2.075000
v -32.000000 14.000000 2.075000
v -32.075001 13.900000 2.000000
v -32.075001 13.900000 2.075000
v -32.000000 13.900000 2.075000
v -32.000000 14.000000 2.000000
v -32.000000 13.900000 2.000000
v -32.075001 13.000000 2.000000
v -32.075001 13.000000 2.075000
v -32.000000 13.000000 2.075000
v -32.000000 13.000000 2.000000
v -32.075001 13.137500 2.000000
v -32.075001 13.862500 2.000000
v -32.075001 13.862500 2.075000
v -32.075001 13.787500 2.075000
v -32.075001 13.212500 2.075000
v -32.075001 13.137500 2.075000
v -32.000000 13.137500 2.075000
v -32.000000 13.212500 2.075000
v -32.000000 13.787500 2.075000
v -32.000000 13.862500 2.075000
v -32.000000 13.862500 2.000000
v -32.000000 13.787500 2.000000
v -32.000000 13.212500 2.000000
v -32.000000 13.137500 2.000000
v -32.075001 13.212500 2.000000
v -32.075001 13.787500 2.000000
v -32.150002 13.843750 2.150000
v -32.150002 13.806250 2.150000
v -32.000000 13.806250 2.150000
v -32.000000 13.843750 2.150000
v -32.150002 13.806250 2.000000
v -32.150002 13.843750 2.000000
v -32.150002 13.193749 2.150000
v -32.150002 13.156250 2.150000
v -32.000000 13.156250 2.150000
v -32.000000 13.193749 2.150000
v -32.150002 13.156250 2.000000
v -32.150002 13.193749 2.000000
v -31.500000 14.400000 -1.000000
v -31.500000 14.400000 -0.000000
v -32.000000 14.000000 -1.000000
v -32.000000 14.000000 -0.000000
v -32.000000 14.400000 -1.000000
v -32.000000 14.400000 -0.000000
v -32.000000 14.137500 -0.962500
v -32.000000 14.212500 -0.962500
v -32.075001 14.137500 -0.962500
v -32.150002 14.156250 -0.981250
v -32.075001 14.212500 -0.962500
v -32.075001 14.137500 -1.000000
v -32.150002 14.156250 -1.000000
v -32.150002 14.193750 -1.000000
v -32.075001 14.212500 -1.000000
v -32.150002 14.193750 -0.981250
v -32.000000 14.212500 -1.000000
v -32.000000 14.137500 -0.037500
v -32.000000 14.212500 -0.037500
v -32.075001 14.137500 -0.037500
v -32.150002 14.156250 -0.018750
v -32.075001 14.212500 -0.037500
v -32.075001 14.137500 -0.000000
v -32.150002 14.156250 -0.000000
v -32.150002 14.193750 -0.000000
v -32.075001 14.212500 -0.000000
v -32.150002 14.193750 -0.018750
v -32.000000 14.212500 -0.000000
v -32.000000 14.137500 -0.704166
v -32.000000 14.212500 -0.704166
v -32.075001 14.137500 -0.704166
v -32.150002 14.156250 -0.685416
v -32.075001 14.212500 -0.704166
v -32.075001 14.137500 -0.629166
v -32.150002 14.156250 -0.647916
v -32.075001 14.212500 -0.629166
v -32.000000 14.137500 -0.629166
v -32.000000 14.212500 -0.629166
v -32.150002 14.193750 -0.647916
v -32.150002 14.193750 -0.685416
v -32.000000 14.137500 -0.370833
v -32.000000 14.212500 -0.370833
v -32.075001 14.137500 -0.370833
v -32.150002 14.156250 -0.352083
v -32.075001 14.212500 -0.370833
v -32.075001 14.137500 -0.295833
v -32.150002 14.156250 -0.314583
v -32.075001 14.212500 -0.295833
v -32.000000 14.137500 -0.295833
v -32.000000 14.212500 -0.295833
v -32.150002 14.193750 -0.314583
v -32.150002 14.193750 -0.352083
v -32.000000 14.400000 -1.000000
v -32.000000 14.400000 -0.000000
v -32.000000 14.400000 -0.083333
v -32.000000 14.400000 -0.249999
v -32.000000 14.400000 -0.416666
v -32.000000 14.400000 -0.583333
v -32.000000 14.400000 -0.749999
v -32.000000 14.400000 -0.916666
v -31.833332 14.400000 -1.000000
v -31.833332 14.400000 -0.000000
v -31.833332 14.400000 -0.083333
v -31.833332 14.400000 -0.249999
v -31.833332 14.400000 -0.416666
v -31.833332 14.400000 -0.583333
v -31.833332 14.400000 -0.749999
v -31.833332 14.400000 -0.916666
v -31.958332 14.816666 -0.958333
v -31.958332 14.816666 -1.000000
v -31.875000 14.816667 -1.000000
v -31.958332 14.816666 -0.000000
v -31.958332 14.816666 -0.041667
v -31.958332 14.816666 -0.291666
v -31.958332 14.816666 -0.374999
v -31.958332 14.816666 -0.624999
v -31.958332 14.816666 -0.708333
v -31.875000 14.816667 -0.041667
v -31.875000 14.816667 -0.291666
v -31.875000 14.816667 -0.374999
v -31.875000 14.816667 -0.624999
v -31.875000 14.816667 -0.708333
v -31.875000 14.816667 -0.958333
v -31.875000 14.816667 -0.000000
v -32.000000 14.650000 -0.916666
v -32.000000 14.650000 -1.000000
v -31.833332 14.650000 -1.000000
v -31.833332 14.650000 -0.916666
v -31.833332 14.650000 -0.583333
v -32.000000 14.650000 -0.583333
v -32.000000 14.650000 -0.749999
v -31.833332 14.650000 -0.749999
v -32.000000 14.650000 -0.416666
v -31.833332 14.650000 -0.416666
v -31.833332 14.650000 -0.249999
v -32.000000 14.650000 -0.249999
v -31.833332 14.650000 -0.000000
v -32.000000 14.650000 -0.000000
v -32.000000 14.650000 -0.083333
v -31.833332 14.650000 -0.083333
v -31.958332 14.525000 -0.916666
v -31.958332 14.608334 -0.916666
v -31.875000 14.525000 -0.916666
v -31.875000 14.608334 -0.916666
v -31.875000 14.525000 -0.583333
v -31.875000 14.608334 -0.583333
v -31.958332 14.608334 -0.583333
v -31.958332 14.525000 -0.583333
v -31.958332 14.608334 -0.749999
v -31.958332 14.525000 -0.749999
v -31.875000 14.608334 -0.749999
v -31.875000 14.525000 -0.749999
v -31.958332 14.525000 -0.416666
v -31.958332 14.608334 -0.416666
v -31.875000 14.608334 -0.416666
v -31.875000 14.525000 -0.416666
v -31.875000 14.608334 -0.249999
v -31.875000 14.525000 -0.249999
v -31.958332 14.608334 -0.249999
v -31.958332 14.525000 -0.249999
v -31.958332 14.608334 -0.083333
v -31.958332 14.525000 -0.083333
v -31.875000 14.608334 -0.083333
v -31.875000 14.525000 -0.083333
v -31.500000 14.400000 -0.000000
v -31.500000 14.400000 1.000000
v -32.000000 14.000000 0.000000
v -32.000000 14.000000 1.000000
v -32.000000 14.400000 -0.000000
v -32.000000 14.400000 1.000000
v -32.000000 14.137500 0.037500
v -32.000000 14.212500 0.037500
v -32.075001 14.137500 0.037500
v -32.150002 14.156250 0.018750
v -32.075001 14.212500 0.037500
v -32.075001 14.137500 0.000000
v -32.150002 14.156250 0.000000
v -32.150002 14.193750 0.000000
v -32.075001 14.212500 0.000000
v -32.150002 14.193750 0.018750
v -32.000000 14.212500 0.000000
v -32.000000 14.137500 0.962500
v -32.000000 14.212500 0.962500
v -32.075001 14.137500 0.962500
v -32.150002 14.156250 0.981250
v -32.075001 14.212500 0.962500
v -32.075001 14.137500 1.000000
v -32.150002 14.156250 1.000000
v -32.150002 14.193750 1.000000
v -32.075001 14.212500 1.000000
v -32.150002 14.193750 0.981250
v -32.000000 14.212500 1.000000
v -32.000000 14.137500 0.295834
v -32.000000 14.212500 0.295834
v -32.075001 14.137500 0.295834
v -32.150002 14.156250 0.314584
v -32.075001 14.212500 0.295834
v -32.075001 14.137500 0.370834
v -32.150002 14.156250 0.352084
v -32.075001 14.212500 0.370834
v -32.000000 14.137500 0.370834
v -32.000000 14.212500 0.370834
v -32.150002 14.193750 0.352084
v -32.150002 14.193750 0.314584
v -32.000000 14.137500 0.629167
v -32.000000 14.212500 0.629167
v -32.075001 14.137500 0.629167
v -32.150002 14.156250 0.647917
v -32.075001 14.212500 0.629167
v -32.075001 14.137500 0.704167
v -32.150002 14.156250 0.685417
v -32.075001 14.212500 0.704167
v -32.000000 14.137500 0.704167
v -32.000000 14.212500 0.704167
v -32.150002 14.193750 0.685417
v -32.150002 14.193750 0.647917
v -32.000000 14.400000 -0.000000
v -32.000000 14.400000 1.000000
v -32.000000 14.400000 0.916667
v -32.000000 14.400000 0.750001
v -32.000000 14.400000 0.583334
v -32.000000 14.400000 0.416667
v -32.000000 14.400000 0.250001
v -32.000000 14.400000 0.083334
v -31.833332 14.400000 -0.000000
v -31.833332 14.400000 1.000000
v -31.833332 14.400000 0.916667
v -31.833332 14.400000 0.750001
v -31.833332 14.400000 0.583334
v -31.833332 14.400000 0.416667
v -31.833332 14.400000 0.250001
v -31.833332 14.400000 0.083334
v -31.958332 14.816666 0.041667
v -31.958332 14.816666 -0.000000
v -31.875000 14.816667 -0.000000
v -31.958332 14.816666 1.000000
v -31.958332 14.816666 0.958333
v -31.958332 14.816666 0.708334
v -31.958332 14.816666 0.625001
v -31.958332 14.816666 0.375001
v -31.958332 14.816666 0.291667
v -31.875000 14.816667 0.958333
v -31.875000 14.816667 0.708334
v -31.875000 14.816667 0.625001
v -31.875000 14.816667 0.375001
v -31.875000 14.816667 0.291667
v -31.875000 14.816667 0.041667
v -31.875000 14.816667 1.000000
v -32.000000 14.650000 0.083334
v -32.000000 14.650000 -0.000000
v -31.833332 14.650000 -0.000000
v -31.833332 14.650000 0.083334
v -31.833332 14.650000 0.416667
v -32.000000 14.650000 0.416667
v -32.000000 14.650000 0.250001
v -31.833332 14.650000 0.250001
v -32.000000 14.650000 0.583334
v -31.833332 14.650000 0.583334
v -31.833332 14.650000 0.750001
v -32.000000 14.650000 0.750001
v -31.833332 14.650000 1.000000
v -32.000000 14.650000 1.000000
v -32.000000 14.650000 0.916667
v -31.833332 14.650000 0.916667
v -31.958332 14.525000 0.083334
v -31.958332 14.608334 0.083334
v -31.875000 14.525000 0.083334
v -31.875000 14.608334 0.083334
v -31.875000 14.525000 0.416667
v -31.875000 14.608334 0.416667
v -31.958332 14.608334 0.416667
v -31.958332 14.525000 0.416667
v -31.958332 14.608334 0.250001
v -31.958332 14.525000 0.250001
v -31.875000 14.608334 0.250001
v -31.875000 14.525000 0.250001
v -31.958332 14.525000 0.583334
v -31.958332 14.608334 0.583334
v -31.875000 14.608334 0.583334
v -31.875000 14.525000 0.583334
v -31.875000 14.608334 0.750001
v -31.875000 14.525000 0.750001
v -31.958332 14.608334 0.750001
v -31.958332 14.525000 0.750001
v -31.958332 14.608334 0.916667
v -31.958332 14.525000 0.916667
v -31.875000 14.608334 0.916667
v -31.875000 14.525000 0.916667
v -31.500000 14.400000 1.000000
v -32.000000 14.000000 1.000000
v -32.000000 14.137500 1.037500
v -32.000000 14.212500 1.037500
v -32.075001 14.137500 1.037500
v -32.150002 14.156250 1.018750
v -32.075001 14.212500 1.037500
v -32.075001 14.137500 1.000000
v -32.150002 14.156250 1.000000
v -32.150002 14.193750 1.000000
v -32.075001 14.212500 1.000000
v -32.150002 14.193750 1.018750
v -32.000000 14.212500 1.000000
v -32.000000 14.137500 1.295834
v -32.000000 14.212500 1.295834
v -32.075001 14.137500 1.295834
v -32.150002 14.156250 1.314584
v -32.075001 14.212500 1.295834
v -32.075001 14.137500 1.370834
v -32.150002 14.156250 1.352084
v -32.075001 14.212500 1.370834
v -32.000000 14.137500 1.370834
v -32.000000 14.212500 1.370834
v -32.150002 14.193750 1.352084
v -32.150002 14.193750 1.314584
v -32.000000 14.137500 1.629167
v -32.000000 14.212500 1.629167
v -32.075001 14.137500 1.629167
v -32.150002 14.156250 1.647917
v -32.075001 14.212500 1.629167
v -32.075001 14.137500 1.704167
v -32.150002 14.156250 1.685417
v -32.075001 14.212500 1.704167
v -32.000000 14.137500 1.704167
v -32.000000 14.212500 1.704167
v -32.150002 14.193750 1.685417
v -32.150002 14.193750 1.647917
v -31.500000 14.400000 1.500000
v -31.958332 14.816666 1.041667
v -31.958332 14.816666 1.000000
v -31.875000 14.816667 1.000000
v -31.958332 14.816666 1.708334
v -31.958332 14.816666 1.625001
v -31.958332 14.816666 1.375001
v -31.958332 14.816666 1.291667
v -31.875000 14.816667 1.708334
v -31.875000 14.816667 1.625001
v -31.875000 14.816667 1.375001
v -31.875000 14.816667 1.291667
v -31.875000 14.816667 1.041667
v -32.000000 14.400000 1.083334
v -32.000000 14.650000 1.083334
v -32.000000 14.650000 1.000000
v -32.000000 14.400000 1.000000
v -31.833332 14.650000 1.000000
v -31.833332 14.400000 1.000000
v -31.833332 14.400000 1.083334
v -31.833332 14.650000 1.083334
v -31.833332 14.400000 1.416667
v -31.833332 14.650000 1.416667
v -32.000000 14.650000 1.416667
v -32.000000 14.400000 1.416667
v -32.000000 14.650000 1.250001
v -32.000000 14.400000 1.250001
v -31.833332 14.650000 1.250001
v -31.833332 14.400000 1.250001
v -32.000000 14.400000 1.583334
v -32.000000 14.650000 1.583334
v -31.833332 14.650000 1.583334
v -31.833332 14.400000 1.583334
v -31.833332 14.650000 1.750000
v -31.833332 14.400000 1.750000
v -32.000000 14.650000 1.750000
v -31.958332 14.525000 1.083334
v -31.958332 14.608334 1.083334
v -31.875000 14.525000 1.083334
v -31.875000 14.608334 1.083334
v -31.875000 14.525000 1.416667
v -31.875000 14.608334 1.416667
v -31.958332 14.608334 1.416667
v -31.958332 14.525000 1.416667
v -31.958332 14.608334 1.250001
v -31.958332 14.525000 1.250001
v -31.875000 14.608334 1.250001
v -31.875000 14.525000 1.250001
v -31.958332 14.525000 1.583334
v -31.958332 14.608334 1.583334
v -31.875000 14.608334 1.583334
v -31.875000 14.525000 1.583334
v -31.750000 14.775001 1.750000
v -32.000000 14.775000 2.000000
v -31.937500 15.025000 1.937500
v -32.000000 14.400000 2.000000
v -32.000000 14.775001 1.750000
v -32.000000 14.400000 1.750000
v -31.750000 14.400000 1.750000
v -31.937500 15.025000 1.812500
v -31.812500 15.025000 1.812500
v -32.075001 14.000000 2.000000
v -32.075001 14.000000 2.075000
v -32.000000 14.000000 2.000000
v -32.075001 14.137500 2.075000
v -32.000000 14.137500 2.000000
v -32.075001 14.137500 2.000000
v -32.000000 14.137500 1.962500
v -32.000000 14.212500 1.962500
v -32.000000 14.212500 2.000000
v -32.150002 14.156250 1.981250
v -32.075001 14.137500 1.962500
v -32.150002 14.193750 1.981250
v -32.075001 14.212500 1.962500
v -32.075001 14.212500 2.075000
v -32.075001 14.137500 2.075000
v -32.150002 14.193749 2.150000
v -32.150002 14.156250 2.150000
v -31.500000 14.400000 -1.000000
v -32.000000 14.000000 -1.000000
v -32.000000 14.000000 -2.000000
v -32.000000 14.137500 -1.037500
v -32.000000 14.212500 -1.037500
v -32.075001 14.137500 -1.037500
v -32.150002 14.156250 -1.018750
v -32.075001 14.212500 -1.037500
v -32.075001 14.137500 -1.000000
v -32.150002 14.156250 -1.000000
v -32.150002 14.193750 -1.000000
v -32.075001 14.212500 -1.000000
v -32.150002 14.193750 -1.018750
v -32.000000 14.212500 -1.000000
v -32.000000 14.137500 -1.295834
v -32.000000 14.212500 -1.295834
v -32.075001 14.137500 -1.295834
v -32.150002 14.156250 -1.314584
v -32.075001 14.212500 -1.295834
v -32.075001 14.137500 -1.370834
v -32.150002 14.156250 -1.352084
v -32.075001 14.212500 -1.370834
v -32.000000 14.137500 -1.370834
v -32.000000 14.212500 -1.370834
v -32.150002 14.193750 -1.352084
v -32.150002 14.193750 -1.314584
v -32.000000 14.137500 -1.629167
v -32.000000 14.212500 -1.629167
v -32.075001 14.137500 -1.629167
v -32.150002 14.156250 -1.647917
v -32.075001 14.212500 -1.629167
v -32.075001 14.137500 -1.704167
v -32.150002 14.156250 -1.685417
v -32.075001 14.212500 -1.704167
v -32.000000 14.137500 -1.704167
v -32.000000 14.212500 -1.704167
v -32.150002 14.193750 -1.685417
v -32.150002 14.193750 -1.647917
v -31.500000 14.400000 -1.500000
v -31.958332 14.816666 -1.041667
v -31.958332 14.816666 -1.000000
v -31.875000 14.816667 -1.000000
v -31.958334 14.816666 -1.708334
v -31.958334 14.816666 -1.625001
v -31.958332 14.816666 -1.375001
v -31.958332 14.816666 -1.291667
v -31.875000 14.816667 -1.708334
v -31.875000 14.816667 -1.625001
v -31.875000 14.816667 -1.375001
v -31.875000 14.816667 -1.291667
v -31.875000 14.816667 -1.041667
v -32.000000 14.400000 -1.083334
v -32.000000 14.650000 -1.083334
v -32.000000 14.650000 -1.000000
v -32.000000 14.400000 -1.000000
v -31.833332 14.650000 -1.000000
v -31.833332 14.400000 -1.000000
v -31.833332 14.400000 -1.083334
v -31.833332 14.650000 -1.083334
v -31.833332 14.400000 -1.416667
v -31.833332 14.650000 -1.416667
v -32.000000 14.650000 -1.416667
v -32.000000 14.400000 -1.416667
v -32.000000 14.650000 -1.250001
v -32.000000 14.400000 -1.250001
v -31.833332 14.650000 -1.250001
v -31.833332 14.400000 -1.250001
v -32.000000 14.400000 -1.583334
v -32.000000 14.650000 -1.583334
v -31.833332 14.650000 -1.583334
v -31.833332 14.400000 -1.583334
v -31.833334 14.650000 -1.750001
v -31.833334 14.400000 -1.750001
v -32.000000 14.650000 -1.750001
v -31.958332 14.525000 -1.083334
v -31.958332 14.608334 -1.083334
v -31.875000 14.525000 -1.083334
v -31.875000 14.608334 -1.083334
v -31.875000 14.525000 -1.416667
v -31.875000 14.608334 -1.416667
v -31.958332 14.608334 -1.416667
v -31.958332 14.525000 -1.416667
v -31.958332 14.608334 -1.250001
v -31.958332 14.525000 -1.250001
v -31.875000 14.608334 -1.250001
v -31.875000 14.525000 -1.250001
v -31.958334 14.525000 -1.583334
v -31.958334 14.608334 -1.583334
v -31.875000 14.608334 -1.583334
v -31.875000 14.525000 -1.583334
v -32.000000 14.775000 -1.750001
v -31.937500 15.025000 -1.812501
v -32.000000 14.400000 -1.750001
v -31.750000 14.775001 -1.750001
v -32.000000 14.775000 -2.000001
v -31.937500 15.025000 -1.937501
v -32.000000 14.400000 -2.000000
v -31.750000 14.400000 -1.750001
v -31.812500 15.025000 -1.812501
v -32.075001 14.000000 -2.075000
v -32.075001 14.000000 -2.000000
v -32.075001 14.137500 -2.075000
v -32.075001 14.137500 -2.000000
v -32.000000 14.137500 -2.000000
v -32.000000 14.137500 -1.962500
v -32.000000 14.212500 -1.962500
v -32.150002 14.156250 -1.981250
v -32.075001 14.137500 -1.962500
v -32.150002 14.193750 -1.981250
v -32.075001 14.212500 -1.962500
v -32.075001 14.212500 -2.075000
v -32.075001 14.137500 -2.075000
v -32.150002 14.193749 -2.150000
v -32.150002 14.156250 -2.150000
v -32.000000 14.212500 -2.000000
v -31.000000 14.400000 1.500001
v -31.000000 14.000000 2.000001
v -32.000000 14.000000 2.000001
v -31.037500 14.137500 2.000000
v -31.037500 14.212500 2.000000
v -31.037500 14.137500 2.075001
v -31.018749 14.156250 2.150001
v -31.037500 14.212500 2.075001
v -31.000000 14.137500 2.075001
v -31.000000 14.156250 2.150001
v -31.000000 14.193750 2.150001
v -31.000000 14.212500 2.075001
v -31.018749 14.193750 2.150001
v -31.000000 14.212500 2.000000
v -31.295834 14.137500 2.000001
v -31.295834 14.212500 2.000001
v -31.295834 14.137500 2.075001
v -31.314583 14.156250 2.150001
v -31.295834 14.212500 2.075001
v -31.370834 14.137500 2.075001
v -31.352083 14.156250 2.150001
v -31.370834 14.212500 2.075001
v -31.370834 14.137500 2.000001
v -31.370834 14.212500 2.000001
v -31.352083 14.193750 2.150001
v -31.314583 14.193750 2.150001
v -31.629168 14.137500 2.000001
v -31.629168 14.212500 2.000001
v -31.629168 14.137500 2.075001
v -31.647917 14.156250 2.150001
v -31.629168 14.212500 2.075001
v -31.704166 14.137500 2.075001
v -31.685417 14.156250 2.150001
v -31.704166 14.212500 2.075001
v -31.704166 14.137500 2.000001
v -31.704166 14.212500 2.000001
v -31.685417 14.193750 2.150001
v -31.647917 14.193750 2.150001
v -31.500000 14.400000 1.500001
v -31.041666 14.816666 1.958334
v -31.000000 14.816666 1.958334
v -31.000000 14.816667 1.875000
v -31.708334 14.816666 1.958334
v -31.625000 14.816666 1.958334
v -31.375000 14.816666 1.958334
v -31.291668 14.816666 1.958334
v -31.708334 14.816667 1.875001
v -31.625000 14.816667 1.875001
v -31.375000 14.816667 1.875001
v -31.291668 14.816667 1.875000
v -31.041666 14.816667 1.875000
v -31.083334 14.400000 2.000000
v -31.083334 14.650000 2.000000
v -31.000000 14.650000 2.000000
v -31.000000 14.400000 2.000000
v -31.000000 14.650000 1.833334
v -31.000000 14.400000 1.833334
v -31.083334 14.400000 1.833334
v -31.083334 14.650000 1.833334
v -31.416668 14.400000 1.833334
v -31.416668 14.650000 1.833334
v -31.416668 14.650000 2.000000
v -31.416668 14.400000 2.000000
v -31.250000 14.650000 2.000000
v -31.250000 14.400000 2.000000
v -31.250000 14.650000 1.833334
v -31.250000 14.400000 1.833334
v -31.583334 14.400000 2.000001
v -31.583334 14.650000 2.000001
v -31.583334 14.650000 1.833334
v -31.583334 14.400000 1.833334
v -31.750000 14.650000 1.833334
v -31.750000 14.400000 1.833334
v -31.750000 14.650000 2.000001
v -31.083334 14.525000 1.958334
v -31.083334 14.608334 1.958334
v -31.083334 14.525000 1.875000
v -31.083334 14.608334 1.875000
v -31.416668 14.525000 1.875001
v -31.416668 14.608334 1.875001
v -31.416668 14.608334 1.958334
v -31.416668 14.525000 1.958334
v -31.250000 14.608334 1.958334
v -31.250000 14.525000 1.958334
v -31.250000 14.608334 1.875000
v -31.250000 14.525000 1.875000
v -31.583334 14.525000 1.958334
v -31.583334 14.608334 1.958334
v -31.583334 14.608334 1.875001
v -31.583334 14.525000 1.875001
v -31.750000 14.775000 2.000001
v -31.812500 15.025000 1.937501
v -31.750000 14.400000 2.000001
v -31.750000 14.775001 1.750001
v -32.000000 14.775000 2.000001
v -31.937500 15.025000 1.937501
v -32.000000 14.400000 2.000001
v -31.750000 14.400000 1.750001
v -31.812500 15.025000 1.812501
v -32.075001 14.000000 2.075001
v -32.000000 14.000000 2.075001
v -32.075001 14.137500 2.075001
v -32.000000 14.137500 2.075001
v -32.000000 14.137500 2.000000
v -31.962500 14.137500 2.000001
v -31.962500 14.212500 2.000001
v -31.981251 14.156250 2.150001
v -31.962500 14.137500 2.075001
v -31.981251 14.193750 2.150001
v -31.962500 14.212500 2.075001
v -32.075001 14.212500 2.075001
v -32.075001 14.137500 2.075001
v -32.150002 14.193749 2.150001
v -32.150002 14.156250 2.150001
v -32.000000 14.212500 2.000001
v -32.000000 1.000000 2.000001
v -31.000000 1.000000 2.000001
v -32.000000 0.100000 2.000001
v -31.000000 0.100000 2.000001
v -32.000000 0.100000 2.100001
v -32.000000 0.000000 2.100001
v -31.000000 0.000000 2.100001
v -31.000000 0.100000 2.100001
v -31.000000 1.000000 2.000001
v -30.000000 1.000000 2.000001
v -31.000000 0.100000 2.000001
v -30.000000 0.100000 2.000001
v -31.000000 0.100000 2.100001
v -31.000000 0.000000 2.100001
v -30.000000 0.000000 2.100001
v -30.000000 0.100000 2.100001
v -30.000000 1.000000 2.000001
v -29.000000 1.000000 2.000001
v -30.000000 0.100000 2.000001
v -29.000000 0.100000 2.000001
v -30.000000 0.100000 2.100001
v -30.000000 0.000000 2.100001
v -29.000000 0.000000 2.100001
v -29.000000 0.100000 2.100001
v -29.000000 1.000000 2.000001
v -28.000000 1.000000 2.000001
v -29.000000 0.100000 2.000001
v -28.000000 0.100000 2.000001
v -29.000000 0.100000 2.100001
v -29.000000 0.000000 2.100001
v -28.000000 0.000000 2.100001
v -28.000000 0.100000 2.100001
v -32.000000 1.000000 2.000001
v -31.000000 1.000000 2.000001
v -32.000000 2.000000 2.000001
v -31.000000 2.000000 2.000001
v -31.370832 1.137500 2.000001
v -31.370832 1.212500 2.000001
v -31.295834 1.137500 2.000001
v -31.295834 1.212500 2.000001
v -31.352083 1.156250 2.150001
v -31.370832 1.137500 2.075001
v -31.352083 1.193750 2.150001
v -31.370832 1.212500 2.075001
v -31.314583 1.156250 2.150001
v -31.295834 1.137500 2.075001
v -31.314583 1.193750 2.150001
v -31.295834 1.212500 2.075001
v -31.704165 1.787501 2.000001
v -31.704165 1.862501 2.000001
v -31.629166 1.787501 2.000001
v -31.629166 1.862501 2.000001
v -31.685415 1.806251 2.150001
v -31.704165 1.787501 2.075001
v -31.685415 1.843750 2.150001
v -31.704165 1.862501 2.075001
v -31.647915 1.806251 2.150001
v -31.629166 1.787501 2.075001
v -31.647915 1.843750 2.150001
v -31.629166 1.862501 2.075001
v -31.704165 1.137500 2.000001
v -31.704165 1.212500 2.000001
v -31.629166 1.137500 2.000001
v -31.629166 1.212500 2.000001
v -31.685415 1.156250 2.150001
v -31.704165 1.137500 2.075001
v -31.685415 1.193750 2.150001
v -31.704165 1.212500 2.075001
v -31.647915 1.156250 2.150001
v -31.629166 1.137500 2.075001
v -31.647915 1.193750 2.150001
v -31.629166 1.212500 2.075001
v -31.370832 1.787501 2.000001
v -31.370832 1.862501 2.000001
v -31.295832 1.787501 2.000001
v -31.295832 1.862501 2.000001
v -31.352081 1.806251 2.150001
v -31.370832 1.787501 2.075001
v -31.352081 1.843750 2.150001
v -31.370832 1.862501 2.075001
v -31.314583 1.806251 2.150001
v -31.295832 1.787501 2.075001
v -31.314583 1.843750 2.150001
v -31.295832 1.862501 2.075001
v -31.962500 1.137500 2.000001
v -31.962500 1.212500 2.000001
v -32.000000 1.212500 2.000001
v -31.981249 1.156250 2.150001
v -31.962500 1.137500 2.075001
v -31.981249 1.193750 2.150001
v -31.962500 1.212500 2.075001
v -32.000000 1.137500 2.075001
v -32.000000 1.156250 2.150001
v -32.000000 1.193750 2.150001
v -32.000000 1.212500 2.075001
v -31.962500 1.787501 2.000001
v -31.962500 1.862501 2.000001
v -32.000000 1.862501 2.000001
v -31.981249 1.806251 2.150001
v -31.962500 1.787501 2.075001
v -31.981249 1.843750 2.150001
v -31.962500 1.862501 2.075001
v -32.000000 1.787501 2.075001
v -32.000000 1.806251 2.150001
v -32.000000 1.843750 2.150001
v -32.000000 1.862501 2.075001
v -31.037500 1.137500 2.000001
v -31.037500 1.212500 2.000001
v -31.000000 1.212500 2.000001
v -31.018749 1.156250 2.150001
v -31.037500 1.137500 2.075001
v -31.018749 1.193750 2.150001
v -31.037500 1.212500 2.075001
v -31.000000 1.156250 2.150001
v -31.000000 1.137500 2.075001
v -31.000000 1.212500 2.075001
v -31.000000 1.193750 2.150001
v -31.037500 1.787501 2.000001
v -31.037500 1.862501 2.000001
v -31.000000 1.862501 2.000001
v -31.018749 1.806251 2.150001
v -31.037500 1.787501 2.075001
v -31.018749 1.843750 2.150001
v -31.037500 1.862501 2.075001
v -31.000000 1.806251 2.150001
v -31.000000 1.787501 2.075001
v -31.000000 1.862501 2.075001
v -31.000000 1.843750 2.150001
v -32.000000 2.000000 2.000001
v -31.000000 2.000000 2.000001
v -32.000000 3.000000 2.000001
v -31.000000 3.000000 2.000001
v -31.370832 2.137500 2.000001
v -31.370832 2.212500 2.000001
v -31.295834 2.137500 2.000001
v -31.295834 2.212500 2.000001
v -31.352083 2.156250 2.150001
v -31.370832 2.137500 2.075001
v -31.352083 2.193750 2.150001
v -31.370832 2.212500 2.075001
v -31.314583 2.156250 2.150001
v -31.295834 2.137500 2.075001
v -31.314583 2.193750 2.150001
v -31.295834 2.212500 2.075001
v -31.704165 2.787501 2.000001
v -31.704165 2.862501 2.000001
v -31.629166 2.787501 2.000001
v -31.629166 2.862501 2.000001
v -31.685415 2.806251 2.150001
v -31.704165 2.787501 2.075001
v -31.685415 2.843750 2.150001
v -31.704165 2.862501 2.075001
v -31.647915 2.806251 2.150001
v -31.629166 2.787501 2.075001
v -31.647915 2.843750 2.150001
v -31.629166 2.862501 2.075001
v -31.704165 2.137500 2.000001
v -31.704165 2.212500 2.000001
v -31.629166 2.137500 2.000001
v -31.629166 2.212500 2.000001
v -31.685415 2.156250 2.150001
v -31.704165 2.137500 2.075001
v -31.685415 2.193750 2.150001
v -31.704165 2.212500 2.075001
v -31.647915 2.156250 2.150001
v -31.629166 2.137500 2.075001
v -31.647915 2.193750 2.150001
v -31.629166 2.212500 2.075001
v -31.370832 2.787501 2.000001
v -31.370832 2.862501 2.000001
v -31.295832 2.787501 2.000001
v -31.295832 2.862501 2.000001
v -31.352081 2.806251 2.150001
v -31.370832 2.787501 2.075001
v -31.352081 2.843750 2.150001
v -31.370832 2.862501 2.075001
v -31.314583 2.806251 2.150001
v -31.295832 2.787501 2.075001
v -31.314583 2.843750 2.150001
v -31.295832 2.862501 2.075001
v -31.962500 2.137500 2.000001
v -31.962500 2.212500 2.000001
v -32.000000 2.212500 2.000001
v -31.981249 2.156250 2.150001
v -31.962500 2.137500 2.075001
v -31.981249 2.193750 2.150001
v -31.962500 2.212500 2.075001
v -32.000000 2.137500 2.075001
v -32.000000 2.156250 2.150001
v -32.000000 2.193750 2.150001
v -32.000000 2.212500 2.075001
v -31.962500 2.787501 2.000001
v -31.962500 2.862501 2.000001
v -32.000000 2.862501 2.000001
v -31.981249 2.806251 2.150001
v -31.962500 2.787501 2.075001
v -31.981249 2.843750 2.150001
v -31.962500 2.862501 2.075001
v -32.000000 2.787501 2.075001
v -32.000000 2.806251 2.150001
v -32.000000 2.843750 2.150001
v -32.000000 2.862501 2.075001
v -31.037500 2.137500 2.000001
v -31.037500 2.212500 2.000001
v -31.000000 2.212500 2.000001
v -31.018749 2.156250 2.150001
v -31.037500 2.137500 2.075001
v -31.018749 2.193750 2.150001
v -31.037500 2.212500 2.075001
v -31.000000 2.156250 2.150001
v -31.000000 2.137500 2.075001
v -31.000000 2.212500 2.075001
v -31.000000 2.193750 2.150001
v -31.037500 2.787501 2.000001
v -31.037500 2.862501 2.000001
v -31.000000 2.862501 2.000001
v -31.018749 2.806251 2.150001
v -31.037500 2.787501 2.075001
v -31.018749 2.843750 2.150001
v -31.037500 2.862501 2.075001
v -31.000000 2.806251 2.150001
v -31.000000 2.787501 2.075001
v -31.000000 2.862501 2.075001
v -31.000000 2.843750 2.150001
v -32.000000 3.000000 2.000001
v -31.000000 3.000000 2.000001
v -32.000000 4.000000 2.000001
v -31.000000 4.000000 2.000001
v -31.370832 3.137500 2.000001
v -31.370832 3.212500 2.000001
v -31.295834 3.137500 2.000001
v -31.295834 3.212500 2.000001
v -31.352083 3.156250 2.150001
v -31.370832 3.137500 2.075001
v -31.352083 3.193750 2.150001
v -31.370832 3.212500 2.075001
v -31.314583 3.156250 2.150001
v -31.295834 3.137500 2.075001
v -31.314583 3.193750 2.150001
v -31.295834 3.212500 2.075001
v -31.704165 3.787500 2.000001
v -31.704165 3.862500 2.000001
v -31.629166 3.787500 2.000001
v -31.629166 3.862500 2.000001
v -31.685415 3.806250 2.150001
v -31.704165 3.787500 2.075001
v -31.685415 3.843750 2.150001
v -31.704165 3.862500 2.075001
v -31.647915 3.806250 2.150001
v -31.629166 3.787500 2.075001
v -31.647915 3.843750 2.150001
v -31.629166 3.862500 2.075001
v -31.704165 3.137500 2.000001
v -31.704165 3.212500 2.000001
v -31.629166 3.137500 2.000001
v -31.629166 3.212500 2.000001
v -31.685415 3.156250 2.150001
v -31.704165 3.137500 2.075001
v -31.685415 3.193750 2.150001
v -31.704165 3.212500 2.075001
v -31.647915 3.156250 2.150001
v -31.629166 3.137500 2.075001
v -31.647915 3.193750 2.150001
v -31.629166 3.212500 2.075001
v -31.370832 3.787500 2.000001
v -31.370832 3.862500 2.000001
v -31.295832 3.787500 2.000001
v -31.295832 3.862500 2.000001
v -31.352081 3.806250 2.150001
v -31.370832 3.787500 2.075001
v -31.352081 3.843750 2.150001
v -31.370832 3.862500 2.075001
v -31.314583 3.806250 2.150001
v -31.295832 3.787500 2.075001
v -31.314583 3.843750 2.150001
v -31.295832 3.862500 2.075001
v -31.962500 3.137500 2.000001
v -31.962500 3.212500 2.000001
v -32.000000 3.212500 2.000001
v -31.981249 3.156250 2.150001
v -31.962500 3.137500 2.075001
v -31.981249 3.193750 2.150001
v -31.962500 3.212500 2.075001
v -32.000000 3.137500 2.075001
v -32.000000 3.156250 2.150001
v -32.000000 3.193750 2.150001
v -32.000000 3.212500 2.075001
v -31.962500 3.787500 2.000001
v -31.962500 3.862500 2.000001
v -32.000000 3.862500 2.000001
v -31.981249 3.806250 2.150001
v -31.962500 3.787500 2.075001
v -31.981249 3.843750 2.150001
v -31.962500 3.862500 2.075001
v -32.000000 3.787500 2.075001
v -32.000000 3.806250 2.150001
v -32.000000 3.843750 2.150001
v -32.000000 3.862500 2.075001
v -31.037500 3.137500 2.000001
v -31.037500 3.212500 2.000001
v -31.000000 3.212500 2.000001
v -31.018749 3.156250 2.150001
v -31.037500 3.137500 2.075001
v -31.018749 3.193750 2.150001
v -31.037500 3.212500 2.075001
v -31.000000 3.156250 2.150001
v -31.000000 3.137500 2.075001
v -31.000000 3.212500 2.075001
v -31.000000 3.193750 2.150001
v -31.037500 3.787500 2.000001
v -31.037500 3.862500 2.000001
v -31.000000 3.862500 2.000001
v -31.018749 3.806250 2.150001
v -31.037500 3.787500 2.075001
v -31.018749 3.843750 2.150001
v -31.037500 3.862500 2.075001
v -31.000000 3.806250 2.150001
v -31.000000 3.787500 2.075001
v -31.000000 3.862500 2.075001
v -31.000000 3.843750 2.150001
v -32.000000 4.000000 2.000001
v -32.000000 5.000000 2.000001
v -31.000000 4.000000 2.000001
v -31.750000 4.000000 2.000001
v -31.250000 5.000000 2.000001
v -31.416666 5.000000 2.000001
v -31.583334 5.000000 2.000001
v -31.750000 5.000000 2.000001
v -31.583334 4.000000 2.000001
v -31.416666 4.000000 2.000001
v -31.250000 4.000000 2.000001
v -31.000000 5.000000 2.000001
v -31.083334 4.725000 1.950001
v -31.083334 4.275000 1.950001
v -31.250000 4.725000 1.950001
v -31.250000 4.275000 1.950001
v -31.416666 4.725000 1.950001
v -31.416666 4.275000 1.950001
v -31.583334 4.725000 1.950001
v -31.583334 4.275000 1.950001
v -31.750000 4.725000 1.950001
v -31.750000 4.275000 1.950001
v -31.916668 4.725000 1.950001
v -31.916668 4.275000 1.950001
v -31.083334 4.775000 2.000001
v -31.083334 4.225000 2.000001
v -31.250000 4.775000 2.000001
v -31.250000 4.225000 2.000001
v -31.416666 4.775000 2.000001
v -31.416666 4.225000 2.000001
v -31.583334 4.775000 2.000001
v -31.583334 4.225000 2.000001
v -31.750000 4.775000 2.000001
v -31.750000 4.225000 2.000001
v -31.916668 4.775000 2.000001
v -31.916668 4.225000 2.000001
v -31.962500 4.137500 2.000001
v -31.962500 4.212500 2.000001
v -31.962500 4.137500 2.075001
v -31.981251 4.156250 2.150001
v -31.962500 4.212500 2.075001
v -32.000000 4.137500 2.075001
v -32.000000 4.156250 2.150001
v -32.000000 4.193750 2.150001
v -32.000000 4.212500 2.075001
v -31.981251 4.193750 2.150001
v -32.000000 4.212500 2.000001
v -31.037500 4.787500 2.000001
v -31.037500 4.862500 2.000001
v -31.037500 4.787500 2.075001
v -31.018749 4.806250 2.150001
v -31.037500 4.862500 2.075001
v -31.000000 4.787500 2.075001
v -31.000000 4.806250 2.150001
v -31.000000 4.843750 2.150001
v -31.000000 4.862500 2.075001
v -31.018749 4.843750 2.150001
v -31.000000 4.862500 2.000001
v -31.962500 4.787500 2.000001
v -31.962500 4.862500 2.000001
v -31.962500 4.787500 2.075001
v -31.981251 4.806250 2.150001
v -31.962500 4.862500 2.075001
v -32.000000 4.787500 2.075001
v -32.000000 4.806250 2.150001
v -32.000000 4.843750 2.150001
v -32.000000 4.862500 2.075001
v -31.981251 4.843750 2.150001
v -32.000000 4.862500 2.000001
v -31.037500 4.137500 2.000001
v -31.037500 4.212500 2.000001
v -31.037500 4.137500 2.075001
v -31.018749 4.156250 2.150001
v -31.037500 4.212500 2.075001
v -31.000000 4.137500 2.075001
v -31.000000 4.156250 2.150001
v -31.000000 4.193750 2.150001
v -31.000000 4.212500 2.075001
v -31.018749 4.193750 2.150001
v -31.000000 4.212500 2.000001
v -31.370832 4.787500 2.000001
v -31.370832 4.862500 2.000001
v -31.370832 4.787500 2.075001
v -31.352083 4.806250 2.150001
v -31.370832 4.862500 2.075001
v -31.295834 4.787500 2.075001
v -31.314583 4.806250 2.150001
v -31.295834 4.862500 2.075001
v -31.295834 4.787500 2.000001
v -31.295834 4.862500 2.000001
v -31.314583 4.843750 2.150001
v -31.352083 4.843750 2.150001
v -31.370832 4.137500 2.000001
v -31.370832 4.212500 2.000001
v -31.370832 4.137500 2.075001
v -31.352083 4.156250 2.150001
v -31.370832 4.212500 2.075001
v -31.295834 4.137500 2.075001
v -31.314583 4.156250 2.150001
v -31.295834 4.212500 2.075001
v -31.295834 4.137500 2.000001
v -31.295834 4.212500 2.000001
v -31.314583 4.193750 2.150001
v -31.352083 4.193750 2.150001
v -31.704166 4.137500 2.000001
v -31.704166 4.212500 2.000001
v -31.704166 4.137500 2.075001
v -31.685417 4.156250 2.150001
v -31.704166 4.212500 2.075001
v -31.629166 4.137500 2.075001
v -31.647917 4.156250 2.150001
v -31.629166 4.212500 2.075001
v -31.629166 4.137500 2.000001
v -31.629166 4.212500 2.000001
v -31.647917 4.193750 2.150001
v -31.685417 4.193750 2.150001
v -31.704166 4.787500 2.000001
v -31.704166 4.862500 2.000001
v -31.704166 4.787500 2.075001
v -31.685417 4.806250 2.150001
v -31.704166 4.862500 2.075001
v -31.629166 4.787500 2.075001
v -31.647917 4.806250 2.150001
v -31.629166 4.862500 2.075001
v -31.629166 4.787500 2.000001
v -31.629166 4.862500 2.000001
v -31.647917 4.843750 2.150001
v -31.685417 4.843750 2.150001
v -32.000000 5.000000 2.000001
v -32.000000 6.000000 2.000001
v -31.000000 5.000000 2.000001
v -31.750000 5.000000 2.000001
v -31.250000 6.000000 2.000001
v -31.416666 6.000000 2.000001
v -31.583334 6.000000 2.000001
v -31.750000 6.000000 2.000001
v -31.583334 5.000000 2.000001
v -31.416666 5.000000 2.000001
v -31.250000 5.000000 2.000001
v -31.000000 6.000000 2.000001
v -31.083334 5.725000 1.950001
v -31.083334 5.275000 1.950001
v -31.250000 5.725000 1.950001
v -31.250000 5.275000 1.950001
v -31.416666 5.725000 1.950001
v -31.416666 5.275000 1.950001
v -31.583334 5.725000 1.950001
v -31.583334 5.275000 1.950001
v -31.750000 5.725000 1.950001
v -31.750000 5.275000 1.950001
v -31.916668 5.725000 1.950001
v -31.916668 5.275000 1.950001
v -31.083334 5.775000 2.000001
v -31.083334 5.225000 2.000001
v -31.250000 5.775000 2.000001
v -31.250000 5.225000 2.000001
v -31.416666 5.775000 2.000001
v -31.416666 5.225000 2.000001
v -31.583334 5.775000 2.000001
v -31.583334 5.225000 2.000001
v -31.750000 5.775000 2.000001
v -31.750000 5.225000 2.000001
v -31.916668 5.775000 2.000001
v -31.916668 5.225000 2.000001
v -31.962500 5.137500 2.000001
v -31.962500 5.212500 2.000001
v -31.962500 5.137500 2.075001
v -31.981251 5.156250 2.150001
v -31.962500 5.212500 2.075001
v -32.000000 5.137500 2.075001
v -32.000000 5.156250 2.150001
v -32.000000 5.193750 2.150001
v -32.000000 5.212500 2.075001
v -31.981251 5.193750 2.150001
v -32.000000 5.212500 2.000001
v -31.037500 5.787500 2.000001
v -31.037500 5.862500 2.000001
v -31.037500 5.787500 2.075001
v -31.018749 5.806250 2.150001
v -31.037500 5.862500 2.075001
v -31.000000 5.787500 2.075001
v -31.000000 5.806250 2.150001
v -31.000000 5.843750 2.150001
v -31.000000 5.862500 2.075001
v -31.018749 5.843750 2.150001
v -31.000000 5.862500 2.000001
v -31.962500 5.787500 2.000001
v -31.962500 5.862500 2.000001
v -31.962500 5.787500 2.075001
v -31.981251 5.806250 2.150001
v -31.962500 5.862500 2.075001
v -32.000000 5.787500 2.075001
v -32.000000 5.806250 2.150001
v -32.000000 5.843750 2.150001
v -32.000000 5.862500 2.075001
v -31.981251 5.843750 2.150001
v -32.000000 5.862500 2.000001
v -31.037500 5.137500 2.000001
v -31.037500 5.212500 2.000001
v -31.037500 5.137500 2.075001
v -31.018749 5.156250 2.150001
v -31.037500 5.212500 2.075001
v -31.000000 5.137500 2.075001
v -31.000000 5.156250 2.150001
v -31.000000 5.193750 2.150001
v -31.000000 5.212500 2.075001
v -31.018749 5.193750 2.150001
v -31.000000 5.212500 2.000001
v -31.370832 5.787500 2.000001
v -31.370832 5.862500 2.000001
v -31.370832 5.787500 2.075001
v -31.352083 5.806250 2.150001
v -31.370832 5.862500 2.075001
v -31.295834 5.787500 2.075001
v -31.314583 5.806250 2.150001
v -31.295834 5.862500 2.075001
v -31.295834 5.787500 2.000001
v -31.295834 5.862500 2.000001
v -31.314583 5.843750 2.150001
v -31.352083 5.843750 2.150001
v -31.370832 5.137500 2.000001
v -31.370832 5.212500 2.000001
v -31.370832 5.137500 2.075001
v -31.352083 5.156250 2.150001
v -31.370832 5.212500 2.075001
v -31.295834 5.137500 2.075001
v -31.314583 5.156250 2.150001
v -31.295834 5.212500 2.075001
v -31.295834 5.137500 2.000001
v -31.295834 5.212500 2.000001
v -31.314583 5.193750 2.150001
v -31.352083 5.193750 2.150001
v -31.704166 5.137500 2.000001
v -31.704166 5.212500 2.000001
v -31.704166 5.137500 2.075001
v -31.685417 5.156250 2.150001
v -31.704166 5.212500 2.075001
v -31.629166 5.137500 2.075001
v -31.647917 5.156250 2.150001
v -31.629166 5.212500 2.075001
v -31.629166 5.137500 2.000001
v -31.629166 5.212500 2.000001
v -31.647917 5.193750 2.150001
v -31.685417 5.193750 2.150001
v -31.704166 5.787500 2.000001
v -31.704166 5.862500 2.000001
v -31.704166 5.787500 2.075001
v -31.685417 5.806250 2.150001
v -31.704166 5.862500 2.075001
v -31.629166 5.787500 2.075001
v -31.647917 5.806250 2.150001
v -31.629166 5.862500 2.075001
v -31.629166 5.787500 2.000001
v -31.629166 5.862500 2.000001
v -31.647917 5.843750 2.150001
v -31.685417 5.843750 2.150001
v -32.000000 6.000000 2.000001
v -32.000000 7.000000 2.000001
v -31.000000 6.000000 2.000001
v -31.750000 6.000000 2.000001
v -31.250000 7.000000 2.000001
v -31.416666 7.000000 2.000001
v -31.583334 7.000000 2.000001
v -31.750000 7.000000 2.000001
v -31.583334 6.000000 2.000001
v -31.416666 6.000000 2.000001
v -31.250000 6.000000 2.000001
v -31.000000 7.000000 2.000001
v -31.083334 6.725000 1.950001
v -31.083334 6.275000 1.950001
v -31.250000 6.725000 1.950001
v -31.250000 6.275000 1.950001
v -31.416666 6.725000 1.950001
v -31.416666 6.275000 1.950001
v -31.583334 6.725000 1.950001
v -31.583334 6.275000 1.950001
v -31.750000 6.725000 1.950001
v -31.750000 6.275000 1.950001
v -31.916668 6.725000 1.950001
v -31.916668 6.275000 1.950001
v -31.083334 6.775000 2.000001
v -31.083334 6.225000 2.000001
v -31.250000 6.775000 2.000001
v -31.250000 6.225000 2.000001
v -31.416666 6.775000 2.000001
v -31.416666 6.225000 2.000001
v -31.583334 6.775000 2.000001
v -31.583334 6.225000 2.000001
v -31.750000 6.775000 2.000001
v -31.750000 6.225000 2.000001
v -31.916668 6.775000 2.000001
v -31.916668 6.225000 2.000001
v -31.962500 6.137500 2.000001
v -31.962500 6.212500 2.000001
v -31.962500 6.137500 2.075001
v -31.981251 6.156250 2.150001
v -31.962500 6.212500 2.075001
v -32.000000 6.137500 2.075001
v -32.000000 6.156250 2.150001
v -32.000000 6.193750 2.150001
v -32.000000 6.212500 2.075001
v -31.981251 6.193750 2.150001
v -32.000000 6.212500 2.000001
v -31.037500 6.787500 2.000001
v -31.037500 6.862500 2.000001
v -31.037500 6.787500 2.075001
v -31.018749 6.806250 2.150001
v -31.037500 6.862500 2.075001
v -31.000000 6.787500 2.075001
v -31.000000 6.806250 2.150001
v -31.000000 6.843750 2.150001
v -31.000000 6.862500 2.075001
v -31.018749 6.843750 2.150001
v -31.000000 6.862500 2.000001
v -31.962500 6.787500 2.000001
v -31.962500 6.862500 2.000001
v -31.962500 6.787500 2.075001
v -31.981251 6.806250 2.150001
v -31.962500 6.862500 2.075001
v -32.000000 6.787500 2.075001
v -32.000000 6.806250 2.150001
v -32.000000 6.843750 2.150001
v -32.000000 6.862500 2.075001
v -31.981251 6.843750 2.150001
v -32.000000 6.862500 2.000001
v -31.037500 6.137500 2.000001
v -31.037500 6.212500 2.000001
v -31.037500 6.137500 2.075001
v -31.018749 6.156250 2.150001
v -31.037500 6.212500 2.075001
v -31.000000 6.137500 2.075001
v -31.000000 6.156250 2.150001
v -31.000000 6.193750 2.150001
v -31.000000 6.212500 2.075001
v -31.018749 6.193750 2.150001
v -31.000000 6.212500 2.000001
v -31.370832 6.787500 2.000001
v -31.370832 6.862500 2.000001
v -31.370832 6.787500 2.075001
v -31.352083 6.806250 2.150001
v -31.370832 6.862500 2.075001
v -31.295834 6.787500 2.075001
v -31.314583 6.806250 2.150001
v -31.295834 6.862500 2.075001
v -31.295834 6.787500 2.000001
v -31.295834 6.862500 2.000001
v -31.314583 6.843750 2.150001
v -31.352083 6.843750 2.150001
v -31.370832 6.137500 2.000001
v -31.370832 6.212500 2.000001
v -31.370832 6.137500 2.075001
v -31.352083 6.156250 2.150001
v -31.370832 6.212500 2.075001
v -31.295834 6.137500 2.075001
v -31.314583 6.156250 2.150001
v -31.295834 6.212500 2.075001
v -31.295834 6.137500 2.000001
v -31.295834 6.212500 2.000001
v -31.314583 6.193750 2.150001
v -31.352083 6.193750 2.150001
v -31.704166 6.137500 2.000001
v -31.704166 6.212500 2.000001
v -31.704166 6.137500 2.075001
v -31.685417 6.156250 2.150001
v -31.704166 6.212500 2.075001
v -31.629166 6.137500 2.075001
v -31.647917 6.156250 2.150001
v -31.629166 6.212500 2.075001
v -31.629166 6.137500 2.000001
v -31.629166 6.212500 2.000001
v -31.647917 6.193750 2.150001
v -31.685417 6.193750 2.150001
v -31.704166 6.787500 2.000001
v -31.704166 6.862500 2.000001
v -31.704166 6.787500 2.075001
v -31.685417 6.806250 2.150001
v -31.704166 6.862500 2.075001
v -31.629166 6.787500 2.075001
v -31.647917 6.806250 2.150001
v -31.629166 6.862500 2.075001
v -31.629166 6.787500 2.000001
v -31.629166 6.862500 2.000001
v -31.647917 6.843750 2.150001
v -31.685417 6.843750 2.150001
v -32.000000 7.000000 2.000001
v -31.000000 7.000000 2.000001
v -32.000000 8.000000 2.000001
v -31.000000 8.000000 2.000001
v -31.370832 7.137500 2.000001
v -31.370832 7.212500 2.000001
v -31.295834 7.137500 2.000001
v -31.295834 7.212500 2.000001
v -31.352083 7.156250 2.150001
v -31.370832 7.137500 2.075001
v -31.352083 7.193750 2.150001
v -31.370832 7.212500 2.075001
v -31.314583 7.156250 2.150001
v -31.295834 7.137500 2.075001
v -31.314583 7.193750 2.150001
v -31.295834 7.212500 2.075001
v -31.704165 7.787500 2.000001
v -31.704165 7.862500 2.000001
v -31.629166 7.787500 2.000001
v -31.629166 7.862500 2.000001
v -31.685415 7.806250 2.150001
v -31.704165 7.787500 2.075001
v -31.685415 7.843750 2.150001
v -31.704165 7.862500 2.075001
v -31.647915 7.806250 2.150001
v -31.629166 7.787500 2.075001
v -31.647915 7.843750 2.150001
v -31.629166 7.862500 2.075001
v -31.704165 7.137500 2.000001
v -31.704165 7.212500 2.000001
v -31.629166 7.137500 2.000001
v -31.629166 7.212500 2.000001
v -31.685415 7.156250 2.150001
v -31.704165 7.137500 2.075001
v -31.685415 7.193750 2.150001
v -31.704165 7.212500 2.075001
v -31.647915 7.156250 2.150001
v -31.629166 7.137500 2.075001
v -31.647915 7.193750 2.150001
v -31.629166 7.212500 2.075001
v -31.370832 7.787500 2.000001
v -31.370832 7.862500 2.000001
v -31.295832 7.787500 2.000001
v -31.295832 7.862500 2.000001
v -31.352081 7.806250 2.150001
v -31.370832 7.787500 2.075001
v -31.352081 7.843750 2.150001
v -31.370832 7.862500 2.075001
v -31.314583 7.806250 2.150001
v -31.295832 7.787500 2.075001
v -31.314583 7.843750 2.150001
v -31.295832 7.862500 2.075001
v -31.962500 7.137500 2.000001
v -31.962500 7.212500 2.000001
v -32.000000 7.212500 2.000001
v -31.981249 7.156250 2.150001
v -31.962500 7.137500 2.075001
v -31.981249 7.193750 2.150001
v -31.962500 7.212500 2.075001
v -32.000000 7.137500 2.075001
v -32.000000 7.156250 2.150001
v -32.000000 7.193750 2.150001
v -32.000000 7.212500 2.075001
v -31.962500 7.787500 2.000001
v -31.962500 7.862500 2.000001
v -32.000000 7.862500 2.000001
v -31.981249 7.806250 2.150001
v -31.962500 7.787500 2.075001
v -31.981249 7.843750 2.150001
v -31.962500 7.862500 2.075001
v -32.000000 7.787500 2.075001
v -32.000000 7.806250 2.150001
v -32.000000 7.843750 2.150001
v -32.000000 7.862500 2.075001
v -31.037500 7.137500 2.000001
v -31.037500 7.212500 2.000001
v -31.000000 7.212500 2.000001
v -31.018749 7.156250 2.150001
v -31.037500 7.137500 2.075001
v -31.018749 7.193750 2.150001
v -31.037500 7.212500 2.075001
v -31.000000 7.156250 2.150001
v -31.000000 7.137500 2.075001
v -31.000000 7.212500 2.075001
v -31.000000 7.193750 2.150001
v -31.037500 7.787500 2.000001
v -31.037500 7.862500 2.000001
v -31.000000 7.862500 2.000001
v -31.018749 7.806250 2.150001
v -31.037500 7.787500 2.075001
v -31.018749 7.843750 2.150001
v -31.037500 7.862500 2.075001
v -31.000000 7.806250 2.150001
v -31.000000 7.787500 2.075001
v -31.000000 7.862500 2.075001
v -31.000000 7.843750 2.150001
v -32.000000 8.000000 2.000001
v -32.000000 9.000000 2.000001
v -31.000000 8.000000 2.000001
v -31.750000 8.000000 2.000001
v -31.250000 9.000000 2.000001
v -31.416666 9.000000 2.000001
v -31.583334 9.000000 2.000001
v -31.750000 9.000000 2.000001
v -31.583334 8.000000 2.000001
v -31.416666 8.000000 2.000001
v -31.250000 8.000000 2.000001
v -31.000000 9.000000 2.000001
v -31.083334 8.725000 1.950001
v -31.083334 8.275000 1.950001
v -31.250000 8.725000 1.950001
v -31.250000 8.275000 1.950001
v -31.416666 8.725000 1.950001
v -31.416666 8.275000 1.950001
v -31.583334 8.725000 1.950001
v -31.583334 8.275000 1.950001
v -31.750000 8.725000 1.950001
v -31.750000 8.275000 1.950001
v -31.916668 8.725000 1.950001
v -31.916668 8.275000 1.950001
v -31.083334 8.775000 2.000001
v -31.083334 8.225000 2.000001
v -31.250000 8.775000 2.000001
v -31.250000 8.225000 2.000001
v -31.416666 8.775000 2.000001
v -31.416666 8.225000 2.000001
v -31.583334 8.775000 2.000001
v -31.583334 8.225000 2.000001
v -31.750000 8.775000 2.000001
v -31.750000 8.225000 2.000001
v -31.916668 8.775000 2.000001
v -31.916668 8.225000 2.000001
v -31.962500 8.137500 2.000001
v -31.962500 8.212500 2.000001
v -31.962500 8.137500 2.075001
v -31.981251 8.156250 2.150001
v -31.962500 8.212500 2.075001
v -32.000000 8.137500 2.075001
v -32.000000 8.156250 2.150001
v -32.000000 8.193749 2.150001
v -32.000000 8.212500 2.075001
v -31.981251 8.193749 2.150001
v -32.000000 8.212500 2.000001
v -31.037500 8.787500 2.000001
v -31.037500 8.862500 2.000001
v -31.037500 8.787500 2.075001
v -31.018749 8.806250 2.150001
v -31.037500 8.862500 2.075001
v -31.000000 8.787500 2.075001
v -31.000000 8.806250 2.150001
v -31.000000 8.843750 2.150001
v -31.000000 8.862500 2.075001
v -31.018749 8.843750 2.150001
v -31.000000 8.862500 2.000001
v -31.962500 8.787500 2.000001
v -31.962500 8.862500 2.000001
v -31.962500 8.787500 2.075001
v -31.981251 8.806250 2.150001
v -31.962500 8.862500 2.075001
v -32.000000 8.787500 2.075001
v -32.000000 8.806250 2.150001
v -32.000000 8.843750 2.150001
v -32.000000 8.862500 2.075001
v -31.981251 8.843750 2.150001
v -32.000000 8.862500 2.000001
v -31.037500 8.137500 2.000001
v -31.037500 8.212500 2.000001
v -31.037500 8.137500 2.075001
v -31.018749 8.156250 2.150001
v -31.037500 8.212500 2.075001
v -31.000000 8.137500 2.075001
v -31.000000 8.156250 2.150001
v -31.000000 8.193749 2.150001
v -31.000000 8.212500 2.075001
v -31.018749 8.193749 2.150001
v -31.000000 8.212500 2.000001
v -31.370832 8.787500 2.000001
v -31.370832 8.862500 2.000001
v -31.370832 8.787500 2.075001
v -31.352083 8.806250 2.150001
v -31.370832 8.862500 2.075001
v -31.295834 8.787500 2.075001
v -31.314583 8.806250 2.150001
v -31.295834 8.862500 2.075001
v -31.295834 8.787500 2.000001
v -31.295834 8.862500 2.000001
v -31.314583 8.843750 2.150001
v -31.352083 8.843750 2.150001
v -31.370832 8.137500 2.000001
v -31.370832 8.212500 2.000001
v -31.370832 8.137500 2.075001
v -31.352083 8.156250 2.150001
v -31.370832 8.212500 2.075001
v -31.295834 8.137500 2.075001
v -31.314583 8.156250 2.150001
v -31.295834 8.212500 2.075001
v -31.295834 8.137500 2.000001
v -31.295834 8.212500 2.000001
v -31.314583 8.193749 2.150001
v -31.352083 8.193749 2.150001
v -31.704166 8.137500 2.000001
v -31.704166 8.212500 2.000001
v -31.704166 8.137500 2.075001
v -31.685417 8.156250 2.150001
v -31.704166 8.212500 2.075001
v -31.629166 8.137500 2.075001
v -31.647917 8.156250 2.150001
v -31.629166 8.212500 2.075001
v -31.629166 8.137500 2.000001
v -31.629166 8.212500 2.000001
v -31.647917 8.193749 2.150001
v -31.685417 8.193749 2.150001
v -31.704166 8.787500 2.000001
v -31.704166 8.862500 2.000001
v -31.704166 8.787500 2.075001
v -31.685417 8.806250 2.150001
v -31.704166 8.862500 2.075001
v -31.629166 8.787500 2.075001
v -31.647917 8.806250 2.150001
v -31.629166 8.862500 2.075001
v -31.629166 8.787500 2.000001
v -31.629166 8.862500 2.000001
v -31.647917 8.843750 2.150001
v -31.685417 8.843750 2.150001
v -32.000000 9.000000 2.000001
v -32.000000 10.000000 2.000001
v -31.000000 9.000000 2.000001
v -31.750000 9.000000 2.000001
v -31.250000 10.000000 2.000001
v -31.416666 10.000000 2.000001
v -31.583334 10.000000 2.000001
v -31.750000 10.000000 2.000001
v -31.583334 9.000000 2.000001
v -31.416666 9.000000 2.000001
v -31.250000 9.000000 2.000001
v -31.000000 10.000000 2.000001
v -31.083334 9.725000 1.950001
v -31.083334 9.275000 1.950001
v -31.250000 9.725000 1.950001
v -31.250000 9.275000 1.950001
v -31.416666 9.725000 1.950001
v -31.416666 9.275000 1.950001
v -31.583334 9.725000 1.950001
v -31.583334 9.275000 1.950001
v -31.750000 9.725000 1.950001
v -31.750000 9.275000 1.950001
v -31.916668 9.725000 1.950001
v -31.916668 9.275000 1.950001
v -31.083334 9.775000 2.000001
v -31.083334 9.225000 2.000001
v -31.250000 9.775000 2.000001
v -31.250000 9.225000 2.000001
v -31.416666 9.775000 2.000001
v -31.416666 9.225000 2.000001
v -31.583334 9.775000 2.000001
v -31.583334 9.225000 2.000001
v -31.750000 9.775000 2.000001
v -31.750000 9.225000 2.000001
v -31.916668 9.775000 2.000001
v -31.916668 9.225000 2.000001
v -31.962500 9.137500 2.000001
v -31.962500 9.212500 2.000001
v -31.962500 9.137500 2.075001
v -31.981251 9.156250 2.150001
v -31.962500 9.212500 2.075001
v -32.000000 9.137500 2.075001
v -32.000000 9.156250 2.150001
v -32.000000 9.193749 2.150001
v -32.000000 9.212500 2.075001
v -31.981251 9.193749 2.150001
v -32.000000 9.212500 2.000001
v -31.037500 9.787500 2.000001
v -31.037500 9.862500 2.000001
v -31.037500 9.787500 2.075001
v -31.018749 9.806250 2.150001
v -31.037500 9.862500 2.075001
v -31.000000 9.787500 2.075001
v -31.000000 9.806250 2.150001
v -31.000000 9.843750 2.150001
v -31.000000 9.862500 2.075001
v -31.018749 9.843750 2.150001
v -31.000000 9.862500 2.000001
v -31.962500 9.787500 2.000001
v -31.962500 9.862500 2.000001
v -31.962500 9.787500 2.075001
v -31.981251 9.806250 2.150001
v -31.962500 9.862500 2.075001
v -32.000000 9.787500 2.075001
v -32.000000 9.806250 2.150001
v -32.000000 9.843750 2.150001
v -32.000000 9.862500 2.075001
v -31.981251 9.843750 2.150001
v -32.000000 9.862500 2.000001
v -31.037500 9.137500 2.000001
v -31.037500 9.212500 2.000001
v -31.037500 9.137500 2.075001
v -31.018749 9.156250 2.150001
v -31.037500 9.212500 2.075001
v -31.000000 9.137500 2.075001
v -31.000000 9.156250 2.150001
v -31.000000 9.193749 2.150001
v -31.000000 9.212500 2.075001
v -31.018749 9.193749 2.150001
v -31.000000 9.212500 2.000001
v -31.370832 9.787500 2.000001
v -31.370832 9.862500 2.000001
v -31.370832 9.787500 2.075001
v -31.352083 9.806250 2.150001
v -31.370832 9.862500 2.075001
v -31.295834 9.787500 2.075001
v -31.314583 9.806250 2.150001
v -31.295834 9.862500 2.075001
v -31.295834 9.787500 2.000001
v -31.295834 9.862500 2.000001
v -31.314583 9.843750 2.150001
v -31.352083 9.843750 2.150001
v -31.370832 9.137500 2.000001
v -31.370832 9.212500 2.000001
v -31.370832 9.137500 2.075001
v -31.352083 9.156250 2.150001
v -31.370832 9.212500 2.075001
v -31.295834 9.137500 2.075001
v -31.314583 9.156250 2.150001
v -31.295834 9.212500 2.075001
v -31.295834 9.137500 2.000001
v -31.295834 9.212500 2.000001
v -31.314583 9.193749 2.150001
v -31.352083 9.193749 2.150001
v -31.704166 9.137500 2.000001
v -31.704166 9.212500 2.000001
v -31.704166 9.137500 2.075001
v -31.685417 9.156250 2.150001
v -31.704166 9.212500 2.075001
v -31.629166 9.137500 2.075001
v -31.647917 9.156250 2.150001
v -31.629166 9.212500 2.075001
v -31.629166 9.137500 2.000001
v -31.629166 9.212500 2.000001
v -31.647917 9.193749 2.150001
v -31.685417 9.193749 2.150001
v -31.704166 9.787500 2.000001
v -31.704166 9.862500 2.000001
v -31.704166 9.787500 2.075001
v -31.685417 9.806250 2.150001
v -31.704166 9.862500 2.075001
v -31.629166 9.787500 2.075001
v -31.647917 9.806250 2.150001
v -31.629166 9.862500 2.075001
v -31.629166 9.787500 2.000001
v -31.629166 9.862500 2.000001
v -31.647917 9.843750 2.150001
v -31.685417 9.843750 2.150001
v -32.000000 10.000000 2.000001
v -31.000000 10.000000 2.000001
v -32.000000 11.000000 2.000001
v -31.000000 11.000000 2.000001
v -31.370832 10.137500 2.000001
v -31.370832 10.212500 2.000001
v -31.295834 10.137500 2.000001
v -31.295834 10.212500 2.000001
v -31.352083 10.156250 2.150001
v -31.370832 10.137500 2.075001
v -31.352083 10.193749 2.150001
v -31.370832 10.212500 2.075001
v -31.314583 10.156250 2.150001
v -31.295834 10.137500 2.075001
v -31.314583 10.193749 2.150001
v -31.295834 10.212500 2.075001
v -31.704165 10.787500 2.000001
v -31.704165 10.862500 2.000001
v -31.629166 10.787500 2.000001
v -31.629166 10.862500 2.000001
v -31.685415 10.806250 2.150001
v -31.704165 10.787500 2.075001
v -31.685415 10.843750 2.150001
v -31.704165 10.862500 2.075001
v -31.647915 10.806250 2.150001
v -31.629166 10.787500 2.075001
v -31.647915 10.843750 2.150001
v -31.629166 10.862500 2.075001
v -31.704165 10.137500 2.000001
v -31.704165 10.212500 2.000001
v -31.629166 10.137500 2.000001
v -31.629166 10.212500 2.000001
v -31.685415 10.156250 2.150001
v -31.704165 10.137500 2.075001
v -31.685415 10.193749 2.150001
v -31.704165 10.212500 2.075001
v -31.647915 10.156250 2.150001
v -31.629166 10.137500 2.075001
v -31.647915 10.193749 2.150001
v -31.629166 10.212500 2.075001
v -31.370832 10.787500 2.000001
v -31.370832 10.862500 2.000001
v -31.295832 10.787500 2.000001
v -31.295832 10.862500 2.000001
v -31.352081 10.806250 2.150001
v -31.370832 10.787500 2.075001
v -31.352081 10.843750 2.150001
v -31.370832 10.862500 2.075001
v -31.314583 10.806250 2.150001
v -31.295832 10.787500 2.075001
v -31.314583 10.843750 2.150001
v -31.295832 10.862500 2.075001
v -31.962500 10.137500 2.000001
v -31.962500 10.212500 2.000001
v -32.000000 10.212500 2.000001
v -31.981249 10.156250 2.150001
v -31.962500 10.137500 2.075001
v -31.981249 10.193749 2.150001
v -31.962500 10.212500 2.075001
v -32.000000 10.137500 2.075001
v -32.000000 10.156250 2.150001
v -32.000000 10.193749 2.150001
v -32.000000 10.212500 2.075001
v -31.962500 10.787500 2.000001
v -31.962500 10.862500 2.000001
v -32.000000 10.862500 2.000001
v -31.981249 10.806250 2.150001
v -31.962500 10.787500 2.075001
v -31.981249 10.843750 2.150001
v -31.962500 10.862500 2.075001
v -32.000000 10.787500 2.075001
v -32.000000 10.806250 2.150001
v -32.000000 10.843750 2.150001
v -32.000000 10.862500 2.075001
v -31.037500 10.137500 2.000001
v -31.037500 10.212500 2.000001
v -31.000000 10.212500 2.000001
v -31.018749 10.156250 2.150001
v -31.037500 10.137500 2.075001
v -31.018749 10.193749 2.150001
v -31.037500 10.212500 2.075001
v -31.000000 10.156250 2.150001
v -31.000000 10.137500 2.075001
v -31.000000 10.212500 2.075001
v -31.000000 10.193749 2.150001
v -31.037500 10.787500 2.000001
v -31.037500 10.862500 2.000001
v -31.000000 10.862500 2.000001
v -31.018749 10.806250 2.150001
v -31.037500 10.787500 2.075001
v -31.018749 10.843750 2.150001
v -31.037500 10.862500 2.075001
v -31.000000 10.806250 2.150001
v -31.000000 10.787500 2.075001
v -31.000000 10.862500 2.075001
v -31.000000 10.843750 2.150001
v -32.000000 11.000000 2.000001
v -32.000000 12.000000 2.000001
v -31.000000 11.000000 2.000001
v -31.750000 11.000000 2.000001
v -31.250000 12.000000 2.000001
v -31.416666 12.000000 2.000001
v -31.583334 12.000000 2.000001
v -31.750000 12.000000 2.000001
v -31.583334 11.000000 2.000001
v -31.416666 11.000000 2.000001
v -31.250000 11.000000 2.000001
v -31.000000 12.000000 2.000001
v -31.083334 11.725000 1.950001
v -31.083334 11.275000 1.950001
v -31.250000 11.725000 1.950001
v -31.250000 11.275000 1.950001
v -31.416666 11.725000 1.950001
v -31.416666 11.275000 1.950001
v -31.583334 11.725000 1.950001
v -31.583334 11.275000 1.950001
v -31.750000 11.725000 1.950001
v -31.750000 11.275000 1.950001
v -31.916668 11.725000 1.950001
v -31.916668 11.275000 1.950001
v -31.083334 11.775000 2.000001
v -31.083334 11.225000 2.000001
v -31.250000 11.775000 2.000001
v -31.250000 11.225000 2.000001
v -31.416666 11.775000 2.000001
v -31.416666 11.225000 2.000001
v -31.583334 11.775000 2.000001
v -31.583334 11.225000 2.000001
v -31.750000 11.775000 2.000001
v -31.750000 11.225000 2.000001
v -31.916668 11.775000 2.000001
v -31.916668 11.225000 2.000001
v -31.962500 11.137500 2.000001
v -31.962500 11.212500 2.000001
v -31.962500 11.137500 2.075001
v -31.981251 11.156250 2.150001
v -31.962500 11.212500 2.075001
v -32.000000 11.137500 2.075001
v -32.000000 11.156250 2.150001
v -32.000000 11.193749 2.150001
v -32.000000 11.212500 2.075001
v -31.981251 11.193749 2.150001
v -32.000000 11.212500 2.000001
v -31.037500 11.787500 2.000001
v -31.037500 11.862500 2.000001
v -31.037500 11.787500 2.075001
v -31.018749 11.806250 2.150001
v -31.037500 11.862500 2.075001
v -31.000000 11.787500 2.075001
v -31.000000 11.806250 2.150001
v -31.000000 11.843750 2.150001
v -31.000000 11.862500 2.075001
v -31.018749 11.843750 2.150001
v -31.000000 11.862500 2.000001
v -31.962500 11.787500 2.000001
v -31.962500 11.862500 2.000001
v -31.962500 11.787500 2.075001
v -31.981251 11.806250 2.150001
v -31.962500 11.862500 2.075001
v -32.000000 11.787500 2.075001
v -32.000000 11.806250 2.150001
v -32.000000 11.843750 2.150001
v -32.000000 11.862500 2.075001
v -31.981251 11.843750 2.150001
v -32.000000 11.862500 2.000001
v -31.037500 11.137500 2.000001
v -31.037500 11.212500 2.000001
v -31.037500 11.137500 2.075001
v -31.018749 11.156250 2.150001
v -31.037500 11.212500 2.075001
v -31.000000 11.137500 2.075001
v -31.000000 11.156250 2.150001
v -31.000000 11.193749 2.150001
v -31.000000 11.212500 2.075001
v -31.018749 11.193749 2.150001
v -31.000000 11.212500 2.000001
v -31.370832 11.787500 2.000001
v -31.370832 11.862500 2.000001
v -31.370832 11.787500 2.075001
v -31.352083 11.806250 2.150001
v -31.370832 11.862500 2.075001
v -31.295834 11.787500 2.075001
v -31.314583 11.806250 2.150001
v -31.295834 11.862500 2.075001
v -31.295834 11.787500 2.000001
v -31.295834 11.862500 2.000001
v -31.314583 11.843750 2.150001
v -31.352083 11.843750 2.150001
v -31.370832 11.137500 2.000001
v -31.370832 11.212500 2.000001
v -31.370832 11.137500 2.075001
v -31.352083 11.156250 2.150001
v -31.370832 11.212500 2.075001
v -31.295834 11.137500 2.075001
v -31.314583 11.156250 2.150001
v -31.295834 11.212500 2.075001
v -31.295834 11.137500 2.000001
v -31.295834 11.212500 2.000001
v -31.314583 11.193749 2.150001
v -31.352083 11.193749 2.150001
v -31.704166 11.137500 2.000001
v -31.704166 11.212500 2.000001
v -31.704166 11.137500 2.075001
v -31.685417 11.156250 2.150001
v -31.704166 11.212500 2.075001
v -31.629166 11.137500 2.075001
v -31.647917 11.156250 2.150001
v -31.629166 11.212500 2.075001
v -31.629166 11.137500 2.000001
v -31.629166 11.212500 2.000001
v -31.647917 11.193749 2.150001
v -31.685417 11.193749 2.150001
v -31.704166 11.787500 2.000001
v -31.704166 11.862500 2.000001
v -31.704166 11.787500 2.075001
v -31.685417 11.806250 2.150001
v -31.704166 11.862500 2.075001
v -31.629166 11.787500 2.075001
v -31.647917 11.806250 2.150001
v -31.629166 11.862500 2.075001
v -31.629166 11.787500 2.000001
v -31.629166 11.862500 2.000001
v -31.647917 11.843750 2.150001
v -31.685417 11.843750 2.150001
v -32.000000 12.000000 2.000001
v -32.000000 13.000000 2.000001
v -31.000000 12.000000 2.000001
v -31.750000 12.000000 2.000001
v -31.250000 13.000000 2.000001
v -31.416666 13.000000 2.000001
v -31.583334 13.000000 2.000001
v -31.750000 13.000000 2.000001
v -31.583334 12.000000 2.000001
v -31.416666 12.000000 2.000001
v -31.250000 12.000000 2.000001
v -31.000000 13.000000 2.000001
v -31.083334 12.725000 1.950001
v -31.083334 12.275000 1.950001
v -31.250000 12.725000 1.950001
v -31.250000 12.275000 1.950001
v -31.416666 12.725000 1.950001
v -31.416666 12.275000 1.950001
v -31.583334 12.725000 1.950001
v -31.583334 12.275000 1.950001
v -31.750000 12.725000 1.950001
v -31.750000 12.275000 1.950001
v -31.916668 12.725000 1.950001
v -31.916668 12.275000 1.950001
v -31.083334 12.775000 2.000001
v -31.083334 12.225000 2.000001
v -31.250000 12.775000 2.000001
v -31.250000 12.225000 2.000001
v -31.416666 12.775000 2.000001
v -31.416666 12.225000 2.000001
v -31.583334 12.775000 2.000001
v -31.583334 12.225000 2.000001
v -31.750000 12.775000 2.000001
v -31.750000 12.225000 2.000001
v -31.916668 12.775000 2.000001
v -31.916668 12.225000 2.000001
v -31.962500 12.137500 2.000001
v -31.962500 12.212500 2.000001
v -31.962500 12.137500 2.075001
v -31.981251 12.156250 2.150001
v -31.962500 12.212500 2.075001
v -32.000000 12.137500 2.075001
v -32.000000 12.156250 2.150001
v -32.000000 12.193749 2.150001
v -32.000000 12.212500 2.075001
v -31.981251 12.193749 2.150001
v -32.000000 12.212500 2.000001
v -31.037500 12.787500 2.000001
v -31.037500 12.862500 2.000001
v -31.037500 12.787500 2.075001
v -31.018749 12.806250 2.150001
v -31.037500 12.862500 2.075001
v -31.000000 12.787500 2.075001
v -31.000000 12.806250 2.150001
v -31.000000 12.843750 2.150001
v -31.000000 12.862500 2.075001
v -31.018749 12.843750 2.150001
v -31.000000 12.862500 2.000001
v -31.962500 12.787500 2.000001
v -31.962500 12.862500 2.000001
v -31.962500 12.787500 2.075001
v -31.981251 12.806250 2.150001
v -31.962500 12.862500 2.075001
v -32.000000 12.787500 2.075001
v -32.000000 12.806250 2.150001
v -32.000000 12.843750 2.150001
v -32.000000 12.862500 2.075001
v -31.981251 12.843750 2.150001
v -32.000000 12.862500 2.000001
v -31.037500 12.137500 2.000001
v -31.037500 12.212500 2.000001
v -31.037500 12.137500 2.075001
v -31.018749 12.156250 2.150001
v -31.037500 12.212500 2.075001
v -31.000000 12.137500 2.075001
v -31.000000 12.156250 2.150001
v -31.000000 12.193749 2.150001
v -31.000000 12.212500 2.075001
v -31.018749 12.193749 2.150001
v -31.000000 12.212500 2.000001
v -31.370832 12.787500 2.000001
v -31.370832 12.862500 2.000001
v -31.370832 12.787500 2.075001
v -31.352083 12.806250 2.150001
v -31.370832 12.862500 2.075001
v -31.295834 12.787500 2.075001
v -31.314583 12.806250 2.150001
v -31.295834 12.862500 2.075001
v -31.295834 12.787500 2.000001
v -31.295834 12.862500 2.000001
v -31.314583 12.843750 2.150001
v -31.352083 12.843750 2.150001
v -31.370832 12.137500 2.000001
v -31.370832 12.212500 2.000001
v -31.370832 12.137500 2.075001
v -31.352083 12.156250 2.150001
v -31.370832 12.212500 2.075001
v -31.295834 12.137500 2.075001
v -31.314583 12.156250 2.150001
v -31.295834 12.212500 2.075001
v -31.295834 12.137500 2.000001
v -31.295834 12.212500 2.000001
v -31.314583 12.193749 2.150001
v -31.352083 12.193749 2.150001
v -31.704166 12.137500 2.000001
v -31.704166 12.212500 2.000001
v -31.704166 12.137500 2.075001
v -31.685417 12.156250 2.150001
v -31.704166 12.212500 2.075001
v -31.629166 12.137500 2.075001
v -31.647917 12.156250 2.150001
v -31.629166 12.212500 2.075001
v -31.629166 12.137500 2.000001
v -31.629166 12.212500 2.000001
v -31.647917 12.193749 2.150001
v -31.685417 12.193749 2.150001
v -31.704166 12.787500 2.000001
v -31.704166 12.862500 2.000001
v -31.704166 12.787500 2.075001
v -31.685417 12.806250 2.150001
v -31.704166 12.862500 2.075001
v -31.629166 12.787500 2.075001
v -31.647917 12.806250 2.150001
v -31.629166 12.862500 2.075001
v -31.629166 12.787500 2.000001
v -31.629166 12.862500 2.000001
v -31.647917 12.843750 2.150001
v -31.685417 12.843750 2.150001
v -32.000000 13.000000 2.000001
v -31.000000 13.000000 2.000001
v -32.000000 14.000000 2.000001
v -31.000000 14.000000 2.000001
v -31.370832 13.137500 2.000001
v -31.370832 13.212500 2.000001
v -31.295834 13.137500 2.000001
v -31.295834 13.212500 2.000001
v -31.352083 13.156250 2.150001
v -31.370832 13.137500 2.075001
v -31.352083 13.193749 2.150001
v -31.370832 13.212500 2.075001
v -31.314583 13.156250 2.150001
v -31.295834 13.137500 2.075001
v -31.314583 13.193749 2.150001
v -31.295834 13.212500 2.075001
v -31.704165 13.787500 2.000001
v -31.704165 13.862500 2.000001
v -31.629166 13.787500 2.000001
v -31.629166 13.862500 2.000001
v -31.685415 13.806250 2.150001
v -31.704165 13.787500 2.075001
v -31.685415 13.843750 2.150001
v -31.704165 13.862500 2.075001
v -31.647915 13.806250 2.150001
v -31.629166 13.787500 2.075001
v -31.647915 13.843750 2.150001
v -31.629166 13.862500 2.075001
v -31.704165 13.137500 2.000001
v -31.704165 13.212500 2.000001
v -31.629166 13.137500 2.000001
v -31.629166 13.212500 2.000001
v -31.685415 13.156250 2.150001
v -31.704165 13.137500 2.075001
v -31.685415 13.193749 2.150001
v -31.704165 13.212500 2.075001
v -31.647915 13.156250 2.150001
v -31.629166 13.137500 2.075001
v -31.647915 13.193749 2.150001
v -31.629166 13.212500 2.075001
v -31.370832 13.787500 2.000001
v -31.370832 13.862500 2.000001
v -31.295832 13.787500 2.000001
v -31.295832 13.862500 2.000001
v -31.352081 13.806250 2.150001
v -31.370832 13.787500 2.075001
v -31.352081 13.843750 2.150001
v -31.370832 13.862500 2.075001
v -31.314583 13.806250 2.150001
v -31.295832 13.787500 2.075001
v -31.314583 13.843750 2.150001
v -31.295832 13.862500 2.075001
v -31.962500 13.137500 2.000001
v -31.962500 13.212500 2.000001
v -32.000000 13.212500 2.000001
v -31.981249 13.156250 2.150001
v -31.962500 13.137500 2.075001
v -31.981249 13.193749 2.150001
v -31.962500 13.212500 2.075001
v -32.000000 13.137500 2.075001
v -32.000000 13.156250 2.150001
v -32.000000 13.193749 2.150001
v -32.000000 13.212500 2.075001
v -31.962500 13.787500 2.000001
v -31.962500 13.862500 2.000001
v -32.000000 13.862500 2.000001
v -31.981249 13.806250 2.150001
v -31.962500 13.787500 2.075001
v -31.981249 13.843750 2.150001
v -31.962500 13.862500 2.075001
v -32.000000 13.787500 2.075001
v -32.000000 13.806250 2.150001
v -32.000000 13.843750 2.150001
v -32.000000 13.862500 2.075001
v -31.037500 13.137500 2.000001
v -31.037500 13.212500 2.000001
v -31.000000 13.212500 2.000001
v -31.018749 13.156250 2.150001
v -31.037500 13.137500 2.075001
v -31.018749 13.193749 2.150001
v -31.037500 13.212500 2.075001
v -31.000000 13.156250 2.150001
v -31.000000 13.137500 2.075001
v -31.000000 13.212500 2.075001
v -31.000000 13.193749 2.150001
v -31.037500 13.787500 2.000001
v -31.037500 13.862500 2.000001
v -31.000000 13.862500 2.000001
v -31.018749 13.806250 2.150001
v -31.037500 13.787500 2.075001
v -31.018749 13.843750 2.150001
v -31.037500 13.862500 2.075001
v -31.000000 13.806250 2.150001
v -31.000000 13.787500 2.075001
v -31.000000 13.862500 2.075001
v -31.000000 13.843750 2.150001
v -31.000000 1.000000 2.000001
v -31.000000 2.000000 2.000001
v -30.000000 1.000000 2.000001
v -30.750000 1.000000 2.000001
v -30.250000 2.000000 2.000001
v -30.416666 2.000000 2.000001
v -30.583334 2.000000 2.000001
v -30.750000 2.000000 2.000001
v -30.583334 1.000000 2.000001
v -30.416666 1.000000 2.000001
v -30.250000 1.000000 2.000001
v -30.000000 2.000000 2.000001
v -30.083334 1.725001 1.950001
v -30.083334 1.275000 1.950001
v -30.250000 1.725001 1.950001
v -30.250000 1.275000 1.950001
v -30.416666 1.725001 1.950001
v -30.416666 1.275000 1.950001
v -30.583334 1.725001 1.950001
v -30.583334 1.275000 1.950001
v -30.750000 1.725001 1.950001
v -30.750000 1.275000 1.950001
v -30.916666 1.725001 1.950001
v -30.916666 1.275000 1.950001
v -30.083334 1.775001 2.000001
v -30.083334 1.225000 2.000001
v -30.250000 1.775001 2.000001
v -30.250000 1.225000 2.000001
v -30.416666 1.775001 2.000001
v -30.416666 1.225000 2.000001
v -30.583334 1.775001 2.000001
v -30.583334 1.225000 2.000001
v -30.750000 1.775001 2.000001
v -30.750000 1.225000 2.000001
v -30.916666 1.775001 2.000001
v -30.916666 1.225000 2.000001
v -30.962500 1.137500 2.000001
v -30.962500 1.212500 2.000001
v -30.962500 1.137500 2.075001
v -30.981251 1.156250 2.150001
v -30.962500 1.212500 2.075001
v -31.000000 1.137500 2.075001
v -31.000000 1.156250 2.150001
v -31.000000 1.193750 2.150001
v -31.000000 1.212500 2.075001
v -30.981251 1.193750 2.150001
v -31.000000 1.212500 2.000001
v -30.037500 1.787501 2.000001
v -30.037500 1.862501 2.000001
v -30.037500 1.787501 2.075001
v -30.018749 1.806251 2.150001
v -30.037500 1.862501 2.075001
v -30.000000 1.787501 2.075001
v -30.000000 1.806251 2.150001
v -30.000000 1.843750 2.150001
v -30.000000 1.862501 2.075001
v -30.018749 1.843750 2.150001
v -30.000000 1.862501 2.000001
v -30.962500 1.787501 2.000001
v -30.962500 1.862501 2.000001
v -30.962500 1.787501 2.075001
v -30.981251 1.806251 2.150001
v -30.962500 1.862501 2.075001
v -31.000000 1.787501 2.075001
v -31.000000 1.806251 2.150001
v -31.000000 1.843750 2.150001
v -31.000000 1.862501 2.075001
v -30.981251 1.843750 2.150001
v -31.000000 1.862501 2.000001
v -30.037500 1.137500 2.000001
v -30.037500 1.212500 2.000001
v -30.037500 1.137500 2.075001
v -30.018749 1.156250 2.150001
v -30.037500 1.212500 2.075001
v -30.000000 1.137500 2.075001
v -30.000000 1.156250 2.150001
v -30.000000 1.193750 2.150001
v -30.000000 1.212500 2.075001
v -30.018749 1.193750 2.150001
v -30.000000 1.212500 2.000001
v -30.370832 1.787501 2.000001
v -30.370832 1.862501 2.000001
v -30.370832 1.787501 2.075001
v -30.352083 1.806251 2.150001
v -30.370832 1.862501 2.075001
v -30.295834 1.787501 2.075001
v -30.314583 1.806251 2.150001
v -30.295834 1.862501 2.075001
v -30.295834 1.787501 2.000001
v -30.295834 1.862501 2.000001
v -30.314583 1.843750 2.150001
v -30.352083 1.843750 2.150001
v -30.370832 1.137500 2.000001
v -30.370832 1.212500 2.000001
v -30.370832 1.137500 2.075001
v -30.352083 1.156250 2.150001
v -30.370832 1.212500 2.075001
v -30.295834 1.137500 2.075001
v -30.314583 1.156250 2.150001
v -30.295834 1.212500 2.075001
v -30.295834 1.137500 2.000001
v -30.295834 1.212500 2.000001
v -30.314583 1.193750 2.150001
v -30.352083 1.193750 2.150001
v -30.704166 1.137500 2.000001
v -30.704166 1.212500 2.000001
v -30.704166 1.137500 2.075001
v -30.685417 1.156250 2.150001
v -30.704166 1.212500 2.075001
v -30.629166 1.137500 2.075001
v -30.647917 1.156250 2.150001
v -30.629166 1.212500 2.075001
v -30.629166 1.137500 2.000001
v -30.629166 1.212500 2.000001
v -30.647917 1.193750 2.150001
v -30.685417 1.193750 2.150001
v -30.704166 1.787501 2.000001
v -30.704166 1.862501 2.000001
v -30.704166 1.787501 2.075001
v -30.685417 1.806251 2.150001
v -30.704166 1.862501 2.075001
v -30.629166 1.787501 2.075001
v -30.647917 1.806251 2.150001
v -30.629166 1.862501 2.075001
v -30.629166 1.787501 2.000001
v -30.629166 1.862501 2.000001
v -30.647917 1.843750 2.150001
v -30.685417 1.843750 2.150001
v -31.000000 2.000000 2.000001
v -30.000000 2.000000 2.000001
v -31.000000 3.000000 2.000001
v -30.000000 3.000000 2.000001
v -30.370832 2.137500 2.000001
v -30.370832 2.212500 2.000001
v -30.295834 2.137500 2.000001
v -30.295834 2.212500 2.000001
v -30.352083 2.156250 2.150001
v -30.370832 2.137500 2.075001
v -30.352083 2.193750 2.150001
v -30.370832 2.212500 2.075001
v -30.314583 2.156250 2.150001
v -30.295834 2.137500 2.075001
v -30.314583 2.193750 2.150001
v -30.295834 2.212500 2.075001
v -30.704165 2.787501 2.000001
v -30.704165 2.862501 2.000001
v -30.629166 2.787501 2.000001
v -30.629166 2.862501 2.000001
v -30.685415 2.806251 2.150001
v -30.704165 2.787501 2.075001
v -30.685415 2.843750 2.150001
v -30.704165 2.862501 2.075001
v -30.647915 2.806251 2.150001
v -30.629166 2.787501 2.075001
v -30.647915 2.843750 2.150001
v -30.629166 2.862501 2.075001
v -30.704165 2.137500 2.000001
v -30.704165 2.212500 2.000001
v -30.629166 2.137500 2.000001
v -30.629166 2.212500 2.000001
v -30.685415 2.156250 2.150001
v -30.704165 2.137500 2.075001
v -30.685415 2.193750 2.150001
v -30.704165 2.212500 2.075001
v -30.647915 2.156250 2.150001
v -30.629166 2.137500 2.075001
v -30.647915 2.193750 2.150001
v -30.629166 2.212500 2.075001
v -30.370832 2.787501 2.000001
v -30.370832 2.862501 2.000001
v -30.295832 2.787501 2.000001
v -30.295832 2.862501 2.000001
v -30.352083 2.806251 2.150001
v -30.370832 2.787501 2.075001
v -30.352083 2.843750 2.150001
v -30.370832 2.862501 2.075001
v -30.314583 2.806251 2.150001
v -30.295832 2.787501 2.075001
v -30.314583 2.843750 2.150001
v -30.295832 2.862501 2.075001
v -30.962500 2.137500 2.000001
v -30.962500 2.212500 2.000001
v -31.000000 2.212500 2.000001
v -30.981249 2.156250 2.150001
v -30.962500 2.137500 2.075001
v -30.981249 2.193750 2.150001
v -30.962500 2.212500 2.075001
v -31.000000 2.137500 2.075001
v -31.000000 2.156250 2.150001
v -31.000000 2.193750 2.150001
v -31.000000 2.212500 2.075001
v -30.962500 2.787501 2.000001
v -30.962500 2.862501 2.000001
v -31.000000 2.862501 2.000001
v -30.981249 2.806251 2.150001
v -30.962500 2.787501 2.075001
v -30.981249 2.843750 2.150001
v -30.962500 2.862501 2.075001
v -31.000000 2.787501 2.075001
v -31.000000 2.806251 2.150001
v -31.000000 2.843750 2.150001
v -31.000000 2.862501 2.075001
v -30.037500 2.137500 2.000001
v -30.037500 2.212500 2.000001
v -30.000000 2.212500 2.000001
v -30.018749 2.156250 2.150001
v -30.037500 2.137500 2.075001
v -30.018749 2.193750 2.150001
v -30.037500 2.212500 2.075001
v -30.000000 2.156250 2.150001
v -30.000000 2.137500 2.075001
v -30.000000 2.212500 2.075001
v -30.000000 2.193750 2.150001
v -30.037500 2.787501 2.000001
v -30.037500 2.862501 2.000001
v -30.000000 2.862501 2.000001
v -30.018749 2.806251 2.150001
v -30.037500 2.787501 2.075001
v -30.018749 2.843750 2.150001
v -30.037500 2.862501 2.075001
v -30.000000 2.806251 2.150001
v -30.000000 2.787501 2.075001
v -30.000000 2.862501 2.075001
v -30.000000 2.843750 2.150001
v -31.000000 3.000000 2.000001
v -31.000000 4.000000 2.000001
v -30.000000 3.000000 2.000001
v -30.750000 3.000000 2.000001
v -30.250000 4.000000 2.000001
v -30.416666 4.000000 2.000001
v -30.583334 4.000000 2.000001
v -30.750000 4.000000 2.000001
v -30.583334 3.000000 2.000001
v -30.416666 3.000000 2.000001
v -30.250000 3.000000 2.000001
v -30.000000 4.000000 2.000001
v -30.083334 3.725000 1.950001
v -30.083334 3.275000 1.950001
v -30.250000 3.725000 1.950001
v -30.250000 3.275000 1.950001
v -30.416666 3.725000 1.950001
v -30.416666 3.275000 1.950001
v -30.583334 3.725000 1.950001
v -30.583334 3.275000 1.950001
v -30.750000 3.725000 1.950001
v -30.750000 3.275000 1.950001
v -30.916666 3.725000 1.950001
v -30.916666 3.275000 1.950001
v -30.083334 3.775000 2.000001
v -30.083334 3.225000 2.000001
v -30.250000 3.775000 2.000001
v -30.250000 3.225000 2.000001
v -30.416666 3.775000 2.000001
v -30.416666 3.225000 2.000001
v -30.583334 3.775000 2.000001
v -30.583334 3.225000 2.000001
v -30.750000 3.775000 2.000001
v -30.750000 3.225000 2.000001
v -30.916666 3.775000 2.000001
v -30.916666 3.225000 2.000001
v -30.962500 3.137500 2.000001
v -30.962500 3.212500 2.000001
v -30.962500 3.137500 2.075001
v -30.981251 3.156250 2.150001
v -30.962500 3.212500 2.075001
v -31.000000 3.137500 2.075001
v -31.000000 3.156250 2.150001
v -31.000000 3.193750 2.150001
v -31.000000 3.212500 2.075001
v -30.981251 3.193750 2.150001
v -31.000000 3.212500 2.000001
v -30.037500 3.787500 2.000001
v -30.037500 3.862500 2.000001
v -30.037500 3.787500 2.075001
v -30.018749 3.806250 2.150001
v -30.037500 3.862500 2.075001
v -30.000000 3.787500 2.075001
v -30.000000 3.806250 2.150001
v -30.000000 3.843750 2.150001
v -30.000000 3.862500 2.075001
v -30.018749 3.843750 2.150001
v -30.000000 3.862500 2.000001
v -30.962500 3.787500 2.000001
v -30.962500 3.862500 2.000001
v -30.962500 3.787500 2.075001
v -30.981251 3.806250 2.150001
v -30.962500 3.862500 2.075001
v -31.000000 3.787500 2.075001
v -31.000000 3.806250 2.150001
v -31.000000 3.843750 2.150001
v -31.000000 3.862500 2.075001
v -30.981251 3.843750 2.150001
v -31.000000 3.862500 2.000001
v -30.037500 3.137500 2.000001
v -30.037500 3.212500 2.000001
v -30.037500 3.137500 2.075001
v -30.018749 3.156250 2.150001
v -30.037500 3.212500 2.075001
v -30.000000 3.137500 2.075001
v -30.000000 3.156250 2.150001
v -30.000000 3.193750 2.150001
v -30.000000 3.212500 2.075001
v -30.018749 3.193750 2.150001
v -30.000000 3.212500 2.000001
v -30.370832 3.787500 2.000001
v -30.370832 3.862500 2.000001
v -30.370832 3.787500 2.075001
v -30.352083 3.806250 2.150001
v -30.370832 3.862500 2.075001
v -30.295834 3.787500 2.075001
v -30.314583 3.806250 2.150001
v -30.295834 3.862500 2.075001
v -30.295834 3.787500 2.000001
v -30.295834 3.862500 2.000001
v -30.314583 3.843750 2.150001
v -30.352083 3.843750 2.150001
v -30.370832 3.137500 2.000001
v -30.370832 3.212500 2.000001
v -30.370832 3.137500 2.075001
v -30.352083 3.156250 2.150001
v -30.370832 3.212500 2.075001
v -30.295834 3.137500 2.075001
v -30.314583 3.156250 2.150001
v -30.295834 3.212500 2.075001
v -30.295834 3.137500 2.000001
v -30.295834 3.212500 2.000001
v -30.314583 3.193750 2.150001
v -30.352083 3.193750 2.150001
v -30.704166 3.137500 2.000001
v -30.704166 3.212500 2.000001
v -30.704166 3.137500 2.075001
v -30.685417 3.156250 2.150001
v -30.704166 3.212500 2.075001
v -30.629166 3.137500 2.075001
v -30.647917 3.156250 2.150001
v -30.629166 3.212500 2.075001
v -30.629166 3.137500 2.000001
v -30.629166 3.212500 2.000001
v -30.647917 3.193750 2.150001
v -30.685417 3.193750 2.150001
v -30.704166 3.787500 2.000001
v -30.704166 3.862500 2.000001
v -30.704166 3.787500 2.075001
v -30.685417 3.806250 2.150001
v -30.704166 3.862500 2.075001
v -30.629166 3.787500 2.075001
v -30.647917 3.806250 2.150001
v -30.629166 3.862500 2.075001
v -30.629166 3.787500 2.000001
v -30.629166 3.862500 2.000001
v -30.647917 3.843750 2.150001
v -30.685417 3.843750 2.150001
v -31.000000 4.000000 2.000001
v -30.000000 4.000000 2.000001
v -31.000000 5.000000 2.000001
v -30.000000 5.000000 2.000001
v -30.370832 4.137500 2.000001
v -30.370832 4.212500 2.000001
v -30.295834 4.137500 2.000001
v -30.295834 4.212500 2.000001
v -30.352083 4.156250 2.150001
v -30.370832 4.137500 2.075001
v -30.352083 4.193750 2.150001
v -30.370832 4.212500 2.075001
v -30.314583 4.156250 2.150001
v -30.295834 4.137500 2.075001
v -30.314583 4.193750 2.150001
v -30.295834 4.212500 2.075001
v -30.704165 4.787500 2.000001
v -30.704165 4.862500 2.000001
v -30.629166 4.787500 2.000001
v -30.629166 4.862500 2.000001
v -30.685415 4.806250 2.150001
v -30.704165 4.787500 2.075001
v -30.685415 4.843750 2.150001
v -30.704165 4.862500 2.075001
v -30.647915 4.806250 2.150001
v -30.629166 4.787500 2.075001
v -30.647915 4.843750 2.150001
v -30.629166 4.862500 2.075001
v -30.704165 4.137500 2.000001
v -30.704165 4.212500 2.000001
v -30.629166 4.137500 2.000001
v -30.629166 4.212500 2.000001
v -30.685415 4.156250 2.150001
v -30.704165 4.137500 2.075001
v -30.685415 4.193750 2.150001
v -30.704165 4.212500 2.075001
v -30.647915 4.156250 2.150001
v -30.629166 4.137500 2.075001
v -30.647915 4.193750 2.150001
v -30.629166 4.212500 2.075001
v -30.370832 4.787500 2.000001
v -30.370832 4.862500 2.000001
v -30.295832 4.787500 2.000001
v -30.295832 4.862500 2.000001
v -30.352083 4.806250 2.150001
v -30.370832 4.787500 2.075001
v -30.352083 4.843750 2.150001
v -30.370832 4.862500 2.075001
v -30.314583 4.806250 2.150001
v -30.295832 4.787500 2.075001
v -30.314583 4.843750 2.150001
v -30.295832 4.862500 2.075001
v -30.962500 4.137500 2.000001
v -30.962500 4.212500 2.000001
v -31.000000 4.212500 2.000001
v -30.981249 4.156250 2.150001
v -30.962500 4.137500 2.075001
v -30.981249 4.193750 2.150001
v -30.962500 4.212500 2.075001
v -31.000000 4.137500 2.075001
v -31.000000 4.156250 2.150001
v -31.000000 4.193750 2.150001
v -31.000000 4.212500 2.075001
v -30.962500 4.787500 2.000001
v -30.962500 4.862500 2.000001
v -31.000000 4.862500 2.000001
v -30.981249 4.806250 2.150001
v -30.962500 4.787500 2.075001
v -30.981249 4.843750 2.150001
v -30.962500 4.862500 2.075001
v -31.000000 4.787500 2.075001
v -31.000000 4.806250 2.150001
v -31.000000 4.843750 2.150001
v -31.000000 4.862500 2.075001
v -30.037500 4.137500 2.000001
v -30.037500 4.212500 2.000001
v -30.000000 4.212500 2.000001
v -30.018749 4.156250 2.150001
v -30.037500 4.137500 2.075001
v -30.018749 4.193750 2.150001
v -30.037500 4.212500 2.075001
v -30.000000 4.156250 2.150001
v -30.000000 4.137500 2.075001
v -30.000000 4.212500 2.075001
v -30.000000 4.193750 2.150001
v -30.037500 4.787500 2.000001
v -30.037500 4.862500 2.000001
v -30.000000 4.862500 2.000001
v -30.018749 4.806250 2.150001
v -30.037500 4.787500 2.075001
v -30.018749 4.843750 2.150001
v -30.037500 4.862500 2.075001
v -30.000000 4.806250 2.150001
v -30.000000 4.787500 2.075001
v -30.000000 4.862500 2.075001
v -30.000000 4.843750 2.150001
v -31.000000 5.000000 2.000001
v -30.000000 5.000000 2.000001
v -31.000000 6.000000 2.000001
v -30.000000 6.000000 2.000001
v -30.370832 5.137500 2.000001
v -30.370832 5.212500 2.000001
v -30.295834 5.137500 2.000001
v -30.295834 5.212500 2.000001
v -30.352083 5.156250 2.150001
v -30.370832 5.137500 2.075001
v -30.352083 5.193750 2.150001
v -30.370832 5.212500 2.075001
v -30.314583 5.156250 2.150001
v -30.295834 5.137500 2.075001
v -30.314583 5.193750 2.150001
v -30.295834 5.212500 2.075001
v -30.704165 5.787500 2.000001
v -30.704165 5.862500 2.000001
v -30.629166 5.787500 2.000001
v -30.629166 5.862500 2.000001
v -30.685415 5.806250 2.150001
v -30.704165 5.787500 2.075001
v -30.685415 5.843750 2.150001
v -30.704165 5.862500 2.075001
v -30.647915 5.806250 2.150001
v -30.629166 5.787500 2.075001
v -30.647915 5.843750 2.150001
v -30.629166 5.862500 2.075001
v -30.704165 5.137500 2.000001
v -30.704165 5.212500 2.000001
v -30.629166 5.137500 2.000001
v -30.629166 5.212500 2.000001
v -30.685415 5.156250 2.150001
v -30.704165 5.137500 2.075001
v -30.685415 5.193750 2.150001
v -30.704165 5.212500 2.075001
v -30.647915 5.156250 2.150001
v -30.629166 5.137500 2.075001
v -30.647915 5.193750 2.150001
v -30.629166 5.212500 2.075001
v -30.370832 5.787500 2.000001
v -30.370832 5.862500 2.000001
v -30.295832 5.787500 2.000001
v -30.295832 5.862500 2.000001
v -30.352083 5.806250 2.150001
v -30.370832 5.787500 2.075001
v -30.352083 5.843750 2.150001
v -30.370832 5.862500 2.075001
v -30.314583 5.806250 2.150001
v -30.295832 5.787500 2.075001
v -30.314583 5.843750 2.150001
v -30.295832 5.862500 2.075001
v -30.962500 5.137500 2.000001
v -30.962500 5.212500 2.000001
v -31.000000 5.212500 2.000001
v -30.981249 5.156250 2.150001
v -30.962500 5.137500 2.075001
v -30.981249 5.193750 2.150001
v -30.962500 5.212500 2.075001
v -31.000000 5.137500 2.075001
v -31.000000 5.156250 2.150001
v -31.000000 5.193750 2.150001
v -31.000000 5.212500 2.075001
v -30.962500 5.787500 2.000001
v -30.962500 5.862500 2.000001
v -31.000000 5.862500 2.000001
v -30.981249 5.806250 2.150001
v -30.962500 5.787500 2.075001
v -30.981249 5.843750 2.150001
v -30.962500 5.862500 2.075001
v -31.000000 5.787500 2.075001
v -31.000000 5.806250 2.150001
v -31.000000 5.843750 2.150001
v -31.000000 5.862500 2.075001
v -30.037500 5.137500 2.000001
v -30.037500 5.212500 2.000001
v -30.000000 5.212500 2.000001
v -30.018749 5.156250 2.150001
v -30.037500 5.137500 2.075001
v -30.018749 5.193750 2.150001
v -30.037500 5.212500 2.075001
v -30.000000 5.156250 2.150001
v -30.000000 5.137500 2.075001
v -30.000000 5.212500 2.075001
v -30.000000 5.193750 2.150001
v -30.037500 5.787500 2.000001
v -30.037500 5.862500 2.000001
v -30.000000 5.862500 2.000001
v -30.018749 5.806250 2.150001
v -30.037500 5.787500 2.075001
v -30.018749 5.843750 2.150001
v -30.037500 5.862500 2.075001
v -30.000000 5.806250 2.150001
v -30.000000 5.787500 2.075001
v -30.000000 5.862500 2.075001
v -30.000000 5.843750 2.150001
v -31.000000 6.000000 2.000001
v -31.000000 5.000000 2.000001
v -30.000000 5.000000 2.000001
v -30.000000 6.000000 2.000001
v -31.000000 5.000000 2.000001
v -30.000000 5.000000 2.000001
v -30.000000 6.000000 2.000001
v -31.000000 6.000000 2.000001
v -30.166666 5.333333 2.000001
v -30.833332 5.333333 2.000001
v -30.166666 5.666667 2.000001
v -30.833332 5.666667 2.000001
v -30.166666 5.333333 1.700001
v -30.833332 5.333333 1.700001
v -30.166666 5.666667 1.700001
v -30.833332 5.666667 1.700001
v -31.000000 6.000000 2.000001
v -31.000000 7.000000 2.000001
v -30.000000 6.000000 2.000001
v -30.750000 6.000000 2.000001
v -30.250000 7.000000 2.000001
v -30.416666 7.000000 2.000001
v -30.583334 7.000000 2.000001
v -30.750000 7.000000 2.000001
v -30.583334 6.000000 2.000001
v -30.416666 6.000000 2.000001
v -30.250000 6.000000 2.000001
v -30.000000 7.000000 2.000001
v -30.083334 6.725000 1.950001
v -30.083334 6.275000 1.950001
v -30.250000 6.725000 1.950001
v -30.250000 6.275000 1.950001
v -30.416666 6.725000 1.950001
v -30.416666 6.275000 1.950001
v -30.583334 6.725000 1.950001
v -30.583334 6.275000 1.950001
v -30.750000 6.725000 1.950001
v -30.750000 6.275000 1.950001
v -30.916666 6.725000 1.950001
v -30.916666 6.275000 1.950001
v -30.083334 6.775000 2.000001
v -30.083334 6.225000 2.000001
v -30.250000 6.775000 2.000001
v -30.250000 6.225000 2.000001
v -30.416666 6.775000 2.000001
v -30.416666 6.225000 2.000001
v -30.583334 6.775000 2.000001
v -30.583334 6.225000 2.000001
v -30.750000 6.775000 2.000001
v -30.750000 6.225000 2.000001
v -30.916666 6.775000 2.000001
v -30.916666 6.225000 2.000001
v -30.962500 6.137500 2.000001
v -30.962500 6.212500 2.000001
v -30.962500 6.137500 2.075001
v -30.981251 6.156250 2.150001
v -30.962500 6.212500 2.075001
v -31.000000 6.137500 2.075001
v -31.000000 6.156250 2.150001
v -31.000000 6.193750 2.150001
v -31.000000 6.212500 2.075001
v -30.981251 6.193750 2.150001
v -31.000000 6.212500 2.000001
v -30.037500 6.787500 2.000001
v -30.037500 6.862500 2.000001
v -30.037500 6.787500 2.075001
v -30.018749 6.806250 2.150001
v -30.037500 6.862500 2.075001
v -30.000000 6.787500 2.075001
v -30.000000 6.806250 2.150001
v -30.000000 6.843750 2.150001
v -30.000000 6.862500 2.075001
v -30.018749 6.843750 2.150001
v -30.000000 6.862500 2.000001
v -30.962500 6.787500 2.000001
v -30.962500 6.862500 2.000001
v -30.962500 6.787500 2.075001
v -30.981251 6.806250 2.150001
v -30.962500 6.862500 2.075001
v -31.000000 6.787500 2.075001
v -31.000000 6.806250 2.150001
v -31.000000 6.843750 2.150001
v -31.000000 6.862500 2.075001
v -30.981251 6.843750 2.150001
v -31.000000 6.862500 2.000001
v -30.037500 6.137500 2.000001
v -30.037500 6.212500 2.000001
v -30.037500 6.137500 2.075001
v -30.018749 6.156250 2.150001
v -30.037500 6.212500 2.075001
v -30.000000 6.137500 2.075001
v -30.000000 6.156250 2.150001
v -30.000000 6.193750 2.150001
v -30.000000 6.212500 2.075001
v -30.018749 6.193750 2.150001
v -30.000000 6.212500 2.000001
v -30.370832 6.787500 2.000001
v -30.370832 6.862500 2.000001
v -30.370832 6.787500 2.075001
v -30.352083 6.806250 2.150001
v -30.370832 6.862500 2.075001
v -30.295834 6.787500 2.075001
v -30.314583 6.806250 2.150001
v -30.295834 6.862500 2.075001
v -30.295834 6.787500 2.000001
v -30.295834 6.862500 2.000001
v -30.314583 6.843750 2.150001
v -30.352083 6.843750 2.150001
v -30.370832 6.137500 2.000001
v -30.370832 6.212500 2.000001
v -30.370832 6.137500 2.075001
v -30.352083 6.156250 2.150001
v -30.370832 6.212500 2.075001
v -30.295834 6.137500 2.075001
v -30.314583 6.156250 2.150001
v -30.295834 6.212500 2.075001
v -30.295834 6.137500 2.000001
v -30.295834 6.212500 2.000001
v -30.314583 6.193750 2.150001
v -30.352083 6.193750 2.150001
v -30.704166 6.137500 2.000001
v -30.704166 6.212500 2.000001
v -30.704166 6.137500 2.075001
v -30.685417 6.156250 2.150001
v -30.704166 6.212500 2.075001
v -30.629166 6.137500 2.075001
v -30.647917 6.156250 2.150001
v -30.629166 6.212500 2.075001
v -30.629166 6.137500 2.000001
v -30.629166 6.212500 2.000001
v -30.647917 6.193750 2.150001
v -30.685417 6.193750 2.150001
v -30.704166 6.787500 2.000001
v -30.704166 6.862500 2.000001
v -30.704166 6.787500 2.075001
v -30.685417 6.806250 2.150001
v -30.704166 6.862500 2.075001
v -30.629166 6.787500 2.075001
v -30.647917 6.806250 2.150001
v -30.629166 6.862500 2.075001
v -30.629166 6.787500 2.000001
v -30.629166 6.862500 2.000001
v -30.647917 6.843750 2.150001
v -30.685417 6.843750 2.150001
v -31.000000 7.000000 2.000001
v -31.000000 8.000000 2.000001
v -30.000000 7.000000 2.000001
v -30.750000 7.000000 2.000001
v -30.250000 8.000000 2.000001
v -30.416666 8.000000 2.000001
v -30.583334 8.000000 2.000001
v -30.750000 8.000000 2.000001
v -30.583334 7.000000 2.000001
v -30.416666 7.000000 2.000001
v -30.250000 7.000000 2.000001
v -30.000000 8.000000 2.000001
v -30.083334 7.725000 1.950001
v -30.083334 7.275000 1.950001
v -30.250000 7.725000 1.950001
v -30.250000 7.275000 1.950001
v -30.416666 7.725000 1.950001
v -30.416666 7.275000 1.950001
v -30.583334 7.725000 1.950001
v -30.583334 7.275000 1.950001
v -30.750000 7.725000 1.950001
v -30.750000 7.275000 1.950001
v -30.916666 7.725000 1.950001
v -30.916666 7.275000 1.950001
v -30.083334 7.775000 2.000001
v -30.083334 7.225000 2.000001
v -30.250000 7.775000 2.000001
v -30.250000 7.225000 2.000001
v -30.416666 7.775000 2.000001
v -30.416666 7.225000 2.000001
v -30.583334 7.775000 2.000001
v -30.583334 7.225000 2.000001
v -30.750000 7.775000 2.000001
v -30.750000 7.225000 2.000001
v -30.916666 7.775000 2.000001
v -30.916666 7.225000 2.000001
v -30.962500 7.137500 2.000001
v -30.962500 7.212500 2.000001
v -30.962500 7.137500 2.075001
v -30.981251 7.156250 2.150001
v -30.962500 7.212500 2.075001
v -31.000000 7.137500 2.075001
v -31.000000 7.156250 2.150001
v -31.000000 7.193750 2.150001
v -31.000000 7.212500 2.075001
v -30.981251 7.193750 2.150001
v -31.000000 7.212500 2.000001
v -30.037500 7.787500 2.000001
v -30.037500 7.862500 2.000001
v -30.037500 7.787500 2.075001
v -30.018749 7.806250 2.150001
v -30.037500 7.862500 2.075001
v -30.000000 7.787500 2.075001
v -30.000000 7.806250 2.150001
v -30.000000 7.843750 2.150001
v -30.000000 7.862500 2.075001
v -30.018749 7.843750 2.150001
v -30.000000 7.862500 2.000001
v -30.962500 7.787500 2.000001
v -30.962500 7.862500 2.000001
v -30.962500 7.787500 2.075001
v -30.981251 7.806250 2.150001
v -30.962500 7.862500 2.075001
v -31.000000 7.787500 2.075001
v -31.000000 7.806250 2.150001
v -31.000000 7.843750 2.150001
v -31.000000 7.862500 2.075001
v -30.981251 7.843750 2.150001
v -31.000000 7.862500 2.000001
v -30.037500 7.137500 2.000001
v -30.037500 7.212500 2.000001
v -30.037500 7.137500 2.075001
v -30.018749 7.156250 2.150001
v -30.037500 7.212500 2.075001
v -30.000000 7.137500 2.075001
v -30.000000 7.156250 2.150001
v -30.000000 7.193750 2.150001
v -30.000000 7.212500 2.075001
v -30.018749 7.193750 2.150001
v -30.000000 7.212500 2.000001
v -30.370832 7.787500 2.000001
v -30.370832 7.862500 2.000001
v -30.370832 7.787500 2.075001
v -30.352083 7.806250 2.150001
v -30.370832 7.862500 2.075001
v -30.295834 7.787500 2.075001
v -30.314583 7.806250 2.150001
v -30.295834 7.862500 2.075001
v -30.295834 7.787500 2.000001
v -30.295834 7.862500 2.000001
v -30.314583 7.843750 2.150001
v -30.352083 7.843750 2.150001
v -30.370832 7.137500 2.000001
v -30.370832 7.212500 2.000001
v -30.370832 7.137500 2.075001
v -30.352083 7.156250 2.150001
v -30.370832 7.212500 2.075001
v -30.295834 7.137500 2.075001
v -30.314583 7.156250 2.150001
v -30.295834 7.212500 2.075001
v -30.295834 7.137500 2.000001
v -30.295834 7.212500 2.000001
v -30.314583 7.193750 2.150001
v -30.352083 7.193750 2.150001
v -30.704166 7.137500 2.000001
v -30.704166 7.212500 2.000001
v -30.704166 7.137500 2.075001
v -30.685417 7.156250 2.150001
v -30.704166 7.212500 2.075001
v -30.629166 7.137500 2.075001
v -30.647917 7.156250 2.150001
v -30.629166 7.212500 2.075001
v -30.629166 7.137500 2.000001
v -30.629166 7.212500 2.000001
v -30.647917 7.193750 2.150001
v -30.685417 7.193750 2.150001
v -30.704166 7.787500 2.000001
v -30.704166 7.862500 2.000001
v -30.704166 7.787500 2.075001
v -30.685417 7.806250 2.150001
v -30.704166 7.862500 2.075001
v -30.629166 7.787500 2.075001
v -30.647917 7.806250 2.150001
v -30.629166 7.862500 2.075001
v -30.629166 7.787500 2.000001
v -30.629166 7.862500 2.000001
v -30.647917 7.843750 2.150001
v -30.685417 7.843750 2.150001
v -31.000000 8.000000 2.000001
v -31.000000 9.000000 2.000001
v -30.000000 8.000000 2.000001
v -30.750000 8.000000 2.000001
v -30.250000 9.000000 2.000001
v -30.416666 9.000000 2.000001
v -30.583334 9.000000 2.000001
v -30.750000 9.000000 2.000001
v -30.583334 8.000000 2.000001
v -30.416666 8.000000 2.000001
v -30.250000 8.000000 2.000001
v -30.000000 9.000000 2.000001
v -30.083334 8.725000 1.950001
v -30.083334 8.275000 1.950001
v -30.250000 8.725000 1.950001
v -30.250000 8.275000 1.950001
v -30.416666 8.725000 1.950001
v -30.416666 8.275000 1.950001
v -30.583334 8.725000 1.950001
v -30.583334 8.275000 1.950001
v -30.750000 8.725000 1.950001
v -30.750000 8.275000 1.950001
v -30.916666 8.725000 1.950001
v -30.916666 8.275000 1.950001
v -30.083334 8.775000 2.000001
v -30.083334 8.225000 2.000001
v -30.250000 8.775000 2.000001
v -30.250000 8.225000 2.000001
v -30.416666 8.775000 2.000001
v -30.416666 8.225000 2.000001
v -30.583334 8.775000 2.000001
v -30.583334 8.225000 2.000001
v -30.750000 8.775000 2.000001
v -30.750000 8.225000 2.000001
v -30.916666 8.775000 2.000001
v -30.916666 8.225000 2.000001
v -30.962500 8.137500 2.000001
v -30.962500 8.212500 2.000001
v -30.962500 8.137500 2.075001
v -30.981251 8.156250 2.150001
v -30.962500 8.212500 2.075001
v -31.000000 8.137500 2.075001
v -31.000000 8.156250 2.150001
v -31.000000 8.193749 2.150001
v -31.000000 8.212500 2.075001
v -30.981251 8.193749 2.150001
v -31.000000 8.212500 2.000001
v -30.037500 8.787500 2.000001
v -30.037500 8.862500 2.000001
v -30.037500 8.787500 2.075001
v -30.018749 8.806250 2.150001
v -30.037500 8.862500 2.075001
v -30.000000 8.787500 2.075001
v -30.000000 8.806250 2.150001
v -30.000000 8.843750 2.150001
v -30.000000 8.862500 2.075001
v -30.018749 8.843750 2.150001
v -30.000000 8.862500 2.000001
v -30.962500 8.787500 2.000001
v -30.962500 8.862500 2.000001
v -30.962500 8.787500 2.075001
v -30.981251 8.806250 2.150001
v -30.962500 8.862500 2.075001
v -31.000000 8.787500 2.075001
v -31.000000 8.806250 2.150001
v -31.000000 8.843750 2.150001
v -31.000000 8.862500 2.075001
v -30.981251 8.843750 2.150001
v -31.000000 8.862500 2.000001
v -30.037500 8.137500 2.000001
v -30.037500 8.212500 2.000001
v -30.037500 8.137500 2.075001
v -30.018749 8.156250 2.150001
v -30.037500 8.212500 2.075001
v -30.000000 8.137500 2.075001
v -30.000000 8.156250 2.150001
v -30.000000 8.193749 2.150001
v -30.000000 8.212500 2.075001
v -30.018749 8.193749 2.150001
v -30.000000 8.212500 2.000001
v -30.370832 8.787500 2.000001
v -30.370832 8.862500 2.000001
v -30.370832 8.787500 2.075001
v -30.352083 8.806250 2.150001
v -30.370832 8.862500 2.075001
v -30.295834 8.787500 2.075001
v -30.314583 8.806250 2.150001
v -30.295834 8.862500 2.075001
v -30.295834 8.787500 2.000001
v -30.295834 8.862500 2.000001
v -30.314583 8.843750 2.150001
v -30.352083 8.843750 2.150001
v -30.370832 8.137500 2.000001
v -30.370832 8.212500 2.000001
v -30.370832 8.137500 2.075001
v -30.352083 8.156250 2.150001
v -30.370832 8.212500 2.075001
v -30.295834 8.137500 2.075001
v -30.314583 8.156250 2.150001
v -30.295834 8.212500 2.075001
v -30.295834 8.137500 2.000001
v -30.295834 8.212500 2.000001
v -30.314583 8.193749 2.150001
v -30.352083 8.193749 2.150001
v -30.704166 8.137500 2.000001
v -30.704166 8.212500 2.000001
v -30.704166 8.137500 2.075001
v -30.685417 8.156250 2.150001
v -30.704166 8.212500 2.075001
v -30.629166 8.137500 2.075001
v -30.647917 8.156250 2.150001
v -30.629166 8.212500 2.075001
v -30.629166 8.137500 2.000001
v -30.629166 8.212500 2.000001
v -30.647917 8.193749 2.150001
v -30.685417 8.193749 2.150001
v -30.704166 8.787500 2.000001
v -30.704166 8.862500 2.000001
v -30.704166 8.787500 2.075001
v -30.685417 8.806250 2.150001
v -30.704166 8.862500 2.075001
v -30.629166 8.787500 2.075001
v -30.647917 8.806250 2.150001
v -30.629166 8.862500 2.075001
v -30.629166 8.787500 2.000001
v -30.629166 8.862500 2.000001
v -30.647917 8.843750 2.150001
v -30.685417 8.843750 2.150001
v -31.000000 9.000000 2.000001
v -30.000000 9.000000 2.000001
v -31.000000 10.000000 2.000001
v -30.000000 10.000000 2.000001
v -30.370832 9.137500 2.000001
v -30.370832 9.212500 2.000001
v -30.295834 9.137500 2.000001
v -30.295834 9.212500 2.000001
v -30.352083 9.156250 2.150001
v -30.370832 9.137500 2.075001
v -30.352083 9.193749 2.150001
v -30.370832 9.212500 2.075001
v -30.314583 9.156250 2.150001
v -30.295834 9.137500 2.075001
v -30.314583 9.193749 2.150001
v -30.295834 9.212500 2.075001
v -30.704165 9.787500 2.000001
v -30.704165 9.862500 2.000001
v -30.629166 9.787500 2.000001
v -30.629166 9.862500 2.000001
v -30.685415 9.806250 2.150001
v -30.704165 9.787500 2.075001
v -30.685415 9.843750 2.150001
v -30.704165 9.862500 2.075001
v -30.647915 9.806250 2.150001
v -30.629166 9.787500 2.075001
v -30.647915 9.843750 2.150001
v -30.629166 9.862500 2.075001
v -30.704165 9.137500 2.000001
v -30.704165 9.212500 2.000001
v -30.629166 9.137500 2.000001
v -30.629166 9.212500 2.000001
v -30.685415 9.156250 2.150001
v -30.704165 9.137500 2.075001
v -30.685415 9.193749 2.150001
v -30.704165 9.212500 2.075001
v -30.647915 9.156250 2.150001
v -30.629166 9.137500 2.075001
v -30.647915 9.193749 2.150001
v -30.629166 9.212500 2.075001
v -30.370832 9.787500 2.000001
v -30.370832 9.862500 2.000001
v -30.295832 9.787500 2.000001
v -30.295832 9.862500 2.000001
v -30.352083 9.806250 2.150001
v -30.370832 9.787500 2.075001
v -30.352083 9.843750 2.150001
v -30.370832 9.862500 2.075001
v -30.314583 9.806250 2.150001
v -30.295832 9.787500 2.075001
v -30.314583 9.843750 2.150001
v -30.295832 9.862500 2.075001
v -30.962500 9.137500 2.000001
v -30.962500 9.212500 2.000001
v -31.000000 9.212500 2.000001
v -30.981249 9.156250 2.150001
v -30.962500 9.137500 2.075001
v -30.981249 9.193749 2.150001
v -30.962500 9.212500 2.075001
v -31.000000 9.137500 2.075001
v -31.000000 9.156250 2.150001
v -31.000000 9.193749 2.150001
v -31.000000 9.212500 2.075001
v -30.962500 9.787500 2.000001
v -30.962500 9.862500 2.000001
v -31.000000 9.862500 2.000001
v -30.981249 9.806250 2.150001
v -30.962500 9.787500 2.075001
v -30.981249 9.843750 2.150001
v -30.962500 9.862500 2.075001
v -31.000000 9.787500 2.075001
v -31.000000 9.806250 2.150001
v -31.000000 9.843750 2.150001
v -31.000000 9.862500 2.075001
v -30.037500 9.137500 2.000001
v -30.037500 9.212500 2.000001
v -30.000000 9.212500 2.000001
v -30.018749 9.156250 2.150001
v -30.037500 9.137500 2.075001
v -30.018749 9.193749 2.150001
v -30.037500 9.212500 2.075001
v -30.000000 9.156250 2.150001
v -30.000000 9.137500 2.075001
v -30.000000 9.212500 2.075001
v -30.000000 9.193749 2.150001
v -30.037500 9.787500 2.000001
v -30.037500 9.862500 2.000001
v -30.000000 9.862500 2.000001
v -30.018749 9.806250 2.150001
v -30.037500 9.787500 2.075001
v -30.018749 9.843750 2.150001
v -30.037500 9.862500 2.075001
v -30.000000 9.806250 2.150001
v -30.000000 9.787500 2.075001
v -30.000000 9.862500 2.075001
v -30.000000 9.843750 2.150001
v -31.000000 10.000000 2.000001
v -30.000000 10.000000 2.000001
v -31.000000 11.000000 2.000001
v -30.000000 11.000000 2.000001
v -30.370832 10.137500 2.000001
v -30.370832 10.212500 2.000001
v -30.295834 10.137500 2.000001
v -30.295834 10.212500 2.000001
v -30.352083 10.156250 2.150001
v -30.370832 10.137500 2.075001
v -30.352083 10.193749 2.150001
v -30.370832 10.212500 2.075001
v -30.314583 10.156250 2.150001
v -30.295834 10.137500 2.075001
v -30.314583 10.193749 2.150001
v -30.295834 10.212500 2.075001
v -30.704165 10.787500 2.000001
v -30.704165 10.862500 2.000001
v -30.629166 10.787500 2.000001
v -30.629166 10.862500 2.000001
v -30.685415 10.806250 2.150001
v -30.704165 10.787500 2.075001
v -30.685415 10.843750 2.150001
v -30.704165 10.862500 2.075001
v -30.647915 10.806250 2.150001
v -30.629166 10.787500 2.075001
v -30.647915 10.843750 2.150001
v -30.629166 10.862500 2.075001
v -30.704165 10.137500 2.000001
v -30.704165 10.212500 2.000001
v -30.629166 10.137500 2.000001
v -30.629166 10.212500 2.000001
v -30.685415 10.156250 2.150001
v -30.704165 10.137500 2.075001
v -30.685415 10.193749 2.150001
v -30.704165 10.212500 2.075001
v -30.647915 10.156250 2.150001
v -30.629166 10.137500 2.075001
v -30.647915 10.193749 2.150001
v -30.629166 10.212500 2.075001
v -30.370832 10.787500 2.000001
v -30.370832 10.862500 2.000001
v -30.295832 10.787500 2.000001
v -30.295832 10.862500 2.000001
v -30.352083 10.806250 2.150001
v -30.370832 10.787500 2.075001
v -30.352083 10.843750 2.150001
v -30.370832 10.862500 2.075001
v -30.314583 10.806250 2.150001
v -30.295832 10.787500 2.075001
v -30.314583 10.843750 2.150001
v -30.295832 10.862500 2.075001
v -30.962500 10.137500 2.000001
v -30.962500 10.212500 2.000001
v -31.000000 10.212500 2.000001
v -30.981249 10.156250 2.150001
v -30.962500 10.137500 2.075001
v -30.981249 10.193749 2.150001
v -30.962500 10.212500 2.075001
v -31.000000 10.137500 2.075001
v -31.000000 10.156250 2.150001
v -31.000000 10.193749 2.150001
v -31.000000 10.212500 2.075001
v -30.962500 10.787500 2.000001
v -30.962500 10.862500 2.000001
v -31.000000 10.862500 2.000001
v -30.981249 10.806250 2.150001
v -30.962500 10.787500 2.075001
v -30.981249 10.843750 2.150001
v -30.962500 10.862500 2.075001
v -31.000000 10.787500 2.075001
v -31.000000 10.806250 2.150001
v -31.000000 10.843750 2.150001
v -31.000000 10.862500 2.075001
v -30.037500 10.137500 2.000001
v -30.037500 10.212500 2.000001
v -30.000000 10.212500 2.000001
v -30.018749 10.156250 2.150001
v -30.037500 10.137500 2.075001
v -30.018749 10.193749 2.150001
v -30.037500 10.212500 2.075001
v -30.000000 10.156250 2.150001
v -30.000000 10.137500 2.075001
v -30.000000 10.212500 2.075001
v -30.000000 10.193749 2.150001
v -30.037500 10.787500 2.000001
v -30.037500 10.862500 2.000001
v -30.000000 10.862500 2.000001
v -30.018749 10.806250 2.150001
v -30.037500 10.787500 2.075001
v -30.018749 10.843750 2.150001
v -30.037500 10.862500 2.075001
v -30.000000 10.806250 2.150001
v -30.000000 10.787500 2.075001
v -30.000000 10.862500 2.075001
v -30.000000 10.843750 2.150001
v -31.000000 11.000000 2.000001
v -31.000000 10.000000 2.000001
v -30.000000 10.000000 2.000001
v -30.000000 11.000000 2.000001
v -31.000000 10.000000 2.000001
v -30.000000 10.000000 2.000001
v -30.000000 11.000000 2.000001
v -31.000000 11.000000 2.000001
v -30.166666 10.333333 2.000001
v -30.833332 10.333333 2.000001
v -30.166666 10.666667 2.000001
v -30.833332 10.666667 2.000001
v -30.166666 10.333333 1.700001
v -30.833332 10.333333 1.700001
v -30.166666 10.666667 1.700001
v -30.833332 10.666667 1.700001
v -31.000000 11.000000 2.000001
v -31.000000 12.000000 2.000001
v -30.000000 11.000000 2.000001
v -30.750000 11.000000 2.000001
v -30.250000 12.000000 2.000001
v -30.416666 12.000000 2.000001
v -30.583334 12.000000 2.000001
v -30.750000 12.000000 2.000001
v -30.583334 11.000000 2.000001
v -30.416666 11.000000 2.000001
v -30.250000 11.000000 2.000001
v -30.000000 12.000000 2.000001
v -30.083334 11.725000 1.950001
v -30.083334 11.275000 1.950001
v -30.250000 11.725000 1.950001
v -30.250000 11.275000 1.950001
v -30.416666 11.725000 1.950001
v -30.416666 11.275000 1.950001
v -30.583334 11.725000 1.950001
v -30.583334 11.275000 1.950001
v -30.750000 11.725000 1.950001
v -30.750000 11.275000 1.950001
v -30.916666 11.725000 1.950001
v -30.916666 11.275000 1.950001
v -30.083334 11.775000 2.000001
v -30.083334 11.225000 2.000001
v -30.250000 11.775000 2.000001
v -30.250000 11.225000 2.000001
v -30.416666 11.775000 2.000001
v -30.416666 11.225000 2.000001
v -30.583334 11.775000 2.000001
v -30.583334 11.225000 2.000001
v -30.750000 11.775000 2.000001
v -30.750000 11.225000 2.000001
v -30.916666 11.775000 2.000001
v -30.916666 11.225000 2.000001
v -30.962500 11.137500 2.000001
v -30.962500 11.212500 2.000001
v -30.962500 11.137500 2.075001
v -30.981251 11.156250 2.150001
v -30.962500 11.212500 2.075001
v -31.000000 11.137500 2.075001
v -31.000000 11.156250 2.150001
v -31.000000 11.193749 2.150001
v -31.000000 11.212500 2.075001
v -30.981251 11.193749 2.150001
v -31.000000 11.212500 2.000001
v -30.037500 11.787500 2.000001
v -30.037500 11.862500 2.000001
v -30.037500 11.787500 2.075001
v -30.018749 11.806250 2.150001
v -30.037500 11.862500 2.075001
v -30.000000 11.787500 2.075001
v -30.000000 11.806250 2.150001
v -30.000000 11.843750 2.150001
v -30.000000 11.862500 2.075001
v -30.018749 11.843750 2.150001
v -30.000000 11.862500 2.000001
v -30.962500 11.787500 2.000001
v -30.962500 11.862500 2.000001
v -30.962500 11.787500 2.075001
v -30.981251 11.806250 2.150001
v -30.962500 11.862500 2.075001
v -31.000000 11.787500 2.075001
v -31.000000 11.806250 2.150001
v -31.000000 11.843750 2.150001
v -31.000000 11.862500 2.075001
v -30.981251 11.843750 2.150001
v -31.000000 11.862500 2.000001
v -30.037500 11.137500 2.000001
v -30.037500 11.212500 2.000001
v -30.037500 11.137500 2.075001
v -30.018749 11.156250 2.150001
v -30.037500 11.212500 2.075001
v -30.000000 11.137500 2.075001
v -30.000000 11.156250 2.150001
v -30.000000 11.193749 2.150001
v -30.000000 11.212500 2.075001
v -30.018749 11.193749 2.150001
v -30.000000 11.212500 2.000001
v -30.370832 11.787500 2.000001
v -30.370832 11.862500 2.000001
v -30.370832 11.787500 2.075001
v -30.352083 11.806250 2.150001
v -30.370832 11.862500 2.075001
v -30.295834 11.787500 2.075001
v -30.314583 11.806250 2.150001
v -30.295834 11.862500 2.075001
v -30.295834 11.787500 2.000001
v -30.295834 11.862500 2.000001
v -30.314583 11.843750 2.150001
v -30.352083 11.843750 2.150001
v -30.370832 11.137500 2.000001
v -30.370832 11.212500 2.000001
v -30.370832 11.137500 2.075001
v -30.352083 11.156250 2.150001
v -30.370832 11.212500 2.075001
v -30.295834 11.137500 2.075001
v -30.314583 11.156250 2.150001
v -30.295834 11.212500 2.075001
v -30.295834 11.137500 2.000001
v -30.295834 11.212500 2.000001
v -30.314583 11.193749 2.150001
v -30.352083 11.193749 2.150001
v -30.704166 11.137500 2.000001
v -30.704166 11.212500 2.000001
v -30.704166 11.137500 2.075001
v -30.685417 11.156250 2.150001
v -30.704166 11.212500 2.075001
v -30.629166 11.137500 2.075001
v -30.647917 11.156250 2.150001
v -30.629166 11.212500 2.075001
v -30.629166 11.137500 2.000001
v -30.629166 11.212500 2.000001
v -30.647917 11.193749 2.150001
v -30.685417 11.193749 2.150001
v -30.704166 11.787500 2.000001
v -30.704166 11.862500 2.000001
v -30.704166 11.787500 2.075001
v -30.685417 11.806250 2.150001
v -30.704166 11.862500 2.075001
v -30.629166 11.787500 2.075001
v -30.647917 11.806250 2.150001
v -30.629166 11.862500 2.075001
v -30.629166 11.787500 2.000001
v -30.629166 11.862500 2.000001
v -30.647917 11.843750 2.150001
v -30.685417 11.843750 2.150001
v -31.000000 12.000000 2.000001
v -31.000000 13.000000 2.000001
v -30.000000 12.000000 2.000001
v -30.750000 12.000000 2.000001
v -30.250000 13.000000 2.000001
v -30.416666 13.000000 2.000001
v -30.583334 13.000000 2.000001
v -30.750000 13.000000 2.000001
v -30.583334 12.000000 2.000001
v -30.416666 12.000000 2.000001
v -30.250000 12.000000 2.000001
v -30.000000 13.000000 2.000001
v -30.083334 12.725000 1.950001
v -30.083334 12.275000 1.950001
v -30.250000 12.725000 1.950001
v -30.250000 12.275000 1.950001
v -30.416666 12.725000 1.950001
v -30.416666 12.275000 1.950001
v -30.583334 12.725000 1.950001
v -30.583334 12.275000 1.950001
v -30.750000 12.725000 1.950001
v -30.750000 12.275000 1.950001
v -30.916666 12.725000 1.950001
v -30.916666 12.275000 1.950001
v -30.083334 12.775000 2.000001
v -30.083334 12.225000 2.000001
v -30.250000 12.775000 2.000001
v -30.250000 12.225000 2.000001
v -30.416666 12.775000 2.000001
v -30.416666 12.225000 2.000001
v -30.583334 12.775000 2.000001
v -30.583334 12.225000 2.000001
v -30.750000 12.775000 2.000001
v -30.750000 12.225000 2.000001
v -30.916666 12.775000 2.000001
v -30.916666 12.225000 2.000001
v -30.962500 12.137500 2.000001
v -30.962500 12.212500 2.000001
v -30.962500 12.137500 2.075001
v -30.981251 12.156250 2.150001
v -30.962500 12.212500 2.075001
v -31.000000 12.137500 2.075001
v -31.000000 12.156250 2.150001
v -31.000000 12.193749 2.150001
v -31.000000 12.212500 2.075001
v -30.981251 12.193749 2.150001
v -31.000000 12.212500 2.000001
v -30.037500 12.787500 2.000001
v -30.037500 12.862500 2.000001
v -30.037500 12.787500 2.075001
v -30.018749 12.806250 2.150001
v -30.037500 12.862500 2.075001
v -30.000000 12.787500 2.075001
v -30.000000 12.806250 2.150001
v -30.000000 12.843750 2.150001
v -30.000000 12.862500 2.075001
v -30.018749 12.843750 2.150001
v -30.000000 12.862500 2.000001
v -30.962500 12.787500 2.000001
v -30.962500 12.862500 2.000001
v -30.962500 12.787500 2.075001
v -30.981251 12.806250 2.150001
v -30.962500 12.862500 2.075001
v -31.000000 12.787500 2.075001
v -31.000000 12.806250 2.150001
v -31.000000 12.843750 2.150001
v -31.000000 12.862500 2.075001
v -30.981251 12.843750 2.150001
v -31.000000 12.862500 2.000001
v -30.037500 12.137500 2.000001
v -30.037500 12.212500 2.000001
v -30.037500 12.137500 2.075001
v -30.018749 12.156250 2.150001
v -30.037500 12.212500 2.075001
v -30.000000 12.137500 2.075001
v -30.000000 12.156250 2.150001
v -30.000000 12.193749 2.150001
v -30.000000 12.212500 2.075001
v -30.018749 12.193749 2.150001
v -30.000000 12.212500 2.000001
v -30.370832 12.787500 2.000001
v -30.370832 12.862500 2.000001
v -30.370832 12.787500 2.075001
v -30.352083 12.806250 2.150001
v -30.370832 12.862500 2.075001
v -30.295834 12.787500 2.075001
v -30.314583 12.806250 2.150001
v -30.295834 12.862500 2.075001
v -30.295834 12.787500 2.000001
v -30.295834 12.862500 2.000001
v -30.314583 12.843750 2.150001
v -30.352083 12.843750 2.150001
v -30.370832 12.137500 2.000001
v -30.370832 12.212500 2.000001
v -30.370832 12.137500 2.075001
v -30.352083 12.156250 2.150001
v -30.370832 12.212500 2.075001
v -30.295834 12.137500 2.075001
v -30.314583 12.156250 2.150001
v -30.295834 12.212500 2.075001
v -30.295834 12.137500 2.000001
v -30.295834 12.212500 2.000001
v -30.314583 12.193749 2.150001
v -30.352083 12.193749 2.150001
v -30.704166 12.137500 2.000001
v -30.704166 12.212500 2.000001
v -30.704166 12.137500 2.075001
v -30.685417 12.156250 2.150001
v -30.704166 12.212500 2.075001
v -30.629166 12.137500 2.075001
v -30.647917 12.156250 2.150001
v -30.629166 12.212500 2.075001
v -30.629166 12.137500 2.000001
v -30.629166 12.212500 2.000001
v -30.647917 12.193749 2.150001
v -30.685417 12.193749 2.150001
v -30.704166 12.787500 2.000001
v -30.704166 12.862500 2.000001
v -30.704166 12.787500 2.075001
v -30.685417 12.806250 2.150001
v -30.704166 12.862500 2.075001
v -30.629166 12.787500 2.075001
v -30.647917 12.806250 2.150001
v -30.629166 12.862500 2.075001
v -30.629166 12.787500 2.000001
v -30.629166 12.862500 2.000001
v -30.647917 12.843750 2.150001
v -30.685417 12.843750 2.150001
v -31.000000 13.000000 2.000001
v -31.000000 14.000000 2.000001
v -30.000000 13.000000 2.000001
v -30.750000 13.000000 2.000001
v -30.250000 14.000000 2.000001
v -30.416666 14.000000 2.000001
v -30.583334 14.000000 2.000001
v -30.750000 14.000000 2.000001
v -30.583334 13.000000 2.000001
v -30.416666 13.000000 2.000001
v -30.250000 13.000000 2.000001
v -30.000000 14.000000 2.000001
v -30.083334 13.725000 1.950001
v -30.083334 13.275000 1.950001
v -30.250000 13.725000 1.950001
v -30.250000 13.275000 1.950001
v -30.416666 13.725000 1.950001
v -30.416666 13.275000 1.950001
v -30.583334 13.725000 1.950001
v -30.583334 13.275000 1.950001
v -30.750000 13.725000 1.950001
v -30.750000 13.275000 1.950001
v -30.916666 13.725000 1.950001
v -30.916666 13.275000 1.950001
v -30.083334 13.775000 2.000001
v -30.083334 13.225000 2.000001
v -30.250000 13.775000 2.000001
v -30.250000 13.225000 2.000001
v -30.416666 13.775000 2.000001
v -30.416666 13.225000 2.000001
v -30.583334 13.775000 2.000001
v -30.583334 13.225000 2.000001
v -30.750000 13.775000 2.000001
v -30.750000 13.225000 2.000001
v -30.916666 13.775000 2.000001
v -30.916666 13.225000 2.000001
v -30.962500 13.137500 2.000001
v -30.962500 13.212500 2.000001
v -30.962500 13.137500 2.075001
v -30.981251 13.156250 2.150001
v -30.962500 13.212500 2.075001
v -31.000000 13.137500 2.075001
v -31.000000 13.156250 2.150001
v -31.000000 13.193749 2.150001
v -31.000000 13.212500 2.075001
v -30.981251 13.193749 2.150001
v -31.000000 13.212500 2.000001
v -30.037500 13.787500 2.000001
v -30.037500 13.862500 2.000001
v -30.037500 13.787500 2.075001
v -30.018749 13.806250 2.150001
v -30.037500 13.862500 2.075001
v -30.000000 13.787500 2.075001
v -30.000000 13.806250 2.150001
v -30.000000 13.843750 2.150001
v -30.000000 13.862500 2.075001
v -30.018749 13.843750 2.150001
v -30.000000 13.862500 2.000001
v -30.962500 13.787500 2.000001
v -30.962500 13.862500 2.000001
v -30.962500 13.787500 2.075001
v -30.981251 13.806250 2.150001
v -30.962500 13.862500 2.075001
v -31.000000 13.787500 2.075001
v -31.000000 13.806250 2.150001
v -31.000000 13.843750 2.150001
v -31.000000 13.862500 2.075001
v -30.981251 13.843750 2.150001
v -31.000000 13.862500 2.000001
v -30.037500 13.137500 2.000001
v -30.037500 13.212500 2.000001
v -30.037500 13.137500 2.075001
v -30.018749 13.156250 2.150001
v -30.037500 13.212500 2.075001
v -30.000000 13.137500 2.075001
v -30.000000 13.156250 2.150001
v -30.000000 13.193749 2.150001
v -30.000000 13.212500 2.075001
v -30.018749 13.193749 2.150001
v -30.000000 13.212500 2.000001
v -30.370832 13.787500 2.000001
v -30.370832 13.862500 2.000001
v -30.370832 13.787500 2.075001
v -30.352083 13.806250 2.150001
v -30.370832 13.862500 2.075001
v -30.295834 13.787500 2.075001
v -30.314583 13.806250 2.150001
v -30.295834 13.862500 2.075001
v -30.295834 13.787500 2.000001
v -30.295834 13.862500 2.000001
v -30.314583 13.843750 2.150001
v -30.352083 13.843750 2.150001
v -30.370832 13.137500 2.000001
v -30.370832 13.212500 2.000001
v -30.370832 13.137500 2.075001
v -30.352083 13.156250 2.150001
v -30.370832 13.212500 2.075001
v -30.295834 13.137500 2.075001
v -30.314583 13.156250 2.150001
v -30.295834 13.212500 2.075001
v -30.295834 13.137500 2.000001
v -30.295834 13.212500 2.000001
v -30.314583 13.193749 2.150001
v -30.352083 13.193749 2.150001
v -30.704166 13.137500 2.000001
v -30.704166 13.212500 2.000001
v -30.704166 13.137500 2.075001
v -30.685417 13.156250 2.150001
v -30.704166 13.212500 2.075001
v -30.629166 13.137500 2.075001
v -30.647917 13.156250 2.150001
v -30.629166 13.212500 2.075001
v -30.629166 13.137500 2.000001
v -30.629166 13.212500 2.000001
v -30.647917 13.193749 2.150001
v -30.685417 13.193749 2.150001
v -30.704166 13.787500 2.000001
v -30.704166 13.862500 2.000001
v -30.704166 13.787500 2.075001
v -30.685417 13.806250 2.150001
v -30.704166 13.862500 2.075001
v -30.629166 13.787500 2.075001
v -30.647917 13.806250 2.150001
v -30.629166 13.862500 2.075001
v -30.629166 13.787500 2.000001
v -30.629166 13.862500 2.000001
v -30.647917 13.843750 2.150001
v -30.685417 13.843750 2.150001
v -30.000000 1.000000 2.000001
v -30.000000 2.000000 2.000001
v -29.000000 1.000000 2.000001
v -29.750000 1.000000 2.000001
v -29.250000 2.000000 2.000001
v -29.416666 2.000000 2.000001
v -29.583334 2.000000 2.000001
v -29.750000 2.000000 2.000001
v -29.583334 1.000000 2.000001
v -29.416666 1.000000 2.000001
v -29.250000 1.000000 2.000001
v -29.000000 2.000000 2.000001
v -29.083334 1.725001 1.950001
v -29.083334 1.275000 1.950001
v -29.250000 1.725001 1.950001
v -29.250000 1.275000 1.950001
v -29.416666 1.725001 1.950001
v -29.416666 1.275000 1.950001
v -29.583334 1.725001 1.950001
v -29.583334 1.275000 1.950001
v -29.750000 1.725001 1.950001
v -29.750000 1.275000 1.950001
v -29.916666 1.725001 1.950001
v -29.916666 1.275000 1.950001
v -29.083334 1.775001 2.000001
v -29.083334 1.225000 2.000001
v -29.250000 1.775001 2.000001
v -29.250000 1.225000 2.000001
v -29.416666 1.775001 2.000001
v -29.416666 1.225000 2.000001
v -29.583334 1.775001 2.000001
v -29.583334 1.225000 2.000001
v -29.750000 1.775001 2.000001
v -29.750000 1.225000 2.000001
v -29.916666 1.775001 2.000001
v -29.916666 1.225000 2.000001
v -29.962500 1.137500 2.000001
v -29.962500 1.212500 2.000001
v -29.962500 1.137500 2.075001
v -29.981251 1.156250 2.150001
v -29.962500 1.212500 2.075001
v -30.000000 1.137500 2.075001
v -30.000000 1.156250 2.150001
v -30.000000 1.193750 2.150001
v -30.000000 1.212500 2.075001
v -29.981251 1.193750 2.150001
v -30.000000 1.212500 2.000001
v -29.037500 1.787501 2.000001
v -29.037500 1.862501 2.000001
v -29.037500 1.787501 2.075001
v -29.018749 1.806251 2.150001
v -29.037500 1.862501 2.075001
v -29.000000 1.787501 2.075001
v -29.000000 1.806251 2.150001
v -29.000000 1.843750 2.150001
v -29.000000 1.862501 2.075001
v -29.018749 1.843750 2.150001
v -29.000000 1.862501 2.000001
v -29.962500 1.787501 2.000001
v -29.962500 1.862501 2.000001
v -29.962500 1.787501 2.075001
v -29.981251 1.806251 2.150001
v -29.962500 1.862501 2.075001
v -30.000000 1.787501 2.075001
v -30.000000 1.806251 2.150001
v -30.000000 1.843750 2.150001
v -30.000000 1.862501 2.075001
v -29.981251 1.843750 2.150001
v -30.000000 1.862501 2.000001
v -29.037500 1.137500 2.000001
v -29.037500 1.212500 2.000001
v -29.037500 1.137500 2.075001
v -29.018749 1.156250 2.150001
v -29.037500 1.212500 2.075001
v -29.000000 1.137500 2.075001
v -29.000000 1.156250 2.150001
v -29.000000 1.193750 2.150001
v -29.000000 1.212500 2.075001
v -29.018749 1.193750 2.150001
v -29.000000 1.212500 2.000001
v -29.370832 1.787501 2.000001
v -29.370832 1.862501 2.000001
v -29.370832 1.787501 2.075001
v -29.352083 1.806251 2.150001
v -29.370832 1.862501 2.075001
v -29.295834 1.787501 2.075001
v -29.314583 1.806251 2.150001
v -29.295834 1.862501 2.075001
v -29.295834 1.787501 2.000001
v -29.295834 1.862501 2.000001
v -29.314583 1.843750 2.150001
v -29.352083 1.843750 2.150001
v -29.370832 1.137500 2.000001
v -29.370832 1.212500 2.000001
v -29.370832 1.137500 2.075001
v -29.352083 1.156250 2.150001
v -29.370832 1.212500 2.075001
v -29.295834 1.137500 2.075001
v -29.314583 1.156250 2.150001
v -29.295834 1.212500 2.075001
v -29.295834 1.137500 2.000001
v -29.295834 1.212500 2.000001
v -29.314583 1.193750 2.150001
v -29.352083 1.193750 2.150001
v -29.704166 1.137500 2.000001
v -29.704166 1.212500 2.000001
v -29.704166 1.137500 2.075001
v -29.685417 1.156250 2.150001
v -29.704166 1.212500 2.075001
v -29.629166 1.137500 2.075001
v -29.647917 1.156250 2.150001
v -29.629166 1.212500 2.075001
v -29.629166 1.137500 2.000001
v -29.629166 1.212500 2.000001
v -29.647917 1.193750 2.150001
v -29.685417 1.193750 2.150001
v -29.704166 1.787501 2.000001
v -29.704166 1.862501 2.000001
v -29.704166 1.787501 2.075001
v -29.685417 1.806251 2.150001
v -29.704166 1.862501 2.075001
v -29.629166 1.787501 2.075001
v -29.647917 1.806251 2.150001
v -29.629166 1.862501 2.075001
v -29.629166 1.787501 2.000001
v -29.629166 1.862501 2.000001
v -29.647917 1.843750 2.150001
v -29.685417 1.843750 2.150001
v -30.000000 2.000000 2.000001
v -29.000000 2.000000 2.000001
v -30.000000 3.000000 2.000001
v -29.000000 3.000000 2.000001
v -29.370832 2.137500 2.000001
v -29.370832 2.212500 2.000001
v -29.295834 2.137500 2.000001
v -29.295834 2.212500 2.000001
v -29.352083 2.156250 2.150001
v -29.370832 2.137500 2.075001
v -29.352083 2.193750 2.150001
v -29.370832 2.212500 2.075001
v -29.314583 2.156250 2.150001
v -29.295834 2.137500 2.075001
v -29.314583 2.193750 2.150001
v -29.295834 2.212500 2.075001
v -29.704165 2.787501 2.000001
v -29.704165 2.862501 2.000001
v -29.629166 2.787501 2.000001
v -29.629166 2.862501 2.000001
v -29.685415 2.806251 2.150001
v -29.704165 2.787501 2.075001
v -29.685415 2.843750 2.150001
v -29.704165 2.862501 2.075001
v -29.647915 2.806251 2.150001
v -29.629166 2.787501 2.075001
v -29.647915 2.843750 2.150001
v -29.629166 2.862501 2.075001
v -29.704165 2.137500 2.000001
v -29.704165 2.212500 2.000001
v -29.629166 2.137500 2.000001
v -29.629166 2.212500 2.000001
v -29.685415 2.156250 2.150001
v -29.704165 2.137500 2.075001
v -29.685415 2.193750 2.150001
v -29.704165 2.212500 2.075001
v -29.647915 2.156250 2.150001
v -29.629166 2.137500 2.075001
v -29.647915 2.193750 2.150001
v -29.629166 2.212500 2.075001
v -29.370832 2.787501 2.000001
v -29.370832 2.862501 2.000001
v -29.295832 2.787501 2.000001
v -29.295832 2.862501 2.000001
v -29.352083 2.806251 2.150001
v -29.370832 2.787501 2.075001
v -29.352083 2.843750 2.150001
v -29.370832 2.862501 2.075001
v -29.314583 2.806251 2.150001
v -29.295832 2.787501 2.075001
v -29.314583 2.843750 2.150001
v -29.295832 2.862501 2.075001
v -29.962500 2.137500 2.000001
v -29.962500 2.212500 2.000001
v -30.000000 2.212500 2.000001
v -29.981249 2.156250 2.150001
v -29.962500 2.137500 2.075001
v -29.981249 2.193750 2.150001
v -29.962500 2.212500 2.075001
v -30.000000 2.137500 2.075001
v -30.000000 2.156250 2.150001
v -30.000000 2.193750 2.150001
v -30.000000 2.212500 2.075001
v -29.962500 2.787501 2.000001
v -29.962500 2.862501 2.000001
v -30.000000 2.862501 2.000001
v -29.981249 2.806251 2.150001
v -29.962500 2.787501 2.075001
v -29.981249 2.843750 2.150001
v -29.962500 2.862501 2.075001
v -30.000000 2.787501 2.075001
v -30.000000 2.806251 2.150001
v -30.000000 2.843750 2.150001
v -30.000000 2.862501 2.075001
v -29.037500 2.137500 2.000001
v -29.037500 2.212500 2.000001
v -29.000000 2.212500 2.000001
v -29.018749 2.156250 2.150001
v -29.037500 2.137500 2.075001
v -29.018749 2.193750 2.150001
v -29.037500 2.212500 2.075001
v -29.000000 2.156250 2.150001
v -29.000000 2.137500 2.075001
v -29.000000 2.212500 2.075001
v -29.000000 2.193750 2.150001
v -29.037500 2.787501 2.000001
v -29.037500 2.862501 2.000001
v -29.000000 2.862501 2.000001
v -29.018749 2.806251 2.150001
v -29.037500 2.787501 2.075001
v -29.018749 2.843750 2.150001
v -29.037500 2.862501 2.075001
v -29.000000 2.806251 2.150001
v -29.000000 2.787501 2.075001
v -29.000000 2.862501 2.075001
v -29.000000 2.843750 2.150001
v -30.000000 3.000000 2.000001
v -30.000000 4.000000 2.000001
v -29.000000 3.000000 2.000001
v -29.750000 3.000000 2.000001
v -29.250000 4.000000 2.000001
v -29.416666 4.000000 2.000001
v -29.583334 4.000000 2.000001
v -29.750000 4.000000 2.000001
v -29.583334 3.000000 2.000001
v -29.416666 3.000000 2.000001
v -29.250000 3.000000 2.000001
v -29.000000 4.000000 2.000001
v -29.083334 3.725000 1.950001
v -29.083334 3.275000 1.950001
v -29.250000 3.725000 1.950001
v -29.250000 3.275000 1.950001
v -29.416666 3.725000 1.950001
v -29.416666 3.275000 1.950001
v -29.583334 3.725000 1.950001
v -29.583334 3.275000 1.950001
v -29.750000 3.725000 1.950001
v -29.750000 3.275000 1.950001
v -29.916666 3.725000 1.950001
v -29.916666 3.275000 1.950001
v -29.083334 3.775000 2.000001
v -29.083334 3.225000 2.000001
v -29.250000 3.775000 2.000001
v -29.250000 3.225000 2.000001
v -29.416666 3.775000 2.000001
v -29.416666 3.225000 2.000001
v -29.583334 3.775000 2.000001
v -29.583334 3.225000 2.000001
v -29.750000 3.775000 2.000001
v -29.750000 3.225000 2.000001
v -29.916666 3.775000 2.000001
v -29.916666 3.225000 2.000001
v -29.962500 3.137500 2.000001
v -29.962500 3.212500 2.000001
v -29.962500 3.137500 2.075001
v -29.981251 3.156250 2.150001
v -29.962500 3.212500 2.075001
v -30.000000 3.137500 2.075001
v -30.000000 3.156250 2.150001
v -30.000000 3.193750 2.150001
v -30.000000 3.212500 2.075001
v -29.981251 3.193750 2.150001
v -30.000000 3.212500 2.000001
v -29.037500 3.787500 2.000001
v -29.037500 3.862500 2.000001
v -29.037500 3.787500 2.075001
v -29.018749 3.806250 2.150001
v -29.037500 3.862500 2.075001
v -29.000000 3.787500 2.075001
v -29.000000 3.806250 2.150001
v -29.000000 3.843750 2.150001
v -29.000000 3.862500 2.075001
v -29.018749 3.843750 2.150001
v -29.000000 3.862500 2.000001
v -29.962500 3.787500 2.000001
v -29.962500 3.862500 2.000001
v -29.962500 3.787500 2.075001
v -29.981251 3.806250 2.150001
v -29.962500 3.862500 2.075001
v -30.000000 3.787500 2.075001
v -30.000000 3.806250 2.150001
v -30.000000 3.843750 2.150001
v -30.000000 3.862500 2.075001
v -29.981251 3.843750 2.150001
v -30.000000 3.862500 2.000001
v -29.037500 3.137500 2.000001
v -29.037500 3.212500 2.000001
v -29.037500 3.137500 2.075001
v -29.018749 3.156250 2.150001
v -29.037500 3.212500 2.075001
v -29.000000 3.137500 2.075001
v -29.000000 3.156250 2.150001
v -29.000000 3.193750 2.150001
v -29.000000 3.212500 2.075001
v -29.018749 3.193750 2.150001
v -29.000000 3.212500 2.000001
v -29.370832 3.787500 2.000001
v -29.370832 3.862500 2.000001
v -29.370832 3.787500 2.075001
v -29.352083 3.806250 2.150001
v -29.370832 3.862500 2.075001
v -29.295834 3.787500 2.075001
v -29.314583 3.806250 2.150001
v -29.295834 3.862500 2.075001
v -29.295834 3.787500 2.000001
v -29.295834 3.862500 2.000001
v -29.314583 3.843750 2.150001
v -29.352083 3.843750 2.150001
v -29.370832 3.137500 2.000001
v -29.370832 3.212500 2.000001
v -29.370832 3.137500 2.075001
v -29.352083 3.156250 2.150001
v -29.370832 3.212500 2.075001
v -29.295834 3.137500 2.075001
v -29.314583 3.156250 2.150001
v -29.295834 3.212500 2.075001
v -29.295834 3.137500 2.000001
v -29.295834 3.212500 2.000001
v -29.314583 3.193750 2.150001
v -29.352083 3.193750 2.150001
v -29.704166 3.137500 2.000001
v -29.704166 3.212500 2.000001
v -29.704166 3.137500 2.075001
v -29.685417 3.156250 2.150001
v -29.704166 3.212500 2.075001
v -29.629166 3.137500 2.075001
v -29.647917 3.156250 2.150001
v -29.629166 3.212500 2.075001
v -29.629166 3.137500 2.000001
v -29.629166 3.212500 2.000001
v -29.647917 3.193750 2.150001
v -29.685417 3.193750 2.150001
v -29.704166 3.787500 2.000001
v -29.704166 3.862500 2.000001
v -29.704166 3.787500 2.075001
v -29.685417 3.806250 2.150001
v -29.704166 3.862500 2.075001
v -29.629166 3.787500 2.075001
v -29.647917 3.806250 2.150001
v -29.629166 3.862500 2.075001
v -29.629166 3.787500 2.000001
v -29.629166 3.862500 2.000001
v -29.647917 3.843750 2.150001
v -29.685417 3.843750 2.150001
v -30.000000 4.000000 2.000001
v -29.000000 4.000000 2.000001
v -30.000000 5.000000 2.000001
v -29.000000 5.000000 2.000001
v -29.370832 4.137500 2.000001
v -29.370832 4.212500 2.000001
v -29.295834 4.137500 2.000001
v -29.295834 4.212500 2.000001
v -29.352083 4.156250 2.150001
v -29.370832 4.137500 2.075001
v -29.352083 4.193750 2.150001
v -29.370832 4.212500 2.075001
v -29.314583 4.156250 2.150001
v -29.295834 4.137500 2.075001
v -29.314583 4.193750 2.150001
v -29.295834 4.212500 2.075001
v -29.704165 4.787500 2.000001
v -29.704165 4.862500 2.000001
v -29.629166 4.787500 2.000001
v -29.629166 4.862500 2.000001
v -29.685415 4.806250 2.150001
v -29.704165 4.787500 2.075001
v -29.685415 4.843750 2.150001
v -29.704165 4.862500 2.075001
v -29.647915 4.806250 2.150001
v -29.629166 4.787500 2.075001
v -29.647915 4.843750 2.150001
v -29.629166 4.862500 2.075001
v -29.704165 4.137500 2.000001
v -29.704165 4.212500 2.000001
v -29.629166 4.137500 2.000001
v -29.629166 4.212500 2.000001
v -29.685415 4.156250 2.150001
v -29.704165 4.137500 2.075001
v -29.685415 4.193750 2.150001
v -29.704165 4.212500 2.075001
v -29.647915 4.156250 2.150001
v -29.629166 4.137500 2.075001
v -29.647915 4.193750 2.150001
v -29.629166 4.212500 2.075001
v -29.370832 4.787500 2.000001
v -29.370832 4.862500 2.000001
v -29.295832 4.787500 2.000001
v -29.295832 4.862500 2.000001
v -29.352083 4.806250 2.150001
v -29.370832 4.787500 2.075001
v -29.352083 4.843750 2.150001
v -29.370832 4.862500 2.075001
v -29.314583 4.806250 2.150001
v -29.295832 4.787500 2.075001
v -29.314583 4.843750 2.150001
v -29.295832 4.862500 2.075001
v -29.962500 4.137500 2.000001
v -29.962500 4.212500 2.000001
v -30.000000 4.212500 2.000001
v -29.981249 4.156250 2.150001
v -29.962500 4.137500 2.075001
v -29.981249 4.193750 2.150001
v -29.962500 4.212500 2.075001
v -30.000000 4.137500 2.075001
v -30.000000 4.156250 2.150001
v -30.000000 4.193750 2.150001
v -30.000000 4.212500 2.075001
v -29.962500 4.787500 2.000001
v -29.962500 4.862500 2.000001
v -30.000000 4.862500 2.000001
v -29.981249 4.806250 2.150001
v -29.962500 4.787500 2.075001
v -29.981249 4.843750 2.150001
v -29.962500 4.862500 2.075001
v -30.000000 4.787500 2.075001
v -30.000000 4.806250 2.150001
v -30.000000 4.843750 2.150001
v -30.000000 4.862500 2.075001
v -29.037500 4.137500 2.000001
v -29.037500 4.212500 2.000001
v -29.000000 4.212500 2.000001
v -29.018749 4.156250 2.150001
v -29.037500 4.137500 2.075001
v -29.018749 4.193750 2.150001
v -29.037500 4.212500 2.075001
v -29.000000 4.156250 2.150001
v -29.000000 4.137500 2.075001
v -29.000000 4.212500 2.075001
v -29.000000 4.193750 2.150001
v -29.037500 4.787500 2.000001
v -29.037500 4.862500 2.000001
v -29.000000 4.862500 2.000001
v -29.018749 4.806250 2.150001
v -29.037500 4.787500 2.075001
v -29.018749 4.843750 2.150001
v -29.037500 4.862500 2.075001
v -29.000000 4.806250 2.150001
v -29.000000 4.787500 2.075001
v -29.000000 4.862500 2.075001
v -29.000000 4.843750 2.150001
v -30.000000 5.000000 2.000001
v -30.000000 4.000000 2.000001
v -29.000000 4.000000 2.000001
v -29.000000 5.000000 2.000001
v -30.000000 4.000000 2.000001
v -29.000000 4.000000 2.000001
v -29.000000 5.000000 2.000001
v -30.000000 5.000000 2.000001
v -29.166666 4.333333 2.000001
v -29.833332 4.333333 2.000001
v -29.166666 4.666667 2.000001
v -29.833332 4.666667 2.000001
v -29.166666 4.333333 1.700001
v -29.833332 4.333333 1.700001
v -29.166666 4.666667 1.700001
v -29.833332 4.666667 1.700001
v -30.000000 5.000000 2.000001
v -29.000000 5.000000 2.000001
v -30.000000 6.000000 2.000001
v -29.000000 6.000000 2.000001
v -29.370832 5.137500 2.000001
v -29.370832 5.212500 2.000001
v -29.295834 5.137500 2.000001
v -29.295834 5.212500 2.000001
v -29.352083 5.156250 2.150001
v -29.370832 5.137500 2.075001
v -29.352083 5.193750 2.150001
v -29.370832 5.212500 2.075001
v -29.314583 5.156250 2.150001
v -29.295834 5.137500 2.075001
v -29.314583 5.193750 2.150001
v -29.295834 5.212500 2.075001
v -29.704165 5.787500 2.000001
v -29.704165 5.862500 2.000001
v -29.629166 5.787500 2.000001
v -29.629166 5.862500 2.000001
v -29.685415 5.806250 2.150001
v -29.704165 5.787500 2.075001
v -29.685415 5.843750 2.150001
v -29.704165 5.862500 2.075001
v -29.647915 5.806250 2.150001
v -29.629166 5.787500 2.075001
v -29.647915 5.843750 2.150001
v -29.629166 5.862500 2.075001
v -29.704165 5.137500 2.000001
v -29.704165 5.212500 2.000001
v -29.629166 5.137500 2.000001
v -29.629166 5.212500 2.000001
v -29.685415 5.156250 2.150001
v -29.704165 5.137500 2.075001
v -29.685415 5.193750 2.150001
v -29.704165 5.212500 2.075001
v -29.647915 5.156250 2.150001
v -29.629166 5.137500 2.075001
v -29.647915 5.193750 2.150001
v -29.629166 5.212500 2.075001
v -29.370832 5.787500 2.000001
v -29.370832 5.862500 2.000001
v -29.295832 5.787500 2.000001
v -29.295832 5.862500 2.000001
v -29.352083 5.806250 2.150001
v -29.370832 5.787500 2.075001
v -29.352083 5.843750 2.150001
v -29.370832 5.862500 2.075001
v -29.314583 5.806250 2.150001
v -29.295832 5.787500 2.075001
v -29.314583 5.843750 2.150001
v -29.295832 5.862500 2.075001
v -29.962500 5.137500 2.000001
v -29.962500 5.212500 2.000001
v -30.000000 5.212500 2.000001
v -29.981249 5.156250 2.150001
v -29.962500 5.137500 2.075001
v -29.981249 5.193750 2.150001
v -29.962500 5.212500 2.075001
v -30.000000 5.137500 2.075001
v -30.000000 5.156250 2.150001
v -30.000000 5.193750 2.150001
v -30.000000 5.212500 2.075001
v -29.962500 5.787500 2.000001
v -29.962500 5.862500 2.000001
v -30.000000 5.862500 2.000001
v -29.981249 5.806250 2.150001
v -29.962500 5.787500 2.075001
v -29.981249 5.843750 2.150001
v -29.962500 5.862500 2.075001
v -30.000000 5.787500 2.075001
v -30.000000 5.806250 2.150001
v -30.000000 5.843750 2.150001
v -30.000000 5.862500 2.075001
v -29.037500 5.137500 2.000001
v -29.037500 5.212500 2.000001
v -29.000000 5.212500 2.000001
v -29.018749 5.156250 2.150001
v -29.037500 5.137500 2.075001
v -29.018749 5.193750 2.150001
v -29.037500 5.212500 2.075001
v -29.000000 5.156250 2.150001
v -29.000000 5.137500 2.075001
v -29.000000 5.212500 2.075001
v -29.000000 5.193750 2.150001
v -29.037500 5.787500 2.000001
v -29.037500 5.862500 2.000001
v -29.000000 5.862500 2.000001
v -29.018749 5.806250 2.150001
v -29.037500 5.787500 2.075001
v -29.018749 5.843750 2.150001
v -29.037500 5.862500 2.075001
v -29.000000 5.806250 2.150001
v -29.000000 5.787500 2.075001
v -29.000000 5.862500 2.075001
v -29.000000 5.843750 2.150001
v -30.000000 6.000000 2.000001
v -30.000000 5.000000 2.000001
v -29.000000 5.000000 2.000001
v -29.000000 6.000000 2.000001
v -30.000000 5.000000 2.000001
v -29.000000 5.000000 2.000001
v -29.000000 6.000000 2.000001
v -30.000000 6.000000 2.000001
v -29.166666 5.333333 2.000001
v -29.833332 5.333333 2.000001
v -29.166666 5.666667 2.000001
v -29.833332 5.666667 2.000001
v -29.166666 5.333333 1.700001
v -29.833332 5.333333 1.700001
v -29.166666 5.666667 1.700001
v -29.833332 5.666667 1.700001
v -30.000000 6.000000 2.000001
v -29.000000 6.000000 2.000001
v -30.000000 7.000000 2.000001
v -29.000000 7.000000 2.000001
v -29.370832 6.137500 2.000001
v -29.370832 6.212500 2.000001
v -29.295834 6.137500 2.000001
v -29.295834 6.212500 2.000001
v -29.352083 6.156250 2.150001
v -29.370832 6.137500 2.075001
v -29.352083 6.193750 2.150001
v -29.370832 6.212500 2.075001
v -29.314583 6.156250 2.150001
v -29.295834 6.137500 2.075001
v -29.314583 6.193750 2.150001
v -29.295834 6.212500 2.075001
v -29.704165 6.787500 2.000001
v -29.704165 6.862500 2.000001
v -29.629166 6.787500 2.000001
v -29.629166 6.862500 2.000001
v -29.685415 6.806250 2.150001
v -29.704165 6.787500 2.075001
v -29.685415 6.843750 2.150001
v -29.704165 6.862500 2.075001
v -29.647915 6.806250 2.150001
v -29.629166 6.787500 2.075001
v -29.647915 6.843750 2.150001
v -29.629166 6.862500 2.075001
v -29.704165 6.137500 2.000001
v -29.704165 6.212500 2.000001
v -29.629166 6.137500 2.000001
v -29.629166 6.212500 2.000001
v -29.685415 6.156250 2.150001
v -29.704165 6.137500 2.075001
v -29.685415 6.193750 2.150001
v -29.704165 6.212500 2.075001
v -29.647915 6.156250 2.150001
v -29.629166 6.137500 2.075001
v -29.647915 6.193750 2.150001
v -29.629166 6.212500 2.075001
v -29.370832 6.787500 2.000001
v -29.370832 6.862500 2.000001
v -29.295832 6.787500 2.000001
v -29.295832 6.862500 2.000001
v -29.352083 6.806250 2.150001
v -29.370832 6.787500 2.075001
v -29.352083 6.843750 2.150001
v -29.370832 6.862500 2.075001
v -29.314583 6.806250 2.150001
v -29.295832 6.787500 2.075001
v -29.314583 6.843750 2.150001
v -29.295832 6.862500 2.075001
v -29.962500 6.137500 2.000001
v -29.962500 6.212500 2.000001
v -30.000000 6.212500 2.000001
v -29.981249 6.156250 2.150001
v -29.962500 6.137500 2.075001
v -29.981249 6.193750 2.150001
v -29.962500 6.212500 2.075001
v -30.000000 6.137500 2.075001
v -30.000000 6.156250 2.150001
v -30.000000 6.193750 2.150001
v -30.000000 6.212500 2.075001
v -29.962500 6.787500 2.000001
v -29.962500 6.862500 2.000001
v -30.000000 6.862500 2.000001
v -29.981249 6.806250 2.150001
v -29.962500 6.787500 2.075001
v -29.981249 6.843750 2.150001
v -29.962500 6.862500 2.075001
v -30.000000 6.787500 2.075001
v -30.000000 6.806250 2.150001
v -30.000000 6.843750 2.150001
v -30.000000 6.862500 2.075001
v -29.037500 6.137500 2.000001
v -29.037500 6.212500 2.000001
v -29.000000 6.212500 2.000001
v -29.018749 6.156250 2.150001
v -29.037500 6.137500 2.075001
v -29.018749 6.193750 2.150001
v -29.037500 6.212500 2.075001
v -29.000000 6.156250 2.150001
v -29.000000 6.137500 2.075001
v -29.000000 6.212500 2.075001
v -29.000000 6.193750 2.150001
v -29.037500 6.787500 2.000001
v -29.037500 6.862500 2.000001
v -29.000000 6.862500 2.000001
v -29.018749 6.806250 2.150001
v -29.037500 6.787500 2.075001
v -29.018749 6.843750 2.150001
v -29.037500 6.862500 2.075001
v -29.000000 6.806250 2.150001
v -29.000000 6.787500 2.075001
v -29.000000 6.862500 2.075001
v -29.000000 6.843750 2.150001
v -30.000000 7.000000 2.000001
v -30.000000 8.000000 2.000001
v -29.000000 7.000000 2.000001
v -29.750000 7.000000 2.000001
v -29.250000 8.000000 2.000001
v -29.416666 8.000000 2.000001
v -29.583334 8.000000 2.000001
v -29.750000 8.000000 2.000001
v -29.583334 7.000000 2.000001
v -29.416666 7.000000 2.000001
v -29.250000 7.000000 2.000001
v -29.000000 8.000000 2.000001
v -29.083334 7.725000 1.950001
v -29.083334 7.275000 1.950001
v -29.250000 7.725000 1.950001
v -29.250000 7.275000 1.950001
v -29.416666 7.725000 1.950001
v -29.416666 7.275000 1.950001
v -29.583334 7.725000 1.950001
v -29.583334 7.275000 1.950001
v -29.750000 7.725000 1.950001
v -29.750000 7.275000 1.950001
v -29.916666 7.725000 1.950001
v -29.916666 7.275000 1.950001
v -29.083334 7.775000 2.000001
v -29.083334 7.225000 2.000001
v -29.250000 7.775000 2.000001
v -29.250000 7.225000 2.000001
v -29.416666 7.775000 2.000001
v -29.416666 7.225000 2.000001
v -29.583334 7.775000 2.000001
v -29.583334 7.225000 2.000001
v -29.750000 7.775000 2.000001
v -29.750000 7.225000 2.000001
v -29.916666 7.775000 2.000001
v -29.916666 7.225000 2.000001
v -29.962500 7.137500 2.000001
v -29.962500 7.212500 2.000001
v -29.962500 7.137500 2.075001
v -29.981251 7.156250 2.150001
v -29.962500 7.212500 2.075001
v -30.000000 7.137500 2.075001
v -30.000000 7.156250 2.150001
v -30.000000 7.193750 2.150001
v -30.000000 7.212500 2.075001
v -29.981251 7.193750 2.150001
v -30.000000 7.212500 2.000001
v -29.037500 7.787500 2.000001
v -29.037500 7.862500 2.000001
v -29.037500 7.787500 2.075001
v -29.018749 7.806250 2.150001
v -29.037500 7.862500 2.075001
v -29.000000 7.787500 2.075001
v -29.000000 7.806250 2.150001
v -29.000000 7.843750 2.150001
v -29.000000 7.862500 2.075001
v -29.018749 7.843750 2.150001
v -29.000000 7.862500 2.000001
v -29.962500 7.787500 2.000001
v -29.962500 7.862500 2.000001
v -29.962500 7.787500 2.075001
v -29.981251 7.806250 2.150001
v -29.962500 7.862500 2.075001
v -30.000000 7.787500 2.075001
v -30.000000 7.806250 2.150001
v -30.000000 7.843750 2.150001
v -30.000000 7.862500 2.075001
v -29.981251 7.843750 2.150001
v -30.000000 7.862500 2.000001
v -29.037500 7.137500 2.000001
v -29.037500 7.212500 2.000001
v -29.037500 7.137500 2.075001
v -29.018749 7.156250 2.150001
v -29.037500 7.212500 2.075001
v -29.000000 7.137500 2.075001
v -29.000000 7.156250 2.150001
v -29.000000 7.193750 2.150001
v -29.000000 7.212500 2.075001
v -29.018749 7.193750 2.150001
v -29.000000 7.212500 2.000001
v -29.370832 7.787500 2.000001
v -29.370832 7.862500 2.000001
v -29.370832 7.787500 2.075001
v -29.352083 7.806250 2.150001
v -29.370832 7.862500 2.075001
v -29.295834 7.787500 2.075001
v -29.314583 7.806250 2.150001
v -29.295834 7.862500 2.075001
v -29.295834 7.787500 2.000001
v -29.295834 7.862500 2.000001
v -29.314583 7.843750 2.150001
v -29.352083 7.843750 2.150001
v -29.370832 7.137500 2.000001
v -29.370832 7.212500 2.000001
v -29.370832 7.137500 2.075001
v -29.352083 7.156250 2.150001
v -29.370832 7.212500 2.075001
v -29.295834 7.137500 2.075001
v -29.314583 7.156250 2.150001
v -29.295834 7.212500 2.075001
v -29.295834 7.137500 2.000001
v -29.295834 7.212500 2.000001
v -29.314583 7.193750 2.150001
v -29.352083 7.193750 2.150001
v -29.704166 7.137500 2.000001
v -29.704166 7.212500 2.000001
v -29.704166 7.137500 2.075001
v -29.685417 7.156250 2.150001
v -29.704166 7.212500 2.075001
v -29.629166 7.137500 2.075001
v -29.647917 7.156250 2.150001
v -29.629166 7.212500 2.075001
v -29.629166 7.137500 2.000001
v -29.629166 7.212500 2.000001
v -29.647917 7.193750 2.150001
v -29.685417 7.193750 2.150001
v -29.704166 7.787500 2.000001
v -29.704166 7.862500 2.000001
v -29.704166 7.787500 2.075001
v -29.685417 7.806250 2.150001
v -29.704166 7.862500 2.075001
v -29.629166 7.787500 2.075001
v -29.647917 7.806250 2.150001
v -29.629166 7.862500 2.075001
v -29.629166 7.787500 2.000001
v -29.629166 7.862500 2.000001
v -29.647917 7.843750 2.150001
v -29.685417 7.843750 2.150001
v -30.000000 8.000000 2.000001
v -30.000000 9.000000 2.000001
v -29.000000 8.000000 2.000001
v -29.750000 8.000000 2.000001
v -29.250000 9.000000 2.000001
v -29.416666 9.000000 2.000001
v -29.583334 9.000000 2.000001
v -29.750000 9.000000 2.000001
v -29.583334 8.000000 2.000001
v -29.416666 8.000000 2.000001
v -29.250000 8.000000 2.000001
v -29.000000 9.000000 2.000001
v -29.083334 8.725000 1.950001
v -29.083334 8.275000 1.950001
v -29.250000 8.725000 1.950001
v -29.250000 8.275000 1.950001
v -29.416666 8.725000 1.950001
v -29.416666 8.275000 1.950001
v -29.583334 8.725000 1.950001
v -29.583334 8.275000 1.950001
v -29.750000 8.725000 1.950001
v -29.750000 8.275000 1.950001
v -29.916666 8.725000 1.950001
v -29.916666 8.275000 1.950001
v -29.083334 8.775000 2.000001
v -29.083334 8.225000 2.000001
v -29.250000 8.775000 2.000001
v -29.250000 8.225000 2.000001
v -29.416666 8.775000 2.000001
v -29.416666 8.225000 2.000001
v -29.583334 8.775000 2.000001
v -29.583334 8.225000 2.000001
v -29.750000 8.775000 2.000001
v -29.750000 8.225000 2.000001
v -29.916666 8.775000 2.000001
v -29.916666 8.225000 2.000001
v -29.962500 8.137500 2.000001
v -29.962500 8.212500 2.000001
v -29.962500 8.137500 2.075001
v -29.981251 8.156250 2.150001
v -29.962500 8.212500 2.075001
v -30.000000 8.137500 2.075001
v -30.000000 8.156250 2.150001
v -30.000000 8.193749 2.150001
v -30.000000 8.212500 2.075001
v -29.981251 8.193749 2.150001
v -30.000000 8.212500 2.000001
v -29.037500 8.787500 2.000001
v -29.037500 8.862500 2.000001
v -29.037500 8.787500 2.075001
v -29.018749 8.806250 2.150001
v -29.037500 8.862500 2.075001
v -29.000000 8.787500 2.075001
v -29.000000 8.806250 2.150001
v -29.000000 8.843750 2.150001
v -29.000000 8.862500 2.075001
v -29.018749 8.843750 2.150001
v -29.000000 8.862500 2.000001
v -29.962500 8.787500 2.000001
v -29.962500 8.862500 2.000001
v -29.962500 8.787500 2.075001
v -29.981251 8.806250 2.150001
v -29.962500 8.862500 2.075001
v -30.000000 8.787500 2.075001
v -30.000000 8.806250 2.150001
v -30.000000 8.843750 2.150001
v -30.000000 8.862500 2.075001
v -29.981251 8.843750 2.150001
v -30.000000 8.862500 2.000001
v -29.037500 8.137500 2.000001
v -29.037500 8.212500 2.000001
v -29.037500 8.137500 2.075001
v -29.018749 8.156250 2.150001
v -29.037500 8.212500 2.075001
v -29.000000 8.137500 2.075001
v -29.000000 8.156250 2.150001
v -29.000000 8.193749 2.150001
v -29.000000 8.212500 2.075001
v -29.018749 8.193749 2.150001
v -29.000000 8.212500 2.000001
v -29.370832 8.787500 2.000001
v -29.370832 8.862500 2.000001
v -29.370832 8.787500 2.075001
v -29.352083 8.806250 2.150001
v -29.370832 8.862500 2.075001
v -29.295834 8.787500 2.075001
v -29.314583 8.806250 2.150001
v -29.295834 8.862500 2.075001
v -29.295834 8.787500 2.000001
v -29.295834 8.862500 2.000001
v -29.314583 8.843750 2.150001
v -29.352083 8.843750 2.150001
v -29.370832 8.137500 2.000001
v -29.370832 8.212500 2.000001
v -29.370832 8.137500 2.075001
v -29.352083 8.156250 2.150001
v -29.370832 8.212500 2.075001
v -29.295834 8.137500 2.075001
v -29.314583 8.156250 2.150001
v -29.295834 8.212500 2.075001
v -29.295834 8.137500 2.000001
v -29.295834 8.212500 2.000001
v -29.314583 8.193749 2.150001
v -29.352083 8.193749 2.150001
v -29.704166 8.137500 2.000001
v -29.704166 8.212500 2.000001
v -29.704166 8.137500 2.075001
v -29.685417 8.156250 2.150001
v -29.704166 8.212500 2.075001
v -29.629166 8.137500 2.075001
v -29.647917 8.156250 2.150001
v -29.629166 8.212500 2.075001
v -29.629166 8.137500 2.000001
v -29.629166 8.212500 2.000001
v -29.647917 8.193749 2.150001
v -29.685417 8.193749 2.150001
v -29.704166 8.787500 2.000001
v -29.704166 8.862500 2.000001
v -29.704166 8.787500 2.075001
v -29.685417 8.806250 2.150001
v -29.704166 8.862500 2.075001
v -29.629166 8.787500 2.075001
v -29.647917 8.806250 2.150001
v -29.629166 8.862500 2.075001
v -29.629166 8.787500 2.000001
v -29.629166 8.862500 2.000001
v -29.647917 8.843750 2.150001
v -29.685417 8.843750 2.150001
v -30.000000 9.000000 2.000001
v -29.000000 9.000000 2.000001
v -30.000000 10.000000 2.000001
v -29.000000 10.000000 2.000001
v -29.370832 9.137500 2.000001
v -29.370832 9.212500 2.000001
v -29.295834 9.137500 2.000001
v -29.295834 9.212500 2.000001
v -29.352083 9.156250 2.150001
v -29.370832 9.137500 2.075001
v -29.352083 9.193749 2.150001
v -29.370832 9.212500 2.075001
v -29.314583 9.156250 2.150001
v -29.295834 9.137500 2.075001
v -29.314583 9.193749 2.150001
v -29.295834 9.212500 2.075001
v -29.704165 9.787500 2.000001
v -29.704165 9.862500 2.000001
v -29.629166 9.787500 2.000001
v -29.629166 9.862500 2.000001
v -29.685415 9.806250 2.150001
v -29.704165 9.787500 2.075001
v -29.685415 9.843750 2.150001
v -29.704165 9.862500 2.075001
v -29.647915 9.806250 2.150001
v -29.629166 9.787500 2.075001
v -29.647915 9.843750 2.150001
v -29.629166 9.862500 2.075001
v -29.704165 9.137500 2.000001
v -29.704165 9.212500 2.000001
v -29.629166 9.137500 2.000001
v -29.629166 9.212500 2.000001
v -29.685415 9.156250 2.150001
v -29.704165 9.137500 2.075001
v -29.685415 9.193749 2.150001
v -29.704165 9.212500 2.075001
v -29.647915 9.156250 2.150001
v -29.629166 9.137500 2.075001
v -29.647915 9.193749 2.150001
v -29.629166 9.212500 2.075001
v -29.370832 9.787500 2.000001
v -29.370832 9.862500 2.000001
v -29.295832 9.787500 2.000001
v -29.295832 9.862500 2.000001
v -29.352083 9.806250 2.150001
v -29.370832 9.787500 2.075001
v -29.352083 9.843750 2.150001
v -29.370832 9.862500 2.075001
v -29.314583 9.806250 2.150001
v -29.295832 9.787500 2.075001
v -29.314583 9.843750 2.150001
v -29.295832 9.862500 2.075001
v -29.962500 9.137500 2.000001
v -29.962500 9.212500 2.000001
v -30.000000 9.212500 2.000001
v -29.981249 9.156250 2.150001
v -29.962500 9.137500 2.075001
v -29.981249 9.193749 2.150001
v -29.962500 9.212500 2.075001
v -30.000000 9.137500 2.075001
v -30.000000 9.156250 2.150001
v -30.000000 9.193749 2.150001
v -30.000000 9.212500 2.075001
v -29.962500 9.787500 2.000001
v -29.962500 9.862500 2.000001
v -30.000000 9.862500 2.000001
v -29.981249 9.806250 2.150001
v -29.962500 9.787500 2.075001
v -29.981249 9.843750 2.150001
v -29.962500 9.862500 2.075001
v -30.000000 9.787500 2.075001
v -30.000000 9.806250 2.150001
v -30.000000 9.843750 2.150001
v -30.000000 9.862500 2.075001
v -29.037500 9.137500 2.000001
v -29.037500 9.212500 2.000001
v -29.000000 9.212500 2.000001
v -29.018749 9.156250 2.150001
v -29.037500 9.137500 2.075001
v -29.018749 9.193749 2.150001
v -29.037500 9.212500 2.075001
v -29.000000 9.156250 2.150001
v -29.000000 9.137500 2.075001
v -29.000000 9.212500 2.075001
v -29.000000 9.193749 2.150001
v -29.037500 9.787500 2.000001
v -29.037500 9.862500 2.000001
v -29.000000 9.862500 2.000001
v -29.018749 9.806250 2.150001
v -29.037500 9.787500 2.075001
v -29.018749 9.843750 2.150001
v -29.037500 9.862500 2.075001
v -29.000000 9.806250 2.150001
v -29.000000 9.787500 2.075001
v -29.000000 9.862500 2.075001
v -29.000000 9.843750 2.150001
v -30.000000 10.000000 2.000001
v -29.000000 10.000000 2.000001
v -30.000000 11.000000 2.000001
v -29.000000 11.000000 2.000001
v -29.370832 10.137500 2.000001
v -29.370832 10.212500 2.000001
v -29.295834 10.137500 2.000001
v -29.295834 10.212500 2.000001
v -29.352083 10.156250 2.150001
v -29.370832 10.137500 2.075001
v -29.352083 10.193749 2.150001
v -29.370832 10.212500 2.075001
v -29.314583 10.156250 2.150001
v -29.295834 10.137500 2.075001
v -29.314583 10.193749 2.150001
v -29.295834 10.212500 2.075001
v -29.704165 10.787500 2.000001
v -29.704165 10.862500 2.000001
v -29.629166 10.787500 2.000001
v -29.629166 10.862500 2.000001
v -29.685415 10.806250 2.150001
v -29.704165 10.787500 2.075001
v -29.685415 10.843750 2.150001
v -29.704165 10.862500 2.075001
v -29.647915 10.806250 2.150001
v -29.629166 10.787500 2.075001
v -29.647915 10.843750 2.150001
v -29.629166 10.862500 2.075001
v -29.704165 10.137500 2.000001
v -29.704165 10.212500 2.000001
v -29.629166 10.137500 2.000001
v -29.629166 10.212500 2.000001
v -29.685415 10.156250 2.150001
v -29.704165 10.137500 2.075001
v -29.685415 10.193749 2.150001
v -29.704165 10.212500 2.075001
v -29.647915 10.156250 2.150001
v -29.629166 10.137500 2.075001
v -29.647915 10.193749 2.150001
v -29.629166 10.212500 2.075001
v -29.370832 10.787500 2.000001
v -29.370832 10.862500 2.000001
v -29.295832 10.787500 2.000001
v -29.295832 10.862500 2.000001
v -29.352083 10.806250 2.150001
v -29.370832 10.787500 2.075001
v -29.352083 10.843750 2.150001
v -29.370832 10.862500 2.075001
v -29.314583 10.806250 2.150001
v -29.295832 10.787500 2.075001
v -29.314583 10.843750 2.150001
v -29.295832 10.862500 2.075001
v -29.962500 10.137500 2.000001
v -29.962500 10.212500 2.000001
v -30.000000 10.212500 2.000001
v -29.981249 10.156250 2.150001
v -29.962500 10.137500 2.075001
v -29.981249 10.193749 2.150001
v -29.962500 10.212500 2.075001
v -30.000000 10.137500 2.075001
v -30.000000 10.156250 2.150001
v -30.000000 10.193749 2.150001
v -30.000000 10.212500 2.075001
v -29.962500 10.787500 2.000001
v -29.962500 10.862500 2.000001
v -30.000000 10.862500 2.000001
v -29.981249 10.806250 2.150001
v -29.962500 10.787500 2.075001
v -29.981249 10.843750 2.150001
v -29.962500 10.862500 2.075001
v -30.000000 10.787500 2.075001
v -30.000000 10.806250 2.150001
v -30.000000 10.843750 2.150001
v -30.000000 10.862500 2.075001
v -29.037500 10.137500 2.000001
v -29.037500 10.212500 2.000001
v -29.000000 10.212500 2.000001
v -29.018749 10.156250 2.150001
v -29.037500 10.137500 2.075001
v -29.018749 10.193749 2.150001
v -29.037500 10.212500 2.075001
v -29.000000 10.156250 2.150001
v -29.000000 10.137500 2.075001
v -29.000000 10.212500 2.075001
v -29.000000 10.193749 2.150001
v -29.037500 10.787500 2.000001
v -29.037500 10.862500 2.000001
v -29.000000 10.862500 2.000001
v -29.018749 10.806250 2.150001
v -29.037500 10.787500 2.075001
v -29.018749 10.843750 2.150001
v -29.037500 10.862500 2.075001
v -29.000000 10.806250 2.150001
v -29.000000 10.787500 2.075001
v -29.000000 10.862500 2.075001
v -29.000000 10.843750 2.150001
v -30.000000 11.000000 2.000001
v -29.000000 11.000000 2.000001
v -30.000000 12.000000 2.000001
v -29.000000 12.000000 2.000001
v -29.370832 11.137500 2.000001
v -29.370832 11.212500 2.000001
v -29.295834 11.137500 2.000001
v -29.295834 11.212500 2.000001
v -29.352083 11.156250 2.150001
v -29.370832 11.137500 2.075001
v -29.352083 11.193749 2.150001
v -29.370832 11.212500 2.075001
v -29.314583 11.156250 2.150001
v -29.295834 11.137500 2.075001
v -29.314583 11.193749 2.150001
v -29.295834 11.212500 2.075001
v -29.704165 11.787500 2.000001
v -29.704165 11.862500 2.000001
v -29.629166 11.787500 2.000001
v -29.629166 11.862500 2.000001
v -29.685415 11.806250 2.150001
v -29.704165 11.787500 2.075001
v -29.685415 11.843750 2.150001
v -29.704165 11.862500 2.075001
v -29.647915 11.806250 2.150001
v -29.629166 11.787500 2.075001
v -29.647915 11.843750 2.150001
v -29.629166 11.862500 2.075001
v -29.704165 11.137500 2.000001
v -29.704165 11.212500 2.000001
v -29.629166 11.137500 2.000001
v -29.629166 11.212500 2.000001
v -29.685415 11.156250 2.150001
v -29.704165 11.137500 2.075001
v -29.685415 11.193749 2.150001
v -29.704165 11.212500 2.075001
v -29.647915 11.156250 2.150001
v -29.629166 11.137500 2.075001
v -29.647915 11.193749 2.150001
v -29.629166 11.212500 2.075001
v -29.370832 11.787500 2.000001
v -29.370832 11.862500 2.000001
v -29.295832 11.787500 2.000001
v -29.295832 11.862500 2.000001
v -29.352083 11.806250 2.150001
v -29.370832 11.787500 2.075001
v -29.352083 11.843750 2.150001
v -29.370832 11.862500 2.075001
v -29.314583 11.806250 2.150001
v -29.295832 11.787500 2.075001
v -29.314583 11.843750 2.150001
v -29.295832 11.862500 2.075001
v -29.962500 11.137500 2.000001
v -29.962500 11.212500 2.000001
v -30.000000 11.212500 2.000001
v -29.981249 11.156250 2.150001
v -29.962500 11.137500 2.075001
v -29.981249 11.193749 2.150001
v -29.962500 11.212500 2.075001
v -30.000000 11.137500 2.075001
v -30.000000 11.156250 2.150001
v -30.000000 11.193749 2.150001
v -30.000000 11.212500 2.075001
v -29.962500 11.787500 2.000001
v -29.962500 11.862500 2.000001
v -30.000000 11.862500 2.000001
v -29.981249 11.806250 2.150001
v -29.962500 11.787500 2.075001
v -29.981249 11.843750 2.150001
v -29.962500 11.862500 2.075001
v -30.000000 11.787500 2.075001
v -30.000000 11.806250 2.150001
v -30.000000 11.843750 2.150001
v -30.000000 11.862500 2.075001
v -29.037500 11.137500 2.000001
v -29.037500 11.212500 2.000001
v -29.000000 11.212500 2.000001
v -29.018749 11.156250 2.150001
v -29.037500 11.137500 2.075001
v -29.018749 11.193749 2.150001
v -29.037500 11.212500 2.075001
v -29.000000 11.156250 2.150001
v -29.000000 11.137500 2.075001
v -29.000000 11.212500 2.075001
v -29.000000 11.193749 2.150001
v -29.037500 11.787500 2.000001
v -29.037500 11.862500 2.000001
v -29.000000 11.862500 2.000001
v -29.018749 11.806250 2.150001
v -29.037500 11.787500 2.075001
v -29.018749 11.843750 2.150001
v -29.037500 11.862500 2.075001
v -29.000000 11.806250 2.150001
v -29.000000 11.787500 2.075001
v -29.000000 11.862500 2.075001
v -29.000000 11.843750 2.150001
v -30.000000 12.000000 2.000001
v -30.000000 11.000000 2.000001
v -29.000000 11.000000 2.000001
v -29.000000 12.000000 2.000001
v -30.000000 11.000000 2.000001
v -29.000000 11.000000 2.000001
v -29.000000 12.000000 2.000001
v -30.000000 12.000000 2.000001
v -29.166666 11.333333 2.000001
v -29.833332 11.333333 2.000001
v -29.166666 11.666667 2.000001
v -29.833332 11.666667 2.000001
v -29.166666 11.333333 1.700001
v -29.833332 11.333333 1.700001
v -29.166666 11.666667 1.700001
v -29.833332 11.666667 1.700001
v -30.000000 12.000000 2.000001
v -29.000000 12.000000 2.000001
v -30.000000 13.000000 2.000001
v -29.000000 13.000000 2.000001
v -29.370832 12.137500 2.000001
v -29.370832 12.212500 2.000001
v -29.295834 12.137500 2.000001
v -29.295834 12.212500 2.000001
v -29.352083 12.156250 2.150001
v -29.370832 12.137500 2.075001
v -29.352083 12.193749 2.150001
v -29.370832 12.212500 2.075001
v -29.314583 12.156250 2.150001
v -29.295834 12.137500 2.075001
v -29.314583 12.193749 2.150001
v -29.295834 12.212500 2.075001
v -29.704165 12.787500 2.000001
v -29.704165 12.862500 2.000001
v -29.629166 12.787500 2.000001
v -29.629166 12.862500 2.000001
v -29.685415 12.806250 2.150001
v -29.704165 12.787500 2.075001
v -29.685415 12.843750 2.150001
v -29.704165 12.862500 2.075001
v -29.647915 12.806250 2.150001
v -29.629166 12.787500 2.075001
v -29.647915 12.843750 2.150001
v -29.629166 12.862500 2.075001
v -29.704165 12.137500 2.000001
v -29.704165 12.212500 2.000001
v -29.629166 12.137500 2.000001
v -29.629166 12.212500 2.000001
v -29.685415 12.156250 2.150001
v -29.704165 12.137500 2.075001
v -29.685415 12.193749 2.150001
v -29.704165 12.212500 2.075001
v -29.647915 12.156250 2.150001
v -29.629166 12.137500 2.075001
v -29.647915 12.193749 2.150001
v -29.629166 12.212500 2.075001
v -29.370832 12.787500 2.000001
v -29.370832 12.862500 2.000001
v -29.295832 12.787500 2.000001
v -29.295832 12.862500 2.000001
v -29.352083 12.806250 2.150001
v -29.370832 12.787500 2.075001
v -29.352083 12.843750 2.150001
v -29.370832 12.862500 2.075001
v -29.314583 12.806250 2.150001
v -29.295832 12.787500 2.075001
v -29.314583 12.843750 2.150001
v -29.295832 12.862500 2.075001
v -29.962500 12.137500 2.000001
v -29.962500 12.212500 2.000001
v -30.000000 12.212500 2.000001
v -29.981249 12.156250 2.150001
v -29.962500 12.137500 2.075001
v -29.981249 12.193749 2.150001
v -29.962500 12.212500 2.075001
v -30.000000 12.137500 2.075001
v -30.000000 12.156250 2.150001
v -30.000000 12.193749 2.150001
v -30.000000 12.212500 2.075001
v -29.962500 12.787500 2.000001
v -29.962500 12.862500 2.000001
v -30.000000 12.862500 2.000001
v -29.981249 12.806250 2.150001
v -29.962500 12.787500 2.075001
v -29.981249 12.843750 2.150001
v -29.962500 12.862500 2.075001
v -30.000000 12.787500 2.075001
v -30.000000 12.806250 2.150001
v -30.000000 12.843750 2.150001
v -30.000000 12.862500 2.075001
v -29.037500 12.137500 2.000001
v -29.037500 12.212500 2.000001
v -29.000000 12.212500 2.000001
v -29.018749 12.156250 2.150001
v -29.037500 12.137500 2.075001
v -29.018749 12.193749 2.150001
v -29.037500 12.212500 2.075001
v -29.000000 12.156250 2.150001
v -29.000000 12.137500 2.075001
v -29.000000 12.212500 2.075001
v -29.000000 12.193749 2.150001
v -29.037500 12.787500 2.000001
v -29.037500 12.862500 2.000001
v -29.000000 12.862500 2.000001
v -29.018749 12.806250 2.150001
v -29.037500 12.787500 2.075001
v -29.018749 12.843750 2.150001
v -29.037500 12.862500 2.075001
v -29.000000 12.806250 2.150001
v -29.000000 12.787500 2.075001
v -29.000000 12.862500 2.075001
v -29.000000 12.843750 2.150001
v -30.000000 13.000000 2.000001
v -30.000000 12.000000 2.000001
v -29.000000 12.000000 2.000001
v -29.000000 13.000000 2.000001
v -30.000000 12.000000 2.000001
v -29.000000 12.000000 2.000001
v -29.000000 13.000000 2.000001
v -30.000000 13.000000 2.000001
v -29.166666 12.333333 2.000001
v -29.833332 12.333333 2.000001
v -29.166666 12.666667 2.000001
v -29.833332 12.666667 2.000001
v -29.166666 12.333333 1.700001
v -29.833332 12.333333 1.700001
v -29.166666 12.666667 1.700001
v -29.833332 12.666667 1.700001
v -30.000000 13.000000 2.000001
v -30.000000 14.000000 2.000001
v -29.000000 13.000000 2.000001
v -29.750000 13.000000 2.000001
v -29.250000 14.000000 2.000001
v -29.416666 14.000000 2.000001
v -29.583334 14.000000 2.000001
v -29.750000 14.000000 2.000001
v -29.583334 13.000000 2.000001
v -29.416666 13.000000 2.000001
v -29.250000 13.000000 2.000001
v -29.000000 14.000000 2.000001
v -29.083334 13.725000 1.950001
v -29.083334 13.275000 1.950001
v -29.250000 13.725000 1.950001
v -29.250000 13.275000 1.950001
v -29.416666 13.725000 1.950001
v -29.416666 13.275000 1.950001
v -29.583334 13.725000 1.950001
v -29.583334 13.275000 1.950001
v -29.750000 13.725000 1.950001
v -29.750000 13.275000 1.950001
v -29.916666 13.725000 1.950001
v -29.916666 13.275000 1.950001
v -29.083334 13.775000 2.000001
v -29.083334 13.225000 2.000001
v -29.250000 13.775000 2.000001
v -29.250000 13.225000 2.000001
v -29.416666 13.775000 2.000001
v -29.416666 13.225000 2.000001
v -29.583334 13.775000 2.000001
v -29.583334 13.225000 2.000001
v -29.750000 13.775000 2.000001
v -29.750000 13.225000 2.000001
v -29.916666 13.775000 2.000001
v -29.916666 13.225000 2.000001
v -29.962500 13.137500 2.000001
v -29.962500 13.212500 2.000001
v -29.962500 13.137500 2.075001
v -29.981251 13.156250 2.150001
v -29.962500 13.212500 2.075001
v -30.000000 13.137500 2.075001
v -30.000000 13.156250 2.150001
v -30.000000 13.193749 2.150001
v -30.000000 13.212500 2.075001
v -29.981251 13.193749 2.150001
v -30.000000 13.212500 2.000001
v -29.037500 13.787500 2.000001
v -29.037500 13.862500 2.000001
v -29.037500 13.787500 2.075001
v -29.018749 13.806250 2.150001
v -29.037500 13.862500 2.075001
v -29.000000 13.787500 2.075001
v -29.000000 13.806250 2.150001
v -29.000000 13.843750 2.150001
v -29.000000 13.862500 2.075001
v -29.018749 13.843750 2.150001
v -29.000000 13.862500 2.000001
v -29.962500 13.787500 2.000001
v -29.962500 13.862500 2.000001
v -29.962500 13.787500 2.075001
v -29.981251 13.806250 2.150001
v -29.962500 13.862500 2.075001
v -30.000000 13.787500 2.075001
v -30.000000 13.806250 2.150001
v -30.000000 13.843750 2.150001
v -30.000000 13.862500 2.075001
v -29.981251 13.843750 2.150001
v -30.000000 13.862500 2.000001
v -29.037500 13.137500 2.000001
v -29.037500 13.212500 2.000001
v -29.037500 13.137500 2.075001
v -29.018749 13.156250 2.150001
v -29.037500 13.212500 2.075001
v -29.000000 13.137500 2.075001
v -29.000000 13.156250 2.150001
v -29.000000 13.193749 2.150001
v -29.000000 13.212500 2.075001
v -29.018749 13.193749 2.150001
v -29.000000 13.212500 2.000001
v -29.370832 13.787500 2.000001
v -29.370832 13.862500 2.000001
v -29.370832 13.787500 2.075001
v -29.352083 13.806250 2.150001
v -29.370832 13.862500 2.075001
v -29.295834 13.787500 2.075001
v -29.314583 13.806250 2.150001
v -29.295834 13.862500 2.075001
v -29.295834 13.787500 2.000001
v -29.295834 13.862500 2.000001
v -29.314583 13.843750 2.150001
v -29.352083 13.843750 2.150001
v -29.370832 13.137500 2.000001
v -29.370832 13.212500 2.000001
v -29.370832 13.137500 2.075001
v -29.352083 13.156250 2.150001
v -29.370832 13.212500 2.075001
v -29.295834 13.137500 2.075001
v -29.314583 13.156250 2.150001
v -29.295834 13.212500 2.075001
v -29.295834 13.137500 2.000001
v -29.295834 13.212500 2.000001
v -29.314583 13.193749 2.150001
v -29.352083 13.193749 2.150001
v -29.704166 13.137500 2.000001
v -29.704166 13.212500 2.000001
v -29.704166 13.137500 2.075001
v -29.685417 13.156250 2.150001
v -29.704166 13.212500 2.075001
v -29.629166 13.137500 2.075001
v -29.647917 13.156250 2.150001
v -29.629166 13.212500 2.075001
v -29.629166 13.137500 2.000001
v -29.629166 13.212500 2.000001
v -29.647917 13.193749 2.150001
v -29.685417 13.193749 2.150001
v -29.704166 13.787500 2.000001
v -29.704166 13.862500 2.000001
v -29.704166 13.787500 2.075001
v -29.685417 13.806250 2.150001
v -29.704166 13.862500 2.075001
v -29.629166 13.787500 2.075001
v -29.647917 13.806250 2.150001
v -29.629166 13.862500 2.075001
v -29.629166 13.787500 2.000001
v -29.629166 13.862500 2.000001
v -29.647917 13.843750 2.150001
v -29.685417 13.843750 2.150001
v -29.000000 1.000000 2.000001
v -28.000000 1.000000 2.000001
v -29.000000 2.000000 2.000001
v -28.000000 2.000000 2.000001
v -28.370832 1.137500 2.000001
v -28.370832 1.212500 2.000001
v -28.295834 1.137500 2.000001
v -28.295834 1.212500 2.000001
v -28.352083 1.156250 2.150001
v -28.370832 1.137500 2.075001
v -28.352083 1.193750 2.150001
v -28.370832 1.212500 2.075001
v -28.314583 1.156250 2.150001
v -28.295834 1.137500 2.075001
v -28.314583 1.193750 2.150001
v -28.295834 1.212500 2.075001
v -28.704165 1.787501 2.000001
v -28.704165 1.862501 2.000001
v -28.629166 1.787501 2.000001
v -28.629166 1.862501 2.000001
v -28.685415 1.806251 2.150001
v -28.704165 1.787501 2.075001
v -28.685415 1.843750 2.150001
v -28.704165 1.862501 2.075001
v -28.647915 1.806251 2.150001
v -28.629166 1.787501 2.075001
v -28.647915 1.843750 2.150001
v -28.629166 1.862501 2.075001
v -28.704165 1.137500 2.000001
v -28.704165 1.212500 2.000001
v -28.629166 1.137500 2.000001
v -28.629166 1.212500 2.000001
v -28.685415 1.156250 2.150001
v -28.704165 1.137500 2.075001
v -28.685415 1.193750 2.150001
v -28.704165 1.212500 2.075001
v -28.647915 1.156250 2.150001
v -28.629166 1.137500 2.075001
v -28.647915 1.193750 2.150001
v -28.629166 1.212500 2.075001
v -28.370832 1.787501 2.000001
v -28.370832 1.862501 2.000001
v -28.295832 1.787501 2.000001
v -28.295832 1.862501 2.000001
v -28.352081 1.806251 2.150001
v -28.370832 1.787501 2.075001
v -28.352081 1.843750 2.150001
v -28.370832 1.862501 2.075001
v -28.314583 1.806251 2.150001
v -28.295832 1.787501 2.075001
v -28.314583 1.843750 2.150001
v -28.295832 1.862501 2.075001
v -28.962500 1.137500 2.000001
v -28.962500 1.212500 2.000001
v -29.000000 1.212500 2.000001
v -28.981249 1.156250 2.150001
v -28.962500 1.137500 2.075001
v -28.981249 1.193750 2.150001
v -28.962500 1.212500 2.075001
v -29.000000 1.137500 2.075001
v -29.000000 1.156250 2.150001
v -29.000000 1.193750 2.150001
v -29.000000 1.212500 2.075001
v -28.962500 1.787501 2.000001
v -28.962500 1.862501 2.000001
v -29.000000 1.862501 2.000001
v -28.981249 1.806251 2.150001
v -28.962500 1.787501 2.075001
v -28.981249 1.843750 2.150001
v -28.962500 1.862501 2.075001
v -29.000000 1.787501 2.075001
v -29.000000 1.806251 2.150001
v -29.000000 1.843750 2.150001
v -29.000000 1.862501 2.075001
v -28.037500 1.137500 2.000001
v -28.037500 1.212500 2.000001
v -28.000000 1.212500 2.000001
v -28.018749 1.156250 2.150001
v -28.037500 1.137500 2.075001
v -28.018749 1.193750 2.150001
v -28.037500 1.212500 2.075001
v -28.000000 1.156250 2.150001
v -28.000000 1.137500 2.075001
v -28.000000 1.212500 2.075001
v -28.000000 1.193750 2.150001
v -28.037500 1.787501 2.000001
v -28.037500 1.862501 2.000001
v -28.000000 1.862501 2.000001
v -28.018749 1.806251 2.150001
v -28.037500 1.787501 2.075001
v -28.018749 1.843750 2.150001
v -28.037500 1.862501 2.075001
v -28.000000 1.806251 2.150001
v -28.000000 1.787501 2.075001
v -28.000000 1.862501 2.075001
v -28.000000 1.843750 2.150001
v -29.000000 2.000000 2.000001
v -29.000000 1.000000 2.000001
v -28.000000 1.000000 2.000001
v -28.000000 2.000000 2.000001
v -29.000000 1.000000 2.000001
v -28.000000 1.000000 2.000001
v -28.000000 2.000000 2.000001
v -29.000000 2.000000 2.000001
v -28.166666 1.333334 2.000001
v -28.833332 1.333334 2.000001
v -28.166666 1.666667 2.000001
v -28.833332 1.666667 2.000001
v -28.166666 1.333334 1.700001
v -28.833332 1.333334 1.700001
v -28.166666 1.666667 1.700001
v -28.833332 1.666667 1.700001
v -29.000000 2.000000 2.000001
v -29.000000 3.000000 2.000001
v -28.000000 2.000000 2.000001
v -28.750000 2.000000 2.000001
v -28.250000 3.000000 2.000001
v -28.416666 3.000000 2.000001
v -28.583334 3.000000 2.000001
v -28.750000 3.000000 2.000001
v -28.583334 2.000000 2.000001
v -28.416666 2.000000 2.000001
v -28.250000 2.000000 2.000001
v -28.000000 3.000000 2.000001
v -28.083334 2.725000 1.950001
v -28.083334 2.275000 1.950001
v -28.250000 2.725000 1.950001
v -28.250000 2.275000 1.950001
v -28.416666 2.725000 1.950001
v -28.416666 2.275000 1.950001
v -28.583334 2.725000 1.950001
v -28.583334 2.275000 1.950001
v -28.750000 2.725000 1.950001
v -28.750000 2.275000 1.950001
v -28.916668 2.725000 1.950001
v -28.916668 2.275000 1.950001
v -28.083334 2.775001 2.000001
v -28.083334 2.225000 2.000001
v -28.250000 2.775001 2.000001
v -28.250000 2.225000 2.000001
v -28.416666 2.775001 2.000001
v -28.416666 2.225000 2.000001
v -28.583334 2.775001 2.000001
v -28.583334 2.225000 2.000001
v -28.750000 2.775001 2.000001
v -28.750000 2.225000 2.000001
v -28.916668 2.775001 2.000001
v -28.916668 2.225000 2.000001
v -28.962500 2.137500 2.000001
v -28.962500 2.212500 2.000001
v -28.962500 2.137500 2.075001
v -28.981251 2.156250 2.150001
v -28.962500 2.212500 2.075001
v -29.000000 2.137500 2.075001
v -29.000000 2.156250 2.150001
v -29.000000 2.193750 2.150001
v -29.000000 2.212500 2.075001
v -28.981251 2.193750 2.150001
v -29.000000 2.212500 2.000001
v -28.037500 2.787500 2.000001
v -28.037500 2.862501 2.000001
v -28.037500 2.787500 2.075001
v -28.018749 2.806251 2.150001
v -28.037500 2.862501 2.075001
v -28.000000 2.787500 2.075001
v -28.000000 2.806251 2.150001
v -28.000000 2.843750 2.150001
v -28.000000 2.862501 2.075001
v -28.018749 2.843750 2.150001
v -28.000000 2.862501 2.000001
v -28.962500 2.787500 2.000001
v -28.962500 2.862501 2.000001
v -28.962500 2.787500 2.075001
v -28.981251 2.806251 2.150001
v -28.962500 2.862501 2.075001
v -29.000000 2.787500 2.075001
v -29.000000 2.806251 2.150001
v -29.000000 2.843750 2.150001
v -29.000000 2.862501 2.075001
v -28.981251 2.843750 2.150001
v -29.000000 2.862501 2.000001
v -28.037500 2.137500 2.000001
v -28.037500 2.212500 2.000001
v -28.037500 2.137500 2.075001
v -28.018749 2.156250 2.150001
v -28.037500 2.212500 2.075001
v -28.000000 2.137500 2.075001
v -28.000000 2.156250 2.150001
v -28.000000 2.193750 2.150001
v -28.000000 2.212500 2.075001
v -28.018749 2.193750 2.150001
v -28.000000 2.212500 2.000001
v -28.370832 2.787500 2.000001
v -28.370832 2.862501 2.000001
v -28.370832 2.787500 2.075001
v -28.352083 2.806251 2.150001
v -28.370832 2.862501 2.075001
v -28.295834 2.787500 2.075001
v -28.314583 2.806251 2.150001
v -28.295834 2.862501 2.075001
v -28.295834 2.787500 2.000001
v -28.295834 2.862501 2.000001
v -28.314583 2.843750 2.150001
v -28.352083 2.843750 2.150001
v -28.370832 2.137500 2.000001
v -28.370832 2.212500 2.000001
v -28.370832 2.137500 2.075001
v -28.352083 2.156250 2.150001
v -28.370832 2.212500 2.075001
v -28.295834 2.137500 2.075001
v -28.314583 2.156250 2.150001
v -28.295834 2.212500 2.075001
v -28.295834 2.137500 2.000001
v -28.295834 2.212500 2.000001
v -28.314583 2.193750 2.150001
v -28.352083 2.193750 2.150001
v -28.704166 2.137500 2.000001
v -28.704166 2.212500 2.000001
v -28.704166 2.137500 2.075001
v -28.685417 2.156250 2.150001
v -28.704166 2.212500 2.075001
v -28.629166 2.137500 2.075001
v -28.647917 2.156250 2.150001
v -28.629166 2.212500 2.075001
v -28.629166 2.137500 2.000001
v -28.629166 2.212500 2.000001
v -28.647917 2.193750 2.150001
v -28.685417 2.193750 2.150001
v -28.704166 2.787500 2.000001
v -28.704166 2.862501 2.000001
v -28.704166 2.787500 2.075001
v -28.685417 2.806251 2.150001
v -28.704166 2.862501 2.075001
v -28.629166 2.787500 2.075001
v -28.647917 2.806251 2.150001
v -28.629166 2.862501 2.075001
v -28.629166 2.787500 2.000001
v -28.629166 2.862501 2.000001
v -28.647917 2.843750 2.150001
v -28.685417 2.843750 2.150001
v -29.000000 3.000000 2.000001
v -29.000000 4.000000 2.000001
v -28.000000 3.000000 2.000001
v -28.750000 3.000000 2.000001
v -28.250000 4.000000 2.000001
v -28.416666 4.000000 2.000001
v -28.583334 4.000000 2.000001
v -28.750000 4.000000 2.000001
v -28.583334 3.000000 2.000001
v -28.416666 3.000000 2.000001
v -28.250000 3.000000 2.000001
v -28.000000 4.000000 2.000001
v -28.083334 3.725000 1.950001
v -28.083334 3.275000 1.950001
v -28.250000 3.725000 1.950001
v -28.250000 3.275000 1.950001
v -28.416666 3.725000 1.950001
v -28.416666 3.275000 1.950001
v -28.583334 3.725000 1.950001
v -28.583334 3.275000 1.950001
v -28.750000 3.725000 1.950001
v -28.750000 3.275000 1.950001
v -28.916668 3.725000 1.950001
v -28.916668 3.275000 1.950001
v -28.083334 3.775000 2.000001
v -28.083334 3.225000 2.000001
v -28.250000 3.775000 2.000001
v -28.250000 3.225000 2.000001
v -28.416666 3.775000 2.000001
v -28.416666 3.225000 2.000001
v -28.583334 3.775000 2.000001
v -28.583334 3.225000 2.000001
v -28.750000 3.775000 2.000001
v -28.750000 3.225000 2.000001
v -28.916668 3.775000 2.000001
v -28.916668 3.225000 2.000001
v -28.962500 3.137500 2.000001
v -28.962500 3.212500 2.000001
v -28.962500 3.137500 2.075001
v -28.981251 3.156250 2.150001
v -28.962500 3.212500 2.075001
v -29.000000 3.137500 2.075001
v -29.000000 3.156250 2.150001
v -29.000000 3.193750 2.150001
v -29.000000 3.212500 2.075001
v -28.981251 3.193750 2.150001
v -29.000000 3.212500 2.000001
v -28.037500 3.787500 2.000001
v -28.037500 3.862500 2.000001
v -28.037500 3.787500 2.075001
v -28.018749 3.806250 2.150001
v -28.037500 3.862500 2.075001
v -28.000000 3.787500 2.075001
v -28.000000 3.806250 2.150001
v -28.000000 3.843750 2.150001
v -28.000000 3.862500 2.075001
v -28.018749 3.843750 2.150001
v -28.000000 3.862500 2.000001
v -28.962500 3.787500 2.000001
v -28.962500 3.862500 2.000001
v -28.962500 3.787500 2.075001
v -28.981251 3.806250 2.150001
v -28.962500 3.862500 2.075001
v -29.000000 3.787500 2.075001
v -29.000000 3.806250 2.150001
v -29.000000 3.843750 2.150001
v -29.000000 3.862500 2.075001
v -28.981251 3.843750 2.150001
v -29.000000 3.862500 2.000001
v -28.037500 3.137500 2.000001
v -28.037500 3.212500 2.000001
v -28.037500 3.137500 2.075001
v -28.018749 3.156250 2.150001
v -28.037500 3.212500 2.075001
v -28.000000 3.137500 2.075001
v -28.000000 3.156250 2.150001
v -28.000000 3.193750 2.150001
v -28.000000 3.212500 2.075001
v -28.018749 3.193750 2.150001
v -28.000000 3.212500 2.000001
v -28.370832 3.787500 2.000001
v -28.370832 3.862500 2.000001
v -28.370832 3.787500 2.075001
v -28.352083 3.806250 2.150001
v -28.370832 3.862500 2.075001
v -28.295834 3.787500 2.075001
v -28.314583 3.806250 2.150001
v -28.295834 3.862500 2.075001
v -28.295834 3.787500 2.000001
v -28.295834 3.862500 2.000001
v -28.314583 3.843750 2.150001
v -28.352083 3.843750 2.150001
v -28.370832 3.137500 2.000001
v -28.370832 3.212500 2.000001
v -28.370832 3.137500 2.075001
v -28.352083 3.156250 2.150001
v -28.370832 3.212500 2.075001
v -28.295834 3.137500 2.075001
v -28.314583 3.156250 2.150001
v -28.295834 3.212500 2.075001
v -28.295834 3.137500 2.000001
v -28.295834 3.212500 2.000001
v -28.314583 3.193750 2.150001
v -28.352083 3.193750 2.150001
v -28.704166 3.137500 2.000001
v -28.704166 3.212500 2.000001
v -28.704166 3.137500 2.075001
v -28.685417 3.156250 2.150001
v -28.704166 3.212500 2.075001
v -28.629166 3.137500 2.075001
v -28.647917 3.156250 2.150001
v -28.629166 3.212500 2.075001
v -28.629166 3.137500 2.000001
v -28.629166 3.212500 2.000001
v -28.647917 3.193750 2.150001
v -28.685417 3.193750 2.150001
v -28.704166 3.787500 2.000001
v -28.704166 3.862500 2.000001
v -28.704166 3.787500 2.075001
v -28.685417 3.806250 2.150001
v -28.704166 3.862500 2.075001
v -28.629166 3.787500 2.075001
v -28.647917 3.806250 2.150001
v -28.629166 3.862500 2.075001
v -28.629166 3.787500 2.000001
v -28.629166 3.862500 2.000001
v -28.647917 3.843750 2.150001
v -28.685417 3.843750 2.150001
v -29.000000 4.000000 2.000001
v -28.000000 4.000000 2.000001
v -29.000000 5.000000 2.000001
v -28.000000 5.000000 2.000001
v -28.370832 4.137500 2.000001
v -28.370832 4.212500 2.000001
v -28.295834 4.137500 2.000001
v -28.295834 4.212500 2.000001
v -28.352083 4.156250 2.150001
v -28.370832 4.137500 2.075001
v -28.352083 4.193750 2.150001
v -28.370832 4.212500 2.075001
v -28.314583 4.156250 2.150001
v -28.295834 4.137500 2.075001
v -28.314583 4.193750 2.150001
v -28.295834 4.212500 2.075001
v -28.704165 4.787500 2.000001
v -28.704165 4.862500 2.000001
v -28.629166 4.787500 2.000001
v -28.629166 4.862500 2.000001
v -28.685415 4.806250 2.150001
v -28.704165 4.787500 2.075001
v -28.685415 4.843750 2.150001
v -28.704165 4.862500 2.075001
v -28.647915 4.806250 2.150001
v -28.629166 4.787500 2.075001
v -28.647915 4.843750 2.150001
v -28.629166 4.862500 2.075001
v -28.704165 4.137500 2.000001
v -28.704165 4.212500 2.000001
v -28.629166 4.137500 2.000001
v -28.629166 4.212500 2.000001
v -28.685415 4.156250 2.150001
v -28.704165 4.137500 2.075001
v -28.685415 4.193750 2.150001
v -28.704165 4.212500 2.075001
v -28.647915 4.156250 2.150001
v -28.629166 4.137500 2.075001
v -28.647915 4.193750 2.150001
v -28.629166 4.212500 2.075001
v -28.370832 4.787500 2.000001
v -28.370832 4.862500 2.000001
v -28.295832 4.787500 2.000001
v -28.295832 4.862500 2.000001
v -28.352081 4.806250 2.150001
v -28.370832 4.787500 2.075001
v -28.352081 4.843750 2.150001
v -28.370832 4.862500 2.075001
v -28.314583 4.806250 2.150001
v -28.295832 4.787500 2.075001
v -28.314583 4.843750 2.150001
v -28.295832 4.862500 2.075001
v -28.962500 4.137500 2.000001
v -28.962500 4.212500 2.000001
v -29.000000 4.212500 2.000001
v -28.981249 4.156250 2.150001
v -28.962500 4.137500 2.075001
v -28.981249 4.193750 2.150001
v -28.962500 4.212500 2.075001
v -29.000000 4.137500 2.075001
v -29.000000 4.156250 2.150001
v -29.000000 4.193750 2.150001
v -29.000000 4.212500 2.075001
v -28.962500 4.787500 2.000001
v -28.962500 4.862500 2.000001
v -29.000000 4.862500 2.000001
v -28.981249 4.806250 2.150001
v -28.962500 4.787500 2.075001
v -28.981249 4.843750 2.150001
v -28.962500 4.862500 2.075001
v -29.000000 4.787500 2.075001
v -29.000000 4.806250 2.150001
v -29.000000 4.843750 2.150001
v -29.000000 4.862500 2.075001
v -28.037500 4.137500 2.000001
v -28.037500 4.212500 2.000001
v -28.000000 4.212500 2.000001
v -28.018749 4.156250 2.150001
v -28.037500 4.137500 2.075001
v -28.018749 4.193750 2.150001
v -28.037500 4.212500 2.075001
v -28.000000 4.156250 2.150001
v -28.000000 4.137500 2.075001
v -28.000000 4.212500 2.075001
v -28.000000 4.193750 2.150001
v -28.037500 4.787500 2.000001
v -28.037500 4.862500 2.000001
v -28.000000 4.862500 2.000001
v -28.018749 4.806250 2.150001
v -28.037500 4.787500 2.075001
v -28.018749 4.843750 2.150001
v -28.037500 4.862500 2.075001
v -28.000000 4.806250 2.150001
v -28.000000 4.787500 2.075001
v -28.000000 4.862500 2.075001
v -28.000000 4.843750 2.150001
v -29.000000 5.000000 2.000001
v -29.000000 6.000000 2.000001
v -28.000000 5.000000 2.000001
v -28.750000 5.000000 2.000001
v -28.250000 6.000000 2.000001
v -28.416666 6.000000 2.000001
v -28.583334 6.000000 2.000001
v -28.750000 6.000000 2.000001
v -28.583334 5.000000 2.000001
v -28.416666 5.000000 2.000001
v -28.250000 5.000000 2.000001
v -28.000000 6.000000 2.000001
v -28.083334 5.725000 1.950001
v -28.083334 5.275000 1.950001
v -28.250000 5.725000 1.950001
v -28.250000 5.275000 1.950001
v -28.416666 5.725000 1.950001
v -28.416666 5.275000 1.950001
v -28.583334 5.725000 1.950001
v -28.583334 5.275000 1.950001
v -28.750000 5.725000 1.950001
v -28.750000 5.275000 1.950001
v -28.916668 5.725000 1.950001
v -28.916668 5.275000 1.950001
v -28.083334 5.775000 2.000001
v -28.083334 5.225000 2.000001
v -28.250000 5.775000 2.000001
v -28.250000 5.225000 2.000001
v -28.416666 5.775000 2.000001
v -28.416666 5.225000 2.000001
v -28.583334 5.775000 2.000001
v -28.583334 5.225000 2.000001
v -28.750000 5.775000 2.000001
v -28.750000 5.225000 2.000001
v -28.916668 5.775000 2.000001
v -28.916668 5.225000 2.000001
v -28.962500 5.137500 2.000001
v -28.962500 5.212500 2.000001
v -28.962500 5.137500 2.075001
v -28.981251 5.156250 2.150001
v -28.962500 5.212500 2.075001
v -29.000000 5.137500 2.075001
v -29.000000 5.156250 2.150001
v -29.000000 5.193750 2.150001
v -29.000000 5.212500 2.075001
v -28.981251 5.193750 2.150001
v -29.000000 5.212500 2.000001
v -28.037500 5.787500 2.000001
v -28.037500 5.862500 2.000001
v -28.037500 5.787500 2.075001
v -28.018749 5.806250 2.150001
v -28.037500 5.862500 2.075001
v -28.000000 5.787500 2.075001
v -28.000000 5.806250 2.150001
v -28.000000 5.843750 2.150001
v -28.000000 5.862500 2.075001
v -28.018749 5.843750 2.150001
v -28.000000 5.862500 2.000001
v -28.962500 5.787500 2.000001
v -28.962500 5.862500 2.000001
v -28.962500 5.787500 2.075001
v -28.981251 5.806250 2.150001
v -28.962500 5.862500 2.075001
v -29.000000 5.787500 2.075001
v -29.000000 5.806250 2.150001
v -29.000000 5.843750 2.150001
v -29.000000 5.862500 2.075001
v -28.981251 5.843750 2.150001
v -29.000000 5.862500 2.000001
v -28.037500 5.137500 2.000001
v -28.037500 5.212500 2.000001
v -28.037500 5.137500 2.075001
v -28.018749 5.156250 2.150001
v -28.037500 5.212500 2.075001
v -28.000000 5.137500 2.075001
v -28.000000 5.156250 2.150001
v -28.000000 5.193750 2.150001
v -28.000000 5.212500 2.075001
v -28.018749 5.193750 2.150001
v -28.000000 5.212500 2.000001
v -28.370832 5.787500 2.000001
v -28.370832 5.862500 2.000001
v -28.370832 5.787500 2.075001
v -28.352083 5.806250 2.150001
v -28.370832 5.862500 2.075001
v -28.295834 5.787500 2.075001
v -28.314583 5.806250 2.150001
v -28.295834 5.862500 2.075001
v -28.295834 5.787500 2.000001
v -28.295834 5.862500 2.000001
v -28.314583 5.843750 2.150001
v -28.352083 5.843750 2.150001
v -28.370832 5.137500 2.000001
v -28.370832 5.212500 2.000001
v -28.370832 5.137500 2.075001
v -28.352083 5.156250 2.150001
v -28.370832 5.212500 2.075001
v -28.295834 5.137500 2.075001
v -28.314583 5.156250 2.150001
v -28.295834 5.212500 2.075001
v -28.295834 5.137500 2.000001
v -28.295834 5.212500 2.000001
v -28.314583 5.193750 2.150001
v -28.352083 5.193750 2.150001
v -28.704166 5.137500 2.000001
v -28.704166 5.212500 2.000001
v -28.704166 5.137500 2.075001
v -28.685417 5.156250 2.150001
v -28.704166 5.212500 2.075001
v -28.629166 5.137500 2.075001
v -28.647917 5.156250 2.150001
v -28.629166 5.212500 2.075001
v -28.629166 5.137500 2.000001
v -28.629166 5.212500 2.000001
v -28.647917 5.193750 2.150001
v -28.685417 5.193750 2.150001
v -28.704166 5.787500 2.000001
v -28.704166 5.862500 2.000001
v -28.704166 5.787500 2.075001
v -28.685417 5.806250 2.150001
v -28.704166 5.862500 2.075001
v -28.629166 5.787500 2.075001
v -28.647917 5.806250 2.150001
v -28.629166 5.862500 2.075001
v -28.629166 5.787500 2.000001
v -28.629166 5.862500 2.000001
v -28.647917 5.843750 2.150001
v -28.685417 5.843750 2.150001
v -29.000000 6.000000 2.000001
v -29.000000 7.000000 2.000001
v -28.000000 6.000000 2.000001
v -28.750000 6.000000 2.000001
v -28.250000 7.000000 2.000001
v -28.416666 7.000000 2.000001
v -28.583334 7.000000 2.000001
v -28.750000 7.000000 2.000001
v -28.583334 6.000000 2.000001
v -28.416666 6.000000 2.000001
v -28.250000 6.000000 2.000001
v -28.000000 7.000000 2.000001
v -28.083334 6.725000 1.950001
v -28.083334 6.275000 1.950001
v -28.250000 6.725000 1.950001
v -28.250000 6.275000 1.950001
v -28.416666 6.725000 1.950001
v -28.416666 6.275000 1.950001
v -28.583334 6.725000 1.950001
v -28.583334 6.275000 1.950001
v -28.750000 6.725000 1.950001
v -28.750000 6.275000 1.950001
v -28.916668 6.725000 1.950001
v -28.916668 6.275000 1.950001
v -28.083334 6.775000 2.000001
v -28.083334 6.225000 2.000001
v -28.250000 6.775000 2.000001
v -28.250000 6.225000 2.000001
v -28.416666 6.775000 2.000001
v -28.416666 6.225000 2.000001
v -28.583334 6.775000 2.000001
v -28.583334 6.225000 2.000001
v -28.750000 6.775000 2.000001
v -28.750000 6.225000 2.000001
v -28.916668 6.775000 2.000001
v -28.916668 6.225000 2.000001
v -28.962500 6.137500 2.000001
v -28.962500 6.212500 2.000001
v -28.962500 6.137500 2.075001
v -28.981251 6.156250 2.150001
v -28.962500 6.212500 2.075001
v -29.000000 6.137500 2.075001
v -29.000000 6.156250 2.150001
v -29.000000 6.193750 2.150001
v -29.000000 6.212500 2.075001
v -28.981251 6.193750 2.150001
v -29.000000 6.212500 2.000001
v -28.037500 6.787500 2.000001
v -28.037500 6.862500 2.000001
v -28.037500 6.787500 2.075001
v -28.018749 6.806250 2.150001
v -28.037500 6.862500 2.075001
v -28.000000 6.787500 2.075001
v -28.000000 6.806250 2.150001
v -28.000000 6.843750 2.150001
v -28.000000 6.862500 2.075001
v -28.018749 6.843750 2.150001
v -28.000000 6.862500 2.000001
v -28.962500 6.787500 2.000001
v -28.962500 6.862500 2.000001
v -28.962500 6.787500 2.075001
v -28.981251 6.806250 2.150001
v -28.962500 6.862500 2.075001
v -29.000000 6.787500 2.075001
v -29.000000 6.806250 2.150001
v -29.000000 6.843750 2.150001
v -29.000000 6.862500 2.075001
v -28.981251 6.843750 2.150001
v -29.000000 6.862500 2.000001
v -28.037500 6.137500 2.000001
v -28.037500 6.212500 2.000001
v -28.037500 6.137500 2.075001
v -28.018749 6.156250 2.150001
v -28.037500 6.212500 2.075001
v -28.000000 6.137500 2.075001
v -28.000000 6.156250 2.150001
v -28.000000 6.193750 2.150001
v -28.000000 6.212500 2.075001
v -28.018749 6.193750 2.150001
v -28.000000 6.212500 2.000001
v -28.370832 6.787500 2.000001
v -28.370832 6.862500 2.000001
v -28.370832 6.787500 2.075001
v -28.352083 6.806250 2.150001
v -28.370832 6.862500 2.075001
v -28.295834 6.787500 2.075001
v -28.314583 6.806250 2.150001
v -28.295834 6.862500 2.075001
v -28.295834 6.787500 2.000001
v -28.295834 6.862500 2.000001
v -28.314583 6.843750 2.150001
v -28.352083 6.843750 2.150001
v -28.370832 6.137500 2.000001
v -28.370832 6.212500 2.000001
v -28.370832 6.137500 2.075001
v -28.352083 6.156250 2.150001
v -28.370832 6.212500 2.075001
v -28.295834 6.137500 2.075001
v -28.314583 6.156250 2.150001
v -28.295834 6.212500 2.075001
v -28.295834 6.137500 2.000001
v -28.295834 6.212500 2.000001
v -28.314583 6.193750 2.150001
v -28.352083 6.193750 2.150001
v -28.704166 6.137500 2.000001
v -28.704166 6.212500 2.000001
v -28.704166 6.137500 2.075001
v -28.685417 6.156250 2.150001
v -28.704166 6.212500 2.075001
v -28.629166 6.137500 2.075001
v -28.647917 6.156250 2.150001
v -28.629166 6.212500 2.075001
v -28.629166 6.137500 2.000001
v -28.629166 6.212500 2.000001
v -28.647917 6.193750 2.150001
v -28.685417 6.193750 2.150001
v -28.704166 6.787500 2.000001
v -28.704166 6.862500 2.000001
v -28.704166 6.787500 2.075001
v -28.685417 6.806250 2.150001
v -28.704166 6.862500 2.075001
v -28.629166 6.787500 2.075001
v -28.647917 6.806250 2.150001
v -28.629166 6.862500 2.075001
v -28.629166 6.787500 2.000001
v -28.629166 6.862500 2.000001
v -28.647917 6.843750 2.150001
v -28.685417 6.843750 2.150001
v -29.000000 7.000000 2.000001
v -29.000000 8.000000 2.000001
v -28.000000 7.000000 2.000001
v -28.750000 7.000000 2.000001
v -28.250000 8.000000 2.000001
v -28.416666 8.000000 2.000001
v -28.583334 8.000000 2.000001
v -28.750000 8.000000 2.000001
v -28.583334 7.000000 2.000001
v -28.416666 7.000000 2.000001
v -28.250000 7.000000 2.000001
v -28.000000 8.000000 2.000001
v -28.083334 7.725000 1.950001
v -28.083334 7.275000 1.950001
v -28.250000 7.725000 1.950001
v -28.250000 7.275000 1.950001
v -28.416666 7.725000 1.950001
v -28.416666 7.275000 1.950001
v -28.583334 7.725000 1.950001
v -28.583334 7.275000 1.950001
v -28.750000 7.725000 1.950001
v -28.750000 7.275000 1.950001
v -28.916668 7.725000 1.950001
v -28.916668 7.275000 1.950001
v -28.083334 7.775000 2.000001
v -28.083334 7.225000 2.000001
v -28.250000 7.775000 2.000001
v -28.250000 7.225000 2.000001
v -28.416666 7.775000 2.000001
v -28.416666 7.225000 2.000001
v -28.583334 7.775000 2.000001
v -28.583334 7.225000 2.000001
v -28.750000 7.775000 2.000001
v -28.750000 7.225000 2.000001
v -28.916668 7.775000 2.000001
v -28.916668 7.225000 2.000001
v -28.962500 7.137500 2.000001
v -28.962500 7.212500 2.000001
v -28.962500 7.137500 2.075001
v -28.981251 7.156250 2.150001
v -28.962500 7.212500 2.075001
v -29.000000 7.137500 2.075001
v -29.000000 7.156250 2.150001
v -29.000000 7.193750 2.150001
v -29.000000 7.212500 2.075001
v -28.981251 7.193750 2.150001
v -29.000000 7.212500 2.000001
v -28.037500 7.787500 2.000001
v -28.037500 7.862500 2.000001
v -28.037500 7.787500 2.075001
v -28.018749 7.806250 2.150001
v -28.037500 7.862500 2.075001
v -28.000000 7.787500 2.075001
v -28.000000 7.806250 2.150001
v -28.000000 7.843750 2.150001
v -28.000000 7.862500 2.075001
v -28.018749 7.843750 2.150001
v -28.000000 7.862500 2.000001
v -28.962500 7.787500 2.000001
v -28.962500 7.862500 2.000001
v -28.962500 7.787500 2.075001
v -28.981251 7.806250 2.150001
v -28.962500 7.862500 2.075001
v -29.000000 7.787500 2.075001
v -29.000000 7.806250 2.150001
v -29.000000 7.843750 2.150001
v -29.000000 7.862500 2.075001
v -28.981251 7.843750 2.150001
v -29.000000 7.862500 2.000001
v -28.037500 7.137500 2.000001
v -28.037500 7.212500 2.000001
v -28.037500 7.137500 2.075001
v -28.018749 7.156250 2.150001
v -28.037500 7.212500 2.075001
v -28.000000 7.137500 2.075001
v -28.000000 7.156250 2.150001
v -28.000000 7.193750 2.150001
v -28.000000 7.212500 2.075001
v -28.018749 7.193750 2.150001
v -28.000000 7.212500 2.000001
v -28.370832 7.787500 2.000001
v -28.370832 7.862500 2.000001
v -28.370832 7.787500 2.075001
v -28.352083 7.806250 2.150001
v -28.370832 7.862500 2.075001
v -28.295834 7.787500 2.075001
v -28.314583 7.806250 2.150001
v -28.295834 7.862500 2.075001
v -28.295834 7.787500 2.000001
v -28.295834 7.862500 2.000001
v -28.314583 7.843750 2.150001
v -28.352083 7.843750 2.150001
v -28.370832 7.137500 2.000001
v -28.370832 7.212500 2.000001
v -28.370832 7.137500 2.075001
v -28.352083 7.156250 2.150001
v -28.370832 7.212500 2.075001
v -28.295834 7.137500 2.075001
v -28.314583 7.156250 2.150001
v -28.295834 7.212500 2.075001
v -28.295834 7.137500 2.000001
v -28.295834 7.212500 2.000001
v -28.314583 7.193750 2.150001
v -28.352083 7.193750 2.150001
v -28.704166 7.137500 2.000001
v -28.704166 7.212500 2.000001
v -28.704166 7.137500 2.075001
v -28.685417 7.156250 2.150001
v -28.704166 7.212500 2.075001
v -28.629166 7.137500 2.075001
v -28.647917 7.156250 2.150001
v -28.629166 7.212500 2.075001
v -28.629166 7.137500 2.000001
v -28.629166 7.212500 2.000001
v -28.647917 7.193750 2.150001
v -28.685417 7.193750 2.150001
v -28.704166 7.787500 2.000001
v -28.704166 7.862500 2.000001
v -28.704166 7.787500 2.075001
v -28.685417 7.806250 2.150001
v -28.704166 7.862500 2.075001
v -28.629166 7.787500 2.075001
v -28.647917 7.806250 2.150001
v -28.629166 7.862500 2.075001
v -28.629166 7.787500 2.000001
v -28.629166 7.862500 2.000001
v -28.647917 7.843750 2.150001
v -28.685417 7.843750 2.150001
v -29.000000 8.000000 2.000001
v -29.000000 9.000000 2.000001
v -28.000000 8.000000 2.000001
v -28.750000 8.000000 2.000001
v -28.250000 9.000000 2.000001
v -28.416666 9.000000 2.000001
v -28.583334 9.000000 2.000001
v -28.750000 9.000000 2.000001
v -28.583334 8.000000 2.000001
v -28.416666 8.000000 2.000001
v -28.250000 8.000000 2.000001
v -28.000000 9.000000 2.000001
v -28.083334 8.725000 1.950001
v -28.083334 8.275000 1.950001
v -28.250000 8.725000 1.950001
v -28.250000 8.275000 1.950001
v -28.416666 8.725000 1.950001
v -28.416666 8.275000 1.950001
v -28.583334 8.725000 1.950001
v -28.583334 8.275000 1.950001
v -28.750000 8.725000 1.950001
v -28.750000 8.275000 1.950001
v -28.916668 8.725000 1.950001
v -28.916668 8.275000 1.950001
v -28.083334 8.775000 2.000001
v -28.083334 8.225000 2.000001
v -28.250000 8.775000 2.000001
v -28.250000 8.225000 2.000001
v -28.416666 8.775000 2.000001
v -28.416666 8.225000 2.000001
v -28.583334 8.775000 2.000001
v -28.583334 8.225000 2.000001
v -28.750000 8.775000 2.000001
v -28.750000 8.225000 2.000001
v -28.916668 8.775000 2.000001
v -28.916668 8.225000 2.000001
v -28.962500 8.137500 2.000001
v -28.962500 8.212500 2.000001
v -28.962500 8.137500 2.075001
v -28.981251 8.156250 2.150001
v -28.962500 8.212500 2.075001
v -29.000000 8.137500 2.075001
v -29.000000 8.156250 2.150001
v -29.000000 8.193749 2.150001
v -29.000000 8.212500 2.075001
v -28.981251 8.193749 2.150001
v -29.000000 8.212500 2.000001
v -28.037500 8.787500 2.000001
v -28.037500 8.862500 2.000001
v -28.037500 8.787500 2.075001
v -28.018749 8.806250 2.150001
v -28.037500 8.862500 2.075001
v -28.000000 8.787500 2.075001
v -28.000000 8.806250 2.150001
v -28.000000 8.843750 2.150001
v -28.000000 8.862500 2.075001
v -28.018749 8.843750 2.150001
v -28.000000 8.862500 2.000001
v -28.962500 8.787500 2.000001
v -28.962500 8.862500 2.000001
v -28.962500 8.787500 2.075001
v -28.981251 8.806250 2.150001
v -28.962500 8.862500 2.075001
v -29.000000 8.787500 2.075001
v -29.000000 8.806250 2.150001
v -29.000000 8.843750 2.150001
v -29.000000 8.862500 2.075001
v -28.981251 8.843750 2.150001
v -29.000000 8.862500 2.000001
v -28.037500 8.137500 2.000001
v -28.037500 8.212500 2.000001
v -28.037500 8.137500 2.075001
v -28.018749 8.156250 2.150001
v -28.037500 8.212500 2.075001
v -28.000000 8.137500 2.075001
v -28.000000 8.156250 2.150001
v -28.000000 8.193749 2.150001
v -28.000000 8.212500 2.075001
v -28.018749 8.193749 2.150001
v -28.000000 8.212500 2.000001
v -28.370832 8.787500 2.000001
v -28.370832 8.862500 2.000001
v -28.370832 8.787500 2.075001
v -28.352083 8.806250 2.150001
v -28.370832 8.862500 2.075001
v -28.295834 8.787500 2.075001
v -28.314583 8.806250 2.150001
v -28.295834 8.862500 2.075001
v -28.295834 8.787500 2.000001
v -28.295834 8.862500 2.000001
v -28.314583 8.843750 2.150001
v -28.352083 8.843750 2.150001
v -28.370832 8.137500 2.000001
v -28.370832 8.212500 2.000001
v -28.370832 8.137500 2.075001
v -28.352083 8.156250 2.150001
v -28.370832 8.212500 2.075001
v -28.295834 8.137500 2.075001
v -28.314583 8.156250 2.150001
v -28.295834 8.212500 2.075001
v -28.295834 8.137500 2.000001
v -28.295834 8.212500 2.000001
v -28.314583 8.193749 2.150001
v -28.352083 8.193749 2.150001
v -28.704166 8.137500 2.000001
v -28.704166 8.212500 2.000001
v -28.704166 8.137500 2.075001
v -28.685417 8.156250 2.150001
v -28.704166 8.212500 2.075001
v -28.629166 8.137500 2.075001
v -28.647917 8.156250 2.150001
v -28.629166 8.212500 2.075001
v -28.629166 8.137500 2.000001
v -28.629166 8.212500 2.000001
v -28.647917 8.193749 2.150001
v -28.685417 8.193749 2.150001
v -28.704166 8.787500 2.000001
v -28.704166 8.862500 2.000001
v -28.704166 8.787500 2.075001
v -28.685417 8.806250 2.150001
v -28.704166 8.862500 2.075001
v -28.629166 8.787500 2.075001
v -28.647917 8.806250 2.150001
v -28.629166 8.862500 2.075001
v -28.629166 8.787500 2.000001
v -28.629166 8.862500 2.000001
v -28.647917 8.843750 2.150001
v -28.685417 8.843750 2.150001
v -29.000000 9.000000 2.000001
v -29.000000 10.000000 2.000001
v -28.000000 9.000000 2.000001
v -28.750000 9.000000 2.000001
v -28.250000 10.000000 2.000001
v -28.416666 10.000000 2.000001
v -28.583334 10.000000 2.000001
v -28.750000 10.000000 2.000001
v -28.583334 9.000000 2.000001
v -28.416666 9.000000 2.000001
v -28.250000 9.000000 2.000001
v -28.000000 10.000000 2.000001
v -28.083334 9.725000 1.950001
v -28.083334 9.275000 1.950001
v -28.250000 9.725000 1.950001
v -28.250000 9.275000 1.950001
v -28.416666 9.725000 1.950001
v -28.416666 9.275000 1.950001
v -28.583334 9.725000 1.950001
v -28.583334 9.275000 1.950001
v -28.750000 9.725000 1.950001
v -28.750000 9.275000 1.950001
v -28.916668 9.725000 1.950001
v -28.916668 9.275000 1.950001
v -28.083334 9.775000 2.000001
v -28.083334 9.225000 2.000001
v -28.250000 9.775000 2.000001
v -28.250000 9.225000 2.000001
v -28.416666 9.775000 2.000001
v -28.416666 9.225000 2.000001
v -28.583334 9.775000 2.000001
v -28.583334 9.225000 2.000001
v -28.750000 9.775000 2.000001
v -28.750000 9.225000 2.000001
v -28.916668 9.775000 2.000001
v -28.916668 9.225000 2.000001
v -28.962500 9.137500 2.000001
v -28.962500 9.212500 2.000001
v -28.962500 9.137500 2.075001
v -28.981251 9.156250 2.150001
v -28.962500 9.212500 2.075001
v -29.000000 9.137500 2.075001
v -29.000000 9.156250 2.150001
v -29.000000 9.193749 2.150001
v -29.000000 9.212500 2.075001
v -28.981251 9.193749 2.150001
v -29.000000 9.212500 2.000001
v -28.037500 9.787500 2.000001
v -28.037500 9.862500 2.000001
v -28.037500 9.787500 2.075001
v -28.018749 9.806250 2.150001
v -28.037500 9.862500 2.075001
v -28.000000 9.787500 2.075001
v -28.000000 9.806250 2.150001
v -28.000000 9.843750 2.150001
v -28.000000 9.862500 2.075001
v -28.018749 9.843750 2.150001
v -28.000000 9.862500 2.000001
v -28.962500 9.787500 2.000001
v -28.962500 9.862500 2.000001
v -28.962500 9.787500 2.075001
v -28.981251 9.806250 2.150001
v -28.962500 9.862500 2.075001
v -29.000000 9.787500 2.075001
v -29.000000 9.806250 2.150001
v -29.000000 9.843750 2.150001
v -29.000000 9.862500 2.075001
v -28.981251 9.843750 2.150001
v -29.000000 9.862500 2.000001
v -28.037500 9.137500 2.000001
v -28.037500 9.212500 2.000001
v -28.037500 9.137500 2.075001
v -28.018749 9.156250 2.150001
v -28.037500 9.212500 2.075001
v -28.000000 9.137500 2.075001
v -28.000000 9.156250 2.150001
v -28.000000 9.193749 2.150001
v -28.000000 9.212500 2.075001
v -28.018749 9.193749 2.150001
v -28.000000 9.212500 2.000001
v -28.370832 9.787500 2.000001
v -28.370832 9.862500 2.000001
v -28.370832 9.787500 2.075001
v -28.352083 9.806250 2.150001
v -28.370832 9.862500 2.075001
v -28.295834 9.787500 2.075001
v -28.314583 9.806250 2.150001
v -28.295834 9.862500 2.075001
v -28.295834 9.787500 2.000001
v -28.295834 9.862500 2.000001
v -28.314583 9.843750 2.150001
v -28.352083 9.843750 2.150001
v -28.370832 9.137500 2.000001
v -28.370832 9.212500 2.000001
v -28.370832 9.137500 2.075001
v -28.352083 9.156250 2.150001
v -28.370832 9.212500 2.075001
v -28.295834 9.137500 2.075001
v -28.314583 9.156250 2.150001
v -28.295834 9.212500 2.075001
v -28.295834 9.137500 2.000001
v -28.295834 9.212500 2.000001
v -28.314583 9.193749 2.150001
v -28.352083 9.193749 2.150001
v -28.704166 9.137500 2.000001
v -28.704166 9.212500 2.000001
v -28.704166 9.137500 2.075001
v -28.685417 9.156250 2.150001
v -28.704166 9.212500 2.075001
v -28.629166 9.137500 2.075001
v -28.647917 9.156250 2.150001
v -28.629166 9.212500 2.075001
v -28.629166 9.137500 2.000001
v -28.629166 9.212500 2.000001
v -28.647917 9.193749 2.150001
v -28.685417 9.193749 2.150001
v -28.704166 9.787500 2.000001
v -28.704166 9.862500 2.000001
v -28.704166 9.787500 2.075001
v -28.685417 9.806250 2.150001
v -28.704166 9.862500 2.075001
v -28.629166 9.787500 2.075001
v -28.647917 9.806250 2.150001
v -28.629166 9.862500 2.075001
v -28.629166 9.787500 2.000001
v -28.629166 9.862500 2.000001
v -28.647917 9.843750 2.150001
v -28.685417 9.843750 2.150001
v -29.000000 10.000000 2.000001
v -28.000000 10.000000 2.000001
v -29.000000 11.000000 2.000001
v -28.000000 11.000000 2.000001
v -28.370832 10.137500 2.000001
v -28.370832 10.212500 2.000001
v -28.295834 10.137500 2.000001
v -28.295834 10.212500 2.000001
v -28.352083 10.156250 2.150001
v -28.370832 10.137500 2.075001
v -28.352083 10.193749 2.150001
v -28.370832 10.212500 2.075001
v -28.314583 10.156250 2.150001
v -28.295834 10.137500 2.075001
v -28.314583 10.193749 2.150001
v -28.295834 10.212500 2.075001
v -28.704165 10.787500 2.000001
v -28.704165 10.862500 2.000001
v -28.629166 10.787500 2.000001
v -28.629166 10.862500 2.000001
v -28.685415 10.806250 2.150001
v -28.704165 10.787500 2.075001
v -28.685415 10.843750 2.150001
v -28.704165 10.862500 2.075001
v -28.647915 10.806250 2.150001
v -28.629166 10.787500 2.075001
v -28.647915 10.843750 2.150001
v -28.629166 10.862500 2.075001
v -28.704165 10.137500 2.000001
v -28.704165 10.212500 2.000001
v -28.629166 10.137500 2.000001
v -28.629166 10.212500 2.000001
v -28.685415 10.156250 2.150001
v -28.704165 10.137500 2.075001
v -28.685415 10.193749 2.150001
v -28.704165 10.212500 2.075001
v -28.647915 10.156250 2.150001
v -28.629166 10.137500 2.075001
v -28.647915 10.193749 2.150001
v -28.629166 10.212500 2.075001
v -28.370832 10.787500 2.000001
v -28.370832 10.862500 2.000001
v -28.295832 10.787500 2.000001
v -28.295832 10.862500 2.000001
v -28.352081 10.806250 2.150001
v -28.370832 10.787500 2.075001
v -28.352081 10.843750 2.150001
v -28.370832 10.862500 2.075001
v -28.314583 10.806250 2.150001
v -28.295832 10.787500 2.075001
v -28.314583 10.843750 2.150001
v -28.295832 10.862500 2.075001
v -28.962500 10.137500 2.000001
v -28.962500 10.212500 2.000001
v -29.000000 10.212500 2.000001
v -28.981249 10.156250 2.150001
v -28.962500 10.137500 2.075001
v -28.981249 10.193749 2.150001
v -28.962500 10.212500 2.075001
v -29.000000 10.137500 2.075001
v -29.000000 10.156250 2.150001
v -29.000000 10.193749 2.150001
v -29.000000 10.212500 2.075001
v -28.962500 10.787500 2.000001
v -28.962500 10.862500 2.000001
v -29.000000 10.862500 2.000001
v -28.981249 10.806250 2.150001
v -28.962500 10.787500 2.075001
v -28.981249 10.843750 2.150001
v -28.962500 10.862500 2.075001
v -29.000000 10.787500 2.075001
v -29.000000 10.806250 2.150001
v -29.000000 10.843750 2.150001
v -29.000000 10.862500 2.075001
v -28.037500 10.137500 2.000001
v -28.037500 10.212500 2.000001
v -28.000000 10.212500 2.000001
v -28.018749 10.156250 2.150001
v -28.037500 10.137500 2.075001
v -28.018749 10.193749 2.150001
v -28.037500 10.212500 2.075001
v -28.000000 10.156250 2.150001
v -28.000000 10.137500 2.075001
v -28.000000 10.212500 2.075001
v -28.000000 10.193749 2.150001
v -28.037500 10.787500 2.000001
v -28.037500 10.862500 2.000001
v -28.000000 10.862500 2.000001
v -28.018749 10.806250 2.150001
v -28.037500 10.787500 2.075001
v -28.018749 10.843750 2.150001
v -28.037500 10.862500 2.075001
v -28.000000 10.806250 2.150001
v -28.000000 10.787500 2.075001
v -28.000000 10.862500 2.075001
v -28.000000 10.843750 2.150001
v -29.000000 11.000000 2.000001
v -29.000000 10.000000 2.000001
v -28.000000 10.000000 2.000001
v -28.000000 11.000000 2.000001
v -29.000000 10.000000 2.000001
v -28.000000 10.000000 2.000001
v -28.000000 11.000000 2.000001
v -29.000000 11.000000 2.000001
v -28.166666 10.333333 2.000001
v -28.833332 10.333333 2.000001
v -28.166666 10.666667 2.000001
v -28.833332 10.666667 2.000001
v -28.166666 10.333333 1.700001
v -28.833332 10.333333 1.700001
v -28.166666 10.666667 1.700001
v -28.833332 10.666667 1.700001
v -29.000000 11.000000 2.000001
v -29.000000 12.000000 2.000001
v -28.000000 11.000000 2.000001
v -28.750000 11.000000 2.000001
v -28.250000 12.000000 2.000001
v -28.416666 12.000000 2.000001
v -28.583334 12.000000 2.000001
v -28.750000 12.000000 2.000001
v -28.583334 11.000000 2.000001
v -28.416666 11.000000 2.000001
v -28.250000 11.000000 2.000001
v -28.000000 12.000000 2.000001
v -28.083334 11.725000 1.950001
v -28.083334 11.275000 1.950001
v -28.250000 11.725000 1.950001
v -28.250000 11.275000 1.950001
v -28.416666 11.725000 1.950001
v -28.416666 11.275000 1.950001
v -28.583334 11.725000 1.950001
v -28.583334 11.275000 1.950001
v -28.750000 11.725000 1.950001
v -28.750000 11.275000 1.950001
v -28.916668 11.725000 1.950001
v -28.916668 11.275000 1.950001
v -28.083334 11.775000 2.000001
v -28.083334 11.225000 2.000001
v -28.250000 11.775000 2.000001
v -28.250000 11.225000 2.000001
v -28.416666 11.775000 2.000001
v -28.416666 11.225000 2.000001
v -28.583334 11.775000 2.000001
v -28.583334 11.225000 2.000001
v -28.750000 11.775000 2.000001
v -28.750000 11.225000 2.000001
v -28.916668 11.775000 2.000001
v -28.916668 11.225000 2.000001
v -28.962500 11.137500 2.000001
v -28.962500 11.212500 2.000001
v -28.962500 11.137500 2.075001
v -28.981251 11.156250 2.150001
v -28.962500 11.212500 2.075001
v -29.000000 11.137500 2.075001
v -29.000000 11.156250 2.150001
v -29.000000 11.193749 2.150001
v -29.000000 11.212500 2.075001
v -28.981251 11.193749 2.150001
v -29.000000 11.212500 2.000001
v -28.037500 11.787500 2.000001
v -28.037500 11.862500 2.000001
v -28.037500 11.787500 2.075001
v -28.018749 11.806250 2.150001
v -28.037500 11.862500 2.075001
v -28.000000 11.787500 2.075001
v -28.000000 11.806250 2.150001
v -28.000000 11.843750 2.150001
v -28.000000 11.862500 2.075001
v -28.018749 11.843750 2.150001
v -28.000000 11.862500 2.000001
v -28.962500 11.787500 2.000001
v -28.962500 11.862500 2.000001
v -28.962500 11.787500 2.075001
v -28.981251 11.806250 2.150001
v -28.962500 11.862500 2.075001
v -29.000000 11.787500 2.075001
v -29.000000 11.806250 2.150001
v -29.000000 11.843750 2.150001
v -29.000000 11.862500 2.075001
v -28.981251 11.843750 2.150001
v -29.000000 11.862500 2.000001
v -28.037500 11.137500 2.000001
v -28.037500 11.212500 2.000001
v -28.037500 11.137500 2.075001
v -28.018749 11.156250 2.150001
v -28.037500 11.212500 2.075001
v -28.000000 11.137500 2.075001
v -28.000000 11.156250 2.150001
v -28.000000 11.193749 2.150001
v -28.000000 11.212500 2.075001
v -28.018749 11.193749 2.150001
v -28.000000 11.212500 2.000001
v -28.370832 11.787500 2.000001
v -28.370832 11.862500 2.000001
v -28.370832 11.787500 2.075001
v -28.352083 11.806250 2.150001
v -28.370832 11.862500 2.075001
v -28.295834 11.787500 2.075001
v -28.314583 11.806250 2.150001
v -28.295834 11.862500 2.075001
v -28.295834 11.787500 2.000001
v -28.295834 11.862500 2.000001
v -28.314583 11.843750 2.150001
v -28.352083 11.843750 2.150001
v -28.370832 11.137500 2.000001
v -28.370832 11.212500 2.000001
v -28.370832 11.137500 2.075001
v -28.352083 11.156250 2.150001
v -28.370832 11.212500 2.075001
v -28.295834 11.137500 2.075001
v -28.314583 11.156250 2.150001
v -28.295834 11.212500 2.075001
v -28.295834 11.137500 2.000001
v -28.295834 11.212500 2.000001
v -28.314583 11.193749 2.150001
v -28.352083 11.193749 2.150001
v -28.704166 11.137500 2.000001
v -28.704166 11.212500 2.000001
v -28.704166 11.137500 2.075001
v -28.685417 11.156250 2.150001
v -28.704166 11.212500 2.075001
v -28.629166 11.137500 2.075001
v -28.647917 11.156250 2.150001
v -28.629166 11.212500 2.075001
v -28.629166 11.137500 2.000001
v -28.629166 11.212500 2.000001
v -28.647917 11.193749 2.150001
v -28.685417 11.193749 2.150001
v -28.704166 11.787500 2.000001
v -28.704166 11.862500 2.000001
v -28.704166 11.787500 2.075001
v -28.685417 11.806250 2.150001
v -28.704166 11.862500 2.075001
v -28.629166 11.787500 2.075001
v -28.647917 11.806250 2.150001
v -28.629166 11.862500 2.075001
v -28.629166 11.787500 2.000001
v -28.629166 11.862500 2.000001
v -28.647917 11.843750 2.150001
v -28.685417 11.843750 2.150001
v -29.000000 12.000000 2.000001
v -28.000000 12.000000 2.000001
v -29.000000 13.000000 2.000001
v -28.000000 13.000000 2.000001
v -28.370832 12.137500 2.000001
v -28.370832 12.212500 2.000001
v -28.295834 12.137500 2.000001
v -28.295834 12.212500 2.000001
v -28.352083 12.156250 2.150001
v -28.370832 12.137500 2.075001
v -28.352083 12.193749 2.150001
v -28.370832 12.212500 2.075001
v -28.314583 12.156250 2.150001
v -28.295834 12.137500 2.075001
v -28.314583 12.193749 2.150001
v -28.295834 12.212500 2.075001
v -28.704165 12.787500 2.000001
v -28.704165 12.862500 2.000001
v -28.629166 12.787500 2.000001
v -28.629166 12.862500 2.000001
v -28.685415 12.806250 2.150001
v -28.704165 12.787500 2.075001
v -28.685415 12.843750 2.150001
v -28.704165 12.862500 2.075001
v -28.647915 12.806250 2.150001
v -28.629166 12.787500 2.075001
v -28.647915 12.843750 2.150001
v -28.629166 12.862500 2.075001
v -28.704165 12.137500 2.000001
v -28.704165 12.212500 2.000001
v -28.629166 12.137500 2.000001
v -28.629166 12.212500 2.000001
v -28.685415 12.156250 2.150001
v -28.704165 12.137500 2.075001
v -28.685415 12.193749 2.150001
v -28.704165 12.212500 2.075001
v -28.647915 12.156250 2.150001
v -28.629166 12.137500 2.075001
v -28.647915 12.193749 2.150001
v -28.629166 12.212500 2.075001
v -28.370832 12.787500 2.000001
v -28.370832 12.862500 2.000001
v -28.295832 12.787500 2.000001
v -28.295832 12.862500 2.000001
v -28.352081 12.806250 2.150001
v -28.370832 12.787500 2.075001
v -28.352081 12.843750 2.150001
v -28.370832 12.862500 2.075001
v -28.314583 12.806250 2.150001
v -28.295832 12.787500 2.075001
v -28.314583 12.843750 2.150001
v -28.295832 12.862500 2.075001
v -28.962500 12.137500 2.000001
v -28.962500 12.212500 2.000001
v -29.000000 12.212500 2.000001
v -28.981249 12.156250 2.150001
v -28.962500 12.137500 2.075001
v -28.981249 12.193749 2.150001
v -28.962500 12.212500 2.075001
v -29.000000 12.137500 2.075001
v -29.000000 12.156250 2.150001
v -29.000000 12.193749 2.150001
v -29.000000 12.212500 2.075001
v -28.962500 12.787500 2.000001
v -28.962500 12.862500 2.000001
v -29.000000 12.862500 2.000001
v -28.981249 12.806250 2.150001
v -28.962500 12.787500 2.075001
v -28.981249 12.843750 2.150001
v -28.962500 12.862500 2.075001
v -29.000000 12.787500 2.075001
v -29.000000 12.806250 2.150001
v -29.000000 12.843750 2.150001
v -29.000000 12.862500 2.075001
v -28.037500 12.137500 2.000001
v -28.037500 12.212500 2.000001
v -28.000000 12.212500 2.000001
v -28.018749 12.156250 2.150001
v -28.037500 12.137500 2.075001
v -28.018749 12.193749 2.150001
v -28.037500 12.212500 2.075001
v -28.000000 12.156250 2.150001
v -28.000000 12.137500 2.075001
v -28.000000 12.212500 2.075001
v -28.000000 12.193749 2.150001
v -28.037500 12.787500 2.000001
v -28.037500 12.862500 2.000001
v -28.000000 12.862500 2.000001
v -28.018749 12.806250 2.150001
v -28.037500 12.787500 2.075001
v -28.018749 12.843750 2.150001
v -28.037500 12.862500 2.075001
v -28.000000 12.806250 2.150001
v -28.000000 12.787500 2.075001
v -28.000000 12.862500 2.075001
v -28.000000 12.843750 2.150001
v -29.000000 13.000000 2.000001
v -28.000000 13.000000 2.000001
v -29.000000 14.000000 2.000001
v -28.000000 14.000000 2.000001
v -28.370832 13.137500 2.000001
v -28.370832 13.212500 2.000001
v -28.295834 13.137500 2.000001
v -28.295834 13.212500 2.000001
v -28.352083 13.156250 2.150001
v -28.370832 13.137500 2.075001
v -28.352083 13.193749 2.150001
v -28.370832 13.212500 2.075001
v -28.314583 13.156250 2.150001
v -28.295834 13.137500 2.075001
v -28.314583 13.193749 2.150001
v -28.295834 13.212500 2.075001
v -28.704165 13.787500 2.000001
v -28.704165 13.862500 2.000001
v -28.629166 13.787500 2.000001
v -28.629166 13.862500 2.000001
v -28.685415 13.806250 2.150001
v -28.704165 13.787500 2.075001
v -28.685415 13.843750 2.150001
v -28.704165 13.862500 2.075001
v -28.647915 13.806250 2.150001
v -28.629166 13.787500 2.075001
v -28.647915 13.843750 2.150001
v -28.629166 13.862500 2.075001
v -28.704165 13.137500 2.000001
v -28.704165 13.212500 2.000001
v -28.629166 13.137500 2.000001
v -28.629166 13.212500 2.000001
v -28.685415 13.156250 2.150001
v -28.704165 13.137500 2.075001
v -28.685415 13.193749 2.150001
v -28.704165 13.212500 2.075001
v -28.647915 13.156250 2.150001
v -28.629166 13.137500 2.075001
v -28.647915 13.193749 2.150001
v -28.629166 13.212500 2.075001
v -28.370832 13.787500 2.000001
v -28.370832 13.862500 2.000001
v -28.295832 13.787500 2.000001
v -28.295832 13.862500 2.000001
v -28.352081 13.806250 2.150001
v -28.370832 13.787500 2.075001
v -28.352081 13.843750 2.150001
v -28.370832 13.862500 2.075001
v -28.314583 13.806250 2.150001
v -28.295832 13.787500 2.075001
v -28.314583 13.843750 2.150001
v -28.295832 13.862500 2.075001
v -28.962500 13.137500 2.000001
v -28.962500 13.212500 2.000001
v -29.000000 13.212500 2.000001
v -28.981249 13.156250 2.150001
v -28.962500 13.137500 2.075001
v -28.981249 13.193749 2.150001
v -28.962500 13.212500 2.075001
v -29.000000 13.137500 2.075001
v -29.000000 13.156250 2.150001
v -29.000000 13.193749 2.150001
v -29.000000 13.212500 2.075001
v -28.962500 13.787500 2.000001
v -28.962500 13.862500 2.000001
v -29.000000 13.862500 2.000001
v -28.981249 13.806250 2.150001
v -28.962500 13.787500 2.075001
v -28.981249 13.843750 2.150001
v -28.962500 13.862500 2.075001
v -29.000000 13.787500 2.075001
v -29.000000 13.806250 2.150001
v -29.000000 13.843750 2.150001
v -29.000000 13.862500 2.075001
v -28.037500 13.137500 2.000001
v -28.037500 13.212500 2.000001
v -28.000000 13.212500 2.000001
v -28.018749 13.156250 2.150001
v -28.037500 13.137500 2.075001
v -28.018749 13.193749 2.150001
v -28.037500 13.212500 2.075001
v -28.000000 13.156250 2.150001
v -28.000000 13.137500 2.075001
v -28.000000 13.212500 2.075001
v -28.000000 13.193749 2.150001
v -28.037500 13.787500 2.000001
v -28.037500 13.862500 2.000001
v -28.000000 13.862500 2.000001
v -28.018749 13.806250 2.150001
v -28.037500 13.787500 2.075001
v -28.018749 13.843750 2.150001
v -28.037500 13.862500 2.075001
v -28.000000 13.806250 2.150001
v -28.000000 13.787500 2.075001
v -28.000000 13.862500 2.075001
v -28.000000 13.843750 2.150001
v -29.000000 14.000000 2.000001
v -29.000000 13.000000 2.000001
v -28.000000 13.000000 2.000001
v -28.000000 14.000000 2.000001
v -29.000000 13.000000 2.000001
v -28.000000 13.000000 2.000001
v -28.000000 14.000000 2.000001
v -29.000000 14.000000 2.000001
v -28.166666 13.333333 2.000001
v -28.833332 13.333333 2.000001
v -28.166666 13.666667 2.000001
v -28.833332 13.666667 2.000001
v -28.166666 13.333333 1.700001
v -28.833332 13.333333 1.700001
v -28.166666 13.666667 1.700001
v -28.833332 13.666667 1.700001
v -29.000000 14.400000 1.500001
v -29.000000 14.000000 2.000001
v -28.962500 14.137500 2.000001
v -28.962500 14.212500 2.000001
v -28.962500 14.137500 2.075001
v -28.981251 14.156250 2.150001
v -28.962500 14.212500 2.075001
v -29.000000 14.137500 2.075001
v -29.000000 14.156250 2.150001
v -29.000000 14.193750 2.150001
v -29.000000 14.212500 2.075001
v -28.981251 14.193750 2.150001
v -29.000000 14.212500 2.000001
v -28.704166 14.137500 2.000001
v -28.704166 14.212500 2.000001
v -28.704166 14.137500 2.075001
v -28.685417 14.156250 2.150001
v -28.704166 14.212500 2.075001
v -28.629166 14.137500 2.075001
v -28.647917 14.156250 2.150001
v -28.629166 14.212500 2.075001
v -28.629166 14.137500 2.000001
v -28.629166 14.212500 2.000001
v -28.647917 14.193750 2.150001
v -28.685417 14.193750 2.150001
v -28.370832 14.137500 2.000001
v -28.370832 14.212500 2.000001
v -28.370832 14.137500 2.075001
v -28.352083 14.156250 2.150001
v -28.370832 14.212500 2.075001
v -28.295834 14.137500 2.075001
v -28.314583 14.156250 2.150001
v -28.295834 14.212500 2.075001
v -28.295834 14.137500 2.000001
v -28.295834 14.212500 2.000001
v -28.314583 14.193750 2.150001
v -28.352083 14.193750 2.150001
v -28.500000 14.400000 1.500001
v -28.958334 14.816666 1.958334
v -29.000000 14.816666 1.958334
v -29.000000 14.816667 1.875001
v -28.291666 14.816666 1.958334
v -28.375000 14.816666 1.958334
v -28.625000 14.816666 1.958334
v -28.708332 14.816666 1.958334
v -28.291666 14.816667 1.875001
v -28.375000 14.816667 1.875001
v -28.625000 14.816667 1.875001
v -28.708332 14.816667 1.875001
v -28.958334 14.816667 1.875001
v -28.916666 14.400000 2.000001
v -28.916666 14.650000 2.000001
v -29.000000 14.650000 2.000001
v -29.000000 14.400000 2.000001
v -29.000000 14.650000 1.833334
v -29.000000 14.400000 1.833334
v -28.916666 14.400000 1.833334
v -28.916666 14.650000 1.833334
v -28.583332 14.400000 1.833334
v -28.583332 14.650000 1.833334
v -28.583332 14.650000 2.000001
v -28.583332 14.400000 2.000001
v -28.750000 14.650000 2.000001
v -28.750000 14.400000 2.000001
v -28.750000 14.650000 1.833334
v -28.750000 14.400000 1.833334
v -28.416666 14.400000 2.000001
v -28.416666 14.650000 2.000001
v -28.416666 14.650000 1.833334
v -28.416666 14.400000 1.833334
v -28.250000 14.650000 1.833334
v -28.250000 14.400000 1.833334
v -28.250000 14.650000 2.000001
v -28.916666 14.525000 1.958334
v -28.916666 14.608334 1.958334
v -28.916666 14.525000 1.875001
v -28.916666 14.608334 1.875001
v -28.583332 14.525000 1.875001
v -28.583332 14.608334 1.875001
v -28.583332 14.608334 1.958334
v -28.583332 14.525000 1.958334
v -28.750000 14.608334 1.958334
v -28.750000 14.525000 1.958334
v -28.750000 14.608334 1.875001
v -28.750000 14.525000 1.875001
v -28.416666 14.525000 1.958334
v -28.416666 14.608334 1.958334
v -28.416666 14.608334 1.875001
v -28.416666 14.525000 1.875001
v -28.250000 14.775001 1.750001
v -28.000000 14.775000 2.000001
v -28.062500 15.025000 1.937501
v -28.000000 14.400000 2.000001
v -28.250000 14.775001 2.000001
v -28.250000 14.400000 2.000001
v -28.250000 14.400000 1.750001
v -28.187500 15.025000 1.937501
v -28.187500 15.025000 1.812501
v -28.000000 14.000000 2.075001
v -27.924999 14.000000 2.075001
v -28.000000 14.000000 2.000001
v -27.924999 14.137500 2.075001
v -28.000000 14.137500 2.000001
v -28.000000 14.137500 2.075001
v -28.037500 14.137500 2.000001
v -28.037500 14.212500 2.000001
v -28.000000 14.212500 2.000001
v -28.018749 14.156250 2.150001
v -28.037500 14.137500 2.075001
v -28.018749 14.193750 2.150001
v -28.037500 14.212500 2.075001
v -27.924999 14.212500 2.075001
v -27.924999 14.137500 2.075001
v -27.850000 14.193749 2.150001
v -27.850000 14.156250 2.150001
v -28.000000 1.000000 2.075001
v -27.924999 1.000000 2.075001
v -27.924999 1.000000 2.000001
v -28.000000 0.900000 2.075001
v -27.924999 0.900000 2.075001
v -27.924999 0.900000 2.000001
v -28.000000 1.000000 2.000001
v -28.000000 0.900000 2.000001
v -28.000000 0.000000 2.075001
v -27.925001 0.000000 2.075001
v -27.925001 0.000000 2.000001
v -28.000000 0.000000 2.000001
v -28.000000 0.137500 2.075001
v -28.000000 0.862501 2.075001
v -27.924999 0.862501 2.075001
v -27.924999 0.787501 2.075001
v -27.924999 0.212500 2.075001
v -27.925001 0.137500 2.075001
v -27.925001 0.137500 2.000001
v -27.924999 0.212500 2.000001
v -27.924999 0.787501 2.000001
v -27.924999 0.862501 2.000001
v -28.000000 0.862501 2.000001
v -28.000000 0.787501 2.000001
v -28.000000 0.212500 2.000001
v -28.000000 0.137500 2.000001
v -28.000000 0.212500 2.075001
v -28.000000 0.787501 2.075001
v -27.850000 0.843751 2.150001
v -27.850000 0.806251 2.150001
v -27.850000 0.806251 2.000001
v -27.850000 0.843750 2.000001
v -28.000000 0.806251 2.150001
v -28.000000 0.843750 2.150001
v -27.850000 0.193750 2.150001
v -27.850000 0.156250 2.150001
v -27.850000 0.156250 2.000001
v -27.850000 0.193750 2.000001
v -28.000000 0.156250 2.150001
v -28.000000 0.193750 2.150001
v -28.000000 2.000000 2.075001
v -27.924999 2.000000 2.075001
v -27.924999 2.000000 2.000001
v -28.000000 1.900000 2.075001
v -27.924999 1.900000 2.075001
v -27.924999 1.900000 2.000001
v -28.000000 2.000000 2.000001
v -28.000000 1.900000 2.000001
v -28.000000 1.000000 2.075001
v -27.925001 1.000000 2.075001
v -27.925001 1.000000 2.000001
v -28.000000 1.000000 2.000001
v -28.000000 1.137500 2.075001
v -28.000000 1.862501 2.075001
v -27.924999 1.862501 2.075001
v -27.924999 1.787501 2.075001
v -27.924999 1.212500 2.075001
v -27.925001 1.137500 2.075001
v -27.925001 1.137500 2.000001
v -27.924999 1.212500 2.000001
v -27.924999 1.787501 2.000001
v -27.924999 1.862501 2.000001
v -28.000000 1.862501 2.000001
v -28.000000 1.787501 2.000001
v -28.000000 1.212500 2.000001
v -28.000000 1.137500 2.000001
v -28.000000 1.212500 2.075001
v -28.000000 1.787501 2.075001
v -27.850000 1.843750 2.150001
v -27.850000 1.806251 2.150001
v -27.850000 1.806251 2.000001
v -27.850000 1.843750 2.000001
v -28.000000 1.806251 2.150001
v -28.000000 1.843750 2.150001
v -27.850000 1.193750 2.150001
v -27.850000 1.156250 2.150001
v -27.850000 1.156250 2.000001
v -27.850000 1.193750 2.000001
v -28.000000 1.156250 2.150001
v -28.000000 1.193750 2.150001
v -28.000000 3.000000 2.075001
v -27.924999 3.000000 2.075001
v -27.924999 3.000000 2.000001
v -28.000000 2.900001 2.075001
v -27.924999 2.900001 2.075001
v -27.924999 2.900001 2.000001
v -28.000000 3.000000 2.000001
v -28.000000 2.900001 2.000001
v -28.000000 2.000000 2.075001
v -27.925001 2.000000 2.075001
v -27.925001 2.000000 2.000001
v -28.000000 2.000000 2.000001
v -28.000000 2.137500 2.075001
v -28.000000 2.862501 2.075001
v -27.924999 2.862501 2.075001
v -27.924999 2.787501 2.075001
v -27.924999 2.212500 2.075001
v -27.925001 2.137500 2.075001
v -27.925001 2.137500 2.000001
v -27.924999 2.212500 2.000001
v -27.924999 2.787501 2.000001
v -27.924999 2.862501 2.000001
v -28.000000 2.862501 2.000001
v -28.000000 2.787501 2.000001
v -28.000000 2.212500 2.000001
v -28.000000 2.137500 2.000001
v -28.000000 2.212500 2.075001
v -28.000000 2.787501 2.075001
v -27.850000 2.843750 2.150001
v -27.850000 2.806251 2.150001
v -27.850000 2.806251 2.000001
v -27.850000 2.843750 2.000001
v -28.000000 2.806251 2.150001
v -28.000000 2.843750 2.150001
v -27.850000 2.193750 2.150001
v -27.850000 2.156250 2.150001
v -27.850000 2.156250 2.000001
v -27.850000 2.193750 2.000001
v -28.000000 2.156250 2.150001
v -28.000000 2.193750 2.150001
v -28.000000 4.000000 2.075001
v -27.924999 4.000000 2.075001
v -27.924999 4.000000 2.000001
v -28.000000 3.900000 2.075001
v -27.924999 3.900000 2.075001
v -27.924999 3.900000 2.000001
v -28.000000 4.000000 2.000001
v -28.000000 3.900000 2.000001
v -28.000000 3.000000 2.075001
v -27.925001 3.000000 2.075001
v -27.925001 3.000000 2.000001
v -28.000000 3.000000 2.000001
v -28.000000 3.137500 2.075001
v -28.000000 3.862500 2.075001
v -27.924999 3.862500 2.075001
v -27.924999 3.787500 2.075001
v -27.924999 3.212500 2.075001
v -27.925001 3.137500 2.075001
v -27.925001 3.137500 2.000001
v -27.924999 3.212500 2.000001
v -27.924999 3.787500 2.000001
v -27.924999 3.862500 2.000001
v -28.000000 3.862500 2.000001
v -28.000000 3.787500 2.000001
v -28.000000 3.212500 2.000001
v -28.000000 3.137500 2.000001
v -28.000000 3.212500 2.075001
v -28.000000 3.787500 2.075001
v -27.850000 3.843750 2.150001
v -27.850000 3.806250 2.150001
v -27.850000 3.806250 2.000001
v -27.850000 3.843750 2.000001
v -28.000000 3.806250 2.150001
v -28.000000 3.843750 2.150001
v -27.850000 3.193750 2.150001
v -27.850000 3.156250 2.150001
v -27.850000 3.156250 2.000001
v -27.850000 3.193750 2.000001
v -28.000000 3.156250 2.150001
v -28.000000 3.193750 2.150001
v -28.000000 5.000000 2.075001
v -27.924999 5.000000 2.075001
v -27.924999 5.000000 2.000001
v -28.000000 4.900000 2.075001
v -27.924999 4.900000 2.075001
v -27.924999 4.900000 2.000001
v -28.000000 5.000000 2.000001
v -28.000000 4.900000 2.000001
v -28.000000 4.000000 2.075001
v -27.925001 4.000000 2.075001
v -27.925001 4.000000 2.000001
v -28.000000 4.000000 2.000001
v -28.000000 4.137500 2.075001
v -28.000000 4.862500 2.075001
v -27.924999 4.862500 2.075001
v -27.924999 4.787500 2.075001
v -27.924999 4.212500 2.075001
v -27.925001 4.137500 2.075001
v -27.925001 4.137500 2.000001
v -27.924999 4.212500 2.000001
v -27.924999 4.787500 2.000001
v -27.924999 4.862500 2.000001
v -28.000000 4.862500 2.000001
v -28.000000 4.787500 2.000001
v -28.000000 4.212500 2.000001
v -28.000000 4.137500 2.000001
v -28.000000 4.212500 2.075001
v -28.000000 4.787500 2.075001
v -27.850000 4.843750 2.150001
v -27.850000 4.806250 2.150001
v -27.850000 4.806250 2.000001
v -27.850000 4.843750 2.000001
v -28.000000 4.806250 2.150001
v -28.000000 4.843750 2.150001
v -27.850000 4.193750 2.150001
v -27.850000 4.156250 2.150001
v -27.850000 4.156250 2.000001
v -27.850000 4.193750 2.000001
v -28.000000 4.156250 2.150001
v -28.000000 4.193750 2.150001
v -28.000000 6.000000 2.075001
v -27.924999 6.000000 2.075001
v -27.924999 6.000000 2.000001
v -28.000000 5.900000 2.075001
v -27.924999 5.900000 2.075001
v -27.924999 5.900000 2.000001
v -28.000000 6.000000 2.000001
v -28.000000 5.900000 2.000001
v -28.000000 5.000000 2.075001
v -27.925001 5.000000 2.075001
v -27.925001 5.000000 2.000001
v -28.000000 5.000000 2.000001
v -28.000000 5.137500 2.075001
v -28.000000 5.862500 2.075001
v -27.924999 5.862500 2.075001
v -27.924999 5.787500 2.075001
v -27.924999 5.212500 2.075001
v -27.925001 5.137500 2.075001
v -27.925001 5.137500 2.000001
v -27.924999 5.212500 2.000001
v -27.924999 5.787500 2.000001
v -27.924999 5.862500 2.000001
v -28.000000 5.862500 2.000001
v -28.000000 5.787500 2.000001
v -28.000000 5.212500 2.000001
v -28.000000 5.137500 2.000001
v -28.000000 5.212500 2.075001
v -28.000000 5.787500 2.075001
v -27.850000 5.843750 2.150001
v -27.850000 5.806250 2.150001
v -27.850000 5.806250 2.000001
v -27.850000 5.843750 2.000001
v -28.000000 5.806250 2.150001
v -28.000000 5.843750 2.150001
v -27.850000 5.193750 2.150001
v -27.850000 5.156250 2.150001
v -27.850000 5.156250 2.000001
v -27.850000 5.193750 2.000001
v -28.000000 5.156250 2.150001
v -28.000000 5.193750 2.150001
v -28.000000 7.000000 2.075001
v -27.924999 7.000000 2.075001
v -27.924999 7.000000 2.000001
v -28.000000 6.900000 2.075001
v -27.924999 6.900000 2.075001
v -27.924999 6.900000 2.000001
v -28.000000 7.000000 2.000001
v -28.000000 6.900000 2.000001
v -28.000000 6.000000 2.075001
v -27.925001 6.000000 2.075001
v -27.925001 6.000000 2.000001
v -28.000000 6.000000 2.000001
v -28.000000 6.137500 2.075001
v -28.000000 6.862500 2.075001
v -27.924999 6.862500 2.075001
v -27.924999 6.787500 2.075001
v -27.924999 6.212500 2.075001
v -27.925001 6.137500 2.075001
v -27.925001 6.137500 2.000001
v -27.924999 6.212500 2.000001
v -27.924999 6.787500 2.000001
v -27.924999 6.862500 2.000001
v -28.000000 6.862500 2.000001
v -28.000000 6.787500 2.000001
v -28.000000 6.212500 2.000001
v -28.000000 6.137500 2.000001
v -28.000000 6.212500 2.075001
v -28.000000 6.787500 2.075001
v -27.850000 6.843750 2.150001
v -27.850000 6.806250 2.150001
v -27.850000 6.806250 2.000001
v -27.850000 6.843750 2.000001
v -28.000000 6.806250 2.150001
v -28.000000 6.843750 2.150001
v -27.850000 6.193750 2.150001
v -27.850000 6.156250 2.150001
v -27.850000 6.156250 2.000001
v -27.850000 6.193750 2.000001
v -28.000000 6.156250 2.150001
v -28.000000 6.193750 2.150001
v -28.000000 8.000000 2.075001
v -27.924999 8.000000 2.075001
v -27.924999 8.000000 2.000001
v -28.000000 7.900000 2.075001
v -27.924999 7.900000 2.075001
v -27.924999 7.900000 2.000001
v -28.000000 8.000000 2.000001
v -28.000000 7.900000 2.000001
v -28.000000 7.000000 2.075001
v -27.925001 7.000000 2.075001
v -27.925001 7.000000 2.000001
v -28.000000 7.000000 2.000001
v -28.000000 7.137500 2.075001
v -28.000000 7.862500 2.075001
v -27.924999 7.862500 2.075001
v -27.924999 7.787500 2.075001
v -27.924999 7.212500 2.075001
v -27.925001 7.137500 2.075001
v -27.925001 7.137500 2.000001
v -27.924999 7.212500 2.000001
v -27.924999 7.787500 2.000001
v -27.924999 7.862500 2.000001
v -28.000000 7.862500 2.000001
v -28.000000 7.787500 2.000001
v -28.000000 7.212500 2.000001
v -28.000000 7.137500 2.000001
v -28.000000 7.212500 2.075001
v -28.000000 7.787500 2.075001
v -27.850000 7.843750 2.150001
v -27.850000 7.806250 2.150001
v -27.850000 7.806250 2.000001
v -27.850000 7.843750 2.000001
v -28.000000 7.806250 2.150001
v -28.000000 7.843750 2.150001
v -27.850000 7.193750 2.150001
v -27.850000 7.156250 2.150001
v -27.850000 7.156250 2.000001
v -27.850000 7.193750 2.000001
v -28.000000 7.156250 2.150001
v -28.000000 7.193750 2.150001
v -28.000000 9.000000 2.075001
v -27.924999 9.000000 2.075001
v -27.924999 9.000000 2.000001
v -28.000000 8.900000 2.075001
v -27.924999 8.900000 2.075001
v -27.924999 8.900000 2.000001
v -28.000000 9.000000 2.000001
v -28.000000 8.900000 2.000001
v -28.000000 8.000000 2.075001
v -27.925001 8.000000 2.075001
v -27.925001 8.000000 2.000001
v -28.000000 8.000000 2.000001
v -28.000000 8.137500 2.075001
v -28.000000 8.862500 2.075001
v -27.924999 8.862500 2.075001
v -27.924999 8.787500 2.075001
v -27.924999 8.212500 2.075001
v -27.925001 8.137500 2.075001
v -27.925001 8.137500 2.000001
v -27.924999 8.212500 2.000001
v -27.924999 8.787500 2.000001
v -27.924999 8.862500 2.000001
v -28.000000 8.862500 2.000001
v -28.000000 8.787500 2.000001
v -28.000000 8.212500 2.000001
v -28.000000 8.137500 2.000001
v -28.000000 8.212500 2.075001
v -28.000000 8.787500 2.075001
v -27.850000 8.843750 2.150001
v -27.850000 8.806250 2.150001
v -27.850000 8.806250 2.000001
v -27.850000 8.843750 2.000001
v -28.000000 8.806250 2.150001
v -28.000000 8.843750 2.150001
v -27.850000 8.193749 2.150001
v -27.850000 8.156250 2.150001
v -27.850000 8.156250 2.000001
v -27.850000 8.193749 2.000001
v -28.000000 8.156250 2.150001
v -28.000000 8.193749 2.150001
v -28.000000 10.000000 2.075001
v -27.924999 10.000000 2.075001
v -27.924999 10.000000 2.000001
v -28.000000 9.900000 2.075001
v -27.924999 9.900000 2.075001
v -27.924999 9.900000 2.000001
v -28.000000 10.000000 2.000001
v -28.000000 9.900000 2.000001
v -28.000000 9.000000 2.075001
v -27.925001 9.000000 2.075001
v -27.925001 9.000000 2.000001
v -28.000000 9.000000 2.000001
v -28.000000 9.137500 2.075001
v -28.000000 9.862500 2.075001
v -27.924999 9.862500 2.075001
v -27.924999 9.787500 2.075001
v -27.924999 9.212500 2.075001
v -27.925001 9.137500 2.075001
v -27.925001 9.137500 2.000001
v -27.924999 9.212500 2.000001
v -27.924999 9.787500 2.000001
v -27.924999 9.862500 2.000001
v -28.000000 9.862500 2.000001
v -28.000000 9.787500 2.000001
v -28.000000 9.212500 2.000001
v -28.000000 9.137500 2.000001
v -28.000000 9.212500 2.075001
v -28.000000 9.787500 2.075001
v -27.850000 9.843750 2.150001
v -27.850000 9.806250 2.150001
v -27.850000 9.806250 2.000001
v -27.850000 9.843750 2.000001
v -28.000000 9.806250 2.150001
v -28.000000 9.843750 2.150001
v -27.850000 9.193749 2.150001
v -27.850000 9.156250 2.150001
v -27.850000 9.156250 2.000001
v -27.850000 9.193749 2.000001
v -28.000000 9.156250 2.150001
v -28.000000 9.193749 2.150001
v -28.000000 11.000000 2.075001
v -27.924999 11.000000 2.075001
v -27.924999 11.000000 2.000001
v -28.000000 10.900000 2.075001
v -27.924999 10.900000 2.075001
v -27.924999 10.900000 2.000001
v -28.000000 11.000000 2.000001
v -28.000000 10.900000 2.000001
v -28.000000 10.000000 2.075001
v -27.925001 10.000000 2.075001
v -27.925001 10.000000 2.000001
v -28.000000 10.000000 2.000001
v -28.000000 10.137500 2.075001
v -28.000000 10.862500 2.075001
v -27.924999 10.862500 2.075001
v -27.924999 10.787500 2.075001
v -27.924999 10.212500 2.075001
v -27.925001 10.137500 2.075001
v -27.925001 10.137500 2.000001
v -27.924999 10.212500 2.000001
v -27.924999 10.787500 2.000001
v -27.924999 10.862500 2.000001
v -28.000000 10.862500 2.000001
v -28.000000 10.787500 2.000001
v -28.000000 10.212500 2.000001
v -28.000000 10.137500 2.000001
v -28.000000 10.212500 2.075001
v -28.000000 10.787500 2.075001
v -27.850000 10.843750 2.150001
v -27.850000 10.806250 2.150001
v -27.850000 10.806250 2.000001
v -27.850000 10.843750 2.000001
v -28.000000 10.806250 2.150001
v -28.000000 10.843750 2.150001
v -27.850000 10.193749 2.150001
v -27.850000 10.156250 2.150001
v -27.850000 10.156250 2.000001
v -27.850000 10.193749 2.000001
v -28.000000 10.156250 2.150001
v -28.000000 10.193749 2.150001
v -28.000000 12.000000 2.075001
v -27.924999 12.000000 2.075001
v -27.924999 12.000000 2.000001
v -28.000000 11.900000 2.075001
v -27.924999 11.900000 2.075001
v -27.924999 11.900000 2.000001
v -28.000000 12.000000 2.000001
v -28.000000 11.900000 2.000001
v -28.000000 11.000000 2.075001
v -27.925001 11.000000 2.075001
v -27.925001 11.000000 2.000001
v -28.000000 11.000000 2.000001
v -28.000000 11.137500 2.075001
v -28.000000 11.862500 2.075001
v -27.924999 11.862500 2.075001
v -27.924999 11.787500 2.075001
v -27.924999 11.212500 2.075001
v -27.925001 11.137500 2.075001
v -27.925001 11.137500 2.000001
v -27.924999 11.212500 2.000001
v -27.924999 11.787500 2.000001
v -27.924999 11.862500 2.000001
v -28.000000 11.862500 2.000001
v -28.000000 11.787500 2.000001
v -28.000000 11.212500 2.000001
v -28.000000 11.137500 2.000001
v -28.000000 11.212500 2.075001
v -28.000000 11.787500 2.075001
v -27.850000 11.843750 2.150001
v -27.850000 11.806250 2.150001
v -27.850000 11.806250 2.000001
v -27.850000 11.843750 2.000001
v -28.000000 11.806250 2.150001
v -28.000000 11.843750 2.150001
v -27.850000 11.193749 2.150001
v -27.850000 11.156250 2.150001
v -27.850000 11.156250 2.000001
v -27.850000 11.193749 2.000001
v -28.000000 11.156250 2.150001
v -28.000000 11.193749 2.150001
v -28.000000 13.000000 2.075001
v -27.924999 13.000000 2.075001
v -27.924999 13.000000 2.000001
v -28.000000 12.900000 2.075001
v -27.924999 12.900000 2.075001
v -27.924999 12.900000 2.000001
v -28.000000 13.000000 2.000001
v -28.000000 12.900000 2.000001
v -28.000000 12.000000 2.075001
v -27.925001 12.000000 2.075001
v -27.925001 12.000000 2.000001
v -28.000000 12.000000 2.000001
v -28.000000 12.137500 2.075001
v -28.000000 12.862500 2.075001
v -27.924999 12.862500 2.075001
v -27.924999 12.787500 2.075001
v -27.924999 12.212500 2.075001
v -27.925001 12.137500 2.075001
v -27.925001 12.137500 2.000001
v -27.924999 12.212500 2.000001
v -27.924999 12.787500 2.000001
v -27.924999 12.862500 2.000001
v -28.000000 12.862500 2.000001
v -28.000000 12.787500 2.000001
v -28.000000 12.212500 2.000001
v -28.000000 12.137500 2.000001
v -28.000000 12.212500 2.075001
v -28.000000 12.787500 2.075001
v -27.850000 12.843750 2.150001
v -27.850000 12.806250 2.150001
v -27.850000 12.806250 2.000001
v -27.850000 12.843750 2.000001
v -28.000000 12.806250 2.150001
v -28.000000 12.843750 2.150001
v -27.850000 12.193749 2.150001
v -27.850000 12.156250 2.150001
v -27.850000 12.156250 2.000001
v -27.850000 12.193749 2.000001
v -28.000000 12.156250 2.150001
v -28.000000 12.193749 2.150001
v -28.000000 14.000000 2.075001
v -27.924999 14.000000 2.075001
v -27.924999 14.000000 2.000001
v -28.000000 13.900000 2.075001
v -27.924999 13.900000 2.075001
v -27.924999 13.900000 2.000001
v -28.000000 14.000000 2.000001
v -28.000000 13.900000 2.000001
v -28.000000 13.000000 2.075001
v -27.925001 13.000000 2.075001
v -27.925001 13.000000 2.000001
v -28.000000 13.000000 2.000001
v -28.000000 13.137500 2.075001
v -28.000000 13.862500 2.075001
v -27.924999 13.862500 2.075001
v -27.924999 13.787500 2.075001
v -27.924999 13.212500 2.075001
v -27.925001 13.137500 2.075001
v -27.925001 13.137500 2.000001
v -27.924999 13.212500 2.000001
v -27.924999 13.787500 2.000001
v -27.924999 13.862500 2.000001
v -28.000000 13.862500 2.000001
v -28.000000 13.787500 2.000001
v -28.000000 13.212500 2.000001
v -28.000000 13.137500 2.000001
v -28.000000 13.212500 2.075001
v -28.000000 13.787500 2.075001
v -27.850000 13.843750 2.150001
v -27.850000 13.806250 2.150001
v -27.850000 13.806250 2.000001
v -27.850000 13.843750 2.000001
v -28.000000 13.806250 2.150001
v -28.000000 13.843750 2.150001
v -27.850000 13.193749 2.150001
v -27.850000 13.156250 2.150001
v -27.850000 13.156250 2.000001
v -27.850000 13.193749 2.000001
v -28.000000 13.156250 2.150001
v -28.000000 13.193749 2.150001
v -31.000000 14.400000 1.500001
v -30.000000 14.400000 1.500001
v -31.000000 14.000000 2.000001
v -30.000000 14.000000 2.000001
v -31.000000 14.400000 2.000001
v -30.000000 14.400000 2.000001
v -30.962500 14.137500 2.000001
v -30.962500 14.212500 2.000001
v -30.962500 14.137500 2.075001
v -30.981251 14.156250 2.150001
v -30.962500 14.212500 2.075001
v -31.000000 14.137500 2.075001
v -31.000000 14.156250 2.150001
v -31.000000 14.193750 2.150001
v -31.000000 14.212500 2.075001
v -30.981251 14.193750 2.150001
v -31.000000 14.212500 2.000001
v -30.037500 14.137500 2.000001
v -30.037500 14.212500 2.000001
v -30.037500 14.137500 2.075001
v -30.018749 14.156250 2.150001
v -30.037500 14.212500 2.075001
v -30.000000 14.137500 2.075001
v -30.000000 14.156250 2.150001
v -30.000000 14.193750 2.150001
v -30.000000 14.212500 2.075001
v -30.018749 14.193750 2.150001
v -30.000000 14.212500 2.000001
v -30.704166 14.137500 2.000001
v -30.704166 14.212500 2.000001
v -30.704166 14.137500 2.075001
v -30.685417 14.156250 2.150001
v -30.704166 14.212500 2.075001
v -30.629166 14.137500 2.075001
v -30.647917 14.156250 2.150001
v -30.629166 14.212500 2.075001
v -30.629166 14.137500 2.000001
v -30.629166 14.212500 2.000001
v -30.647917 14.193750 2.150001
v -30.685417 14.193750 2.150001
v -30.370832 14.137500 2.000001
v -30.370832 14.212500 2.000001
v -30.370832 14.137500 2.075001
v -30.352083 14.156250 2.150001
v -30.370832 14.212500 2.075001
v -30.295834 14.137500 2.075001
v -30.314583 14.156250 2.150001
v -30.295834 14.212500 2.075001
v -30.295834 14.137500 2.000001
v -30.295834 14.212500 2.000001
v -30.314583 14.193750 2.150001
v -30.352083 14.193750 2.150001
v -31.000000 14.400000 2.000001
v -30.000000 14.400000 2.000001
v -30.083332 14.400000 2.000001
v -30.250000 14.400000 2.000001
v -30.416666 14.400000 2.000001
v -30.583332 14.400000 2.000001
v -30.750000 14.400000 2.000001
v -30.916666 14.400000 2.000001
v -31.000000 14.400000 1.833334
v -30.000000 14.400000 1.833334
v -30.083332 14.400000 1.833334
v -30.250000 14.400000 1.833334
v -30.416666 14.400000 1.833334
v -30.583332 14.400000 1.833334
v -30.750000 14.400000 1.833334
v -30.916666 14.400000 1.833334
v -30.958334 14.816666 1.958334
v -31.000000 14.816666 1.958334
v -31.000000 14.816667 1.875001
v -30.000000 14.816666 1.958334
v -30.041666 14.816666 1.958334
v -30.291666 14.816666 1.958334
v -30.375000 14.816666 1.958334
v -30.625000 14.816666 1.958334
v -30.708332 14.816666 1.958334
v -30.041666 14.816667 1.875001
v -30.291666 14.816667 1.875001
v -30.375000 14.816667 1.875001
v -30.625000 14.816667 1.875001
v -30.708332 14.816667 1.875001
v -30.958334 14.816667 1.875001
v -30.000000 14.816667 1.875001
v -30.916666 14.650000 2.000001
v -31.000000 14.650000 2.000001
v -31.000000 14.650000 1.833334
v -30.916666 14.650000 1.833334
v -30.583332 14.650000 1.833334
v -30.583332 14.650000 2.000001
v -30.750000 14.650000 2.000001
v -30.750000 14.650000 1.833334
v -30.416666 14.650000 2.000001
v -30.416666 14.650000 1.833334
v -30.250000 14.650000 1.833334
v -30.250000 14.650000 2.000001
v -30.000000 14.650000 1.833334
v -30.000000 14.650000 2.000001
v -30.083332 14.650000 2.000001
v -30.083332 14.650000 1.833334
v -30.916666 14.525000 1.958334
v -30.916666 14.608334 1.958334
v -30.916666 14.525000 1.875001
v -30.916666 14.608334 1.875001
v -30.583332 14.525000 1.875001
v -30.583332 14.608334 1.875001
v -30.583332 14.608334 1.958334
v -30.583332 14.525000 1.958334
v -30.750000 14.608334 1.958334
v -30.750000 14.525000 1.958334
v -30.750000 14.608334 1.875001
v -30.750000 14.525000 1.875001
v -30.416666 14.525000 1.958334
v -30.416666 14.608334 1.958334
v -30.416666 14.608334 1.875001
v -30.416666 14.525000 1.875001
v -30.250000 14.608334 1.875001
v -30.250000 14.525000 1.875001
v -30.250000 14.608334 1.958334
v -30.250000 14.525000 1.958334
v -30.083332 14.608334 1.958334
v -30.083332 14.525000 1.958334
v -30.083332 14.608334 1.875001
v -30.083332 14.525000 1.875001
v -30.000000 14.400000 1.500001
v -29.000000 14.400000 1.500001
v -30.000000 14.000000 2.000001
v -29.000000 14.000000 2.000001
v -30.000000 14.400000 2.000001
v -29.000000 14.400000 2.000001
v -29.962500 14.137500 2.000001
v -29.962500 14.212500 2.000001
v -29.962500 14.137500 2.075001
v -29.981251 14.156250 2.150001
v -29.962500 14.212500 2.075001
v -30.000000 14.137500 2.075001
v -30.000000 14.156250 2.150001
v -30.000000 14.193750 2.150001
v -30.000000 14.212500 2.075001
v -29.981251 14.193750 2.150001
v -30.000000 14.212500 2.000001
v -29.037500 14.137500 2.000001
v -29.037500 14.212500 2.000001
v -29.037500 14.137500 2.075001
v -29.018749 14.156250 2.150001
v -29.037500 14.212500 2.075001
v -29.000000 14.137500 2.075001
v -29.000000 14.156250 2.150001
v -29.000000 14.193750 2.150001
v -29.000000 14.212500 2.075001
v -29.018749 14.193750 2.150001
v -29.000000 14.212500 2.000001
v -29.704166 14.137500 2.000001
v -29.704166 14.212500 2.000001
v -29.704166 14.137500 2.075001
v -29.685417 14.156250 2.150001
v -29.704166 14.212500 2.075001
v -29.629166 14.137500 2.075001
v -29.647917 14.156250 2.150001
v -29.629166 14.212500 2.075001
v -29.629166 14.137500 2.000001
v -29.629166 14.212500 2.000001
v -29.647917 14.193750 2.150001
v -29.685417 14.193750 2.150001
v -29.370832 14.137500 2.000001
v -29.370832 14.212500 2.000001
v -29.370832 14.137500 2.075001
v -29.352083 14.156250 2.150001
v -29.370832 14.212500 2.075001
v -29.295834 14.137500 2.075001
v -29.314583 14.156250 2.150001
v -29.295834 14.212500 2.075001
v -29.295834 14.137500 2.000001
v -29.295834 14.212500 2.000001
v -29.314583 14.193750 2.150001
v -29.352083 14.193750 2.150001
v -30.000000 14.400000 2.000001
v -29.000000 14.400000 2.000001
v -29.083332 14.400000 2.000001
v -29.250000 14.400000 2.000001
v -29.416666 14.400000 2.000001
v -29.583332 14.400000 2.000001
v -29.750000 14.400000 2.000001
v -29.916666 14.400000 2.000001
v -30.000000 14.400000 1.833334
v -29.000000 14.400000 1.833334
v -29.083332 14.400000 1.833334
v -29.250000 14.400000 1.833334
v -29.416666 14.400000 1.833334
v -29.583332 14.400000 1.833334
v -29.750000 14.400000 1.833334
v -29.916666 14.400000 1.833334
v -29.958334 14.816666 1.958334
v -30.000000 14.816666 1.958334
v -30.000000 14.816667 1.875001
v -29.000000 14.816666 1.958334
v -29.041666 14.816666 1.958334
v -29.291666 14.816666 1.958334
v -29.375000 14.816666 1.958334
v -29.625000 14.816666 1.958334
v -29.708332 14.816666 1.958334
v -29.041666 14.816667 1.875001
v -29.291666 14.816667 1.875001
v -29.375000 14.816667 1.875001
v -29.625000 14.816667 1.875001
v -29.708332 14.816667 1.875001
v -29.958334 14.816667 1.875001
v -29.000000 14.816667 1.875001
v -29.916666 14.650000 2.000001
v -30.000000 14.650000 2.000001
v -30.000000 14.650000 1.833334
v -29.916666 14.650000 1.833334
v -29.583332 14.650000 1.833334
v -29.583332 14.650000 2.000001
v -29.750000 14.650000 2.000001
v -29.750000 14.650000 1.833334
v -29.416666 14.650000 2.000001
v -29.416666 14.650000 1.833334
v -29.250000 14.650000 1.833334
v -29.250000 14.650000 2.000001
v -29.000000 14.650000 1.833334
v -29.000000 14.650000 2.000001
v -29.083332 14.650000 2.000001
v -29.083332 14.650000 1.833334
v -29.916666 14.525000 1.958334
v -29.916666 14.608334 1.958334
v -29.916666 14.525000 1.875001
v -29.916666 14.608334 1.875001
v -29.583332 14.525000 1.875001
v -29.583332 14.608334 1.875001
v -29.583332 14.608334 1.958334
v -29.583332 14.525000 1.958334
v -29.750000 14.608334 1.958334
v -29.750000 14.525000 1.958334
v -29.750000 14.608334 1.875001
v -29.750000 14.525000 1.875001
v -29.416666 14.525000 1.958334
v -29.416666 14.608334 1.958334
v -29.416666 14.608334 1.875001
v -29.416666 14.525000 1.875001
v -29.250000 14.608334 1.875001
v -29.250000 14.525000 1.875001
v -29.250000 14.608334 1.958334
v -29.250000 14.525000 1.958334
v -29.083332 14.608334 1.958334
v -29.083332 14.525000 1.958334
v -29.083332 14.608334 1.875001
v -29.083332 14.525000 1.875001
v -29.000000 14.400000 -1.500000
v -30.000000 14.400000 -1.500000
v -29.000000 14.000000 -2.000000
v -30.000000 14.000000 -2.000000
v -29.000000 14.400000 -2.000000
v -30.000000 14.400000 -2.000000
v -29.037500 14.137500 -2.000000
v -29.037500 14.212500 -2.000000
v -29.037500 14.137500 -2.075000
v -29.018749 14.156250 -2.150000
v -29.037500 14.212500 -2.075000
v -29.000000 14.137500 -2.075000
v -29.000000 14.156250 -2.150000
v -29.000000 14.193750 -2.150000
v -29.000000 14.212500 -2.075000
v -29.018749 14.193750 -2.150000
v -29.000000 14.212500 -2.000000
v -29.962500 14.137500 -2.000000
v -29.962500 14.212500 -2.000000
v -29.962500 14.137500 -2.075000
v -29.981251 14.156250 -2.150000
v -29.962500 14.212500 -2.075000
v -30.000000 14.137500 -2.075000
v -30.000000 14.156250 -2.150000
v -30.000000 14.193750 -2.150000
v -30.000000 14.212500 -2.075000
v -29.981251 14.193750 -2.150000
v -30.000000 14.212500 -2.000000
v -29.295834 14.137500 -2.000000
v -29.295834 14.212500 -2.000000
v -29.295834 14.137500 -2.075000
v -29.314583 14.156250 -2.150000
v -29.295834 14.212500 -2.075000
v -29.370834 14.137500 -2.075000
v -29.352083 14.156250 -2.150000
v -29.370834 14.212500 -2.075000
v -29.370834 14.137500 -2.000000
v -29.370834 14.212500 -2.000000
v -29.352083 14.193750 -2.150000
v -29.314583 14.193750 -2.150000
v -29.629168 14.137500 -2.000000
v -29.629168 14.212500 -2.000000
v -29.629168 14.137500 -2.075000
v -29.647917 14.156250 -2.150000
v -29.629168 14.212500 -2.075000
v -29.704166 14.137500 -2.075000
v -29.685417 14.156250 -2.150000
v -29.704166 14.212500 -2.075000
v -29.704166 14.137500 -2.000000
v -29.704166 14.212500 -2.000000
v -29.685417 14.193750 -2.150000
v -29.647917 14.193750 -2.150000
v -29.000000 14.400000 -2.000000
v -30.000000 14.400000 -2.000000
v -29.916668 14.400000 -2.000000
v -29.750000 14.400000 -2.000000
v -29.583334 14.400000 -2.000000
v -29.416668 14.400000 -2.000000
v -29.250000 14.400000 -2.000000
v -29.083334 14.400000 -2.000000
v -29.000000 14.400000 -1.833333
v -30.000000 14.400000 -1.833333
v -29.916668 14.400000 -1.833333
v -29.750000 14.400000 -1.833333
v -29.583334 14.400000 -1.833333
v -29.416668 14.400000 -1.833333
v -29.250000 14.400000 -1.833333
v -29.083334 14.400000 -1.833333
v -29.041666 14.816666 -1.958333
v -29.000000 14.816666 -1.958333
v -29.000000 14.816667 -1.875000
v -30.000000 14.816666 -1.958333
v -29.958334 14.816666 -1.958333
v -29.708334 14.816666 -1.958333
v -29.625000 14.816666 -1.958333
v -29.375000 14.816666 -1.958333
v -29.291668 14.816666 -1.958333
v -29.958334 14.816667 -1.875000
v -29.708334 14.816667 -1.875000
v -29.625000 14.816667 -1.875000
v -29.375000 14.816667 -1.875000
v -29.291668 14.816667 -1.875000
v -29.041666 14.816667 -1.875000
v -30.000000 14.816667 -1.875000
v -29.083334 14.650000 -2.000000
v -29.000000 14.650000 -2.000000
v -29.000000 14.650000 -1.833333
v -29.083334 14.650000 -1.833333
v -29.416668 14.650000 -1.833333
v -29.416668 14.650000 -2.000000
v -29.250000 14.650000 -2.000000
v -29.250000 14.650000 -1.833333
v -29.583334 14.650000 -2.000000
v -29.583334 14.650000 -1.833333
v -29.750000 14.650000 -1.833333
v -29.750000 14.650000 -2.000000
v -30.000000 14.650000 -1.833333
v -30.000000 14.650000 -2.000000
v -29.916668 14.650000 -2.000000
v -29.916668 14.650000 -1.833333
v -29.083334 14.525000 -1.958333
v -29.083334 14.608334 -1.958333
v -29.083334 14.525000 -1.875000
v -29.083334 14.608334 -1.875000
v -29.416668 14.525000 -1.875000
v -29.416668 14.608334 -1.875000
v -29.416668 14.608334 -1.958333
v -29.416668 14.525000 -1.958333
v -29.250000 14.608334 -1.958333
v -29.250000 14.525000 -1.958333
v -29.250000 14.608334 -1.875000
v -29.250000 14.525000 -1.875000
v -29.583334 14.525000 -1.958333
v -29.583334 14.608334 -1.958333
v -29.583334 14.608334 -1.875000
v -29.583334 14.525000 -1.875000
v -29.750000 14.608334 -1.875000
v -29.750000 14.525000 -1.875000
v -29.750000 14.608334 -1.958333
v -29.750000 14.525000 -1.958333
v -29.916668 14.608334 -1.958333
v -29.916668 14.525000 -1.958333
v -29.916668 14.608334 -1.875000
v -29.916668 14.525000 -1.875000
v -30.000000 14.400000 -1.500000
v -31.000000 14.400000 -1.500000
v -30.000000 14.000000 -2.000000
v -31.000000 14.000000 -2.000000
v -30.000000 14.400000 -2.000000
v -31.000000 14.400000 -1.999999
v -30.037500 14.137500 -2.000000
v -30.037500 14.212500 -2.000000
v -30.037500 14.137500 -2.075000
v -30.018751 14.156250 -2.150000
v -30.037500 14.212500 -2.075000
v -30.000000 14.137500 -2.075000
v -30.000000 14.156250 -2.150000
v -30.000000 14.193750 -2.150000
v -30.000000 14.212500 -2.075000
v -30.018751 14.193750 -2.150000
v -30.000000 14.212500 -2.000000
v -30.962500 14.137500 -1.999999
v -30.962500 14.212500 -1.999999
v -30.962500 14.137500 -2.074999
v -30.981251 14.156250 -2.149999
v -30.962500 14.212500 -2.074999
v -31.000000 14.137500 -2.074999
v -31.000000 14.156250 -2.149999
v -31.000000 14.193750 -2.149999
v -31.000000 14.212500 -2.074999
v -30.981251 14.193750 -2.149999
v -31.000000 14.212500 -1.999999
v -30.295834 14.137500 -2.000000
v -30.295834 14.212500 -2.000000
v -30.295834 14.137500 -2.075000
v -30.314583 14.156250 -2.150000
v -30.295834 14.212500 -2.075000
v -30.370834 14.137500 -2.075000
v -30.352083 14.156250 -2.150000
v -30.370834 14.212500 -2.075000
v -30.370834 14.137500 -2.000000
v -30.370834 14.212500 -2.000000
v -30.352083 14.193750 -2.150000
v -30.314583 14.193750 -2.150000
v -30.629168 14.137500 -2.000000
v -30.629168 14.212500 -2.000000
v -30.629168 14.137500 -2.075000
v -30.647917 14.156250 -2.149999
v -30.629168 14.212500 -2.075000
v -30.704166 14.137500 -2.075000
v -30.685417 14.156250 -2.149999
v -30.704166 14.212500 -2.075000
v -30.704166 14.137500 -2.000000
v -30.704166 14.212500 -2.000000
v -30.685417 14.193750 -2.149999
v -30.647917 14.193750 -2.149999
v -30.000000 14.400000 -2.000000
v -31.000000 14.400000 -1.999999
v -30.916668 14.400000 -1.999999
v -30.750000 14.400000 -1.999999
v -30.583334 14.400000 -1.999999
v -30.416668 14.400000 -1.999999
v -30.250000 14.400000 -1.999999
v -30.083334 14.400000 -2.000000
v -30.000000 14.400000 -1.833333
v -31.000000 14.400000 -1.833333
v -30.916668 14.400000 -1.833333
v -30.750000 14.400000 -1.833333
v -30.583334 14.400000 -1.833333
v -30.416668 14.400000 -1.833333
v -30.250000 14.400000 -1.833333
v -30.083334 14.400000 -1.833333
v -30.041666 14.816666 -1.958333
v -30.000000 14.816666 -1.958333
v -30.000000 14.816667 -1.874999
v -31.000000 14.816666 -1.958333
v -30.958334 14.816666 -1.958333
v -30.708334 14.816666 -1.958333
v -30.625000 14.816666 -1.958333
v -30.375000 14.816666 -1.958333
v -30.291668 14.816666 -1.958333
v -30.958334 14.816667 -1.874999
v -30.708334 14.816667 -1.874999
v -30.625000 14.816667 -1.874999
v -30.375000 14.816667 -1.874999
v -30.291668 14.816667 -1.874999
v -30.041666 14.816667 -1.874999
v -31.000000 14.816667 -1.874999
v -30.083334 14.650000 -2.000000
v -30.000000 14.650000 -2.000000
v -30.000000 14.650000 -1.833333
v -30.083334 14.650000 -1.833333
v -30.416668 14.650000 -1.833333
v -30.416668 14.650000 -1.999999
v -30.250000 14.650000 -1.999999
v -30.250000 14.650000 -1.833333
v -30.583334 14.650000 -1.999999
v -30.583334 14.650000 -1.833333
v -30.750000 14.650000 -1.833333
v -30.750000 14.650000 -1.999999
v -31.000000 14.650000 -1.833333
v -31.000000 14.650000 -1.999999
v -30.916668 14.650000 -1.999999
v -30.916668 14.650000 -1.833333
v -30.083334 14.525000 -1.958333
v -30.083334 14.608334 -1.958333
v -30.083334 14.525000 -1.874999
v -30.083334 14.608334 -1.874999
v -30.416668 14.525000 -1.874999
v -30.416668 14.608334 -1.874999
v -30.416668 14.608334 -1.958333
v -30.416668 14.525000 -1.958333
v -30.250000 14.608334 -1.958333
v -30.250000 14.525000 -1.958333
v -30.250000 14.608334 -1.874999
v -30.250000 14.525000 -1.874999
v -30.583334 14.525000 -1.958333
v -30.583334 14.608334 -1.958333
v -30.583334 14.608334 -1.874999
v -30.583334 14.525000 -1.874999
v -30.750000 14.608334 -1.874999
v -30.750000 14.525000 -1.874999
v -30.750000 14.608334 -1.958333
v -30.750000 14.525000 -1.958333
v -30.916668 14.608334 -1.958333
v -30.916668 14.525000 -1.958333
v -30.916668 14.608334 -1.874999
v -30.916668 14.525000 -1.874999
v -31.000000 14.400000 -1.500000
v -31.000000 14.000000 -2.000000
v -31.037500 14.137500 -2.000000
v -31.037500 14.212500 -2.000000
v -31.037500 14.137500 -2.075000
v -31.018749 14.156250 -2.150000
v -31.037500 14.212500 -2.075000
v -31.000000 14.137500 -2.075000
v -31.000000 14.156250 -2.150000
v -31.000000 14.193750 -2.150000
v -31.000000 14.212500 -2.075000
v -31.018749 14.193750 -2.150000
v -31.000000 14.212500 -2.000000
v -31.295834 14.137500 -2.000000
v -31.295834 14.212500 -2.000000
v -31.295834 14.137500 -2.075000
v -31.314583 14.156250 -2.150000
v -31.295834 14.212500 -2.075000
v -31.370834 14.137500 -2.075000
v -31.352083 14.156250 -2.150000
v -31.370834 14.212500 -2.075000
v -31.370834 14.137500 -2.000000
v -31.370834 14.212500 -2.000000
v -31.352083 14.193750 -2.150000
v -31.314583 14.193750 -2.150000
v -31.629168 14.137500 -2.000000
v -31.629168 14.212500 -2.000000
v -31.629168 14.137500 -2.075000
v -31.647917 14.156250 -2.149999
v -31.629168 14.212500 -2.075000
v -31.704166 14.137500 -2.075000
v -31.685417 14.156250 -2.149999
v -31.704166 14.212500 -2.075000
v -31.704166 14.137500 -2.000000
v -31.704166 14.212500 -2.000000
v -31.685417 14.193750 -2.149999
v -31.647917 14.193750 -2.149999
v -31.500000 14.400000 -1.500000
v -31.041666 14.816666 -1.958333
v -31.000000 14.816666 -1.958333
v -31.000000 14.816667 -1.874999
v -31.708334 14.816666 -1.958333
v -31.625000 14.816666 -1.958333
v -31.375000 14.816666 -1.958333
v -31.291668 14.816666 -1.958333
v -31.708334 14.816667 -1.874999
v -31.625000 14.816667 -1.874999
v -31.375000 14.816667 -1.874999
v -31.291668 14.816667 -1.874999
v -31.041666 14.816667 -1.874999
v -31.083334 14.400000 -2.000000
v -31.083334 14.650000 -2.000000
v -31.000000 14.650000 -2.000000
v -31.000000 14.400000 -2.000000
v -31.000000 14.650000 -1.833333
v -31.000000 14.400000 -1.833333
v -31.083334 14.400000 -1.833333
v -31.083334 14.650000 -1.833333
v -31.416668 14.400000 -1.833333
v -31.416668 14.650000 -1.833333
v -31.416668 14.650000 -1.999999
v -31.416668 14.400000 -1.999999
v -31.250000 14.650000 -1.999999
v -31.250000 14.400000 -1.999999
v -31.250000 14.650000 -1.833333
v -31.250000 14.400000 -1.833333
v -31.583334 14.400000 -1.999999
v -31.583334 14.650000 -1.999999
v -31.583334 14.650000 -1.833333
v -31.583334 14.400000 -1.833333
v -31.750000 14.650000 -1.833333
v -31.750000 14.400000 -1.833333
v -31.750000 14.650000 -1.999999
v -31.083334 14.525000 -1.958333
v -31.083334 14.608334 -1.958333
v -31.083334 14.525000 -1.874999
v -31.083334 14.608334 -1.874999
v -31.416668 14.525000 -1.874999
v -31.416668 14.608334 -1.874999
v -31.416668 14.608334 -1.958333
v -31.416668 14.525000 -1.958333
v -31.250000 14.608334 -1.958333
v -31.250000 14.525000 -1.958333
v -31.250000 14.608334 -1.874999
v -31.250000 14.525000 -1.874999
v -31.583334 14.525000 -1.958333
v -31.583334 14.608334 -1.958333
v -31.583334 14.608334 -1.874999
v -31.583334 14.525000 -1.874999
v -31.750000 14.775001 -1.750000
v -32.000000 14.775000 -2.000000
v -31.937500 15.025000 -1.937500
v -32.000000 14.400000 -2.000000
v -31.750000 14.775001 -2.000000
v -31.750000 14.400000 -2.000000
v -31.750000 14.400000 -1.750000
v -31.812500 15.025000 -1.937500
v -31.812500 15.025000 -1.812500
v -32.000000 14.000000 -2.075000
v -32.075001 14.000000 -2.075000
v -32.000000 14.000000 -2.000000
v -32.075001 14.137500 -2.075000
v -32.000000 14.137500 -2.000000
v -32.000000 14.137500 -2.075000
v -31.962500 14.137500 -1.999999
v -31.962500 14.212500 -1.999999
v -32.000000 14.212500 -1.999999
v -31.981251 14.156250 -2.149999
v -31.962500 14.137500 -2.074999
v -31.981251 14.193750 -2.149999
v -31.962500 14.212500 -2.074999
v -32.075001 14.212500 -2.074999
v -32.075001 14.137500 -2.075000
v -32.150002 14.193749 -2.149999
v -32.150002 14.156250 -2.149999
v -29.000000 14.400000 -1.500000
v -29.000000 14.000000 -2.000000
v -28.000000 14.000000 -2.000000
v -28.962500 14.137500 -2.000000
v -28.962500 14.212500 -2.000000
v -28.962500 14.137500 -2.075000
v -28.981251 14.156250 -2.150000
v -28.962500 14.212500 -2.075000
v -29.000000 14.137500 -2.075000
v -29.000000 14.156250 -2.150000
v -29.000000 14.193750 -2.150000
v -29.000000 14.212500 -2.075000
v -28.981251 14.193750 -2.150000
v -29.000000 14.212500 -2.000000
v -28.704166 14.137500 -2.000000
v -28.704166 14.212500 -2.000000
v -28.704166 14.137500 -2.075000
v -28.685417 14.156250 -2.150000
v -28.704166 14.212500 -2.075000
v -28.629166 14.137500 -2.075000
v -28.647917 14.156250 -2.150000
v -28.629166 14.212500 -2.075000
v -28.629166 14.137500 -2.000000
v -28.629166 14.212500 -2.000000
v -28.647917 14.193750 -2.150000
v -28.685417 14.193750 -2.150000
v -28.370832 14.137500 -2.000000
v -28.370832 14.212500 -2.000000
v -28.370832 14.137500 -2.075000
v -28.352083 14.156250 -2.150000
v -28.370832 14.212500 -2.075000
v -28.295834 14.137500 -2.075000
v -28.314583 14.156250 -2.150000
v -28.295834 14.212500 -2.075000
v -28.295834 14.137500 -2.000000
v -28.295834 14.212500 -2.000000
v -28.314583 14.193750 -2.150000
v -28.352083 14.193750 -2.150000
v -28.500000 14.400000 -1.500000
v -28.958334 14.816666 -1.958333
v -29.000000 14.816666 -1.958333
v -29.000000 14.816667 -1.875000
v -28.291666 14.816666 -1.958333
v -28.375000 14.816666 -1.958333
v -28.625000 14.816666 -1.958333
v -28.708332 14.816666 -1.958333
v -28.291666 14.816667 -1.875000
v -28.375000 14.816667 -1.875000
v -28.625000 14.816667 -1.875000
v -28.708332 14.816667 -1.875000
v -28.958334 14.816667 -1.875000
v -28.916666 14.400000 -2.000000
v -28.916666 14.650000 -2.000000
v -29.000000 14.650000 -2.000000
v -29.000000 14.400000 -2.000000
v -29.000000 14.650000 -1.833333
v -29.000000 14.400000 -1.833333
v -28.916666 14.400000 -1.833333
v -28.916666 14.650000 -1.833333
v -28.583332 14.400000 -1.833333
v -28.583332 14.650000 -1.833333
v -28.583332 14.650000 -2.000000
v -28.583332 14.400000 -2.000000
v -28.750000 14.650000 -2.000000
v -28.750000 14.400000 -2.000000
v -28.750000 14.650000 -1.833333
v -28.750000 14.400000 -1.833333
v -28.416666 14.400000 -2.000000
v -28.416666 14.650000 -2.000000
v -28.416666 14.650000 -1.833333
v -28.416666 14.400000 -1.833333
v -28.250000 14.650000 -1.833333
v -28.250000 14.400000 -1.833333
v -28.250000 14.650000 -2.000000
v -28.916666 14.525000 -1.958333
v -28.916666 14.608334 -1.958333
v -28.916666 14.525000 -1.875000
v -28.916666 14.608334 -1.875000
v -28.583332 14.525000 -1.875000
v -28.583332 14.608334 -1.875000
v -28.583332 14.608334 -1.958333
v -28.583332 14.525000 -1.958333
v -28.750000 14.608334 -1.958333
v -28.750000 14.525000 -1.958333
v -28.750000 14.608334 -1.875000
v -28.750000 14.525000 -1.875000
v -28.416666 14.525000 -1.958333
v -28.416666 14.608334 -1.958333
v -28.416666 14.608334 -1.875000
v -28.416666 14.525000 -1.875000
v -28.250000 14.775000 -2.000000
v -28.187500 15.025000 -1.937500
v -28.250000 14.400000 -2.000000
v -28.250000 14.775001 -1.750000
v -28.000000 14.775000 -2.000000
v -28.062500 15.025000 -1.937500
v -28.000000 14.400000 -2.000000
v -28.250000 14.400000 -1.750000
v -28.187500 15.025000 -1.812500
v -27.924999 14.000000 -2.075000
v -28.000000 14.000000 -2.075000
v -27.924999 14.137500 -2.075000
v -28.000000 14.137500 -2.075000
v -28.000000 14.137500 -2.000000
v -28.037500 14.137500 -2.000000
v -28.037500 14.212500 -2.000000
v -28.018749 14.156250 -2.150000
v -28.037500 14.137500 -2.075000
v -28.018749 14.193750 -2.150000
v -28.037500 14.212500 -2.075000
v -27.924999 14.212500 -2.075000
v -27.924999 14.137500 -2.075000
v -27.850000 14.193749 -2.150000
v -27.850000 14.156250 -2.150000
v -28.000000 14.212500 -2.000000
vn -0.0000 1.0000 -0.0000
vn -0.0000 -0.0000 -1.0000
vn 1.0000 -0.0000 -0.0000
vn -0.0000 -0.0000 1.0000
vn -1.0000 -0.0000 -0.0000
vn 0.2425 -0.9701 -0.0000
vn -0.0000 -0.9701 -0.2425
vn -0.0000 0.9701 -0.2425
vn 0.2425 0.9701 -0.0000
vn 0.2426 -0.9701 -0.0000
vn 0.2425 -0.0000 -0.9701
vn 0.2425 -0.0000 0.9701
vn 0.9701 0.2425 -0.0000
vn -0.0000 0.2425 -0.9701
vn -0.0000 0.2425 0.9701
vn -0.9701 0.2425 -0.0000
vn 0.7071 0.7071 -0.0000
vn 0.7071 -0.7071 -0.0000
vn -0.0000 -1.0000 -0.0000
vn -0.0000 0.1644 -0.9864
vn 0.2426 0.9701 -0.0000
vn 0.2425 -0.9702 -0.0000
vn -0.2425 -0.9701 -0.0000
vn -0.0000 -0.9701 0.2425
vn -0.0000 0.9701 0.2425
vn -0.2425 0.9701 -0.0000
vn -0.2426 -0.9701 -0.0000
vn -0.2425 -0.0000 0.9701
vn -0.2425 -0.0000 -0.9701
vn -0.9701 -0.0000 0.2425
vn 0.9701 -0.0000 0.2425
vn -0.0000 0.7071 0.7071
vn -0.0000 -0.7071 0.7071
vn -0.9701 -0.0000 -0.2425
vn 0.9701 -0.0000 -0.2425
vt 0.000000 0.000000
vt 1.000000 0.000000
vt 1.000000 0.000000
vt 1.000000 0.000000
vt 1.000000 0.000000
vt 0.000000 0.500000
vt 1.000000 0.500000
vt 1.000000 1.000000
vt 0.000000 1.000000
vt 0.000000 0.250000
vt 1.000000 0.250000
vt 0.375000 0.500000
vt 0.625000 0.500000
vt 0.625000 0.703125
vt 0.375000 0.703125
vt 0.375000 0.875000
vt 0.437500 0.812500
vt 0.437500 0.875000
vt 0.562500 0.812500
vt 0.562500 0.875000
vt 0.625000 0.875000
vt 0.750000 0.500000
vt 0.750000 0.687500
vt 0.375000 0.062500
vt 0.625000 0.062500
vt 0.625000 0.250000
vt 0.375000 0.250000
vt 0.125000 0.687500
vt 0.250000 0.687500
vt 0.250000 0.750000
vt 0.187500 0.750000
vt 0.437500 0.000000
vt 0.562500 0.000000
vt 0.562500 0.937500
vt 0.437500 0.937500
vt 0.875000 0.687500
vt 0.812500 0.750000
vt 0.750000 0.750000
vt 0.875000 0.500000
vt 0.625000 1.000000
vt 0.375000 1.000000
vt 0.437500 0.812500
vt 0.166667 0.250000
vt 0.333333 0.250000
vt 0.333333 0.375000
vt 0.333333 0.375000
vt 0.500000 0.375000
vt 0.500000 0.250000
vt 0.500000 0.375000
vt 0.166667 0.375000
vt 0.666667 0.250000
vt 0.666667 0.375000
vt 1.000000 0.375000
vt 0.833333 0.375000
vt 0.833333 0.250000
vt 0.083333 0.250000
vt 0.083333 0.375000
vt 0.000000 0.375000
vt 0.166667 0.375000
vt 0.666667 0.375000
vt 0.833333 0.250000
vt 0.833333 0.375000
vt 0.666667 0.250000
vt 0.083333 0.375000
vt 0.083333 0.375000
vt 0.083333 0.250000
vt 0.333333 0.375000
vt 0.333333 0.250000
vt 0.166667 0.444444
vt 0.166667 0.555555
vt 0.083333 0.555555
vt 0.083333 0.444444
vt 0.500000 0.444444
vt 0.500000 0.555555
vt 0.333333 0.555555
vt 0.333333 0.444444
vt 0.833333 0.444444
vt 0.833333 0.555556
vt 0.666667 0.555556
vt 0.666667 0.444444
vt 0.933334 0.444444
vt 0.833333 0.580247
vt 0.616667 0.555556
vt 0.666667 0.419753
vt 0.550000 0.444444
vt 0.500000 0.580247
vt 0.283333 0.555555
vt 0.333333 0.419753
vt 0.216667 0.444444
vt 0.166667 0.580247
vt 0.033333 0.555555
vt 0.083333 0.419753
vt 0.500000 0.425926
vt 0.166667 0.425926
vt 0.833333 0.425926
vt 0.083333 0.574074
vt 0.333333 0.574074
vt 0.666667 0.574074
vt 0.666667 0.666667
vt 0.833333 0.666667
vt 1.000000 0.444444
vt 1.000000 0.555556
vt 0.933334 0.555556
vt 0.666667 0.333333
vt 0.833333 0.333333
vt 0.500000 0.666667
vt 0.550000 0.555555
vt 0.616667 0.444444
vt 0.500000 0.333333
vt 0.333333 0.666667
vt 0.333333 0.333333
vt 0.166667 0.666667
vt 0.216667 0.555555
vt 0.283333 0.444444
vt 0.166667 0.333333
vt 0.083333 0.666667
vt 0.083333 0.333333
vt 0.033333 0.444444
vt 0.000000 0.555555
vt 0.000000 0.444444
vt 0.666667 0.666667
vt 1.000000 0.666667
vt 0.666667 1.000000
vt 0.666667 0.000000
vt 1.000000 0.333333
vt 0.666667 0.333333
vt 0.000000 0.333333
vt 0.000000 0.666667
vt 0.333333 0.000000
vt 0.333333 1.000000
vt 0.168981 0.375000
s 0
usemtl 
f 28/2/2 27/2/2 30/2/2 31/2/2
f 27/2/3 26/2/3 29/2/3 30/2/3
f 29/2/4 26/2/4 32/2/4 33/2/4
f 28/2/5 31/2/5 33/2/5 32/2/5
f 32/1/1 26/2/1 27/2/1 28/2/1
f 44/3/2 43/2/2 35/2/2 36/2/2
f 38/3/4 51/2/4 37/2/4 34/2/4
f 43/2/3 38/3/3 34/2/3 35/2/3
f 51/2/5 44/3/5 36/2/5 37/2/5
f 33/2/5 31/2/5 47/2/5 48/2/5
f 49/2/5 46/4/5 45/5/5 50/2/5
f 30/2/3 29/2/3 39/2/3 40/4/3
f 55/2/6 58/2/6 53/2/6 41/2/6
f 41/2/3 53/2/3 52/5/3 42/2/3
f 61/2/6 64/5/6 38/3/6 43/2/6
f 29/2/4 33/2/4 48/2/4 39/2/4
f 53/2/4 49/2/4 50/2/4 52/5/4
f 31/2/2 30/2/2 40/4/2 47/2/2
f 56/2/7 55/2/7 41/2/7 46/4/7
f 46/4/2 41/2/2 42/2/2 45/5/2
f 62/5/7 61/2/7 43/2/7 44/3/7
f 47/2/8 40/4/8 54/5/8 57/2/8
f 57/2/2 54/5/2 55/2/2 56/2/2
f 40/4/9 39/2/9 59/3/9 54/5/9
f 54/5/3 59/3/3 58/2/3 55/2/3
f 45/5/8 42/2/8 60/2/8 63/5/8
f 63/5/2 60/2/2 61/2/2 62/5/2
f 42/2/9 52/5/9 65/5/9 60/2/9
f 60/2/3 65/5/3 64/5/3 61/2/3
f 68/2/2 67/2/2 70/2/2 71/2/2
f 67/2/3 66/2/3 69/2/3 70/2/3
f 69/2/4 66/2/4 72/2/4 73/2/4
f 68/2/5 71/2/5 73/2/5 72/2/5
f 72/1/1 66/2/1 67/2/1 68/2/1
f 84/3/2 83/2/2 75/2/2 76/2/2
f 78/3/4 91/2/4 77/2/4 74/2/4
f 83/2/3 78/3/3 74/2/3 75/2/3
f 91/2/5 84/3/5 76/2/5 77/2/5
f 73/2/5 71/2/5 87/2/5 88/2/5
f 89/2/5 86/4/5 85/5/5 90/2/5
f 70/2/3 69/2/3 79/2/3 80/4/3
f 95/2/6 98/2/6 93/2/6 81/2/6
f 81/2/3 93/2/3 92/5/3 82/2/3
f 101/2/6 104/5/6 78/3/6 83/2/6
f 69/2/4 73/2/4 88/2/4 79/2/4
f 93/2/4 89/2/4 90/2/4 92/5/4
f 71/2/2 70/2/2 80/4/2 87/2/2
f 96/2/7 95/2/7 81/2/7 86/4/7
f 86/4/2 81/2/2 82/2/2 85/5/2
f 102/5/7 101/2/7 83/2/7 84/3/7
f 87/2/8 80/4/8 94/5/8 97/2/8
f 97/2/2 94/5/2 95/2/2 96/2/2
f 80/4/9 79/2/9 99/3/9 94/5/9
f 94/5/3 99/3/3 98/2/3 95/2/3
f 85/5/8 82/2/8 100/2/8 103/5/8
f 103/5/2 100/2/2 101/2/2 102/5/2
f 82/2/9 92/5/9 105/5/9 100/2/9
f 100/2/3 105/5/3 104/5/3 101/2/3
f 108/2/2 107/2/2 110/2/2 111/2/2
f 107/2/3 106/2/3 109/2/3 110/2/3
f 109/2/4 106/2/4 112/2/4 113/2/4
f 108/2/5 111/2/5 113/2/5 112/2/5
f 112/1/1 106/2/1 107/2/1 108/2/1
f 124/3/2 123/2/2 115/2/2 116/2/2
f 118/3/4 131/2/4 117/2/4 114/2/4
f 123/2/3 118/3/3 114/2/3 115/2/3
f 131/2/5 124/3/5 116/2/5 117/2/5
f 113/2/5 111/2/5 127/2/5 128/2/5
f 129/2/5 126/4/5 125/5/5 130/2/5
f 110/2/3 109/2/3 119/2/3 120/4/3
f 135/2/6 138/2/6 133/2/6 121/2/6
f 121/2/3 133/2/3 132/5/3 122/2/3
f 141/2/6 144/5/6 118/3/6 123/2/6
f 109/2/4 113/2/4 128/2/4 119/2/4
f 133/2/4 129/2/4 130/2/4 132/5/4
f 111/2/2 110/2/2 120/4/2 127/2/2
f 136/2/7 135/2/7 121/2/7 126/4/7
f 126/4/2 121/2/2 122/2/2 125/5/2
f 142/5/7 141/2/7 123/2/7 124/3/7
f 127/2/8 120/4/8 134/5/8 137/2/8
f 137/2/2 134/5/2 135/2/2 136/2/2
f 120/4/9 119/2/9 139/3/9 134/5/9
f 134/5/3 139/3/3 138/2/3 135/2/3
f 125/5/8 122/2/8 140/2/8 143/5/8
f 143/5/2 140/2/2 141/2/2 142/5/2
f 122/2/9 132/5/9 145/5/9 140/2/9
f 140/2/3 145/5/3 144/5/3 141/2/3
f 148/2/2 147/2/2 150/2/2 151/2/2
f 147/2/3 146/2/3 149/2/3 150/2/3
f 149/2/4 146/2/4 152/2/4 153/2/4
f 148/2/5 151/2/5 153/2/5 152/2/5
f 152/1/1 146/2/1 147/2/1 148/2/1
f 164/3/2 163/2/2 155/2/2 156/2/2
f 158/3/4 171/2/4 157/2/4 154/2/4
f 163/2/3 158/3/3 154/2/3 155/2/3
f 171/2/5 164/3/5 156/2/5 157/2/5
f 153/2/5 151/2/5 167/2/5 168/2/5
f 169/2/5 166/4/5 165/5/5 170/2/5
f 150/2/3 149/2/3 159/2/3 160/4/3
f 175/2/6 178/2/6 173/2/6 161/2/6
f 161/2/3 173/2/3 172/5/3 162/2/3
f 181/2/6 184/5/6 158/3/6 163/2/6
f 149/2/4 153/2/4 168/2/4 159/2/4
f 173/2/4 169/2/4 170/2/4 172/5/4
f 151/2/2 150/2/2 160/4/2 167/2/2
f 176/2/7 175/2/7 161/2/7 166/4/7
f 166/4/2 161/2/2 162/2/2 165/5/2
f 182/5/7 181/2/7 163/2/7 164/3/7
f 167/2/8 160/4/8 174/5/8 177/2/8
f 177/2/2 174/5/2 175/2/2 176/2/2
f 160/4/9 159/2/9 179/3/9 174/5/9
f 174/5/3 179/3/3 178/2/3 175/2/3
f 165/5/8 162/2/8 180/2/8 183/5/8
f 183/5/2 180/2/2 181/2/2 182/5/2
f 162/2/9 172/5/9 185/5/9 180/2/9
f 180/2/3 185/5/3 184/5/3 181/2/3
f 188/2/2 187/2/2 190/2/2 191/2/2
f 187/2/3 186/2/3 189/2/3 190/2/3
f 189/2/4 186/2/4 192/2/4 193/2/4
f 188/2/5 191/2/5 193/2/5 192/2/5
f 192/1/1 186/2/1 187/2/1 188/2/1
f 204/3/2 203/2/2 195/2/2 196/2/2
f 198/3/4 211/2/4 197/2/4 194/2/4
f 203/2/3 198/3/3 194/2/3 195/2/3
f 211/2/5 204/3/5 196/2/5 197/2/5
f 193/2/5 191/2/5 207/2/5 208/2/5
f 209/2/5 206/4/5 205/5/5 210/2/5
f 190/2/3 189/2/3 199/2/3 200/4/3
f 215/2/6 218/2/6 213/2/6 201/2/6
f 201/2/3 213/2/3 212/5/3 202/2/3
f 221/2/6 224/5/6 198/3/6 203/2/6
f 189/2/4 193/2/4 208/2/4 199/2/4
f 213/2/4 209/2/4 210/2/4 212/5/4
f 191/2/2 190/2/2 200/4/2 207/2/2
f 216/2/7 215/2/7 201/2/7 206/4/7
f 206/4/2 201/2/2 202/2/2 205/5/2
f 222/5/7 221/2/7 203/2/7 204/3/7
f 207/2/8 200/4/8 214/5/8 217/2/8
f 217/2/2 214/5/2 215/2/2 216/2/2
f 200/4/9 199/2/9 219/3/9 214/5/9
f 214/5/3 219/3/3 218/2/3 215/2/3
f 205/5/8 202/2/8 220/2/8 223/5/8
f 223/5/2 220/2/2 221/2/2 222/5/2
f 202/2/9 212/5/9 225/5/9 220/2/9
f 220/2/3 225/5/3 224/5/3 221/2/3
f 228/2/2 227/2/2 230/2/2 231/2/2
f 227/2/3 226/2/3 229/2/3 230/2/3
f 229/2/4 226/2/4 232/2/4 233/2/4
f 228/2/5 231/2/5 233/2/5 232/2/5
f 232/1/1 226/2/1 227/2/1 228/2/1
f 244/3/2 243/2/2 235/2/2 236/2/2
f 238/3/4 251/2/4 237/2/4 234/2/4
f 243/2/3 238/3/3 234/2/3 235/2/3
f 251/2/5 244/3/5 236/2/5 237/2/5
f 233/2/5 231/2/5 247/2/5 248/2/5
f 249/2/5 246/4/5 245/5/5 250/2/5
f 230/2/3 229/2/3 239/2/3 240/4/3
f 255/2/6 258/2/6 253/2/6 241/2/6
f 241/2/3 253/2/3 252/5/3 242/2/3
f 261/2/6 264/5/6 238/3/6 243/2/6
f 229/2/4 233/2/4 248/2/4 239/2/4
f 253/2/4 249/2/4 250/2/4 252/5/4
f 231/2/2 230/2/2 240/4/2 247/2/2
f 256/2/7 255/2/7 241/2/7 246/4/7
f 246/4/2 241/2/2 242/2/2 245/5/2
f 262/5/7 261/2/7 243/2/7 244/3/7
f 247/2/8 240/4/8 254/5/8 257/2/8
f 257/2/2 254/5/2 255/2/2 256/2/2
f 240/4/9 239/2/9 259/3/9 254/5/9
f 254/5/3 259/3/3 258/2/3 255/2/3
f 245/5/8 242/2/8 260/2/8 263/5/8
f 263/5/2 260/2/2 261/2/2 262/5/2
f 242/2/9 252/5/9 265/5/9 260/2/9
f 260/2/3 265/5/3 264/5/3 261/2/3
f 268/2/2 267/2/2 270/2/2 271/2/2
f 267/2/3 266/2/3 269/2/3 270/2/3
f 269/2/4 266/2/4 272/2/4 273/2/4
f 268/2/5 271/2/5 273/2/5 272/2/5
f 272/1/1 266/2/1 267/2/1 268/2/1
f 284/3/2 283/2/2 275/2/2 276/2/2
f 278/3/4 291/2/4 277/2/4 274/2/4
f 283/2/3 278/3/3 274/2/3 275/2/3
f 291/2/5 284/3/5 276/2/5 277/2/5
f 273/2/5 271/2/5 287/2/5 288/2/5
f 289/2/5 286/4/5 285/5/5 290/2/5
f 270/2/3 269/2/3 279/2/3 280/4/3
f 295/2/6 298/2/6 293/2/6 281/2/6
f 281/2/3 293/2/3 292/5/3 282/2/3
f 301/2/6 304/5/6 278/3/6 283/2/6
f 269/2/4 273/2/4 288/2/4 279/2/4
f 293/2/4 289/2/4 290/2/4 292/5/4
f 271/2/2 270/2/2 280/4/2 287/2/2
f 296/2/7 295/2/7 281/2/7 286/4/7
f 286/4/2 281/2/2 282/2/2 285/5/2
f 302/5/7 301/2/7 283/2/7 284/3/7
f 287/2/8 280/4/8 294/5/8 297/2/8
f 297/2/2 294/5/2 295/2/2 296/2/2
f 280/4/9 279/2/9 299/3/9 294/5/9
f 294/5/3 299/3/3 298/2/3 295/2/3
f 285/5/8 282/2/8 300/2/8 303/5/8
f 303/5/2 300/2/2 301/2/2 302/5/2
f 282/2/9 292/5/9 305/5/9 300/2/9
f 300/2/3 305/5/3 304/5/3 301/2/3
f 308/2/2 307/2/2 310/2/2 311/2/2
f 307/2/3 306/2/3 309/2/3 310/2/3
f 309/2/4 306/2/4 312/2/4 313/2/4
f 308/2/5 311/2/5 313/2/5 312/2/5
f 312/1/1 306/2/1 307/2/1 308/2/1
f 324/3/2 323/2/2 315/2/2 316/2/2
f 318/3/4 331/2/4 317/2/4 314/2/4
f 323/2/3 318/3/3 314/2/3 315/2/3
f 331/2/5 324/3/5 316/2/5 317/2/5
f 313/2/5 311/2/5 327/2/5 328/2/5
f 329/2/5 326/4/5 325/5/5 330/2/5
f 310/2/3 309/2/3 319/2/3 320/4/3
f 335/2/6 338/2/6 333/2/6 321/2/6
f 321/2/3 333/2/3 332/5/3 322/2/3
f 341/2/6 344/5/6 318/3/6 323/2/6
f 309/2/4 313/2/4 328/2/4 319/2/4
f 333/2/4 329/2/4 330/2/4 332/5/4
f 311/2/2 310/2/2 320/4/2 327/2/2
f 336/2/7 335/2/7 321/2/7 326/4/7
f 326/4/2 321/2/2 322/2/2 325/5/2
f 342/5/7 341/2/7 323/2/7 324/3/7
f 327/2/8 320/4/8 334/5/8 337/2/8
f 337/2/2 334/5/2 335/2/2 336/2/2
f 320/4/9 319/2/9 339/3/9 334/5/9
f 334/5/3 339/3/3 338/2/3 335/2/3
f 325/5/8 322/2/8 340/2/8 343/5/8
f 343/5/2 340/2/2 341/2/2 342/5/2
f 322/2/9 332/5/9 345/5/9 340/2/9
f 340/2/3 345/5/3 344/5/3 341/2/3
f 348/2/2 347/2/2 350/2/2 351/2/2
f 347/2/3 346/2/3 349/2/3 350/2/3
f 349/2/4 346/2/4 352/2/4 353/2/4
f 348/2/5 351/2/5 353/2/5 352/2/5
f 352/1/1 346/2/1 347/2/1 348/2/1
f 364/3/2 363/2/2 355/2/2 356/2/2
f 358/3/4 371/2/4 357/2/4 354/2/4
f 363/2/3 358/3/3 354/2/3 355/2/3
f 371/2/5 364/3/5 356/2/5 357/2/5
f 353/2/5 351/2/5 367/2/5 368/2/5
f 369/2/5 366/4/5 365/5/5 370/2/5
f 350/2/3 349/2/3 359/2/3 360/4/3
f 375/2/6 378/2/6 373/2/6 361/2/6
f 361/2/3 373/2/3 372/5/3 362/2/3
f 381/2/6 384/5/6 358/3/6 363/2/6
f 349/2/4 353/2/4 368/2/4 359/2/4
f 373/2/4 369/2/4 370/2/4 372/5/4
f 351/2/2 350/2/2 360/4/2 367/2/2
f 376/2/7 375/2/7 361/2/7 366/4/7
f 366/4/2 361/2/2 362/2/2 365/5/2
f 382/5/7 381/2/7 363/2/7 364/3/7
f 367/2/8 360/4/8 374/5/8 377/2/8
f 377/2/2 374/5/2 375/2/2 376/2/2
f 360/4/9 359/2/9 379/3/9 374/5/9
f 374/5/3 379/3/3 378/2/3 375/2/3
f 365/5/8 362/2/8 380/2/8 383/5/8
f 383/5/2 380/2/2 381/2/2 382/5/2
f 362/2/9 372/5/9 385/5/9 380/2/9
f 380/2/3 385/5/3 384/5/3 381/2/3
f 388/2/2 387/2/2 390/2/2 391/2/2
f 387/2/3 386/2/3 389/2/3 390/2/3
f 389/2/4 386/2/4 392/2/4 393/2/4
f 388/2/5 391/2/5 393/2/5 392/2/5
f 392/1/1 386/2/1 387/2/1 388/2/1
f 404/3/2 403/2/2 395/2/2 396/2/2
f 398/3/4 411/2/4 397/2/4 394/2/4
f 403/2/3 398/3/3 394/2/3 395/2/3
f 411/2/5 404/3/5 396/2/5 397/2/5
f 393/2/5 391/2/5 407/2/5 408/2/5
f 409/2/5 406/4/5 405/5/5 410/2/5
f 390/2/3 389/2/3 399/2/3 400/4/3
f 415/2/6 418/2/6 413/2/6 401/2/6
f 401/2/3 413/2/3 412/5/3 402/2/3
f 421/2/6 424/5/6 398/3/6 403/2/6
f 389/2/4 393/2/4 408/2/4 399/2/4
f 413/2/4 409/2/4 410/2/4 412/5/4
f 391/2/2 390/2/2 400/4/2 407/2/2
f 416/2/7 415/2/7 401/2/7 406/4/7
f 406/4/2 401/2/2 402/2/2 405/5/2
f 422/5/7 421/2/7 403/2/7 404/3/7
f 407/2/8 400/4/8 414/5/8 417/2/8
f 417/2/2 414/5/2 415/2/2 416/2/2
f 400/4/9 399/2/9 419/3/9 414/5/9
f 414/5/3 419/3/3 418/2/3 415/2/3
f 405/5/8 402/2/8 420/2/8 423/5/8
f 423/5/2 420/2/2 421/2/2 422/5/2
f 402/2/9 412/5/9 425/5/9 420/2/9
f 420/2/3 425/5/3 424/5/3 421/2/3
f 428/2/2 427/2/2 430/2/2 431/2/2
f 427/2/3 426/2/3 429/2/3 430/2/3
f 429/2/4 426/2/4 432/2/4 433/2/4
f 428/2/5 431/2/5 433/2/5 432/2/5
f 432/1/1 426/2/1 427/2/1 428/2/1
f 444/3/2 443/2/2 435/2/2 436/2/2
f 438/3/4 451/2/4 437/2/4 434/2/4
f 443/2/3 438/3/3 434/2/3 435/2/3
f 451/2/5 444/3/5 436/2/5 437/2/5
f 433/2/5 431/2/5 447/2/5 448/2/5
f 449/2/5 446/4/5 445/5/5 450/2/5
f 430/2/3 429/2/3 439/2/3 440/4/3
f 455/2/6 458/2/6 453/2/6 441/2/6
f 441/2/3 453/2/3 452/5/3 442/2/3
f 461/2/6 464/5/6 438/3/6 443/2/6
f 429/2/4 433/2/4 448/2/4 439/2/4
f 453/2/4 449/2/4 450/2/4 452/5/4
f 431/2/2 430/2/2 440/4/2 447/2/2
f 456/2/7 455/2/7 441/2/7 446/4/7
f 446/4/2 441/2/2 442/2/2 445/5/2
f 462/5/7 461/2/7 443/2/7 444/3/7
f 447/2/8 440/4/8 454/5/8 457/2/8
f 457/2/2 454/5/2 455/2/2 456/2/2
f 440/4/9 439/2/9 459/3/9 454/5/9
f 454/5/3 459/3/3 458/2/3 455/2/3
f 445/5/8 442/2/8 460/2/8 463/5/8
f 463/5/2 460/2/2 461/2/2 462/5/2
f 442/2/9 452/5/9 465/5/9 460/2/9
f 460/2/3 465/5/3 464/5/3 461/2/3
f 468/2/2 467/2/2 470/2/2 471/2/2
f 467/2/3 466/2/3 469/2/3 470/2/3
f 469/2/4 466/2/4 472/2/4 473/2/4
f 468/2/5 471/2/5 473/2/5 472/2/5
f 472/1/1 466/2/1 467/2/1 468/2/1
f 484/3/2 483/2/2 475/2/2 476/2/2
f 478/3/4 491/2/4 477/2/4 474/2/4
f 483/2/3 478/3/3 474/2/3 475/2/3
f 491/2/5 484/3/5 476/2/5 477/2/5
f 473/2/5 471/2/5 487/2/5 488/2/5
f 489/2/5 486/4/5 485/5/5 490/2/5
f 470/2/3 469/2/3 479/2/3 480/4/3
f 495/2/6 498/2/6 493/2/6 481/2/6
f 481/2/3 493/2/3 492/5/3 482/2/3
f 501/2/6 504/5/6 478/3/6 483/2/6
f 469/2/4 473/2/4 488/2/4 479/2/4
f 493/2/4 489/2/4 490/2/4 492/5/4
f 471/2/2 470/2/2 480/4/2 487/2/2
f 496/2/7 495/2/7 481/2/7 486/4/7
f 486/4/2 481/2/2 482/2/2 485/5/2
f 502/5/7 501/2/7 483/2/7 484/3/7
f 487/2/8 480/4/8 494/5/8 497/2/8
f 497/2/2 494/5/2 495/2/2 496/2/2
f 480/4/9 479/2/9 499/3/9 494/5/9
f 494/5/3 499/3/3 498/2/3 495/2/3
f 485/5/8 482/2/8 500/2/8 503/5/8
f 503/5/2 500/2/2 501/2/2 502/5/2
f 482/2/9 492/5/9 505/5/9 500/2/9
f 500/2/3 505/5/3 504/5/3 501/2/3
f 508/2/2 507/2/2 510/2/2 511/2/2
f 507/2/3 506/2/3 509/2/3 510/2/3
f 509/2/4 506/2/4 512/2/4 513/2/4
f 508/2/5 511/2/5 513/2/5 512/2/5
f 512/1/1 506/2/1 507/2/1 508/2/1
f 524/3/2 523/2/2 515/2/2 516/2/2
f 518/3/4 531/2/4 517/2/4 514/2/4
f 523/2/3 518/3/3 514/2/3 515/2/3
f 531/2/5 524/3/5 516/2/5 517/2/5
f 513/2/5 511/2/5 527/2/5 528/2/5
f 529/2/5 526/4/5 525/5/5 530/2/5
f 510/2/3 509/2/3 519/2/3 520/4/3
f 535/2/6 538/2/6 533/2/6 521/2/6
f 521/2/3 533/2/3 532/5/3 522/2/3
f 541/2/6 544/5/6 518/3/6 523/2/6
f 509/2/4 513/2/4 528/2/4 519/2/4
f 533/2/4 529/2/4 530/2/4 532/5/4
f 511/2/2 510/2/2 520/4/2 527/2/2
f 536/2/7 535/2/7 521/2/7 526/4/7
f 526/4/2 521/2/2 522/2/2 525/5/2
f 542/5/7 541/2/7 523/2/7 524/3/7
f 527/2/8 520/4/8 534/5/8 537/2/8
f 537/2/2 534/5/2 535/2/2 536/2/2
f 520/4/9 519/2/9 539/3/9 534/5/9
f 534/5/3 539/3/3 538/2/3 535/2/3
f 525/5/8 522/2/8 540/2/8 543/5/8
f 543/5/2 540/2/2 541/2/2 542/5/2
f 522/2/9 532/5/9 545/5/9 540/2/9
f 540/2/3 545/5/3 544/5/3 541/2/3
f 548/2/2 547/2/2 550/2/2 551/2/2
f 547/2/3 546/2/3 549/2/3 550/2/3
f 549/2/4 546/2/4 552/2/4 553/2/4
f 548/2/5 551/2/5 553/2/5 552/2/5
f 552/1/1 546/2/1 547/2/1 548/2/1
f 564/3/2 563/2/2 555/2/2 556/2/2
f 558/3/4 571/2/4 557/2/4 554/2/4
f 563/2/3 558/3/3 554/2/3 555/2/3
f 571/2/5 564/3/5 556/2/5 557/2/5
f 553/2/5 551/2/5 567/2/5 568/2/5
f 569/2/5 566/4/5 565/5/5 570/2/5
f 550/2/3 549/2/3 559/2/3 560/4/3
f 575/2/6 578/2/6 573/2/6 561/2/6
f 561/2/3 573/2/3 572/5/3 562/2/3
f 581/2/6 584/5/6 558/3/6 563/2/6
f 549/2/4 553/2/4 568/2/4 559/2/4
f 573/2/4 569/2/4 570/2/4 572/5/4
f 551/2/2 550/2/2 560/4/2 567/2/2
f 576/2/7 575/2/7 561/2/7 566/4/7
f 566/4/2 561/2/2 562/2/2 565/5/2
f 582/5/7 581/2/7 563/2/7 564/3/7
f 567/2/8 560/4/8 574/5/8 577/2/8
f 577/2/2 574/5/2 575/2/2 576/2/2
f 560/4/9 559/2/9 579/3/9 574/5/9
f 574/5/3 579/3/3 578/2/3 575/2/3
f 565/5/8 562/2/8 580/2/8 583/5/8
f 583/5/2 580/2/2 581/2/2 582/5/2
f 562/2/9 572/5/9 585/5/9 580/2/9
f 580/2/3 585/5/3 584/5/3 581/2/3
f 588/6/3 589/7/3 587/8/3 586/9/3
f 591/1/3 592/2/3 593/7/3 590/6/3
f 589/7/1 588/6/1 590/6/1 593/7/1
f 596/6/3 597/7/3 595/8/3 594/9/3
f 599/1/3 600/2/3 601/7/3 598/6/3
f 597/7/1 596/6/1 598/6/1 601/7/1
f 604/6/3 605/7/3 603/8/3 602/9/3
f 607/1/3 608/2/3 609/7/3 606/6/3
f 605/7/1 604/6/1 606/6/1 609/7/1
f 612/6/3 613/7/3 611/8/3 610/9/3
f 615/1/3 616/2/3 617/7/3 614/6/3
f 613/7/1 612/6/1 614/6/1 617/7/1
f 619/1/1 618/1/1 622/10/1 623/11/1
f 624/12/2 625/13/2 628/14/2 626/15/2
f 629/16/10 626/15/10 627/17/10 630/18/10
f 633/19/11 627/17/11 626/15/11 628/14/11
f 627/17/3 633/19/3 631/20/3 630/18/3
f 628/14/9 632/21/9 631/20/9 633/19/9
f 625/13/1 634/22/1 632/23/1 628/14/1
f 637/24/4 639/25/4 636/26/4 635/27/4
f 637/28/10 640/29/10 641/30/10 638/31/10
f 638/32/12 644/33/12 639/25/12 637/24/12
f 641/18/3 642/20/3 644/34/3 638/35/3
f 643/23/9 639/36/9 644/37/9 642/38/9
f 645/22/1 636/39/1 639/36/1 643/23/1
f 648/24/4 650/25/4 647/26/4 646/27/4
f 649/35/12 657/34/12 650/40/12 648/41/12
f 648/41/10 651/15/10 652/42/10 649/35/10
f 656/19/11 652/42/11 651/15/11 653/14/11
f 654/12/2 655/13/2 653/14/2 651/15/2
f 655/13/1 647/39/1 650/36/1 653/14/1
f 653/14/9 650/40/9 657/34/9 656/19/9
f 652/42/3 656/19/3 657/34/3 649/35/3
f 660/24/4 662/25/4 659/26/4 658/27/4
f 661/35/12 669/34/12 662/40/12 660/41/12
f 660/41/10 663/15/10 664/42/10 661/35/10
f 668/19/11 664/42/11 663/15/11 665/14/11
f 666/12/2 667/13/2 665/14/2 663/15/2
f 667/13/1 659/39/1 662/36/1 665/14/1
f 665/14/9 662/40/9 669/34/9 668/19/9
f 664/42/3 668/19/3 669/34/3 661/35/3
f 623/11/3 622/10/3 620/1/3 621/2/3
f 708/43/13 707/44/13 693/44/13 694/43/13
f 707/44/14 706/45/14 698/46/14 693/44/14
f 711/47/15 710/48/15 692/48/15 697/49/15
f 693/44/1 698/46/1 699/50/1 694/43/1
f 691/51/1 696/52/1 697/49/1 692/48/1
f 689/11/1 701/53/1 695/54/1 690/55/1
f 686/56/1 700/57/1 688/58/1 687/10/1
f 709/59/15 708/43/15 694/43/15 699/50/15
f 706/45/16 709/59/16 699/50/16 698/46/16
f 703/10/13 702/56/13 686/56/13 687/10/13
f 712/60/16 711/47/16 697/49/16 696/52/16
f 716/61/13 715/11/13 689/11/13 690/55/13
f 717/62/15 716/61/15 690/55/15 695/54/15
f 714/53/16 717/62/16 695/54/16 701/53/16
f 713/63/14 712/60/14 696/52/14 691/51/14
f 702/56/14 705/64/14 700/57/14 686/56/14
f 705/64/16 704/58/16 688/58/16 700/57/16
f 710/48/13 713/63/13 691/51/13 692/48/13
f 685/65/5 678/58/5 704/58/5 705/64/5
f 670/10/3 677/66/3 702/56/3 703/10/3
f 683/67/5 684/59/5 709/59/5 706/45/5
f 676/43/3 675/68/3 707/44/3 708/43/3
f 674/48/3 673/63/3 713/63/3 710/48/3
f 681/60/5 682/47/5 711/47/5 712/60/5
f 679/53/5 680/54/5 717/62/5 714/53/5
f 672/55/3 671/11/3 715/11/3 716/61/3
f 716/61/4 717/62/4 740/62/4 738/61/4
f 681/60/2 712/60/2 734/60/2 735/60/2
f 709/59/4 684/59/4 729/59/4 728/59/4
f 672/55/4 716/61/4 738/61/4 739/55/4
f 682/47/4 674/48/4 730/48/4 733/47/4
f 685/65/2 705/64/2 721/64/2 720/65/2
f 713/63/2 673/63/2 737/63/2 736/63/2
f 683/67/2 706/45/2 723/45/2 722/67/2
f 710/48/4 711/47/4 732/47/4 731/48/4
f 702/56/2 677/66/2 718/66/2 719/56/2
f 717/62/4 680/54/4 741/54/4 740/62/4
f 674/48/4 710/48/4 731/48/4 730/48/4
f 684/59/4 676/43/4 727/43/4 729/59/4
f 707/44/2 675/68/2 725/68/2 724/44/2
f 677/66/2 685/65/2 720/65/2 718/66/2
f 708/43/4 709/59/4 728/59/4 726/43/4
f 673/63/2 681/60/2 735/60/2 737/63/2
f 711/47/4 682/47/4 733/47/4 732/47/4
f 705/64/2 702/56/2 719/56/2 721/64/2
f 675/68/2 683/67/2 722/67/2 725/68/2
f 712/60/2 713/63/2 736/63/2 734/60/2
f 680/54/4 672/55/4 739/55/4 741/54/4
f 676/43/4 708/43/4 726/43/4 727/43/4
f 706/45/2 707/44/2 724/44/2 723/45/2
f 721/64/1 719/56/1 726/43/1 728/59/1
f 718/66/3 727/43/3 726/43/3 719/56/3
f 720/65/5 721/64/5 728/59/5 729/59/5
f 722/67/5 723/45/5 732/47/5 733/47/5
f 723/45/1 724/44/1 731/48/1 732/47/1
f 724/44/3 725/68/3 730/48/3 731/48/3
f 737/63/3 739/55/3 738/61/3 736/63/3
f 734/60/1 736/63/1 738/61/1 740/62/1
f 735/60/5 734/60/5 740/62/5 741/54/5
f 743/1/1 742/1/1 746/10/1 747/11/1
f 748/12/2 749/13/2 752/14/2 750/15/2
f 753/16/6 750/15/6 751/17/6 754/18/6
f 757/19/11 751/17/11 750/15/11 752/14/11
f 751/17/3 757/19/3 755/20/3 754/18/3
f 752/14/9 756/21/9 755/20/9 757/19/9
f 749/13/1 758/22/1 756/23/1 752/14/1
f 761/24/4 763/25/4 760/26/4 759/27/4
f 761/28/10 764/29/10 765/30/10 762/31/10
f 762/32/12 768/33/12 763/25/12 761/24/12
f 765/18/3 766/20/3 768/34/3 762/35/3
f 767/23/9 763/36/9 768/37/9 766/38/9
f 769/22/1 760/39/1 763/36/1 767/23/1
f 772/24/4 774/25/4 771/26/4 770/27/4
f 773/35/12 781/34/12 774/40/12 772/41/12
f 772/41/10 775/15/10 776/42/10 773/35/10
f 780/19/11 776/42/11 775/15/11 777/14/11
f 778/12/2 779/13/2 777/14/2 775/15/2
f 779/13/1 771/39/1 774/36/1 777/14/1
f 777/14/9 774/40/9 781/34/9 780/19/9
f 776/42/3 780/19/3 781/34/3 773/35/3
f 784/24/4 786/25/4 783/26/4 782/27/4
f 785/35/12 793/34/12 786/40/12 784/41/12
f 784/41/10 787/15/10 788/42/10 785/35/10
f 792/19/11 788/42/11 787/15/11 789/14/11
f 790/12/2 791/13/2 789/14/2 787/15/2
f 791/13/1 783/39/1 786/36/1 789/14/1
f 789/14/9 786/40/9 793/34/9 792/19/9
f 788/42/3 792/19/3 793/34/3 785/35/3
f 747/11/3 746/10/3 744/1/3 745/2/3
f 832/43/13 831/44/13 817/44/13 818/43/13
f 831/44/14 830/45/14 822/46/14 817/44/14
f 835/47/15 834/48/15 816/48/15 821/49/15
f 817/44/1 822/46/1 823/50/1 818/43/1
f 815/51/1 820/52/1 821/49/1 816/48/1
f 813/11/1 825/53/1 819/54/1 814/55/1
f 810/56/1 824/57/1 812/58/1 811/10/1
f 833/59/15 832/43/15 818/43/15 823/50/15
f 830/45/16 833/59/16 823/50/16 822/46/16
f 827/10/13 826/56/13 810/56/13 811/10/13
f 836/60/16 835/47/16 821/49/16 820/52/16
f 840/61/13 839/11/13 813/11/13 814/55/13
f 841/62/15 840/61/15 814/55/15 819/54/15
f 838/53/16 841/62/16 819/54/16 825/53/16
f 837/63/14 836/60/14 820/52/14 815/51/14
f 826/56/14 829/64/14 824/57/14 810/56/14
f 829/64/16 828/58/16 812/58/16 824/57/16
f 834/48/13 837/63/13 815/51/13 816/48/13
f 809/65/5 802/58/5 828/58/5 829/64/5
f 794/10/3 801/66/3 826/56/3 827/10/3
f 807/67/5 808/59/5 833/59/5 830/45/5
f 800/43/3 799/68/3 831/44/3 832/43/3
f 798/48/3 797/63/3 837/63/3 834/48/3
f 805/60/5 806/47/5 835/47/5 836/60/5
f 803/53/5 804/54/5 841/62/5 838/53/5
f 796/55/3 795/11/3 839/11/3 840/61/3
f 840/61/4 841/62/4 864/62/4 862/61/4
f 805/60/2 836/60/2 858/60/2 859/60/2
f 833/59/4 808/59/4 853/59/4 852/59/4
f 796/55/4 840/61/4 862/61/4 863/55/4
f 806/47/4 798/48/4 854/48/4 857/47/4
f 809/65/2 829/64/2 845/64/2 844/65/2
f 837/63/2 797/63/2 861/63/2 860/63/2
f 807/67/2 830/45/2 847/45/2 846/67/2
f 834/48/4 835/47/4 856/47/4 855/48/4
f 826/56/2 801/66/2 842/66/2 843/56/2
f 841/62/4 804/54/4 865/54/4 864/62/4
f 798/48/4 834/48/4 855/48/4 854/48/4
f 808/59/4 800/43/4 851/43/4 853/59/4
f 831/44/2 799/68/2 849/68/2 848/44/2
f 801/66/2 809/65/2 844/65/2 842/66/2
f 832/43/4 833/59/4 852/59/4 850/43/4
f 797/63/2 805/60/2 859/60/2 861/63/2
f 835/47/4 806/47/4 857/47/4 856/47/4
f 829/64/2 826/56/2 843/56/2 845/64/2
f 799/68/2 807/67/2 846/67/2 849/68/2
f 836/60/2 837/63/2 860/63/2 858/60/2
f 804/54/4 796/55/4 863/55/4 865/54/4
f 800/43/4 832/43/4 850/43/4 851/43/4
f 830/45/2 831/44/2 848/44/2 847/45/2
f 845/64/1 843/56/1 850/43/1 852/59/1
f 842/66/3 851/43/3 850/43/3 843/56/3
f 844/65/5 845/64/5 852/59/5 853/59/5
f 846/67/5 847/45/5 856/47/5 857/47/5
f 847/45/1 848/44/1 855/48/1 856/47/1
f 848/44/3 849/68/3 854/48/3 855/48/3
f 861/63/3 863/55/3 862/61/3 860/63/3
f 858/60/1 860/63/1 862/61/1 864/62/1
f 859/60/5 858/60/5 864/62/5 865/54/5
f 887/69/3 886/70/3 888/71/3 889/72/3
f 883/73/3 882/74/3 884/75/3 885/76/3
f 879/77/3 878/78/3 880/79/3 881/80/3
f 891/81/4 890/82/4 878/78/4 879/77/4
f 892/83/2 893/84/2 881/80/2 880/79/2
f 895/85/4 894/86/4 882/74/4 883/73/4
f 896/87/2 897/88/2 885/76/2 884/75/2
f 899/89/4 898/90/4 886/70/4 887/69/4
f 900/91/2 901/92/2 889/72/2 888/71/2
f 883/73/17 885/76/17 897/88/17 895/93/17
f 887/69/17 889/72/17 901/92/17 899/94/17
f 879/77/17 881/80/17 893/84/17 891/95/17
f 898/90/18 900/96/18 888/71/18 886/70/18
f 894/86/18 896/97/18 884/75/18 882/74/18
f 890/82/18 892/98/18 880/79/18 878/78/18
f 870/99/3 892/98/3 890/82/3 877/100/3
f 868/101/3 877/102/3 890/103/3 891/81/3
f 876/104/3 868/105/3 891/95/3 893/84/3
f 892/98/3 870/99/3 871/106/3 894/107/3
f 893/108/3 892/83/3 894/107/3 895/85/3
f 876/104/3 893/108/3 895/93/3 875/109/3
f 872/110/3 896/97/3 894/86/3 871/106/3
f 874/111/3 875/109/3 895/93/3 897/88/3
f 896/97/3 872/110/3 873/112/3 898/113/3
f 897/114/3 896/87/3 898/113/3 899/89/3
f 874/111/3 897/114/3 899/94/3 869/115/3
f 867/116/3 900/96/3 898/90/3 873/112/3
f 869/115/3 899/94/3 901/92/3 866/117/3
f 901/118/3 900/91/3 867/119/3 866/120/3
f 902/12/2 903/13/2 906/14/2 904/15/2
f 907/16/6 904/15/6 905/17/6 908/18/6
f 911/19/11 905/17/11 904/15/11 906/14/11
f 905/17/3 911/19/3 909/20/3 908/18/3
f 906/14/9 910/21/9 909/20/9 911/19/9
f 903/13/1 912/22/1 910/23/1 906/14/1
f 915/24/4 917/25/4 914/26/4 913/27/4
f 915/28/6 918/29/6 919/30/6 916/31/6
f 916/32/12 922/33/12 917/25/12 915/24/12
f 919/18/3 920/20/3 922/34/3 916/35/3
f 921/23/9 917/36/9 922/37/9 920/38/9
f 923/22/1 914/39/1 917/36/1 921/23/1
f 924/12/2 925/13/2 928/14/2 926/15/2
f 929/16/6 926/15/6 927/17/6 930/18/6
f 933/19/11 927/17/11 926/15/11 928/14/11
f 927/17/3 933/19/3 931/20/3 930/18/3
f 928/14/9 932/21/9 931/20/9 933/19/9
f 925/13/1 934/22/1 932/23/1 928/14/1
f 937/24/4 939/25/4 936/26/4 935/27/4
f 937/28/6 940/29/6 941/30/6 938/31/6
f 938/32/12 944/33/12 939/25/12 937/24/12
f 941/18/3 942/20/3 944/34/3 938/35/3
f 943/23/9 939/36/9 944/37/9 942/38/9
f 945/22/1 936/39/1 939/36/1 943/23/1
f 948/24/4 950/25/4 947/26/4 946/27/4
f 948/41/6 951/15/6 952/42/6 949/35/6
f 949/35/12 957/34/12 950/40/12 948/41/12
f 956/19/11 952/42/11 951/15/11 953/14/11
f 954/12/2 955/13/2 953/14/2 951/15/2
f 955/13/1 947/39/1 950/36/1 953/14/1
f 953/14/9 950/40/9 957/34/9 956/19/9
f 952/42/3 956/19/3 957/34/3 949/35/3
f 960/24/4 962/25/4 959/26/4 958/27/4
f 960/41/6 963/15/6 964/42/6 961/35/6
f 961/35/12 969/34/12 962/40/12 960/41/12
f 968/19/11 964/42/11 963/15/11 965/14/11
f 966/12/2 967/13/2 965/14/2 963/15/2
f 967/13/1 959/39/1 962/36/1 965/14/1
f 965/14/9 962/40/9 969/34/9 968/19/9
f 964/42/3 968/19/3 969/34/3 961/35/3
f 972/24/4 974/25/4 971/26/4 970/27/4
f 972/41/6 975/15/6 976/42/6 973/35/6
f 973/35/12 981/34/12 974/40/12 972/41/12
f 980/19/11 976/42/11 975/15/11 977/14/11
f 978/12/2 979/13/2 977/14/2 975/15/2
f 979/13/1 971/39/1 974/36/1 977/14/1
f 977/14/9 974/40/9 981/34/9 980/19/9
f 976/42/3 980/19/3 981/34/3 973/35/3
f 984/24/4 986/25/4 983/26/4 982/27/4
f 984/41/6 987/15/6 988/42/6 985/35/6
f 985/35/12 993/34/12 986/40/12 984/41/12
f 992/19/11 988/42/11 987/15/11 989/14/11
f 990/12/2 991/13/2 989/14/2 987/15/2
f 991/13/1 983/39/1 986/36/1 989/14/1
f 989/14/9 986/40/9 993/34/9 992/19/9
f 988/42/3 992/19/3 993/34/3 985/35/3
f 1100/121/3 1093/122/3 997/8/3 1096/123/3
f 1002/35/12 1004/34/12 1005/40/12 1003/41/12
f 1008/19/11 1006/42/11 1007/15/11 1009/14/11
f 1003/41/6 1007/15/6 1006/42/6 1002/35/6
f 1009/14/9 1005/40/9 1004/34/9 1008/19/9
f 1003/24/4 1005/25/4 999/26/4 998/27/4
f 1006/42/3 1008/19/3 1004/34/3 1002/35/3
f 1001/13/1 999/39/1 1005/36/1 1009/14/1
f 1000/12/2 1001/13/2 1009/14/2 1007/15/2
f 1014/35/12 1016/34/12 1017/40/12 1015/41/12
f 1020/19/11 1018/42/11 1019/15/11 1021/14/11
f 1015/41/6 1019/15/6 1018/42/6 1014/35/6
f 1021/14/9 1017/40/9 1016/34/9 1020/19/9
f 1015/24/4 1017/25/4 1011/26/4 1010/27/4
f 1018/42/3 1020/19/3 1016/34/3 1014/35/3
f 1013/13/1 1011/39/1 1017/36/1 1021/14/1
f 1012/12/2 1013/13/2 1021/14/2 1019/15/2
f 1026/35/12 1028/34/12 1029/40/12 1027/41/12
f 1032/19/11 1030/42/11 1031/15/11 1033/14/11
f 1027/41/6 1031/15/6 1030/42/6 1026/35/6
f 1033/14/9 1029/40/9 1028/34/9 1032/19/9
f 1027/24/4 1029/25/4 1023/26/4 1022/27/4
f 1030/42/3 1032/19/3 1028/34/3 1026/35/3
f 1025/13/1 1023/39/1 1029/36/1 1033/14/1
f 1024/12/2 1025/13/2 1033/14/2 1031/15/2
f 1038/35/12 1040/34/12 1041/40/12 1039/41/12
f 1044/19/11 1042/42/11 1043/15/11 1045/14/11
f 1039/41/6 1043/15/6 1042/42/6 1038/35/6
f 1045/14/9 1041/40/9 1040/34/9 1044/19/9
f 1039/24/4 1041/25/4 1035/26/4 1034/27/4
f 1042/42/3 1044/19/3 1040/34/3 1038/35/3
f 1037/13/1 1035/39/1 1041/36/1 1045/14/1
f 1036/12/2 1037/13/2 1045/14/2 1043/15/2
f 1051/19/11 1049/17/11 1050/15/11 1052/14/11
f 1053/16/6 1050/15/6 1049/17/6 1054/18/6
f 1052/14/9 1056/21/9 1055/20/9 1051/19/9
f 1046/12/2 1047/13/2 1052/14/2 1050/15/2
f 1049/17/3 1051/19/3 1055/20/3 1054/18/3
f 1047/13/1 1048/22/1 1056/23/1 1052/14/1
f 1062/19/11 1060/17/11 1061/15/11 1063/14/11
f 1064/16/6 1061/15/6 1060/17/6 1065/18/6
f 1063/14/9 1067/21/9 1066/20/9 1062/19/9
f 1057/12/2 1058/13/2 1063/14/2 1061/15/2
f 1060/17/3 1062/19/3 1066/20/3 1065/18/3
f 1058/13/1 1059/22/1 1067/23/1 1063/14/1
f 1071/32/12 1073/33/12 1074/25/12 1072/24/12
f 1077/23/9 1074/36/9 1073/37/9 1078/38/9
f 1072/28/6 1076/29/6 1075/30/6 1071/31/6
f 1072/24/4 1074/25/4 1069/26/4 1068/27/4
f 1075/18/3 1078/20/3 1073/34/3 1071/35/3
f 1070/22/1 1069/39/1 1074/36/1 1077/23/1
f 1082/32/12 1084/33/12 1085/25/12 1083/24/12
f 1088/23/9 1085/36/9 1084/37/9 1089/38/9
f 1083/28/6 1087/29/6 1086/30/6 1082/31/6
f 1083/24/4 1085/25/4 1080/26/4 1079/27/4
f 1086/18/3 1089/20/3 1084/34/3 1082/35/3
f 1081/22/1 1080/39/1 1085/36/1 1088/23/1
f 1095/124/3 995/2/3 1092/125/3 1098/126/3
f 1091/127/3 1099/111/3 1101/110/3 1090/128/3
f 1101/110/2 1099/111/2 1103/111/2 1105/110/2
f 1100/121/19 1101/110/19 1105/110/19 1104/121/19
f 1098/126/3 1092/125/3 1093/122/3 1100/121/3
f 1099/111/1 1098/126/1 1102/126/1 1103/111/1
f 1100/121/4 1104/121/4 1102/126/4 1098/126/4
f 1103/111/3 1102/126/3 1104/121/3 1105/110/3
f 994/1/1 1094/129/1 1099/111/1 1091/127/1
f 1094/129/3 1095/124/3 1098/126/3 1099/111/3
f 1090/128/1 1101/110/1 1097/130/1 996/9/1
f 1101/110/3 1100/121/3 1096/123/3 1097/130/3
f 1106/1/3 1107/2/3 1109/8/3 1108/9/3
f 1114/35/12 1116/34/12 1117/40/12 1115/41/12
f 1120/19/11 1118/42/11 1119/15/11 1121/14/11
f 1115/41/6 1119/15/6 1118/42/6 1114/35/6
f 1121/14/9 1117/40/9 1116/34/9 1120/19/9
f 1115/24/4 1117/25/4 1111/26/4 1110/27/4
f 1118/42/3 1120/19/3 1116/34/3 1114/35/3
f 1113/13/1 1111/39/1 1117/36/1 1121/14/1
f 1112/12/2 1113/13/2 1121/14/2 1119/15/2
f 1126/35/12 1128/34/12 1129/40/12 1127/41/12
f 1132/19/11 1130/42/11 1131/15/11 1133/14/11
f 1127/41/6 1131/15/6 1130/42/6 1126/35/6
f 1133/14/9 1129/40/9 1128/34/9 1132/19/9
f 1127/24/4 1129/25/4 1123/26/4 1122/27/4
f 1130/42/3 1132/19/3 1128/34/3 1126/35/3
f 1125/13/1 1123/39/1 1129/36/1 1133/14/1
f 1124/12/2 1125/13/2 1133/14/2 1131/15/2
f 1138/35/12 1140/34/12 1141/40/12 1139/41/12
f 1144/19/11 1142/42/11 1143/15/11 1145/14/11
f 1139/41/6 1143/15/6 1142/42/6 1138/35/6
f 1145/14/9 1141/40/9 1140/34/9 1144/19/9
f 1139/24/4 1141/25/4 1135/26/4 1134/27/4
f 1142/42/3 1144/19/3 1140/34/3 1138/35/3
f 1137/13/1 1135/39/1 1141/36/1 1145/14/1
f 1136/12/2 1137/13/2 1145/14/2 1143/15/2
f 1150/35/12 1152/34/12 1153/40/12 1151/41/12
f 1156/19/11 1154/42/11 1155/15/11 1157/14/11
f 1151/41/6 1155/15/6 1154/42/6 1150/35/6
f 1157/14/9 1153/40/9 1152/34/9 1156/19/9
f 1151/24/4 1153/25/4 1147/26/4 1146/27/4
f 1154/42/3 1156/19/3 1152/34/3 1150/35/3
f 1149/13/1 1147/39/1 1153/36/1 1157/14/1
f 1148/12/2 1149/13/2 1157/14/2 1155/15/2
f 1163/19/11 1161/17/11 1162/15/11 1164/14/11
f 1165/16/6 1162/15/6 1161/17/6 1166/18/6
f 1164/14/9 1168/21/9 1167/20/9 1163/19/9
f 1158/12/2 1159/13/2 1164/14/2 1162/15/2
f 1161/17/3 1163/19/3 1167/20/3 1166/18/3
f 1159/13/1 1160/22/1 1168/23/1 1164/14/1
f 1174/19/11 1172/17/11 1173/15/11 1175/14/11
f 1176/16/6 1173/15/6 1172/17/6 1177/18/6
f 1175/14/9 1179/21/9 1178/20/9 1174/19/9
f 1169/12/2 1170/13/2 1175/14/2 1173/15/2
f 1172/17/3 1174/19/3 1178/20/3 1177/18/3
f 1170/13/1 1171/22/1 1179/23/1 1175/14/1
f 1183/32/12 1185/33/12 1186/25/12 1184/24/12
f 1189/23/9 1186/36/9 1185/37/9 1190/38/9
f 1184/28/6 1188/29/6 1187/30/6 1183/31/6
f 1184/24/4 1186/25/4 1181/26/4 1180/27/4
f 1187/18/3 1190/20/3 1185/34/3 1183/35/3
f 1182/22/1 1181/39/1 1186/36/1 1189/23/1
f 1194/32/12 1196/33/12 1197/25/12 1195/24/12
f 1200/23/9 1197/36/9 1196/37/9 1201/38/9
f 1195/28/6 1199/29/6 1198/30/6 1194/31/6
f 1195/24/4 1197/25/4 1192/26/4 1191/27/4
f 1198/18/3 1201/20/3 1196/34/3 1194/35/3
f 1193/22/1 1192/39/1 1197/36/1 1200/23/1
f 1308/121/3 1301/122/3 1205/8/3 1304/123/3
f 1210/35/12 1212/34/12 1213/40/12 1211/41/12
f 1216/19/11 1214/42/11 1215/15/11 1217/14/11
f 1211/41/6 1215/15/6 1214/42/6 1210/35/6
f 1217/14/9 1213/40/9 1212/34/9 1216/19/9
f 1211/24/4 1213/25/4 1207/26/4 1206/27/4
f 1214/42/3 1216/19/3 1212/34/3 1210/35/3
f 1209/13/1 1207/39/1 1213/36/1 1217/14/1
f 1208/12/2 1209/13/2 1217/14/2 1215/15/2
f 1222/35/12 1224/34/12 1225/40/12 1223/41/12
f 1228/19/11 1226/42/11 1227/15/11 1229/14/11
f 1223/41/6 1227/15/6 1226/42/6 1222/35/6
f 1229/14/9 1225/40/9 1224/34/9 1228/19/9
f 1223/24/4 1225/25/4 1219/26/4 1218/27/4
f 1226/42/3 1228/19/3 1224/34/3 1222/35/3
f 1221/13/1 1219/39/1 1225/36/1 1229/14/1
f 1220/12/2 1221/13/2 1229/14/2 1227/15/2
f 1234/35/12 1236/34/12 1237/40/12 1235/41/12
f 1240/19/11 1238/42/11 1239/15/11 1241/14/11
f 1235/41/6 1239/15/6 1238/42/6 1234/35/6
f 1241/14/9 1237/40/9 1236/34/9 1240/19/9
f 1235/24/4 1237/25/4 1231/26/4 1230/27/4
f 1238/42/3 1240/19/3 1236/34/3 1234/35/3
f 1233/13/1 1231/39/1 1237/36/1 1241/14/1
f 1232/12/2 1233/13/2 1241/14/2 1239/15/2
f 1246/35/12 1248/34/12 1249/40/12 1247/41/12
f 1252/19/11 1250/42/11 1251/15/11 1253/14/11
f 1247/41/6 1251/15/6 1250/42/6 1246/35/6
f 1253/14/9 1249/40/9 1248/34/9 1252/19/9
f 1247/24/4 1249/25/4 1243/26/4 1242/27/4
f 1250/42/3 1252/19/3 1248/34/3 1246/35/3
f 1245/13/1 1243/39/1 1249/36/1 1253/14/1
f 1244/12/2 1245/13/2 1253/14/2 1251/15/2
f 1259/19/11 1257/17/11 1258/15/11 1260/14/11
f 1261/16/6 1258/15/6 1257/17/6 1262/18/6
f 1260/14/9 1264/21/9 1263/20/9 1259/19/9
f 1254/12/2 1255/13/2 1260/14/2 1258/15/2
f 1257/17/3 1259/19/3 1263/20/3 1262/18/3
f 1255/13/1 1256/22/1 1264/23/1 1260/14/1
f 1270/19/11 1268/17/11 1269/15/11 1271/14/11
f 1272/16/6 1269/15/6 1268/17/6 1273/18/6
f 1271/14/9 1275/21/9 1274/20/9 1270/19/9
f 1265/12/2 1266/13/2 1271/14/2 1269/15/2
f 1268/17/3 1270/19/3 1274/20/3 1273/18/3
f 1266/13/1 1267/22/1 1275/23/1 1271/14/1
f 1279/32/12 1281/33/12 1282/25/12 1280/24/12
f 1285/23/9 1282/36/9 1281/37/9 1286/38/9
f 1280/28/6 1284/29/6 1283/30/6 1279/31/6
f 1280/24/4 1282/25/4 1277/26/4 1276/27/4
f 1283/18/3 1286/20/3 1281/34/3 1279/35/3
f 1278/22/1 1277/39/1 1282/36/1 1285/23/1
f 1290/32/12 1292/33/12 1293/25/12 1291/24/12
f 1296/23/9 1293/36/9 1292/37/9 1297/38/9
f 1291/28/6 1295/29/6 1294/30/6 1290/31/6
f 1291/24/4 1293/25/4 1288/26/4 1287/27/4
f 1294/18/3 1297/20/3 1292/34/3 1290/35/3
f 1289/22/1 1288/39/1 1293/36/1 1296/23/1
f 1303/124/3 1203/2/3 1300/125/3 1306/126/3
f 1299/127/3 1307/111/3 1309/110/3 1298/128/3
f 1309/110/2 1307/111/2 1311/111/2 1313/110/2
f 1308/121/19 1309/110/19 1313/110/19 1312/121/19
f 1306/126/3 1300/125/3 1301/122/3 1308/121/3
f 1307/111/1 1306/126/1 1310/126/1 1311/111/1
f 1308/121/4 1312/121/4 1310/126/4 1306/126/4
f 1311/111/3 1310/126/3 1312/121/3 1313/110/3
f 1202/1/1 1302/129/1 1307/111/1 1299/127/1
f 1302/129/3 1303/124/3 1306/126/3 1307/111/3
f 1298/128/1 1309/110/1 1305/130/1 1204/9/1
f 1309/110/3 1308/121/3 1304/123/3 1305/130/3
f 1335/69/3 1334/70/3 1336/71/3 1337/72/3
f 1331/73/3 1330/74/3 1332/75/3 1333/76/3
f 1327/77/3 1326/78/3 1328/79/3 1329/80/3
f 1339/81/4 1338/82/4 1326/78/4 1327/77/4
f 1340/83/2 1341/84/2 1329/80/2 1328/79/2
f 1343/85/4 1342/86/4 1330/74/4 1331/73/4
f 1344/87/2 1345/88/2 1333/76/2 1332/75/2
f 1347/89/4 1346/90/4 1334/70/4 1335/69/4
f 1348/91/2 1349/92/2 1337/72/2 1336/71/2
f 1331/73/17 1333/76/17 1345/88/17 1343/93/17
f 1335/69/17 1337/72/17 1349/92/17 1347/94/17
f 1327/77/17 1329/80/17 1341/84/17 1339/95/17
f 1346/90/18 1348/96/18 1336/71/18 1334/70/18
f 1342/86/18 1344/97/18 1332/75/18 1330/74/18
f 1338/82/18 1340/98/18 1328/79/18 1326/78/18
f 1318/99/3 1340/98/3 1338/82/3 1325/100/3
f 1316/101/3 1325/102/3 1338/103/3 1339/81/3
f 1324/104/3 1316/105/3 1339/95/3 1341/84/3
f 1340/98/3 1318/99/3 1319/106/3 1342/107/3
f 1341/108/3 1340/83/3 1342/107/3 1343/85/3
f 1324/104/3 1341/108/3 1343/93/3 1323/109/3
f 1320/110/3 1344/97/3 1342/86/3 1319/106/3
f 1322/111/3 1323/109/3 1343/93/3 1345/88/3
f 1344/97/3 1320/110/3 1321/112/3 1346/113/3
f 1345/114/3 1344/87/3 1346/113/3 1347/89/3
f 1322/111/3 1345/114/3 1347/94/3 1317/115/3
f 1315/116/3 1348/96/3 1346/90/3 1321/112/3
f 1317/115/3 1347/94/3 1349/92/3 1314/117/3
f 1349/118/3 1348/91/3 1315/119/3 1314/120/3
f 1350/12/2 1351/13/2 1354/14/2 1352/15/2
f 1355/16/6 1352/15/6 1353/17/6 1356/18/6
f 1359/19/11 1353/17/11 1352/15/11 1354/14/11
f 1353/17/3 1359/19/3 1357/20/3 1356/18/3
f 1354/14/9 1358/21/9 1357/20/9 1359/19/9
f 1351/13/1 1360/22/1 1358/23/1 1354/14/1
f 1363/24/4 1365/25/4 1362/26/4 1361/27/4
f 1363/28/6 1366/29/6 1367/30/6 1364/31/6
f 1364/32/12 1370/33/12 1365/25/12 1363/24/12
f 1367/18/3 1368/20/3 1370/34/3 1364/35/3
f 1369/23/9 1365/36/9 1370/37/9 1368/38/9
f 1371/22/1 1362/39/1 1365/36/1 1369/23/1
f 1372/12/2 1373/13/2 1376/14/2 1374/15/2
f 1377/16/6 1374/15/6 1375/17/6 1378/18/6
f 1381/19/11 1375/17/11 1374/15/11 1376/14/11
f 1375/17/3 1381/19/3 1379/20/3 1378/18/3
f 1376/14/9 1380/21/9 1379/20/9 1381/19/9
f 1373/13/1 1382/22/1 1380/23/1 1376/14/1
f 1385/24/4 1387/25/4 1384/26/4 1383/27/4
f 1385/28/6 1388/29/6 1389/30/6 1386/31/6
f 1386/32/12 1392/33/12 1387/25/12 1385/24/12
f 1389/18/3 1390/20/3 1392/34/3 1386/35/3
f 1391/23/9 1387/36/9 1392/37/9 1390/38/9
f 1393/22/1 1384/39/1 1387/36/1 1391/23/1
f 1396/24/4 1398/25/4 1395/26/4 1394/27/4
f 1396/41/6 1399/15/6 1400/42/6 1397/35/6
f 1397/35/12 1405/34/12 1398/40/12 1396/41/12
f 1404/19/11 1400/42/11 1399/15/11 1401/14/11
f 1402/12/2 1403/13/2 1401/14/2 1399/15/2
f 1403/13/1 1395/39/1 1398/36/1 1401/14/1
f 1401/14/9 1398/40/9 1405/34/9 1404/19/9
f 1400/42/3 1404/19/3 1405/34/3 1397/35/3
f 1408/24/4 1410/25/4 1407/26/4 1406/27/4
f 1408/41/6 1411/15/6 1412/42/6 1409/35/6
f 1409/35/12 1417/34/12 1410/40/12 1408/41/12
f 1416/19/11 1412/42/11 1411/15/11 1413/14/11
f 1414/12/2 1415/13/2 1413/14/2 1411/15/2
f 1415/13/1 1407/39/1 1410/36/1 1413/14/1
f 1413/14/9 1410/40/9 1417/34/9 1416/19/9
f 1412/42/3 1416/19/3 1417/34/3 1409/35/3
f 1420/24/4 1422/25/4 1419/26/4 1418/27/4
f 1420/41/6 1423/15/6 1424/42/6 1421/35/6
f 1421/35/12 1429/34/12 1422/40/12 1420/41/12
f 1428/19/11 1424/42/11 1423/15/11 1425/14/11
f 1426/12/2 1427/13/2 1425/14/2 1423/15/2
f 1427/13/1 1419/39/1 1422/36/1 1425/14/1
f 1425/14/9 1422/40/9 1429/34/9 1428/19/9
f 1424/42/3 1428/19/3 1429/34/3 1421/35/3
f 1432/24/4 1434/25/4 1431/26/4 1430/27/4
f 1432/41/6 1435/15/6 1436/42/6 1433/35/6
f 1433/35/12 1441/34/12 1434/40/12 1432/41/12
f 1440/19/11 1436/42/11 1435/15/11 1437/14/11
f 1438/12/2 1439/13/2 1437/14/2 1435/15/2
f 1439/13/1 1431/39/1 1434/36/1 1437/14/1
f 1437/14/9 1434/40/9 1441/34/9 1440/19/9
f 1436/42/3 1440/19/3 1441/34/3 1433/35/3
f 1442/1/3 1443/2/3 1445/8/3 1444/9/3
f 1450/35/12 1452/34/12 1453/40/12 1451/41/12
f 1456/19/11 1454/42/11 1455/15/11 1457/14/11
f 1451/41/6 1455/15/6 1454/42/6 1450/35/6
f 1457/14/9 1453/40/9 1452/34/9 1456/19/9
f 1451/24/4 1453/25/4 1447/26/4 1446/27/4
f 1454/42/3 1456/19/3 1452/34/3 1450/35/3
f 1449/13/1 1447/39/1 1453/36/1 1457/14/1
f 1448/12/2 1449/13/2 1457/14/2 1455/15/2
f 1462/35/12 1464/34/12 1465/40/12 1463/41/12
f 1468/19/11 1466/42/11 1467/15/11 1469/14/11
f 1463/41/6 1467/15/6 1466/42/6 1462/35/6
f 1469/14/9 1465/40/9 1464/34/9 1468/19/9
f 1463/24/4 1465/25/4 1459/26/4 1458/27/4
f 1466/42/3 1468/19/3 1464/34/3 1462/35/3
f 1461/13/1 1459/39/1 1465/36/1 1469/14/1
f 1460/12/2 1461/13/2 1469/14/2 1467/15/2
f 1474/35/12 1476/34/12 1477/40/12 1475/41/12
f 1480/19/11 1478/42/11 1479/15/11 1481/14/11
f 1475/41/6 1479/15/6 1478/42/6 1474/35/6
f 1481/14/9 1477/40/9 1476/34/9 1480/19/9
f 1475/24/4 1477/25/4 1471/26/4 1470/27/4
f 1478/42/3 1480/19/3 1476/34/3 1474/35/3
f 1473/13/1 1471/39/1 1477/36/1 1481/14/1
f 1472/12/2 1473/13/2 1481/14/2 1479/15/2
f 1486/35/12 1488/34/12 1489/40/12 1487/41/12
f 1492/19/11 1490/42/11 1491/15/11 1493/14/11
f 1487/41/6 1491/15/6 1490/42/6 1486/35/6
f 1493/14/9 1489/40/9 1488/34/9 1492/19/9
f 1487/24/4 1489/25/4 1483/26/4 1482/27/4
f 1490/42/3 1492/19/3 1488/34/3 1486/35/3
f 1485/13/1 1483/39/1 1489/36/1 1493/14/1
f 1484/12/2 1485/13/2 1493/14/2 1491/15/2
f 1499/19/11 1497/17/11 1498/15/11 1500/14/11
f 1501/16/6 1498/15/6 1497/17/6 1502/18/6
f 1500/14/9 1504/21/9 1503/20/9 1499/19/9
f 1494/12/2 1495/13/2 1500/14/2 1498/15/2
f 1497/17/3 1499/19/3 1503/20/3 1502/18/3
f 1495/13/1 1496/22/1 1504/23/1 1500/14/1
f 1510/19/11 1508/17/11 1509/15/11 1511/14/11
f 1512/16/6 1509/15/6 1508/17/6 1513/18/6
f 1511/14/9 1515/21/9 1514/20/9 1510/19/9
f 1505/12/2 1506/13/2 1511/14/2 1509/15/2
f 1508/17/3 1510/19/3 1514/20/3 1513/18/3
f 1506/13/1 1507/22/1 1515/23/1 1511/14/1
f 1519/32/12 1521/33/12 1522/25/12 1520/24/12
f 1525/23/9 1522/36/9 1521/37/9 1526/38/9
f 1520/28/6 1524/29/6 1523/30/6 1519/31/6
f 1520/24/4 1522/25/4 1517/26/4 1516/27/4
f 1523/18/3 1526/20/3 1521/34/3 1519/35/3
f 1518/22/1 1517/39/1 1522/36/1 1525/23/1
f 1530/32/12 1532/33/12 1533/25/12 1531/24/12
f 1536/23/9 1533/36/9 1532/37/9 1537/38/9
f 1531/28/6 1535/29/6 1534/30/6 1530/31/6
f 1531/24/4 1533/25/4 1528/26/4 1527/27/4
f 1534/18/3 1537/20/3 1532/34/3 1530/35/3
f 1529/22/1 1528/39/1 1533/36/1 1536/23/1
f 1644/121/1 1637/122/1 1541/8/1 1640/123/1
f 1546/35/12 1548/34/12 1549/40/12 1547/41/12
f 1552/19/11 1550/42/11 1551/15/11 1553/14/11
f 1547/41/6 1551/15/6 1550/42/6 1546/35/6
f 1553/14/9 1549/40/9 1548/34/9 1552/19/9
f 1547/24/4 1549/25/4 1543/26/4 1542/27/4
f 1550/42/3 1552/19/3 1548/34/3 1546/35/3
f 1545/13/1 1543/39/1 1549/36/1 1553/14/1
f 1544/12/2 1545/13/2 1553/14/2 1551/15/2
f 1558/35/12 1560/34/12 1561/40/12 1559/41/12
f 1564/19/11 1562/42/11 1563/15/11 1565/14/11
f 1559/41/6 1563/15/6 1562/42/6 1558/35/6
f 1565/14/9 1561/40/9 1560/34/9 1564/19/9
f 1559/24/4 1561/25/4 1555/26/4 1554/27/4
f 1562/42/3 1564/19/3 1560/34/3 1558/35/3
f 1557/13/1 1555/39/1 1561/36/1 1565/14/1
f 1556/12/2 1557/13/2 1565/14/2 1563/15/2
f 1570/35/12 1572/34/12 1573/40/12 1571/41/12
f 1576/19/11 1574/42/11 1575/15/11 1577/14/11
f 1571/41/6 1575/15/6 1574/42/6 1570/35/6
f 1577/14/9 1573/40/9 1572/34/9 1576/19/9
f 1571/24/4 1573/25/4 1567/26/4 1566/27/4
f 1574/42/3 1576/19/3 1572/34/3 1570/35/3
f 1569/13/1 1567/39/1 1573/36/1 1577/14/1
f 1568/12/2 1569/13/2 1577/14/2 1575/15/2
f 1582/35/12 1584/34/12 1585/40/12 1583/41/12
f 1588/19/11 1586/42/11 1587/15/11 1589/14/11
f 1583/41/6 1587/15/6 1586/42/6 1582/35/6
f 1589/14/9 1585/40/9 1584/34/9 1588/19/9
f 1583/24/4 1585/25/4 1579/26/4 1578/27/4
f 1586/42/3 1588/19/3 1584/34/3 1582/35/3
f 1581/13/1 1579/39/1 1585/36/1 1589/14/1
f 1580/12/2 1581/13/2 1589/14/2 1587/15/2
f 1595/19/11 1593/17/11 1594/15/11 1596/14/11
f 1597/16/6 1594/15/6 1593/17/6 1598/18/6
f 1596/14/9 1600/21/9 1599/20/9 1595/19/9
f 1590/12/2 1591/13/2 1596/14/2 1594/15/2
f 1593/17/3 1595/19/3 1599/20/3 1598/18/3
f 1591/13/1 1592/22/1 1600/23/1 1596/14/1
f 1606/19/11 1604/17/11 1605/15/11 1607/14/11
f 1608/16/6 1605/15/6 1604/17/6 1609/18/6
f 1607/14/9 1611/21/9 1610/20/9 1606/19/9
f 1601/12/2 1602/13/2 1607/14/2 1605/15/2
f 1604/17/3 1606/19/3 1610/20/3 1609/18/3
f 1602/13/1 1603/22/1 1611/23/1 1607/14/1
f 1615/32/12 1617/33/12 1618/25/12 1616/24/12
f 1621/23/9 1618/36/9 1617/37/9 1622/38/9
f 1616/28/6 1620/29/6 1619/30/6 1615/31/6
f 1616/24/4 1618/25/4 1613/26/4 1612/27/4
f 1619/18/3 1622/20/3 1617/34/3 1615/35/3
f 1614/22/1 1613/39/1 1618/36/1 1621/23/1
f 1626/32/12 1628/33/12 1629/25/12 1627/24/12
f 1632/23/9 1629/36/9 1628/37/9 1633/38/9
f 1627/28/6 1631/29/6 1630/30/6 1626/31/6
f 1627/24/4 1629/25/4 1624/26/4 1623/27/4
f 1630/18/3 1633/20/3 1628/34/3 1626/35/3
f 1625/22/1 1624/39/1 1629/36/1 1632/23/1
f 1639/124/20 1539/2/20 1636/125/20 1642/126/20
f 1635/127/3 1643/111/3 1645/110/3 1634/128/3
f 1645/110/2 1643/111/2 1647/111/2 1649/110/2
f 1644/121/19 1645/110/19 1649/110/19 1648/121/19
f 1642/126/3 1636/125/3 1637/122/3 1644/121/3
f 1643/111/1 1642/126/1 1646/126/1 1647/111/1
f 1644/121/4 1648/121/4 1646/126/4 1642/126/4
f 1647/111/3 1646/126/3 1648/121/3 1649/110/3
f 1538/1/1 1638/129/1 1643/111/1 1635/127/1
f 1638/129/3 1639/124/3 1642/126/3 1643/111/3
f 1634/128/1 1645/110/1 1641/130/1 1540/9/1
f 1645/110/3 1644/121/3 1640/123/3 1641/130/3
f 1756/121/1 1749/122/1 1653/8/1 1752/123/1
f 1658/35/12 1660/34/12 1661/40/12 1659/41/12
f 1664/19/11 1662/42/11 1663/15/11 1665/14/11
f 1659/41/6 1663/15/6 1662/42/6 1658/35/6
f 1665/14/9 1661/40/9 1660/34/9 1664/19/9
f 1659/24/4 1661/25/4 1655/26/4 1654/27/4
f 1662/42/3 1664/19/3 1660/34/3 1658/35/3
f 1657/13/1 1655/39/1 1661/36/1 1665/14/1
f 1656/12/2 1657/13/2 1665/14/2 1663/15/2
f 1670/35/12 1672/34/12 1673/40/12 1671/41/12
f 1676/19/11 1674/42/11 1675/15/11 1677/14/11
f 1671/41/6 1675/15/6 1674/42/6 1670/35/6
f 1677/14/9 1673/40/9 1672/34/9 1676/19/9
f 1671/24/4 1673/25/4 1667/26/4 1666/27/4
f 1674/42/3 1676/19/3 1672/34/3 1670/35/3
f 1669/13/1 1667/39/1 1673/36/1 1677/14/1
f 1668/12/2 1669/13/2 1677/14/2 1675/15/2
f 1682/35/12 1684/34/12 1685/40/12 1683/41/12
f 1688/19/11 1686/42/11 1687/15/11 1689/14/11
f 1683/41/6 1687/15/6 1686/42/6 1682/35/6
f 1689/14/9 1685/40/9 1684/34/9 1688/19/9
f 1683/24/4 1685/25/4 1679/26/4 1678/27/4
f 1686/42/3 1688/19/3 1684/34/3 1682/35/3
f 1681/13/1 1679/39/1 1685/36/1 1689/14/1
f 1680/12/2 1681/13/2 1689/14/2 1687/15/2
f 1694/35/12 1696/34/12 1697/40/12 1695/41/12
f 1700/19/11 1698/42/11 1699/15/11 1701/14/11
f 1695/41/6 1699/15/6 1698/42/6 1694/35/6
f 1701/14/9 1697/40/9 1696/34/9 1700/19/9
f 1695/24/4 1697/25/4 1691/26/4 1690/27/4
f 1698/42/3 1700/19/3 1696/34/3 1694/35/3
f 1693/13/1 1691/39/1 1697/36/1 1701/14/1
f 1692/12/2 1693/13/2 1701/14/2 1699/15/2
f 1707/19/11 1705/17/11 1706/15/11 1708/14/11
f 1709/16/6 1706/15/6 1705/17/6 1710/18/6
f 1708/14/9 1712/21/9 1711/20/9 1707/19/9
f 1702/12/2 1703/13/2 1708/14/2 1706/15/2
f 1705/17/3 1707/19/3 1711/20/3 1710/18/3
f 1703/13/1 1704/22/1 1712/23/1 1708/14/1
f 1718/19/11 1716/17/11 1717/15/11 1719/14/11
f 1720/16/6 1717/15/6 1716/17/6 1721/18/6
f 1719/14/9 1723/21/9 1722/20/9 1718/19/9
f 1713/12/2 1714/13/2 1719/14/2 1717/15/2
f 1716/17/3 1718/19/3 1722/20/3 1721/18/3
f 1714/13/1 1715/22/1 1723/23/1 1719/14/1
f 1727/32/12 1729/33/12 1730/25/12 1728/24/12
f 1733/23/9 1730/36/9 1729/37/9 1734/38/9
f 1728/28/6 1732/29/6 1731/30/6 1727/31/6
f 1728/24/4 1730/25/4 1725/26/4 1724/27/4
f 1731/18/3 1734/20/3 1729/34/3 1727/35/3
f 1726/22/1 1725/39/1 1730/36/1 1733/23/1
f 1738/32/12 1740/33/12 1741/25/12 1739/24/12
f 1744/23/9 1741/36/9 1740/37/9 1745/38/9
f 1739/28/6 1743/29/6 1742/30/6 1738/31/6
f 1739/24/4 1741/25/4 1736/26/4 1735/27/4
f 1742/18/3 1745/20/3 1740/34/3 1738/35/3
f 1737/22/1 1736/39/1 1741/36/1 1744/23/1
f 1751/124/20 1651/2/20 1748/125/20 1754/126/20
f 1747/127/3 1755/111/3 1757/110/3 1746/128/3
f 1757/110/2 1755/111/2 1759/111/2 1761/110/2
f 1756/121/19 1757/110/19 1761/110/19 1760/121/19
f 1754/126/3 1748/125/3 1749/122/3 1756/121/3
f 1755/111/1 1754/126/1 1758/126/1 1759/111/1
f 1756/121/4 1760/121/4 1758/126/4 1754/126/4
f 1759/111/3 1758/126/3 1760/121/3 1761/110/3
f 1650/1/1 1750/129/1 1755/111/1 1747/127/1
f 1750/129/3 1751/124/3 1754/126/3 1755/111/3
f 1746/128/1 1757/110/1 1753/130/1 1652/9/1
f 1757/110/3 1756/121/3 1752/123/3 1753/130/3
f 1783/69/3 1782/70/3 1784/71/3 1785/72/3
f 1779/73/3 1778/74/3 1780/75/3 1781/76/3
f 1775/77/3 1774/78/3 1776/79/3 1777/80/3
f 1787/81/4 1786/82/4 1774/78/4 1775/77/4
f 1788/83/2 1789/84/2 1777/80/2 1776/79/2
f 1791/85/4 1790/86/4 1778/74/4 1779/73/4
f 1792/87/2 1793/88/2 1781/76/2 1780/75/2
f 1795/89/4 1794/90/4 1782/70/4 1783/69/4
f 1796/91/2 1797/92/2 1785/72/2 1784/71/2
f 1779/73/17 1781/76/17 1793/88/17 1791/93/17
f 1783/69/17 1785/72/17 1797/92/17 1795/94/17
f 1775/77/17 1777/80/17 1789/84/17 1787/95/17
f 1794/90/18 1796/96/18 1784/71/18 1782/70/18
f 1790/86/18 1792/97/18 1780/75/18 1778/74/18
f 1786/82/18 1788/98/18 1776/79/18 1774/78/18
f 1766/99/3 1788/98/3 1786/82/3 1773/100/3
f 1764/101/3 1773/102/3 1786/103/3 1787/81/3
f 1772/104/3 1764/105/3 1787/95/3 1789/84/3
f 1788/98/3 1766/99/3 1767/106/3 1790/107/3
f 1789/108/3 1788/83/3 1790/107/3 1791/85/3
f 1772/104/3 1789/108/3 1791/93/3 1771/109/3
f 1768/110/3 1792/97/3 1790/86/3 1767/106/3
f 1770/111/3 1771/109/3 1791/93/3 1793/88/3
f 1792/97/3 1768/110/3 1769/112/3 1794/113/3
f 1793/114/3 1792/87/3 1794/113/3 1795/89/3
f 1770/111/3 1793/114/3 1795/94/3 1765/115/3
f 1763/116/3 1796/96/3 1794/90/3 1769/112/3
f 1765/115/3 1795/94/3 1797/92/3 1762/117/3
f 1797/118/3 1796/91/3 1763/119/3 1762/120/3
f 1798/12/2 1799/13/2 1802/14/2 1800/15/2
f 1803/16/10 1800/15/10 1801/17/10 1804/18/10
f 1807/19/11 1801/17/11 1800/15/11 1802/14/11
f 1801/17/3 1807/19/3 1805/20/3 1804/18/3
f 1802/14/9 1806/21/9 1805/20/9 1807/19/9
f 1799/13/1 1808/22/1 1806/23/1 1802/14/1
f 1811/24/4 1813/25/4 1810/26/4 1809/27/4
f 1811/28/6 1814/29/6 1815/30/6 1812/31/6
f 1812/32/12 1818/33/12 1813/25/12 1811/24/12
f 1815/18/3 1816/20/3 1818/34/3 1812/35/3
f 1817/23/21 1813/36/21 1818/37/21 1816/38/21
f 1819/22/1 1810/39/1 1813/36/1 1817/23/1
f 1820/12/2 1821/13/2 1824/14/2 1822/15/2
f 1825/16/6 1822/15/6 1823/17/6 1826/18/6
f 1829/19/11 1823/17/11 1822/15/11 1824/14/11
f 1823/17/3 1829/19/3 1827/20/3 1826/18/3
f 1824/14/21 1828/21/21 1827/20/21 1829/19/21
f 1821/13/1 1830/22/1 1828/23/1 1824/14/1
f 1833/24/4 1835/25/4 1832/26/4 1831/27/4
f 1833/28/10 1836/29/10 1837/30/10 1834/31/10
f 1834/32/12 1840/33/12 1835/25/12 1833/24/12
f 1837/18/3 1838/20/3 1840/34/3 1834/35/3
f 1839/23/9 1835/36/9 1840/37/9 1838/38/9
f 1841/22/1 1832/39/1 1835/36/1 1839/23/1
f 1844/24/4 1846/25/4 1843/26/4 1842/27/4
f 1844/41/6 1847/15/6 1848/42/6 1845/35/6
f 1845/35/12 1853/34/12 1846/40/12 1844/41/12
f 1852/19/11 1848/42/11 1847/15/11 1849/14/11
f 1850/12/2 1851/13/2 1849/14/2 1847/15/2
f 1851/13/1 1843/39/1 1846/36/1 1849/14/1
f 1849/14/9 1846/40/9 1853/34/9 1852/19/9
f 1848/42/3 1852/19/3 1853/34/3 1845/35/3
f 1856/24/4 1858/25/4 1855/26/4 1854/27/4
f 1856/41/6 1859/15/6 1860/42/6 1857/35/6
f 1857/35/12 1865/34/12 1858/40/12 1856/41/12
f 1864/19/11 1860/42/11 1859/15/11 1861/14/11
f 1862/12/2 1863/13/2 1861/14/2 1859/15/2
f 1863/13/1 1855/39/1 1858/36/1 1861/14/1
f 1861/14/9 1858/40/9 1865/34/9 1864/19/9
f 1860/42/3 1864/19/3 1865/34/3 1857/35/3
f 1868/24/4 1870/25/4 1867/26/4 1866/27/4
f 1868/41/6 1871/15/6 1872/42/6 1869/35/6
f 1869/35/12 1877/34/12 1870/40/12 1868/41/12
f 1876/19/11 1872/42/11 1871/15/11 1873/14/11
f 1874/12/2 1875/13/2 1873/14/2 1871/15/2
f 1875/13/1 1867/39/1 1870/36/1 1873/14/1
f 1873/14/9 1870/40/9 1877/34/9 1876/19/9
f 1872/42/3 1876/19/3 1877/34/3 1869/35/3
f 1880/24/4 1882/25/4 1879/26/4 1878/27/4
f 1880/41/6 1883/15/6 1884/42/6 1881/35/6
f 1881/35/12 1889/34/12 1882/40/12 1880/41/12
f 1888/19/11 1884/42/11 1883/15/11 1885/14/11
f 1886/12/2 1887/13/2 1885/14/2 1883/15/2
f 1887/13/1 1879/39/1 1882/36/1 1885/14/1
f 1885/14/9 1882/40/9 1889/34/9 1888/19/9
f 1884/42/3 1888/19/3 1889/34/3 1881/35/3
f 1890/1/3 1891/2/3 1893/8/3 1892/9/3
f 1898/35/12 1900/34/12 1901/40/12 1899/41/12
f 1904/19/11 1902/42/11 1903/15/11 1905/14/11
f 1899/41/6 1903/15/6 1902/42/6 1898/35/6
f 1905/14/9 1901/40/9 1900/34/9 1904/19/9
f 1899/24/4 1901/25/4 1895/26/4 1894/27/4
f 1902/42/3 1904/19/3 1900/34/3 1898/35/3
f 1897/13/1 1895/39/1 1901/36/1 1905/14/1
f 1896/12/2 1897/13/2 1905/14/2 1903/15/2
f 1910/35/12 1912/34/12 1913/40/12 1911/41/12
f 1916/19/11 1914/42/11 1915/15/11 1917/14/11
f 1911/41/6 1915/15/6 1914/42/6 1910/35/6
f 1917/14/9 1913/40/9 1912/34/9 1916/19/9
f 1911/24/4 1913/25/4 1907/26/4 1906/27/4
f 1914/42/3 1916/19/3 1912/34/3 1910/35/3
f 1909/13/1 1907/39/1 1913/36/1 1917/14/1
f 1908/12/2 1909/13/2 1917/14/2 1915/15/2
f 1922/35/12 1924/34/12 1925/40/12 1923/41/12
f 1928/19/11 1926/42/11 1927/15/11 1929/14/11
f 1923/41/6 1927/15/6 1926/42/6 1922/35/6
f 1929/14/9 1925/40/9 1924/34/9 1928/19/9
f 1923/24/4 1925/25/4 1919/26/4 1918/27/4
f 1926/42/3 1928/19/3 1924/34/3 1922/35/3
f 1921/13/1 1919/39/1 1925/36/1 1929/14/1
f 1920/12/2 1921/13/2 1929/14/2 1927/15/2
f 1934/35/12 1936/34/12 1937/40/12 1935/41/12
f 1940/19/11 1938/42/11 1939/15/11 1941/14/11
f 1935/41/6 1939/15/6 1938/42/6 1934/35/6
f 1941/14/9 1937/40/9 1936/34/9 1940/19/9
f 1935/24/4 1937/25/4 1931/26/4 1930/27/4
f 1938/42/3 1940/19/3 1936/34/3 1934/35/3
f 1933/13/1 1931/39/1 1937/36/1 1941/14/1
f 1932/12/2 1933/13/2 1941/14/2 1939/15/2
f 1947/19/11 1945/17/11 1946/15/11 1948/14/11
f 1949/16/6 1946/15/6 1945/17/6 1950/18/6
f 1948/14/9 1952/21/9 1951/20/9 1947/19/9
f 1942/12/2 1943/13/2 1948/14/2 1946/15/2
f 1945/17/3 1947/19/3 1951/20/3 1950/18/3
f 1943/13/1 1944/22/1 1952/23/1 1948/14/1
f 1958/19/11 1956/17/11 1957/15/11 1959/14/11
f 1960/16/6 1957/15/6 1956/17/6 1961/18/6
f 1959/14/9 1963/21/9 1962/20/9 1958/19/9
f 1953/12/2 1954/13/2 1959/14/2 1957/15/2
f 1956/17/3 1958/19/3 1962/20/3 1961/18/3
f 1954/13/1 1955/22/1 1963/23/1 1959/14/1
f 1967/32/12 1969/33/12 1970/25/12 1968/24/12
f 1973/23/9 1970/36/9 1969/37/9 1974/38/9
f 1968/28/6 1972/29/6 1971/30/6 1967/31/6
f 1968/24/4 1970/25/4 1965/26/4 1964/27/4
f 1971/18/3 1974/20/3 1969/34/3 1967/35/3
f 1966/22/1 1965/39/1 1970/36/1 1973/23/1
f 1978/32/12 1980/33/12 1981/25/12 1979/24/12
f 1984/23/9 1981/36/9 1980/37/9 1985/38/9
f 1979/28/6 1983/29/6 1982/30/6 1978/31/6
f 1979/24/4 1981/25/4 1976/26/4 1975/27/4
f 1982/18/3 1985/20/3 1980/34/3 1978/35/3
f 1977/22/1 1976/39/1 1981/36/1 1984/23/1
f 1986/1/3 1987/2/3 1989/8/3 1988/9/3
f 1994/35/12 1996/34/12 1997/40/12 1995/41/12
f 2000/19/11 1998/42/11 1999/15/11 2001/14/11
f 1995/41/6 1999/15/6 1998/42/6 1994/35/6
f 2001/14/9 1997/40/9 1996/34/9 2000/19/9
f 1995/24/4 1997/25/4 1991/26/4 1990/27/4
f 1998/42/3 2000/19/3 1996/34/3 1994/35/3
f 1993/13/1 1991/39/1 1997/36/1 2001/14/1
f 1992/12/2 1993/13/2 2001/14/2 1999/15/2
f 2006/35/12 2008/34/12 2009/40/12 2007/41/12
f 2012/19/11 2010/42/11 2011/15/11 2013/14/11
f 2007/41/6 2011/15/6 2010/42/6 2006/35/6
f 2013/14/9 2009/40/9 2008/34/9 2012/19/9
f 2007/24/4 2009/25/4 2003/26/4 2002/27/4
f 2010/42/3 2012/19/3 2008/34/3 2006/35/3
f 2005/13/1 2003/39/1 2009/36/1 2013/14/1
f 2004/12/2 2005/13/2 2013/14/2 2011/15/2
f 2018/35/12 2020/34/12 2021/40/12 2019/41/12
f 2024/19/11 2022/42/11 2023/15/11 2025/14/11
f 2019/41/6 2023/15/6 2022/42/6 2018/35/6
f 2025/14/9 2021/40/9 2020/34/9 2024/19/9
f 2019/24/4 2021/25/4 2015/26/4 2014/27/4
f 2022/42/3 2024/19/3 2020/34/3 2018/35/3
f 2017/13/1 2015/39/1 2021/36/1 2025/14/1
f 2016/12/2 2017/13/2 2025/14/2 2023/15/2
f 2030/35/12 2032/34/12 2033/40/12 2031/41/12
f 2036/19/11 2034/42/11 2035/15/11 2037/14/11
f 2031/41/6 2035/15/6 2034/42/6 2030/35/6
f 2037/14/9 2033/40/9 2032/34/9 2036/19/9
f 2031/24/4 2033/25/4 2027/26/4 2026/27/4
f 2034/42/3 2036/19/3 2032/34/3 2030/35/3
f 2029/13/1 2027/39/1 2033/36/1 2037/14/1
f 2028/12/2 2029/13/2 2037/14/2 2035/15/2
f 2043/19/11 2041/17/11 2042/15/11 2044/14/11
f 2045/16/6 2042/15/6 2041/17/6 2046/18/6
f 2044/14/9 2048/21/9 2047/20/9 2043/19/9
f 2038/12/2 2039/13/2 2044/14/2 2042/15/2
f 2041/17/3 2043/19/3 2047/20/3 2046/18/3
f 2039/13/1 2040/22/1 2048/23/1 2044/14/1
f 2054/19/11 2052/17/11 2053/15/11 2055/14/11
f 2056/16/6 2053/15/6 2052/17/6 2057/18/6
f 2055/14/9 2059/21/9 2058/20/9 2054/19/9
f 2049/12/2 2050/13/2 2055/14/2 2053/15/2
f 2052/17/3 2054/19/3 2058/20/3 2057/18/3
f 2050/13/1 2051/22/1 2059/23/1 2055/14/1
f 2063/32/12 2065/33/12 2066/25/12 2064/24/12
f 2069/23/9 2066/36/9 2065/37/9 2070/38/9
f 2064/28/6 2068/29/6 2067/30/6 2063/31/6
f 2064/24/4 2066/25/4 2061/26/4 2060/27/4
f 2067/18/3 2070/20/3 2065/34/3 2063/35/3
f 2062/22/1 2061/39/1 2066/36/1 2069/23/1
f 2074/32/12 2076/33/12 2077/25/12 2075/24/12
f 2080/23/9 2077/36/9 2076/37/9 2081/38/9
f 2075/28/6 2079/29/6 2078/30/6 2074/31/6
f 2075/24/4 2077/25/4 2072/26/4 2071/27/4
f 2078/18/3 2081/20/3 2076/34/3 2074/35/3
f 2073/22/1 2072/39/1 2077/36/1 2080/23/1
f 2103/69/3 2102/70/3 2104/71/3 2105/72/3
f 2099/73/3 2098/74/3 2100/75/3 2101/76/3
f 2095/77/3 2094/78/3 2096/79/3 2097/80/3
f 2107/81/4 2106/82/4 2094/78/4 2095/77/4
f 2108/83/2 2109/84/2 2097/80/2 2096/79/2
f 2111/85/4 2110/86/4 2098/74/4 2099/73/4
f 2112/87/2 2113/88/2 2101/76/2 2100/75/2
f 2115/89/4 2114/90/4 2102/70/4 2103/69/4
f 2116/91/2 2117/92/2 2105/72/2 2104/71/2
f 2099/73/17 2101/76/17 2113/88/17 2111/93/17
f 2103/69/17 2105/72/17 2117/92/17 2115/94/17
f 2095/77/17 2097/80/17 2109/84/17 2107/95/17
f 2114/90/18 2116/96/18 2104/71/18 2102/70/18
f 2110/86/18 2112/97/18 2100/75/18 2098/74/18
f 2106/82/18 2108/98/18 2096/79/18 2094/78/18
f 2086/99/3 2108/98/3 2106/82/3 2093/100/3
f 2084/101/3 2093/102/3 2106/103/3 2107/81/3
f 2092/104/3 2084/105/3 2107/95/3 2109/84/3
f 2108/98/3 2086/99/3 2087/106/3 2110/107/3
f 2109/108/3 2108/83/3 2110/107/3 2111/85/3
f 2092/104/3 2109/108/3 2111/93/3 2091/109/3
f 2088/110/3 2112/97/3 2110/86/3 2087/106/3
f 2090/111/3 2091/109/3 2111/93/3 2113/88/3
f 2112/97/3 2088/110/3 2089/112/3 2114/113/3
f 2113/114/3 2112/87/3 2114/113/3 2115/89/3
f 2090/111/3 2113/114/3 2115/94/3 2085/115/3
f 2083/116/3 2116/96/3 2114/90/3 2089/112/3
f 2085/115/3 2115/94/3 2117/92/3 2082/117/3
f 2117/118/3 2116/91/3 2083/119/3 2082/120/3
f 2118/12/2 2119/13/2 2122/14/2 2120/15/2
f 2123/16/10 2120/15/10 2121/17/10 2124/18/10
f 2127/19/11 2121/17/11 2120/15/11 2122/14/11
f 2121/17/3 2127/19/3 2125/20/3 2124/18/3
f 2122/14/9 2126/21/9 2125/20/9 2127/19/9
f 2119/13/1 2128/22/1 2126/23/1 2122/14/1
f 2131/24/4 2133/25/4 2130/26/4 2129/27/4
f 2131/28/6 2134/29/6 2135/30/6 2132/31/6
f 2132/32/12 2138/33/12 2133/25/12 2131/24/12
f 2135/18/3 2136/20/3 2138/34/3 2132/35/3
f 2137/23/21 2133/36/21 2138/37/21 2136/38/21
f 2139/22/1 2130/39/1 2133/36/1 2137/23/1
f 2140/12/2 2141/13/2 2144/14/2 2142/15/2
f 2145/16/6 2142/15/6 2143/17/6 2146/18/6
f 2149/19/11 2143/17/11 2142/15/11 2144/14/11
f 2143/17/3 2149/19/3 2147/20/3 2146/18/3
f 2144/14/21 2148/21/21 2147/20/21 2149/19/21
f 2141/13/1 2150/22/1 2148/23/1 2144/14/1
f 2153/24/4 2155/25/4 2152/26/4 2151/27/4
f 2153/28/10 2156/29/10 2157/30/10 2154/31/10
f 2154/32/12 2160/33/12 2155/25/12 2153/24/12
f 2157/18/3 2158/20/3 2160/34/3 2154/35/3
f 2159/23/9 2155/36/9 2160/37/9 2158/38/9
f 2161/22/1 2152/39/1 2155/36/1 2159/23/1
f 2164/24/4 2166/25/4 2163/26/4 2162/27/4
f 2164/41/6 2167/15/6 2168/42/6 2165/35/6
f 2165/35/12 2173/34/12 2166/40/12 2164/41/12
f 2172/19/11 2168/42/11 2167/15/11 2169/14/11
f 2170/12/2 2171/13/2 2169/14/2 2167/15/2
f 2171/13/1 2163/39/1 2166/36/1 2169/14/1
f 2169/14/9 2166/40/9 2173/34/9 2172/19/9
f 2168/42/3 2172/19/3 2173/34/3 2165/35/3
f 2176/24/4 2178/25/4 2175/26/4 2174/27/4
f 2176/41/6 2179/15/6 2180/42/6 2177/35/6
f 2177/35/12 2185/34/12 2178/40/12 2176/41/12
f 2184/19/11 2180/42/11 2179/15/11 2181/14/11
f 2182/12/2 2183/13/2 2181/14/2 2179/15/2
f 2183/13/1 2175/39/1 2178/36/1 2181/14/1
f 2181/14/9 2178/40/9 2185/34/9 2184/19/9
f 2180/42/3 2184/19/3 2185/34/3 2177/35/3
f 2188/24/4 2190/25/4 2187/26/4 2186/27/4
f 2188/41/6 2191/15/6 2192/42/6 2189/35/6
f 2189/35/12 2197/34/12 2190/40/12 2188/41/12
f 2196/19/11 2192/42/11 2191/15/11 2193/14/11
f 2194/12/2 2195/13/2 2193/14/2 2191/15/2
f 2195/13/1 2187/39/1 2190/36/1 2193/14/1
f 2193/14/9 2190/40/9 2197/34/9 2196/19/9
f 2192/42/3 2196/19/3 2197/34/3 2189/35/3
f 2200/24/4 2202/25/4 2199/26/4 2198/27/4
f 2200/41/6 2203/15/6 2204/42/6 2201/35/6
f 2201/35/12 2209/34/12 2202/40/12 2200/41/12
f 2208/19/11 2204/42/11 2203/15/11 2205/14/11
f 2206/12/2 2207/13/2 2205/14/2 2203/15/2
f 2207/13/1 2199/39/1 2202/36/1 2205/14/1
f 2205/14/9 2202/40/9 2209/34/9 2208/19/9
f 2204/42/3 2208/19/3 2209/34/3 2201/35/3
f 2316/121/1 2309/122/1 2213/8/1 2312/123/1
f 2218/35/12 2220/34/12 2221/40/12 2219/41/12
f 2224/19/11 2222/42/11 2223/15/11 2225/14/11
f 2219/41/6 2223/15/6 2222/42/6 2218/35/6
f 2225/14/9 2221/40/9 2220/34/9 2224/19/9
f 2219/24/4 2221/25/4 2215/26/4 2214/27/4
f 2222/42/3 2224/19/3 2220/34/3 2218/35/3
f 2217/13/1 2215/39/1 2221/36/1 2225/14/1
f 2216/12/2 2217/13/2 2225/14/2 2223/15/2
f 2230/35/12 2232/34/12 2233/40/12 2231/41/12
f 2236/19/11 2234/42/11 2235/15/11 2237/14/11
f 2231/41/6 2235/15/6 2234/42/6 2230/35/6
f 2237/14/21 2233/40/21 2232/34/21 2236/19/21
f 2231/24/4 2233/25/4 2227/26/4 2226/27/4
f 2234/42/3 2236/19/3 2232/34/3 2230/35/3
f 2229/13/1 2227/39/1 2233/36/1 2237/14/1
f 2228/12/2 2229/13/2 2237/14/2 2235/15/2
f 2242/35/12 2244/34/12 2245/40/12 2243/41/12
f 2248/19/11 2246/42/11 2247/15/11 2249/14/11
f 2243/41/6 2247/15/6 2246/42/6 2242/35/6
f 2249/14/9 2245/40/9 2244/34/9 2248/19/9
f 2243/24/4 2245/25/4 2239/26/4 2238/27/4
f 2246/42/3 2248/19/3 2244/34/3 2242/35/3
f 2241/13/1 2239/39/1 2245/36/1 2249/14/1
f 2240/12/2 2241/13/2 2249/14/2 2247/15/2
f 2254/35/12 2256/34/12 2257/40/12 2255/41/12
f 2260/19/11 2258/42/11 2259/15/11 2261/14/11
f 2255/41/6 2259/15/6 2258/42/6 2254/35/6
f 2261/14/21 2257/40/21 2256/34/21 2260/19/21
f 2255/24/4 2257/25/4 2251/26/4 2250/27/4
f 2258/42/3 2260/19/3 2256/34/3 2254/35/3
f 2253/13/1 2251/39/1 2257/36/1 2261/14/1
f 2252/12/2 2253/13/2 2261/14/2 2259/15/2
f 2267/19/11 2265/17/11 2266/15/11 2268/14/11
f 2269/16/6 2266/15/6 2265/17/6 2270/18/6
f 2268/14/9 2272/21/9 2271/20/9 2267/19/9
f 2262/12/2 2263/13/2 2268/14/2 2266/15/2
f 2265/17/3 2267/19/3 2271/20/3 2270/18/3
f 2263/13/1 2264/22/1 2272/23/1 2268/14/1
f 2278/19/11 2276/17/11 2277/15/11 2279/14/11
f 2280/16/6 2277/15/6 2276/17/6 2281/18/6
f 2279/14/21 2283/21/21 2282/20/21 2278/19/21
f 2273/12/2 2274/13/2 2279/14/2 2277/15/2
f 2276/17/3 2278/19/3 2282/20/3 2281/18/3
f 2274/13/1 2275/22/1 2283/23/1 2279/14/1
f 2287/32/12 2289/33/12 2290/25/12 2288/24/12
f 2293/23/9 2290/36/9 2289/37/9 2294/38/9
f 2288/28/6 2292/29/6 2291/30/6 2287/31/6
f 2288/24/4 2290/25/4 2285/26/4 2284/27/4
f 2291/18/3 2294/20/3 2289/34/3 2287/35/3
f 2286/22/1 2285/39/1 2290/36/1 2293/23/1
f 2298/32/12 2300/33/12 2301/25/12 2299/24/12
f 2304/23/21 2301/36/21 2300/37/21 2305/38/21
f 2299/28/6 2303/29/6 2302/30/6 2298/31/6
f 2299/24/4 2301/25/4 2296/26/4 2295/27/4
f 2302/18/3 2305/20/3 2300/34/3 2298/35/3
f 2297/22/1 2296/39/1 2301/36/1 2304/23/1
f 2311/124/1 2211/2/1 2308/125/1 2314/126/1
f 2307/127/3 2315/111/3 2317/110/3 2306/128/3
f 2317/110/2 2315/111/2 2319/111/2 2321/110/2
f 2316/121/19 2317/110/19 2321/110/19 2320/121/19
f 2314/126/3 2308/125/3 2309/122/3 2316/121/3
f 2315/111/1 2314/126/1 2318/126/1 2319/111/1
f 2316/121/4 2320/121/4 2318/126/4 2314/126/4
f 2319/111/3 2318/126/3 2320/121/3 2321/110/3
f 2210/1/1 2310/129/1 2315/111/1 2307/127/1
f 2310/129/3 2311/124/3 2314/126/3 2315/111/3
f 2306/128/1 2317/110/1 2313/130/1 2212/9/1
f 2317/110/3 2316/121/3 2312/123/3 2313/130/3
f 2322/1/3 2323/2/3 2325/8/3 2324/9/3
f 2330/35/12 2332/34/12 2333/40/12 2331/41/12
f 2336/19/11 2334/42/11 2335/15/11 2337/14/11
f 2331/41/6 2335/15/6 2334/42/6 2330/35/6
f 2337/14/9 2333/40/9 2332/34/9 2336/19/9
f 2331/24/4 2333/25/4 2327/26/4 2326/27/4
f 2334/42/3 2336/19/3 2332/34/3 2330/35/3
f 2329/13/1 2327/39/1 2333/36/1 2337/14/1
f 2328/12/2 2329/13/2 2337/14/2 2335/15/2
f 2342/35/12 2344/34/12 2345/40/12 2343/41/12
f 2348/19/11 2346/42/11 2347/15/11 2349/14/11
f 2343/41/6 2347/15/6 2346/42/6 2342/35/6
f 2349/14/9 2345/40/9 2344/34/9 2348/19/9
f 2343/24/4 2345/25/4 2339/26/4 2338/27/4
f 2346/42/3 2348/19/3 2344/34/3 2342/35/3
f 2341/13/1 2339/39/1 2345/36/1 2349/14/1
f 2340/12/2 2341/13/2 2349/14/2 2347/15/2
f 2354/35/12 2356/34/12 2357/40/12 2355/41/12
f 2360/19/11 2358/42/11 2359/15/11 2361/14/11
f 2355/41/6 2359/15/6 2358/42/6 2354/35/6
f 2361/14/9 2357/40/9 2356/34/9 2360/19/9
f 2355/24/4 2357/25/4 2351/26/4 2350/27/4
f 2358/42/3 2360/19/3 2356/34/3 2354/35/3
f 2353/13/1 2351/39/1 2357/36/1 2361/14/1
f 2352/12/2 2353/13/2 2361/14/2 2359/15/2
f 2366/35/12 2368/34/12 2369/40/12 2367/41/12
f 2372/19/11 2370/42/11 2371/15/11 2373/14/11
f 2367/41/6 2371/15/6 2370/42/6 2366/35/6
f 2373/14/9 2369/40/9 2368/34/9 2372/19/9
f 2367/24/4 2369/25/4 2363/26/4 2362/27/4
f 2370/42/3 2372/19/3 2368/34/3 2366/35/3
f 2365/13/1 2363/39/1 2369/36/1 2373/14/1
f 2364/12/2 2365/13/2 2373/14/2 2371/15/2
f 2379/19/11 2377/17/11 2378/15/11 2380/14/11
f 2381/16/6 2378/15/6 2377/17/6 2382/18/6
f 2380/14/9 2384/21/9 2383/20/9 2379/19/9
f 2374/12/2 2375/13/2 2380/14/2 2378/15/2
f 2377/17/3 2379/19/3 2383/20/3 2382/18/3
f 2375/13/1 2376/22/1 2384/23/1 2380/14/1
f 2390/19/11 2388/17/11 2389/15/11 2391/14/11
f 2392/16/6 2389/15/6 2388/17/6 2393/18/6
f 2391/14/9 2395/21/9 2394/20/9 2390/19/9
f 2385/12/2 2386/13/2 2391/14/2 2389/15/2
f 2388/17/3 2390/19/3 2394/20/3 2393/18/3
f 2386/13/1 2387/22/1 2395/23/1 2391/14/1
f 2399/32/12 2401/33/12 2402/25/12 2400/24/12
f 2405/23/9 2402/36/9 2401/37/9 2406/38/9
f 2400/28/6 2404/29/6 2403/30/6 2399/31/6
f 2400/24/4 2402/25/4 2397/26/4 2396/27/4
f 2403/18/3 2406/20/3 2401/34/3 2399/35/3
f 2398/22/1 2397/39/1 2402/36/1 2405/23/1
f 2410/32/12 2412/33/12 2413/25/12 2411/24/12
f 2416/23/9 2413/36/9 2412/37/9 2417/38/9
f 2411/28/6 2415/29/6 2414/30/6 2410/31/6
f 2411/24/4 2413/25/4 2408/26/4 2407/27/4
f 2414/18/3 2417/20/3 2412/34/3 2410/35/3
f 2409/22/1 2408/39/1 2413/36/1 2416/23/1
f 2418/1/3 2419/2/3 2421/8/3 2420/9/3
f 2426/35/12 2428/34/12 2429/40/12 2427/41/12
f 2432/19/11 2430/42/11 2431/15/11 2433/14/11
f 2427/41/6 2431/15/6 2430/42/6 2426/35/6
f 2433/14/9 2429/40/9 2428/34/9 2432/19/9
f 2427/24/4 2429/25/4 2423/26/4 2422/27/4
f 2430/42/3 2432/19/3 2428/34/3 2426/35/3
f 2425/13/1 2423/39/1 2429/36/1 2433/14/1
f 2424/12/2 2425/13/2 2433/14/2 2431/15/2
f 2438/35/12 2440/34/12 2441/40/12 2439/41/12
f 2444/19/11 2442/42/11 2443/15/11 2445/14/11
f 2439/41/6 2443/15/6 2442/42/6 2438/35/6
f 2445/14/9 2441/40/9 2440/34/9 2444/19/9
f 2439/24/4 2441/25/4 2435/26/4 2434/27/4
f 2442/42/3 2444/19/3 2440/34/3 2438/35/3
f 2437/13/1 2435/39/1 2441/36/1 2445/14/1
f 2436/12/2 2437/13/2 2445/14/2 2443/15/2
f 2450/35/12 2452/34/12 2453/40/12 2451/41/12
f 2456/19/11 2454/42/11 2455/15/11 2457/14/11
f 2451/41/6 2455/15/6 2454/42/6 2450/35/6
f 2457/14/9 2453/40/9 2452/34/9 2456/19/9
f 2451/24/4 2453/25/4 2447/26/4 2446/27/4
f 2454/42/3 2456/19/3 2452/34/3 2450/35/3
f 2449/13/1 2447/39/1 2453/36/1 2457/14/1
f 2448/12/2 2449/13/2 2457/14/2 2455/15/2
f 2462/35/12 2464/34/12 2465/40/12 2463/41/12
f 2468/19/11 2466/42/11 2467/15/11 2469/14/11
f 2463/41/6 2467/15/6 2466/42/6 2462/35/6
f 2469/14/9 2465/40/9 2464/34/9 2468/19/9
f 2463/24/4 2465/25/4 2459/26/4 2458/27/4
f 2466/42/3 2468/19/3 2464/34/3 2462/35/3
f 2461/13/1 2459/39/1 2465/36/1 2469/14/1
f 2460/12/2 2461/13/2 2469/14/2 2467/15/2
f 2475/19/11 2473/17/11 2474/15/11 2476/14/11
f 2477/16/6 2474/15/6 2473/17/6 2478/18/6
f 2476/14/9 2480/21/9 2479/20/9 2475/19/9
f 2470/12/2 2471/13/2 2476/14/2 2474/15/2
f 2473/17/3 2475/19/3 2479/20/3 2478/18/3
f 2471/13/1 2472/22/1 2480/23/1 2476/14/1
f 2486/19/11 2484/17/11 2485/15/11 2487/14/11
f 2488/16/6 2485/15/6 2484/17/6 2489/18/6
f 2487/14/9 2491/21/9 2490/20/9 2486/19/9
f 2481/12/2 2482/13/2 2487/14/2 2485/15/2
f 2484/17/3 2486/19/3 2490/20/3 2489/18/3
f 2482/13/1 2483/22/1 2491/23/1 2487/14/1
f 2495/32/12 2497/33/12 2498/25/12 2496/24/12
f 2501/23/9 2498/36/9 2497/37/9 2502/38/9
f 2496/28/6 2500/29/6 2499/30/6 2495/31/6
f 2496/24/4 2498/25/4 2493/26/4 2492/27/4
f 2499/18/3 2502/20/3 2497/34/3 2495/35/3
f 2494/22/1 2493/39/1 2498/36/1 2501/23/1
f 2506/32/12 2508/33/12 2509/25/12 2507/24/12
f 2512/23/9 2509/36/9 2508/37/9 2513/38/9
f 2507/28/6 2511/29/6 2510/30/6 2506/31/6
f 2507/24/4 2509/25/4 2504/26/4 2503/27/4
f 2510/18/3 2513/20/3 2508/34/3 2506/35/3
f 2505/22/1 2504/39/1 2509/36/1 2512/23/1
f 2620/121/1 2613/122/1 2517/8/1 2616/123/1
f 2522/35/12 2524/34/12 2525/40/12 2523/41/12
f 2528/19/11 2526/42/11 2527/15/11 2529/14/11
f 2523/41/6 2527/15/6 2526/42/6 2522/35/6
f 2529/14/9 2525/40/9 2524/34/9 2528/19/9
f 2523/24/4 2525/25/4 2519/26/4 2518/27/4
f 2526/42/3 2528/19/3 2524/34/3 2522/35/3
f 2521/13/1 2519/39/1 2525/36/1 2529/14/1
f 2520/12/2 2521/13/2 2529/14/2 2527/15/2
f 2534/35/12 2536/34/12 2537/40/12 2535/41/12
f 2540/19/11 2538/42/11 2539/15/11 2541/14/11
f 2535/41/6 2539/15/6 2538/42/6 2534/35/6
f 2541/14/9 2537/40/9 2536/34/9 2540/19/9
f 2535/24/4 2537/25/4 2531/26/4 2530/27/4
f 2538/42/3 2540/19/3 2536/34/3 2534/35/3
f 2533/13/1 2531/39/1 2537/36/1 2541/14/1
f 2532/12/2 2533/13/2 2541/14/2 2539/15/2
f 2546/35/12 2548/34/12 2549/40/12 2547/41/12
f 2552/19/11 2550/42/11 2551/15/11 2553/14/11
f 2547/41/6 2551/15/6 2550/42/6 2546/35/6
f 2553/14/9 2549/40/9 2548/34/9 2552/19/9
f 2547/24/4 2549/25/4 2543/26/4 2542/27/4
f 2550/42/3 2552/19/3 2548/34/3 2546/35/3
f 2545/13/1 2543/39/1 2549/36/1 2553/14/1
f 2544/12/2 2545/13/2 2553/14/2 2551/15/2
f 2558/35/12 2560/34/12 2561/40/12 2559/41/12
f 2564/19/11 2562/42/11 2563/15/11 2565/14/11
f 2559/41/6 2563/15/6 2562/42/6 2558/35/6
f 2565/14/9 2561/40/9 2560/34/9 2564/19/9
f 2559/24/4 2561/25/4 2555/26/4 2554/27/4
f 2562/42/3 2564/19/3 2560/34/3 2558/35/3
f 2557/13/1 2555/39/1 2561/36/1 2565/14/1
f 2556/12/2 2557/13/2 2565/14/2 2563/15/2
f 2571/19/11 2569/17/11 2570/15/11 2572/14/11
f 2573/16/6 2570/15/6 2569/17/6 2574/18/6
f 2572/14/9 2576/21/9 2575/20/9 2571/19/9
f 2566/12/2 2567/13/2 2572/14/2 2570/15/2
f 2569/17/3 2571/19/3 2575/20/3 2574/18/3
f 2567/13/1 2568/22/1 2576/23/1 2572/14/1
f 2582/19/11 2580/17/11 2581/15/11 2583/14/11
f 2584/16/6 2581/15/6 2580/17/6 2585/18/6
f 2583/14/9 2587/21/9 2586/20/9 2582/19/9
f 2577/12/2 2578/13/2 2583/14/2 2581/15/2
f 2580/17/3 2582/19/3 2586/20/3 2585/18/3
f 2578/13/1 2579/22/1 2587/23/1 2583/14/1
f 2591/32/12 2593/33/12 2594/25/12 2592/24/12
f 2597/23/9 2594/36/9 2593/37/9 2598/38/9
f 2592/28/6 2596/29/6 2595/30/6 2591/31/6
f 2592/24/4 2594/25/4 2589/26/4 2588/27/4
f 2595/18/3 2598/20/3 2593/34/3 2591/35/3
f 2590/22/1 2589/39/1 2594/36/1 2597/23/1
f 2602/32/12 2604/33/12 2605/25/12 2603/24/12
f 2608/23/9 2605/36/9 2604/37/9 2609/38/9
f 2603/28/6 2607/29/6 2606/30/6 2602/31/6
f 2603/24/4 2605/25/4 2600/26/4 2599/27/4
f 2606/18/3 2609/20/3 2604/34/3 2602/35/3
f 2601/22/1 2600/39/1 2605/36/1 2608/23/1
f 2615/124/3 2515/2/3 2612/125/3 2618/126/3
f 2611/127/3 2619/111/3 2621/110/3 2610/128/3
f 2621/110/2 2619/111/2 2623/111/2 2625/110/2
f 2620/121/19 2621/110/19 2625/110/19 2624/121/19
f 2618/126/3 2612/125/3 2613/122/3 2620/121/3
f 2619/111/1 2618/126/1 2622/126/1 2623/111/1
f 2620/121/4 2624/121/4 2622/126/4 2618/126/4
f 2623/111/3 2622/126/3 2624/121/3 2625/110/3
f 2514/1/1 2614/129/1 2619/111/1 2611/127/1
f 2614/129/3 2615/124/3 2618/126/3 2619/111/3
f 2610/128/1 2621/110/1 2617/130/1 2516/9/1
f 2621/110/3 2620/121/3 2616/123/3 2617/130/3
f 2626/1/3 2627/2/3 2629/8/3 2628/9/3
f 2634/35/12 2636/34/12 2637/40/12 2635/41/12
f 2640/19/11 2638/42/11 2639/15/11 2641/14/11
f 2635/41/6 2639/15/6 2638/42/6 2634/35/6
f 2641/14/9 2637/40/9 2636/34/9 2640/19/9
f 2635/24/4 2637/25/4 2631/26/4 2630/27/4
f 2638/42/3 2640/19/3 2636/34/3 2634/35/3
f 2633/13/1 2631/39/1 2637/36/1 2641/14/1
f 2632/12/2 2633/13/2 2641/14/2 2639/15/2
f 2646/35/12 2648/34/12 2649/40/12 2647/41/12
f 2652/19/11 2650/42/11 2651/15/11 2653/14/11
f 2647/41/6 2651/15/6 2650/42/6 2646/35/6
f 2653/14/9 2649/40/9 2648/34/9 2652/19/9
f 2647/24/4 2649/25/4 2643/26/4 2642/27/4
f 2650/42/3 2652/19/3 2648/34/3 2646/35/3
f 2645/13/1 2643/39/1 2649/36/1 2653/14/1
f 2644/12/2 2645/13/2 2653/14/2 2651/15/2
f 2658/35/12 2660/34/12 2661/40/12 2659/41/12
f 2664/19/11 2662/42/11 2663/15/11 2665/14/11
f 2659/41/6 2663/15/6 2662/42/6 2658/35/6
f 2665/14/9 2661/40/9 2660/34/9 2664/19/9
f 2659/24/4 2661/25/4 2655/26/4 2654/27/4
f 2662/42/3 2664/19/3 2660/34/3 2658/35/3
f 2657/13/1 2655/39/1 2661/36/1 2665/14/1
f 2656/12/2 2657/13/2 2665/14/2 2663/15/2
f 2670/35/12 2672/34/12 2673/40/12 2671/41/12
f 2676/19/11 2674/42/11 2675/15/11 2677/14/11
f 2671/41/6 2675/15/6 2674/42/6 2670/35/6
f 2677/14/9 2673/40/9 2672/34/9 2676/19/9
f 2671/24/4 2673/25/4 2667/26/4 2666/27/4
f 2674/42/3 2676/19/3 2672/34/3 2670/35/3
f 2669/13/1 2667/39/1 2673/36/1 2677/14/1
f 2668/12/2 2669/13/2 2677/14/2 2675/15/2
f 2683/19/11 2681/17/11 2682/15/11 2684/14/11
f 2685/16/6 2682/15/6 2681/17/6 2686/18/6
f 2684/14/9 2688/21/9 2687/20/9 2683/19/9
f 2678/12/2 2679/13/2 2684/14/2 2682/15/2
f 2681/17/3 2683/19/3 2687/20/3 2686/18/3
f 2679/13/1 2680/22/1 2688/23/1 2684/14/1
f 2694/19/11 2692/17/11 2693/15/11 2695/14/11
f 2696/16/6 2693/15/6 2692/17/6 2697/18/6
f 2695/14/9 2699/21/9 2698/20/9 2694/19/9
f 2689/12/2 2690/13/2 2695/14/2 2693/15/2
f 2692/17/3 2694/19/3 2698/20/3 2697/18/3
f 2690/13/1 2691/22/1 2699/23/1 2695/14/1
f 2703/32/12 2705/33/12 2706/25/12 2704/24/12
f 2709/23/9 2706/36/9 2705/37/9 2710/38/9
f 2704/28/6 2708/29/6 2707/30/6 2703/31/6
f 2704/24/4 2706/25/4 2701/26/4 2700/27/4
f 2707/18/3 2710/20/3 2705/34/3 2703/35/3
f 2702/22/1 2701/39/1 2706/36/1 2709/23/1
f 2714/32/12 2716/33/12 2717/25/12 2715/24/12
f 2720/23/9 2717/36/9 2716/37/9 2721/38/9
f 2715/28/6 2719/29/6 2718/30/6 2714/31/6
f 2715/24/4 2717/25/4 2712/26/4 2711/27/4
f 2718/18/3 2721/20/3 2716/34/3 2714/35/3
f 2713/22/1 2712/39/1 2717/36/1 2720/23/1
f 2743/69/3 2742/70/3 2744/71/3 2745/72/3
f 2739/73/3 2738/74/3 2740/75/3 2741/76/3
f 2735/77/3 2734/78/3 2736/79/3 2737/80/3
f 2747/81/4 2746/82/4 2734/78/4 2735/77/4
f 2748/83/2 2749/84/2 2737/80/2 2736/79/2
f 2751/85/4 2750/86/4 2738/74/4 2739/73/4
f 2752/87/2 2753/88/2 2741/76/2 2740/75/2
f 2755/89/4 2754/90/4 2742/70/4 2743/69/4
f 2756/91/2 2757/92/2 2745/72/2 2744/71/2
f 2739/73/17 2741/76/17 2753/88/17 2751/93/17
f 2743/69/17 2745/72/17 2757/92/17 2755/94/17
f 2735/77/17 2737/80/17 2749/84/17 2747/95/17
f 2754/90/18 2756/96/18 2744/71/18 2742/70/18
f 2750/86/18 2752/97/18 2740/75/18 2738/74/18
f 2746/82/18 2748/98/18 2736/79/18 2734/78/18
f 2726/99/3 2748/98/3 2746/82/3 2733/100/3
f 2724/101/3 2733/102/3 2746/103/3 2747/81/3
f 2732/104/3 2724/105/3 2747/95/3 2749/84/3
f 2748/98/3 2726/99/3 2727/106/3 2750/107/3
f 2749/108/3 2748/83/3 2750/107/3 2751/85/3
f 2732/104/3 2749/108/3 2751/93/3 2731/109/3
f 2728/110/3 2752/97/3 2750/86/3 2727/106/3
f 2730/111/3 2731/109/3 2751/93/3 2753/88/3
f 2752/97/3 2728/110/3 2729/112/3 2754/113/3
f 2753/114/3 2752/87/3 2754/113/3 2755/89/3
f 2730/111/3 2753/114/3 2755/94/3 2725/115/3
f 2723/116/3 2756/96/3 2754/90/3 2729/112/3
f 2725/115/3 2755/94/3 2757/92/3 2722/117/3
f 2757/118/3 2756/91/3 2723/119/3 2722/120/3
f 2758/12/2 2759/13/2 2762/14/2 2760/15/2
f 2763/16/6 2760/15/6 2761/17/6 2764/18/6
f 2767/19/11 2761/17/11 2760/15/11 2762/14/11
f 2761/17/3 2767/19/3 2765/20/3 2764/18/3
f 2762/14/9 2766/21/9 2765/20/9 2767/19/9
f 2759/13/1 2768/22/1 2766/23/1 2762/14/1
f 2771/24/4 2773/25/4 2770/26/4 2769/27/4
f 2771/28/6 2774/29/6 2775/30/6 2772/31/6
f 2772/32/12 2778/33/12 2773/25/12 2771/24/12
f 2775/18/3 2776/20/3 2778/34/3 2772/35/3
f 2777/23/9 2773/36/9 2778/37/9 2776/38/9
f 2779/22/1 2770/39/1 2773/36/1 2777/23/1
f 2780/12/2 2781/13/2 2784/14/2 2782/15/2
f 2785/16/6 2782/15/6 2783/17/6 2786/18/6
f 2789/19/11 2783/17/11 2782/15/11 2784/14/11
f 2783/17/3 2789/19/3 2787/20/3 2786/18/3
f 2784/14/9 2788/21/9 2787/20/9 2789/19/9
f 2781/13/1 2790/22/1 2788/23/1 2784/14/1
f 2793/24/4 2795/25/4 2792/26/4 2791/27/4
f 2793/28/6 2796/29/6 2797/30/6 2794/31/6
f 2794/32/12 2800/33/12 2795/25/12 2793/24/12
f 2797/18/3 2798/20/3 2800/34/3 2794/35/3
f 2799/23/9 2795/36/9 2800/37/9 2798/38/9
f 2801/22/1 2792/39/1 2795/36/1 2799/23/1
f 2804/24/4 2806/25/4 2803/26/4 2802/27/4
f 2804/41/6 2807/15/6 2808/42/6 2805/35/6
f 2805/35/12 2813/34/12 2806/40/12 2804/41/12
f 2812/19/11 2808/42/11 2807/15/11 2809/14/11
f 2810/12/2 2811/13/2 2809/14/2 2807/15/2
f 2811/13/1 2803/39/1 2806/36/1 2809/14/1
f 2809/14/9 2806/40/9 2813/34/9 2812/19/9
f 2808/42/3 2812/19/3 2813/34/3 2805/35/3
f 2816/24/4 2818/25/4 2815/26/4 2814/27/4
f 2816/41/6 2819/15/6 2820/42/6 2817/35/6
f 2817/35/12 2825/34/12 2818/40/12 2816/41/12
f 2824/19/11 2820/42/11 2819/15/11 2821/14/11
f 2822/12/2 2823/13/2 2821/14/2 2819/15/2
f 2823/13/1 2815/39/1 2818/36/1 2821/14/1
f 2821/14/9 2818/40/9 2825/34/9 2824/19/9
f 2820/42/3 2824/19/3 2825/34/3 2817/35/3
f 2828/24/4 2830/25/4 2827/26/4 2826/27/4
f 2828/41/6 2831/15/6 2832/42/6 2829/35/6
f 2829/35/12 2837/34/12 2830/40/12 2828/41/12
f 2836/19/11 2832/42/11 2831/15/11 2833/14/11
f 2834/12/2 2835/13/2 2833/14/2 2831/15/2
f 2835/13/1 2827/39/1 2830/36/1 2833/14/1
f 2833/14/9 2830/40/9 2837/34/9 2836/19/9
f 2832/42/3 2836/19/3 2837/34/3 2829/35/3
f 2840/24/4 2842/25/4 2839/26/4 2838/27/4
f 2840/41/6 2843/15/6 2844/42/6 2841/35/6
f 2841/35/12 2849/34/12 2842/40/12 2840/41/12
f 2848/19/11 2844/42/11 2843/15/11 2845/14/11
f 2846/12/2 2847/13/2 2845/14/2 2843/15/2
f 2847/13/1 2839/39/1 2842/36/1 2845/14/1
f 2845/14/9 2842/40/9 2849/34/9 2848/19/9
f 2844/42/3 2848/19/3 2849/34/3 2841/35/3
f 2871/69/3 2870/70/3 2872/71/3 2873/72/3
f 2867/73/3 2866/74/3 2868/75/3 2869/76/3
f 2863/77/3 2862/78/3 2864/79/3 2865/80/3
f 2875/81/4 2874/82/4 2862/78/4 2863/77/4
f 2876/83/2 2877/84/2 2865/80/2 2864/79/2
f 2879/85/4 2878/86/4 2866/74/4 2867/73/4
f 2880/87/2 2881/88/2 2869/76/2 2868/75/2
f 2883/89/4 2882/90/4 2870/70/4 2871/69/4
f 2884/91/2 2885/92/2 2873/72/2 2872/71/2
f 2867/73/17 2869/76/17 2881/88/17 2879/93/17
f 2871/69/17 2873/72/17 2885/92/17 2883/94/17
f 2863/77/17 2865/80/17 2877/84/17 2875/95/17
f 2882/90/18 2884/96/18 2872/71/18 2870/70/18
f 2878/86/18 2880/97/18 2868/75/18 2866/74/18
f 2874/82/18 2876/98/18 2864/79/18 2862/78/18
f 2854/99/3 2876/98/3 2874/82/3 2861/100/3
f 2852/101/3 2861/102/3 2874/103/3 2875/81/3
f 2860/104/3 2852/105/3 2875/95/3 2877/84/3
f 2876/98/3 2854/99/3 2855/106/3 2878/107/3
f 2877/108/3 2876/83/3 2878/107/3 2879/85/3
f 2860/104/3 2877/108/3 2879/93/3 2859/109/3
f 2856/110/3 2880/97/3 2878/86/3 2855/106/3
f 2858/111/3 2859/109/3 2879/93/3 2881/88/3
f 2880/97/3 2856/110/3 2857/112/3 2882/113/3
f 2881/114/3 2880/87/3 2882/113/3 2883/89/3
f 2858/111/3 2881/114/3 2883/94/3 2853/115/3
f 2851/116/3 2884/96/3 2882/90/3 2857/112/3
f 2853/115/3 2883/94/3 2885/92/3 2850/117/3
f 2885/118/3 2884/91/3 2851/119/3 2850/120/3
f 2886/12/2 2887/13/2 2890/14/2 2888/15/2
f 2891/16/6 2888/15/6 2889/17/6 2892/18/6
f 2895/19/11 2889/17/11 2888/15/11 2890/14/11
f 2889/17/3 2895/19/3 2893/20/3 2892/18/3
f 2890/14/9 2894/21/9 2893/20/9 2895/19/9
f 2887/13/1 2896/22/1 2894/23/1 2890/14/1
f 2899/24/4 2901/25/4 2898/26/4 2897/27/4
f 2899/28/6 2902/29/6 2903/30/6 2900/31/6
f 2900/32/12 2906/33/12 2901/25/12 2899/24/12
f 2903/18/3 2904/20/3 2906/34/3 2900/35/3
f 2905/23/9 2901/36/9 2906/37/9 2904/38/9
f 2907/22/1 2898/39/1 2901/36/1 2905/23/1
f 2908/12/2 2909/13/2 2912/14/2 2910/15/2
f 2913/16/6 2910/15/6 2911/17/6 2914/18/6
f 2917/19/11 2911/17/11 2910/15/11 2912/14/11
f 2911/17/3 2917/19/3 2915/20/3 2914/18/3
f 2912/14/9 2916/21/9 2915/20/9 2917/19/9
f 2909/13/1 2918/22/1 2916/23/1 2912/14/1
f 2921/24/4 2923/25/4 2920/26/4 2919/27/4
f 2921/28/6 2924/29/6 2925/30/6 2922/31/6
f 2922/32/12 2928/33/12 2923/25/12 2921/24/12
f 2925/18/3 2926/20/3 2928/34/3 2922/35/3
f 2927/23/9 2923/36/9 2928/37/9 2926/38/9
f 2929/22/1 2920/39/1 2923/36/1 2927/23/1
f 2932/24/4 2934/25/4 2931/26/4 2930/27/4
f 2932/41/6 2935/15/6 2936/42/6 2933/35/6
f 2933/35/12 2941/34/12 2934/40/12 2932/41/12
f 2940/19/11 2936/42/11 2935/15/11 2937/14/11
f 2938/12/2 2939/13/2 2937/14/2 2935/15/2
f 2939/13/1 2931/39/1 2934/36/1 2937/14/1
f 2937/14/9 2934/40/9 2941/34/9 2940/19/9
f 2936/42/3 2940/19/3 2941/34/3 2933/35/3
f 2944/24/4 2946/25/4 2943/26/4 2942/27/4
f 2944/41/6 2947/15/6 2948/42/6 2945/35/6
f 2945/35/12 2953/34/12 2946/40/12 2944/41/12
f 2952/19/11 2948/42/11 2947/15/11 2949/14/11
f 2950/12/2 2951/13/2 2949/14/2 2947/15/2
f 2951/13/1 2943/39/1 2946/36/1 2949/14/1
f 2949/14/9 2946/40/9 2953/34/9 2952/19/9
f 2948/42/3 2952/19/3 2953/34/3 2945/35/3
f 2956/24/4 2958/25/4 2955/26/4 2954/27/4
f 2956/41/6 2959/15/6 2960/42/6 2957/35/6
f 2957/35/12 2965/34/12 2958/40/12 2956/41/12
f 2964/19/11 2960/42/11 2959/15/11 2961/14/11
f 2962/12/2 2963/13/2 2961/14/2 2959/15/2
f 2963/13/1 2955/39/1 2958/36/1 2961/14/1
f 2961/14/9 2958/40/9 2965/34/9 2964/19/9
f 2960/42/3 2964/19/3 2965/34/3 2957/35/3
f 2968/24/4 2970/25/4 2967/26/4 2966/27/4
f 2968/41/6 2971/15/6 2972/42/6 2969/35/6
f 2969/35/12 2977/34/12 2970/40/12 2968/41/12
f 2976/19/11 2972/42/11 2971/15/11 2973/14/11
f 2974/12/2 2975/13/2 2973/14/2 2971/15/2
f 2975/13/1 2967/39/1 2970/36/1 2973/14/1
f 2973/14/9 2970/40/9 2977/34/9 2976/19/9
f 2972/42/3 2976/19/3 2977/34/3 2969/35/3
f 3084/121/1 3077/122/1 2981/8/1 3080/123/1
f 2986/35/12 2988/34/12 2989/40/12 2987/41/12
f 2992/19/11 2990/42/11 2991/15/11 2993/14/11
f 2987/41/6 2991/15/6 2990/42/6 2986/35/6
f 2993/14/9 2989/40/9 2988/34/9 2992/19/9
f 2987/24/4 2989/25/4 2983/26/4 2982/27/4
f 2990/42/3 2992/19/3 2988/34/3 2986/35/3
f 2985/13/1 2983/39/1 2989/36/1 2993/14/1
f 2984/12/2 2985/13/2 2993/14/2 2991/15/2
f 2998/35/12 3000/34/12 3001/40/12 2999/41/12
f 3004/19/11 3002/42/11 3003/15/11 3005/14/11
f 2999/41/6 3003/15/6 3002/42/6 2998/35/6
f 3005/14/9 3001/40/9 3000/34/9 3004/19/9
f 2999/24/4 3001/25/4 2995/26/4 2994/27/4
f 3002/42/3 3004/19/3 3000/34/3 2998/35/3
f 2997/13/1 2995/39/1 3001/36/1 3005/14/1
f 2996/12/2 2997/13/2 3005/14/2 3003/15/2
f 3010/35/12 3012/34/12 3013/40/12 3011/41/12
f 3016/19/11 3014/42/11 3015/15/11 3017/14/11
f 3011/41/6 3015/15/6 3014/42/6 3010/35/6
f 3017/14/9 3013/40/9 3012/34/9 3016/19/9
f 3011/24/4 3013/25/4 3007/26/4 3006/27/4
f 3014/42/3 3016/19/3 3012/34/3 3010/35/3
f 3009/13/1 3007/39/1 3013/36/1 3017/14/1
f 3008/12/2 3009/13/2 3017/14/2 3015/15/2
f 3022/35/12 3024/34/12 3025/40/12 3023/41/12
f 3028/19/11 3026/42/11 3027/15/11 3029/14/11
f 3023/41/6 3027/15/6 3026/42/6 3022/35/6
f 3029/14/9 3025/40/9 3024/34/9 3028/19/9
f 3023/24/4 3025/25/4 3019/26/4 3018/27/4
f 3026/42/3 3028/19/3 3024/34/3 3022/35/3
f 3021/13/1 3019/39/1 3025/36/1 3029/14/1
f 3020/12/2 3021/13/2 3029/14/2 3027/15/2
f 3035/19/11 3033/17/11 3034/15/11 3036/14/11
f 3037/16/6 3034/15/6 3033/17/6 3038/18/6
f 3036/14/9 3040/21/9 3039/20/9 3035/19/9
f 3030/12/2 3031/13/2 3036/14/2 3034/15/2
f 3033/17/3 3035/19/3 3039/20/3 3038/18/3
f 3031/13/1 3032/22/1 3040/23/1 3036/14/1
f 3046/19/11 3044/17/11 3045/15/11 3047/14/11
f 3048/16/6 3045/15/6 3044/17/6 3049/18/6
f 3047/14/9 3051/21/9 3050/20/9 3046/19/9
f 3041/12/2 3042/13/2 3047/14/2 3045/15/2
f 3044/17/3 3046/19/3 3050/20/3 3049/18/3
f 3042/13/1 3043/22/1 3051/23/1 3047/14/1
f 3055/32/12 3057/33/12 3058/25/12 3056/24/12
f 3061/23/9 3058/36/9 3057/37/9 3062/38/9
f 3056/28/6 3060/29/6 3059/30/6 3055/31/6
f 3056/24/4 3058/25/4 3053/26/4 3052/27/4
f 3059/18/3 3062/20/3 3057/34/3 3055/35/3
f 3054/22/1 3053/39/1 3058/36/1 3061/23/1
f 3066/32/12 3068/33/12 3069/25/12 3067/24/12
f 3072/23/9 3069/36/9 3068/37/9 3073/38/9
f 3067/28/6 3071/29/6 3070/30/6 3066/31/6
f 3067/24/4 3069/25/4 3064/26/4 3063/27/4
f 3070/18/3 3073/20/3 3068/34/3 3066/35/3
f 3065/22/1 3064/39/1 3069/36/1 3072/23/1
f 3079/124/1 2979/2/1 3076/125/1 3082/126/1
f 3075/127/3 3083/111/3 3085/110/3 3074/128/3
f 3085/110/2 3083/111/2 3087/111/2 3089/110/2
f 3084/121/19 3085/110/19 3089/110/19 3088/121/19
f 3082/126/3 3076/125/3 3077/122/3 3084/121/3
f 3083/111/1 3082/126/1 3086/126/1 3087/111/1
f 3084/121/4 3088/121/4 3086/126/4 3082/126/4
f 3087/111/3 3086/126/3 3088/121/3 3089/110/3
f 2978/1/5 3078/129/5 3083/111/5 3075/127/5
f 3078/129/3 3079/124/3 3082/126/3 3083/111/3
f 3074/128/1 3085/110/1 3081/130/1 2980/9/1
f 3085/110/3 3084/121/3 3080/123/3 3081/130/3
f 3111/69/3 3110/70/3 3112/71/3 3113/72/3
f 3107/73/3 3106/74/3 3108/75/3 3109/76/3
f 3103/77/3 3102/78/3 3104/79/3 3105/80/3
f 3115/81/4 3114/82/4 3102/78/4 3103/77/4
f 3116/83/2 3117/84/2 3105/80/2 3104/79/2
f 3119/85/4 3118/86/4 3106/74/4 3107/73/4
f 3120/87/2 3121/88/2 3109/76/2 3108/75/2
f 3123/89/4 3122/90/4 3110/70/4 3111/69/4
f 3124/91/2 3125/92/2 3113/72/2 3112/71/2
f 3107/73/17 3109/76/17 3121/88/17 3119/93/17
f 3111/69/17 3113/72/17 3125/92/17 3123/94/17
f 3103/77/17 3105/80/17 3117/84/17 3115/95/17
f 3122/90/18 3124/96/18 3112/71/18 3110/70/18
f 3118/86/18 3120/97/18 3108/75/18 3106/74/18
f 3114/82/18 3116/98/18 3104/79/18 3102/78/18
f 3094/99/3 3116/98/3 3114/82/3 3101/100/3
f 3092/101/3 3101/102/3 3114/103/3 3115/81/3
f 3100/104/3 3092/105/3 3115/95/3 3117/84/3
f 3116/98/3 3094/99/3 3095/106/3 3118/107/3
f 3117/108/3 3116/83/3 3118/107/3 3119/85/3
f 3100/104/3 3117/108/3 3119/93/3 3099/109/3
f 3096/110/3 3120/97/3 3118/86/3 3095/106/3
f 3098/111/3 3099/109/3 3119/93/3 3121/88/3
f 3120/97/3 3096/110/3 3097/112/3 3122/113/3
f 3121/114/3 3120/87/3 3122/113/3 3123/89/3
f 3098/111/3 3121/114/3 3123/94/3 3093/115/3
f 3091/116/3 3124/96/3 3122/90/3 3097/112/3
f 3093/115/3 3123/94/3 3125/92/3 3090/117/3
f 3125/118/3 3124/91/3 3091/119/3 3090/120/3
f 3126/12/2 3127/13/2 3130/14/2 3128/15/2
f 3131/16/6 3128/15/6 3129/17/6 3132/18/6
f 3135/19/11 3129/17/11 3128/15/11 3130/14/11
f 3129/17/3 3135/19/3 3133/20/3 3132/18/3
f 3130/14/9 3134/21/9 3133/20/9 3135/19/9
f 3127/13/1 3136/22/1 3134/23/1 3130/14/1
f 3139/24/4 3141/25/4 3138/26/4 3137/27/4
f 3139/28/6 3142/29/6 3143/30/6 3140/31/6
f 3140/32/12 3146/33/12 3141/25/12 3139/24/12
f 3143/18/3 3144/20/3 3146/34/3 3140/35/3
f 3145/23/9 3141/36/9 3146/37/9 3144/38/9
f 3147/22/1 3138/39/1 3141/36/1 3145/23/1
f 3148/12/2 3149/13/2 3152/14/2 3150/15/2
f 3153/16/6 3150/15/6 3151/17/6 3154/18/6
f 3157/19/11 3151/17/11 3150/15/11 3152/14/11
f 3151/17/3 3157/19/3 3155/20/3 3154/18/3
f 3152/14/9 3156/21/9 3155/20/9 3157/19/9
f 3149/13/1 3158/22/1 3156/23/1 3152/14/1
f 3161/24/4 3163/25/4 3160/26/4 3159/27/4
f 3161/28/6 3164/29/6 3165/30/6 3162/31/6
f 3162/32/12 3168/33/12 3163/25/12 3161/24/12
f 3165/18/3 3166/20/3 3168/34/3 3162/35/3
f 3167/23/9 3163/36/9 3168/37/9 3166/38/9
f 3169/22/1 3160/39/1 3163/36/1 3167/23/1
f 3172/24/4 3174/25/4 3171/26/4 3170/27/4
f 3172/41/6 3175/15/6 3176/42/6 3173/35/6
f 3173/35/12 3181/34/12 3174/40/12 3172/41/12
f 3180/19/11 3176/42/11 3175/15/11 3177/14/11
f 3178/12/2 3179/13/2 3177/14/2 3175/15/2
f 3179/13/1 3171/39/1 3174/36/1 3177/14/1
f 3177/14/9 3174/40/9 3181/34/9 3180/19/9
f 3176/42/3 3180/19/3 3181/34/3 3173/35/3
f 3184/24/4 3186/25/4 3183/26/4 3182/27/4
f 3184/41/6 3187/15/6 3188/42/6 3185/35/6
f 3185/35/12 3193/34/12 3186/40/12 3184/41/12
f 3192/19/11 3188/42/11 3187/15/11 3189/14/11
f 3190/12/2 3191/13/2 3189/14/2 3187/15/2
f 3191/13/1 3183/39/1 3186/36/1 3189/14/1
f 3189/14/9 3186/40/9 3193/34/9 3192/19/9
f 3188/42/3 3192/19/3 3193/34/3 3185/35/3
f 3196/24/4 3198/25/4 3195/26/4 3194/27/4
f 3196/41/6 3199/15/6 3200/42/6 3197/35/6
f 3197/35/12 3205/34/12 3198/40/12 3196/41/12
f 3204/19/11 3200/42/11 3199/15/11 3201/14/11
f 3202/12/2 3203/13/2 3201/14/2 3199/15/2
f 3203/13/1 3195/39/1 3198/36/1 3201/14/1
f 3201/14/9 3198/40/9 3205/34/9 3204/19/9
f 3200/42/3 3204/19/3 3205/34/3 3197/35/3
f 3208/24/4 3210/25/4 3207/26/4 3206/27/4
f 3208/41/6 3211/15/6 3212/42/6 3209/35/6
f 3209/35/12 3217/34/12 3210/40/12 3208/41/12
f 3216/19/11 3212/42/11 3211/15/11 3213/14/11
f 3214/12/2 3215/13/2 3213/14/2 3211/15/2
f 3215/13/1 3207/39/1 3210/36/1 3213/14/1
f 3213/14/9 3210/40/9 3217/34/9 3216/19/9
f 3212/42/3 3216/19/3 3217/34/3 3209/35/3
f 3239/69/3 3238/70/3 3240/71/3 3241/72/3
f 3235/73/3 3234/74/3 3236/75/3 3237/76/3
f 3231/77/3 3230/78/3 3232/79/3 3233/80/3
f 3243/81/4 3242/82/4 3230/78/4 3231/77/4
f 3244/83/2 3245/84/2 3233/80/2 3232/79/2
f 3247/85/4 3246/86/4 3234/74/4 3235/73/4
f 3248/87/2 3249/88/2 3237/76/2 3236/75/2
f 3251/89/4 3250/90/4 3238/70/4 3239/69/4
f 3252/91/2 3253/92/2 3241/72/2 3240/71/2
f 3235/73/17 3237/76/17 3249/88/17 3247/93/17
f 3239/69/17 3241/72/17 3253/92/17 3251/94/17
f 3231/77/17 3233/80/17 3245/84/17 3243/95/17
f 3250/90/18 3252/96/18 3240/71/18 3238/70/18
f 3246/86/18 3248/97/18 3236/75/18 3234/74/18
f 3242/82/18 3244/98/18 3232/79/18 3230/78/18
f 3222/99/3 3244/98/3 3242/82/3 3229/100/3
f 3220/101/3 3229/102/3 3242/103/3 3243/81/3
f 3228/104/3 3220/105/3 3243/95/3 3245/84/3
f 3244/98/3 3222/99/3 3223/106/3 3246/107/3
f 3245/108/3 3244/83/3 3246/107/3 3247/85/3
f 3228/104/3 3245/108/3 3247/93/3 3227/109/3
f 3224/110/3 3248/97/3 3246/86/3 3223/106/3
f 3226/111/3 3227/109/3 3247/93/3 3249/88/3
f 3248/97/3 3224/110/3 3225/112/3 3250/113/3
f 3249/114/3 3248/87/3 3250/113/3 3251/89/3
f 3226/111/3 3249/114/3 3251/94/3 3221/115/3
f 3219/116/3 3252/96/3 3250/90/3 3225/112/3
f 3221/115/3 3251/94/3 3253/92/3 3218/117/3
f 3253/118/3 3252/91/3 3219/119/3 3218/120/3
f 3254/12/2 3255/13/2 3258/14/2 3256/15/2
f 3259/16/6 3256/15/6 3257/17/6 3260/18/6
f 3263/19/11 3257/17/11 3256/15/11 3258/14/11
f 3257/17/3 3263/19/3 3261/20/3 3260/18/3
f 3258/14/9 3262/21/9 3261/20/9 3263/19/9
f 3255/13/1 3264/22/1 3262/23/1 3258/14/1
f 3267/24/4 3269/25/4 3266/26/4 3265/27/4
f 3267/28/6 3270/29/6 3271/30/6 3268/31/6
f 3268/32/12 3274/33/12 3269/25/12 3267/24/12
f 3271/18/3 3272/20/3 3274/34/3 3268/35/3
f 3273/23/9 3269/36/9 3274/37/9 3272/38/9
f 3275/22/1 3266/39/1 3269/36/1 3273/23/1
f 3276/12/2 3277/13/2 3280/14/2 3278/15/2
f 3281/16/6 3278/15/6 3279/17/6 3282/18/6
f 3285/19/11 3279/17/11 3278/15/11 3280/14/11
f 3279/17/3 3285/19/3 3283/20/3 3282/18/3
f 3280/14/9 3284/21/9 3283/20/9 3285/19/9
f 3277/13/1 3286/22/1 3284/23/1 3280/14/1
f 3289/24/4 3291/25/4 3288/26/4 3287/27/4
f 3289/28/6 3292/29/6 3293/30/6 3290/31/6
f 3290/32/12 3296/33/12 3291/25/12 3289/24/12
f 3293/18/3 3294/20/3 3296/34/3 3290/35/3
f 3295/23/9 3291/36/9 3296/37/9 3294/38/9
f 3297/22/1 3288/39/1 3291/36/1 3295/23/1
f 3300/24/4 3302/25/4 3299/26/4 3298/27/4
f 3300/41/6 3303/15/6 3304/42/6 3301/35/6
f 3301/35/12 3309/34/12 3302/40/12 3300/41/12
f 3308/19/11 3304/42/11 3303/15/11 3305/14/11
f 3306/12/2 3307/13/2 3305/14/2 3303/15/2
f 3307/13/1 3299/39/1 3302/36/1 3305/14/1
f 3305/14/9 3302/40/9 3309/34/9 3308/19/9
f 3304/42/3 3308/19/3 3309/34/3 3301/35/3
f 3312/24/4 3314/25/4 3311/26/4 3310/27/4
f 3312/41/6 3315/15/6 3316/42/6 3313/35/6
f 3313/35/12 3321/34/12 3314/40/12 3312/41/12
f 3320/19/11 3316/42/11 3315/15/11 3317/14/11
f 3318/12/2 3319/13/2 3317/14/2 3315/15/2
f 3319/13/1 3311/39/1 3314/36/1 3317/14/1
f 3317/14/9 3314/40/9 3321/34/9 3320/19/9
f 3316/42/3 3320/19/3 3321/34/3 3313/35/3
f 3324/24/4 3326/25/4 3323/26/4 3322/27/4
f 3324/41/6 3327/15/6 3328/42/6 3325/35/6
f 3325/35/12 3333/34/12 3326/40/12 3324/41/12
f 3332/19/11 3328/42/11 3327/15/11 3329/14/11
f 3330/12/2 3331/13/2 3329/14/2 3327/15/2
f 3331/13/1 3323/39/1 3326/36/1 3329/14/1
f 3329/14/9 3326/40/9 3333/34/9 3332/19/9
f 3328/42/3 3332/19/3 3333/34/3 3325/35/3
f 3336/24/4 3338/25/4 3335/26/4 3334/27/4
f 3336/41/6 3339/15/6 3340/42/6 3337/35/6
f 3337/35/12 3345/34/12 3338/40/12 3336/41/12
f 3344/19/11 3340/42/11 3339/15/11 3341/14/11
f 3342/12/2 3343/13/2 3341/14/2 3339/15/2
f 3343/13/1 3335/39/1 3338/36/1 3341/14/1
f 3341/14/9 3338/40/9 3345/34/9 3344/19/9
f 3340/42/3 3344/19/3 3345/34/3 3337/35/3
f 3367/69/3 3366/70/3 3368/71/3 3369/72/3
f 3363/73/3 3362/74/3 3364/75/3 3365/76/3
f 3359/77/3 3358/78/3 3360/79/3 3361/80/3
f 3371/81/4 3370/82/4 3358/78/4 3359/77/4
f 3372/83/2 3373/84/2 3361/80/2 3360/79/2
f 3375/85/4 3374/86/4 3362/74/4 3363/73/4
f 3376/87/2 3377/88/2 3365/76/2 3364/75/2
f 3379/89/4 3378/90/4 3366/70/4 3367/69/4
f 3380/91/2 3381/92/2 3369/72/2 3368/71/2
f 3363/73/17 3365/76/17 3377/88/17 3375/93/17
f 3367/69/17 3369/72/17 3381/92/17 3379/94/17
f 3359/77/17 3361/80/17 3373/84/17 3371/95/17
f 3378/90/18 3380/96/18 3368/71/18 3366/70/18
f 3374/86/18 3376/97/18 3364/75/18 3362/74/18
f 3370/82/18 3372/98/18 3360/79/18 3358/78/18
f 3350/99/3 3372/98/3 3370/82/3 3357/100/3
f 3348/101/3 3357/102/3 3370/103/3 3371/81/3
f 3356/104/3 3348/105/3 3371/95/3 3373/84/3
f 3372/98/3 3350/99/3 3351/106/3 3374/107/3
f 3373/108/3 3372/83/3 3374/107/3 3375/85/3
f 3356/104/3 3373/108/3 3375/93/3 3355/109/3
f 3352/110/3 3376/97/3 3374/86/3 3351/106/3
f 3354/111/3 3355/109/3 3375/93/3 3377/88/3
f 3376/97/3 3352/110/3 3353/112/3 3378/113/3
f 3377/114/3 3376/87/3 3378/113/3 3379/89/3
f 3354/111/3 3377/114/3 3379/94/3 3349/115/3
f 3347/116/3 3380/96/3 3378/90/3 3353/112/3
f 3349/115/3 3379/94/3 3381/92/3 3346/117/3
f 3381/118/3 3380/91/3 3347/119/3 3346/120/3
f 3382/12/2 3383/13/2 3386/14/2 3384/15/2
f 3387/16/6 3384/15/6 3385/17/6 3388/18/6
f 3391/19/11 3385/17/11 3384/15/11 3386/14/11
f 3385/17/3 3391/19/3 3389/20/3 3388/18/3
f 3386/14/9 3390/21/9 3389/20/9 3391/19/9
f 3383/13/1 3392/22/1 3390/23/1 3386/14/1
f 3395/24/4 3397/25/4 3394/26/4 3393/27/4
f 3395/28/6 3398/29/6 3399/30/6 3396/31/6
f 3396/32/12 3402/33/12 3397/25/12 3395/24/12
f 3399/18/3 3400/20/3 3402/34/3 3396/35/3
f 3401/23/9 3397/36/9 3402/37/9 3400/38/9
f 3403/22/1 3394/39/1 3397/36/1 3401/23/1
f 3404/12/2 3405/13/2 3408/14/2 3406/15/2
f 3409/16/6 3406/15/6 3407/17/6 3410/18/6
f 3413/19/11 3407/17/11 3406/15/11 3408/14/11
f 3407/17/3 3413/19/3 3411/20/3 3410/18/3
f 3408/14/9 3412/21/9 3411/20/9 3413/19/9
f 3405/13/1 3414/22/1 3412/23/1 3408/14/1
f 3417/24/4 3419/25/4 3416/26/4 3415/27/4
f 3417/28/6 3420/29/6 3421/30/6 3418/31/6
f 3418/32/12 3424/33/12 3419/25/12 3417/24/12
f 3421/18/3 3422/20/3 3424/34/3 3418/35/3
f 3423/23/9 3419/36/9 3424/37/9 3422/38/9
f 3425/22/1 3416/39/1 3419/36/1 3423/23/1
f 3428/24/4 3430/25/4 3427/26/4 3426/27/4
f 3428/41/6 3431/15/6 3432/42/6 3429/35/6
f 3429/35/12 3437/34/12 3430/40/12 3428/41/12
f 3436/19/11 3432/42/11 3431/15/11 3433/14/11
f 3434/12/2 3435/13/2 3433/14/2 3431/15/2
f 3435/13/1 3427/39/1 3430/36/1 3433/14/1
f 3433/14/9 3430/40/9 3437/34/9 3436/19/9
f 3432/42/3 3436/19/3 3437/34/3 3429/35/3
f 3440/24/4 3442/25/4 3439/26/4 3438/27/4
f 3440/41/6 3443/15/6 3444/42/6 3441/35/6
f 3441/35/12 3449/34/12 3442/40/12 3440/41/12
f 3448/19/11 3444/42/11 3443/15/11 3445/14/11
f 3446/12/2 3447/13/2 3445/14/2 3443/15/2
f 3447/13/1 3439/39/1 3442/36/1 3445/14/1
f 3445/14/9 3442/40/9 3449/34/9 3448/19/9
f 3444/42/3 3448/19/3 3449/34/3 3441/35/3
f 3452/24/4 3454/25/4 3451/26/4 3450/27/4
f 3452/41/6 3455/15/6 3456/42/6 3453/35/6
f 3453/35/12 3461/34/12 3454/40/12 3452/41/12
f 3460/19/11 3456/42/11 3455/15/11 3457/14/11
f 3458/12/2 3459/13/2 3457/14/2 3455/15/2
f 3459/13/1 3451/39/1 3454/36/1 3457/14/1
f 3457/14/9 3454/40/9 3461/34/9 3460/19/9
f 3456/42/3 3460/19/3 3461/34/3 3453/35/3
f 3464/24/4 3466/25/4 3463/26/4 3462/27/4
f 3464/41/6 3467/15/6 3468/42/6 3465/35/6
f 3465/35/12 3473/34/12 3466/40/12 3464/41/12
f 3472/19/11 3468/42/11 3467/15/11 3469/14/11
f 3470/12/2 3471/13/2 3469/14/2 3467/15/2
f 3471/13/1 3463/39/1 3466/36/1 3469/14/1
f 3469/14/9 3466/40/9 3473/34/9 3472/19/9
f 3468/42/3 3472/19/3 3473/34/3 3465/35/3
f 3474/1/3 3475/2/3 3477/8/3 3476/9/3
f 3482/35/12 3484/34/12 3485/40/12 3483/41/12
f 3488/19/11 3486/42/11 3487/15/11 3489/14/11
f 3483/41/6 3487/15/6 3486/42/6 3482/35/6
f 3489/14/9 3485/40/9 3484/34/9 3488/19/9
f 3483/24/4 3485/25/4 3479/26/4 3478/27/4
f 3486/42/3 3488/19/3 3484/34/3 3482/35/3
f 3481/13/1 3479/39/1 3485/36/1 3489/14/1
f 3480/12/2 3481/13/2 3489/14/2 3487/15/2
f 3494/35/12 3496/34/12 3497/40/12 3495/41/12
f 3500/19/11 3498/42/11 3499/15/11 3501/14/11
f 3495/41/6 3499/15/6 3498/42/6 3494/35/6
f 3501/14/9 3497/40/9 3496/34/9 3500/19/9
f 3495/24/4 3497/25/4 3491/26/4 3490/27/4
f 3498/42/3 3500/19/3 3496/34/3 3494/35/3
f 3493/13/1 3491/39/1 3497/36/1 3501/14/1
f 3492/12/2 3493/13/2 3501/14/2 3499/15/2
f 3506/35/12 3508/34/12 3509/40/12 3507/41/12
f 3512/19/11 3510/42/11 3511/15/11 3513/14/11
f 3507/41/6 3511/15/6 3510/42/6 3506/35/6
f 3513/14/9 3509/40/9 3508/34/9 3512/19/9
f 3507/24/4 3509/25/4 3503/26/4 3502/27/4
f 3510/42/3 3512/19/3 3508/34/3 3506/35/3
f 3505/13/1 3503/39/1 3509/36/1 3513/14/1
f 3504/12/2 3505/13/2 3513/14/2 3511/15/2
f 3518/35/12 3520/34/12 3521/40/12 3519/41/12
f 3524/19/11 3522/42/11 3523/15/11 3525/14/11
f 3519/41/6 3523/15/6 3522/42/6 3518/35/6
f 3525/14/9 3521/40/9 3520/34/9 3524/19/9
f 3519/24/4 3521/25/4 3515/26/4 3514/27/4
f 3522/42/3 3524/19/3 3520/34/3 3518/35/3
f 3517/13/1 3515/39/1 3521/36/1 3525/14/1
f 3516/12/2 3517/13/2 3525/14/2 3523/15/2
f 3531/19/11 3529/17/11 3530/15/11 3532/14/11
f 3533/16/6 3530/15/6 3529/17/6 3534/18/6
f 3532/14/9 3536/21/9 3535/20/9 3531/19/9
f 3526/12/2 3527/13/2 3532/14/2 3530/15/2
f 3529/17/3 3531/19/3 3535/20/3 3534/18/3
f 3527/13/1 3528/22/1 3536/23/1 3532/14/1
f 3542/19/11 3540/17/11 3541/15/11 3543/14/11
f 3544/16/6 3541/15/6 3540/17/6 3545/18/6
f 3543/14/9 3547/21/9 3546/20/9 3542/19/9
f 3537/12/2 3538/13/2 3543/14/2 3541/15/2
f 3540/17/3 3542/19/3 3546/20/3 3545/18/3
f 3538/13/1 3539/22/1 3547/23/1 3543/14/1
f 3551/32/12 3553/33/12 3554/25/12 3552/24/12
f 3557/23/9 3554/36/9 3553/37/9 3558/38/9
f 3552/28/6 3556/29/6 3555/30/6 3551/31/6
f 3552/24/4 3554/25/4 3549/26/4 3548/27/4
f 3555/18/3 3558/20/3 3553/34/3 3551/35/3
f 3550/22/1 3549/39/1 3554/36/1 3557/23/1
f 3562/32/12 3564/33/12 3565/25/12 3563/24/12
f 3568/23/9 3565/36/9 3564/37/9 3569/38/9
f 3563/28/6 3567/29/6 3566/30/6 3562/31/6
f 3563/24/4 3565/25/4 3560/26/4 3559/27/4
f 3566/18/3 3569/20/3 3564/34/3 3562/35/3
f 3561/22/1 3560/39/1 3565/36/1 3568/23/1
f 3591/69/3 3590/70/3 3592/71/3 3593/72/3
f 3587/73/3 3586/74/3 3588/75/3 3589/76/3
f 3583/77/3 3582/78/3 3584/79/3 3585/80/3
f 3595/81/4 3594/82/4 3582/78/4 3583/77/4
f 3596/83/2 3597/84/2 3585/80/2 3584/79/2
f 3599/85/4 3598/86/4 3586/74/4 3587/73/4
f 3600/87/2 3601/88/2 3589/76/2 3588/75/2
f 3603/89/4 3602/90/4 3590/70/4 3591/69/4
f 3604/91/2 3605/92/2 3593/72/2 3592/71/2
f 3587/73/17 3589/76/17 3601/88/17 3599/93/17
f 3591/69/17 3593/72/17 3605/92/17 3603/94/17
f 3583/77/17 3585/80/17 3597/84/17 3595/95/17
f 3602/90/18 3604/96/18 3592/71/18 3590/70/18
f 3598/86/18 3600/97/18 3588/75/18 3586/74/18
f 3594/82/18 3596/98/18 3584/79/18 3582/78/18
f 3574/99/3 3596/98/3 3594/82/3 3581/100/3
f 3572/101/3 3581/102/3 3594/103/3 3595/81/3
f 3580/104/3 3572/105/3 3595/95/3 3597/84/3
f 3596/98/3 3574/99/3 3575/106/3 3598/107/3
f 3597/108/3 3596/83/3 3598/107/3 3599/85/3
f 3580/104/3 3597/108/3 3599/93/3 3579/109/3
f 3576/110/3 3600/97/3 3598/86/3 3575/106/3
f 3578/111/3 3579/109/3 3599/93/3 3601/88/3
f 3600/97/3 3576/110/3 3577/112/3 3602/113/3
f 3601/114/3 3600/87/3 3602/113/3 3603/89/3
f 3578/111/3 3601/114/3 3603/94/3 3573/115/3
f 3571/116/3 3604/96/3 3602/90/3 3577/112/3
f 3573/115/3 3603/94/3 3605/92/3 3570/117/3
f 3605/118/3 3604/91/3 3571/119/3 3570/120/3
f 3606/12/2 3607/13/2 3610/14/2 3608/15/2
f 3611/16/6 3608/15/6 3609/17/6 3612/18/6
f 3615/19/11 3609/17/11 3608/15/11 3610/14/11
f 3609/17/3 3615/19/3 3613/20/3 3612/18/3
f 3610/14/9 3614/21/9 3613/20/9 3615/19/9
f 3607/13/1 3616/22/1 3614/23/1 3610/14/1
f 3619/24/4 3621/25/4 3618/26/4 3617/27/4
f 3619/28/6 3622/29/6 3623/30/6 3620/31/6
f 3620/32/12 3626/33/12 3621/25/12 3619/24/12
f 3623/18/3 3624/20/3 3626/34/3 3620/35/3
f 3625/23/9 3621/36/9 3626/37/9 3624/38/9
f 3627/22/1 3618/39/1 3621/36/1 3625/23/1
f 3628/12/2 3629/13/2 3632/14/2 3630/15/2
f 3633/16/6 3630/15/6 3631/17/6 3634/18/6
f 3637/19/11 3631/17/11 3630/15/11 3632/14/11
f 3631/17/3 3637/19/3 3635/20/3 3634/18/3
f 3632/14/9 3636/21/9 3635/20/9 3637/19/9
f 3629/13/1 3638/22/1 3636/23/1 3632/14/1
f 3641/24/4 3643/25/4 3640/26/4 3639/27/4
f 3641/28/6 3644/29/6 3645/30/6 3642/31/6
f 3642/32/12 3648/33/12 3643/25/12 3641/24/12
f 3645/18/3 3646/20/3 3648/34/3 3642/35/3
f 3647/23/9 3643/36/9 3648/37/9 3646/38/9
f 3649/22/1 3640/39/1 3643/36/1 3647/23/1
f 3652/24/4 3654/25/4 3651/26/4 3650/27/4
f 3652/41/6 3655/15/6 3656/42/6 3653/35/6
f 3653/35/12 3661/34/12 3654/40/12 3652/41/12
f 3660/19/11 3656/42/11 3655/15/11 3657/14/11
f 3658/12/2 3659/13/2 3657/14/2 3655/15/2
f 3659/13/1 3651/39/1 3654/36/1 3657/14/1
f 3657/14/9 3654/40/9 3661/34/9 3660/19/9
f 3656/42/3 3660/19/3 3661/34/3 3653/35/3
f 3664/24/4 3666/25/4 3663/26/4 3662/27/4
f 3664/41/6 3667/15/6 3668/42/6 3665/35/6
f 3665/35/12 3673/34/12 3666/40/12 3664/41/12
f 3672/19/11 3668/42/11 3667/15/11 3669/14/11
f 3670/12/2 3671/13/2 3669/14/2 3667/15/2
f 3671/13/1 3663/39/1 3666/36/1 3669/14/1
f 3669/14/9 3666/40/9 3673/34/9 3672/19/9
f 3668/42/3 3672/19/3 3673/34/3 3665/35/3
f 3676/24/4 3678/25/4 3675/26/4 3674/27/4
f 3676/41/6 3679/15/6 3680/42/6 3677/35/6
f 3677/35/12 3685/34/12 3678/40/12 3676/41/12
f 3684/19/11 3680/42/11 3679/15/11 3681/14/11
f 3682/12/2 3683/13/2 3681/14/2 3679/15/2
f 3683/13/1 3675/39/1 3678/36/1 3681/14/1
f 3681/14/9 3678/40/9 3685/34/9 3684/19/9
f 3680/42/3 3684/19/3 3685/34/3 3677/35/3
f 3688/24/4 3690/25/4 3687/26/4 3686/27/4
f 3688/41/6 3691/15/6 3692/42/6 3689/35/6
f 3689/35/12 3697/34/12 3690/40/12 3688/41/12
f 3696/19/11 3692/42/11 3691/15/11 3693/14/11
f 3694/12/2 3695/13/2 3693/14/2 3691/15/2
f 3695/13/1 3687/39/1 3690/36/1 3693/14/1
f 3693/14/9 3690/40/9 3697/34/9 3696/19/9
f 3692/42/3 3696/19/3 3697/34/3 3689/35/3
f 3698/1/3 3699/2/3 3701/8/3 3700/9/3
f 3706/35/12 3708/34/12 3709/40/12 3707/41/12
f 3712/19/11 3710/42/11 3711/15/11 3713/14/11
f 3707/41/6 3711/15/6 3710/42/6 3706/35/6
f 3713/14/9 3709/40/9 3708/34/9 3712/19/9
f 3707/24/4 3709/25/4 3703/26/4 3702/27/4
f 3710/42/3 3712/19/3 3708/34/3 3706/35/3
f 3705/13/1 3703/39/1 3709/36/1 3713/14/1
f 3704/12/2 3705/13/2 3713/14/2 3711/15/2
f 3718/35/12 3720/34/12 3721/40/12 3719/41/12
f 3724/19/11 3722/42/11 3723/15/11 3725/14/11
f 3719/41/6 3723/15/6 3722/42/6 3718/35/6
f 3725/14/21 3721/40/21 3720/34/21 3724/19/21
f 3719/24/4 3721/25/4 3715/26/4 3714/27/4
f 3722/42/3 3724/19/3 3720/34/3 3718/35/3
f 3717/13/1 3715/39/1 3721/36/1 3725/14/1
f 3716/12/2 3717/13/2 3725/14/2 3723/15/2
f 3730/35/12 3732/34/12 3733/40/12 3731/41/12
f 3736/19/11 3734/42/11 3735/15/11 3737/14/11
f 3731/41/6 3735/15/6 3734/42/6 3730/35/6
f 3737/14/9 3733/40/9 3732/34/9 3736/19/9
f 3731/24/4 3733/25/4 3727/26/4 3726/27/4
f 3734/42/3 3736/19/3 3732/34/3 3730/35/3
f 3729/13/1 3727/39/1 3733/36/1 3737/14/1
f 3728/12/2 3729/13/2 3737/14/2 3735/15/2
f 3742/35/12 3744/34/12 3745/40/12 3743/41/12
f 3748/19/11 3746/42/11 3747/15/11 3749/14/11
f 3743/41/6 3747/15/6 3746/42/6 3742/35/6
f 3749/14/21 3745/40/21 3744/34/21 3748/19/21
f 3743/24/4 3745/25/4 3739/26/4 3738/27/4
f 3746/42/3 3748/19/3 3744/34/3 3742/35/3
f 3741/13/1 3739/39/1 3745/36/1 3749/14/1
f 3740/12/2 3741/13/2 3749/14/2 3747/15/2
f 3755/19/11 3753/17/11 3754/15/11 3756/14/11
f 3757/16/6 3754/15/6 3753/17/6 3758/18/6
f 3756/14/9 3760/21/9 3759/20/9 3755/19/9
f 3750/12/2 3751/13/2 3756/14/2 3754/15/2
f 3753/17/3 3755/19/3 3759/20/3 3758/18/3
f 3751/13/1 3752/22/1 3760/23/1 3756/14/1
f 3766/19/11 3764/17/11 3765/15/11 3767/14/11
f 3768/16/6 3765/15/6 3764/17/6 3769/18/6
f 3767/14/21 3771/21/21 3770/20/21 3766/19/21
f 3761/12/2 3762/13/2 3767/14/2 3765/15/2
f 3764/17/3 3766/19/3 3770/20/3 3769/18/3
f 3762/13/1 3763/22/1 3771/23/1 3767/14/1
f 3775/32/12 3777/33/12 3778/25/12 3776/24/12
f 3781/23/9 3778/36/9 3777/37/9 3782/38/9
f 3776/28/6 3780/29/6 3779/30/6 3775/31/6
f 3776/24/4 3778/25/4 3773/26/4 3772/27/4
f 3779/18/3 3782/20/3 3777/34/3 3775/35/3
f 3774/22/1 3773/39/1 3778/36/1 3781/23/1
f 3786/32/12 3788/33/12 3789/25/12 3787/24/12
f 3792/23/21 3789/36/21 3788/37/21 3793/38/21
f 3787/28/6 3791/29/6 3790/30/6 3786/31/6
f 3787/24/4 3789/25/4 3784/26/4 3783/27/4
f 3790/18/3 3793/20/3 3788/34/3 3786/35/3
f 3785/22/1 3784/39/1 3789/36/1 3792/23/1
f 3900/121/3 3893/122/3 3797/8/3 3896/123/3
f 3802/35/12 3804/34/12 3805/40/12 3803/41/12
f 3808/19/11 3806/42/11 3807/15/11 3809/14/11
f 3803/41/6 3807/15/6 3806/42/6 3802/35/6
f 3809/14/9 3805/40/9 3804/34/9 3808/19/9
f 3803/24/4 3805/25/4 3799/26/4 3798/27/4
f 3806/42/3 3808/19/3 3804/34/3 3802/35/3
f 3801/13/1 3799/39/1 3805/36/1 3809/14/1
f 3800/12/2 3801/13/2 3809/14/2 3807/15/2
f 3814/35/12 3816/34/12 3817/40/12 3815/41/12
f 3820/19/11 3818/42/11 3819/15/11 3821/14/11
f 3815/41/6 3819/15/6 3818/42/6 3814/35/6
f 3821/14/9 3817/40/9 3816/34/9 3820/19/9
f 3815/24/4 3817/25/4 3811/26/4 3810/27/4
f 3818/42/3 3820/19/3 3816/34/3 3814/35/3
f 3813/13/1 3811/39/1 3817/36/1 3821/14/1
f 3812/12/2 3813/13/2 3821/14/2 3819/15/2
f 3826/35/12 3828/34/12 3829/40/12 3827/41/12
f 3832/19/11 3830/42/11 3831/15/11 3833/14/11
f 3827/41/6 3831/15/6 3830/42/6 3826/35/6
f 3833/14/9 3829/40/9 3828/34/9 3832/19/9
f 3827/24/4 3829/25/4 3823/26/4 3822/27/4
f 3830/42/3 3832/19/3 3828/34/3 3826/35/3
f 3825/13/1 3823/39/1 3829/36/1 3833/14/1
f 3824/12/2 3825/13/2 3833/14/2 3831/15/2
f 3838/35/12 3840/34/12 3841/40/12 3839/41/12
f 3844/19/11 3842/42/11 3843/15/11 3845/14/11
f 3839/41/6 3843/15/6 3842/42/6 3838/35/6
f 3845/14/9 3841/40/9 3840/34/9 3844/19/9
f 3839/24/4 3841/25/4 3835/26/4 3834/27/4
f 3842/42/3 3844/19/3 3840/34/3 3838/35/3
f 3837/13/1 3835/39/1 3841/36/1 3845/14/1
f 3836/12/2 3837/13/2 3845/14/2 3843/15/2
f 3851/19/11 3849/17/11 3850/15/11 3852/14/11
f 3853/16/6 3850/15/6 3849/17/6 3854/18/6
f 3852/14/9 3856/21/9 3855/20/9 3851/19/9
f 3846/12/2 3847/13/2 3852/14/2 3850/15/2
f 3849/17/3 3851/19/3 3855/20/3 3854/18/3
f 3847/13/1 3848/22/1 3856/23/1 3852/14/1
f 3862/19/11 3860/17/11 3861/15/11 3863/14/11
f 3864/16/6 3861/15/6 3860/17/6 3865/18/6
f 3863/14/9 3867/21/9 3866/20/9 3862/19/9
f 3857/12/2 3858/13/2 3863/14/2 3861/15/2
f 3860/17/3 3862/19/3 3866/20/3 3865/18/3
f 3858/13/1 3859/22/1 3867/23/1 3863/14/1
f 3871/32/12 3873/33/12 3874/25/12 3872/24/12
f 3877/23/9 3874/36/9 3873/37/9 3878/38/9
f 3872/28/6 3876/29/6 3875/30/6 3871/31/6
f 3872/24/4 3874/25/4 3869/26/4 3868/27/4
f 3875/18/3 3878/20/3 3873/34/3 3871/35/3
f 3870/22/1 3869/39/1 3874/36/1 3877/23/1
f 3882/32/12 3884/33/12 3885/25/12 3883/24/12
f 3888/23/9 3885/36/9 3884/37/9 3889/38/9
f 3883/28/6 3887/29/6 3886/30/6 3882/31/6
f 3883/24/4 3885/25/4 3880/26/4 3879/27/4
f 3886/18/3 3889/20/3 3884/34/3 3882/35/3
f 3881/22/1 3880/39/1 3885/36/1 3888/23/1
f 3895/124/3 3795/2/3 3892/125/3 3898/126/3
f 3891/127/3 3899/111/3 3901/110/3 3890/128/3
f 3901/110/2 3899/111/2 3903/111/2 3905/110/2
f 3900/121/19 3901/110/19 3905/110/19 3904/121/19
f 3898/126/3 3892/125/3 3893/122/3 3900/121/3
f 3899/111/1 3898/126/1 3902/126/1 3903/111/1
f 3900/121/4 3904/121/4 3902/126/4 3898/126/4
f 3903/111/3 3902/126/3 3904/121/3 3905/110/3
f 3794/1/1 3894/129/1 3899/111/1 3891/127/1
f 3894/129/3 3895/124/3 3898/126/3 3899/111/3
f 3890/128/3 3901/110/3 3897/130/3 3796/9/3
f 3901/110/3 3900/121/3 3896/123/3 3897/130/3
f 3927/69/3 3926/70/3 3928/71/3 3929/72/3
f 3923/73/3 3922/74/3 3924/75/3 3925/76/3
f 3919/77/3 3918/78/3 3920/79/3 3921/80/3
f 3931/81/4 3930/82/4 3918/78/4 3919/77/4
f 3932/83/2 3933/84/2 3921/80/2 3920/79/2
f 3935/85/4 3934/86/4 3922/74/4 3923/73/4
f 3936/87/2 3937/88/2 3925/76/2 3924/75/2
f 3939/89/4 3938/90/4 3926/70/4 3927/69/4
f 3940/91/2 3941/92/2 3929/72/2 3928/71/2
f 3923/73/17 3925/76/17 3937/88/17 3935/93/17
f 3927/69/17 3929/72/17 3941/92/17 3939/94/17
f 3919/77/17 3921/80/17 3933/84/17 3931/95/17
f 3938/90/18 3940/96/18 3928/71/18 3926/70/18
f 3934/86/18 3936/97/18 3924/75/18 3922/74/18
f 3930/82/18 3932/98/18 3920/79/18 3918/78/18
f 3910/99/3 3932/98/3 3930/82/3 3917/100/3
f 3908/101/3 3917/102/3 3930/103/3 3931/81/3
f 3916/104/3 3908/105/3 3931/95/3 3933/84/3
f 3932/98/3 3910/99/3 3911/106/3 3934/107/3
f 3933/108/3 3932/83/3 3934/107/3 3935/85/3
f 3916/104/3 3933/108/3 3935/93/3 3915/109/3
f 3912/110/3 3936/97/3 3934/86/3 3911/106/3
f 3914/111/3 3915/109/3 3935/93/3 3937/88/3
f 3936/97/3 3912/110/3 3913/112/3 3938/113/3
f 3937/114/3 3936/87/3 3938/113/3 3939/89/3
f 3914/111/3 3937/114/3 3939/94/3 3909/115/3
f 3907/116/3 3940/96/3 3938/90/3 3913/112/3
f 3909/115/3 3939/94/3 3941/92/3 3906/117/3
f 3941/118/3 3940/91/3 3907/119/3 3906/120/3
f 3942/12/2 3943/13/2 3946/14/2 3944/15/2
f 3947/16/6 3944/15/6 3945/17/6 3948/18/6
f 3951/19/11 3945/17/11 3944/15/11 3946/14/11
f 3945/17/3 3951/19/3 3949/20/3 3948/18/3
f 3946/14/9 3950/21/9 3949/20/9 3951/19/9
f 3943/13/1 3952/22/1 3950/23/1 3946/14/1
f 3955/24/4 3957/25/4 3954/26/4 3953/27/4
f 3955/28/6 3958/29/6 3959/30/6 3956/31/6
f 3956/32/12 3962/33/12 3957/25/12 3955/24/12
f 3959/18/3 3960/20/3 3962/34/3 3956/35/3
f 3961/23/9 3957/36/9 3962/37/9 3960/38/9
f 3963/22/1 3954/39/1 3957/36/1 3961/23/1
f 3964/12/2 3965/13/2 3968/14/2 3966/15/2
f 3969/16/6 3966/15/6 3967/17/6 3970/18/6
f 3973/19/11 3967/17/11 3966/15/11 3968/14/11
f 3967/17/3 3973/19/3 3971/20/3 3970/18/3
f 3968/14/9 3972/21/9 3971/20/9 3973/19/9
f 3965/13/1 3974/22/1 3972/23/1 3968/14/1
f 3977/24/4 3979/25/4 3976/26/4 3975/27/4
f 3977/28/6 3980/29/6 3981/30/6 3978/31/6
f 3978/32/12 3984/33/12 3979/25/12 3977/24/12
f 3981/18/3 3982/20/3 3984/34/3 3978/35/3
f 3983/23/9 3979/36/9 3984/37/9 3982/38/9
f 3985/22/1 3976/39/1 3979/36/1 3983/23/1
f 3988/24/4 3990/25/4 3987/26/4 3986/27/4
f 3988/41/6 3991/15/6 3992/42/6 3989/35/6
f 3989/35/12 3997/34/12 3990/40/12 3988/41/12
f 3996/19/11 3992/42/11 3991/15/11 3993/14/11
f 3994/12/2 3995/13/2 3993/14/2 3991/15/2
f 3995/13/1 3987/39/1 3990/36/1 3993/14/1
f 3993/14/9 3990/40/9 3997/34/9 3996/19/9
f 3992/42/3 3996/19/3 3997/34/3 3989/35/3
f 4000/24/4 4002/25/4 3999/26/4 3998/27/4
f 4000/41/6 4003/15/6 4004/42/6 4001/35/6
f 4001/35/12 4009/34/12 4002/40/12 4000/41/12
f 4008/19/11 4004/42/11 4003/15/11 4005/14/11
f 4006/12/2 4007/13/2 4005/14/2 4003/15/2
f 4007/13/1 3999/39/1 4002/36/1 4005/14/1
f 4005/14/9 4002/40/9 4009/34/9 4008/19/9
f 4004/42/3 4008/19/3 4009/34/3 4001/35/3
f 4012/24/4 4014/25/4 4011/26/4 4010/27/4
f 4012/41/6 4015/15/6 4016/42/6 4013/35/6
f 4013/35/12 4021/34/12 4014/40/12 4012/41/12
f 4020/19/11 4016/42/11 4015/15/11 4017/14/11
f 4018/12/2 4019/13/2 4017/14/2 4015/15/2
f 4019/13/1 4011/39/1 4014/36/1 4017/14/1
f 4017/14/9 4014/40/9 4021/34/9 4020/19/9
f 4016/42/3 4020/19/3 4021/34/3 4013/35/3
f 4024/24/4 4026/25/4 4023/26/4 4022/27/4
f 4024/41/6 4027/15/6 4028/42/6 4025/35/6
f 4025/35/12 4033/34/12 4026/40/12 4024/41/12
f 4032/19/11 4028/42/11 4027/15/11 4029/14/11
f 4030/12/2 4031/13/2 4029/14/2 4027/15/2
f 4031/13/1 4023/39/1 4026/36/1 4029/14/1
f 4029/14/9 4026/40/9 4033/34/9 4032/19/9
f 4028/42/3 4032/19/3 4033/34/3 4025/35/3
f 4034/1/3 4035/2/3 4037/8/3 4036/9/3
f 4042/35/12 4044/34/12 4045/40/12 4043/41/12
f 4048/19/11 4046/42/11 4047/15/11 4049/14/11
f 4043/41/6 4047/15/6 4046/42/6 4042/35/6
f 4049/14/9 4045/40/9 4044/34/9 4048/19/9
f 4043/24/4 4045/25/4 4039/26/4 4038/27/4
f 4046/42/3 4048/19/3 4044/34/3 4042/35/3
f 4041/13/1 4039/39/1 4045/36/1 4049/14/1
f 4040/12/2 4041/13/2 4049/14/2 4047/15/2
f 4054/35/12 4056/34/12 4057/40/12 4055/41/12
f 4060/19/11 4058/42/11 4059/15/11 4061/14/11
f 4055/41/6 4059/15/6 4058/42/6 4054/35/6
f 4061/14/9 4057/40/9 4056/34/9 4060/19/9
f 4055/24/4 4057/25/4 4051/26/4 4050/27/4
f 4058/42/3 4060/19/3 4056/34/3 4054/35/3
f 4053/13/1 4051/39/1 4057/36/1 4061/14/1
f 4052/12/2 4053/13/2 4061/14/2 4059/15/2
f 4066/35/12 4068/34/12 4069/40/12 4067/41/12
f 4072/19/11 4070/42/11 4071/15/11 4073/14/11
f 4067/41/6 4071/15/6 4070/42/6 4066/35/6
f 4073/14/9 4069/40/9 4068/34/9 4072/19/9
f 4067/24/4 4069/25/4 4063/26/4 4062/27/4
f 4070/42/3 4072/19/3 4068/34/3 4066/35/3
f 4065/13/1 4063/39/1 4069/36/1 4073/14/1
f 4064/12/2 4065/13/2 4073/14/2 4071/15/2
f 4078/35/12 4080/34/12 4081/40/12 4079/41/12
f 4084/19/11 4082/42/11 4083/15/11 4085/14/11
f 4079/41/6 4083/15/6 4082/42/6 4078/35/6
f 4085/14/9 4081/40/9 4080/34/9 4084/19/9
f 4079/24/4 4081/25/4 4075/26/4 4074/27/4
f 4082/42/3 4084/19/3 4080/34/3 4078/35/3
f 4077/13/1 4075/39/1 4081/36/1 4085/14/1
f 4076/12/2 4077/13/2 4085/14/2 4083/15/2
f 4091/19/11 4089/17/11 4090/15/11 4092/14/11
f 4093/16/6 4090/15/6 4089/17/6 4094/18/6
f 4092/14/9 4096/21/9 4095/20/9 4091/19/9
f 4086/12/2 4087/13/2 4092/14/2 4090/15/2
f 4089/17/3 4091/19/3 4095/20/3 4094/18/3
f 4087/13/1 4088/22/1 4096/23/1 4092/14/1
f 4102/19/11 4100/17/11 4101/15/11 4103/14/11
f 4104/16/6 4101/15/6 4100/17/6 4105/18/6
f 4103/14/9 4107/21/9 4106/20/9 4102/19/9
f 4097/12/2 4098/13/2 4103/14/2 4101/15/2
f 4100/17/3 4102/19/3 4106/20/3 4105/18/3
f 4098/13/1 4099/22/1 4107/23/1 4103/14/1
f 4111/32/12 4113/33/12 4114/25/12 4112/24/12
f 4117/23/9 4114/36/9 4113/37/9 4118/38/9
f 4112/28/6 4116/29/6 4115/30/6 4111/31/6
f 4112/24/4 4114/25/4 4109/26/4 4108/27/4
f 4115/18/3 4118/20/3 4113/34/3 4111/35/3
f 4110/22/1 4109/39/1 4114/36/1 4117/23/1
f 4122/32/12 4124/33/12 4125/25/12 4123/24/12
f 4128/23/9 4125/36/9 4124/37/9 4129/38/9
f 4123/28/6 4127/29/6 4126/30/6 4122/31/6
f 4123/24/4 4125/25/4 4120/26/4 4119/27/4
f 4126/18/3 4129/20/3 4124/34/3 4122/35/3
f 4121/22/1 4120/39/1 4125/36/1 4128/23/1
f 4151/69/3 4150/70/3 4152/71/3 4153/72/3
f 4147/73/3 4146/74/3 4148/75/3 4149/76/3
f 4143/77/3 4142/78/3 4144/79/3 4145/80/3
f 4155/81/4 4154/82/4 4142/78/4 4143/77/4
f 4156/83/2 4157/84/2 4145/80/2 4144/79/2
f 4159/85/4 4158/86/4 4146/74/4 4147/73/4
f 4160/87/2 4161/88/2 4149/76/2 4148/75/2
f 4163/89/4 4162/90/4 4150/70/4 4151/69/4
f 4164/91/2 4165/92/2 4153/72/2 4152/71/2
f 4147/73/17 4149/76/17 4161/88/17 4159/93/17
f 4151/69/17 4153/72/17 4165/92/17 4163/94/17
f 4143/77/17 4145/80/17 4157/84/17 4155/95/17
f 4162/90/18 4164/96/18 4152/71/18 4150/70/18
f 4158/86/18 4160/97/18 4148/75/18 4146/74/18
f 4154/82/18 4156/98/18 4144/79/18 4142/78/18
f 4134/99/3 4156/98/3 4154/82/3 4141/100/3
f 4132/101/3 4141/102/3 4154/103/3 4155/81/3
f 4140/104/3 4132/105/3 4155/95/3 4157/84/3
f 4156/98/3 4134/99/3 4135/106/3 4158/107/3
f 4157/108/3 4156/83/3 4158/107/3 4159/85/3
f 4140/104/3 4157/108/3 4159/93/3 4139/109/3
f 4136/110/3 4160/97/3 4158/86/3 4135/106/3
f 4138/111/3 4139/109/3 4159/93/3 4161/88/3
f 4160/97/3 4136/110/3 4137/112/3 4162/113/3
f 4161/114/3 4160/87/3 4162/113/3 4163/89/3
f 4138/111/3 4161/114/3 4163/94/3 4133/115/3
f 4131/116/3 4164/96/3 4162/90/3 4137/112/3
f 4133/115/3 4163/94/3 4165/92/3 4130/117/3
f 4165/118/3 4164/91/3 4131/119/3 4130/120/3
f 4166/12/2 4167/13/2 4170/14/2 4168/15/2
f 4171/16/6 4168/15/6 4169/17/6 4172/18/6
f 4175/19/11 4169/17/11 4168/15/11 4170/14/11
f 4169/17/3 4175/19/3 4173/20/3 4172/18/3
f 4170/14/9 4174/21/9 4173/20/9 4175/19/9
f 4167/13/1 4176/22/1 4174/23/1 4170/14/1
f 4179/24/4 4181/25/4 4178/26/4 4177/27/4
f 4179/28/6 4182/29/6 4183/30/6 4180/31/6
f 4180/32/12 4186/33/12 4181/25/12 4179/24/12
f 4183/18/3 4184/20/3 4186/34/3 4180/35/3
f 4185/23/9 4181/36/9 4186/37/9 4184/38/9
f 4187/22/1 4178/39/1 4181/36/1 4185/23/1
f 4188/12/2 4189/13/2 4192/14/2 4190/15/2
f 4193/16/6 4190/15/6 4191/17/6 4194/18/6
f 4197/19/11 4191/17/11 4190/15/11 4192/14/11
f 4191/17/3 4197/19/3 4195/20/3 4194/18/3
f 4192/14/9 4196/21/9 4195/20/9 4197/19/9
f 4189/13/1 4198/22/1 4196/23/1 4192/14/1
f 4201/24/4 4203/25/4 4200/26/4 4199/27/4
f 4201/28/6 4204/29/6 4205/30/6 4202/31/6
f 4202/32/12 4208/33/12 4203/25/12 4201/24/12
f 4205/18/3 4206/20/3 4208/34/3 4202/35/3
f 4207/23/9 4203/36/9 4208/37/9 4206/38/9
f 4209/22/1 4200/39/1 4203/36/1 4207/23/1
f 4212/24/4 4214/25/4 4211/26/4 4210/27/4
f 4212/41/6 4215/15/6 4216/42/6 4213/35/6
f 4213/35/12 4221/34/12 4214/40/12 4212/41/12
f 4220/19/11 4216/42/11 4215/15/11 4217/14/11
f 4218/12/2 4219/13/2 4217/14/2 4215/15/2
f 4219/13/1 4211/39/1 4214/36/1 4217/14/1
f 4217/14/9 4214/40/9 4221/34/9 4220/19/9
f 4216/42/3 4220/19/3 4221/34/3 4213/35/3
f 4224/24/4 4226/25/4 4223/26/4 4222/27/4
f 4224/41/6 4227/15/6 4228/42/6 4225/35/6
f 4225/35/12 4233/34/12 4226/40/12 4224/41/12
f 4232/19/11 4228/42/11 4227/15/11 4229/14/11
f 4230/12/2 4231/13/2 4229/14/2 4227/15/2
f 4231/13/1 4223/39/1 4226/36/1 4229/14/1
f 4229/14/9 4226/40/9 4233/34/9 4232/19/9
f 4228/42/3 4232/19/3 4233/34/3 4225/35/3
f 4236/24/4 4238/25/4 4235/26/4 4234/27/4
f 4236/41/6 4239/15/6 4240/42/6 4237/35/6
f 4237/35/12 4245/34/12 4238/40/12 4236/41/12
f 4244/19/11 4240/42/11 4239/15/11 4241/14/11
f 4242/12/2 4243/13/2 4241/14/2 4239/15/2
f 4243/13/1 4235/39/1 4238/36/1 4241/14/1
f 4241/14/9 4238/40/9 4245/34/9 4244/19/9
f 4240/42/3 4244/19/3 4245/34/3 4237/35/3
f 4248/24/4 4250/25/4 4247/26/4 4246/27/4
f 4248/41/6 4251/15/6 4252/42/6 4249/35/6
f 4249/35/12 4257/34/12 4250/40/12 4248/41/12
f 4256/19/11 4252/42/11 4251/15/11 4253/14/11
f 4254/12/2 4255/13/2 4253/14/2 4251/15/2
f 4255/13/1 4247/39/1 4250/36/1 4253/14/1
f 4253/14/9 4250/40/9 4257/34/9 4256/19/9
f 4252/42/3 4256/19/3 4257/34/3 4249/35/3
f 4279/69/3 4278/70/3 4280/71/3 4281/72/3
f 4275/73/3 4274/74/3 4276/75/3 4277/76/3
f 4271/77/3 4270/78/3 4272/79/3 4273/80/3
f 4283/81/4 4282/82/4 4270/78/4 4271/77/4
f 4284/83/2 4285/84/2 4273/80/2 4272/79/2
f 4287/85/4 4286/86/4 4274/74/4 4275/73/4
f 4288/87/2 4289/88/2 4277/76/2 4276/75/2
f 4291/89/4 4290/90/4 4278/70/4 4279/69/4
f 4292/91/2 4293/92/2 4281/72/2 4280/71/2
f 4275/73/17 4277/76/17 4289/88/17 4287/93/17
f 4279/69/17 4281/72/17 4293/92/17 4291/94/17
f 4271/77/17 4273/80/17 4285/84/17 4283/95/17
f 4290/90/18 4292/96/18 4280/71/18 4278/70/18
f 4286/86/18 4288/97/18 4276/75/18 4274/74/18
f 4282/82/18 4284/98/18 4272/79/18 4270/78/18
f 4262/99/3 4284/98/3 4282/82/3 4269/100/3
f 4260/101/3 4269/102/3 4282/103/3 4283/81/3
f 4268/104/3 4260/105/3 4283/95/3 4285/84/3
f 4284/98/3 4262/99/3 4263/106/3 4286/107/3
f 4285/108/3 4284/83/3 4286/107/3 4287/85/3
f 4268/104/3 4285/108/3 4287/93/3 4267/109/3
f 4264/110/3 4288/97/3 4286/86/3 4263/106/3
f 4266/111/3 4267/109/3 4287/93/3 4289/88/3
f 4288/97/3 4264/110/3 4265/112/3 4290/113/3
f 4289/114/3 4288/87/3 4290/113/3 4291/89/3
f 4266/111/3 4289/114/3 4291/94/3 4261/115/3
f 4259/116/3 4292/96/3 4290/90/3 4265/112/3
f 4261/115/3 4291/94/3 4293/92/3 4258/117/3
f 4293/118/3 4292/91/3 4259/119/3 4258/120/3
f 4294/12/2 4295/13/2 4298/14/2 4296/15/2
f 4299/16/6 4296/15/6 4297/17/6 4300/18/6
f 4303/19/11 4297/17/11 4296/15/11 4298/14/11
f 4297/17/3 4303/19/3 4301/20/3 4300/18/3
f 4298/14/9 4302/21/9 4301/20/9 4303/19/9
f 4295/13/1 4304/22/1 4302/23/1 4298/14/1
f 4307/24/4 4309/25/4 4306/26/4 4305/27/4
f 4307/28/6 4310/29/6 4311/30/6 4308/31/6
f 4308/32/12 4314/33/12 4309/25/12 4307/24/12
f 4311/18/3 4312/20/3 4314/34/3 4308/35/3
f 4313/23/9 4309/36/9 4314/37/9 4312/38/9
f 4315/22/1 4306/39/1 4309/36/1 4313/23/1
f 4316/12/2 4317/13/2 4320/14/2 4318/15/2
f 4321/16/6 4318/15/6 4319/17/6 4322/18/6
f 4325/19/11 4319/17/11 4318/15/11 4320/14/11
f 4319/17/3 4325/19/3 4323/20/3 4322/18/3
f 4320/14/9 4324/21/9 4323/20/9 4325/19/9
f 4317/13/1 4326/22/1 4324/23/1 4320/14/1
f 4329/24/4 4331/25/4 4328/26/4 4327/27/4
f 4329/28/6 4332/29/6 4333/30/6 4330/31/6
f 4330/32/12 4336/33/12 4331/25/12 4329/24/12
f 4333/18/3 4334/20/3 4336/34/3 4330/35/3
f 4335/23/9 4331/36/9 4336/37/9 4334/38/9
f 4337/22/1 4328/39/1 4331/36/1 4335/23/1
f 4340/24/4 4342/25/4 4339/26/4 4338/27/4
f 4340/41/6 4343/15/6 4344/42/6 4341/35/6
f 4341/35/12 4349/34/12 4342/40/12 4340/41/12
f 4348/19/11 4344/42/11 4343/15/11 4345/14/11
f 4346/12/2 4347/13/2 4345/14/2 4343/15/2
f 4347/13/1 4339/39/1 4342/36/1 4345/14/1
f 4345/14/9 4342/40/9 4349/34/9 4348/19/9
f 4344/42/3 4348/19/3 4349/34/3 4341/35/3
f 4352/24/4 4354/25/4 4351/26/4 4350/27/4
f 4352/41/6 4355/15/6 4356/42/6 4353/35/6
f 4353/35/12 4361/34/12 4354/40/12 4352/41/12
f 4360/19/11 4356/42/11 4355/15/11 4357/14/11
f 4358/12/2 4359/13/2 4357/14/2 4355/15/2
f 4359/13/1 4351/39/1 4354/36/1 4357/14/1
f 4357/14/9 4354/40/9 4361/34/9 4360/19/9
f 4356/42/3 4360/19/3 4361/34/3 4353/35/3
f 4364/24/4 4366/25/4 4363/26/4 4362/27/4
f 4364/41/6 4367/15/6 4368/42/6 4365/35/6
f 4365/35/12 4373/34/12 4366/40/12 4364/41/12
f 4372/19/11 4368/42/11 4367/15/11 4369/14/11
f 4370/12/2 4371/13/2 4369/14/2 4367/15/2
f 4371/13/1 4363/39/1 4366/36/1 4369/14/1
f 4369/14/9 4366/40/9 4373/34/9 4372/19/9
f 4368/42/3 4372/19/3 4373/34/3 4365/35/3
f 4376/24/4 4378/25/4 4375/26/4 4374/27/4
f 4376/41/6 4379/15/6 4380/42/6 4377/35/6
f 4377/35/12 4385/34/12 4378/40/12 4376/41/12
f 4384/19/11 4380/42/11 4379/15/11 4381/14/11
f 4382/12/2 4383/13/2 4381/14/2 4379/15/2
f 4383/13/1 4375/39/1 4378/36/1 4381/14/1
f 4381/14/9 4378/40/9 4385/34/9 4384/19/9
f 4380/42/3 4384/19/3 4385/34/3 4377/35/3
f 4492/121/1 4485/122/1 4389/8/1 4488/123/1
f 4394/35/12 4396/34/12 4397/40/12 4395/41/12
f 4400/19/11 4398/42/11 4399/15/11 4401/14/11
f 4395/41/6 4399/15/6 4398/42/6 4394/35/6
f 4401/14/9 4397/40/9 4396/34/9 4400/19/9
f 4395/24/4 4397/25/4 4391/26/4 4390/27/4
f 4398/42/3 4400/19/3 4396/34/3 4394/35/3
f 4393/13/1 4391/39/1 4397/36/1 4401/14/1
f 4392/12/2 4393/13/2 4401/14/2 4399/15/2
f 4406/35/12 4408/34/12 4409/40/12 4407/41/12
f 4412/19/11 4410/42/11 4411/15/11 4413/14/11
f 4407/41/6 4411/15/6 4410/42/6 4406/35/6
f 4413/14/9 4409/40/9 4408/34/9 4412/19/9
f 4407/24/4 4409/25/4 4403/26/4 4402/27/4
f 4410/42/3 4412/19/3 4408/34/3 4406/35/3
f 4405/13/1 4403/39/1 4409/36/1 4413/14/1
f 4404/12/2 4405/13/2 4413/14/2 4411/15/2
f 4418/35/12 4420/34/12 4421/40/12 4419/41/12
f 4424/19/11 4422/42/11 4423/15/11 4425/14/11
f 4419/41/6 4423/15/6 4422/42/6 4418/35/6
f 4425/14/9 4421/40/9 4420/34/9 4424/19/9
f 4419/24/4 4421/25/4 4415/26/4 4414/27/4
f 4422/42/3 4424/19/3 4420/34/3 4418/35/3
f 4417/13/1 4415/39/1 4421/36/1 4425/14/1
f 4416/12/2 4417/13/2 4425/14/2 4423/15/2
f 4430/35/12 4432/34/12 4433/40/12 4431/41/12
f 4436/19/11 4434/42/11 4435/15/11 4437/14/11
f 4431/41/6 4435/15/6 4434/42/6 4430/35/6
f 4437/14/9 4433/40/9 4432/34/9 4436/19/9
f 4431/24/4 4433/25/4 4427/26/4 4426/27/4
f 4434/42/3 4436/19/3 4432/34/3 4430/35/3
f 4429/13/1 4427/39/1 4433/36/1 4437/14/1
f 4428/12/2 4429/13/2 4437/14/2 4435/15/2
f 4443/19/11 4441/17/11 4442/15/11 4444/14/11
f 4445/16/6 4442/15/6 4441/17/6 4446/18/6
f 4444/14/9 4448/21/9 4447/20/9 4443/19/9
f 4438/12/2 4439/13/2 4444/14/2 4442/15/2
f 4441/17/3 4443/19/3 4447/20/3 4446/18/3
f 4439/13/1 4440/22/1 4448/23/1 4444/14/1
f 4454/19/11 4452/17/11 4453/15/11 4455/14/11
f 4456/16/6 4453/15/6 4452/17/6 4457/18/6
f 4455/14/9 4459/21/9 4458/20/9 4454/19/9
f 4449/12/2 4450/13/2 4455/14/2 4453/15/2
f 4452/17/3 4454/19/3 4458/20/3 4457/18/3
f 4450/13/1 4451/22/1 4459/23/1 4455/14/1
f 4463/32/12 4465/33/12 4466/25/12 4464/24/12
f 4469/23/9 4466/36/9 4465/37/9 4470/38/9
f 4464/28/6 4468/29/6 4467/30/6 4463/31/6
f 4464/24/4 4466/25/4 4461/26/4 4460/27/4
f 4467/18/3 4470/20/3 4465/34/3 4463/35/3
f 4462/22/1 4461/39/1 4466/36/1 4469/23/1
f 4474/32/12 4476/33/12 4477/25/12 4475/24/12
f 4480/23/9 4477/36/9 4476/37/9 4481/38/9
f 4475/28/6 4479/29/6 4478/30/6 4474/31/6
f 4475/24/4 4477/25/4 4472/26/4 4471/27/4
f 4478/18/3 4481/20/3 4476/34/3 4474/35/3
f 4473/22/1 4472/39/1 4477/36/1 4480/23/1
f 4487/124/1 4387/2/1 4484/125/1 4490/126/1
f 4483/127/3 4491/111/3 4493/110/3 4482/128/3
f 4493/110/2 4491/111/2 4495/111/2 4497/110/2
f 4492/121/19 4493/110/19 4497/110/19 4496/121/19
f 4490/126/3 4484/125/3 4485/122/3 4492/121/3
f 4491/111/1 4490/126/1 4494/126/1 4495/111/1
f 4492/121/4 4496/121/4 4494/126/4 4490/126/4
f 4495/111/3 4494/126/3 4496/121/3 4497/110/3
f 4386/1/1 4486/129/1 4491/111/1 4483/127/1
f 4486/129/3 4487/124/3 4490/126/3 4491/111/3
f 4482/128/5 4493/110/5 4489/130/5 4388/9/5
f 4493/110/3 4492/121/3 4488/123/3 4489/130/3
f 4519/69/3 4518/70/3 4520/71/3 4521/72/3
f 4515/73/3 4514/74/3 4516/75/3 4517/76/3
f 4511/77/3 4510/78/3 4512/79/3 4513/80/3
f 4523/81/4 4522/82/4 4510/78/4 4511/77/4
f 4524/83/2 4525/84/2 4513/80/2 4512/79/2
f 4527/85/4 4526/86/4 4514/74/4 4515/73/4
f 4528/87/2 4529/88/2 4517/76/2 4516/75/2
f 4531/89/4 4530/90/4 4518/70/4 4519/69/4
f 4532/91/2 4533/92/2 4521/72/2 4520/71/2
f 4515/73/17 4517/76/17 4529/88/17 4527/93/17
f 4519/69/17 4521/72/17 4533/92/17 4531/94/17
f 4511/77/17 4513/80/17 4525/84/17 4523/95/17
f 4530/90/18 4532/96/18 4520/71/18 4518/70/18
f 4526/86/18 4528/97/18 4516/75/18 4514/74/18
f 4522/82/18 4524/98/18 4512/79/18 4510/78/18
f 4502/99/3 4524/98/3 4522/82/3 4509/100/3
f 4500/101/3 4509/102/3 4522/103/3 4523/81/3
f 4508/104/3 4500/105/3 4523/95/3 4525/84/3
f 4524/98/3 4502/99/3 4503/106/3 4526/107/3
f 4525/108/3 4524/83/3 4526/107/3 4527/85/3
f 4508/104/3 4525/108/3 4527/93/3 4507/109/3
f 4504/110/3 4528/97/3 4526/86/3 4503/106/3
f 4506/111/3 4507/109/3 4527/93/3 4529/88/3
f 4528/97/3 4504/110/3 4505/112/3 4530/113/3
f 4529/114/3 4528/87/3 4530/113/3 4531/89/3
f 4506/111/3 4529/114/3 4531/94/3 4501/115/3
f 4499/116/3 4532/96/3 4530/90/3 4505/112/3
f 4501/115/3 4531/94/3 4533/92/3 4498/117/3
f 4533/118/3 4532/91/3 4499/119/3 4498/120/3
f 4534/12/2 4535/13/2 4538/14/2 4536/15/2
f 4539/16/6 4536/15/6 4537/17/6 4540/18/6
f 4543/19/11 4537/17/11 4536/15/11 4538/14/11
f 4537/17/3 4543/19/3 4541/20/3 4540/18/3
f 4538/14/9 4542/21/9 4541/20/9 4543/19/9
f 4535/13/1 4544/22/1 4542/23/1 4538/14/1
f 4547/24/4 4549/25/4 4546/26/4 4545/27/4
f 4547/28/6 4550/29/6 4551/30/6 4548/31/6
f 4548/32/12 4554/33/12 4549/25/12 4547/24/12
f 4551/18/3 4552/20/3 4554/34/3 4548/35/3
f 4553/23/9 4549/36/9 4554/37/9 4552/38/9
f 4555/22/1 4546/39/1 4549/36/1 4553/23/1
f 4556/12/2 4557/13/2 4560/14/2 4558/15/2
f 4561/16/6 4558/15/6 4559/17/6 4562/18/6
f 4565/19/11 4559/17/11 4558/15/11 4560/14/11
f 4559/17/3 4565/19/3 4563/20/3 4562/18/3
f 4560/14/9 4564/21/9 4563/20/9 4565/19/9
f 4557/13/1 4566/22/1 4564/23/1 4560/14/1
f 4569/24/4 4571/25/4 4568/26/4 4567/27/4
f 4569/28/6 4572/29/6 4573/30/6 4570/31/6
f 4570/32/12 4576/33/12 4571/25/12 4569/24/12
f 4573/18/3 4574/20/3 4576/34/3 4570/35/3
f 4575/23/9 4571/36/9 4576/37/9 4574/38/9
f 4577/22/1 4568/39/1 4571/36/1 4575/23/1
f 4580/24/4 4582/25/4 4579/26/4 4578/27/4
f 4580/41/6 4583/15/6 4584/42/6 4581/35/6
f 4581/35/12 4589/34/12 4582/40/12 4580/41/12
f 4588/19/11 4584/42/11 4583/15/11 4585/14/11
f 4586/12/2 4587/13/2 4585/14/2 4583/15/2
f 4587/13/1 4579/39/1 4582/36/1 4585/14/1
f 4585/14/9 4582/40/9 4589/34/9 4588/19/9
f 4584/42/3 4588/19/3 4589/34/3 4581/35/3
f 4592/24/4 4594/25/4 4591/26/4 4590/27/4
f 4592/41/6 4595/15/6 4596/42/6 4593/35/6
f 4593/35/12 4601/34/12 4594/40/12 4592/41/12
f 4600/19/11 4596/42/11 4595/15/11 4597/14/11
f 4598/12/2 4599/13/2 4597/14/2 4595/15/2
f 4599/13/1 4591/39/1 4594/36/1 4597/14/1
f 4597/14/9 4594/40/9 4601/34/9 4600/19/9
f 4596/42/3 4600/19/3 4601/34/3 4593/35/3
f 4604/24/4 4606/25/4 4603/26/4 4602/27/4
f 4604/41/6 4607/15/6 4608/42/6 4605/35/6
f 4605/35/12 4613/34/12 4606/40/12 4604/41/12
f 4612/19/11 4608/42/11 4607/15/11 4609/14/11
f 4610/12/2 4611/13/2 4609/14/2 4607/15/2
f 4611/13/1 4603/39/1 4606/36/1 4609/14/1
f 4609/14/9 4606/40/9 4613/34/9 4612/19/9
f 4608/42/3 4612/19/3 4613/34/3 4605/35/3
f 4616/24/4 4618/25/4 4615/26/4 4614/27/4
f 4616/41/6 4619/15/6 4620/42/6 4617/35/6
f 4617/35/12 4625/34/12 4618/40/12 4616/41/12
f 4624/19/11 4620/42/11 4619/15/11 4621/14/11
f 4622/12/2 4623/13/2 4621/14/2 4619/15/2
f 4623/13/1 4615/39/1 4618/36/1 4621/14/1
f 4621/14/9 4618/40/9 4625/34/9 4624/19/9
f 4620/42/3 4624/19/3 4625/34/3 4617/35/3
f 4626/1/3 4627/2/3 4629/8/3 4628/9/3
f 4634/35/12 4636/34/12 4637/40/12 4635/41/12
f 4640/19/11 4638/42/11 4639/15/11 4641/14/11
f 4635/41/6 4639/15/6 4638/42/6 4634/35/6
f 4641/14/9 4637/40/9 4636/34/9 4640/19/9
f 4635/24/4 4637/25/4 4631/26/4 4630/27/4
f 4638/42/3 4640/19/3 4636/34/3 4634/35/3
f 4633/13/1 4631/39/1 4637/36/1 4641/14/1
f 4632/12/2 4633/13/2 4641/14/2 4639/15/2
f 4646/35/12 4648/34/12 4649/40/12 4647/41/12
f 4652/19/11 4650/42/11 4651/15/11 4653/14/11
f 4647/41/6 4651/15/6 4650/42/6 4646/35/6
f 4653/14/9 4649/40/9 4648/34/9 4652/19/9
f 4647/24/4 4649/25/4 4643/26/4 4642/27/4
f 4650/42/3 4652/19/3 4648/34/3 4646/35/3
f 4645/13/1 4643/39/1 4649/36/1 4653/14/1
f 4644/12/2 4645/13/2 4653/14/2 4651/15/2
f 4658/35/12 4660/34/12 4661/40/12 4659/41/12
f 4664/19/11 4662/42/11 4663/15/11 4665/14/11
f 4659/41/6 4663/15/6 4662/42/6 4658/35/6
f 4665/14/9 4661/40/9 4660/34/9 4664/19/9
f 4659/24/4 4661/25/4 4655/26/4 4654/27/4
f 4662/42/3 4664/19/3 4660/34/3 4658/35/3
f 4657/13/1 4655/39/1 4661/36/1 4665/14/1
f 4656/12/2 4657/13/2 4665/14/2 4663/15/2
f 4670/35/12 4672/34/12 4673/40/12 4671/41/12
f 4676/19/11 4674/42/11 4675/15/11 4677/14/11
f 4671/41/6 4675/15/6 4674/42/6 4670/35/6
f 4677/14/9 4673/40/9 4672/34/9 4676/19/9
f 4671/24/4 4673/25/4 4667/26/4 4666/27/4
f 4674/42/3 4676/19/3 4672/34/3 4670/35/3
f 4669/13/1 4667/39/1 4673/36/1 4677/14/1
f 4668/12/2 4669/13/2 4677/14/2 4675/15/2
f 4683/19/11 4681/17/11 4682/15/11 4684/14/11
f 4685/16/6 4682/15/6 4681/17/6 4686/18/6
f 4684/14/9 4688/21/9 4687/20/9 4683/19/9
f 4678/12/2 4679/13/2 4684/14/2 4682/15/2
f 4681/17/3 4683/19/3 4687/20/3 4686/18/3
f 4679/13/1 4680/22/1 4688/23/1 4684/14/1
f 4694/19/11 4692/17/11 4693/15/11 4695/14/11
f 4696/16/6 4693/15/6 4692/17/6 4697/18/6
f 4695/14/21 4699/21/21 4698/20/21 4694/19/21
f 4689/12/2 4690/13/2 4695/14/2 4693/15/2
f 4692/17/3 4694/19/3 4698/20/3 4697/18/3
f 4690/13/1 4691/22/1 4699/23/1 4695/14/1
f 4703/32/12 4705/33/12 4706/25/12 4704/24/12
f 4709/23/9 4706/36/9 4705/37/9 4710/38/9
f 4704/28/6 4708/29/6 4707/30/6 4703/31/6
f 4704/24/4 4706/25/4 4701/26/4 4700/27/4
f 4707/18/3 4710/20/3 4705/34/3 4703/35/3
f 4702/22/1 4701/39/1 4706/36/1 4709/23/1
f 4714/32/12 4716/33/12 4717/25/12 4715/24/12
f 4720/23/9 4717/36/9 4716/37/9 4721/38/9
f 4715/28/6 4719/29/6 4718/30/6 4714/31/6
f 4715/24/4 4717/25/4 4712/26/4 4711/27/4
f 4718/18/3 4721/20/3 4716/34/3 4714/35/3
f 4713/22/1 4712/39/1 4717/36/1 4720/23/1
f 4743/69/3 4742/70/3 4744/71/3 4745/72/3
f 4739/73/3 4738/74/3 4740/75/3 4741/76/3
f 4735/77/3 4734/78/3 4736/79/3 4737/80/3
f 4747/81/4 4746/82/4 4734/78/4 4735/77/4
f 4748/83/2 4749/84/2 4737/80/2 4736/79/2
f 4751/85/4 4750/86/4 4738/74/4 4739/73/4
f 4752/87/2 4753/88/2 4741/76/2 4740/75/2
f 4755/89/4 4754/90/4 4742/70/4 4743/69/4
f 4756/91/2 4757/92/2 4745/72/2 4744/71/2
f 4739/73/17 4741/76/17 4753/88/17 4751/93/17
f 4743/69/17 4745/72/17 4757/92/17 4755/94/17
f 4735/77/17 4737/80/17 4749/84/17 4747/95/17
f 4754/90/18 4756/96/18 4744/71/18 4742/70/18
f 4750/86/18 4752/97/18 4740/75/18 4738/74/18
f 4746/82/18 4748/98/18 4736/79/18 4734/78/18
f 4726/99/3 4748/98/3 4746/82/3 4733/100/3
f 4724/101/3 4733/102/3 4746/103/3 4747/81/3
f 4732/104/3 4724/105/3 4747/95/3 4749/84/3
f 4748/98/3 4726/99/3 4727/106/3 4750/107/3
f 4749/108/3 4748/83/3 4750/107/3 4751/85/3
f 4732/104/3 4749/108/3 4751/93/3 4731/109/3
f 4728/110/3 4752/97/3 4750/86/3 4727/106/3
f 4730/111/3 4731/109/3 4751/93/3 4753/88/3
f 4752/97/3 4728/110/3 4729/112/3 4754/113/3
f 4753/114/3 4752/87/3 4754/113/3 4755/89/3
f 4730/111/3 4753/114/3 4755/94/3 4725/115/3
f 4723/116/3 4756/96/3 4754/90/3 4729/112/3
f 4725/115/3 4755/94/3 4757/92/3 4722/117/3
f 4757/118/3 4756/91/3 4723/119/3 4722/120/3
f 4758/12/2 4759/13/2 4762/14/2 4760/15/2
f 4763/16/6 4760/15/6 4761/17/6 4764/18/6
f 4767/19/11 4761/17/11 4760/15/11 4762/14/11
f 4761/17/3 4767/19/3 4765/20/3 4764/18/3
f 4762/14/9 4766/21/9 4765/20/9 4767/19/9
f 4759/13/1 4768/22/1 4766/23/1 4762/14/1
f 4771/24/4 4773/25/4 4770/26/4 4769/27/4
f 4771/28/6 4774/29/6 4775/30/6 4772/31/6
f 4772/32/12 4778/33/12 4773/25/12 4771/24/12
f 4775/18/3 4776/20/3 4778/34/3 4772/35/3
f 4777/23/9 4773/36/9 4778/37/9 4776/38/9
f 4779/22/1 4770/39/1 4773/36/1 4777/23/1
f 4780/12/2 4781/13/2 4784/14/2 4782/15/2
f 4785/16/6 4782/15/6 4783/17/6 4786/18/6
f 4789/19/11 4783/17/11 4782/15/11 4784/14/11
f 4783/17/3 4789/19/3 4787/20/3 4786/18/3
f 4784/14/9 4788/21/9 4787/20/9 4789/19/9
f 4781/13/1 4790/22/1 4788/23/1 4784/14/1
f 4793/24/4 4795/25/4 4792/26/4 4791/27/4
f 4793/28/6 4796/29/6 4797/30/6 4794/31/6
f 4794/32/12 4800/33/12 4795/25/12 4793/24/12
f 4797/18/3 4798/20/3 4800/34/3 4794/35/3
f 4799/23/9 4795/36/9 4800/37/9 4798/38/9
f 4801/22/1 4792/39/1 4795/36/1 4799/23/1
f 4804/24/4 4806/25/4 4803/26/4 4802/27/4
f 4804/41/6 4807/15/6 4808/42/6 4805/35/6
f 4805/35/12 4813/34/12 4806/40/12 4804/41/12
f 4812/19/11 4808/42/11 4807/15/11 4809/14/11
f 4810/12/2 4811/13/2 4809/14/2 4807/15/2
f 4811/13/1 4803/39/1 4806/36/1 4809/14/1
f 4809/14/9 4806/40/9 4813/34/9 4812/19/9
f 4808/42/3 4812/19/3 4813/34/3 4805/35/3
f 4816/24/4 4818/25/4 4815/26/4 4814/27/4
f 4816/41/6 4819/15/6 4820/42/6 4817/35/6
f 4817/35/12 4825/34/12 4818/40/12 4816/41/12
f 4824/19/11 4820/42/11 4819/15/11 4821/14/11
f 4822/12/2 4823/13/2 4821/14/2 4819/15/2
f 4823/13/1 4815/39/1 4818/36/1 4821/14/1
f 4821/14/9 4818/40/9 4825/34/9 4824/19/9
f 4820/42/3 4824/19/3 4825/34/3 4817/35/3
f 4828/24/4 4830/25/4 4827/26/4 4826/27/4
f 4828/41/6 4831/15/6 4832/42/6 4829/35/6
f 4829/35/12 4837/34/12 4830/40/12 4828/41/12
f 4836/19/11 4832/42/11 4831/15/11 4833/14/11
f 4834/12/2 4835/13/2 4833/14/2 4831/15/2
f 4835/13/1 4827/39/1 4830/36/1 4833/14/1
f 4833/14/9 4830/40/9 4837/34/9 4836/19/9
f 4832/42/3 4836/19/3 4837/34/3 4829/35/3
f 4840/24/4 4842/25/4 4839/26/4 4838/27/4
f 4840/41/6 4843/15/6 4844/42/6 4841/35/6
f 4841/35/12 4849/34/12 4842/40/12 4840/41/12
f 4848/19/11 4844/42/11 4843/15/11 4845/14/11
f 4846/12/2 4847/13/2 4845/14/2 4843/15/2
f 4847/13/1 4839/39/1 4842/36/1 4845/14/1
f 4845/14/9 4842/40/9 4849/34/9 4848/19/9
f 4844/42/3 4848/19/3 4849/34/3 4841/35/3
f 4956/121/1 4949/122/1 4853/8/1 4952/123/1
f 4858/35/12 4860/34/12 4861/40/12 4859/41/12
f 4864/19/11 4862/42/11 4863/15/11 4865/14/11
f 4859/41/6 4863/15/6 4862/42/6 4858/35/6
f 4865/14/9 4861/40/9 4860/34/9 4864/19/9
f 4859/24/4 4861/25/4 4855/26/4 4854/27/4
f 4862/42/3 4864/19/3 4860/34/3 4858/35/3
f 4857/13/1 4855/39/1 4861/36/1 4865/14/1
f 4856/12/2 4857/13/2 4865/14/2 4863/15/2
f 4870/35/12 4872/34/12 4873/40/12 4871/41/12
f 4876/19/11 4874/42/11 4875/15/11 4877/14/11
f 4871/41/6 4875/15/6 4874/42/6 4870/35/6
f 4877/14/9 4873/40/9 4872/34/9 4876/19/9
f 4871/24/4 4873/25/4 4867/26/4 4866/27/4
f 4874/42/3 4876/19/3 4872/34/3 4870/35/3
f 4869/13/1 4867/39/1 4873/36/1 4877/14/1
f 4868/12/2 4869/13/2 4877/14/2 4875/15/2
f 4882/35/12 4884/34/12 4885/40/12 4883/41/12
f 4888/19/11 4886/42/11 4887/15/11 4889/14/11
f 4883/41/6 4887/15/6 4886/42/6 4882/35/6
f 4889/14/9 4885/40/9 4884/34/9 4888/19/9
f 4883/24/4 4885/25/4 4879/26/4 4878/27/4
f 4886/42/3 4888/19/3 4884/34/3 4882/35/3
f 4881/13/1 4879/39/1 4885/36/1 4889/14/1
f 4880/12/2 4881/13/2 4889/14/2 4887/15/2
f 4894/35/12 4896/34/12 4897/40/12 4895/41/12
f 4900/19/11 4898/42/11 4899/15/11 4901/14/11
f 4895/41/6 4899/15/6 4898/42/6 4894/35/6
f 4901/14/9 4897/40/9 4896/34/9 4900/19/9
f 4895/24/4 4897/25/4 4891/26/4 4890/27/4
f 4898/42/3 4900/19/3 4896/34/3 4894/35/3
f 4893/13/1 4891/39/1 4897/36/1 4901/14/1
f 4892/12/2 4893/13/2 4901/14/2 4899/15/2
f 4907/19/11 4905/17/11 4906/15/11 4908/14/11
f 4909/16/6 4906/15/6 4905/17/6 4910/18/6
f 4908/14/9 4912/21/9 4911/20/9 4907/19/9
f 4902/12/2 4903/13/2 4908/14/2 4906/15/2
f 4905/17/3 4907/19/3 4911/20/3 4910/18/3
f 4903/13/1 4904/22/1 4912/23/1 4908/14/1
f 4918/19/11 4916/17/11 4917/15/11 4919/14/11
f 4920/16/6 4917/15/6 4916/17/6 4921/18/6
f 4919/14/21 4923/21/21 4922/20/21 4918/19/21
f 4913/12/2 4914/13/2 4919/14/2 4917/15/2
f 4916/17/3 4918/19/3 4922/20/3 4921/18/3
f 4914/13/1 4915/22/1 4923/23/1 4919/14/1
f 4927/32/12 4929/33/12 4930/25/12 4928/24/12
f 4933/23/9 4930/36/9 4929/37/9 4934/38/9
f 4928/28/6 4932/29/6 4931/30/6 4927/31/6
f 4928/24/4 4930/25/4 4925/26/4 4924/27/4
f 4931/18/3 4934/20/3 4929/34/3 4927/35/3
f 4926/22/1 4925/39/1 4930/36/1 4933/23/1
f 4938/32/12 4940/33/12 4941/25/12 4939/24/12
f 4944/23/9 4941/36/9 4940/37/9 4945/38/9
f 4939/28/6 4943/29/6 4942/30/6 4938/31/6
f 4939/24/4 4941/25/4 4936/26/4 4935/27/4
f 4942/18/3 4945/20/3 4940/34/3 4938/35/3
f 4937/22/1 4936/39/1 4941/36/1 4944/23/1
f 4951/124/20 4851/2/20 4948/125/20 4954/126/20
f 4947/127/3 4955/111/3 4957/110/3 4946/128/3
f 4957/110/2 4955/111/2 4959/111/2 4961/110/2
f 4956/121/19 4957/110/19 4961/110/19 4960/121/19
f 4954/126/3 4948/125/3 4949/122/3 4956/121/3
f 4955/111/1 4954/126/1 4958/126/1 4959/111/1
f 4956/121/4 4960/121/4 4958/126/4 4954/126/4
f 4959/111/3 4958/126/3 4960/121/3 4961/110/3
f 4850/1/1 4950/129/1 4955/111/1 4947/127/1
f 4950/129/3 4951/124/3 4954/126/3 4955/111/3
f 4946/128/5 4957/110/5 4953/130/5 4852/9/5
f 4957/110/3 4956/121/3 4952/123/3 4953/130/3
f 4962/1/3 4963/2/3 4965/8/3 4964/9/3
f 4970/35/12 4972/34/12 4973/40/12 4971/41/12
f 4976/19/11 4974/42/11 4975/15/11 4977/14/11
f 4971/41/6 4975/15/6 4974/42/6 4970/35/6
f 4977/14/9 4973/40/9 4972/34/9 4976/19/9
f 4971/24/4 4973/25/4 4967/26/4 4966/27/4
f 4974/42/3 4976/19/3 4972/34/3 4970/35/3
f 4969/13/1 4967/39/1 4973/36/1 4977/14/1
f 4968/12/2 4969/13/2 4977/14/2 4975/15/2
f 4982/35/12 4984/34/12 4985/40/12 4983/41/12
f 4988/19/11 4986/42/11 4987/15/11 4989/14/11
f 4983/41/6 4987/15/6 4986/42/6 4982/35/6
f 4989/14/9 4985/40/9 4984/34/9 4988/19/9
f 4983/24/4 4985/25/4 4979/26/4 4978/27/4
f 4986/42/3 4988/19/3 4984/34/3 4982/35/3
f 4981/13/1 4979/39/1 4985/36/1 4989/14/1
f 4980/12/2 4981/13/2 4989/14/2 4987/15/2
f 4994/35/12 4996/34/12 4997/40/12 4995/41/12
f 5000/19/11 4998/42/11 4999/15/11 5001/14/11
f 4995/41/6 4999/15/6 4998/42/6 4994/35/6
f 5001/14/9 4997/40/9 4996/34/9 5000/19/9
f 4995/24/4 4997/25/4 4991/26/4 4990/27/4
f 4998/42/3 5000/19/3 4996/34/3 4994/35/3
f 4993/13/1 4991/39/1 4997/36/1 5001/14/1
f 4992/12/2 4993/13/2 5001/14/2 4999/15/2
f 5006/35/12 5008/34/12 5009/40/12 5007/41/12
f 5012/19/11 5010/42/11 5011/15/11 5013/14/11
f 5007/41/6 5011/15/6 5010/42/6 5006/35/6
f 5013/14/9 5009/40/9 5008/34/9 5012/19/9
f 5007/24/4 5009/25/4 5003/26/4 5002/27/4
f 5010/42/3 5012/19/3 5008/34/3 5006/35/3
f 5005/13/1 5003/39/1 5009/36/1 5013/14/1
f 5004/12/2 5005/13/2 5013/14/2 5011/15/2
f 5019/19/11 5017/17/11 5018/15/11 5020/14/11
f 5021/16/6 5018/15/6 5017/17/6 5022/18/6
f 5020/14/9 5024/21/9 5023/20/9 5019/19/9
f 5014/12/2 5015/13/2 5020/14/2 5018/15/2
f 5017/17/3 5019/19/3 5023/20/3 5022/18/3
f 5015/13/1 5016/22/1 5024/23/1 5020/14/1
f 5030/19/11 5028/17/11 5029/15/11 5031/14/11
f 5032/16/6 5029/15/6 5028/17/6 5033/18/6
f 5031/14/21 5035/21/21 5034/20/21 5030/19/21
f 5025/12/2 5026/13/2 5031/14/2 5029/15/2
f 5028/17/3 5030/19/3 5034/20/3 5033/18/3
f 5026/13/1 5027/22/1 5035/23/1 5031/14/1
f 5039/32/12 5041/33/12 5042/25/12 5040/24/12
f 5045/23/9 5042/36/9 5041/37/9 5046/38/9
f 5040/28/6 5044/29/6 5043/30/6 5039/31/6
f 5040/24/4 5042/25/4 5037/26/4 5036/27/4
f 5043/18/3 5046/20/3 5041/34/3 5039/35/3
f 5038/22/1 5037/39/1 5042/36/1 5045/23/1
f 5050/32/12 5052/33/12 5053/25/12 5051/24/12
f 5056/23/9 5053/36/9 5052/37/9 5057/38/9
f 5051/28/6 5055/29/6 5054/30/6 5050/31/6
f 5051/24/4 5053/25/4 5048/26/4 5047/27/4
f 5054/18/3 5057/20/3 5052/34/3 5050/35/3
f 5049/22/1 5048/39/1 5053/36/1 5056/23/1
f 5079/69/3 5078/70/3 5080/71/3 5081/72/3
f 5075/73/3 5074/74/3 5076/75/3 5077/76/3
f 5071/77/3 5070/78/3 5072/79/3 5073/80/3
f 5083/81/4 5082/82/4 5070/78/4 5071/77/4
f 5084/83/2 5085/84/2 5073/80/2 5072/79/2
f 5087/85/4 5086/86/4 5074/74/4 5075/73/4
f 5088/87/2 5089/88/2 5077/76/2 5076/75/2
f 5091/89/4 5090/90/4 5078/70/4 5079/69/4
f 5092/91/2 5093/92/2 5081/72/2 5080/71/2
f 5075/73/17 5077/76/17 5089/88/17 5087/93/17
f 5079/69/17 5081/72/17 5093/92/17 5091/94/17
f 5071/77/17 5073/80/17 5085/84/17 5083/95/17
f 5090/90/18 5092/96/18 5080/71/18 5078/70/18
f 5086/86/18 5088/97/18 5076/75/18 5074/74/18
f 5082/82/18 5084/98/18 5072/79/18 5070/78/18
f 5062/99/3 5084/98/3 5082/82/3 5069/100/3
f 5060/101/3 5069/102/3 5082/103/3 5083/81/3
f 5068/104/3 5060/105/3 5083/95/3 5085/84/3
f 5084/98/3 5062/99/3 5063/106/3 5086/107/3
f 5085/108/3 5084/83/3 5086/107/3 5087/85/3
f 5068/104/3 5085/108/3 5087/93/3 5067/109/3
f 5064/110/3 5088/97/3 5086/86/3 5063/106/3
f 5066/111/3 5067/109/3 5087/93/3 5089/88/3
f 5088/97/3 5064/110/3 5065/112/3 5090/113/3
f 5089/114/3 5088/87/3 5090/113/3 5091/89/3
f 5066/111/3 5089/114/3 5091/94/3 5061/115/3
f 5059/116/3 5092/96/3 5090/90/3 5065/112/3
f 5061/115/3 5091/94/3 5093/92/3 5058/117/3
f 5093/118/3 5092/91/3 5059/119/3 5058/120/3
f 5094/12/2 5095/13/2 5098/14/2 5096/15/2
f 5099/16/6 5096/15/6 5097/17/6 5100/18/6
f 5103/19/11 5097/17/11 5096/15/11 5098/14/11
f 5097/17/3 5103/19/3 5101/20/3 5100/18/3
f 5098/14/9 5102/21/9 5101/20/9 5103/19/9
f 5095/13/1 5104/22/1 5102/23/1 5098/14/1
f 5107/24/4 5109/25/4 5106/26/4 5105/27/4
f 5107/28/6 5110/29/6 5111/30/6 5108/31/6
f 5108/32/12 5114/33/12 5109/25/12 5107/24/12
f 5111/18/3 5112/20/3 5114/34/3 5108/35/3
f 5113/23/9 5109/36/9 5114/37/9 5112/38/9
f 5115/22/1 5106/39/1 5109/36/1 5113/23/1
f 5116/12/2 5117/13/2 5120/14/2 5118/15/2
f 5121/16/6 5118/15/6 5119/17/6 5122/18/6
f 5125/19/11 5119/17/11 5118/15/11 5120/14/11
f 5119/17/3 5125/19/3 5123/20/3 5122/18/3
f 5120/14/9 5124/21/9 5123/20/9 5125/19/9
f 5117/13/1 5126/22/1 5124/23/1 5120/14/1
f 5129/24/4 5131/25/4 5128/26/4 5127/27/4
f 5129/28/6 5132/29/6 5133/30/6 5130/31/6
f 5130/32/12 5136/33/12 5131/25/12 5129/24/12
f 5133/18/3 5134/20/3 5136/34/3 5130/35/3
f 5135/23/9 5131/36/9 5136/37/9 5134/38/9
f 5137/22/1 5128/39/1 5131/36/1 5135/23/1
f 5140/24/4 5142/25/4 5139/26/4 5138/27/4
f 5140/41/6 5143/15/6 5144/42/6 5141/35/6
f 5141/35/12 5149/34/12 5142/40/12 5140/41/12
f 5148/19/11 5144/42/11 5143/15/11 5145/14/11
f 5146/12/2 5147/13/2 5145/14/2 5143/15/2
f 5147/13/1 5139/39/1 5142/36/1 5145/14/1
f 5145/14/9 5142/40/9 5149/34/9 5148/19/9
f 5144/42/3 5148/19/3 5149/34/3 5141/35/3
f 5152/24/4 5154/25/4 5151/26/4 5150/27/4
f 5152/41/6 5155/15/6 5156/42/6 5153/35/6
f 5153/35/12 5161/34/12 5154/40/12 5152/41/12
f 5160/19/11 5156/42/11 5155/15/11 5157/14/11
f 5158/12/2 5159/13/2 5157/14/2 5155/15/2
f 5159/13/1 5151/39/1 5154/36/1 5157/14/1
f 5157/14/9 5154/40/9 5161/34/9 5160/19/9
f 5156/42/3 5160/19/3 5161/34/3 5153/35/3
f 5164/24/4 5166/25/4 5163/26/4 5162/27/4
f 5164/41/6 5167/15/6 5168/42/6 5165/35/6
f 5165/35/12 5173/34/12 5166/40/12 5164/41/12
f 5172/19/11 5168/42/11 5167/15/11 5169/14/11
f 5170/12/2 5171/13/2 5169/14/2 5167/15/2
f 5171/13/1 5163/39/1 5166/36/1 5169/14/1
f 5169/14/9 5166/40/9 5173/34/9 5172/19/9
f 5168/42/3 5172/19/3 5173/34/3 5165/35/3
f 5176/24/4 5178/25/4 5175/26/4 5174/27/4
f 5176/41/6 5179/15/6 5180/42/6 5177/35/6
f 5177/35/12 5185/34/12 5178/40/12 5176/41/12
f 5184/19/11 5180/42/11 5179/15/11 5181/14/11
f 5182/12/2 5183/13/2 5181/14/2 5179/15/2
f 5183/13/1 5175/39/1 5178/36/1 5181/14/1
f 5181/14/9 5178/40/9 5185/34/9 5184/19/9
f 5180/42/3 5184/19/3 5185/34/3 5177/35/3
f 5292/121/1 5285/122/1 5189/8/1 5288/123/1
f 5194/35/12 5196/34/12 5197/40/12 5195/41/12
f 5200/19/11 5198/42/11 5199/15/11 5201/14/11
f 5195/41/6 5199/15/6 5198/42/6 5194/35/6
f 5201/14/9 5197/40/9 5196/34/9 5200/19/9
f 5195/24/4 5197/25/4 5191/26/4 5190/27/4
f 5198/42/3 5200/19/3 5196/34/3 5194/35/3
f 5193/13/1 5191/39/1 5197/36/1 5201/14/1
f 5192/12/2 5193/13/2 5201/14/2 5199/15/2
f 5206/35/12 5208/34/12 5209/40/12 5207/41/12
f 5212/19/11 5210/42/11 5211/15/11 5213/14/11
f 5207/41/6 5211/15/6 5210/42/6 5206/35/6
f 5213/14/21 5209/40/21 5208/34/21 5212/19/21
f 5207/24/4 5209/25/4 5203/26/4 5202/27/4
f 5210/42/3 5212/19/3 5208/34/3 5206/35/3
f 5205/13/1 5203/39/1 5209/36/1 5213/14/1
f 5204/12/2 5205/13/2 5213/14/2 5211/15/2
f 5218/35/12 5220/34/12 5221/40/12 5219/41/12
f 5224/19/11 5222/42/11 5223/15/11 5225/14/11
f 5219/41/6 5223/15/6 5222/42/6 5218/35/6
f 5225/14/9 5221/40/9 5220/34/9 5224/19/9
f 5219/24/4 5221/25/4 5215/26/4 5214/27/4
f 5222/42/3 5224/19/3 5220/34/3 5218/35/3
f 5217/13/1 5215/39/1 5221/36/1 5225/14/1
f 5216/12/2 5217/13/2 5225/14/2 5223/15/2
f 5230/35/12 5232/34/12 5233/40/12 5231/41/12
f 5236/19/11 5234/42/11 5235/15/11 5237/14/11
f 5231/41/6 5235/15/6 5234/42/6 5230/35/6
f 5237/14/21 5233/40/21 5232/34/21 5236/19/21
f 5231/24/4 5233/25/4 5227/26/4 5226/27/4
f 5234/42/3 5236/19/3 5232/34/3 5230/35/3
f 5229/13/1 5227/39/1 5233/36/1 5237/14/1
f 5228/12/2 5229/13/2 5237/14/2 5235/15/2
f 5243/19/11 5241/17/11 5242/15/11 5244/14/11
f 5245/16/6 5242/15/6 5241/17/6 5246/18/6
f 5244/14/9 5248/21/9 5247/20/9 5243/19/9
f 5238/12/2 5239/13/2 5244/14/2 5242/15/2
f 5241/17/3 5243/19/3 5247/20/3 5246/18/3
f 5239/13/1 5240/22/1 5248/23/1 5244/14/1
f 5254/19/11 5252/17/11 5253/15/11 5255/14/11
f 5256/16/22 5253/15/22 5252/17/22 5257/18/22
f 5255/14/21 5259/21/21 5258/20/21 5254/19/21
f 5249/12/2 5250/13/2 5255/14/2 5253/15/2
f 5252/17/3 5254/19/3 5258/20/3 5257/18/3
f 5250/13/1 5251/22/1 5259/23/1 5255/14/1
f 5263/32/12 5265/33/12 5266/25/12 5264/24/12
f 5269/23/9 5266/36/9 5265/37/9 5270/38/9
f 5264/28/6 5268/29/6 5267/30/6 5263/31/6
f 5264/24/4 5266/25/4 5261/26/4 5260/27/4
f 5267/18/3 5270/20/3 5265/34/3 5263/35/3
f 5262/22/1 5261/39/1 5266/36/1 5269/23/1
f 5274/32/12 5276/33/12 5277/25/12 5275/24/12
f 5280/23/21 5277/36/21 5276/37/21 5281/38/21
f 5275/28/6 5279/29/6 5278/30/6 5274/31/6
f 5275/24/4 5277/25/4 5272/26/4 5271/27/4
f 5278/18/3 5281/20/3 5276/34/3 5274/35/3
f 5273/22/1 5272/39/1 5277/36/1 5280/23/1
f 5287/124/1 5187/2/1 5284/125/1 5290/126/1
f 5283/127/3 5291/111/3 5293/110/3 5282/128/3
f 5293/110/2 5291/111/2 5295/111/2 5297/110/2
f 5292/121/19 5293/110/19 5297/110/19 5296/121/19
f 5290/126/3 5284/125/3 5285/122/3 5292/121/3
f 5291/111/1 5290/126/1 5294/126/1 5295/111/1
f 5292/121/4 5296/121/4 5294/126/4 5290/126/4
f 5295/111/3 5294/126/3 5296/121/3 5297/110/3
f 5186/1/3 5286/129/3 5291/111/3 5283/127/3
f 5286/129/3 5287/124/3 5290/126/3 5291/111/3
f 5282/128/5 5293/110/5 5289/130/5 5188/9/5
f 5293/110/3 5292/121/3 5288/123/3 5289/130/3
f 5319/69/3 5318/70/3 5320/71/3 5321/72/3
f 5315/73/3 5314/74/3 5316/75/3 5317/76/3
f 5311/77/3 5310/78/3 5312/79/3 5313/80/3
f 5323/81/4 5322/82/4 5310/78/4 5311/77/4
f 5324/83/2 5325/84/2 5313/80/2 5312/79/2
f 5327/85/4 5326/86/4 5314/74/4 5315/73/4
f 5328/87/2 5329/88/2 5317/76/2 5316/75/2
f 5331/89/4 5330/90/4 5318/70/4 5319/69/4
f 5332/91/2 5333/92/2 5321/72/2 5320/71/2
f 5315/73/17 5317/76/17 5329/88/17 5327/93/17
f 5319/69/17 5321/72/17 5333/92/17 5331/94/17
f 5311/77/17 5313/80/17 5325/84/17 5323/95/17
f 5330/90/18 5332/96/18 5320/71/18 5318/70/18
f 5326/86/18 5328/97/18 5316/75/18 5314/74/18
f 5322/82/18 5324/98/18 5312/79/18 5310/78/18
f 5302/99/3 5324/98/3 5322/82/3 5309/100/3
f 5300/101/3 5309/102/3 5322/103/3 5323/81/3
f 5308/104/3 5300/105/3 5323/95/3 5325/84/3
f 5324/98/3 5302/99/3 5303/106/3 5326/107/3
f 5325/108/3 5324/83/3 5326/107/3 5327/85/3
f 5308/104/3 5325/108/3 5327/93/3 5307/109/3
f 5304/110/3 5328/97/3 5326/86/3 5303/106/3
f 5306/111/3 5307/109/3 5327/93/3 5329/88/3
f 5328/97/3 5304/110/3 5305/112/3 5330/113/3
f 5329/114/3 5328/87/3 5330/113/3 5331/89/3
f 5306/111/3 5329/114/3 5331/94/3 5301/115/3
f 5299/116/3 5332/96/3 5330/90/3 5305/112/3
f 5301/115/3 5331/94/3 5333/92/3 5298/117/3
f 5333/118/3 5332/91/3 5299/119/3 5298/120/3
f 5334/12/2 5335/13/2 5338/14/2 5336/15/2
f 5339/16/6 5336/15/6 5337/17/6 5340/18/6
f 5343/19/11 5337/17/11 5336/15/11 5338/14/11
f 5337/17/3 5343/19/3 5341/20/3 5340/18/3
f 5338/14/9 5342/21/9 5341/20/9 5343/19/9
f 5335/13/1 5344/22/1 5342/23/1 5338/14/1
f 5347/24/4 5349/25/4 5346/26/4 5345/27/4
f 5347/28/6 5350/29/6 5351/30/6 5348/31/6
f 5348/32/12 5354/33/12 5349/25/12 5347/24/12
f 5351/18/3 5352/20/3 5354/34/3 5348/35/3
f 5353/23/9 5349/36/9 5354/37/9 5352/38/9
f 5355/22/1 5346/39/1 5349/36/1 5353/23/1
f 5356/12/2 5357/13/2 5360/14/2 5358/15/2
f 5361/16/6 5358/15/6 5359/17/6 5362/18/6
f 5365/19/11 5359/17/11 5358/15/11 5360/14/11
f 5359/17/3 5365/19/3 5363/20/3 5362/18/3
f 5360/14/9 5364/21/9 5363/20/9 5365/19/9
f 5357/13/1 5366/22/1 5364/23/1 5360/14/1
f 5369/24/4 5371/25/4 5368/26/4 5367/27/4
f 5369/28/6 5372/29/6 5373/30/6 5370/31/6
f 5370/32/12 5376/33/12 5371/25/12 5369/24/12
f 5373/18/3 5374/20/3 5376/34/3 5370/35/3
f 5375/23/9 5371/36/9 5376/37/9 5374/38/9
f 5377/22/1 5368/39/1 5371/36/1 5375/23/1
f 5380/24/4 5382/25/4 5379/26/4 5378/27/4
f 5380/41/6 5383/15/6 5384/42/6 5381/35/6
f 5381/35/12 5389/34/12 5382/40/12 5380/41/12
f 5388/19/11 5384/42/11 5383/15/11 5385/14/11
f 5386/12/2 5387/13/2 5385/14/2 5383/15/2
f 5387/13/1 5379/39/1 5382/36/1 5385/14/1
f 5385/14/9 5382/40/9 5389/34/9 5388/19/9
f 5384/42/3 5388/19/3 5389/34/3 5381/35/3
f 5392/24/4 5394/25/4 5391/26/4 5390/27/4
f 5392/41/6 5395/15/6 5396/42/6 5393/35/6
f 5393/35/12 5401/34/12 5394/40/12 5392/41/12
f 5400/19/11 5396/42/11 5395/15/11 5397/14/11
f 5398/12/2 5399/13/2 5397/14/2 5395/15/2
f 5399/13/1 5391/39/1 5394/36/1 5397/14/1
f 5397/14/9 5394/40/9 5401/34/9 5400/19/9
f 5396/42/3 5400/19/3 5401/34/3 5393/35/3
f 5404/24/4 5406/25/4 5403/26/4 5402/27/4
f 5404/41/6 5407/15/6 5408/42/6 5405/35/6
f 5405/35/12 5413/34/12 5406/40/12 5404/41/12
f 5412/19/11 5408/42/11 5407/15/11 5409/14/11
f 5410/12/2 5411/13/2 5409/14/2 5407/15/2
f 5411/13/1 5403/39/1 5406/36/1 5409/14/1
f 5409/14/9 5406/40/9 5413/34/9 5412/19/9
f 5408/42/3 5412/19/3 5413/34/3 5405/35/3
f 5416/24/4 5418/25/4 5415/26/4 5414/27/4
f 5416/41/6 5419/15/6 5420/42/6 5417/35/6
f 5417/35/12 5425/34/12 5418/40/12 5416/41/12
f 5424/19/11 5420/42/11 5419/15/11 5421/14/11
f 5422/12/2 5423/13/2 5421/14/2 5419/15/2
f 5423/13/1 5415/39/1 5418/36/1 5421/14/1
f 5421/14/9 5418/40/9 5425/34/9 5424/19/9
f 5420/42/3 5424/19/3 5425/34/3 5417/35/3
f 5426/1/3 5427/2/3 5429/8/3 5428/9/3
f 5434/35/12 5436/34/12 5437/40/12 5435/41/12
f 5440/19/11 5438/42/11 5439/15/11 5441/14/11
f 5435/41/6 5439/15/6 5438/42/6 5434/35/6
f 5441/14/9 5437/40/9 5436/34/9 5440/19/9
f 5435/24/4 5437/25/4 5431/26/4 5430/27/4
f 5438/42/3 5440/19/3 5436/34/3 5434/35/3
f 5433/13/1 5431/39/1 5437/36/1 5441/14/1
f 5432/12/2 5433/13/2 5441/14/2 5439/15/2
f 5446/35/12 5448/34/12 5449/40/12 5447/41/12
f 5452/19/11 5450/42/11 5451/15/11 5453/14/11
f 5447/41/6 5451/15/6 5450/42/6 5446/35/6
f 5453/14/9 5449/40/9 5448/34/9 5452/19/9
f 5447/24/4 5449/25/4 5443/26/4 5442/27/4
f 5450/42/3 5452/19/3 5448/34/3 5446/35/3
f 5445/13/1 5443/39/1 5449/36/1 5453/14/1
f 5444/12/2 5445/13/2 5453/14/2 5451/15/2
f 5458/35/12 5460/34/12 5461/40/12 5459/41/12
f 5464/19/11 5462/42/11 5463/15/11 5465/14/11
f 5459/41/6 5463/15/6 5462/42/6 5458/35/6
f 5465/14/9 5461/40/9 5460/34/9 5464/19/9
f 5459/24/4 5461/25/4 5455/26/4 5454/27/4
f 5462/42/3 5464/19/3 5460/34/3 5458/35/3
f 5457/13/1 5455/39/1 5461/36/1 5465/14/1
f 5456/12/2 5457/13/2 5465/14/2 5463/15/2
f 5470/35/12 5472/34/12 5473/40/12 5471/41/12
f 5476/19/11 5474/42/11 5475/15/11 5477/14/11
f 5471/41/6 5475/15/6 5474/42/6 5470/35/6
f 5477/14/9 5473/40/9 5472/34/9 5476/19/9
f 5471/24/4 5473/25/4 5467/26/4 5466/27/4
f 5474/42/3 5476/19/3 5472/34/3 5470/35/3
f 5469/13/1 5467/39/1 5473/36/1 5477/14/1
f 5468/12/2 5469/13/2 5477/14/2 5475/15/2
f 5483/19/11 5481/17/11 5482/15/11 5484/14/11
f 5485/16/6 5482/15/6 5481/17/6 5486/18/6
f 5484/14/9 5488/21/9 5487/20/9 5483/19/9
f 5478/12/2 5479/13/2 5484/14/2 5482/15/2
f 5481/17/3 5483/19/3 5487/20/3 5486/18/3
f 5479/13/1 5480/22/1 5488/23/1 5484/14/1
f 5494/19/11 5492/17/11 5493/15/11 5495/14/11
f 5496/16/6 5493/15/6 5492/17/6 5497/18/6
f 5495/14/9 5499/21/9 5498/20/9 5494/19/9
f 5489/12/2 5490/13/2 5495/14/2 5493/15/2
f 5492/17/3 5494/19/3 5498/20/3 5497/18/3
f 5490/13/1 5491/22/1 5499/23/1 5495/14/1
f 5503/32/12 5505/33/12 5506/25/12 5504/24/12
f 5509/23/9 5506/36/9 5505/37/9 5510/38/9
f 5504/28/6 5508/29/6 5507/30/6 5503/31/6
f 5504/24/4 5506/25/4 5501/26/4 5500/27/4
f 5507/18/3 5510/20/3 5505/34/3 5503/35/3
f 5502/22/1 5501/39/1 5506/36/1 5509/23/1
f 5514/32/12 5516/33/12 5517/25/12 5515/24/12
f 5520/23/9 5517/36/9 5516/37/9 5521/38/9
f 5515/28/6 5519/29/6 5518/30/6 5514/31/6
f 5515/24/4 5517/25/4 5512/26/4 5511/27/4
f 5518/18/3 5521/20/3 5516/34/3 5514/35/3
f 5513/22/1 5512/39/1 5517/36/1 5520/23/1
f 5628/121/3 5621/122/3 5525/8/3 5624/123/3
f 5530/35/12 5532/34/12 5533/40/12 5531/41/12
f 5536/19/11 5534/42/11 5535/15/11 5537/14/11
f 5531/41/6 5535/15/6 5534/42/6 5530/35/6
f 5537/14/9 5533/40/9 5532/34/9 5536/19/9
f 5531/24/4 5533/25/4 5527/26/4 5526/27/4
f 5534/42/3 5536/19/3 5532/34/3 5530/35/3
f 5529/13/1 5527/39/1 5533/36/1 5537/14/1
f 5528/12/2 5529/13/2 5537/14/2 5535/15/2
f 5542/35/12 5544/34/12 5545/40/12 5543/41/12
f 5548/19/11 5546/42/11 5547/15/11 5549/14/11
f 5543/41/6 5547/15/6 5546/42/6 5542/35/6
f 5549/14/9 5545/40/9 5544/34/9 5548/19/9
f 5543/24/4 5545/25/4 5539/26/4 5538/27/4
f 5546/42/3 5548/19/3 5544/34/3 5542/35/3
f 5541/13/1 5539/39/1 5545/36/1 5549/14/1
f 5540/12/2 5541/13/2 5549/14/2 5547/15/2
f 5554/35/12 5556/34/12 5557/40/12 5555/41/12
f 5560/19/11 5558/42/11 5559/15/11 5561/14/11
f 5555/41/6 5559/15/6 5558/42/6 5554/35/6
f 5561/14/9 5557/40/9 5556/34/9 5560/19/9
f 5555/24/4 5557/25/4 5551/26/4 5550/27/4
f 5558/42/3 5560/19/3 5556/34/3 5554/35/3
f 5553/13/1 5551/39/1 5557/36/1 5561/14/1
f 5552/12/2 5553/13/2 5561/14/2 5559/15/2
f 5566/35/12 5568/34/12 5569/40/12 5567/41/12
f 5572/19/11 5570/42/11 5571/15/11 5573/14/11
f 5567/41/6 5571/15/6 5570/42/6 5566/35/6
f 5573/14/9 5569/40/9 5568/34/9 5572/19/9
f 5567/24/4 5569/25/4 5563/26/4 5562/27/4
f 5570/42/3 5572/19/3 5568/34/3 5566/35/3
f 5565/13/1 5563/39/1 5569/36/1 5573/14/1
f 5564/12/2 5565/13/2 5573/14/2 5571/15/2
f 5579/19/11 5577/17/11 5578/15/11 5580/14/11
f 5581/16/6 5578/15/6 5577/17/6 5582/18/6
f 5580/14/9 5584/21/9 5583/20/9 5579/19/9
f 5574/12/2 5575/13/2 5580/14/2 5578/15/2
f 5577/17/3 5579/19/3 5583/20/3 5582/18/3
f 5575/13/1 5576/22/1 5584/23/1 5580/14/1
f 5590/19/11 5588/17/11 5589/15/11 5591/14/11
f 5592/16/6 5589/15/6 5588/17/6 5593/18/6
f 5591/14/9 5595/21/9 5594/20/9 5590/19/9
f 5585/12/2 5586/13/2 5591/14/2 5589/15/2
f 5588/17/3 5590/19/3 5594/20/3 5593/18/3
f 5586/13/1 5587/22/1 5595/23/1 5591/14/1
f 5599/32/12 5601/33/12 5602/25/12 5600/24/12
f 5605/23/9 5602/36/9 5601/37/9 5606/38/9
f 5600/28/6 5604/29/6 5603/30/6 5599/31/6
f 5600/24/4 5602/25/4 5597/26/4 5596/27/4
f 5603/18/3 5606/20/3 5601/34/3 5599/35/3
f 5598/22/1 5597/39/1 5602/36/1 5605/23/1
f 5610/32/12 5612/33/12 5613/25/12 5611/24/12
f 5616/23/9 5613/36/9 5612/37/9 5617/38/9
f 5611/28/6 5615/29/6 5614/30/6 5610/31/6
f 5611/24/4 5613/25/4 5608/26/4 5607/27/4
f 5614/18/3 5617/20/3 5612/34/3 5610/35/3
f 5609/22/1 5608/39/1 5613/36/1 5616/23/1
f 5623/124/3 5523/2/3 5620/125/3 5626/126/3
f 5619/127/3 5627/111/3 5629/110/3 5618/128/3
f 5629/110/2 5627/111/2 5631/111/2 5633/110/2
f 5628/121/19 5629/110/19 5633/110/19 5632/121/19
f 5626/126/3 5620/125/3 5621/122/3 5628/121/3
f 5627/111/1 5626/126/1 5630/126/1 5631/111/1
f 5628/121/4 5632/121/4 5630/126/4 5626/126/4
f 5631/111/3 5630/126/3 5632/121/3 5633/110/3
f 5522/1/1 5622/129/1 5627/111/1 5619/127/1
f 5622/129/3 5623/124/3 5626/126/3 5627/111/3
f 5618/128/1 5629/110/1 5625/130/1 5524/9/1
f 5629/110/3 5628/121/3 5624/123/3 5625/130/3
f 5634/1/3 5635/2/3 5637/8/3 5636/9/3
f 5642/35/12 5644/34/12 5645/40/12 5643/41/12
f 5648/19/11 5646/42/11 5647/15/11 5649/14/11
f 5643/41/6 5647/15/6 5646/42/6 5642/35/6
f 5649/14/9 5645/40/9 5644/34/9 5648/19/9
f 5643/24/4 5645/25/4 5639/26/4 5638/27/4
f 5646/42/3 5648/19/3 5644/34/3 5642/35/3
f 5641/13/1 5639/39/1 5645/36/1 5649/14/1
f 5640/12/2 5641/13/2 5649/14/2 5647/15/2
f 5654/35/12 5656/34/12 5657/40/12 5655/41/12
f 5660/19/11 5658/42/11 5659/15/11 5661/14/11
f 5655/41/6 5659/15/6 5658/42/6 5654/35/6
f 5661/14/9 5657/40/9 5656/34/9 5660/19/9
f 5655/24/4 5657/25/4 5651/26/4 5650/27/4
f 5658/42/3 5660/19/3 5656/34/3 5654/35/3
f 5653/13/1 5651/39/1 5657/36/1 5661/14/1
f 5652/12/2 5653/13/2 5661/14/2 5659/15/2
f 5666/35/12 5668/34/12 5669/40/12 5667/41/12
f 5672/19/11 5670/42/11 5671/15/11 5673/14/11
f 5667/41/6 5671/15/6 5670/42/6 5666/35/6
f 5673/14/9 5669/40/9 5668/34/9 5672/19/9
f 5667/24/4 5669/25/4 5663/26/4 5662/27/4
f 5670/42/3 5672/19/3 5668/34/3 5666/35/3
f 5665/13/1 5663/39/1 5669/36/1 5673/14/1
f 5664/12/2 5665/13/2 5673/14/2 5671/15/2
f 5678/35/12 5680/34/12 5681/40/12 5679/41/12
f 5684/19/11 5682/42/11 5683/15/11 5685/14/11
f 5679/41/6 5683/15/6 5682/42/6 5678/35/6
f 5685/14/9 5681/40/9 5680/34/9 5684/19/9
f 5679/24/4 5681/25/4 5675/26/4 5674/27/4
f 5682/42/3 5684/19/3 5680/34/3 5678/35/3
f 5677/13/1 5675/39/1 5681/36/1 5685/14/1
f 5676/12/2 5677/13/2 5685/14/2 5683/15/2
f 5691/19/11 5689/17/11 5690/15/11 5692/14/11
f 5693/16/6 5690/15/6 5689/17/6 5694/18/6
f 5692/14/9 5696/21/9 5695/20/9 5691/19/9
f 5686/12/2 5687/13/2 5692/14/2 5690/15/2
f 5689/17/3 5691/19/3 5695/20/3 5694/18/3
f 5687/13/1 5688/22/1 5696/23/1 5692/14/1
f 5702/19/11 5700/17/11 5701/15/11 5703/14/11
f 5704/16/6 5701/15/6 5700/17/6 5705/18/6
f 5703/14/9 5707/21/9 5706/20/9 5702/19/9
f 5697/12/2 5698/13/2 5703/14/2 5701/15/2
f 5700/17/3 5702/19/3 5706/20/3 5705/18/3
f 5698/13/1 5699/22/1 5707/23/1 5703/14/1
f 5711/32/12 5713/33/12 5714/25/12 5712/24/12
f 5717/23/9 5714/36/9 5713/37/9 5718/38/9
f 5712/28/6 5716/29/6 5715/30/6 5711/31/6
f 5712/24/4 5714/25/4 5709/26/4 5708/27/4
f 5715/18/3 5718/20/3 5713/34/3 5711/35/3
f 5710/22/1 5709/39/1 5714/36/1 5717/23/1
f 5722/32/12 5724/33/12 5725/25/12 5723/24/12
f 5728/23/9 5725/36/9 5724/37/9 5729/38/9
f 5723/28/6 5727/29/6 5726/30/6 5722/31/6
f 5723/24/4 5725/25/4 5720/26/4 5719/27/4
f 5726/18/3 5729/20/3 5724/34/3 5722/35/3
f 5721/22/1 5720/39/1 5725/36/1 5728/23/1
f 5751/69/3 5750/70/3 5752/71/3 5753/72/3
f 5747/73/3 5746/74/3 5748/75/3 5749/76/3
f 5743/77/3 5742/78/3 5744/79/3 5745/80/3
f 5755/81/4 5754/82/4 5742/78/4 5743/77/4
f 5756/83/2 5757/84/2 5745/80/2 5744/79/2
f 5759/85/4 5758/86/4 5746/74/4 5747/73/4
f 5760/87/2 5761/88/2 5749/76/2 5748/75/2
f 5763/89/4 5762/90/4 5750/70/4 5751/69/4
f 5764/91/2 5765/92/2 5753/72/2 5752/71/2
f 5747/73/17 5749/76/17 5761/88/17 5759/93/17
f 5751/69/17 5753/72/17 5765/92/17 5763/94/17
f 5743/77/17 5745/80/17 5757/84/17 5755/95/17
f 5762/90/18 5764/96/18 5752/71/18 5750/70/18
f 5758/86/18 5760/97/18 5748/75/18 5746/74/18
f 5754/82/18 5756/98/18 5744/79/18 5742/78/18
f 5734/99/3 5756/98/3 5754/82/3 5741/100/3
f 5732/101/3 5741/102/3 5754/103/3 5755/81/3
f 5740/104/3 5732/105/3 5755/95/3 5757/84/3
f 5756/98/3 5734/99/3 5735/106/3 5758/107/3
f 5757/108/3 5756/83/3 5758/107/3 5759/85/3
f 5740/104/3 5757/108/3 5759/93/3 5739/109/3
f 5736/110/3 5760/97/3 5758/86/3 5735/106/3
f 5738/111/3 5739/109/3 5759/93/3 5761/88/3
f 5760/97/3 5736/110/3 5737/112/3 5762/113/3
f 5761/114/3 5760/87/3 5762/113/3 5763/89/3
f 5738/111/3 5761/114/3 5763/94/3 5733/115/3
f 5731/116/3 5764/96/3 5762/90/3 5737/112/3
f 5733/115/3 5763/94/3 5765/92/3 5730/117/3
f 5765/118/3 5764/91/3 5731/119/3 5730/120/3
f 5766/12/2 5767/13/2 5770/14/2 5768/15/2
f 5771/16/6 5768/15/6 5769/17/6 5772/18/6
f 5775/19/11 5769/17/11 5768/15/11 5770/14/11
f 5769/17/3 5775/19/3 5773/20/3 5772/18/3
f 5770/14/9 5774/21/9 5773/20/9 5775/19/9
f 5767/13/1 5776/22/1 5774/23/1 5770/14/1
f 5779/24/4 5781/25/4 5778/26/4 5777/27/4
f 5779/28/6 5782/29/6 5783/30/6 5780/31/6
f 5780/32/12 5786/33/12 5781/25/12 5779/24/12
f 5783/18/3 5784/20/3 5786/34/3 5780/35/3
f 5785/23/9 5781/36/9 5786/37/9 5784/38/9
f 5787/22/1 5778/39/1 5781/36/1 5785/23/1
f 5788/12/2 5789/13/2 5792/14/2 5790/15/2
f 5793/16/6 5790/15/6 5791/17/6 5794/18/6
f 5797/19/11 5791/17/11 5790/15/11 5792/14/11
f 5791/17/3 5797/19/3 5795/20/3 5794/18/3
f 5792/14/9 5796/21/9 5795/20/9 5797/19/9
f 5789/13/1 5798/22/1 5796/23/1 5792/14/1
f 5801/24/4 5803/25/4 5800/26/4 5799/27/4
f 5801/28/6 5804/29/6 5805/30/6 5802/31/6
f 5802/32/12 5808/33/12 5803/25/12 5801/24/12
f 5805/18/3 5806/20/3 5808/34/3 5802/35/3
f 5807/23/9 5803/36/9 5808/37/9 5806/38/9
f 5809/22/1 5800/39/1 5803/36/1 5807/23/1
f 5812/24/4 5814/25/4 5811/26/4 5810/27/4
f 5812/41/6 5815/15/6 5816/42/6 5813/35/6
f 5813/35/12 5821/34/12 5814/40/12 5812/41/12
f 5820/19/11 5816/42/11 5815/15/11 5817/14/11
f 5818/12/2 5819/13/2 5817/14/2 5815/15/2
f 5819/13/1 5811/39/1 5814/36/1 5817/14/1
f 5817/14/9 5814/40/9 5821/34/9 5820/19/9
f 5816/42/3 5820/19/3 5821/34/3 5813/35/3
f 5824/24/4 5826/25/4 5823/26/4 5822/27/4
f 5824/41/6 5827/15/6 5828/42/6 5825/35/6
f 5825/35/12 5833/34/12 5826/40/12 5824/41/12
f 5832/19/11 5828/42/11 5827/15/11 5829/14/11
f 5830/12/2 5831/13/2 5829/14/2 5827/15/2
f 5831/13/1 5823/39/1 5826/36/1 5829/14/1
f 5829/14/9 5826/40/9 5833/34/9 5832/19/9
f 5828/42/3 5832/19/3 5833/34/3 5825/35/3
f 5836/24/4 5838/25/4 5835/26/4 5834/27/4
f 5836/41/6 5839/15/6 5840/42/6 5837/35/6
f 5837/35/12 5845/34/12 5838/40/12 5836/41/12
f 5844/19/11 5840/42/11 5839/15/11 5841/14/11
f 5842/12/2 5843/13/2 5841/14/2 5839/15/2
f 5843/13/1 5835/39/1 5838/36/1 5841/14/1
f 5841/14/9 5838/40/9 5845/34/9 5844/19/9
f 5840/42/3 5844/19/3 5845/34/3 5837/35/3
f 5848/24/4 5850/25/4 5847/26/4 5846/27/4
f 5848/41/6 5851/15/6 5852/42/6 5849/35/6
f 5849/35/12 5857/34/12 5850/40/12 5848/41/12
f 5856/19/11 5852/42/11 5851/15/11 5853/14/11
f 5854/12/2 5855/13/2 5853/14/2 5851/15/2
f 5855/13/1 5847/39/1 5850/36/1 5853/14/1
f 5853/14/9 5850/40/9 5857/34/9 5856/19/9
f 5852/42/3 5856/19/3 5857/34/3 5849/35/3
f 5879/69/3 5878/70/3 5880/71/3 5881/72/3
f 5875/73/3 5874/74/3 5876/75/3 5877/76/3
f 5871/77/3 5870/78/3 5872/79/3 5873/80/3
f 5883/81/4 5882/82/4 5870/78/4 5871/77/4
f 5884/83/2 5885/84/2 5873/80/2 5872/79/2
f 5887/85/4 5886/86/4 5874/74/4 5875/73/4
f 5888/87/2 5889/88/2 5877/76/2 5876/75/2
f 5891/89/4 5890/90/4 5878/70/4 5879/69/4
f 5892/91/2 5893/92/2 5881/72/2 5880/71/2
f 5875/73/17 5877/76/17 5889/88/17 5887/93/17
f 5879/69/17 5881/72/17 5893/92/17 5891/94/17
f 5871/77/17 5873/80/17 5885/84/17 5883/95/17
f 5890/90/18 5892/96/18 5880/71/18 5878/70/18
f 5886/86/18 5888/97/18 5876/75/18 5874/74/18
f 5882/82/18 5884/98/18 5872/79/18 5870/78/18
f 5862/99/3 5884/98/3 5882/82/3 5869/100/3
f 5860/101/3 5869/102/3 5882/103/3 5883/81/3
f 5868/104/3 5860/105/3 5883/95/3 5885/84/3
f 5884/98/3 5862/99/3 5863/106/3 5886/107/3
f 5885/108/3 5884/83/3 5886/107/3 5887/85/3
f 5868/104/3 5885/108/3 5887/93/3 5867/109/3
f 5864/110/3 5888/97/3 5886/86/3 5863/106/3
f 5866/111/3 5867/109/3 5887/93/3 5889/88/3
f 5888/97/3 5864/110/3 5865/112/3 5890/113/3
f 5889/114/3 5888/87/3 5890/113/3 5891/89/3
f 5866/111/3 5889/114/3 5891/94/3 5861/115/3
f 5859/116/3 5892/96/3 5890/90/3 5865/112/3
f 5861/115/3 5891/94/3 5893/92/3 5858/117/3
f 5893/118/3 5892/91/3 5859/119/3 5858/120/3
f 5894/12/2 5895/13/2 5898/14/2 5896/15/2
f 5899/16/6 5896/15/6 5897/17/6 5900/18/6
f 5903/19/11 5897/17/11 5896/15/11 5898/14/11
f 5897/17/3 5903/19/3 5901/20/3 5900/18/3
f 5898/14/9 5902/21/9 5901/20/9 5903/19/9
f 5895/13/1 5904/22/1 5902/23/1 5898/14/1
f 5907/24/4 5909/25/4 5906/26/4 5905/27/4
f 5907/28/6 5910/29/6 5911/30/6 5908/31/6
f 5908/32/12 5914/33/12 5909/25/12 5907/24/12
f 5911/18/3 5912/20/3 5914/34/3 5908/35/3
f 5913/23/9 5909/36/9 5914/37/9 5912/38/9
f 5915/22/1 5906/39/1 5909/36/1 5913/23/1
f 5916/12/2 5917/13/2 5920/14/2 5918/15/2
f 5921/16/6 5918/15/6 5919/17/6 5922/18/6
f 5925/19/11 5919/17/11 5918/15/11 5920/14/11
f 5919/17/3 5925/19/3 5923/20/3 5922/18/3
f 5920/14/9 5924/21/9 5923/20/9 5925/19/9
f 5917/13/1 5926/22/1 5924/23/1 5920/14/1
f 5929/24/4 5931/25/4 5928/26/4 5927/27/4
f 5929/28/6 5932/29/6 5933/30/6 5930/31/6
f 5930/32/12 5936/33/12 5931/25/12 5929/24/12
f 5933/18/3 5934/20/3 5936/34/3 5930/35/3
f 5935/23/9 5931/36/9 5936/37/9 5934/38/9
f 5937/22/1 5928/39/1 5931/36/1 5935/23/1
f 5940/24/4 5942/25/4 5939/26/4 5938/27/4
f 5940/41/6 5943/15/6 5944/42/6 5941/35/6
f 5941/35/12 5949/34/12 5942/40/12 5940/41/12
f 5948/19/11 5944/42/11 5943/15/11 5945/14/11
f 5946/12/2 5947/13/2 5945/14/2 5943/15/2
f 5947/13/1 5939/39/1 5942/36/1 5945/14/1
f 5945/14/9 5942/40/9 5949/34/9 5948/19/9
f 5944/42/3 5948/19/3 5949/34/3 5941/35/3
f 5952/24/4 5954/25/4 5951/26/4 5950/27/4
f 5952/41/6 5955/15/6 5956/42/6 5953/35/6
f 5953/35/12 5961/34/12 5954/40/12 5952/41/12
f 5960/19/11 5956/42/11 5955/15/11 5957/14/11
f 5958/12/2 5959/13/2 5957/14/2 5955/15/2
f 5959/13/1 5951/39/1 5954/36/1 5957/14/1
f 5957/14/9 5954/40/9 5961/34/9 5960/19/9
f 5956/42/3 5960/19/3 5961/34/3 5953/35/3
f 5964/24/4 5966/25/4 5963/26/4 5962/27/4
f 5964/41/6 5967/15/6 5968/42/6 5965/35/6
f 5965/35/12 5973/34/12 5966/40/12 5964/41/12
f 5972/19/11 5968/42/11 5967/15/11 5969/14/11
f 5970/12/2 5971/13/2 5969/14/2 5967/15/2
f 5971/13/1 5963/39/1 5966/36/1 5969/14/1
f 5969/14/9 5966/40/9 5973/34/9 5972/19/9
f 5968/42/3 5972/19/3 5973/34/3 5965/35/3
f 5976/24/4 5978/25/4 5975/26/4 5974/27/4
f 5976/41/6 5979/15/6 5980/42/6 5977/35/6
f 5977/35/12 5985/34/12 5978/40/12 5976/41/12
f 5984/19/11 5980/42/11 5979/15/11 5981/14/11
f 5982/12/2 5983/13/2 5981/14/2 5979/15/2
f 5983/13/1 5975/39/1 5978/36/1 5981/14/1
f 5981/14/9 5978/40/9 5985/34/9 5984/19/9
f 5980/42/3 5984/19/3 5985/34/3 5977/35/3
f 5986/1/3 5987/2/3 5989/8/3 5988/9/3
f 5994/35/12 5996/34/12 5997/40/12 5995/41/12
f 6000/19/11 5998/42/11 5999/15/11 6001/14/11
f 5995/41/6 5999/15/6 5998/42/6 5994/35/6
f 6001/14/9 5997/40/9 5996/34/9 6000/19/9
f 5995/24/4 5997/25/4 5991/26/4 5990/27/4
f 5998/42/3 6000/19/3 5996/34/3 5994/35/3
f 5993/13/1 5991/39/1 5997/36/1 6001/14/1
f 5992/12/2 5993/13/2 6001/14/2 5999/15/2
f 6006/35/12 6008/34/12 6009/40/12 6007/41/12
f 6012/19/11 6010/42/11 6011/15/11 6013/14/11
f 6007/41/6 6011/15/6 6010/42/6 6006/35/6
f 6013/14/9 6009/40/9 6008/34/9 6012/19/9
f 6007/24/4 6009/25/4 6003/26/4 6002/27/4
f 6010/42/3 6012/19/3 6008/34/3 6006/35/3
f 6005/13/1 6003/39/1 6009/36/1 6013/14/1
f 6004/12/2 6005/13/2 6013/14/2 6011/15/2
f 6018/35/12 6020/34/12 6021/40/12 6019/41/12
f 6024/19/11 6022/42/11 6023/15/11 6025/14/11
f 6019/41/6 6023/15/6 6022/42/6 6018/35/6
f 6025/14/9 6021/40/9 6020/34/9 6024/19/9
f 6019/24/4 6021/25/4 6015/26/4 6014/27/4
f 6022/42/3 6024/19/3 6020/34/3 6018/35/3
f 6017/13/1 6015/39/1 6021/36/1 6025/14/1
f 6016/12/2 6017/13/2 6025/14/2 6023/15/2
f 6030/35/12 6032/34/12 6033/40/12 6031/41/12
f 6036/19/11 6034/42/11 6035/15/11 6037/14/11
f 6031/41/6 6035/15/6 6034/42/6 6030/35/6
f 6037/14/9 6033/40/9 6032/34/9 6036/19/9
f 6031/24/4 6033/25/4 6027/26/4 6026/27/4
f 6034/42/3 6036/19/3 6032/34/3 6030/35/3
f 6029/13/1 6027/39/1 6033/36/1 6037/14/1
f 6028/12/2 6029/13/2 6037/14/2 6035/15/2
f 6043/19/11 6041/17/11 6042/15/11 6044/14/11
f 6045/16/6 6042/15/6 6041/17/6 6046/18/6
f 6044/14/9 6048/21/9 6047/20/9 6043/19/9
f 6038/12/2 6039/13/2 6044/14/2 6042/15/2
f 6041/17/3 6043/19/3 6047/20/3 6046/18/3
f 6039/13/1 6040/22/1 6048/23/1 6044/14/1
f 6054/19/11 6052/17/11 6053/15/11 6055/14/11
f 6056/16/6 6053/15/6 6052/17/6 6057/18/6
f 6055/14/9 6059/21/9 6058/20/9 6054/19/9
f 6049/12/2 6050/13/2 6055/14/2 6053/15/2
f 6052/17/3 6054/19/3 6058/20/3 6057/18/3
f 6050/13/1 6051/22/1 6059/23/1 6055/14/1
f 6063/32/12 6065/33/12 6066/25/12 6064/24/12
f 6069/23/9 6066/36/9 6065/37/9 6070/38/9
f 6064/28/6 6068/29/6 6067/30/6 6063/31/6
f 6064/24/4 6066/25/4 6061/26/4 6060/27/4
f 6067/18/3 6070/20/3 6065/34/3 6063/35/3
f 6062/22/1 6061/39/1 6066/36/1 6069/23/1
f 6074/32/12 6076/33/12 6077/25/12 6075/24/12
f 6080/23/9 6077/36/9 6076/37/9 6081/38/9
f 6075/28/6 6079/29/6 6078/30/6 6074/31/6
f 6075/24/4 6077/25/4 6072/26/4 6071/27/4
f 6078/18/3 6081/20/3 6076/34/3 6074/35/3
f 6073/22/1 6072/39/1 6077/36/1 6080/23/1
f 6103/69/3 6102/70/3 6104/71/3 6105/72/3
f 6099/73/3 6098/74/3 6100/75/3 6101/76/3
f 6095/77/3 6094/78/3 6096/79/3 6097/80/3
f 6107/81/4 6106/82/4 6094/78/4 6095/77/4
f 6108/83/2 6109/84/2 6097/80/2 6096/79/2
f 6111/85/4 6110/86/4 6098/74/4 6099/73/4
f 6112/87/2 6113/88/2 6101/76/2 6100/75/2
f 6115/89/4 6114/90/4 6102/70/4 6103/69/4
f 6116/91/2 6117/92/2 6105/72/2 6104/71/2
f 6099/73/17 6101/76/17 6113/88/17 6111/93/17
f 6103/69/17 6105/72/17 6117/92/17 6115/94/17
f 6095/77/17 6097/80/17 6109/84/17 6107/95/17
f 6114/90/18 6116/96/18 6104/71/18 6102/70/18
f 6110/86/18 6112/97/18 6100/75/18 6098/74/18
f 6106/82/18 6108/98/18 6096/79/18 6094/78/18
f 6086/99/3 6108/98/3 6106/82/3 6093/100/3
f 6084/101/3 6093/102/3 6106/103/3 6107/81/3
f 6092/104/3 6084/105/3 6107/95/3 6109/84/3
f 6108/98/3 6086/99/3 6087/106/3 6110/107/3
f 6109/108/3 6108/83/3 6110/107/3 6111/85/3
f 6092/104/3 6109/108/3 6111/93/3 6091/109/3
f 6088/110/3 6112/97/3 6110/86/3 6087/106/3
f 6090/111/3 6091/109/3 6111/93/3 6113/88/3
f 6112/97/3 6088/110/3 6089/112/3 6114/113/3
f 6113/114/3 6112/87/3 6114/113/3 6115/89/3
f 6090/111/3 6113/114/3 6115/94/3 6085/115/3
f 6083/116/3 6116/96/3 6114/90/3 6089/112/3
f 6085/115/3 6115/94/3 6117/92/3 6082/117/3
f 6117/118/3 6116/91/3 6083/119/3 6082/120/3
f 6118/12/2 6119/13/2 6122/14/2 6120/15/2
f 6123/16/10 6120/15/10 6121/17/10 6124/18/10
f 6127/19/11 6121/17/11 6120/15/11 6122/14/11
f 6121/17/3 6127/19/3 6125/20/3 6124/18/3
f 6122/14/9 6126/21/9 6125/20/9 6127/19/9
f 6119/13/1 6128/22/1 6126/23/1 6122/14/1
f 6131/24/4 6133/25/4 6130/26/4 6129/27/4
f 6131/28/6 6134/29/6 6135/30/6 6132/31/6
f 6132/32/12 6138/33/12 6133/25/12 6131/24/12
f 6135/18/3 6136/20/3 6138/34/3 6132/35/3
f 6137/23/21 6133/36/21 6138/37/21 6136/38/21
f 6139/22/1 6130/39/1 6133/36/1 6137/23/1
f 6140/12/2 6141/13/2 6144/14/2 6142/15/2
f 6145/16/6 6142/15/6 6143/17/6 6146/18/6
f 6149/19/11 6143/17/11 6142/15/11 6144/14/11
f 6143/17/3 6149/19/3 6147/20/3 6146/18/3
f 6144/14/21 6148/21/21 6147/20/21 6149/19/21
f 6141/13/1 6150/22/1 6148/23/1 6144/14/1
f 6153/24/4 6155/25/4 6152/26/4 6151/27/4
f 6153/28/10 6156/29/10 6157/30/10 6154/31/10
f 6154/32/12 6160/33/12 6155/25/12 6153/24/12
f 6157/18/3 6158/20/3 6160/34/3 6154/35/3
f 6159/23/9 6155/36/9 6160/37/9 6158/38/9
f 6161/22/1 6152/39/1 6155/36/1 6159/23/1
f 6164/24/4 6166/25/4 6163/26/4 6162/27/4
f 6164/41/6 6167/15/6 6168/42/6 6165/35/6
f 6165/35/12 6173/34/12 6166/40/12 6164/41/12
f 6172/19/11 6168/42/11 6167/15/11 6169/14/11
f 6170/12/2 6171/13/2 6169/14/2 6167/15/2
f 6171/13/1 6163/39/1 6166/36/1 6169/14/1
f 6169/14/9 6166/40/9 6173/34/9 6172/19/9
f 6168/42/3 6172/19/3 6173/34/3 6165/35/3
f 6176/24/4 6178/25/4 6175/26/4 6174/27/4
f 6176/41/6 6179/15/6 6180/42/6 6177/35/6
f 6177/35/12 6185/34/12 6178/40/12 6176/41/12
f 6184/19/11 6180/42/11 6179/15/11 6181/14/11
f 6182/12/2 6183/13/2 6181/14/2 6179/15/2
f 6183/13/1 6175/39/1 6178/36/1 6181/14/1
f 6181/14/9 6178/40/9 6185/34/9 6184/19/9
f 6180/42/3 6184/19/3 6185/34/3 6177/35/3
f 6188/24/4 6190/25/4 6187/26/4 6186/27/4
f 6188/41/6 6191/15/6 6192/42/6 6189/35/6
f 6189/35/12 6197/34/12 6190/40/12 6188/41/12
f 6196/19/11 6192/42/11 6191/15/11 6193/14/11
f 6194/12/2 6195/13/2 6193/14/2 6191/15/2
f 6195/13/1 6187/39/1 6190/36/1 6193/14/1
f 6193/14/9 6190/40/9 6197/34/9 6196/19/9
f 6192/42/3 6196/19/3 6197/34/3 6189/35/3
f 6200/24/4 6202/25/4 6199/26/4 6198/27/4
f 6200/41/6 6203/15/6 6204/42/6 6201/35/6
f 6201/35/12 6209/34/12 6202/40/12 6200/41/12
f 6208/19/11 6204/42/11 6203/15/11 6205/14/11
f 6206/12/2 6207/13/2 6205/14/2 6203/15/2
f 6207/13/1 6199/39/1 6202/36/1 6205/14/1
f 6205/14/9 6202/40/9 6209/34/9 6208/19/9
f 6204/42/3 6208/19/3 6209/34/3 6201/35/3
f 6231/69/3 6230/70/3 6232/71/3 6233/72/3
f 6227/73/3 6226/74/3 6228/75/3 6229/76/3
f 6223/77/3 6222/78/3 6224/79/3 6225/80/3
f 6235/81/4 6234/82/4 6222/78/4 6223/77/4
f 6236/83/2 6237/84/2 6225/80/2 6224/79/2
f 6239/85/4 6238/86/4 6226/74/4 6227/73/4
f 6240/87/2 6241/88/2 6229/76/2 6228/75/2
f 6243/89/4 6242/90/4 6230/70/4 6231/69/4
f 6244/91/2 6245/92/2 6233/72/2 6232/71/2
f 6227/73/17 6229/76/17 6241/88/17 6239/93/17
f 6231/69/17 6233/72/17 6245/92/17 6243/94/17
f 6223/77/17 6225/80/17 6237/84/17 6235/95/17
f 6242/90/18 6244/96/18 6232/71/18 6230/70/18
f 6238/86/18 6240/97/18 6228/75/18 6226/74/18
f 6234/82/18 6236/98/18 6224/79/18 6222/78/18
f 6214/99/3 6236/98/3 6234/82/3 6221/100/3
f 6212/101/3 6221/102/3 6234/103/3 6235/81/3
f 6220/104/3 6212/105/3 6235/95/3 6237/84/3
f 6236/98/3 6214/99/3 6215/106/3 6238/107/3
f 6237/108/3 6236/83/3 6238/107/3 6239/85/3
f 6220/104/3 6237/108/3 6239/93/3 6219/109/3
f 6216/110/3 6240/97/3 6238/86/3 6215/106/3
f 6218/111/3 6219/109/3 6239/93/3 6241/88/3
f 6240/97/3 6216/110/3 6217/112/3 6242/113/3
f 6241/114/3 6240/87/3 6242/113/3 6243/89/3
f 6218/111/3 6241/114/3 6243/94/3 6213/115/3
f 6211/116/3 6244/96/3 6242/90/3 6217/112/3
f 6213/115/3 6243/94/3 6245/92/3 6210/117/3
f 6245/118/3 6244/91/3 6211/119/3 6210/120/3
f 6246/12/2 6247/13/2 6250/14/2 6248/15/2
f 6251/16/10 6248/15/10 6249/17/10 6252/18/10
f 6255/19/11 6249/17/11 6248/15/11 6250/14/11
f 6249/17/3 6255/19/3 6253/20/3 6252/18/3
f 6250/14/9 6254/21/9 6253/20/9 6255/19/9
f 6247/13/1 6256/22/1 6254/23/1 6250/14/1
f 6259/24/4 6261/25/4 6258/26/4 6257/27/4
f 6259/28/6 6262/29/6 6263/30/6 6260/31/6
f 6260/32/12 6266/33/12 6261/25/12 6259/24/12
f 6263/18/3 6264/20/3 6266/34/3 6260/35/3
f 6265/23/21 6261/36/21 6266/37/21 6264/38/21
f 6267/22/1 6258/39/1 6261/36/1 6265/23/1
f 6268/12/2 6269/13/2 6272/14/2 6270/15/2
f 6273/16/6 6270/15/6 6271/17/6 6274/18/6
f 6277/19/11 6271/17/11 6270/15/11 6272/14/11
f 6271/17/3 6277/19/3 6275/20/3 6274/18/3
f 6272/14/21 6276/21/21 6275/20/21 6277/19/21
f 6269/13/1 6278/22/1 6276/23/1 6272/14/1
f 6281/24/4 6283/25/4 6280/26/4 6279/27/4
f 6281/28/10 6284/29/10 6285/30/10 6282/31/10
f 6282/32/12 6288/33/12 6283/25/12 6281/24/12
f 6285/18/3 6286/20/3 6288/34/3 6282/35/3
f 6287/23/9 6283/36/9 6288/37/9 6286/38/9
f 6289/22/1 6280/39/1 6283/36/1 6287/23/1
f 6292/24/4 6294/25/4 6291/26/4 6290/27/4
f 6292/41/6 6295/15/6 6296/42/6 6293/35/6
f 6293/35/12 6301/34/12 6294/40/12 6292/41/12
f 6300/19/11 6296/42/11 6295/15/11 6297/14/11
f 6298/12/2 6299/13/2 6297/14/2 6295/15/2
f 6299/13/1 6291/39/1 6294/36/1 6297/14/1
f 6297/14/9 6294/40/9 6301/34/9 6300/19/9
f 6296/42/3 6300/19/3 6301/34/3 6293/35/3
f 6304/24/4 6306/25/4 6303/26/4 6302/27/4
f 6304/41/6 6307/15/6 6308/42/6 6305/35/6
f 6305/35/12 6313/34/12 6306/40/12 6304/41/12
f 6312/19/11 6308/42/11 6307/15/11 6309/14/11
f 6310/12/2 6311/13/2 6309/14/2 6307/15/2
f 6311/13/1 6303/39/1 6306/36/1 6309/14/1
f 6309/14/9 6306/40/9 6313/34/9 6312/19/9
f 6308/42/3 6312/19/3 6313/34/3 6305/35/3
f 6316/24/4 6318/25/4 6315/26/4 6314/27/4
f 6316/41/6 6319/15/6 6320/42/6 6317/35/6
f 6317/35/12 6325/34/12 6318/40/12 6316/41/12
f 6324/19/11 6320/42/11 6319/15/11 6321/14/11
f 6322/12/2 6323/13/2 6321/14/2 6319/15/2
f 6323/13/1 6315/39/1 6318/36/1 6321/14/1
f 6321/14/9 6318/40/9 6325/34/9 6324/19/9
f 6320/42/3 6324/19/3 6325/34/3 6317/35/3
f 6328/24/4 6330/25/4 6327/26/4 6326/27/4
f 6328/41/6 6331/15/6 6332/42/6 6329/35/6
f 6329/35/12 6337/34/12 6330/40/12 6328/41/12
f 6336/19/11 6332/42/11 6331/15/11 6333/14/11
f 6334/12/2 6335/13/2 6333/14/2 6331/15/2
f 6335/13/1 6327/39/1 6330/36/1 6333/14/1
f 6333/14/9 6330/40/9 6337/34/9 6336/19/9
f 6332/42/3 6336/19/3 6337/34/3 6329/35/3
f 6359/69/3 6358/70/3 6360/71/3 6361/72/3
f 6355/73/3 6354/74/3 6356/75/3 6357/76/3
f 6351/77/3 6350/78/3 6352/79/3 6353/80/3
f 6363/81/4 6362/82/4 6350/78/4 6351/77/4
f 6364/83/2 6365/84/2 6353/80/2 6352/79/2
f 6367/85/4 6366/86/4 6354/74/4 6355/73/4
f 6368/87/2 6369/88/2 6357/76/2 6356/75/2
f 6371/89/4 6370/90/4 6358/70/4 6359/69/4
f 6372/91/2 6373/92/2 6361/72/2 6360/71/2
f 6355/73/17 6357/76/17 6369/88/17 6367/93/17
f 6359/69/17 6361/72/17 6373/92/17 6371/94/17
f 6351/77/17 6353/80/17 6365/84/17 6363/95/17
f 6370/90/18 6372/96/18 6360/71/18 6358/70/18
f 6366/86/18 6368/97/18 6356/75/18 6354/74/18
f 6362/82/18 6364/98/18 6352/79/18 6350/78/18
f 6342/99/3 6364/98/3 6362/82/3 6349/100/3
f 6340/101/3 6349/102/3 6362/103/3 6363/81/3
f 6348/104/3 6340/105/3 6363/95/3 6365/84/3
f 6364/98/3 6342/99/3 6343/106/3 6366/107/3
f 6365/108/3 6364/83/3 6366/107/3 6367/85/3
f 6348/104/3 6365/108/3 6367/93/3 6347/109/3
f 6344/110/3 6368/97/3 6366/86/3 6343/106/3
f 6346/111/3 6347/109/3 6367/93/3 6369/88/3
f 6368/97/3 6344/110/3 6345/112/3 6370/113/3
f 6369/114/3 6368/87/3 6370/113/3 6371/89/3
f 6346/111/3 6369/114/3 6371/94/3 6341/115/3
f 6339/116/3 6372/96/3 6370/90/3 6345/112/3
f 6341/115/3 6371/94/3 6373/92/3 6338/117/3
f 6373/118/3 6372/91/3 6339/119/3 6338/120/3
f 6374/12/2 6375/13/2 6378/14/2 6376/15/2
f 6379/16/10 6376/15/10 6377/17/10 6380/18/10
f 6383/19/11 6377/17/11 6376/15/11 6378/14/11
f 6377/17/3 6383/19/3 6381/20/3 6380/18/3
f 6378/14/9 6382/21/9 6381/20/9 6383/19/9
f 6375/13/1 6384/22/1 6382/23/1 6378/14/1
f 6387/24/4 6389/25/4 6386/26/4 6385/27/4
f 6387/28/6 6390/29/6 6391/30/6 6388/31/6
f 6388/32/12 6394/33/12 6389/25/12 6387/24/12
f 6391/18/3 6392/20/3 6394/34/3 6388/35/3
f 6393/23/21 6389/36/21 6394/37/21 6392/38/21
f 6395/22/1 6386/39/1 6389/36/1 6393/23/1
f 6396/12/2 6397/13/2 6400/14/2 6398/15/2
f 6401/16/6 6398/15/6 6399/17/6 6402/18/6
f 6405/19/11 6399/17/11 6398/15/11 6400/14/11
f 6399/17/3 6405/19/3 6403/20/3 6402/18/3
f 6400/14/21 6404/21/21 6403/20/21 6405/19/21
f 6397/13/1 6406/22/1 6404/23/1 6400/14/1
f 6409/24/4 6411/25/4 6408/26/4 6407/27/4
f 6409/28/10 6412/29/10 6413/30/10 6410/31/10
f 6410/32/12 6416/33/12 6411/25/12 6409/24/12
f 6413/18/3 6414/20/3 6416/34/3 6410/35/3
f 6415/23/9 6411/36/9 6416/37/9 6414/38/9
f 6417/22/1 6408/39/1 6411/36/1 6415/23/1
f 6420/24/4 6422/25/4 6419/26/4 6418/27/4
f 6420/41/6 6423/15/6 6424/42/6 6421/35/6
f 6421/35/12 6429/34/12 6422/40/12 6420/41/12
f 6428/19/11 6424/42/11 6423/15/11 6425/14/11
f 6426/12/2 6427/13/2 6425/14/2 6423/15/2
f 6427/13/1 6419/39/1 6422/36/1 6425/14/1
f 6425/14/9 6422/40/9 6429/34/9 6428/19/9
f 6424/42/3 6428/19/3 6429/34/3 6421/35/3
f 6432/24/4 6434/25/4 6431/26/4 6430/27/4
f 6432/41/6 6435/15/6 6436/42/6 6433/35/6
f 6433/35/12 6441/34/12 6434/40/12 6432/41/12
f 6440/19/11 6436/42/11 6435/15/11 6437/14/11
f 6438/12/2 6439/13/2 6437/14/2 6435/15/2
f 6439/13/1 6431/39/1 6434/36/1 6437/14/1
f 6437/14/9 6434/40/9 6441/34/9 6440/19/9
f 6436/42/3 6440/19/3 6441/34/3 6433/35/3
f 6444/24/4 6446/25/4 6443/26/4 6442/27/4
f 6444/41/6 6447/15/6 6448/42/6 6445/35/6
f 6445/35/12 6453/34/12 6446/40/12 6444/41/12
f 6452/19/11 6448/42/11 6447/15/11 6449/14/11
f 6450/12/2 6451/13/2 6449/14/2 6447/15/2
f 6451/13/1 6443/39/1 6446/36/1 6449/14/1
f 6449/14/9 6446/40/9 6453/34/9 6452/19/9
f 6448/42/3 6452/19/3 6453/34/3 6445/35/3
f 6456/24/4 6458/25/4 6455/26/4 6454/27/4
f 6456/41/6 6459/15/6 6460/42/6 6457/35/6
f 6457/35/12 6465/34/12 6458/40/12 6456/41/12
f 6464/19/11 6460/42/11 6459/15/11 6461/14/11
f 6462/12/2 6463/13/2 6461/14/2 6459/15/2
f 6463/13/1 6455/39/1 6458/36/1 6461/14/1
f 6461/14/9 6458/40/9 6465/34/9 6464/19/9
f 6460/42/3 6464/19/3 6465/34/3 6457/35/3
f 6487/69/3 6486/70/3 6488/71/3 6489/72/3
f 6483/73/3 6482/74/3 6484/75/3 6485/76/3
f 6479/77/3 6478/78/3 6480/79/3 6481/80/3
f 6491/81/4 6490/82/4 6478/78/4 6479/77/4
f 6492/83/2 6493/84/2 6481/80/2 6480/79/2
f 6495/85/4 6494/86/4 6482/74/4 6483/73/4
f 6496/87/2 6497/88/2 6485/76/2 6484/75/2
f 6499/89/4 6498/90/4 6486/70/4 6487/69/4
f 6500/91/2 6501/92/2 6489/72/2 6488/71/2
f 6483/73/17 6485/76/17 6497/88/17 6495/93/17
f 6487/69/17 6489/72/17 6501/92/17 6499/94/17
f 6479/77/17 6481/80/17 6493/84/17 6491/95/17
f 6498/90/18 6500/96/18 6488/71/18 6486/70/18
f 6494/86/18 6496/97/18 6484/75/18 6482/74/18
f 6490/82/18 6492/98/18 6480/79/18 6478/78/18
f 6470/99/3 6492/98/3 6490/82/3 6477/100/3
f 6468/101/3 6477/102/3 6490/103/3 6491/81/3
f 6476/104/3 6468/105/3 6491/95/3 6493/84/3
f 6492/98/3 6470/99/3 6471/106/3 6494/107/3
f 6493/108/3 6492/83/3 6494/107/3 6495/85/3
f 6476/104/3 6493/108/3 6495/93/3 6475/109/3
f 6472/110/3 6496/97/3 6494/86/3 6471/106/3
f 6474/111/3 6475/109/3 6495/93/3 6497/88/3
f 6496/97/3 6472/110/3 6473/112/3 6498/113/3
f 6497/114/3 6496/87/3 6498/113/3 6499/89/3
f 6474/111/3 6497/114/3 6499/94/3 6469/115/3
f 6467/116/3 6500/96/3 6498/90/3 6473/112/3
f 6469/115/3 6499/94/3 6501/92/3 6466/117/3
f 6501/118/3 6500/91/3 6467/119/3 6466/120/3
f 6502/12/2 6503/13/2 6506/14/2 6504/15/2
f 6507/16/10 6504/15/10 6505/17/10 6508/18/10
f 6511/19/11 6505/17/11 6504/15/11 6506/14/11
f 6505/17/3 6511/19/3 6509/20/3 6508/18/3
f 6506/14/9 6510/21/9 6509/20/9 6511/19/9
f 6503/13/1 6512/22/1 6510/23/1 6506/14/1
f 6515/24/4 6517/25/4 6514/26/4 6513/27/4
f 6515/28/6 6518/29/6 6519/30/6 6516/31/6
f 6516/32/12 6522/33/12 6517/25/12 6515/24/12
f 6519/18/3 6520/20/3 6522/34/3 6516/35/3
f 6521/23/21 6517/36/21 6522/37/21 6520/38/21
f 6523/22/1 6514/39/1 6517/36/1 6521/23/1
f 6524/12/2 6525/13/2 6528/14/2 6526/15/2
f 6529/16/6 6526/15/6 6527/17/6 6530/18/6
f 6533/19/11 6527/17/11 6526/15/11 6528/14/11
f 6527/17/3 6533/19/3 6531/20/3 6530/18/3
f 6528/14/21 6532/21/21 6531/20/21 6533/19/21
f 6525/13/1 6534/22/1 6532/23/1 6528/14/1
f 6537/24/4 6539/25/4 6536/26/4 6535/27/4
f 6537/28/10 6540/29/10 6541/30/10 6538/31/10
f 6538/32/12 6544/33/12 6539/25/12 6537/24/12
f 6541/18/3 6542/20/3 6544/34/3 6538/35/3
f 6543/23/9 6539/36/9 6544/37/9 6542/38/9
f 6545/22/1 6536/39/1 6539/36/1 6543/23/1
f 6548/24/4 6550/25/4 6547/26/4 6546/27/4
f 6548/41/6 6551/15/6 6552/42/6 6549/35/6
f 6549/35/12 6557/34/12 6550/40/12 6548/41/12
f 6556/19/11 6552/42/11 6551/15/11 6553/14/11
f 6554/12/2 6555/13/2 6553/14/2 6551/15/2
f 6555/13/1 6547/39/1 6550/36/1 6553/14/1
f 6553/14/9 6550/40/9 6557/34/9 6556/19/9
f 6552/42/3 6556/19/3 6557/34/3 6549/35/3
f 6560/24/4 6562/25/4 6559/26/4 6558/27/4
f 6560/41/6 6563/15/6 6564/42/6 6561/35/6
f 6561/35/12 6569/34/12 6562/40/12 6560/41/12
f 6568/19/11 6564/42/11 6563/15/11 6565/14/11
f 6566/12/2 6567/13/2 6565/14/2 6563/15/2
f 6567/13/1 6559/39/1 6562/36/1 6565/14/1
f 6565/14/9 6562/40/9 6569/34/9 6568/19/9
f 6564/42/3 6568/19/3 6569/34/3 6561/35/3
f 6572/24/4 6574/25/4 6571/26/4 6570/27/4
f 6572/41/6 6575/15/6 6576/42/6 6573/35/6
f 6573/35/12 6581/34/12 6574/40/12 6572/41/12
f 6580/19/11 6576/42/11 6575/15/11 6577/14/11
f 6578/12/2 6579/13/2 6577/14/2 6575/15/2
f 6579/13/1 6571/39/1 6574/36/1 6577/14/1
f 6577/14/9 6574/40/9 6581/34/9 6580/19/9
f 6576/42/3 6580/19/3 6581/34/3 6573/35/3
f 6584/24/4 6586/25/4 6583/26/4 6582/27/4
f 6584/41/6 6587/15/6 6588/42/6 6585/35/6
f 6585/35/12 6593/34/12 6586/40/12 6584/41/12
f 6592/19/11 6588/42/11 6587/15/11 6589/14/11
f 6590/12/2 6591/13/2 6589/14/2 6587/15/2
f 6591/13/1 6583/39/1 6586/36/1 6589/14/1
f 6589/14/9 6586/40/9 6593/34/9 6592/19/9
f 6588/42/3 6592/19/3 6593/34/3 6585/35/3
f 6615/69/3 6614/70/3 6616/71/3 6617/72/3
f 6611/73/3 6610/74/3 6612/75/3 6613/76/3
f 6607/77/3 6606/78/3 6608/79/3 6609/80/3
f 6619/81/4 6618/82/4 6606/78/4 6607/77/4
f 6620/83/2 6621/84/2 6609/80/2 6608/79/2
f 6623/85/4 6622/86/4 6610/74/4 6611/73/4
f 6624/87/2 6625/88/2 6613/76/2 6612/75/2
f 6627/89/4 6626/90/4 6614/70/4 6615/69/4
f 6628/91/2 6629/92/2 6617/72/2 6616/71/2
f 6611/73/17 6613/76/17 6625/88/17 6623/93/17
f 6615/69/17 6617/72/17 6629/92/17 6627/94/17
f 6607/77/17 6609/80/17 6621/84/17 6619/95/17
f 6626/90/18 6628/96/18 6616/71/18 6614/70/18
f 6622/86/18 6624/97/18 6612/75/18 6610/74/18
f 6618/82/18 6620/98/18 6608/79/18 6606/78/18
f 6598/99/3 6620/98/3 6618/82/3 6605/100/3
f 6596/101/3 6605/102/3 6618/103/3 6619/81/3
f 6604/104/3 6596/105/3 6619/95/3 6621/84/3
f 6620/98/3 6598/99/3 6599/106/3 6622/107/3
f 6621/108/3 6620/83/3 6622/107/3 6623/85/3
f 6604/104/3 6621/108/3 6623/93/3 6603/109/3
f 6600/110/3 6624/97/3 6622/86/3 6599/106/3
f 6602/111/3 6603/109/3 6623/93/3 6625/88/3
f 6624/97/3 6600/110/3 6601/112/3 6626/113/3
f 6625/114/3 6624/87/3 6626/113/3 6627/89/3
f 6602/111/3 6625/114/3 6627/94/3 6597/115/3
f 6595/116/3 6628/96/3 6626/90/3 6601/112/3
f 6597/115/3 6627/94/3 6629/92/3 6594/117/3
f 6629/118/3 6628/91/3 6595/119/3 6594/120/3
f 6630/12/2 6631/13/2 6634/14/2 6632/15/2
f 6635/16/10 6632/15/10 6633/17/10 6636/18/10
f 6639/19/11 6633/17/11 6632/15/11 6634/14/11
f 6633/17/3 6639/19/3 6637/20/3 6636/18/3
f 6634/14/9 6638/21/9 6637/20/9 6639/19/9
f 6631/13/1 6640/22/1 6638/23/1 6634/14/1
f 6643/24/4 6645/25/4 6642/26/4 6641/27/4
f 6643/28/6 6646/29/6 6647/30/6 6644/31/6
f 6644/32/12 6650/33/12 6645/25/12 6643/24/12
f 6647/18/3 6648/20/3 6650/34/3 6644/35/3
f 6649/23/21 6645/36/21 6650/37/21 6648/38/21
f 6651/22/1 6642/39/1 6645/36/1 6649/23/1
f 6652/12/2 6653/13/2 6656/14/2 6654/15/2
f 6657/16/6 6654/15/6 6655/17/6 6658/18/6
f 6661/19/11 6655/17/11 6654/15/11 6656/14/11
f 6655/17/3 6661/19/3 6659/20/3 6658/18/3
f 6656/14/21 6660/21/21 6659/20/21 6661/19/21
f 6653/13/1 6662/22/1 6660/23/1 6656/14/1
f 6665/24/4 6667/25/4 6664/26/4 6663/27/4
f 6665/28/10 6668/29/10 6669/30/10 6666/31/10
f 6666/32/12 6672/33/12 6667/25/12 6665/24/12
f 6669/18/3 6670/20/3 6672/34/3 6666/35/3
f 6671/23/9 6667/36/9 6672/37/9 6670/38/9
f 6673/22/1 6664/39/1 6667/36/1 6671/23/1
f 6676/24/4 6678/25/4 6675/26/4 6674/27/4
f 6676/41/6 6679/15/6 6680/42/6 6677/35/6
f 6677/35/12 6685/34/12 6678/40/12 6676/41/12
f 6684/19/11 6680/42/11 6679/15/11 6681/14/11
f 6682/12/2 6683/13/2 6681/14/2 6679/15/2
f 6683/13/1 6675/39/1 6678/36/1 6681/14/1
f 6681/14/9 6678/40/9 6685/34/9 6684/19/9
f 6680/42/3 6684/19/3 6685/34/3 6677/35/3
f 6688/24/4 6690/25/4 6687/26/4 6686/27/4
f 6688/41/6 6691/15/6 6692/42/6 6689/35/6
f 6689/35/12 6697/34/12 6690/40/12 6688/41/12
f 6696/19/11 6692/42/11 6691/15/11 6693/14/11
f 6694/12/2 6695/13/2 6693/14/2 6691/15/2
f 6695/13/1 6687/39/1 6690/36/1 6693/14/1
f 6693/14/9 6690/40/9 6697/34/9 6696/19/9
f 6692/42/3 6696/19/3 6697/34/3 6689/35/3
f 6700/24/4 6702/25/4 6699/26/4 6698/27/4
f 6700/41/6 6703/15/6 6704/42/6 6701/35/6
f 6701/35/12 6709/34/12 6702/40/12 6700/41/12
f 6708/19/11 6704/42/11 6703/15/11 6705/14/11
f 6706/12/2 6707/13/2 6705/14/2 6703/15/2
f 6707/13/1 6699/39/1 6702/36/1 6705/14/1
f 6705/14/9 6702/40/9 6709/34/9 6708/19/9
f 6704/42/3 6708/19/3 6709/34/3 6701/35/3
f 6712/24/4 6714/25/4 6711/26/4 6710/27/4
f 6712/41/6 6715/15/6 6716/42/6 6713/35/6
f 6713/35/12 6721/34/12 6714/40/12 6712/41/12
f 6720/19/11 6716/42/11 6715/15/11 6717/14/11
f 6718/12/2 6719/13/2 6717/14/2 6715/15/2
f 6719/13/1 6711/39/1 6714/36/1 6717/14/1
f 6717/14/9 6714/40/9 6721/34/9 6720/19/9
f 6716/42/3 6720/19/3 6721/34/3 6713/35/3
f 6743/69/3 6742/70/3 6744/71/3 6745/72/3
f 6739/73/3 6738/74/3 6740/75/3 6741/76/3
f 6735/77/3 6734/78/3 6736/79/3 6737/80/3
f 6747/81/4 6746/82/4 6734/78/4 6735/77/4
f 6748/83/2 6749/84/2 6737/80/2 6736/79/2
f 6751/85/4 6750/86/4 6738/74/4 6739/73/4
f 6752/87/2 6753/88/2 6741/76/2 6740/75/2
f 6755/89/4 6754/90/4 6742/70/4 6743/69/4
f 6756/91/2 6757/92/2 6745/72/2 6744/71/2
f 6739/73/17 6741/76/17 6753/88/17 6751/93/17
f 6743/69/17 6745/72/17 6757/92/17 6755/94/17
f 6735/77/17 6737/80/17 6749/84/17 6747/95/17
f 6754/90/18 6756/96/18 6744/71/18 6742/70/18
f 6750/86/18 6752/97/18 6740/75/18 6738/74/18
f 6746/82/18 6748/98/18 6736/79/18 6734/78/18
f 6726/99/3 6748/98/3 6746/82/3 6733/100/3
f 6724/101/3 6733/102/3 6746/103/3 6747/81/3
f 6732/104/3 6724/105/3 6747/95/3 6749/84/3
f 6748/98/3 6726/99/3 6727/106/3 6750/107/3
f 6749/108/3 6748/83/3 6750/107/3 6751/85/3
f 6732/104/3 6749/108/3 6751/93/3 6731/109/3
f 6728/110/3 6752/97/3 6750/86/3 6727/106/3
f 6730/111/3 6731/109/3 6751/93/3 6753/88/3
f 6752/97/3 6728/110/3 6729/112/3 6754/113/3
f 6753/114/3 6752/87/3 6754/113/3 6755/89/3
f 6730/111/3 6753/114/3 6755/94/3 6725/115/3
f 6723/116/3 6756/96/3 6754/90/3 6729/112/3
f 6725/115/3 6755/94/3 6757/92/3 6722/117/3
f 6757/118/3 6756/91/3 6723/119/3 6722/120/3
f 6758/12/2 6759/13/2 6762/14/2 6760/15/2
f 6763/16/10 6760/15/10 6761/17/10 6764/18/10
f 6767/19/11 6761/17/11 6760/15/11 6762/14/11
f 6761/17/3 6767/19/3 6765/20/3 6764/18/3
f 6762/14/9 6766/21/9 6765/20/9 6767/19/9
f 6759/13/1 6768/22/1 6766/23/1 6762/14/1
f 6771/24/4 6773/25/4 6770/26/4 6769/27/4
f 6771/28/6 6774/29/6 6775/30/6 6772/31/6
f 6772/32/12 6778/33/12 6773/25/12 6771/24/12
f 6775/18/3 6776/20/3 6778/34/3 6772/35/3
f 6777/23/9 6773/36/9 6778/37/9 6776/38/9
f 6779/22/1 6770/39/1 6773/36/1 6777/23/1
f 6780/12/2 6781/13/2 6784/14/2 6782/15/2
f 6785/16/6 6782/15/6 6783/17/6 6786/18/6
f 6789/19/11 6783/17/11 6782/15/11 6784/14/11
f 6783/17/3 6789/19/3 6787/20/3 6786/18/3
f 6784/14/21 6788/21/21 6787/20/21 6789/19/21
f 6781/13/1 6790/22/1 6788/23/1 6784/14/1
f 6793/24/4 6795/25/4 6792/26/4 6791/27/4
f 6793/28/10 6796/29/10 6797/30/10 6794/31/10
f 6794/32/12 6800/33/12 6795/25/12 6793/24/12
f 6797/18/3 6798/20/3 6800/34/3 6794/35/3
f 6799/23/9 6795/36/9 6800/37/9 6798/38/9
f 6801/22/1 6792/39/1 6795/36/1 6799/23/1
f 6804/24/4 6806/25/4 6803/26/4 6802/27/4
f 6804/41/6 6807/15/6 6808/42/6 6805/35/6
f 6805/35/12 6813/34/12 6806/40/12 6804/41/12
f 6812/19/11 6808/42/11 6807/15/11 6809/14/11
f 6810/12/2 6811/13/2 6809/14/2 6807/15/2
f 6811/13/1 6803/39/1 6806/36/1 6809/14/1
f 6809/14/21 6806/40/21 6813/34/21 6812/19/21
f 6808/42/3 6812/19/3 6813/34/3 6805/35/3
f 6816/24/4 6818/25/4 6815/26/4 6814/27/4
f 6816/41/6 6819/15/6 6820/42/6 6817/35/6
f 6817/35/12 6825/34/12 6818/40/12 6816/41/12
f 6824/19/11 6820/42/11 6819/15/11 6821/14/11
f 6822/12/2 6823/13/2 6821/14/2 6819/15/2
f 6823/13/1 6815/39/1 6818/36/1 6821/14/1
f 6821/14/9 6818/40/9 6825/34/9 6824/19/9
f 6820/42/3 6824/19/3 6825/34/3 6817/35/3
f 6828/24/4 6830/25/4 6827/26/4 6826/27/4
f 6828/41/6 6831/15/6 6832/42/6 6829/35/6
f 6829/35/12 6837/34/12 6830/40/12 6828/41/12
f 6836/19/11 6832/42/11 6831/15/11 6833/14/11
f 6834/12/2 6835/13/2 6833/14/2 6831/15/2
f 6835/13/1 6827/39/1 6830/36/1 6833/14/1
f 6833/14/9 6830/40/9 6837/34/9 6836/19/9
f 6832/42/3 6836/19/3 6837/34/3 6829/35/3
f 6840/24/4 6842/25/4 6839/26/4 6838/27/4
f 6840/41/6 6843/15/6 6844/42/6 6841/35/6
f 6841/35/12 6849/34/12 6842/40/12 6840/41/12
f 6848/19/11 6844/42/11 6843/15/11 6845/14/11
f 6846/12/2 6847/13/2 6845/14/2 6843/15/2
f 6847/13/1 6839/39/1 6842/36/1 6845/14/1
f 6845/14/21 6842/40/21 6849/34/21 6848/19/21
f 6844/42/3 6848/19/3 6849/34/3 6841/35/3
f 6852/12/2 6853/13/2 6856/14/2 6854/15/2
f 6857/16/10 6854/15/10 6855/17/10 6858/18/10
f 6861/19/11 6855/17/11 6854/15/11 6856/14/11
f 6855/17/3 6861/19/3 6859/20/3 6858/18/3
f 6856/14/9 6860/21/9 6859/20/9 6861/19/9
f 6853/13/1 6862/22/1 6860/23/1 6856/14/1
f 6865/24/4 6867/25/4 6864/26/4 6863/27/4
f 6866/35/12 6874/34/12 6867/40/12 6865/41/12
f 6865/41/10 6868/15/10 6869/42/10 6866/35/10
f 6873/19/11 6869/42/11 6868/15/11 6870/14/11
f 6871/12/2 6872/13/2 6870/14/2 6868/15/2
f 6872/13/1 6864/39/1 6867/36/1 6870/14/1
f 6870/14/9 6867/40/9 6874/34/9 6873/19/9
f 6869/42/3 6873/19/3 6874/34/3 6866/35/3
f 6877/24/4 6879/25/4 6876/26/4 6875/27/4
f 6878/35/12 6886/34/12 6879/40/12 6877/41/12
f 6877/41/10 6880/15/10 6881/42/10 6878/35/10
f 6885/19/11 6881/42/11 6880/15/11 6882/14/11
f 6883/12/2 6884/13/2 6882/14/2 6880/15/2
f 6884/13/1 6876/39/1 6879/36/1 6882/14/1
f 6882/14/9 6879/40/9 6886/34/9 6885/19/9
f 6881/42/3 6885/19/3 6886/34/3 6878/35/3
f 6942/11/3 6903/10/3 6851/1/3 6950/2/3
f 6850/1/1 6903/10/1 6942/11/1 6887/1/1
f 6912/43/13 6910/44/13 6893/44/13 6894/43/13
f 6910/44/14 6909/45/14 6897/46/14 6893/44/14
f 6918/47/15 6917/48/15 6892/48/15 6896/49/15
f 6893/44/1 6897/46/1 6898/50/1 6894/43/1
f 6891/51/1 6895/52/1 6896/49/1 6892/48/1
f 6888/56/1 6899/57/1 6890/58/1 6889/10/1
f 6914/59/15 6912/43/15 6894/43/15 6898/50/15
f 6909/45/16 6914/59/16 6898/50/16 6897/46/16
f 6902/10/13 6901/56/13 6888/56/13 6889/10/13
f 6920/60/16 6918/47/16 6896/49/16 6895/52/16
f 6922/63/14 6920/60/14 6895/52/14 6891/51/14
f 6901/56/14 6907/64/14 6899/57/14 6888/56/14
f 6907/64/16 6904/58/16 6890/58/16 6899/57/16
f 6917/48/13 6922/63/13 6891/51/13 6892/48/13
f 6906/65/5 6905/58/5 6904/58/5 6907/64/5
f 6903/10/3 6900/66/3 6901/56/3 6902/10/3
f 6908/67/5 6915/59/5 6914/59/5 6909/45/5
f 6913/43/3 6911/68/3 6910/44/3 6912/43/3
f 6916/48/3 6944/63/3 6922/63/3 6917/48/3
f 6921/60/5 6919/47/5 6918/47/5 6920/60/5
f 6914/59/4 6915/59/4 6934/59/4 6933/59/4
f 6919/47/4 6916/48/4 6935/48/4 6938/47/4
f 6906/65/2 6907/64/2 6926/64/2 6925/65/2
f 6908/67/2 6909/45/2 6928/45/2 6927/67/2
f 6917/48/4 6918/47/4 6937/47/4 6936/48/4
f 6901/56/2 6900/66/2 6923/66/2 6924/56/2
f 6916/48/4 6917/48/4 6936/48/4 6935/48/4
f 6915/59/4 6913/43/4 6932/43/4 6934/59/4
f 6910/44/2 6911/68/2 6930/68/2 6929/44/2
f 6900/66/2 6906/65/2 6925/65/2 6923/66/2
f 6912/43/4 6914/59/4 6933/59/4 6931/43/4
f 6918/47/4 6919/47/4 6938/47/4 6937/47/4
f 6907/64/2 6901/56/2 6924/56/2 6926/64/2
f 6911/68/2 6908/67/2 6927/67/2 6930/68/2
f 6913/43/4 6912/43/4 6931/43/4 6932/43/4
f 6909/45/2 6910/44/2 6929/44/2 6928/45/2
f 6926/64/1 6924/56/1 6931/43/1 6933/59/1
f 6923/66/3 6932/43/3 6931/43/3 6924/56/3
f 6925/65/5 6926/64/5 6933/59/5 6934/59/5
f 6927/67/5 6928/45/5 6937/47/5 6938/47/5
f 6928/45/1 6929/44/1 6936/48/1 6937/47/1
f 6929/44/3 6930/68/3 6935/48/3 6936/48/3
f 6940/44/13 6941/44/13 6946/46/13 6943/45/13
f 6944/67/4 6943/45/4 6939/59/4 6945/59/4
f 6940/44/3 6943/45/3 6944/67/3 6942/68/3
f 6943/45/15 6946/46/15 6947/50/15 6939/59/15
f 6947/131/1 6946/46/1 6941/44/1
f 6953/3/4 6952/2/4 6950/2/4 6948/2/4
f 6951/2/3 6953/3/3 6948/2/3 6949/2/3
f 6957/32/12 6959/33/12 6960/25/12 6958/24/12
f 6958/24/4 6960/25/4 6955/26/4 6954/27/4
f 6956/22/1 6955/39/1 6960/23/1
f 6964/2/6 6957/5/6 6958/3/6 6962/2/6
f 6961/2/9 6960/5/9 6959/5/9 6963/2/9
f 6963/2/3 6959/5/3 6957/5/3 6964/2/3
f 6961/2/1 6956/1/1 6960/5/1
f 6968/12/4 6970/15/4 6972/14/4 6969/13/4
f 6973/16/10 6974/18/10 6971/17/10 6970/15/10
f 6977/19/12 6972/14/12 6970/15/12 6971/17/12
f 6971/17/3 6974/18/3 6975/20/3 6977/19/3
f 6972/14/9 6977/19/9 6975/20/9 6976/21/9
f 6969/13/1 6972/14/1 6976/23/1 6978/22/1
f 6981/24/2 6979/27/2 6980/26/2 6983/25/2
f 6982/35/11 6981/41/11 6983/40/11 6990/34/11
f 6981/41/10 6982/35/10 6985/42/10 6984/15/10
f 6989/19/12 6986/14/12 6984/15/12 6985/42/12
f 6987/12/4 6984/15/4 6986/14/4 6988/13/4
f 6988/13/1 6986/14/1 6983/36/1 6980/39/1
f 6986/14/9 6989/19/9 6990/34/9 6983/40/9
f 6985/42/3 6982/35/3 6990/34/3 6989/19/3
f 6993/24/2 6991/27/2 6992/26/2 6995/25/2
f 6994/35/11 6993/41/11 6995/40/11 7002/34/11
f 6993/41/10 6994/35/10 6997/42/10 6996/15/10
f 7001/19/12 6998/14/12 6996/15/12 6997/42/12
f 6999/12/4 6996/15/4 6998/14/4 7000/13/4
f 7000/13/1 6998/14/1 6995/36/1 6992/39/1
f 6998/14/9 7001/19/9 7002/34/9 6995/40/9
f 6997/42/3 6994/35/3 7002/34/3 7001/19/3
f 7061/11/3 6967/2/3 6966/1/3 7019/10/3
f 6965/1/1 7003/1/1 7061/11/1 7019/10/1
f 7028/43/13 7010/43/13 7009/44/13 7026/44/13
f 7026/44/15 7009/44/15 7013/46/15 7025/45/15
f 7034/47/14 7012/49/14 7008/48/14 7033/48/14
f 7009/44/1 7010/43/1 7014/50/1 7013/46/1
f 7007/51/1 7008/48/1 7012/49/1 7011/52/1
f 7004/56/1 7005/10/1 7006/58/1 7015/57/1
f 7030/59/14 7014/50/14 7010/43/14 7028/43/14
f 7025/45/16 7013/46/16 7014/50/16 7030/59/16
f 7018/10/13 7005/10/13 7004/56/13 7017/56/13
f 7036/60/16 7011/52/16 7012/49/16 7034/47/16
f 7038/63/15 7007/51/15 7011/52/15 7036/60/15
f 7017/56/15 7004/56/15 7015/57/15 7023/64/15
f 7023/64/16 7015/57/16 7006/58/16 7020/58/16
f 7033/48/13 7008/48/13 7007/51/13 7038/63/13
f 7022/65/5 7023/64/5 7020/58/5 7021/58/5
f 7019/10/3 7018/10/3 7017/56/3 7016/66/3
f 7024/67/5 7025/45/5 7030/59/5 7031/59/5
f 7029/43/3 7028/43/3 7026/44/3 7027/68/3
f 7032/48/3 7033/48/3 7038/63/3 7057/63/3
f 7037/60/5 7036/60/5 7034/47/5 7035/47/5
f 7030/59/2 7049/59/2 7050/59/2 7031/59/2
f 7035/47/2 7054/47/2 7051/48/2 7032/48/2
f 7022/65/4 7041/65/4 7042/64/4 7023/64/4
f 7024/67/4 7043/67/4 7044/45/4 7025/45/4
f 7033/48/2 7052/48/2 7053/47/2 7034/47/2
f 7017/56/4 7040/56/4 7039/66/4 7016/66/4
f 7032/48/2 7051/48/2 7052/48/2 7033/48/2
f 7031/59/2 7050/59/2 7048/43/2 7029/43/2
f 7026/44/4 7045/44/4 7046/68/4 7027/68/4
f 7016/66/4 7039/66/4 7041/65/4 7022/65/4
f 7028/43/2 7047/43/2 7049/59/2 7030/59/2
f 7034/47/2 7053/47/2 7054/47/2 7035/47/2
f 7023/64/4 7042/64/4 7040/56/4 7017/56/4
f 7027/68/4 7046/68/4 7043/67/4 7024/67/4
f 7029/43/2 7048/43/2 7047/43/2 7028/43/2
f 7025/45/4 7044/45/4 7045/44/4 7026/44/4
f 7042/64/1 7049/59/1 7047/43/1 7040/56/1
f 7039/66/3 7040/56/3 7047/43/3 7048/43/3
f 7041/65/5 7050/59/5 7049/59/5 7042/64/5
f 7043/67/5 7054/47/5 7053/47/5 7044/45/5
f 7044/45/1 7053/47/1 7052/48/1 7045/44/1
f 7045/44/3 7052/48/3 7051/48/3 7046/68/3
f 7058/59/14 7063/50/14 7056/43/14 7055/43/14
f 7055/43/13 7056/43/13 7060/44/13 7059/44/13
f 7057/43/3 7055/43/3 7059/44/3 7061/68/3
f 7057/43/2 7062/59/2 7058/59/2 7055/43/2
f 7060/44/1 7056/43/1 7063/131/1
f 7067/3/3 7066/2/3 7064/2/3 7065/2/3
f 7068/2/2 7067/3/2 7065/2/2 6967/2/2
f 7071/32/11 7072/24/11 7074/25/11 7073/33/11
f 7072/24/2 7069/27/2 7070/26/2 7074/25/2
f 7079/22/1 7074/36/1 7070/39/1
f 7071/5/6 7078/2/6 7076/2/6 7072/3/6
f 7074/5/9 7075/2/9 7077/2/9 7073/5/9
f 7073/5/3 7077/2/3 7078/2/3 7071/5/3
f 7074/5/1 7079/1/1 7075/2/1
f 7082/2/4 7081/2/4 7084/2/4 7085/2/4
f 7081/2/5 7080/2/5 7083/2/5 7084/2/5
f 7083/2/2 7080/2/2 7086/2/2 7087/2/2
f 7082/2/3 7085/2/3 7087/2/3 7086/2/3
f 7086/1/1 7080/2/1 7081/2/1 7082/2/1
f 7098/3/4 7097/2/4 7089/2/4 7090/2/4
f 7092/3/2 7105/2/2 7091/2/2 7088/2/2
f 7097/2/5 7092/3/5 7088/2/5 7089/2/5
f 7105/2/3 7098/3/3 7090/2/3 7091/2/3
f 7087/2/3 7085/2/3 7101/2/3 7102/2/3
f 7103/2/3 7100/4/3 7099/5/3 7104/2/3
f 7084/2/5 7083/2/5 7093/2/5 7094/4/5
f 7109/2/23 7112/2/23 7107/2/23 7095/2/23
f 7095/2/5 7107/2/5 7106/5/5 7096/2/5
f 7115/2/23 7118/5/23 7092/3/23 7097/2/23
f 7083/2/2 7087/2/2 7102/2/2 7093/2/2
f 7107/2/2 7103/2/2 7104/2/2 7106/5/2
f 7085/2/4 7084/2/4 7094/4/4 7101/2/4
f 7110/2/24 7109/2/24 7095/2/24 7100/4/24
f 7100/4/4 7095/2/4 7096/2/4 7099/5/4
f 7116/5/24 7115/2/24 7097/2/24 7098/3/24
f 7101/2/25 7094/4/25 7108/5/25 7111/2/25
f 7111/2/4 7108/5/4 7109/2/4 7110/2/4
f 7094/4/26 7093/2/26 7113/3/26 7108/5/26
f 7108/5/5 7113/3/5 7112/2/5 7109/2/5
f 7099/5/25 7096/2/25 7114/2/25 7117/5/25
f 7117/5/4 7114/2/4 7115/2/4 7116/5/4
f 7096/2/26 7106/5/26 7119/5/26 7114/2/26
f 7114/2/5 7119/5/5 7118/5/5 7115/2/5
f 7122/2/4 7121/2/4 7124/2/4 7125/2/4
f 7121/2/5 7120/2/5 7123/2/5 7124/2/5
f 7123/2/2 7120/2/2 7126/2/2 7127/2/2
f 7122/2/3 7125/2/3 7127/2/3 7126/2/3
f 7126/1/1 7120/2/1 7121/2/1 7122/2/1
f 7138/3/4 7137/2/4 7129/2/4 7130/2/4
f 7132/3/2 7145/2/2 7131/2/2 7128/2/2
f 7137/2/5 7132/3/5 7128/2/5 7129/2/5
f 7145/2/3 7138/3/3 7130/2/3 7131/2/3
f 7127/2/3 7125/2/3 7141/2/3 7142/2/3
f 7143/2/3 7140/4/3 7139/5/3 7144/2/3
f 7124/2/5 7123/2/5 7133/2/5 7134/4/5
f 7149/2/23 7152/2/23 7147/2/23 7135/2/23
f 7135/2/5 7147/2/5 7146/5/5 7136/2/5
f 7155/2/23 7158/5/23 7132/3/23 7137/2/23
f 7123/2/2 7127/2/2 7142/2/2 7133/2/2
f 7147/2/2 7143/2/2 7144/2/2 7146/5/2
f 7125/2/4 7124/2/4 7134/4/4 7141/2/4
f 7150/2/24 7149/2/24 7135/2/24 7140/4/24
f 7140/4/4 7135/2/4 7136/2/4 7139/5/4
f 7156/5/24 7155/2/24 7137/2/24 7138/3/24
f 7141/2/25 7134/4/25 7148/5/25 7151/2/25
f 7151/2/4 7148/5/4 7149/2/4 7150/2/4
f 7134/4/26 7133/2/26 7153/3/26 7148/5/26
f 7148/5/5 7153/3/5 7152/2/5 7149/2/5
f 7139/5/25 7136/2/25 7154/2/25 7157/5/25
f 7157/5/4 7154/2/4 7155/2/4 7156/5/4
f 7136/2/26 7146/5/26 7159/5/26 7154/2/26
f 7154/2/5 7159/5/5 7158/5/5 7155/2/5
f 7162/2/4 7161/2/4 7164/2/4 7165/2/4
f 7161/2/5 7160/2/5 7163/2/5 7164/2/5
f 7163/2/2 7160/2/2 7166/2/2 7167/2/2
f 7162/2/3 7165/2/3 7167/2/3 7166/2/3
f 7166/1/1 7160/2/1 7161/2/1 7162/2/1
f 7178/3/4 7177/2/4 7169/2/4 7170/2/4
f 7172/3/2 7185/2/2 7171/2/2 7168/2/2
f 7177/2/5 7172/3/5 7168/2/5 7169/2/5
f 7185/2/3 7178/3/3 7170/2/3 7171/2/3
f 7167/2/3 7165/2/3 7181/2/3 7182/2/3
f 7183/2/3 7180/4/3 7179/5/3 7184/2/3
f 7164/2/5 7163/2/5 7173/2/5 7174/4/5
f 7189/2/23 7192/2/23 7187/2/23 7175/2/23
f 7175/2/5 7187/2/5 7186/5/5 7176/2/5
f 7195/2/23 7198/5/23 7172/3/23 7177/2/23
f 7163/2/2 7167/2/2 7182/2/2 7173/2/2
f 7187/2/2 7183/2/2 7184/2/2 7186/5/2
f 7165/2/4 7164/2/4 7174/4/4 7181/2/4
f 7190/2/24 7189/2/24 7175/2/24 7180/4/24
f 7180/4/4 7175/2/4 7176/2/4 7179/5/4
f 7196/5/24 7195/2/24 7177/2/24 7178/3/24
f 7181/2/25 7174/4/25 7188/5/25 7191/2/25
f 7191/2/4 7188/5/4 7189/2/4 7190/2/4
f 7174/4/26 7173/2/26 7193/3/26 7188/5/26
f 7188/5/5 7193/3/5 7192/2/5 7189/2/5
f 7179/5/25 7176/2/25 7194/2/25 7197/5/25
f 7197/5/4 7194/2/4 7195/2/4 7196/5/4
f 7176/2/26 7186/5/26 7199/5/26 7194/2/26
f 7194/2/5 7199/5/5 7198/5/5 7195/2/5
f 7202/2/4 7201/2/4 7204/2/4 7205/2/4
f 7201/2/5 7200/2/5 7203/2/5 7204/2/5
f 7203/2/2 7200/2/2 7206/2/2 7207/2/2
f 7202/2/3 7205/2/3 7207/2/3 7206/2/3
f 7206/1/1 7200/2/1 7201/2/1 7202/2/1
f 7218/3/4 7217/2/4 7209/2/4 7210/2/4
f 7212/3/2 7225/2/2 7211/2/2 7208/2/2
f 7217/2/5 7212/3/5 7208/2/5 7209/2/5
f 7225/2/3 7218/3/3 7210/2/3 7211/2/3
f 7207/2/3 7205/2/3 7221/2/3 7222/2/3
f 7223/2/3 7220/4/3 7219/5/3 7224/2/3
f 7204/2/5 7203/2/5 7213/2/5 7214/4/5
f 7229/2/23 7232/2/23 7227/2/23 7215/2/23
f 7215/2/5 7227/2/5 7226/5/5 7216/2/5
f 7235/2/23 7238/5/23 7212/3/23 7217/2/23
f 7203/2/2 7207/2/2 7222/2/2 7213/2/2
f 7227/2/2 7223/2/2 7224/2/2 7226/5/2
f 7205/2/4 7204/2/4 7214/4/4 7221/2/4
f 7230/2/24 7229/2/24 7215/2/24 7220/4/24
f 7220/4/4 7215/2/4 7216/2/4 7219/5/4
f 7236/5/24 7235/2/24 7217/2/24 7218/3/24
f 7221/2/25 7214/4/25 7228/5/25 7231/2/25
f 7231/2/4 7228/5/4 7229/2/4 7230/2/4
f 7214/4/26 7213/2/26 7233/3/26 7228/5/26
f 7228/5/5 7233/3/5 7232/2/5 7229/2/5
f 7219/5/25 7216/2/25 7234/2/25 7237/5/25
f 7237/5/4 7234/2/4 7235/2/4 7236/5/4
f 7216/2/26 7226/5/26 7239/5/26 7234/2/26
f 7234/2/5 7239/5/5 7238/5/5 7235/2/5
f 7242/2/4 7241/2/4 7244/2/4 7245/2/4
f 7241/2/5 7240/2/5 7243/2/5 7244/2/5
f 7243/2/2 7240/2/2 7246/2/2 7247/2/2
f 7242/2/3 7245/2/3 7247/2/3 7246/2/3
f 7246/1/1 7240/2/1 7241/2/1 7242/2/1
f 7258/3/4 7257/2/4 7249/2/4 7250/2/4
f 7252/3/2 7265/2/2 7251/2/2 7248/2/2
f 7257/2/5 7252/3/5 7248/2/5 7249/2/5
f 7265/2/3 7258/3/3 7250/2/3 7251/2/3
f 7247/2/3 7245/2/3 7261/2/3 7262/2/3
f 7263/2/3 7260/4/3 7259/5/3 7264/2/3
f 7244/2/5 7243/2/5 7253/2/5 7254/4/5
f 7269/2/23 7272/2/23 7267/2/23 7255/2/23
f 7255/2/5 7267/2/5 7266/5/5 7256/2/5
f 7275/2/23 7278/5/23 7252/3/23 7257/2/23
f 7243/2/2 7247/2/2 7262/2/2 7253/2/2
f 7267/2/2 7263/2/2 7264/2/2 7266/5/2
f 7245/2/4 7244/2/4 7254/4/4 7261/2/4
f 7270/2/24 7269/2/24 7255/2/24 7260/4/24
f 7260/4/4 7255/2/4 7256/2/4 7259/5/4
f 7276/5/24 7275/2/24 7257/2/24 7258/3/24
f 7261/2/25 7254/4/25 7268/5/25 7271/2/25
f 7271/2/4 7268/5/4 7269/2/4 7270/2/4
f 7254/4/26 7253/2/26 7273/3/26 7268/5/26
f 7268/5/5 7273/3/5 7272/2/5 7269/2/5
f 7259/5/25 7256/2/25 7274/2/25 7277/5/25
f 7277/5/4 7274/2/4 7275/2/4 7276/5/4
f 7256/2/26 7266/5/26 7279/5/26 7274/2/26
f 7274/2/5 7279/5/5 7278/5/5 7275/2/5
f 7282/2/4 7281/2/4 7284/2/4 7285/2/4
f 7281/2/5 7280/2/5 7283/2/5 7284/2/5
f 7283/2/2 7280/2/2 7286/2/2 7287/2/2
f 7282/2/3 7285/2/3 7287/2/3 7286/2/3
f 7286/1/1 7280/2/1 7281/2/1 7282/2/1
f 7298/3/4 7297/2/4 7289/2/4 7290/2/4
f 7292/3/2 7305/2/2 7291/2/2 7288/2/2
f 7297/2/5 7292/3/5 7288/2/5 7289/2/5
f 7305/2/3 7298/3/3 7290/2/3 7291/2/3
f 7287/2/3 7285/2/3 7301/2/3 7302/2/3
f 7303/2/3 7300/4/3 7299/5/3 7304/2/3
f 7284/2/5 7283/2/5 7293/2/5 7294/4/5
f 7309/2/23 7312/2/23 7307/2/23 7295/2/23
f 7295/2/5 7307/2/5 7306/5/5 7296/2/5
f 7315/2/23 7318/5/23 7292/3/23 7297/2/23
f 7283/2/2 7287/2/2 7302/2/2 7293/2/2
f 7307/2/2 7303/2/2 7304/2/2 7306/5/2
f 7285/2/4 7284/2/4 7294/4/4 7301/2/4
f 7310/2/24 7309/2/24 7295/2/24 7300/4/24
f 7300/4/4 7295/2/4 7296/2/4 7299/5/4
f 7316/5/24 7315/2/24 7297/2/24 7298/3/24
f 7301/2/25 7294/4/25 7308/5/25 7311/2/25
f 7311/2/4 7308/5/4 7309/2/4 7310/2/4
f 7294/4/26 7293/2/26 7313/3/26 7308/5/26
f 7308/5/5 7313/3/5 7312/2/5 7309/2/5
f 7299/5/25 7296/2/25 7314/2/25 7317/5/25
f 7317/5/4 7314/2/4 7315/2/4 7316/5/4
f 7296/2/26 7306/5/26 7319/5/26 7314/2/26
f 7314/2/5 7319/5/5 7318/5/5 7315/2/5
f 7322/2/4 7321/2/4 7324/2/4 7325/2/4
f 7321/2/5 7320/2/5 7323/2/5 7324/2/5
f 7323/2/2 7320/2/2 7326/2/2 7327/2/2
f 7322/2/3 7325/2/3 7327/2/3 7326/2/3
f 7326/1/1 7320/2/1 7321/2/1 7322/2/1
f 7338/3/4 7337/2/4 7329/2/4 7330/2/4
f 7332/3/2 7345/2/2 7331/2/2 7328/2/2
f 7337/2/5 7332/3/5 7328/2/5 7329/2/5
f 7345/2/3 7338/3/3 7330/2/3 7331/2/3
f 7327/2/3 7325/2/3 7341/2/3 7342/2/3
f 7343/2/3 7340/4/3 7339/5/3 7344/2/3
f 7324/2/5 7323/2/5 7333/2/5 7334/4/5
f 7349/2/23 7352/2/23 7347/2/23 7335/2/23
f 7335/2/5 7347/2/5 7346/5/5 7336/2/5
f 7355/2/23 7358/5/23 7332/3/23 7337/2/23
f 7323/2/2 7327/2/2 7342/2/2 7333/2/2
f 7347/2/2 7343/2/2 7344/2/2 7346/5/2
f 7325/2/4 7324/2/4 7334/4/4 7341/2/4
f 7350/2/24 7349/2/24 7335/2/24 7340/4/24
f 7340/4/4 7335/2/4 7336/2/4 7339/5/4
f 7356/5/24 7355/2/24 7337/2/24 7338/3/24
f 7341/2/25 7334/4/25 7348/5/25 7351/2/25
f 7351/2/4 7348/5/4 7349/2/4 7350/2/4
f 7334/4/26 7333/2/26 7353/3/26 7348/5/26
f 7348/5/5 7353/3/5 7352/2/5 7349/2/5
f 7339/5/25 7336/2/25 7354/2/25 7357/5/25
f 7357/5/4 7354/2/4 7355/2/4 7356/5/4
f 7336/2/26 7346/5/26 7359/5/26 7354/2/26
f 7354/2/5 7359/5/5 7358/5/5 7355/2/5
f 7362/2/4 7361/2/4 7364/2/4 7365/2/4
f 7361/2/5 7360/2/5 7363/2/5 7364/2/5
f 7363/2/2 7360/2/2 7366/2/2 7367/2/2
f 7362/2/3 7365/2/3 7367/2/3 7366/2/3
f 7366/1/1 7360/2/1 7361/2/1 7362/2/1
f 7378/3/4 7377/2/4 7369/2/4 7370/2/4
f 7372/3/2 7385/2/2 7371/2/2 7368/2/2
f 7377/2/5 7372/3/5 7368/2/5 7369/2/5
f 7385/2/3 7378/3/3 7370/2/3 7371/2/3
f 7367/2/3 7365/2/3 7381/2/3 7382/2/3
f 7383/2/3 7380/4/3 7379/5/3 7384/2/3
f 7364/2/5 7363/2/5 7373/2/5 7374/4/5
f 7389/2/23 7392/2/23 7387/2/23 7375/2/23
f 7375/2/5 7387/2/5 7386/5/5 7376/2/5
f 7395/2/23 7398/5/23 7372/3/23 7377/2/23
f 7363/2/2 7367/2/2 7382/2/2 7373/2/2
f 7387/2/2 7383/2/2 7384/2/2 7386/5/2
f 7365/2/4 7364/2/4 7374/4/4 7381/2/4
f 7390/2/24 7389/2/24 7375/2/24 7380/4/24
f 7380/4/4 7375/2/4 7376/2/4 7379/5/4
f 7396/5/24 7395/2/24 7377/2/24 7378/3/24
f 7381/2/25 7374/4/25 7388/5/25 7391/2/25
f 7391/2/4 7388/5/4 7389/2/4 7390/2/4
f 7374/4/26 7373/2/26 7393/3/26 7388/5/26
f 7388/5/5 7393/3/5 7392/2/5 7389/2/5
f 7379/5/25 7376/2/25 7394/2/25 7397/5/25
f 7397/5/4 7394/2/4 7395/2/4 7396/5/4
f 7376/2/26 7386/5/26 7399/5/26 7394/2/26
f 7394/2/5 7399/5/5 7398/5/5 7395/2/5
f 7402/2/4 7401/2/4 7404/2/4 7405/2/4
f 7401/2/5 7400/2/5 7403/2/5 7404/2/5
f 7403/2/2 7400/2/2 7406/2/2 7407/2/2
f 7402/2/3 7405/2/3 7407/2/3 7406/2/3
f 7406/1/1 7400/2/1 7401/2/1 7402/2/1
f 7418/3/4 7417/2/4 7409/2/4 7410/2/4
f 7412/3/2 7425/2/2 7411/2/2 7408/2/2
f 7417/2/5 7412/3/5 7408/2/5 7409/2/5
f 7425/2/3 7418/3/3 7410/2/3 7411/2/3
f 7407/2/3 7405/2/3 7421/2/3 7422/2/3
f 7423/2/3 7420/4/3 7419/5/3 7424/2/3
f 7404/2/5 7403/2/5 7413/2/5 7414/4/5
f 7429/2/23 7432/2/23 7427/2/23 7415/2/23
f 7415/2/5 7427/2/5 7426/5/5 7416/2/5
f 7435/2/23 7438/5/23 7412/3/23 7417/2/23
f 7403/2/2 7407/2/2 7422/2/2 7413/2/2
f 7427/2/2 7423/2/2 7424/2/2 7426/5/2
f 7405/2/4 7404/2/4 7414/4/4 7421/2/4
f 7430/2/24 7429/2/24 7415/2/24 7420/4/24
f 7420/4/4 7415/2/4 7416/2/4 7419/5/4
f 7436/5/24 7435/2/24 7417/2/24 7418/3/24
f 7421/2/25 7414/4/25 7428/5/25 7431/2/25
f 7431/2/4 7428/5/4 7429/2/4 7430/2/4
f 7414/4/26 7413/2/26 7433/3/26 7428/5/26
f 7428/5/5 7433/3/5 7432/2/5 7429/2/5
f 7419/5/25 7416/2/25 7434/2/25 7437/5/25
f 7437/5/4 7434/2/4 7435/2/4 7436/5/4
f 7416/2/26 7426/5/26 7439/5/26 7434/2/26
f 7434/2/5 7439/5/5 7438/5/5 7435/2/5
f 7442/2/4 7441/2/4 7444/2/4 7445/2/4
f 7441/2/5 7440/2/5 7443/2/5 7444/2/5
f 7443/2/2 7440/2/2 7446/2/2 7447/2/2
f 7442/2/3 7445/2/3 7447/2/3 7446/2/3
f 7446/1/1 7440/2/1 7441/2/1 7442/2/1
f 7458/3/4 7457/2/4 7449/2/4 7450/2/4
f 7452/3/2 7465/2/2 7451/2/2 7448/2/2
f 7457/2/5 7452/3/5 7448/2/5 7449/2/5
f 7465/2/3 7458/3/3 7450/2/3 7451/2/3
f 7447/2/3 7445/2/3 7461/2/3 7462/2/3
f 7463/2/3 7460/4/3 7459/5/3 7464/2/3
f 7444/2/5 7443/2/5 7453/2/5 7454/4/5
f 7469/2/23 7472/2/23 7467/2/23 7455/2/23
f 7455/2/5 7467/2/5 7466/5/5 7456/2/5
f 7475/2/23 7478/5/23 7452/3/23 7457/2/23
f 7443/2/2 7447/2/2 7462/2/2 7453/2/2
f 7467/2/2 7463/2/2 7464/2/2 7466/5/2
f 7445/2/4 7444/2/4 7454/4/4 7461/2/4
f 7470/2/24 7469/2/24 7455/2/24 7460/4/24
f 7460/4/4 7455/2/4 7456/2/4 7459/5/4
f 7476/5/24 7475/2/24 7457/2/24 7458/3/24
f 7461/2/25 7454/4/25 7468/5/25 7471/2/25
f 7471/2/4 7468/5/4 7469/2/4 7470/2/4
f 7454/4/26 7453/2/26 7473/3/26 7468/5/26
f 7468/5/5 7473/3/5 7472/2/5 7469/2/5
f 7459/5/25 7456/2/25 7474/2/25 7477/5/25
f 7477/5/4 7474/2/4 7475/2/4 7476/5/4
f 7456/2/26 7466/5/26 7479/5/26 7474/2/26
f 7474/2/5 7479/5/5 7478/5/5 7475/2/5
f 7482/2/4 7481/2/4 7484/2/4 7485/2/4
f 7481/2/5 7480/2/5 7483/2/5 7484/2/5
f 7483/2/2 7480/2/2 7486/2/2 7487/2/2
f 7482/2/3 7485/2/3 7487/2/3 7486/2/3
f 7486/1/1 7480/2/1 7481/2/1 7482/2/1
f 7498/3/4 7497/2/4 7489/2/4 7490/2/4
f 7492/3/2 7505/2/2 7491/2/2 7488/2/2
f 7497/2/5 7492/3/5 7488/2/5 7489/2/5
f 7505/2/3 7498/3/3 7490/2/3 7491/2/3
f 7487/2/3 7485/2/3 7501/2/3 7502/2/3
f 7503/2/3 7500/4/3 7499/5/3 7504/2/3
f 7484/2/5 7483/2/5 7493/2/5 7494/4/5
f 7509/2/23 7512/2/23 7507/2/23 7495/2/23
f 7495/2/5 7507/2/5 7506/5/5 7496/2/5
f 7515/2/23 7518/5/23 7492/3/23 7497/2/23
f 7483/2/2 7487/2/2 7502/2/2 7493/2/2
f 7507/2/2 7503/2/2 7504/2/2 7506/5/2
f 7485/2/4 7484/2/4 7494/4/4 7501/2/4
f 7510/2/24 7509/2/24 7495/2/24 7500/4/24
f 7500/4/4 7495/2/4 7496/2/4 7499/5/4
f 7516/5/24 7515/2/24 7497/2/24 7498/3/24
f 7501/2/25 7494/4/25 7508/5/25 7511/2/25
f 7511/2/4 7508/5/4 7509/2/4 7510/2/4
f 7494/4/26 7493/2/26 7513/3/26 7508/5/26
f 7508/5/5 7513/3/5 7512/2/5 7509/2/5
f 7499/5/25 7496/2/25 7514/2/25 7517/5/25
f 7517/5/4 7514/2/4 7515/2/4 7516/5/4
f 7496/2/26 7506/5/26 7519/5/26 7514/2/26
f 7514/2/5 7519/5/5 7518/5/5 7515/2/5
f 7522/2/4 7521/2/4 7524/2/4 7525/2/4
f 7521/2/5 7520/2/5 7523/2/5 7524/2/5
f 7523/2/2 7520/2/2 7526/2/2 7527/2/2
f 7522/2/3 7525/2/3 7527/2/3 7526/2/3
f 7526/1/1 7520/2/1 7521/2/1 7522/2/1
f 7538/3/4 7537/2/4 7529/2/4 7530/2/4
f 7532/3/2 7545/2/2 7531/2/2 7528/2/2
f 7537/2/5 7532/3/5 7528/2/5 7529/2/5
f 7545/2/3 7538/3/3 7530/2/3 7531/2/3
f 7527/2/3 7525/2/3 7541/2/3 7542/2/3
f 7543/2/3 7540/4/3 7539/5/3 7544/2/3
f 7524/2/5 7523/2/5 7533/2/5 7534/4/5
f 7549/2/23 7552/2/23 7547/2/23 7535/2/23
f 7535/2/5 7547/2/5 7546/5/5 7536/2/5
f 7555/2/23 7558/5/23 7532/3/23 7537/2/23
f 7523/2/2 7527/2/2 7542/2/2 7533/2/2
f 7547/2/2 7543/2/2 7544/2/2 7546/5/2
f 7525/2/4 7524/2/4 7534/4/4 7541/2/4
f 7550/2/24 7549/2/24 7535/2/24 7540/4/24
f 7540/4/4 7535/2/4 7536/2/4 7539/5/4
f 7556/5/24 7555/2/24 7537/2/24 7538/3/24
f 7541/2/25 7534/4/25 7548/5/25 7551/2/25
f 7551/2/4 7548/5/4 7549/2/4 7550/2/4
f 7534/4/26 7533/2/26 7553/3/26 7548/5/26
f 7548/5/5 7553/3/5 7552/2/5 7549/2/5
f 7539/5/25 7536/2/25 7554/2/25 7557/5/25
f 7557/5/4 7554/2/4 7555/2/4 7556/5/4
f 7536/2/26 7546/5/26 7559/5/26 7554/2/26
f 7554/2/5 7559/5/5 7558/5/5 7555/2/5
f 7562/2/4 7561/2/4 7564/2/4 7565/2/4
f 7561/2/5 7560/2/5 7563/2/5 7564/2/5
f 7563/2/2 7560/2/2 7566/2/2 7567/2/2
f 7562/2/3 7565/2/3 7567/2/3 7566/2/3
f 7566/1/1 7560/2/1 7561/2/1 7562/2/1
f 7578/3/4 7577/2/4 7569/2/4 7570/2/4
f 7572/3/2 7585/2/2 7571/2/2 7568/2/2
f 7577/2/5 7572/3/5 7568/2/5 7569/2/5
f 7585/2/3 7578/3/3 7570/2/3 7571/2/3
f 7567/2/3 7565/2/3 7581/2/3 7582/2/3
f 7583/2/3 7580/4/3 7579/5/3 7584/2/3
f 7564/2/5 7563/2/5 7573/2/5 7574/4/5
f 7589/2/23 7592/2/23 7587/2/23 7575/2/23
f 7575/2/5 7587/2/5 7586/5/5 7576/2/5
f 7595/2/23 7598/5/23 7572/3/23 7577/2/23
f 7563/2/2 7567/2/2 7582/2/2 7573/2/2
f 7587/2/2 7583/2/2 7584/2/2 7586/5/2
f 7565/2/4 7564/2/4 7574/4/4 7581/2/4
f 7590/2/24 7589/2/24 7575/2/24 7580/4/24
f 7580/4/4 7575/2/4 7576/2/4 7579/5/4
f 7596/5/24 7595/2/24 7577/2/24 7578/3/24
f 7581/2/25 7574/4/25 7588/5/25 7591/2/25
f 7591/2/4 7588/5/4 7589/2/4 7590/2/4
f 7574/4/26 7573/2/26 7593/3/26 7588/5/26
f 7588/5/5 7593/3/5 7592/2/5 7589/2/5
f 7579/5/25 7576/2/25 7594/2/25 7597/5/25
f 7597/5/4 7594/2/4 7595/2/4 7596/5/4
f 7576/2/26 7586/5/26 7599/5/26 7594/2/26
f 7594/2/5 7599/5/5 7598/5/5 7595/2/5
f 7602/2/4 7601/2/4 7604/2/4 7605/2/4
f 7601/2/5 7600/2/5 7603/2/5 7604/2/5
f 7603/2/2 7600/2/2 7606/2/2 7607/2/2
f 7602/2/3 7605/2/3 7607/2/3 7606/2/3
f 7606/1/1 7600/2/1 7601/2/1 7602/2/1
f 7618/3/4 7617/2/4 7609/2/4 7610/2/4
f 7612/3/2 7625/2/2 7611/2/2 7608/2/2
f 7617/2/5 7612/3/5 7608/2/5 7609/2/5
f 7625/2/3 7618/3/3 7610/2/3 7611/2/3
f 7607/2/3 7605/2/3 7621/2/3 7622/2/3
f 7623/2/3 7620/4/3 7619/5/3 7624/2/3
f 7604/2/5 7603/2/5 7613/2/5 7614/4/5
f 7629/2/23 7632/2/23 7627/2/23 7615/2/23
f 7615/2/5 7627/2/5 7626/5/5 7616/2/5
f 7635/2/23 7638/5/23 7612/3/23 7617/2/23
f 7603/2/2 7607/2/2 7622/2/2 7613/2/2
f 7627/2/2 7623/2/2 7624/2/2 7626/5/2
f 7605/2/4 7604/2/4 7614/4/4 7621/2/4
f 7630/2/24 7629/2/24 7615/2/24 7620/4/24
f 7620/4/4 7615/2/4 7616/2/4 7619/5/4
f 7636/5/24 7635/2/24 7617/2/24 7618/3/24
f 7621/2/25 7614/4/25 7628/5/25 7631/2/25
f 7631/2/4 7628/5/4 7629/2/4 7630/2/4
f 7614/4/26 7613/2/26 7633/3/26 7628/5/26
f 7628/5/5 7633/3/5 7632/2/5 7629/2/5
f 7619/5/25 7616/2/25 7634/2/25 7637/5/25
f 7637/5/4 7634/2/4 7635/2/4 7636/5/4
f 7616/2/26 7626/5/26 7639/5/26 7634/2/26
f 7634/2/5 7639/5/5 7638/5/5 7635/2/5
f 7641/1/1 7640/1/1 7644/10/1 7645/11/1
f 7646/12/4 7647/13/4 7650/14/4 7648/15/4
f 7651/16/27 7648/15/27 7649/17/27 7652/18/27
f 7655/19/28 7649/17/28 7648/15/28 7650/14/28
f 7649/17/5 7655/19/5 7653/20/5 7652/18/5
f 7650/14/26 7654/21/26 7653/20/26 7655/19/26
f 7647/13/1 7656/22/1 7654/23/1 7650/14/1
f 7659/24/2 7661/25/2 7658/26/2 7657/27/2
f 7659/28/27 7662/29/27 7663/30/27 7660/31/27
f 7660/32/29 7666/33/29 7661/25/29 7659/24/29
f 7663/18/5 7664/20/5 7666/34/5 7660/35/5
f 7665/23/26 7661/36/26 7666/37/26 7664/38/26
f 7667/22/1 7658/39/1 7661/36/1 7665/23/1
f 7670/24/2 7672/25/2 7669/26/2 7668/27/2
f 7671/35/29 7679/34/29 7672/40/29 7670/41/29
f 7670/41/27 7673/15/27 7674/42/27 7671/35/27
f 7678/19/28 7674/42/28 7673/15/28 7675/14/28
f 7676/12/4 7677/13/4 7675/14/4 7673/15/4
f 7677/13/1 7669/39/1 7672/36/1 7675/14/1
f 7675/14/26 7672/40/26 7679/34/26 7678/19/26
f 7674/42/5 7678/19/5 7679/34/5 7671/35/5
f 7682/24/2 7684/25/2 7681/26/2 7680/27/2
f 7683/35/29 7691/34/29 7684/40/29 7682/41/29
f 7682/41/27 7685/15/27 7686/42/27 7683/35/27
f 7690/19/28 7686/42/28 7685/15/28 7687/14/28
f 7688/12/4 7689/13/4 7687/14/4 7685/15/4
f 7689/13/1 7681/39/1 7684/36/1 7687/14/1
f 7687/14/26 7684/40/26 7691/34/26 7690/19/26
f 7686/42/5 7690/19/5 7691/34/5 7683/35/5
f 7645/11/5 7644/10/5 7642/1/5 7643/2/5
f 7730/43/16 7729/44/16 7715/44/16 7716/43/16
f 7729/44/15 7728/45/15 7720/46/15 7715/44/15
f 7733/47/14 7732/48/14 7714/48/14 7719/49/14
f 7715/44/1 7720/46/1 7721/50/1 7716/43/1
f 7713/51/1 7718/52/1 7719/49/1 7714/48/1
f 7711/11/1 7723/53/1 7717/54/1 7712/55/1
f 7708/56/1 7722/57/1 7710/58/1 7709/10/1
f 7731/59/14 7730/43/14 7716/43/14 7721/50/14
f 7728/45/13 7731/59/13 7721/50/13 7720/46/13
f 7725/10/16 7724/56/16 7708/56/16 7709/10/16
f 7734/60/13 7733/47/13 7719/49/13 7718/52/13
f 7738/61/16 7737/11/16 7711/11/16 7712/55/16
f 7739/62/14 7738/61/14 7712/55/14 7717/54/14
f 7736/53/13 7739/62/13 7717/54/13 7723/53/13
f 7735/63/15 7734/60/15 7718/52/15 7713/51/15
f 7724/56/15 7727/64/15 7722/57/15 7708/56/15
f 7727/64/13 7726/58/13 7710/58/13 7722/57/13
f 7732/48/16 7735/63/16 7713/51/16 7714/48/16
f 7707/65/3 7700/58/3 7726/58/3 7727/64/3
f 7692/10/5 7699/66/5 7724/56/5 7725/10/5
f 7705/67/3 7706/59/3 7731/59/3 7728/45/3
f 7698/43/5 7697/68/5 7729/44/5 7730/43/5
f 7696/48/5 7695/63/5 7735/63/5 7732/48/5
f 7703/60/3 7704/47/3 7733/47/3 7734/60/3
f 7701/53/3 7702/54/3 7739/62/3 7736/53/3
f 7694/55/5 7693/11/5 7737/11/5 7738/61/5
f 7738/61/2 7739/62/2 7762/62/2 7760/61/2
f 7703/60/4 7734/60/4 7756/60/4 7757/60/4
f 7731/59/2 7706/59/2 7751/59/2 7750/59/2
f 7694/55/2 7738/61/2 7760/61/2 7761/55/2
f 7704/47/2 7696/48/2 7752/48/2 7755/47/2
f 7707/65/4 7727/64/4 7743/64/4 7742/65/4
f 7735/63/4 7695/63/4 7759/63/4 7758/63/4
f 7705/67/4 7728/45/4 7745/45/4 7744/67/4
f 7732/48/2 7733/47/2 7754/47/2 7753/48/2
f 7724/56/4 7699/66/4 7740/66/4 7741/56/4
f 7739/62/2 7702/54/2 7763/54/2 7762/62/2
f 7696/48/2 7732/48/2 7753/48/2 7752/48/2
f 7706/59/2 7698/43/2 7749/43/2 7751/59/2
f 7729/44/4 7697/68/4 7747/68/4 7746/44/4
f 7699/66/4 7707/65/4 7742/65/4 7740/66/4
f 7730/43/2 7731/59/2 7750/59/2 7748/43/2
f 7695/63/4 7703/60/4 7757/60/4 7759/63/4
f 7733/47/2 7704/47/2 7755/47/2 7754/47/2
f 7727/64/4 7724/56/4 7741/56/4 7743/64/4
f 7697/68/4 7705/67/4 7744/67/4 7747/68/4
f 7734/60/4 7735/63/4 7758/63/4 7756/60/4
f 7702/54/2 7694/55/2 7761/55/2 7763/54/2
f 7698/43/2 7730/43/2 7748/43/2 7749/43/2
f 7728/45/4 7729/44/4 7746/44/4 7745/45/4
f 7743/64/1 7741/56/1 7748/43/1 7750/59/1
f 7740/66/5 7749/43/5 7748/43/5 7741/56/5
f 7742/65/3 7743/64/3 7750/59/3 7751/59/3
f 7744/67/3 7745/45/3 7754/47/3 7755/47/3
f 7745/45/1 7746/44/1 7753/48/1 7754/47/1
f 7746/44/5 7747/68/5 7752/48/5 7753/48/5
f 7759/63/5 7761/55/5 7760/61/5 7758/63/5
f 7756/60/1 7758/63/1 7760/61/1 7762/62/1
f 7757/60/3 7756/60/3 7762/62/3 7763/54/3
f 7765/1/1 7764/1/1 7768/10/1 7769/11/1
f 7770/12/4 7771/13/4 7774/14/4 7772/15/4
f 7775/16/27 7772/15/27 7773/17/27 7776/18/27
f 7779/19/28 7773/17/28 7772/15/28 7774/14/28
f 7773/17/5 7779/19/5 7777/20/5 7776/18/5
f 7774/14/26 7778/21/26 7777/20/26 7779/19/26
f 7771/13/1 7780/22/1 7778/23/1 7774/14/1
f 7783/24/2 7785/25/2 7782/26/2 7781/27/2
f 7783/28/27 7786/29/27 7787/30/27 7784/31/27
f 7784/32/29 7790/33/29 7785/25/29 7783/24/29
f 7787/18/5 7788/20/5 7790/34/5 7784/35/5
f 7789/23/26 7785/36/26 7790/37/26 7788/38/26
f 7791/22/1 7782/39/1 7785/36/1 7789/23/1
f 7794/24/2 7796/25/2 7793/26/2 7792/27/2
f 7795/35/29 7803/34/29 7796/40/29 7794/41/29
f 7794/41/27 7797/15/27 7798/42/27 7795/35/27
f 7802/19/28 7798/42/28 7797/15/28 7799/14/28
f 7800/12/4 7801/13/4 7799/14/4 7797/15/4
f 7801/13/1 7793/39/1 7796/36/1 7799/14/1
f 7799/14/26 7796/40/26 7803/34/26 7802/19/26
f 7798/42/5 7802/19/5 7803/34/5 7795/35/5
f 7806/24/2 7808/25/2 7805/26/2 7804/27/2
f 7807/35/29 7815/34/29 7808/40/29 7806/41/29
f 7806/41/27 7809/15/27 7810/42/27 7807/35/27
f 7814/19/28 7810/42/28 7809/15/28 7811/14/28
f 7812/12/4 7813/13/4 7811/14/4 7809/15/4
f 7813/13/1 7805/39/1 7808/36/1 7811/14/1
f 7811/14/26 7808/40/26 7815/34/26 7814/19/26
f 7810/42/5 7814/19/5 7815/34/5 7807/35/5
f 7769/11/5 7768/10/5 7766/1/5 7767/2/5
f 7854/43/16 7853/44/16 7839/44/16 7840/43/16
f 7853/44/15 7852/45/15 7844/46/15 7839/44/15
f 7857/47/14 7856/48/14 7838/48/14 7843/49/14
f 7839/44/1 7844/46/1 7845/50/1 7840/43/1
f 7837/51/1 7842/52/1 7843/49/1 7838/48/1
f 7835/11/1 7847/53/1 7841/54/1 7836/55/1
f 7832/56/1 7846/57/1 7834/58/1 7833/10/1
f 7855/59/14 7854/43/14 7840/43/14 7845/50/14
f 7852/45/13 7855/59/13 7845/50/13 7844/46/13
f 7849/10/16 7848/56/16 7832/56/16 7833/10/16
f 7858/60/13 7857/47/13 7843/49/13 7842/52/13
f 7862/61/16 7861/11/16 7835/11/16 7836/55/16
f 7863/62/14 7862/61/14 7836/55/14 7841/54/14
f 7860/53/13 7863/62/13 7841/54/13 7847/53/13
f 7859/63/15 7858/60/15 7842/52/15 7837/51/15
f 7848/56/15 7851/64/15 7846/57/15 7832/56/15
f 7851/64/13 7850/58/13 7834/58/13 7846/57/13
f 7856/48/16 7859/63/16 7837/51/16 7838/48/16
f 7831/65/3 7824/58/3 7850/58/3 7851/64/3
f 7816/10/5 7823/66/5 7848/56/5 7849/10/5
f 7829/67/3 7830/59/3 7855/59/3 7852/45/3
f 7822/43/5 7821/68/5 7853/44/5 7854/43/5
f 7820/48/5 7819/63/5 7859/63/5 7856/48/5
f 7827/60/3 7828/47/3 7857/47/3 7858/60/3
f 7825/53/3 7826/54/3 7863/62/3 7860/53/3
f 7818/55/5 7817/11/5 7861/11/5 7862/61/5
f 7862/61/2 7863/62/2 7886/62/2 7884/61/2
f 7827/60/4 7858/60/4 7880/60/4 7881/60/4
f 7855/59/2 7830/59/2 7875/59/2 7874/59/2
f 7818/55/2 7862/61/2 7884/61/2 7885/55/2
f 7828/47/2 7820/48/2 7876/48/2 7879/47/2
f 7831/65/4 7851/64/4 7867/64/4 7866/65/4
f 7859/63/4 7819/63/4 7883/63/4 7882/63/4
f 7829/67/4 7852/45/4 7869/45/4 7868/67/4
f 7856/48/2 7857/47/2 7878/47/2 7877/48/2
f 7848/56/4 7823/66/4 7864/66/4 7865/56/4
f 7863/62/2 7826/54/2 7887/54/2 7886/62/2
f 7820/48/2 7856/48/2 7877/48/2 7876/48/2
f 7830/59/2 7822/43/2 7873/43/2 7875/59/2
f 7853/44/4 7821/68/4 7871/68/4 7870/44/4
f 7823/66/4 7831/65/4 7866/65/4 7864/66/4
f 7854/43/2 7855/59/2 7874/59/2 7872/43/2
f 7819/63/4 7827/60/4 7881/60/4 7883/63/4
f 7857/47/2 7828/47/2 7879/47/2 7878/47/2
f 7851/64/4 7848/56/4 7865/56/4 7867/64/4
f 7821/68/4 7829/67/4 7868/67/4 7871/68/4
f 7858/60/4 7859/63/4 7882/63/4 7880/60/4
f 7826/54/2 7818/55/2 7885/55/2 7887/54/2
f 7822/43/2 7854/43/2 7872/43/2 7873/43/2
f 7852/45/4 7853/44/4 7870/44/4 7869/45/4
f 7867/64/1 7865/56/1 7872/43/1 7874/59/1
f 7864/66/5 7873/43/5 7872/43/5 7865/56/5
f 7866/65/3 7867/64/3 7874/59/3 7875/59/3
f 7868/67/3 7869/45/3 7878/47/3 7879/47/3
f 7869/45/1 7870/44/1 7877/48/1 7878/47/1
f 7870/44/5 7871/68/5 7876/48/5 7877/48/5
f 7883/63/5 7885/55/5 7884/61/5 7882/63/5
f 7880/60/1 7882/63/1 7884/61/1 7886/62/1
f 7881/60/3 7880/60/3 7886/62/3 7887/54/3
f 7890/12/4 7891/13/4 7894/14/4 7892/15/4
f 7895/16/27 7892/15/27 7893/17/27 7896/18/27
f 7899/19/28 7893/17/28 7892/15/28 7894/14/28
f 7893/17/5 7899/19/5 7897/20/5 7896/18/5
f 7894/14/26 7898/21/26 7897/20/26 7899/19/26
f 7891/13/1 7900/22/1 7898/23/1 7894/14/1
f 7903/24/2 7905/25/2 7902/26/2 7901/27/2
f 7904/35/29 7912/34/29 7905/40/29 7903/41/29
f 7903/41/27 7906/15/27 7907/42/27 7904/35/27
f 7911/19/28 7907/42/28 7906/15/28 7908/14/28
f 7909/12/4 7910/13/4 7908/14/4 7906/15/4
f 7910/13/1 7902/39/1 7905/36/1 7908/14/1
f 7908/14/26 7905/40/26 7912/34/26 7911/19/26
f 7907/42/5 7911/19/5 7912/34/5 7904/35/5
f 7915/24/2 7917/25/2 7914/26/2 7913/27/2
f 7916/35/29 7924/34/29 7917/40/29 7915/41/29
f 7915/41/27 7918/15/27 7919/42/27 7916/35/27
f 7923/19/28 7919/42/28 7918/15/28 7920/14/28
f 7921/12/4 7922/13/4 7920/14/4 7918/15/4
f 7922/13/1 7914/39/1 7917/36/1 7920/14/1
f 7920/14/26 7917/40/26 7924/34/26 7923/19/26
f 7919/42/5 7923/19/5 7924/34/5 7916/35/5
f 7980/11/5 7941/10/5 7889/1/5 7988/2/5
f 7888/1/1 7941/10/1 7980/11/1 7925/1/1
f 7950/43/16 7948/44/16 7931/44/16 7932/43/16
f 7948/44/15 7947/45/15 7935/46/15 7931/44/15
f 7956/47/14 7955/48/14 7930/48/14 7934/49/14
f 7931/44/1 7935/46/1 7936/50/1 7932/43/1
f 7929/51/1 7933/52/1 7934/49/1 7930/48/1
f 7926/56/1 7937/57/1 7928/58/1 7927/10/1
f 7952/59/14 7950/43/14 7932/43/14 7936/50/14
f 7947/45/13 7952/59/13 7936/50/13 7935/46/13
f 7940/10/16 7939/56/16 7926/56/16 7927/10/16
f 7958/60/13 7956/47/13 7934/49/13 7933/52/13
f 7960/63/15 7958/60/15 7933/52/15 7929/51/15
f 7939/56/15 7945/64/15 7937/57/15 7926/56/15
f 7945/64/13 7942/58/13 7928/58/13 7937/57/13
f 7955/48/16 7960/63/16 7929/51/16 7930/48/16
f 7944/65/3 7943/58/3 7942/58/3 7945/64/3
f 7941/10/5 7938/66/5 7939/56/5 7940/10/5
f 7946/67/3 7953/59/3 7952/59/3 7947/45/3
f 7951/43/5 7949/68/5 7948/44/5 7950/43/5
f 7954/48/5 7982/63/5 7960/63/5 7955/48/5
f 7959/60/3 7957/47/3 7956/47/3 7958/60/3
f 7952/59/2 7953/59/2 7972/59/2 7971/59/2
f 7957/47/2 7954/48/2 7973/48/2 7976/47/2
f 7944/65/4 7945/64/4 7964/64/4 7963/65/4
f 7946/67/4 7947/45/4 7966/45/4 7965/67/4
f 7955/48/2 7956/47/2 7975/47/2 7974/48/2
f 7939/56/4 7938/66/4 7961/66/4 7962/56/4
f 7954/48/2 7955/48/2 7974/48/2 7973/48/2
f 7953/59/2 7951/43/2 7970/43/2 7972/59/2
f 7948/44/4 7949/68/4 7968/68/4 7967/44/4
f 7938/66/4 7944/65/4 7963/65/4 7961/66/4
f 7950/43/2 7952/59/2 7971/59/2 7969/43/2
f 7956/47/2 7957/47/2 7976/47/2 7975/47/2
f 7945/64/4 7939/56/4 7962/56/4 7964/64/4
f 7949/68/4 7946/67/4 7965/67/4 7968/68/4
f 7951/43/2 7950/43/2 7969/43/2 7970/43/2
f 7947/45/4 7948/44/4 7967/44/4 7966/45/4
f 7964/64/1 7962/56/1 7969/43/1 7971/59/1
f 7961/66/5 7970/43/5 7969/43/5 7962/56/5
f 7963/65/3 7964/64/3 7971/59/3 7972/59/3
f 7965/67/3 7966/45/3 7975/47/3 7976/47/3
f 7966/45/1 7967/44/1 7974/48/1 7975/47/1
f 7967/44/5 7968/68/5 7973/48/5 7974/48/5
f 7978/44/16 7979/44/16 7984/46/16 7981/45/16
f 7982/67/2 7981/45/2 7977/59/2 7983/59/2
f 7978/44/5 7981/45/5 7982/67/5 7980/68/5
f 7981/45/14 7984/46/14 7985/50/14 7977/59/14
f 7985/131/1 7984/46/1 7979/44/1
f 7991/3/2 7990/2/2 7988/2/2 7986/2/2
f 7989/2/5 7991/3/5 7986/2/5 7987/2/5
f 7995/32/29 7997/33/29 7998/25/29 7996/24/29
f 7996/24/2 7998/25/2 7993/26/2 7992/27/2
f 7994/22/1 7993/39/1 7998/23/1
f 8002/2/23 7995/5/23 7996/3/23 8000/2/23
f 7999/2/26 7998/5/26 7997/5/26 8001/2/26
f 8001/2/5 7997/5/5 7995/5/5 8002/2/5
f 7999/2/1 7994/1/1 7998/5/1
f 8006/12/2 8008/15/2 8010/14/2 8007/13/2
f 8011/16/27 8012/18/27 8009/17/27 8008/15/27
f 8015/19/29 8010/14/29 8008/15/29 8009/17/29
f 8009/17/5 8012/18/5 8013/20/5 8015/19/5
f 8010/14/26 8015/19/26 8013/20/26 8014/21/26
f 8007/13/1 8010/14/1 8014/23/1 8016/22/1
f 8019/24/4 8017/27/4 8018/26/4 8021/25/4
f 8020/35/28 8019/41/28 8021/40/28 8028/34/28
f 8019/41/27 8020/35/27 8023/42/27 8022/15/27
f 8027/19/29 8024/14/29 8022/15/29 8023/42/29
f 8025/12/2 8022/15/2 8024/14/2 8026/13/2
f 8026/13/1 8024/14/1 8021/36/1 8018/39/1
f 8024/14/26 8027/19/26 8028/34/26 8021/40/26
f 8023/42/5 8020/35/5 8028/34/5 8027/19/5
f 8031/24/4 8029/27/4 8030/26/4 8033/25/4
f 8032/35/28 8031/41/28 8033/40/28 8040/34/28
f 8031/41/27 8032/35/27 8035/42/27 8034/15/27
f 8039/19/29 8036/14/29 8034/15/29 8035/42/29
f 8037/12/2 8034/15/2 8036/14/2 8038/13/2
f 8038/13/1 8036/14/1 8033/36/1 8030/39/1
f 8036/14/26 8039/19/26 8040/34/26 8033/40/26
f 8035/42/5 8032/35/5 8040/34/5 8039/19/5
f 8099/11/5 8005/2/5 8004/1/5 8057/10/5
f 8003/1/1 8041/1/1 8099/11/1 8057/10/1
f 8066/43/16 8048/43/16 8047/44/16 8064/44/16
f 8064/44/14 8047/44/14 8051/46/14 8063/45/14
f 8072/47/15 8050/49/15 8046/48/15 8071/48/15
f 8047/44/1 8048/43/1 8052/50/1 8051/46/1
f 8045/51/1 8046/48/1 8050/49/1 8049/52/1
f 8042/56/1 8043/10/1 8044/58/1 8053/57/1
f 8068/59/15 8052/50/15 8048/43/15 8066/43/15
f 8063/45/13 8051/46/13 8052/50/13 8068/59/13
f 8056/10/16 8043/10/16 8042/56/16 8055/56/16
f 8074/60/13 8049/52/13 8050/49/13 8072/47/13
f 8076/63/14 8045/51/14 8049/52/14 8074/60/14
f 8055/56/14 8042/56/14 8053/57/14 8061/64/14
f 8061/64/13 8053/57/13 8044/58/13 8058/58/13
f 8071/48/16 8046/48/16 8045/51/16 8076/63/16
f 8060/65/3 8061/64/3 8058/58/3 8059/58/3
f 8057/10/5 8056/10/5 8055/56/5 8054/66/5
f 8062/67/3 8063/45/3 8068/59/3 8069/59/3
f 8067/43/5 8066/43/5 8064/44/5 8065/68/5
f 8070/48/5 8071/48/5 8076/63/5 8095/63/5
f 8075/60/3 8074/60/3 8072/47/3 8073/47/3
f 8068/59/4 8087/59/4 8088/59/4 8069/59/4
f 8073/47/4 8092/47/4 8089/48/4 8070/48/4
f 8060/65/2 8079/65/2 8080/64/2 8061/64/2
f 8062/67/2 8081/67/2 8082/45/2 8063/45/2
f 8071/48/4 8090/48/4 8091/47/4 8072/47/4
f 8055/56/2 8078/56/2 8077/66/2 8054/66/2
f 8070/48/4 8089/48/4 8090/48/4 8071/48/4
f 8069/59/4 8088/59/4 8086/43/4 8067/43/4
f 8064/44/2 8083/44/2 8084/68/2 8065/68/2
f 8054/66/2 8077/66/2 8079/65/2 8060/65/2
f 8066/43/4 8085/43/4 8087/59/4 8068/59/4
f 8072/47/4 8091/47/4 8092/47/4 8073/47/4
f 8061/64/2 8080/64/2 8078/56/2 8055/56/2
f 8065/68/2 8084/68/2 8081/67/2 8062/67/2
f 8067/43/4 8086/43/4 8085/43/4 8066/43/4
f 8063/45/2 8082/45/2 8083/44/2 8064/44/2
f 8080/64/1 8087/59/1 8085/43/1 8078/56/1
f 8077/66/5 8078/56/5 8085/43/5 8086/43/5
f 8079/65/3 8088/59/3 8087/59/3 8080/64/3
f 8081/67/3 8092/47/3 8091/47/3 8082/45/3
f 8082/45/1 8091/47/1 8090/48/1 8083/44/1
f 8083/44/5 8090/48/5 8089/48/5 8084/68/5
f 8096/59/15 8101/50/15 8094/43/15 8093/43/15
f 8093/43/16 8094/43/16 8098/44/16 8097/44/16
f 8095/43/5 8093/43/5 8097/44/5 8099/68/5
f 8095/43/4 8100/59/4 8096/59/4 8093/43/4
f 8098/44/1 8094/43/1 8101/131/1
f 8105/3/5 8104/2/5 8102/2/5 8103/2/5
f 8106/2/4 8105/3/4 8103/2/4 8005/2/4
f 8109/32/28 8110/24/28 8112/25/28 8111/33/28
f 8110/24/4 8107/27/4 8108/26/4 8112/25/4
f 8117/22/1 8112/36/1 8108/39/1
f 8109/5/23 8116/2/23 8114/2/23 8110/3/23
f 8112/5/26 8113/2/26 8115/2/26 8111/5/26
f 8111/5/5 8115/2/5 8116/2/5 8109/5/5
f 8112/5/1 8117/1/1 8113/2/1
f 8121/12/5 8123/15/5 8125/14/5 8122/13/5
f 8126/16/24 8127/18/24 8124/17/24 8123/15/24
f 8130/19/30 8125/14/30 8123/15/30 8124/17/30
f 8124/17/4 8127/18/4 8128/20/4 8130/19/4
f 8125/14/25 8130/19/25 8128/20/25 8129/21/25
f 8122/13/1 8125/14/1 8129/23/1 8131/22/1
f 8134/24/3 8132/27/3 8133/26/3 8136/25/3
f 8135/35/31 8134/41/31 8136/40/31 8143/34/31
f 8134/41/24 8135/35/24 8138/42/24 8137/15/24
f 8142/19/30 8139/14/30 8137/15/30 8138/42/30
f 8140/12/5 8137/15/5 8139/14/5 8141/13/5
f 8141/13/1 8139/14/1 8136/36/1 8133/39/1
f 8139/14/25 8142/19/25 8143/34/25 8136/40/25
f 8138/42/4 8135/35/4 8143/34/4 8142/19/4
f 8146/24/3 8144/27/3 8145/26/3 8148/25/3
f 8147/35/31 8146/41/31 8148/40/31 8155/34/31
f 8146/41/24 8147/35/24 8150/42/24 8149/15/24
f 8154/19/30 8151/14/30 8149/15/30 8150/42/30
f 8152/12/5 8149/15/5 8151/14/5 8153/13/5
f 8153/13/1 8151/14/1 8148/36/1 8145/39/1
f 8151/14/25 8154/19/25 8155/34/25 8148/40/25
f 8150/42/4 8147/35/4 8155/34/4 8154/19/4
f 8214/11/4 8120/2/4 8119/1/4 8172/10/4
f 8118/1/1 8156/1/1 8214/11/1 8172/10/1
f 8181/43/15 8163/43/15 8162/44/15 8179/44/15
f 8179/44/16 8162/44/16 8166/46/16 8178/45/16
f 8187/47/13 8165/49/13 8161/48/13 8186/48/13
f 8162/44/1 8163/43/1 8167/50/1 8166/46/1
f 8160/51/1 8161/48/1 8165/49/1 8164/52/1
f 8157/56/1 8158/10/1 8159/58/1 8168/57/1
f 8183/59/13 8167/50/13 8163/43/13 8181/43/13
f 8178/45/14 8166/46/14 8167/50/14 8183/59/14
f 8171/10/15 8158/10/15 8157/56/15 8170/56/15
f 8189/60/14 8164/52/14 8165/49/14 8187/47/14
f 8191/63/16 8160/51/16 8164/52/16 8189/60/16
f 8170/56/16 8157/56/16 8168/57/16 8176/64/16
f 8176/64/14 8168/57/14 8159/58/14 8173/58/14
f 8186/48/15 8161/48/15 8160/51/15 8191/63/15
f 8175/65/2 8176/64/2 8173/58/2 8174/58/2
f 8172/10/4 8171/10/4 8170/56/4 8169/66/4
f 8177/67/2 8178/45/2 8183/59/2 8184/59/2
f 8182/43/4 8181/43/4 8179/44/4 8180/68/4
f 8185/48/4 8186/48/4 8191/63/4 8210/63/4
f 8190/60/2 8189/60/2 8187/47/2 8188/47/2
f 8183/59/3 8202/59/3 8203/59/3 8184/59/3
f 8188/47/3 8207/47/3 8204/48/3 8185/48/3
f 8175/65/5 8194/65/5 8195/64/5 8176/64/5
f 8177/67/5 8196/67/5 8197/45/5 8178/45/5
f 8186/48/3 8205/48/3 8206/47/3 8187/47/3
f 8170/56/5 8193/56/5 8192/66/5 8169/66/5
f 8185/48/3 8204/48/3 8205/48/3 8186/48/3
f 8184/59/3 8203/59/3 8201/43/3 8182/43/3
f 8179/44/5 8198/44/5 8199/68/5 8180/68/5
f 8169/66/5 8192/66/5 8194/65/5 8175/65/5
f 8181/43/3 8200/43/3 8202/59/3 8183/59/3
f 8187/47/3 8206/47/3 8207/47/3 8188/47/3
f 8176/64/5 8195/64/5 8193/56/5 8170/56/5
f 8180/68/5 8199/68/5 8196/67/5 8177/67/5
f 8182/43/3 8201/43/3 8200/43/3 8181/43/3
f 8178/45/5 8197/45/5 8198/44/5 8179/44/5
f 8195/64/1 8202/59/1 8200/43/1 8193/56/1
f 8192/66/4 8193/56/4 8200/43/4 8201/43/4
f 8194/65/2 8203/59/2 8202/59/2 8195/64/2
f 8196/67/2 8207/47/2 8206/47/2 8197/45/2
f 8197/45/1 8206/47/1 8205/48/1 8198/44/1
f 8198/44/4 8205/48/4 8204/48/4 8199/68/4
f 8211/59/13 8216/50/13 8209/43/13 8208/43/13
f 8208/43/15 8209/43/15 8213/44/15 8212/44/15
f 8210/43/4 8208/43/4 8212/44/4 8214/68/4
f 8210/43/3 8215/59/3 8211/59/3 8208/43/3
f 8213/44/1 8209/43/1 8216/131/1
f 8220/3/4 8219/2/4 8217/2/4 8218/2/4
f 8221/2/3 8220/3/3 8218/2/3 8120/2/3
f 8224/32/31 8225/24/31 8227/25/31 8226/33/31
f 8225/24/3 8222/27/3 8223/26/3 8227/25/3
f 8232/22/1 8227/36/1 8223/39/1
f 8224/5/24 8231/2/24 8229/2/24 8225/3/24
f 8227/5/25 8228/2/25 8230/2/25 8226/5/25
f 8226/5/4 8230/2/4 8231/2/4 8224/5/4
f 8227/5/1 8232/1/1 8228/2/1
f 8235/6/4 8236/7/4 8234/8/4 8233/9/4
f 8238/1/4 8239/2/4 8240/7/4 8237/6/4
f 8236/7/1 8235/6/1 8237/6/1 8240/7/1
f 8243/6/4 8244/7/4 8242/8/4 8241/9/4
f 8246/1/4 8247/2/4 8248/7/4 8245/6/4
f 8244/7/1 8243/6/1 8245/6/1 8248/7/1
f 8251/6/4 8252/7/4 8250/8/4 8249/9/4
f 8254/1/4 8255/2/4 8256/7/4 8253/6/4
f 8252/7/1 8251/6/1 8253/6/1 8256/7/1
f 8259/6/4 8260/7/4 8258/8/4 8257/9/4
f 8262/1/4 8263/2/4 8264/7/4 8261/6/4
f 8260/7/1 8259/6/1 8261/6/1 8264/7/1
f 8265/1/4 8266/2/4 8268/8/4 8267/9/4
f 8273/35/30 8275/34/30 8276/40/30 8274/41/30
f 8279/19/31 8277/42/31 8278/15/31 8280/14/31
f 8274/41/24 8278/15/24 8277/42/24 8273/35/24
f 8280/14/25 8276/40/25 8275/34/25 8279/19/25
f 8274/24/5 8276/25/5 8270/26/5 8269/27/5
f 8277/42/4 8279/19/4 8275/34/4 8273/35/4
f 8272/13/1 8270/39/1 8276/36/1 8280/14/1
f 8271/12/3 8272/13/3 8280/14/3 8278/15/3
f 8285/35/30 8287/34/30 8288/40/30 8286/41/30
f 8291/19/31 8289/42/31 8290/15/31 8292/14/31
f 8286/41/24 8290/15/24 8289/42/24 8285/35/24
f 8292/14/25 8288/40/25 8287/34/25 8291/19/25
f 8286/24/5 8288/25/5 8282/26/5 8281/27/5
f 8289/42/4 8291/19/4 8287/34/4 8285/35/4
f 8284/13/1 8282/39/1 8288/36/1 8292/14/1
f 8283/12/3 8284/13/3 8292/14/3 8290/15/3
f 8297/35/30 8299/34/30 8300/40/30 8298/41/30
f 8303/19/31 8301/42/31 8302/15/31 8304/14/31
f 8298/41/24 8302/15/24 8301/42/24 8297/35/24
f 8304/14/25 8300/40/25 8299/34/25 8303/19/25
f 8298/24/5 8300/25/5 8294/26/5 8293/27/5
f 8301/42/4 8303/19/4 8299/34/4 8297/35/4
f 8296/13/1 8294/39/1 8300/36/1 8304/14/1
f 8295/12/3 8296/13/3 8304/14/3 8302/15/3
f 8309/35/30 8311/34/30 8312/40/30 8310/41/30
f 8315/19/31 8313/42/31 8314/15/31 8316/14/31
f 8310/41/24 8314/15/24 8313/42/24 8309/35/24
f 8316/14/25 8312/40/25 8311/34/25 8315/19/25
f 8310/24/5 8312/25/5 8306/26/5 8305/27/5
f 8313/42/4 8315/19/4 8311/34/4 8309/35/4
f 8308/13/1 8306/39/1 8312/36/1 8316/14/1
f 8307/12/3 8308/13/3 8316/14/3 8314/15/3
f 8322/19/31 8320/17/31 8321/15/31 8323/14/31
f 8324/16/24 8321/15/24 8320/17/24 8325/18/24
f 8323/14/25 8327/21/25 8326/20/25 8322/19/25
f 8317/12/3 8318/13/3 8323/14/3 8321/15/3
f 8320/17/4 8322/19/4 8326/20/4 8325/18/4
f 8318/13/1 8319/22/1 8327/23/1 8323/14/1
f 8333/19/31 8331/17/31 8332/15/31 8334/14/31
f 8335/16/24 8332/15/24 8331/17/24 8336/18/24
f 8334/14/25 8338/21/25 8337/20/25 8333/19/25
f 8328/12/3 8329/13/3 8334/14/3 8332/15/3
f 8331/17/4 8333/19/4 8337/20/4 8336/18/4
f 8329/13/1 8330/22/1 8338/23/1 8334/14/1
f 8342/32/30 8344/33/30 8345/25/30 8343/24/30
f 8348/23/25 8345/36/25 8344/37/25 8349/38/25
f 8343/28/24 8347/29/24 8346/30/24 8342/31/24
f 8343/24/5 8345/25/5 8340/26/5 8339/27/5
f 8346/18/4 8349/20/4 8344/34/4 8342/35/4
f 8341/22/1 8340/39/1 8345/36/1 8348/23/1
f 8353/32/30 8355/33/30 8356/25/30 8354/24/30
f 8359/23/25 8356/36/25 8355/37/25 8360/38/25
f 8354/28/24 8358/29/24 8357/30/24 8353/31/24
f 8354/24/5 8356/25/5 8351/26/5 8350/27/5
f 8357/18/4 8360/20/4 8355/34/4 8353/35/4
f 8352/22/1 8351/39/1 8356/36/1 8359/23/1
f 8361/1/4 8362/2/4 8364/8/4 8363/9/4
f 8369/35/30 8371/34/30 8372/40/30 8370/41/30
f 8375/19/31 8373/42/31 8374/15/31 8376/14/31
f 8370/41/24 8374/15/24 8373/42/24 8369/35/24
f 8376/14/25 8372/40/25 8371/34/25 8375/19/25
f 8370/24/5 8372/25/5 8366/26/5 8365/27/5
f 8373/42/4 8375/19/4 8371/34/4 8369/35/4
f 8368/13/1 8366/39/1 8372/36/1 8376/14/1
f 8367/12/3 8368/13/3 8376/14/3 8374/15/3
f 8381/35/30 8383/34/30 8384/40/30 8382/41/30
f 8387/19/31 8385/42/31 8386/15/31 8388/14/31
f 8382/41/24 8386/15/24 8385/42/24 8381/35/24
f 8388/14/25 8384/40/25 8383/34/25 8387/19/25
f 8382/24/5 8384/25/5 8378/26/5 8377/27/5
f 8385/42/4 8387/19/4 8383/34/4 8381/35/4
f 8380/13/1 8378/39/1 8384/36/1 8388/14/1
f 8379/12/3 8380/13/3 8388/14/3 8386/15/3
f 8393/35/30 8395/34/30 8396/40/30 8394/41/30
f 8399/19/31 8397/42/31 8398/15/31 8400/14/31
f 8394/41/24 8398/15/24 8397/42/24 8393/35/24
f 8400/14/25 8396/40/25 8395/34/25 8399/19/25
f 8394/24/5 8396/25/5 8390/26/5 8389/27/5
f 8397/42/4 8399/19/4 8395/34/4 8393/35/4
f 8392/13/1 8390/39/1 8396/36/1 8400/14/1
f 8391/12/3 8392/13/3 8400/14/3 8398/15/3
f 8405/35/30 8407/34/30 8408/40/30 8406/41/30
f 8411/19/31 8409/42/31 8410/15/31 8412/14/31
f 8406/41/24 8410/15/24 8409/42/24 8405/35/24
f 8412/14/25 8408/40/25 8407/34/25 8411/19/25
f 8406/24/5 8408/25/5 8402/26/5 8401/27/5
f 8409/42/4 8411/19/4 8407/34/4 8405/35/4
f 8404/13/1 8402/39/1 8408/36/1 8412/14/1
f 8403/12/3 8404/13/3 8412/14/3 8410/15/3
f 8418/19/31 8416/17/31 8417/15/31 8419/14/31
f 8420/16/24 8417/15/24 8416/17/24 8421/18/24
f 8419/14/25 8423/21/25 8422/20/25 8418/19/25
f 8413/12/3 8414/13/3 8419/14/3 8417/15/3
f 8416/17/4 8418/19/4 8422/20/4 8421/18/4
f 8414/13/1 8415/22/1 8423/23/1 8419/14/1
f 8429/19/31 8427/17/31 8428/15/31 8430/14/31
f 8431/16/24 8428/15/24 8427/17/24 8432/18/24
f 8430/14/25 8434/21/25 8433/20/25 8429/19/25
f 8424/12/3 8425/13/3 8430/14/3 8428/15/3
f 8427/17/4 8429/19/4 8433/20/4 8432/18/4
f 8425/13/1 8426/22/1 8434/23/1 8430/14/1
f 8438/32/30 8440/33/30 8441/25/30 8439/24/30
f 8444/23/25 8441/36/25 8440/37/25 8445/38/25
f 8439/28/24 8443/29/24 8442/30/24 8438/31/24
f 8439/24/5 8441/25/5 8436/26/5 8435/27/5
f 8442/18/4 8445/20/4 8440/34/4 8438/35/4
f 8437/22/1 8436/39/1 8441/36/1 8444/23/1
f 8449/32/30 8451/33/30 8452/25/30 8450/24/30
f 8455/23/25 8452/36/25 8451/37/25 8456/38/25
f 8450/28/24 8454/29/24 8453/30/24 8449/31/24
f 8450/24/5 8452/25/5 8447/26/5 8446/27/5
f 8453/18/4 8456/20/4 8451/34/4 8449/35/4
f 8448/22/1 8447/39/1 8452/36/1 8455/23/1
f 8457/1/4 8458/2/4 8460/8/4 8459/9/4
f 8465/35/30 8467/34/30 8468/40/30 8466/41/30
f 8471/19/31 8469/42/31 8470/15/31 8472/14/31
f 8466/41/24 8470/15/24 8469/42/24 8465/35/24
f 8472/14/25 8468/40/25 8467/34/25 8471/19/25
f 8466/24/5 8468/25/5 8462/26/5 8461/27/5
f 8469/42/4 8471/19/4 8467/34/4 8465/35/4
f 8464/13/1 8462/39/1 8468/36/1 8472/14/1
f 8463/12/3 8464/13/3 8472/14/3 8470/15/3
f 8477/35/30 8479/34/30 8480/40/30 8478/41/30
f 8483/19/31 8481/42/31 8482/15/31 8484/14/31
f 8478/41/24 8482/15/24 8481/42/24 8477/35/24
f 8484/14/25 8480/40/25 8479/34/25 8483/19/25
f 8478/24/5 8480/25/5 8474/26/5 8473/27/5
f 8481/42/4 8483/19/4 8479/34/4 8477/35/4
f 8476/13/1 8474/39/1 8480/36/1 8484/14/1
f 8475/12/3 8476/13/3 8484/14/3 8482/15/3
f 8489/35/30 8491/34/30 8492/40/30 8490/41/30
f 8495/19/31 8493/42/31 8494/15/31 8496/14/31
f 8490/41/24 8494/15/24 8493/42/24 8489/35/24
f 8496/14/25 8492/40/25 8491/34/25 8495/19/25
f 8490/24/5 8492/25/5 8486/26/5 8485/27/5
f 8493/42/4 8495/19/4 8491/34/4 8489/35/4
f 8488/13/1 8486/39/1 8492/36/1 8496/14/1
f 8487/12/3 8488/13/3 8496/14/3 8494/15/3
f 8501/35/30 8503/34/30 8504/40/30 8502/41/30
f 8507/19/31 8505/42/31 8506/15/31 8508/14/31
f 8502/41/24 8506/15/24 8505/42/24 8501/35/24
f 8508/14/25 8504/40/25 8503/34/25 8507/19/25
f 8502/24/5 8504/25/5 8498/26/5 8497/27/5
f 8505/42/4 8507/19/4 8503/34/4 8501/35/4
f 8500/13/1 8498/39/1 8504/36/1 8508/14/1
f 8499/12/3 8500/13/3 8508/14/3 8506/15/3
f 8514/19/31 8512/17/31 8513/15/31 8515/14/31
f 8516/16/24 8513/15/24 8512/17/24 8517/18/24
f 8515/14/25 8519/21/25 8518/20/25 8514/19/25
f 8509/12/3 8510/13/3 8515/14/3 8513/15/3
f 8512/17/4 8514/19/4 8518/20/4 8517/18/4
f 8510/13/1 8511/22/1 8519/23/1 8515/14/1
f 8525/19/31 8523/17/31 8524/15/31 8526/14/31
f 8527/16/24 8524/15/24 8523/17/24 8528/18/24
f 8526/14/25 8530/21/25 8529/20/25 8525/19/25
f 8520/12/3 8521/13/3 8526/14/3 8524/15/3
f 8523/17/4 8525/19/4 8529/20/4 8528/18/4
f 8521/13/1 8522/22/1 8530/23/1 8526/14/1
f 8534/32/30 8536/33/30 8537/25/30 8535/24/30
f 8540/23/25 8537/36/25 8536/37/25 8541/38/25
f 8535/28/24 8539/29/24 8538/30/24 8534/31/24
f 8535/24/5 8537/25/5 8532/26/5 8531/27/5
f 8538/18/4 8541/20/4 8536/34/4 8534/35/4
f 8533/22/1 8532/39/1 8537/36/1 8540/23/1
f 8545/32/30 8547/33/30 8548/25/30 8546/24/30
f 8551/23/25 8548/36/25 8547/37/25 8552/38/25
f 8546/28/24 8550/29/24 8549/30/24 8545/31/24
f 8546/24/5 8548/25/5 8543/26/5 8542/27/5
f 8549/18/4 8552/20/4 8547/34/4 8545/35/4
f 8544/22/1 8543/39/1 8548/36/1 8551/23/1
f 8574/69/4 8573/70/4 8575/71/4 8576/72/4
f 8570/73/4 8569/74/4 8571/75/4 8572/76/4
f 8566/77/4 8565/78/4 8567/79/4 8568/80/4
f 8578/81/5 8577/82/5 8565/78/5 8566/77/5
f 8579/83/3 8580/84/3 8568/80/3 8567/79/3
f 8582/85/5 8581/86/5 8569/74/5 8570/73/5
f 8583/87/3 8584/88/3 8572/76/3 8571/75/3
f 8586/89/5 8585/90/5 8573/70/5 8574/69/5
f 8587/91/3 8588/92/3 8576/72/3 8575/71/3
f 8570/73/32 8572/76/32 8584/88/32 8582/93/32
f 8574/69/32 8576/72/32 8588/92/32 8586/94/32
f 8566/77/32 8568/80/32 8580/84/32 8578/95/32
f 8585/90/33 8587/96/33 8575/71/33 8573/70/33
f 8581/86/33 8583/97/33 8571/75/33 8569/74/33
f 8577/82/33 8579/98/33 8567/79/33 8565/78/33
f 8557/99/4 8579/98/4 8577/82/4 8564/100/4
f 8555/101/4 8564/102/4 8577/103/4 8578/81/4
f 8563/104/4 8555/105/4 8578/95/4 8580/84/4
f 8579/98/4 8557/99/4 8558/106/4 8581/107/4
f 8580/108/4 8579/83/4 8581/107/4 8582/85/4
f 8563/104/4 8580/108/4 8582/93/4 8562/109/4
f 8559/110/4 8583/97/4 8581/86/4 8558/106/4
f 8561/111/4 8562/109/4 8582/93/4 8584/88/4
f 8583/97/4 8559/110/4 8560/112/4 8585/113/4
f 8584/114/4 8583/87/4 8585/113/4 8586/89/4
f 8561/111/4 8584/114/4 8586/94/4 8556/115/4
f 8554/116/4 8587/96/4 8585/90/4 8560/112/4
f 8556/115/4 8586/94/4 8588/92/4 8553/117/4
f 8588/118/4 8587/91/4 8554/119/4 8553/120/4
f 8589/12/3 8590/13/3 8593/14/3 8591/15/3
f 8594/16/24 8591/15/24 8592/17/24 8595/18/24
f 8598/19/31 8592/17/31 8591/15/31 8593/14/31
f 8592/17/4 8598/19/4 8596/20/4 8595/18/4
f 8593/14/25 8597/21/25 8596/20/25 8598/19/25
f 8590/13/1 8599/22/1 8597/23/1 8593/14/1
f 8602/24/5 8604/25/5 8601/26/5 8600/27/5
f 8602/28/24 8605/29/24 8606/30/24 8603/31/24
f 8603/32/30 8609/33/30 8604/25/30 8602/24/30
f 8606/18/4 8607/20/4 8609/34/4 8603/35/4
f 8608/23/25 8604/36/25 8609/37/25 8607/38/25
f 8610/22/1 8601/39/1 8604/36/1 8608/23/1
f 8611/12/3 8612/13/3 8615/14/3 8613/15/3
f 8616/16/24 8613/15/24 8614/17/24 8617/18/24
f 8620/19/31 8614/17/31 8613/15/31 8615/14/31
f 8614/17/4 8620/19/4 8618/20/4 8617/18/4
f 8615/14/25 8619/21/25 8618/20/25 8620/19/25
f 8612/13/1 8621/22/1 8619/23/1 8615/14/1
f 8624/24/5 8626/25/5 8623/26/5 8622/27/5
f 8624/28/24 8627/29/24 8628/30/24 8625/31/24
f 8625/32/30 8631/33/30 8626/25/30 8624/24/30
f 8628/18/4 8629/20/4 8631/34/4 8625/35/4
f 8630/23/25 8626/36/25 8631/37/25 8629/38/25
f 8632/22/1 8623/39/1 8626/36/1 8630/23/1
f 8635/24/5 8637/25/5 8634/26/5 8633/27/5
f 8635/41/24 8638/15/24 8639/42/24 8636/35/24
f 8636/35/30 8644/34/30 8637/40/30 8635/41/30
f 8643/19/31 8639/42/31 8638/15/31 8640/14/31
f 8641/12/3 8642/13/3 8640/14/3 8638/15/3
f 8642/13/1 8634/39/1 8637/36/1 8640/14/1
f 8640/14/25 8637/40/25 8644/34/25 8643/19/25
f 8639/42/4 8643/19/4 8644/34/4 8636/35/4
f 8647/24/5 8649/25/5 8646/26/5 8645/27/5
f 8647/41/24 8650/15/24 8651/42/24 8648/35/24
f 8648/35/30 8656/34/30 8649/40/30 8647/41/30
f 8655/19/31 8651/42/31 8650/15/31 8652/14/31
f 8653/12/3 8654/13/3 8652/14/3 8650/15/3
f 8654/13/1 8646/39/1 8649/36/1 8652/14/1
f 8652/14/25 8649/40/25 8656/34/25 8655/19/25
f 8651/42/4 8655/19/4 8656/34/4 8648/35/4
f 8659/24/5 8661/25/5 8658/26/5 8657/27/5
f 8659/41/24 8662/15/24 8663/42/24 8660/35/24
f 8660/35/30 8668/34/30 8661/40/30 8659/41/30
f 8667/19/31 8663/42/31 8662/15/31 8664/14/31
f 8665/12/3 8666/13/3 8664/14/3 8662/15/3
f 8666/13/1 8658/39/1 8661/36/1 8664/14/1
f 8664/14/25 8661/40/25 8668/34/25 8667/19/25
f 8663/42/4 8667/19/4 8668/34/4 8660/35/4
f 8671/24/5 8673/25/5 8670/26/5 8669/27/5
f 8671/41/24 8674/15/24 8675/42/24 8672/35/24
f 8672/35/30 8680/34/30 8673/40/30 8671/41/30
f 8679/19/31 8675/42/31 8674/15/31 8676/14/31
f 8677/12/3 8678/13/3 8676/14/3 8674/15/3
f 8678/13/1 8670/39/1 8673/36/1 8676/14/1
f 8676/14/25 8673/40/25 8680/34/25 8679/19/25
f 8675/42/4 8679/19/4 8680/34/4 8672/35/4
f 8702/69/4 8701/70/4 8703/71/4 8704/72/4
f 8698/73/4 8697/74/4 8699/75/4 8700/76/4
f 8694/77/4 8693/78/4 8695/79/4 8696/80/4
f 8706/81/5 8705/82/5 8693/78/5 8694/77/5
f 8707/83/3 8708/84/3 8696/80/3 8695/79/3
f 8710/85/5 8709/86/5 8697/74/5 8698/73/5
f 8711/87/3 8712/88/3 8700/76/3 8699/75/3
f 8714/89/5 8713/90/5 8701/70/5 8702/69/5
f 8715/91/3 8716/92/3 8704/72/3 8703/71/3
f 8698/73/32 8700/76/32 8712/88/32 8710/93/32
f 8702/69/32 8704/72/32 8716/92/32 8714/94/32
f 8694/77/32 8696/80/32 8708/84/32 8706/95/32
f 8713/90/33 8715/96/33 8703/71/33 8701/70/33
f 8709/86/33 8711/97/33 8699/75/33 8697/74/33
f 8705/82/33 8707/98/33 8695/79/33 8693/78/33
f 8685/99/4 8707/98/4 8705/82/4 8692/100/4
f 8683/101/4 8692/102/4 8705/103/4 8706/81/4
f 8691/104/4 8683/105/4 8706/95/4 8708/84/4
f 8707/98/4 8685/99/4 8686/106/4 8709/107/4
f 8708/108/4 8707/83/4 8709/107/4 8710/85/4
f 8691/104/4 8708/108/4 8710/93/4 8690/109/4
f 8687/110/4 8711/97/4 8709/86/4 8686/106/4
f 8689/111/4 8690/109/4 8710/93/4 8712/88/4
f 8711/97/4 8687/110/4 8688/112/4 8713/113/4
f 8712/114/4 8711/87/4 8713/113/4 8714/89/4
f 8689/111/4 8712/114/4 8714/94/4 8684/115/4
f 8682/116/4 8715/96/4 8713/90/4 8688/112/4
f 8684/115/4 8714/94/4 8716/92/4 8681/117/4
f 8716/118/4 8715/91/4 8682/119/4 8681/120/4
f 8717/12/3 8718/13/3 8721/14/3 8719/15/3
f 8722/16/24 8719/15/24 8720/17/24 8723/18/24
f 8726/19/31 8720/17/31 8719/15/31 8721/14/31
f 8720/17/4 8726/19/4 8724/20/4 8723/18/4
f 8721/14/25 8725/21/25 8724/20/25 8726/19/25
f 8718/13/1 8727/22/1 8725/23/1 8721/14/1
f 8730/24/5 8732/25/5 8729/26/5 8728/27/5
f 8730/28/24 8733/29/24 8734/30/24 8731/31/24
f 8731/32/30 8737/33/30 8732/25/30 8730/24/30
f 8734/18/4 8735/20/4 8737/34/4 8731/35/4
f 8736/23/25 8732/36/25 8737/37/25 8735/38/25
f 8738/22/1 8729/39/1 8732/36/1 8736/23/1
f 8739/12/3 8740/13/3 8743/14/3 8741/15/3
f 8744/16/24 8741/15/24 8742/17/24 8745/18/24
f 8748/19/31 8742/17/31 8741/15/31 8743/14/31
f 8742/17/4 8748/19/4 8746/20/4 8745/18/4
f 8743/14/25 8747/21/25 8746/20/25 8748/19/25
f 8740/13/1 8749/22/1 8747/23/1 8743/14/1
f 8752/24/5 8754/25/5 8751/26/5 8750/27/5
f 8752/28/24 8755/29/24 8756/30/24 8753/31/24
f 8753/32/30 8759/33/30 8754/25/30 8752/24/30
f 8756/18/4 8757/20/4 8759/34/4 8753/35/4
f 8758/23/25 8754/36/25 8759/37/25 8757/38/25
f 8760/22/1 8751/39/1 8754/36/1 8758/23/1
f 8763/24/5 8765/25/5 8762/26/5 8761/27/5
f 8763/41/24 8766/15/24 8767/42/24 8764/35/24
f 8764/35/30 8772/34/30 8765/40/30 8763/41/30
f 8771/19/31 8767/42/31 8766/15/31 8768/14/31
f 8769/12/3 8770/13/3 8768/14/3 8766/15/3
f 8770/13/1 8762/39/1 8765/36/1 8768/14/1
f 8768/14/25 8765/40/25 8772/34/25 8771/19/25
f 8767/42/4 8771/19/4 8772/34/4 8764/35/4
f 8775/24/5 8777/25/5 8774/26/5 8773/27/5
f 8775/41/24 8778/15/24 8779/42/24 8776/35/24
f 8776/35/30 8784/34/30 8777/40/30 8775/41/30
f 8783/19/31 8779/42/31 8778/15/31 8780/14/31
f 8781/12/3 8782/13/3 8780/14/3 8778/15/3
f 8782/13/1 8774/39/1 8777/36/1 8780/14/1
f 8780/14/25 8777/40/25 8784/34/25 8783/19/25
f 8779/42/4 8783/19/4 8784/34/4 8776/35/4
f 8787/24/5 8789/25/5 8786/26/5 8785/27/5
f 8787/41/24 8790/15/24 8791/42/24 8788/35/24
f 8788/35/30 8796/34/30 8789/40/30 8787/41/30
f 8795/19/31 8791/42/31 8790/15/31 8792/14/31
f 8793/12/3 8794/13/3 8792/14/3 8790/15/3
f 8794/13/1 8786/39/1 8789/36/1 8792/14/1
f 8792/14/25 8789/40/25 8796/34/25 8795/19/25
f 8791/42/4 8795/19/4 8796/34/4 8788/35/4
f 8799/24/5 8801/25/5 8798/26/5 8797/27/5
f 8799/41/24 8802/15/24 8803/42/24 8800/35/24
f 8800/35/30 8808/34/30 8801/40/30 8799/41/30
f 8807/19/31 8803/42/31 8802/15/31 8804/14/31
f 8805/12/3 8806/13/3 8804/14/3 8802/15/3
f 8806/13/1 8798/39/1 8801/36/1 8804/14/1
f 8804/14/25 8801/40/25 8808/34/25 8807/19/25
f 8803/42/4 8807/19/4 8808/34/4 8800/35/4
f 8830/69/4 8829/70/4 8831/71/4 8832/72/4
f 8826/73/4 8825/74/4 8827/75/4 8828/76/4
f 8822/77/4 8821/78/4 8823/79/4 8824/80/4
f 8834/81/5 8833/82/5 8821/78/5 8822/77/5
f 8835/83/3 8836/84/3 8824/80/3 8823/79/3
f 8838/85/5 8837/86/5 8825/74/5 8826/73/5
f 8839/87/3 8840/88/3 8828/76/3 8827/75/3
f 8842/89/5 8841/90/5 8829/70/5 8830/69/5
f 8843/91/3 8844/92/3 8832/72/3 8831/71/3
f 8826/73/32 8828/76/32 8840/88/32 8838/93/32
f 8830/69/32 8832/72/32 8844/92/32 8842/94/32
f 8822/77/32 8824/80/32 8836/84/32 8834/95/32
f 8841/90/33 8843/96/33 8831/71/33 8829/70/33
f 8837/86/33 8839/97/33 8827/75/33 8825/74/33
f 8833/82/33 8835/98/33 8823/79/33 8821/78/33
f 8813/99/4 8835/98/4 8833/82/4 8820/100/4
f 8811/101/4 8820/102/4 8833/103/4 8834/81/4
f 8819/104/4 8811/105/4 8834/95/4 8836/84/4
f 8835/98/4 8813/99/4 8814/106/4 8837/107/4
f 8836/108/4 8835/83/4 8837/107/4 8838/85/4
f 8819/104/4 8836/108/4 8838/93/4 8818/109/4
f 8815/110/4 8839/97/4 8837/86/4 8814/106/4
f 8817/111/4 8818/109/4 8838/93/4 8840/88/4
f 8839/97/4 8815/110/4 8816/112/4 8841/113/4
f 8840/114/4 8839/87/4 8841/113/4 8842/89/4
f 8817/111/4 8840/114/4 8842/94/4 8812/115/4
f 8810/116/4 8843/96/4 8841/90/4 8816/112/4
f 8812/115/4 8842/94/4 8844/92/4 8809/117/4
f 8844/118/4 8843/91/4 8810/119/4 8809/120/4
f 8845/12/3 8846/13/3 8849/14/3 8847/15/3
f 8850/16/24 8847/15/24 8848/17/24 8851/18/24
f 8854/19/31 8848/17/31 8847/15/31 8849/14/31
f 8848/17/4 8854/19/4 8852/20/4 8851/18/4
f 8849/14/25 8853/21/25 8852/20/25 8854/19/25
f 8846/13/1 8855/22/1 8853/23/1 8849/14/1
f 8858/24/5 8860/25/5 8857/26/5 8856/27/5
f 8858/28/24 8861/29/24 8862/30/24 8859/31/24
f 8859/32/30 8865/33/30 8860/25/30 8858/24/30
f 8862/18/4 8863/20/4 8865/34/4 8859/35/4
f 8864/23/25 8860/36/25 8865/37/25 8863/38/25
f 8866/22/1 8857/39/1 8860/36/1 8864/23/1
f 8867/12/3 8868/13/3 8871/14/3 8869/15/3
f 8872/16/24 8869/15/24 8870/17/24 8873/18/24
f 8876/19/31 8870/17/31 8869/15/31 8871/14/31
f 8870/17/4 8876/19/4 8874/20/4 8873/18/4
f 8871/14/25 8875/21/25 8874/20/25 8876/19/25
f 8868/13/1 8877/22/1 8875/23/1 8871/14/1
f 8880/24/5 8882/25/5 8879/26/5 8878/27/5
f 8880/28/24 8883/29/24 8884/30/24 8881/31/24
f 8881/32/30 8887/33/30 8882/25/30 8880/24/30
f 8884/18/4 8885/20/4 8887/34/4 8881/35/4
f 8886/23/25 8882/36/25 8887/37/25 8885/38/25
f 8888/22/1 8879/39/1 8882/36/1 8886/23/1
f 8891/24/5 8893/25/5 8890/26/5 8889/27/5
f 8891/41/24 8894/15/24 8895/42/24 8892/35/24
f 8892/35/30 8900/34/30 8893/40/30 8891/41/30
f 8899/19/31 8895/42/31 8894/15/31 8896/14/31
f 8897/12/3 8898/13/3 8896/14/3 8894/15/3
f 8898/13/1 8890/39/1 8893/36/1 8896/14/1
f 8896/14/25 8893/40/25 8900/34/25 8899/19/25
f 8895/42/4 8899/19/4 8900/34/4 8892/35/4
f 8903/24/5 8905/25/5 8902/26/5 8901/27/5
f 8903/41/24 8906/15/24 8907/42/24 8904/35/24
f 8904/35/30 8912/34/30 8905/40/30 8903/41/30
f 8911/19/31 8907/42/31 8906/15/31 8908/14/31
f 8909/12/3 8910/13/3 8908/14/3 8906/15/3
f 8910/13/1 8902/39/1 8905/36/1 8908/14/1
f 8908/14/25 8905/40/25 8912/34/25 8911/19/25
f 8907/42/4 8911/19/4 8912/34/4 8904/35/4
f 8915/24/5 8917/25/5 8914/26/5 8913/27/5
f 8915/41/24 8918/15/24 8919/42/24 8916/35/24
f 8916/35/30 8924/34/30 8917/40/30 8915/41/30
f 8923/19/31 8919/42/31 8918/15/31 8920/14/31
f 8921/12/3 8922/13/3 8920/14/3 8918/15/3
f 8922/13/1 8914/39/1 8917/36/1 8920/14/1
f 8920/14/25 8917/40/25 8924/34/25 8923/19/25
f 8919/42/4 8923/19/4 8924/34/4 8916/35/4
f 8927/24/5 8929/25/5 8926/26/5 8925/27/5
f 8927/41/24 8930/15/24 8931/42/24 8928/35/24
f 8928/35/30 8936/34/30 8929/40/30 8927/41/30
f 8935/19/31 8931/42/31 8930/15/31 8932/14/31
f 8933/12/3 8934/13/3 8932/14/3 8930/15/3
f 8934/13/1 8926/39/1 8929/36/1 8932/14/1
f 8932/14/25 8929/40/25 8936/34/25 8935/19/25
f 8931/42/4 8935/19/4 8936/34/4 8928/35/4
f 8937/1/4 8938/2/4 8940/8/4 8939/9/4
f 8945/35/30 8947/34/30 8948/40/30 8946/41/30
f 8951/19/31 8949/42/31 8950/15/31 8952/14/31
f 8946/41/24 8950/15/24 8949/42/24 8945/35/24
f 8952/14/25 8948/40/25 8947/34/25 8951/19/25
f 8946/24/5 8948/25/5 8942/26/5 8941/27/5
f 8949/42/4 8951/19/4 8947/34/4 8945/35/4
f 8944/13/1 8942/39/1 8948/36/1 8952/14/1
f 8943/12/3 8944/13/3 8952/14/3 8950/15/3
f 8957/35/30 8959/34/30 8960/40/30 8958/41/30
f 8963/19/31 8961/42/31 8962/15/31 8964/14/31
f 8958/41/24 8962/15/24 8961/42/24 8957/35/24
f 8964/14/25 8960/40/25 8959/34/25 8963/19/25
f 8958/24/5 8960/25/5 8954/26/5 8953/27/5
f 8961/42/4 8963/19/4 8959/34/4 8957/35/4
f 8956/13/1 8954/39/1 8960/36/1 8964/14/1
f 8955/12/3 8956/13/3 8964/14/3 8962/15/3
f 8969/35/30 8971/34/30 8972/40/30 8970/41/30
f 8975/19/31 8973/42/31 8974/15/31 8976/14/31
f 8970/41/24 8974/15/24 8973/42/24 8969/35/24
f 8976/14/25 8972/40/25 8971/34/25 8975/19/25
f 8970/24/5 8972/25/5 8966/26/5 8965/27/5
f 8973/42/4 8975/19/4 8971/34/4 8969/35/4
f 8968/13/1 8966/39/1 8972/36/1 8976/14/1
f 8967/12/3 8968/13/3 8976/14/3 8974/15/3
f 8981/35/30 8983/34/30 8984/40/30 8982/41/30
f 8987/19/31 8985/42/31 8986/15/31 8988/14/31
f 8982/41/24 8986/15/24 8985/42/24 8981/35/24
f 8988/14/25 8984/40/25 8983/34/25 8987/19/25
f 8982/24/5 8984/25/5 8978/26/5 8977/27/5
f 8985/42/4 8987/19/4 8983/34/4 8981/35/4
f 8980/13/1 8978/39/1 8984/36/1 8988/14/1
f 8979/12/3 8980/13/3 8988/14/3 8986/15/3
f 8994/19/31 8992/17/31 8993/15/31 8995/14/31
f 8996/16/24 8993/15/24 8992/17/24 8997/18/24
f 8995/14/25 8999/21/25 8998/20/25 8994/19/25
f 8989/12/3 8990/13/3 8995/14/3 8993/15/3
f 8992/17/4 8994/19/4 8998/20/4 8997/18/4
f 8990/13/1 8991/22/1 8999/23/1 8995/14/1
f 9005/19/31 9003/17/31 9004/15/31 9006/14/31
f 9007/16/24 9004/15/24 9003/17/24 9008/18/24
f 9006/14/25 9010/21/25 9009/20/25 9005/19/25
f 9000/12/3 9001/13/3 9006/14/3 9004/15/3
f 9003/17/4 9005/19/4 9009/20/4 9008/18/4
f 9001/13/1 9002/22/1 9010/23/1 9006/14/1
f 9014/32/30 9016/33/30 9017/25/30 9015/24/30
f 9020/23/25 9017/36/25 9016/37/25 9021/38/25
f 9015/28/24 9019/29/24 9018/30/24 9014/31/24
f 9015/24/5 9017/25/5 9012/26/5 9011/27/5
f 9018/18/4 9021/20/4 9016/34/4 9014/35/4
f 9013/22/1 9012/39/1 9017/36/1 9020/23/1
f 9025/32/30 9027/33/30 9028/25/30 9026/24/30
f 9031/23/25 9028/36/25 9027/37/25 9032/38/25
f 9026/28/24 9030/29/24 9029/30/24 9025/31/24
f 9026/24/5 9028/25/5 9023/26/5 9022/27/5
f 9029/18/4 9032/20/4 9027/34/4 9025/35/4
f 9024/22/1 9023/39/1 9028/36/1 9031/23/1
f 9054/69/4 9053/70/4 9055/71/4 9056/72/4
f 9050/73/4 9049/74/4 9051/75/4 9052/76/4
f 9046/77/4 9045/78/4 9047/79/4 9048/80/4
f 9058/81/5 9057/82/5 9045/78/5 9046/77/5
f 9059/83/3 9060/84/3 9048/80/3 9047/79/3
f 9062/85/5 9061/86/5 9049/74/5 9050/73/5
f 9063/87/3 9064/88/3 9052/76/3 9051/75/3
f 9066/89/5 9065/90/5 9053/70/5 9054/69/5
f 9067/91/3 9068/92/3 9056/72/3 9055/71/3
f 9050/73/32 9052/76/32 9064/88/32 9062/93/32
f 9054/69/32 9056/72/32 9068/92/32 9066/94/32
f 9046/77/32 9048/80/32 9060/84/32 9058/95/32
f 9065/90/33 9067/96/33 9055/71/33 9053/70/33
f 9061/86/33 9063/97/33 9051/75/33 9049/74/33
f 9057/82/33 9059/98/33 9047/79/33 9045/78/33
f 9037/99/4 9059/98/4 9057/82/4 9044/100/4
f 9035/101/4 9044/102/4 9057/103/4 9058/81/4
f 9043/104/4 9035/105/4 9058/95/4 9060/84/4
f 9059/98/4 9037/99/4 9038/106/4 9061/107/4
f 9060/108/4 9059/83/4 9061/107/4 9062/85/4
f 9043/104/4 9060/108/4 9062/93/4 9042/109/4
f 9039/110/4 9063/97/4 9061/86/4 9038/106/4
f 9041/111/4 9042/109/4 9062/93/4 9064/88/4
f 9063/97/4 9039/110/4 9040/112/4 9065/113/4
f 9064/114/4 9063/87/4 9065/113/4 9066/89/4
f 9041/111/4 9064/114/4 9066/94/4 9036/115/4
f 9034/116/4 9067/96/4 9065/90/4 9040/112/4
f 9036/115/4 9066/94/4 9068/92/4 9033/117/4
f 9068/118/4 9067/91/4 9034/119/4 9033/120/4
f 9069/12/3 9070/13/3 9073/14/3 9071/15/3
f 9074/16/24 9071/15/24 9072/17/24 9075/18/24
f 9078/19/31 9072/17/31 9071/15/31 9073/14/31
f 9072/17/4 9078/19/4 9076/20/4 9075/18/4
f 9073/14/25 9077/21/25 9076/20/25 9078/19/25
f 9070/13/1 9079/22/1 9077/23/1 9073/14/1
f 9082/24/5 9084/25/5 9081/26/5 9080/27/5
f 9082/28/24 9085/29/24 9086/30/24 9083/31/24
f 9083/32/30 9089/33/30 9084/25/30 9082/24/30
f 9086/18/4 9087/20/4 9089/34/4 9083/35/4
f 9088/23/25 9084/36/25 9089/37/25 9087/38/25
f 9090/22/1 9081/39/1 9084/36/1 9088/23/1
f 9091/12/3 9092/13/3 9095/14/3 9093/15/3
f 9096/16/24 9093/15/24 9094/17/24 9097/18/24
f 9100/19/31 9094/17/31 9093/15/31 9095/14/31
f 9094/17/4 9100/19/4 9098/20/4 9097/18/4
f 9095/14/25 9099/21/25 9098/20/25 9100/19/25
f 9092/13/1 9101/22/1 9099/23/1 9095/14/1
f 9104/24/5 9106/25/5 9103/26/5 9102/27/5
f 9104/28/24 9107/29/24 9108/30/24 9105/31/24
f 9105/32/30 9111/33/30 9106/25/30 9104/24/30
f 9108/18/4 9109/20/4 9111/34/4 9105/35/4
f 9110/23/25 9106/36/25 9111/37/25 9109/38/25
f 9112/22/1 9103/39/1 9106/36/1 9110/23/1
f 9115/24/5 9117/25/5 9114/26/5 9113/27/5
f 9115/41/24 9118/15/24 9119/42/24 9116/35/24
f 9116/35/30 9124/34/30 9117/40/30 9115/41/30
f 9123/19/31 9119/42/31 9118/15/31 9120/14/31
f 9121/12/3 9122/13/3 9120/14/3 9118/15/3
f 9122/13/1 9114/39/1 9117/36/1 9120/14/1
f 9120/14/25 9117/40/25 9124/34/25 9123/19/25
f 9119/42/4 9123/19/4 9124/34/4 9116/35/4
f 9127/24/5 9129/25/5 9126/26/5 9125/27/5
f 9127/41/24 9130/15/24 9131/42/24 9128/35/24
f 9128/35/30 9136/34/30 9129/40/30 9127/41/30
f 9135/19/31 9131/42/31 9130/15/31 9132/14/31
f 9133/12/3 9134/13/3 9132/14/3 9130/15/3
f 9134/13/1 9126/39/1 9129/36/1 9132/14/1
f 9132/14/25 9129/40/25 9136/34/25 9135/19/25
f 9131/42/4 9135/19/4 9136/34/4 9128/35/4
f 9139/24/5 9141/25/5 9138/26/5 9137/27/5
f 9139/41/24 9142/15/24 9143/42/24 9140/35/24
f 9140/35/30 9148/34/30 9141/40/30 9139/41/30
f 9147/19/31 9143/42/31 9142/15/31 9144/14/31
f 9145/12/3 9146/13/3 9144/14/3 9142/15/3
f 9146/13/1 9138/39/1 9141/36/1 9144/14/1
f 9144/14/25 9141/40/25 9148/34/25 9147/19/25
f 9143/42/4 9147/19/4 9148/34/4 9140/35/4
f 9151/24/5 9153/25/5 9150/26/5 9149/27/5
f 9151/41/24 9154/15/24 9155/42/24 9152/35/24
f 9152/35/30 9160/34/30 9153/40/30 9151/41/30
f 9159/19/31 9155/42/31 9154/15/31 9156/14/31
f 9157/12/3 9158/13/3 9156/14/3 9154/15/3
f 9158/13/1 9150/39/1 9153/36/1 9156/14/1
f 9156/14/25 9153/40/25 9160/34/25 9159/19/25
f 9155/42/4 9159/19/4 9160/34/4 9152/35/4
f 9182/69/4 9181/70/4 9183/71/4 9184/72/4
f 9178/73/4 9177/74/4 9179/75/4 9180/76/4
f 9174/77/4 9173/78/4 9175/79/4 9176/80/4
f 9186/81/5 9185/82/5 9173/78/5 9174/77/5
f 9187/83/3 9188/84/3 9176/80/3 9175/79/3
f 9190/85/5 9189/86/5 9177/74/5 9178/73/5
f 9191/87/3 9192/88/3 9180/76/3 9179/75/3
f 9194/89/5 9193/90/5 9181/70/5 9182/69/5
f 9195/91/3 9196/92/3 9184/72/3 9183/71/3
f 9178/73/32 9180/76/32 9192/88/32 9190/93/32
f 9182/69/32 9184/72/32 9196/92/32 9194/94/32
f 9174/77/32 9176/80/32 9188/84/32 9186/95/32
f 9193/90/33 9195/96/33 9183/71/33 9181/70/33
f 9189/86/33 9191/97/33 9179/75/33 9177/74/33
f 9185/82/33 9187/98/33 9175/79/33 9173/78/33
f 9165/99/4 9187/98/4 9185/82/4 9172/100/4
f 9163/101/4 9172/102/4 9185/103/4 9186/81/4
f 9171/104/4 9163/105/4 9186/95/4 9188/84/4
f 9187/98/4 9165/99/4 9166/106/4 9189/107/4
f 9188/108/4 9187/83/4 9189/107/4 9190/85/4
f 9171/104/4 9188/108/4 9190/93/4 9170/109/4
f 9167/110/4 9191/97/4 9189/86/4 9166/106/4
f 9169/111/4 9170/109/4 9190/93/4 9192/88/4
f 9191/97/4 9167/110/4 9168/112/4 9193/113/4
f 9192/114/4 9191/87/4 9193/113/4 9194/89/4
f 9169/111/4 9192/114/4 9194/94/4 9164/115/4
f 9162/116/4 9195/96/4 9193/90/4 9168/112/4
f 9164/115/4 9194/94/4 9196/92/4 9161/117/4
f 9196/118/4 9195/91/4 9162/119/4 9161/120/4
f 9197/12/3 9198/13/3 9201/14/3 9199/15/3
f 9202/16/24 9199/15/24 9200/17/24 9203/18/24
f 9206/19/31 9200/17/31 9199/15/31 9201/14/31
f 9200/17/4 9206/19/4 9204/20/4 9203/18/4
f 9201/14/25 9205/21/25 9204/20/25 9206/19/25
f 9198/13/1 9207/22/1 9205/23/1 9201/14/1
f 9210/24/5 9212/25/5 9209/26/5 9208/27/5
f 9210/28/24 9213/29/24 9214/30/24 9211/31/24
f 9211/32/30 9217/33/30 9212/25/30 9210/24/30
f 9214/18/4 9215/20/4 9217/34/4 9211/35/4
f 9216/23/25 9212/36/25 9217/37/25 9215/38/25
f 9218/22/1 9209/39/1 9212/36/1 9216/23/1
f 9219/12/3 9220/13/3 9223/14/3 9221/15/3
f 9224/16/24 9221/15/24 9222/17/24 9225/18/24
f 9228/19/31 9222/17/31 9221/15/31 9223/14/31
f 9222/17/4 9228/19/4 9226/20/4 9225/18/4
f 9223/14/25 9227/21/25 9226/20/25 9228/19/25
f 9220/13/1 9229/22/1 9227/23/1 9223/14/1
f 9232/24/5 9234/25/5 9231/26/5 9230/27/5
f 9232/28/24 9235/29/24 9236/30/24 9233/31/24
f 9233/32/30 9239/33/30 9234/25/30 9232/24/30
f 9236/18/4 9237/20/4 9239/34/4 9233/35/4
f 9238/23/25 9234/36/25 9239/37/25 9237/38/25
f 9240/22/1 9231/39/1 9234/36/1 9238/23/1
f 9243/24/5 9245/25/5 9242/26/5 9241/27/5
f 9243/41/24 9246/15/24 9247/42/24 9244/35/24
f 9244/35/30 9252/34/30 9245/40/30 9243/41/30
f 9251/19/31 9247/42/31 9246/15/31 9248/14/31
f 9249/12/3 9250/13/3 9248/14/3 9246/15/3
f 9250/13/1 9242/39/1 9245/36/1 9248/14/1
f 9248/14/25 9245/40/25 9252/34/25 9251/19/25
f 9247/42/4 9251/19/4 9252/34/4 9244/35/4
f 9255/24/5 9257/25/5 9254/26/5 9253/27/5
f 9255/41/24 9258/15/24 9259/42/24 9256/35/24
f 9256/35/30 9264/34/30 9257/40/30 9255/41/30
f 9263/19/31 9259/42/31 9258/15/31 9260/14/31
f 9261/12/3 9262/13/3 9260/14/3 9258/15/3
f 9262/13/1 9254/39/1 9257/36/1 9260/14/1
f 9260/14/25 9257/40/25 9264/34/25 9263/19/25
f 9259/42/4 9263/19/4 9264/34/4 9256/35/4
f 9267/24/5 9269/25/5 9266/26/5 9265/27/5
f 9267/41/24 9270/15/24 9271/42/24 9268/35/24
f 9268/35/30 9276/34/30 9269/40/30 9267/41/30
f 9275/19/31 9271/42/31 9270/15/31 9272/14/31
f 9273/12/3 9274/13/3 9272/14/3 9270/15/3
f 9274/13/1 9266/39/1 9269/36/1 9272/14/1
f 9272/14/25 9269/40/25 9276/34/25 9275/19/25
f 9271/42/4 9275/19/4 9276/34/4 9268/35/4
f 9279/24/5 9281/25/5 9278/26/5 9277/27/5
f 9279/41/24 9282/15/24 9283/42/24 9280/35/24
f 9280/35/30 9288/34/30 9281/40/30 9279/41/30
f 9287/19/31 9283/42/31 9282/15/31 9284/14/31
f 9285/12/3 9286/13/3 9284/14/3 9282/15/3
f 9286/13/1 9278/39/1 9281/36/1 9284/14/1
f 9284/14/25 9281/40/25 9288/34/25 9287/19/25
f 9283/42/4 9287/19/4 9288/34/4 9280/35/4
f 9289/1/4 9290/2/4 9292/8/4 9291/9/4
f 9297/35/30 9299/34/30 9300/40/30 9298/41/30
f 9303/19/31 9301/42/31 9302/15/31 9304/14/31
f 9298/41/24 9302/15/24 9301/42/24 9297/35/24
f 9304/14/25 9300/40/25 9299/34/25 9303/19/25
f 9298/24/5 9300/25/5 9294/26/5 9293/27/5
f 9301/42/4 9303/19/4 9299/34/4 9297/35/4
f 9296/13/1 9294/39/1 9300/36/1 9304/14/1
f 9295/12/3 9296/13/3 9304/14/3 9302/15/3
f 9309/35/30 9311/34/30 9312/40/30 9310/41/30
f 9315/19/31 9313/42/31 9314/15/31 9316/14/31
f 9310/41/24 9314/15/24 9313/42/24 9309/35/24
f 9316/14/25 9312/40/25 9311/34/25 9315/19/25
f 9310/24/5 9312/25/5 9306/26/5 9305/27/5
f 9313/42/4 9315/19/4 9311/34/4 9309/35/4
f 9308/13/1 9306/39/1 9312/36/1 9316/14/1
f 9307/12/3 9308/13/3 9316/14/3 9314/15/3
f 9321/35/30 9323/34/30 9324/40/30 9322/41/30
f 9327/19/31 9325/42/31 9326/15/31 9328/14/31
f 9322/41/24 9326/15/24 9325/42/24 9321/35/24
f 9328/14/25 9324/40/25 9323/34/25 9327/19/25
f 9322/24/5 9324/25/5 9318/26/5 9317/27/5
f 9325/42/4 9327/19/4 9323/34/4 9321/35/4
f 9320/13/1 9318/39/1 9324/36/1 9328/14/1
f 9319/12/3 9320/13/3 9328/14/3 9326/15/3
f 9333/35/30 9335/34/30 9336/40/30 9334/41/30
f 9339/19/31 9337/42/31 9338/15/31 9340/14/31
f 9334/41/24 9338/15/24 9337/42/24 9333/35/24
f 9340/14/25 9336/40/25 9335/34/25 9339/19/25
f 9334/24/5 9336/25/5 9330/26/5 9329/27/5
f 9337/42/4 9339/19/4 9335/34/4 9333/35/4
f 9332/13/1 9330/39/1 9336/36/1 9340/14/1
f 9331/12/3 9332/13/3 9340/14/3 9338/15/3
f 9346/19/31 9344/17/31 9345/15/31 9347/14/31
f 9348/16/24 9345/15/24 9344/17/24 9349/18/24
f 9347/14/25 9351/21/25 9350/20/25 9346/19/25
f 9341/12/3 9342/13/3 9347/14/3 9345/15/3
f 9344/17/4 9346/19/4 9350/20/4 9349/18/4
f 9342/13/1 9343/22/1 9351/23/1 9347/14/1
f 9357/19/31 9355/17/31 9356/15/31 9358/14/31
f 9359/16/24 9356/15/24 9355/17/24 9360/18/24
f 9358/14/25 9362/21/25 9361/20/25 9357/19/25
f 9352/12/3 9353/13/3 9358/14/3 9356/15/3
f 9355/17/4 9357/19/4 9361/20/4 9360/18/4
f 9353/13/1 9354/22/1 9362/23/1 9358/14/1
f 9366/32/30 9368/33/30 9369/25/30 9367/24/30
f 9372/23/25 9369/36/25 9368/37/25 9373/38/25
f 9367/28/24 9371/29/24 9370/30/24 9366/31/24
f 9367/24/5 9369/25/5 9364/26/5 9363/27/5
f 9370/18/4 9373/20/4 9368/34/4 9366/35/4
f 9365/22/1 9364/39/1 9369/36/1 9372/23/1
f 9377/32/30 9379/33/30 9380/25/30 9378/24/30
f 9383/23/25 9380/36/25 9379/37/25 9384/38/25
f 9378/28/24 9382/29/24 9381/30/24 9377/31/24
f 9378/24/5 9380/25/5 9375/26/5 9374/27/5
f 9381/18/4 9384/20/4 9379/34/4 9377/35/4
f 9376/22/1 9375/39/1 9380/36/1 9383/23/1
f 9406/69/4 9405/70/4 9407/71/4 9408/72/4
f 9402/73/4 9401/74/4 9403/75/4 9404/76/4
f 9398/77/4 9397/78/4 9399/79/4 9400/80/4
f 9410/81/5 9409/82/5 9397/78/5 9398/77/5
f 9411/83/3 9412/84/3 9400/80/3 9399/79/3
f 9414/85/5 9413/86/5 9401/74/5 9402/73/5
f 9415/87/3 9416/88/3 9404/76/3 9403/75/3
f 9418/89/5 9417/90/5 9405/70/5 9406/69/5
f 9419/91/3 9420/92/3 9408/72/3 9407/71/3
f 9402/73/32 9404/76/32 9416/88/32 9414/93/32
f 9406/69/32 9408/72/32 9420/92/32 9418/94/32
f 9398/77/32 9400/80/32 9412/84/32 9410/95/32
f 9417/90/33 9419/96/33 9407/71/33 9405/70/33
f 9413/86/33 9415/97/33 9403/75/33 9401/74/33
f 9409/82/33 9411/98/33 9399/79/33 9397/78/33
f 9389/99/4 9411/98/4 9409/82/4 9396/100/4
f 9387/101/4 9396/102/4 9409/103/4 9410/81/4
f 9395/104/4 9387/105/4 9410/95/4 9412/84/4
f 9411/98/4 9389/99/4 9390/106/4 9413/107/4
f 9412/108/4 9411/83/4 9413/107/4 9414/85/4
f 9395/104/4 9412/108/4 9414/93/4 9394/109/4
f 9391/110/4 9415/97/4 9413/86/4 9390/106/4
f 9393/111/4 9394/109/4 9414/93/4 9416/88/4
f 9415/97/4 9391/110/4 9392/112/4 9417/113/4
f 9416/114/4 9415/87/4 9417/113/4 9418/89/4
f 9393/111/4 9416/114/4 9418/94/4 9388/115/4
f 9386/116/4 9419/96/4 9417/90/4 9392/112/4
f 9388/115/4 9418/94/4 9420/92/4 9385/117/4
f 9420/118/4 9419/91/4 9386/119/4 9385/120/4
f 9421/12/3 9422/13/3 9425/14/3 9423/15/3
f 9426/16/24 9423/15/24 9424/17/24 9427/18/24
f 9430/19/31 9424/17/31 9423/15/31 9425/14/31
f 9424/17/4 9430/19/4 9428/20/4 9427/18/4
f 9425/14/25 9429/21/25 9428/20/25 9430/19/25
f 9422/13/1 9431/22/1 9429/23/1 9425/14/1
f 9434/24/5 9436/25/5 9433/26/5 9432/27/5
f 9434/28/24 9437/29/24 9438/30/24 9435/31/24
f 9435/32/30 9441/33/30 9436/25/30 9434/24/30
f 9438/18/4 9439/20/4 9441/34/4 9435/35/4
f 9440/23/25 9436/36/25 9441/37/25 9439/38/25
f 9442/22/1 9433/39/1 9436/36/1 9440/23/1
f 9443/12/3 9444/13/3 9447/14/3 9445/15/3
f 9448/16/24 9445/15/24 9446/17/24 9449/18/24
f 9452/19/31 9446/17/31 9445/15/31 9447/14/31
f 9446/17/4 9452/19/4 9450/20/4 9449/18/4
f 9447/14/25 9451/21/25 9450/20/25 9452/19/25
f 9444/13/1 9453/22/1 9451/23/1 9447/14/1
f 9456/24/5 9458/25/5 9455/26/5 9454/27/5
f 9456/28/24 9459/29/24 9460/30/24 9457/31/24
f 9457/32/30 9463/33/30 9458/25/30 9456/24/30
f 9460/18/4 9461/20/4 9463/34/4 9457/35/4
f 9462/23/25 9458/36/25 9463/37/25 9461/38/25
f 9464/22/1 9455/39/1 9458/36/1 9462/23/1
f 9467/24/5 9469/25/5 9466/26/5 9465/27/5
f 9467/41/24 9470/15/24 9471/42/24 9468/35/24
f 9468/35/30 9476/34/30 9469/40/30 9467/41/30
f 9475/19/31 9471/42/31 9470/15/31 9472/14/31
f 9473/12/3 9474/13/3 9472/14/3 9470/15/3
f 9474/13/1 9466/39/1 9469/36/1 9472/14/1
f 9472/14/25 9469/40/25 9476/34/25 9475/19/25
f 9471/42/4 9475/19/4 9476/34/4 9468/35/4
f 9479/24/5 9481/25/5 9478/26/5 9477/27/5
f 9479/41/24 9482/15/24 9483/42/24 9480/35/24
f 9480/35/30 9488/34/30 9481/40/30 9479/41/30
f 9487/19/31 9483/42/31 9482/15/31 9484/14/31
f 9485/12/3 9486/13/3 9484/14/3 9482/15/3
f 9486/13/1 9478/39/1 9481/36/1 9484/14/1
f 9484/14/25 9481/40/25 9488/34/25 9487/19/25
f 9483/42/4 9487/19/4 9488/34/4 9480/35/4
f 9491/24/5 9493/25/5 9490/26/5 9489/27/5
f 9491/41/24 9494/15/24 9495/42/24 9492/35/24
f 9492/35/30 9500/34/30 9493/40/30 9491/41/30
f 9499/19/31 9495/42/31 9494/15/31 9496/14/31
f 9497/12/3 9498/13/3 9496/14/3 9494/15/3
f 9498/13/1 9490/39/1 9493/36/1 9496/14/1
f 9496/14/25 9493/40/25 9500/34/25 9499/19/25
f 9495/42/4 9499/19/4 9500/34/4 9492/35/4
f 9503/24/5 9505/25/5 9502/26/5 9501/27/5
f 9503/41/24 9506/15/24 9507/42/24 9504/35/24
f 9504/35/30 9512/34/30 9505/40/30 9503/41/30
f 9511/19/31 9507/42/31 9506/15/31 9508/14/31
f 9509/12/3 9510/13/3 9508/14/3 9506/15/3
f 9510/13/1 9502/39/1 9505/36/1 9508/14/1
f 9508/14/25 9505/40/25 9512/34/25 9511/19/25
f 9507/42/4 9511/19/4 9512/34/4 9504/35/4
f 9534/69/4 9533/70/4 9535/71/4 9536/72/4
f 9530/73/4 9529/74/4 9531/75/4 9532/76/4
f 9526/77/4 9525/78/4 9527/79/4 9528/80/4
f 9538/81/5 9537/82/5 9525/78/5 9526/77/5
f 9539/83/3 9540/84/3 9528/80/3 9527/79/3
f 9542/85/5 9541/86/5 9529/74/5 9530/73/5
f 9543/87/3 9544/88/3 9532/76/3 9531/75/3
f 9546/89/5 9545/90/5 9533/70/5 9534/69/5
f 9547/91/3 9548/92/3 9536/72/3 9535/71/3
f 9530/73/32 9532/76/32 9544/88/32 9542/93/32
f 9534/69/32 9536/72/32 9548/92/32 9546/94/32
f 9526/77/32 9528/80/32 9540/84/32 9538/95/32
f 9545/90/33 9547/96/33 9535/71/33 9533/70/33
f 9541/86/33 9543/97/33 9531/75/33 9529/74/33
f 9537/82/33 9539/98/33 9527/79/33 9525/78/33
f 9517/99/4 9539/98/4 9537/82/4 9524/100/4
f 9515/101/4 9524/102/4 9537/103/4 9538/81/4
f 9523/104/4 9515/105/4 9538/95/4 9540/84/4
f 9539/98/4 9517/99/4 9518/106/4 9541/107/4
f 9540/108/4 9539/83/4 9541/107/4 9542/85/4
f 9523/104/4 9540/108/4 9542/93/4 9522/109/4
f 9519/110/4 9543/97/4 9541/86/4 9518/106/4
f 9521/111/4 9522/109/4 9542/93/4 9544/88/4
f 9543/97/4 9519/110/4 9520/112/4 9545/113/4
f 9544/114/4 9543/87/4 9545/113/4 9546/89/4
f 9521/111/4 9544/114/4 9546/94/4 9516/115/4
f 9514/116/4 9547/96/4 9545/90/4 9520/112/4
f 9516/115/4 9546/94/4 9548/92/4 9513/117/4
f 9548/118/4 9547/91/4 9514/119/4 9513/120/4
f 9549/12/3 9550/13/3 9553/14/3 9551/15/3
f 9554/16/24 9551/15/24 9552/17/24 9555/18/24
f 9558/19/31 9552/17/31 9551/15/31 9553/14/31
f 9552/17/4 9558/19/4 9556/20/4 9555/18/4
f 9553/14/25 9557/21/25 9556/20/25 9558/19/25
f 9550/13/1 9559/22/1 9557/23/1 9553/14/1
f 9562/24/5 9564/25/5 9561/26/5 9560/27/5
f 9562/28/24 9565/29/24 9566/30/24 9563/31/24
f 9563/32/30 9569/33/30 9564/25/30 9562/24/30
f 9566/18/4 9567/20/4 9569/34/4 9563/35/4
f 9568/23/25 9564/36/25 9569/37/25 9567/38/25
f 9570/22/1 9561/39/1 9564/36/1 9568/23/1
f 9571/12/3 9572/13/3 9575/14/3 9573/15/3
f 9576/16/24 9573/15/24 9574/17/24 9577/18/24
f 9580/19/31 9574/17/31 9573/15/31 9575/14/31
f 9574/17/4 9580/19/4 9578/20/4 9577/18/4
f 9575/14/25 9579/21/25 9578/20/25 9580/19/25
f 9572/13/1 9581/22/1 9579/23/1 9575/14/1
f 9584/24/5 9586/25/5 9583/26/5 9582/27/5
f 9584/28/24 9587/29/24 9588/30/24 9585/31/24
f 9585/32/30 9591/33/30 9586/25/30 9584/24/30
f 9588/18/4 9589/20/4 9591/34/4 9585/35/4
f 9590/23/25 9586/36/25 9591/37/25 9589/38/25
f 9592/22/1 9583/39/1 9586/36/1 9590/23/1
f 9595/24/5 9597/25/5 9594/26/5 9593/27/5
f 9595/41/24 9598/15/24 9599/42/24 9596/35/24
f 9596/35/30 9604/34/30 9597/40/30 9595/41/30
f 9603/19/31 9599/42/31 9598/15/31 9600/14/31
f 9601/12/3 9602/13/3 9600/14/3 9598/15/3
f 9602/13/1 9594/39/1 9597/36/1 9600/14/1
f 9600/14/25 9597/40/25 9604/34/25 9603/19/25
f 9599/42/4 9603/19/4 9604/34/4 9596/35/4
f 9607/24/5 9609/25/5 9606/26/5 9605/27/5
f 9607/41/24 9610/15/24 9611/42/24 9608/35/24
f 9608/35/30 9616/34/30 9609/40/30 9607/41/30
f 9615/19/31 9611/42/31 9610/15/31 9612/14/31
f 9613/12/3 9614/13/3 9612/14/3 9610/15/3
f 9614/13/1 9606/39/1 9609/36/1 9612/14/1
f 9612/14/25 9609/40/25 9616/34/25 9615/19/25
f 9611/42/4 9615/19/4 9616/34/4 9608/35/4
f 9619/24/5 9621/25/5 9618/26/5 9617/27/5
f 9619/41/24 9622/15/24 9623/42/24 9620/35/24
f 9620/35/30 9628/34/30 9621/40/30 9619/41/30
f 9627/19/31 9623/42/31 9622/15/31 9624/14/31
f 9625/12/3 9626/13/3 9624/14/3 9622/15/3
f 9626/13/1 9618/39/1 9621/36/1 9624/14/1
f 9624/14/25 9621/40/25 9628/34/25 9627/19/25
f 9623/42/4 9627/19/4 9628/34/4 9620/35/4
f 9631/24/5 9633/25/5 9630/26/5 9629/27/5
f 9631/41/24 9634/15/24 9635/42/24 9632/35/24
f 9632/35/30 9640/34/30 9633/40/30 9631/41/30
f 9639/19/31 9635/42/31 9634/15/31 9636/14/31
f 9637/12/3 9638/13/3 9636/14/3 9634/15/3
f 9638/13/1 9630/39/1 9633/36/1 9636/14/1
f 9636/14/25 9633/40/25 9640/34/25 9639/19/25
f 9635/42/4 9639/19/4 9640/34/4 9632/35/4
f 9641/1/4 9642/2/4 9644/8/4 9643/9/4
f 9649/35/30 9651/34/30 9652/40/30 9650/41/30
f 9655/19/31 9653/42/31 9654/15/31 9656/14/31
f 9650/41/24 9654/15/24 9653/42/24 9649/35/24
f 9656/14/25 9652/40/25 9651/34/25 9655/19/25
f 9650/24/5 9652/25/5 9646/26/5 9645/27/5
f 9653/42/4 9655/19/4 9651/34/4 9649/35/4
f 9648/13/1 9646/39/1 9652/36/1 9656/14/1
f 9647/12/3 9648/13/3 9656/14/3 9654/15/3
f 9661/35/30 9663/34/30 9664/40/30 9662/41/30
f 9667/19/31 9665/42/31 9666/15/31 9668/14/31
f 9662/41/24 9666/15/24 9665/42/24 9661/35/24
f 9668/14/25 9664/40/25 9663/34/25 9667/19/25
f 9662/24/5 9664/25/5 9658/26/5 9657/27/5
f 9665/42/4 9667/19/4 9663/34/4 9661/35/4
f 9660/13/1 9658/39/1 9664/36/1 9668/14/1
f 9659/12/3 9660/13/3 9668/14/3 9666/15/3
f 9673/35/30 9675/34/30 9676/40/30 9674/41/30
f 9679/19/31 9677/42/31 9678/15/31 9680/14/31
f 9674/41/24 9678/15/24 9677/42/24 9673/35/24
f 9680/14/25 9676/40/25 9675/34/25 9679/19/25
f 9674/24/5 9676/25/5 9670/26/5 9669/27/5
f 9677/42/4 9679/19/4 9675/34/4 9673/35/4
f 9672/13/1 9670/39/1 9676/36/1 9680/14/1
f 9671/12/3 9672/13/3 9680/14/3 9678/15/3
f 9685/35/30 9687/34/30 9688/40/30 9686/41/30
f 9691/19/31 9689/42/31 9690/15/31 9692/14/31
f 9686/41/24 9690/15/24 9689/42/24 9685/35/24
f 9692/14/25 9688/40/25 9687/34/25 9691/19/25
f 9686/24/5 9688/25/5 9682/26/5 9681/27/5
f 9689/42/4 9691/19/4 9687/34/4 9685/35/4
f 9684/13/1 9682/39/1 9688/36/1 9692/14/1
f 9683/12/3 9684/13/3 9692/14/3 9690/15/3
f 9698/19/31 9696/17/31 9697/15/31 9699/14/31
f 9700/16/24 9697/15/24 9696/17/24 9701/18/24
f 9699/14/25 9703/21/25 9702/20/25 9698/19/25
f 9693/12/3 9694/13/3 9699/14/3 9697/15/3
f 9696/17/4 9698/19/4 9702/20/4 9701/18/4
f 9694/13/1 9695/22/1 9703/23/1 9699/14/1
f 9709/19/31 9707/17/31 9708/15/31 9710/14/31
f 9711/16/24 9708/15/24 9707/17/24 9712/18/24
f 9710/14/25 9714/21/25 9713/20/25 9709/19/25
f 9704/12/3 9705/13/3 9710/14/3 9708/15/3
f 9707/17/4 9709/19/4 9713/20/4 9712/18/4
f 9705/13/1 9706/22/1 9714/23/1 9710/14/1
f 9718/32/30 9720/33/30 9721/25/30 9719/24/30
f 9724/23/25 9721/36/25 9720/37/25 9725/38/25
f 9719/28/24 9723/29/24 9722/30/24 9718/31/24
f 9719/24/5 9721/25/5 9716/26/5 9715/27/5
f 9722/18/4 9725/20/4 9720/34/4 9718/35/4
f 9717/22/1 9716/39/1 9721/36/1 9724/23/1
f 9729/32/30 9731/33/30 9732/25/30 9730/24/30
f 9735/23/25 9732/36/25 9731/37/25 9736/38/25
f 9730/28/24 9734/29/24 9733/30/24 9729/31/24
f 9730/24/5 9732/25/5 9727/26/5 9726/27/5
f 9733/18/4 9736/20/4 9731/34/4 9729/35/4
f 9728/22/1 9727/39/1 9732/36/1 9735/23/1
f 9758/69/4 9757/70/4 9759/71/4 9760/72/4
f 9754/73/4 9753/74/4 9755/75/4 9756/76/4
f 9750/77/4 9749/78/4 9751/79/4 9752/80/4
f 9762/81/5 9761/82/5 9749/78/5 9750/77/5
f 9763/83/3 9764/84/3 9752/80/3 9751/79/3
f 9766/85/5 9765/86/5 9753/74/5 9754/73/5
f 9767/87/3 9768/88/3 9756/76/3 9755/75/3
f 9770/89/5 9769/90/5 9757/70/5 9758/69/5
f 9771/91/3 9772/92/3 9760/72/3 9759/71/3
f 9754/73/32 9756/76/32 9768/88/32 9766/93/32
f 9758/69/32 9760/72/32 9772/92/32 9770/94/32
f 9750/77/32 9752/80/32 9764/84/32 9762/95/32
f 9769/90/33 9771/96/33 9759/71/33 9757/70/33
f 9765/86/33 9767/97/33 9755/75/33 9753/74/33
f 9761/82/33 9763/98/33 9751/79/33 9749/78/33
f 9741/99/4 9763/98/4 9761/82/4 9748/100/4
f 9739/101/4 9748/102/4 9761/103/4 9762/81/4
f 9747/104/4 9739/105/4 9762/95/4 9764/84/4
f 9763/98/4 9741/99/4 9742/106/4 9765/107/4
f 9764/108/4 9763/83/4 9765/107/4 9766/85/4
f 9747/104/4 9764/108/4 9766/93/4 9746/109/4
f 9743/110/4 9767/97/4 9765/86/4 9742/106/4
f 9745/111/4 9746/109/4 9766/93/4 9768/88/4
f 9767/97/4 9743/110/4 9744/112/4 9769/113/4
f 9768/114/4 9767/87/4 9769/113/4 9770/89/4
f 9745/111/4 9768/114/4 9770/94/4 9740/115/4
f 9738/116/4 9771/96/4 9769/90/4 9744/112/4
f 9740/115/4 9770/94/4 9772/92/4 9737/117/4
f 9772/118/4 9771/91/4 9738/119/4 9737/120/4
f 9773/12/3 9774/13/3 9777/14/3 9775/15/3
f 9778/16/24 9775/15/24 9776/17/24 9779/18/24
f 9782/19/31 9776/17/31 9775/15/31 9777/14/31
f 9776/17/4 9782/19/4 9780/20/4 9779/18/4
f 9777/14/25 9781/21/25 9780/20/25 9782/19/25
f 9774/13/1 9783/22/1 9781/23/1 9777/14/1
f 9786/24/5 9788/25/5 9785/26/5 9784/27/5
f 9786/28/24 9789/29/24 9790/30/24 9787/31/24
f 9787/32/30 9793/33/30 9788/25/30 9786/24/30
f 9790/18/4 9791/20/4 9793/34/4 9787/35/4
f 9792/23/25 9788/36/25 9793/37/25 9791/38/25
f 9794/22/1 9785/39/1 9788/36/1 9792/23/1
f 9795/12/3 9796/13/3 9799/14/3 9797/15/3
f 9800/16/24 9797/15/24 9798/17/24 9801/18/24
f 9804/19/31 9798/17/31 9797/15/31 9799/14/31
f 9798/17/4 9804/19/4 9802/20/4 9801/18/4
f 9799/14/25 9803/21/25 9802/20/25 9804/19/25
f 9796/13/1 9805/22/1 9803/23/1 9799/14/1
f 9808/24/5 9810/25/5 9807/26/5 9806/27/5
f 9808/28/24 9811/29/24 9812/30/24 9809/31/24
f 9809/32/30 9815/33/30 9810/25/30 9808/24/30
f 9812/18/4 9813/20/4 9815/34/4 9809/35/4
f 9814/23/25 9810/36/25 9815/37/25 9813/38/25
f 9816/22/1 9807/39/1 9810/36/1 9814/23/1
f 9819/24/5 9821/25/5 9818/26/5 9817/27/5
f 9819/41/24 9822/15/24 9823/42/24 9820/35/24
f 9820/35/30 9828/34/30 9821/40/30 9819/41/30
f 9827/19/31 9823/42/31 9822/15/31 9824/14/31
f 9825/12/3 9826/13/3 9824/14/3 9822/15/3
f 9826/13/1 9818/39/1 9821/36/1 9824/14/1
f 9824/14/25 9821/40/25 9828/34/25 9827/19/25
f 9823/42/4 9827/19/4 9828/34/4 9820/35/4
f 9831/24/5 9833/25/5 9830/26/5 9829/27/5
f 9831/41/24 9834/15/24 9835/42/24 9832/35/24
f 9832/35/30 9840/34/30 9833/40/30 9831/41/30
f 9839/19/31 9835/42/31 9834/15/31 9836/14/31
f 9837/12/3 9838/13/3 9836/14/3 9834/15/3
f 9838/13/1 9830/39/1 9833/36/1 9836/14/1
f 9836/14/25 9833/40/25 9840/34/25 9839/19/25
f 9835/42/4 9839/19/4 9840/34/4 9832/35/4
f 9843/24/5 9845/25/5 9842/26/5 9841/27/5
f 9843/41/24 9846/15/24 9847/42/24 9844/35/24
f 9844/35/30 9852/34/30 9845/40/30 9843/41/30
f 9851/19/31 9847/42/31 9846/15/31 9848/14/31
f 9849/12/3 9850/13/3 9848/14/3 9846/15/3
f 9850/13/1 9842/39/1 9845/36/1 9848/14/1
f 9848/14/25 9845/40/25 9852/34/25 9851/19/25
f 9847/42/4 9851/19/4 9852/34/4 9844/35/4
f 9855/24/5 9857/25/5 9854/26/5 9853/27/5
f 9855/41/24 9858/15/24 9859/42/24 9856/35/24
f 9856/35/30 9864/34/30 9857/40/30 9855/41/30
f 9863/19/31 9859/42/31 9858/15/31 9860/14/31
f 9861/12/3 9862/13/3 9860/14/3 9858/15/3
f 9862/13/1 9854/39/1 9857/36/1 9860/14/1
f 9860/14/25 9857/40/25 9864/34/25 9863/19/25
f 9859/42/4 9863/19/4 9864/34/4 9856/35/4
f 9865/1/4 9866/2/4 9868/8/4 9867/9/4
f 9873/35/30 9875/34/30 9876/40/30 9874/41/30
f 9879/19/31 9877/42/31 9878/15/31 9880/14/31
f 9874/41/24 9878/15/24 9877/42/24 9873/35/24
f 9880/14/25 9876/40/25 9875/34/25 9879/19/25
f 9874/24/5 9876/25/5 9870/26/5 9869/27/5
f 9877/42/4 9879/19/4 9875/34/4 9873/35/4
f 9872/13/1 9870/39/1 9876/36/1 9880/14/1
f 9871/12/3 9872/13/3 9880/14/3 9878/15/3
f 9885/35/30 9887/34/30 9888/40/30 9886/41/30
f 9891/19/31 9889/42/31 9890/15/31 9892/14/31
f 9886/41/24 9890/15/24 9889/42/24 9885/35/24
f 9892/14/25 9888/40/25 9887/34/25 9891/19/25
f 9886/24/5 9888/25/5 9882/26/5 9881/27/5
f 9889/42/4 9891/19/4 9887/34/4 9885/35/4
f 9884/13/1 9882/39/1 9888/36/1 9892/14/1
f 9883/12/3 9884/13/3 9892/14/3 9890/15/3
f 9897/35/30 9899/34/30 9900/40/30 9898/41/30
f 9903/19/31 9901/42/31 9902/15/31 9904/14/31
f 9898/41/24 9902/15/24 9901/42/24 9897/35/24
f 9904/14/25 9900/40/25 9899/34/25 9903/19/25
f 9898/24/5 9900/25/5 9894/26/5 9893/27/5
f 9901/42/4 9903/19/4 9899/34/4 9897/35/4
f 9896/13/1 9894/39/1 9900/36/1 9904/14/1
f 9895/12/3 9896/13/3 9904/14/3 9902/15/3
f 9909/35/30 9911/34/30 9912/40/30 9910/41/30
f 9915/19/31 9913/42/31 9914/15/31 9916/14/31
f 9910/41/24 9914/15/24 9913/42/24 9909/35/24
f 9916/14/25 9912/40/25 9911/34/25 9915/19/25
f 9910/24/5 9912/25/5 9906/26/5 9905/27/5
f 9913/42/4 9915/19/4 9911/34/4 9909/35/4
f 9908/13/1 9906/39/1 9912/36/1 9916/14/1
f 9907/12/3 9908/13/3 9916/14/3 9914/15/3
f 9922/19/31 9920/17/31 9921/15/31 9923/14/31
f 9924/16/24 9921/15/24 9920/17/24 9925/18/24
f 9923/14/25 9927/21/25 9926/20/25 9922/19/25
f 9917/12/3 9918/13/3 9923/14/3 9921/15/3
f 9920/17/4 9922/19/4 9926/20/4 9925/18/4
f 9918/13/1 9919/22/1 9927/23/1 9923/14/1
f 9933/19/31 9931/17/31 9932/15/31 9934/14/31
f 9935/16/24 9932/15/24 9931/17/24 9936/18/24
f 9934/14/25 9938/21/25 9937/20/25 9933/19/25
f 9928/12/3 9929/13/3 9934/14/3 9932/15/3
f 9931/17/4 9933/19/4 9937/20/4 9936/18/4
f 9929/13/1 9930/22/1 9938/23/1 9934/14/1
f 9942/32/30 9944/33/30 9945/25/30 9943/24/30
f 9948/23/25 9945/36/25 9944/37/25 9949/38/25
f 9943/28/24 9947/29/24 9946/30/24 9942/31/24
f 9943/24/5 9945/25/5 9940/26/5 9939/27/5
f 9946/18/4 9949/20/4 9944/34/4 9942/35/4
f 9941/22/1 9940/39/1 9945/36/1 9948/23/1
f 9953/32/30 9955/33/30 9956/25/30 9954/24/30
f 9959/23/25 9956/36/25 9955/37/25 9960/38/25
f 9954/28/24 9958/29/24 9957/30/24 9953/31/24
f 9954/24/5 9956/25/5 9951/26/5 9950/27/5
f 9957/18/4 9960/20/4 9955/34/4 9953/35/4
f 9952/22/1 9951/39/1 9956/36/1 9959/23/1
f 9982/69/4 9981/70/4 9983/71/4 9984/72/4
f 9978/73/4 9977/74/4 9979/75/4 9980/76/4
f 9974/77/4 9973/78/4 9975/79/4 9976/80/4
f 9986/81/5 9985/82/5 9973/78/5 9974/77/5
f 9987/83/3 9988/84/3 9976/80/3 9975/79/3
f 9990/85/5 9989/86/5 9977/74/5 9978/73/5
f 9991/87/3 9992/88/3 9980/76/3 9979/75/3
f 9994/89/5 9993/90/5 9981/70/5 9982/69/5
f 9995/91/3 9996/92/3 9984/72/3 9983/71/3
f 9978/73/32 9980/76/32 9992/88/32 9990/93/32
f 9982/69/32 9984/72/32 9996/92/32 9994/94/32
f 9974/77/32 9976/80/32 9988/84/32 9986/95/32
f 9993/90/33 9995/96/33 9983/71/33 9981/70/33
f 9989/86/33 9991/97/33 9979/75/33 9977/74/33
f 9985/82/33 9987/98/33 9975/79/33 9973/78/33
f 9965/99/4 9987/98/4 9985/82/4 9972/100/4
f 9963/101/4 9972/102/4 9985/103/4 9986/81/4
f 9971/104/4 9963/105/4 9986/95/4 9988/84/4
f 9987/98/4 9965/99/4 9966/106/4 9989/107/4
f 9988/108/4 9987/83/4 9989/107/4 9990/85/4
f 9971/104/4 9988/108/4 9990/93/4 9970/109/4
f 9967/110/4 9991/97/4 9989/86/4 9966/106/4
f 9969/111/4 9970/109/4 9990/93/4 9992/88/4
f 9991/97/4 9967/110/4 9968/112/4 9993/113/4
f 9992/114/4 9991/87/4 9993/113/4 9994/89/4
f 9969/111/4 9992/114/4 9994/94/4 9964/115/4
f 9962/116/4 9995/96/4 9993/90/4 9968/112/4
f 9964/115/4 9994/94/4 9996/92/4 9961/117/4
f 9996/118/4 9995/91/4 9962/119/4 9961/120/4
f 9997/12/3 9998/13/3 10001/14/3 9999/15/3
f 10002/16/24 9999/15/24 10000/17/24 10003/18/24
f 10006/19/31 10000/17/31 9999/15/31 10001/14/31
f 10000/17/4 10006/19/4 10004/20/4 10003/18/4
f 10001/14/25 10005/21/25 10004/20/25 10006/19/25
f 9998/13/1 10007/22/1 10005/23/1 10001/14/1
f 10010/24/5 10012/25/5 10009/26/5 10008/27/5
f 10010/28/24 10013/29/24 10014/30/24 10011/31/24
f 10011/32/30 10017/33/30 10012/25/30 10010/24/30
f 10014/18/4 10015/20/4 10017/34/4 10011/35/4
f 10016/23/25 10012/36/25 10017/37/25 10015/38/25
f 10018/22/1 10009/39/1 10012/36/1 10016/23/1
f 10019/12/3 10020/13/3 10023/14/3 10021/15/3
f 10024/16/24 10021/15/24 10022/17/24 10025/18/24
f 10028/19/31 10022/17/31 10021/15/31 10023/14/31
f 10022/17/4 10028/19/4 10026/20/4 10025/18/4
f 10023/14/25 10027/21/25 10026/20/25 10028/19/25
f 10020/13/1 10029/22/1 10027/23/1 10023/14/1
f 10032/24/5 10034/25/5 10031/26/5 10030/27/5
f 10032/28/24 10035/29/24 10036/30/24 10033/31/24
f 10033/32/30 10039/33/30 10034/25/30 10032/24/30
f 10036/18/4 10037/20/4 10039/34/4 10033/35/4
f 10038/23/25 10034/36/25 10039/37/25 10037/38/25
f 10040/22/1 10031/39/1 10034/36/1 10038/23/1
f 10043/24/5 10045/25/5 10042/26/5 10041/27/5
f 10043/41/24 10046/15/24 10047/42/24 10044/35/24
f 10044/35/30 10052/34/30 10045/40/30 10043/41/30
f 10051/19/31 10047/42/31 10046/15/31 10048/14/31
f 10049/12/3 10050/13/3 10048/14/3 10046/15/3
f 10050/13/1 10042/39/1 10045/36/1 10048/14/1
f 10048/14/25 10045/40/25 10052/34/25 10051/19/25
f 10047/42/4 10051/19/4 10052/34/4 10044/35/4
f 10055/24/5 10057/25/5 10054/26/5 10053/27/5
f 10055/41/24 10058/15/24 10059/42/24 10056/35/24
f 10056/35/30 10064/34/30 10057/40/30 10055/41/30
f 10063/19/31 10059/42/31 10058/15/31 10060/14/31
f 10061/12/3 10062/13/3 10060/14/3 10058/15/3
f 10062/13/1 10054/39/1 10057/36/1 10060/14/1
f 10060/14/25 10057/40/25 10064/34/25 10063/19/25
f 10059/42/4 10063/19/4 10064/34/4 10056/35/4
f 10067/24/5 10069/25/5 10066/26/5 10065/27/5
f 10067/41/24 10070/15/24 10071/42/24 10068/35/24
f 10068/35/30 10076/34/30 10069/40/30 10067/41/30
f 10075/19/31 10071/42/31 10070/15/31 10072/14/31
f 10073/12/3 10074/13/3 10072/14/3 10070/15/3
f 10074/13/1 10066/39/1 10069/36/1 10072/14/1
f 10072/14/25 10069/40/25 10076/34/25 10075/19/25
f 10071/42/4 10075/19/4 10076/34/4 10068/35/4
f 10079/24/5 10081/25/5 10078/26/5 10077/27/5
f 10079/41/24 10082/15/24 10083/42/24 10080/35/24
f 10080/35/30 10088/34/30 10081/40/30 10079/41/30
f 10087/19/31 10083/42/31 10082/15/31 10084/14/31
f 10085/12/3 10086/13/3 10084/14/3 10082/15/3
f 10086/13/1 10078/39/1 10081/36/1 10084/14/1
f 10084/14/25 10081/40/25 10088/34/25 10087/19/25
f 10083/42/4 10087/19/4 10088/34/4 10080/35/4
f 10089/1/4 10090/2/4 10092/8/4 10091/9/4
f 10097/35/30 10099/34/30 10100/40/30 10098/41/30
f 10103/19/31 10101/42/31 10102/15/31 10104/14/31
f 10098/41/24 10102/15/24 10101/42/24 10097/35/24
f 10104/14/25 10100/40/25 10099/34/25 10103/19/25
f 10098/24/5 10100/25/5 10094/26/5 10093/27/5
f 10101/42/4 10103/19/4 10099/34/4 10097/35/4
f 10096/13/1 10094/39/1 10100/36/1 10104/14/1
f 10095/12/3 10096/13/3 10104/14/3 10102/15/3
f 10109/35/30 10111/34/30 10112/40/30 10110/41/30
f 10115/19/31 10113/42/31 10114/15/31 10116/14/31
f 10110/41/24 10114/15/24 10113/42/24 10109/35/24
f 10116/14/25 10112/40/25 10111/34/25 10115/19/25
f 10110/24/5 10112/25/5 10106/26/5 10105/27/5
f 10113/42/4 10115/19/4 10111/34/4 10109/35/4
f 10108/13/1 10106/39/1 10112/36/1 10116/14/1
f 10107/12/3 10108/13/3 10116/14/3 10114/15/3
f 10121/35/30 10123/34/30 10124/40/30 10122/41/30
f 10127/19/31 10125/42/31 10126/15/31 10128/14/31
f 10122/41/24 10126/15/24 10125/42/24 10121/35/24
f 10128/14/25 10124/40/25 10123/34/25 10127/19/25
f 10122/24/5 10124/25/5 10118/26/5 10117/27/5
f 10125/42/4 10127/19/4 10123/34/4 10121/35/4
f 10120/13/1 10118/39/1 10124/36/1 10128/14/1
f 10119/12/3 10120/13/3 10128/14/3 10126/15/3
f 10133/35/30 10135/34/30 10136/40/30 10134/41/30
f 10139/19/31 10137/42/31 10138/15/31 10140/14/31
f 10134/41/24 10138/15/24 10137/42/24 10133/35/24
f 10140/14/25 10136/40/25 10135/34/25 10139/19/25
f 10134/24/5 10136/25/5 10130/26/5 10129/27/5
f 10137/42/4 10139/19/4 10135/34/4 10133/35/4
f 10132/13/1 10130/39/1 10136/36/1 10140/14/1
f 10131/12/3 10132/13/3 10140/14/3 10138/15/3
f 10146/19/31 10144/17/31 10145/15/31 10147/14/31
f 10148/16/24 10145/15/24 10144/17/24 10149/18/24
f 10147/14/25 10151/21/25 10150/20/25 10146/19/25
f 10141/12/3 10142/13/3 10147/14/3 10145/15/3
f 10144/17/4 10146/19/4 10150/20/4 10149/18/4
f 10142/13/1 10143/22/1 10151/23/1 10147/14/1
f 10157/19/31 10155/17/31 10156/15/31 10158/14/31
f 10159/16/24 10156/15/24 10155/17/24 10160/18/24
f 10158/14/25 10162/21/25 10161/20/25 10157/19/25
f 10152/12/3 10153/13/3 10158/14/3 10156/15/3
f 10155/17/4 10157/19/4 10161/20/4 10160/18/4
f 10153/13/1 10154/22/1 10162/23/1 10158/14/1
f 10166/32/30 10168/33/30 10169/25/30 10167/24/30
f 10172/23/25 10169/36/25 10168/37/25 10173/38/25
f 10167/28/24 10171/29/24 10170/30/24 10166/31/24
f 10167/24/5 10169/25/5 10164/26/5 10163/27/5
f 10170/18/4 10173/20/4 10168/34/4 10166/35/4
f 10165/22/1 10164/39/1 10169/36/1 10172/23/1
f 10177/32/30 10179/33/30 10180/25/30 10178/24/30
f 10183/23/25 10180/36/25 10179/37/25 10184/38/25
f 10178/28/24 10182/29/24 10181/30/24 10177/31/24
f 10178/24/5 10180/25/5 10175/26/5 10174/27/5
f 10181/18/4 10184/20/4 10179/34/4 10177/35/4
f 10176/22/1 10175/39/1 10180/36/1 10183/23/1
f 10291/121/4 10284/122/4 10188/8/4 10287/123/4
f 10193/35/30 10195/34/30 10196/40/30 10194/41/30
f 10199/19/31 10197/42/31 10198/15/31 10200/14/31
f 10194/41/24 10198/15/24 10197/42/24 10193/35/24
f 10200/14/25 10196/40/25 10195/34/25 10199/19/25
f 10194/24/5 10196/25/5 10190/26/5 10189/27/5
f 10197/42/4 10199/19/4 10195/34/4 10193/35/4
f 10192/13/1 10190/39/1 10196/36/1 10200/14/1
f 10191/12/3 10192/13/3 10200/14/3 10198/15/3
f 10205/35/30 10207/34/30 10208/40/30 10206/41/30
f 10211/19/31 10209/42/31 10210/15/31 10212/14/31
f 10206/41/24 10210/15/24 10209/42/24 10205/35/24
f 10212/14/25 10208/40/25 10207/34/25 10211/19/25
f 10206/24/5 10208/25/5 10202/26/5 10201/27/5
f 10209/42/4 10211/19/4 10207/34/4 10205/35/4
f 10204/13/1 10202/39/1 10208/36/1 10212/14/1
f 10203/12/3 10204/13/3 10212/14/3 10210/15/3
f 10217/35/30 10219/34/30 10220/40/30 10218/41/30
f 10223/19/31 10221/42/31 10222/15/31 10224/14/31
f 10218/41/24 10222/15/24 10221/42/24 10217/35/24
f 10224/14/25 10220/40/25 10219/34/25 10223/19/25
f 10218/24/5 10220/25/5 10214/26/5 10213/27/5
f 10221/42/4 10223/19/4 10219/34/4 10217/35/4
f 10216/13/1 10214/39/1 10220/36/1 10224/14/1
f 10215/12/3 10216/13/3 10224/14/3 10222/15/3
f 10229/35/30 10231/34/30 10232/40/30 10230/41/30
f 10235/19/31 10233/42/31 10234/15/31 10236/14/31
f 10230/41/24 10234/15/24 10233/42/24 10229/35/24
f 10236/14/25 10232/40/25 10231/34/25 10235/19/25
f 10230/24/5 10232/25/5 10226/26/5 10225/27/5
f 10233/42/4 10235/19/4 10231/34/4 10229/35/4
f 10228/13/1 10226/39/1 10232/36/1 10236/14/1
f 10227/12/3 10228/13/3 10236/14/3 10234/15/3
f 10242/19/31 10240/17/31 10241/15/31 10243/14/31
f 10244/16/24 10241/15/24 10240/17/24 10245/18/24
f 10243/14/25 10247/21/25 10246/20/25 10242/19/25
f 10237/12/3 10238/13/3 10243/14/3 10241/15/3
f 10240/17/4 10242/19/4 10246/20/4 10245/18/4
f 10238/13/1 10239/22/1 10247/23/1 10243/14/1
f 10253/19/31 10251/17/31 10252/15/31 10254/14/31
f 10255/16/24 10252/15/24 10251/17/24 10256/18/24
f 10254/14/25 10258/21/25 10257/20/25 10253/19/25
f 10248/12/3 10249/13/3 10254/14/3 10252/15/3
f 10251/17/4 10253/19/4 10257/20/4 10256/18/4
f 10249/13/1 10250/22/1 10258/23/1 10254/14/1
f 10262/32/30 10264/33/30 10265/25/30 10263/24/30
f 10268/23/25 10265/36/25 10264/37/25 10269/38/25
f 10263/28/24 10267/29/24 10266/30/24 10262/31/24
f 10263/24/5 10265/25/5 10260/26/5 10259/27/5
f 10266/18/4 10269/20/4 10264/34/4 10262/35/4
f 10261/22/1 10260/39/1 10265/36/1 10268/23/1
f 10273/32/30 10275/33/30 10276/25/30 10274/24/30
f 10279/23/25 10276/36/25 10275/37/25 10280/38/25
f 10274/28/24 10278/29/24 10277/30/24 10273/31/24
f 10274/24/5 10276/25/5 10271/26/5 10270/27/5
f 10277/18/4 10280/20/4 10275/34/4 10273/35/4
f 10272/22/1 10271/39/1 10276/36/1 10279/23/1
f 10286/124/4 10186/2/4 10283/125/4 10289/126/4
f 10282/127/4 10290/111/4 10292/110/4 10281/128/4
f 10292/110/3 10290/111/3 10294/111/3 10296/110/3
f 10291/121/19 10292/110/19 10296/110/19 10295/121/19
f 10289/126/4 10283/125/4 10284/122/4 10291/121/4
f 10290/111/1 10289/126/1 10293/126/1 10294/111/1
f 10291/121/5 10295/121/5 10293/126/5 10289/126/5
f 10294/111/4 10293/126/4 10295/121/4 10296/110/4
f 10185/1/1 10285/129/1 10290/111/1 10282/127/1
f 10285/129/4 10286/124/4 10289/126/4 10290/111/4
f 10281/128/1 10292/110/1 10288/130/1 10187/9/1
f 10292/110/4 10291/121/4 10287/123/4 10288/130/4
f 10318/69/4 10317/70/4 10319/71/4 10320/72/4
f 10314/73/4 10313/74/4 10315/75/4 10316/76/4
f 10310/77/4 10309/78/4 10311/79/4 10312/80/4
f 10322/81/5 10321/82/5 10309/78/5 10310/77/5
f 10323/83/3 10324/84/3 10312/80/3 10311/79/3
f 10326/85/5 10325/86/5 10313/74/5 10314/73/5
f 10327/87/3 10328/88/3 10316/76/3 10315/75/3
f 10330/89/5 10329/90/5 10317/70/5 10318/69/5
f 10331/91/3 10332/92/3 10320/72/3 10319/71/3
f 10314/73/32 10316/76/32 10328/88/32 10326/93/32
f 10318/69/32 10320/72/32 10332/92/32 10330/94/32
f 10310/77/32 10312/80/32 10324/84/32 10322/95/32
f 10329/90/33 10331/96/33 10319/71/33 10317/70/33
f 10325/86/33 10327/97/33 10315/75/33 10313/74/33
f 10321/82/33 10323/98/33 10311/79/33 10309/78/33
f 10301/99/4 10323/98/4 10321/82/4 10308/100/4
f 10299/101/4 10308/102/4 10321/103/4 10322/81/4
f 10307/104/4 10299/105/4 10322/95/4 10324/84/4
f 10323/98/4 10301/99/4 10302/106/4 10325/107/4
f 10324/108/4 10323/83/4 10325/107/4 10326/85/4
f 10307/104/4 10324/108/4 10326/93/4 10306/109/4
f 10303/110/4 10327/97/4 10325/86/4 10302/106/4
f 10305/111/4 10306/109/4 10326/93/4 10328/88/4
f 10327/97/4 10303/110/4 10304/112/4 10329/113/4
f 10328/114/4 10327/87/4 10329/113/4 10330/89/4
f 10305/111/4 10328/114/4 10330/94/4 10300/115/4
f 10298/116/4 10331/96/4 10329/90/4 10304/112/4
f 10300/115/4 10330/94/4 10332/92/4 10297/117/4
f 10332/118/4 10331/91/4 10298/119/4 10297/120/4
f 10333/12/3 10334/13/3 10337/14/3 10335/15/3
f 10338/16/24 10335/15/24 10336/17/24 10339/18/24
f 10342/19/31 10336/17/31 10335/15/31 10337/14/31
f 10336/17/4 10342/19/4 10340/20/4 10339/18/4
f 10337/14/25 10341/21/25 10340/20/25 10342/19/25
f 10334/13/1 10343/22/1 10341/23/1 10337/14/1
f 10346/24/5 10348/25/5 10345/26/5 10344/27/5
f 10346/28/24 10349/29/24 10350/30/24 10347/31/24
f 10347/32/30 10353/33/30 10348/25/30 10346/24/30
f 10350/18/4 10351/20/4 10353/34/4 10347/35/4
f 10352/23/25 10348/36/25 10353/37/25 10351/38/25
f 10354/22/1 10345/39/1 10348/36/1 10352/23/1
f 10355/12/3 10356/13/3 10359/14/3 10357/15/3
f 10360/16/24 10357/15/24 10358/17/24 10361/18/24
f 10364/19/31 10358/17/31 10357/15/31 10359/14/31
f 10358/17/4 10364/19/4 10362/20/4 10361/18/4
f 10359/14/25 10363/21/25 10362/20/25 10364/19/25
f 10356/13/1 10365/22/1 10363/23/1 10359/14/1
f 10368/24/5 10370/25/5 10367/26/5 10366/27/5
f 10368/28/24 10371/29/24 10372/30/24 10369/31/24
f 10369/32/30 10375/33/30 10370/25/30 10368/24/30
f 10372/18/4 10373/20/4 10375/34/4 10369/35/4
f 10374/23/25 10370/36/25 10375/37/25 10373/38/25
f 10376/22/1 10367/39/1 10370/36/1 10374/23/1
f 10379/24/5 10381/25/5 10378/26/5 10377/27/5
f 10379/41/24 10382/15/24 10383/42/24 10380/35/24
f 10380/35/30 10388/34/30 10381/40/30 10379/41/30
f 10387/19/31 10383/42/31 10382/15/31 10384/14/31
f 10385/12/3 10386/13/3 10384/14/3 10382/15/3
f 10386/13/1 10378/39/1 10381/36/1 10384/14/1
f 10384/14/25 10381/40/25 10388/34/25 10387/19/25
f 10383/42/4 10387/19/4 10388/34/4 10380/35/4
f 10391/24/5 10393/25/5 10390/26/5 10389/27/5
f 10391/41/24 10394/15/24 10395/42/24 10392/35/24
f 10392/35/30 10400/34/30 10393/40/30 10391/41/30
f 10399/19/31 10395/42/31 10394/15/31 10396/14/31
f 10397/12/3 10398/13/3 10396/14/3 10394/15/3
f 10398/13/1 10390/39/1 10393/36/1 10396/14/1
f 10396/14/25 10393/40/25 10400/34/25 10399/19/25
f 10395/42/4 10399/19/4 10400/34/4 10392/35/4
f 10403/24/5 10405/25/5 10402/26/5 10401/27/5
f 10403/41/24 10406/15/24 10407/42/24 10404/35/24
f 10404/35/30 10412/34/30 10405/40/30 10403/41/30
f 10411/19/31 10407/42/31 10406/15/31 10408/14/31
f 10409/12/3 10410/13/3 10408/14/3 10406/15/3
f 10410/13/1 10402/39/1 10405/36/1 10408/14/1
f 10408/14/25 10405/40/25 10412/34/25 10411/19/25
f 10407/42/4 10411/19/4 10412/34/4 10404/35/4
f 10415/24/5 10417/25/5 10414/26/5 10413/27/5
f 10415/41/24 10418/15/24 10419/42/24 10416/35/24
f 10416/35/30 10424/34/30 10417/40/30 10415/41/30
f 10423/19/31 10419/42/31 10418/15/31 10420/14/31
f 10421/12/3 10422/13/3 10420/14/3 10418/15/3
f 10422/13/1 10414/39/1 10417/36/1 10420/14/1
f 10420/14/25 10417/40/25 10424/34/25 10423/19/25
f 10419/42/4 10423/19/4 10424/34/4 10416/35/4
f 10446/69/4 10445/70/4 10447/71/4 10448/72/4
f 10442/73/4 10441/74/4 10443/75/4 10444/76/4
f 10438/77/4 10437/78/4 10439/79/4 10440/80/4
f 10450/81/5 10449/82/5 10437/78/5 10438/77/5
f 10451/83/3 10452/84/3 10440/80/3 10439/79/3
f 10454/85/5 10453/86/5 10441/74/5 10442/73/5
f 10455/87/3 10456/88/3 10444/76/3 10443/75/3
f 10458/89/5 10457/90/5 10445/70/5 10446/69/5
f 10459/91/3 10460/92/3 10448/72/3 10447/71/3
f 10442/73/32 10444/76/32 10456/88/32 10454/93/32
f 10446/69/32 10448/72/32 10460/92/32 10458/94/32
f 10438/77/32 10440/80/32 10452/84/32 10450/95/32
f 10457/90/33 10459/96/33 10447/71/33 10445/70/33
f 10453/86/33 10455/97/33 10443/75/33 10441/74/33
f 10449/82/33 10451/98/33 10439/79/33 10437/78/33
f 10429/99/4 10451/98/4 10449/82/4 10436/100/4
f 10427/101/4 10436/102/4 10449/103/4 10450/81/4
f 10435/104/4 10427/105/4 10450/95/4 10452/84/4
f 10451/98/4 10429/99/4 10430/106/4 10453/107/4
f 10452/108/4 10451/83/4 10453/107/4 10454/85/4
f 10435/104/4 10452/108/4 10454/93/4 10434/109/4
f 10431/110/4 10455/97/4 10453/86/4 10430/106/4
f 10433/111/4 10434/109/4 10454/93/4 10456/88/4
f 10455/97/4 10431/110/4 10432/112/4 10457/113/4
f 10456/114/4 10455/87/4 10457/113/4 10458/89/4
f 10433/111/4 10456/114/4 10458/94/4 10428/115/4
f 10426/116/4 10459/96/4 10457/90/4 10432/112/4
f 10428/115/4 10458/94/4 10460/92/4 10425/117/4
f 10460/118/4 10459/91/4 10426/119/4 10425/120/4
f 10461/12/3 10462/13/3 10465/14/3 10463/15/3
f 10466/16/24 10463/15/24 10464/17/24 10467/18/24
f 10470/19/31 10464/17/31 10463/15/31 10465/14/31
f 10464/17/4 10470/19/4 10468/20/4 10467/18/4
f 10465/14/25 10469/21/25 10468/20/25 10470/19/25
f 10462/13/1 10471/22/1 10469/23/1 10465/14/1
f 10474/24/5 10476/25/5 10473/26/5 10472/27/5
f 10474/28/24 10477/29/24 10478/30/24 10475/31/24
f 10475/32/30 10481/33/30 10476/25/30 10474/24/30
f 10478/18/4 10479/20/4 10481/34/4 10475/35/4
f 10480/23/25 10476/36/25 10481/37/25 10479/38/25
f 10482/22/1 10473/39/1 10476/36/1 10480/23/1
f 10483/12/3 10484/13/3 10487/14/3 10485/15/3
f 10488/16/24 10485/15/24 10486/17/24 10489/18/24
f 10492/19/31 10486/17/31 10485/15/31 10487/14/31
f 10486/17/4 10492/19/4 10490/20/4 10489/18/4
f 10487/14/25 10491/21/25 10490/20/25 10492/19/25
f 10484/13/1 10493/22/1 10491/23/1 10487/14/1
f 10496/24/5 10498/25/5 10495/26/5 10494/27/5
f 10496/28/24 10499/29/24 10500/30/24 10497/31/24
f 10497/32/30 10503/33/30 10498/25/30 10496/24/30
f 10500/18/4 10501/20/4 10503/34/4 10497/35/4
f 10502/23/25 10498/36/25 10503/37/25 10501/38/25
f 10504/22/1 10495/39/1 10498/36/1 10502/23/1
f 10507/24/5 10509/25/5 10506/26/5 10505/27/5
f 10507/41/24 10510/15/24 10511/42/24 10508/35/24
f 10508/35/30 10516/34/30 10509/40/30 10507/41/30
f 10515/19/31 10511/42/31 10510/15/31 10512/14/31
f 10513/12/3 10514/13/3 10512/14/3 10510/15/3
f 10514/13/1 10506/39/1 10509/36/1 10512/14/1
f 10512/14/25 10509/40/25 10516/34/25 10515/19/25
f 10511/42/4 10515/19/4 10516/34/4 10508/35/4
f 10519/24/5 10521/25/5 10518/26/5 10517/27/5
f 10519/41/24 10522/15/24 10523/42/24 10520/35/24
f 10520/35/30 10528/34/30 10521/40/30 10519/41/30
f 10527/19/31 10523/42/31 10522/15/31 10524/14/31
f 10525/12/3 10526/13/3 10524/14/3 10522/15/3
f 10526/13/1 10518/39/1 10521/36/1 10524/14/1
f 10524/14/25 10521/40/25 10528/34/25 10527/19/25
f 10523/42/4 10527/19/4 10528/34/4 10520/35/4
f 10531/24/5 10533/25/5 10530/26/5 10529/27/5
f 10531/41/24 10534/15/24 10535/42/24 10532/35/24
f 10532/35/30 10540/34/30 10533/40/30 10531/41/30
f 10539/19/31 10535/42/31 10534/15/31 10536/14/31
f 10537/12/3 10538/13/3 10536/14/3 10534/15/3
f 10538/13/1 10530/39/1 10533/36/1 10536/14/1
f 10536/14/25 10533/40/25 10540/34/25 10539/19/25
f 10535/42/4 10539/19/4 10540/34/4 10532/35/4
f 10543/24/5 10545/25/5 10542/26/5 10541/27/5
f 10543/41/24 10546/15/24 10547/42/24 10544/35/24
f 10544/35/30 10552/34/30 10545/40/30 10543/41/30
f 10551/19/31 10547/42/31 10546/15/31 10548/14/31
f 10549/12/3 10550/13/3 10548/14/3 10546/15/3
f 10550/13/1 10542/39/1 10545/36/1 10548/14/1
f 10548/14/25 10545/40/25 10552/34/25 10551/19/25
f 10547/42/4 10551/19/4 10552/34/4 10544/35/4
f 10574/69/4 10573/70/4 10575/71/4 10576/72/4
f 10570/73/4 10569/74/4 10571/75/4 10572/76/4
f 10566/77/4 10565/78/4 10567/79/4 10568/80/4
f 10578/81/5 10577/82/5 10565/78/5 10566/77/5
f 10579/83/3 10580/84/3 10568/80/3 10567/79/3
f 10582/85/5 10581/86/5 10569/74/5 10570/73/5
f 10583/87/3 10584/88/3 10572/76/3 10571/75/3
f 10586/89/5 10585/90/5 10573/70/5 10574/69/5
f 10587/91/3 10588/92/3 10576/72/3 10575/71/3
f 10570/73/32 10572/76/32 10584/88/32 10582/93/32
f 10574/69/32 10576/72/32 10588/92/32 10586/94/32
f 10566/77/32 10568/80/32 10580/84/32 10578/95/32
f 10585/90/33 10587/96/33 10575/71/33 10573/70/33
f 10581/86/33 10583/97/33 10571/75/33 10569/74/33
f 10577/82/33 10579/98/33 10567/79/33 10565/78/33
f 10557/99/4 10579/98/4 10577/82/4 10564/100/4
f 10555/101/4 10564/102/4 10577/103/4 10578/81/4
f 10563/104/4 10555/105/4 10578/95/4 10580/84/4
f 10579/98/4 10557/99/4 10558/106/4 10581/107/4
f 10580/108/4 10579/83/4 10581/107/4 10582/85/4
f 10563/104/4 10580/108/4 10582/93/4 10562/109/4
f 10559/110/4 10583/97/4 10581/86/4 10558/106/4
f 10561/111/4 10562/109/4 10582/93/4 10584/88/4
f 10583/97/4 10559/110/4 10560/112/4 10585/113/4
f 10584/114/4 10583/87/4 10585/113/4 10586/89/4
f 10561/111/4 10584/114/4 10586/94/4 10556/115/4
f 10554/116/4 10587/96/4 10585/90/4 10560/112/4
f 10556/115/4 10586/94/4 10588/92/4 10553/117/4
f 10588/118/4 10587/91/4 10554/119/4 10553/120/4
f 10589/12/3 10590/13/3 10593/14/3 10591/15/3
f 10594/16/24 10591/15/24 10592/17/24 10595/18/24
f 10598/19/31 10592/17/31 10591/15/31 10593/14/31
f 10592/17/4 10598/19/4 10596/20/4 10595/18/4
f 10593/14/25 10597/21/25 10596/20/25 10598/19/25
f 10590/13/1 10599/22/1 10597/23/1 10593/14/1
f 10602/24/5 10604/25/5 10601/26/5 10600/27/5
f 10602/28/24 10605/29/24 10606/30/24 10603/31/24
f 10603/32/30 10609/33/30 10604/25/30 10602/24/30
f 10606/18/4 10607/20/4 10609/34/4 10603/35/4
f 10608/23/25 10604/36/25 10609/37/25 10607/38/25
f 10610/22/1 10601/39/1 10604/36/1 10608/23/1
f 10611/12/3 10612/13/3 10615/14/3 10613/15/3
f 10616/16/24 10613/15/24 10614/17/24 10617/18/24
f 10620/19/31 10614/17/31 10613/15/31 10615/14/31
f 10614/17/4 10620/19/4 10618/20/4 10617/18/4
f 10615/14/25 10619/21/25 10618/20/25 10620/19/25
f 10612/13/1 10621/22/1 10619/23/1 10615/14/1
f 10624/24/5 10626/25/5 10623/26/5 10622/27/5
f 10624/28/24 10627/29/24 10628/30/24 10625/31/24
f 10625/32/30 10631/33/30 10626/25/30 10624/24/30
f 10628/18/4 10629/20/4 10631/34/4 10625/35/4
f 10630/23/25 10626/36/25 10631/37/25 10629/38/25
f 10632/22/1 10623/39/1 10626/36/1 10630/23/1
f 10635/24/5 10637/25/5 10634/26/5 10633/27/5
f 10635/41/24 10638/15/24 10639/42/24 10636/35/24
f 10636/35/30 10644/34/30 10637/40/30 10635/41/30
f 10643/19/31 10639/42/31 10638/15/31 10640/14/31
f 10641/12/3 10642/13/3 10640/14/3 10638/15/3
f 10642/13/1 10634/39/1 10637/36/1 10640/14/1
f 10640/14/25 10637/40/25 10644/34/25 10643/19/25
f 10639/42/4 10643/19/4 10644/34/4 10636/35/4
f 10647/24/5 10649/25/5 10646/26/5 10645/27/5
f 10647/41/24 10650/15/24 10651/42/24 10648/35/24
f 10648/35/30 10656/34/30 10649/40/30 10647/41/30
f 10655/19/31 10651/42/31 10650/15/31 10652/14/31
f 10653/12/3 10654/13/3 10652/14/3 10650/15/3
f 10654/13/1 10646/39/1 10649/36/1 10652/14/1
f 10652/14/25 10649/40/25 10656/34/25 10655/19/25
f 10651/42/4 10655/19/4 10656/34/4 10648/35/4
f 10659/24/5 10661/25/5 10658/26/5 10657/27/5
f 10659/41/24 10662/15/24 10663/42/24 10660/35/24
f 10660/35/30 10668/34/30 10661/40/30 10659/41/30
f 10667/19/31 10663/42/31 10662/15/31 10664/14/31
f 10665/12/3 10666/13/3 10664/14/3 10662/15/3
f 10666/13/1 10658/39/1 10661/36/1 10664/14/1
f 10664/14/25 10661/40/25 10668/34/25 10667/19/25
f 10663/42/4 10667/19/4 10668/34/4 10660/35/4
f 10671/24/5 10673/25/5 10670/26/5 10669/27/5
f 10671/41/24 10674/15/24 10675/42/24 10672/35/24
f 10672/35/30 10680/34/30 10673/40/30 10671/41/30
f 10679/19/31 10675/42/31 10674/15/31 10676/14/31
f 10677/12/3 10678/13/3 10676/14/3 10674/15/3
f 10678/13/1 10670/39/1 10673/36/1 10676/14/1
f 10676/14/25 10673/40/25 10680/34/25 10679/19/25
f 10675/42/4 10679/19/4 10680/34/4 10672/35/4
f 10681/1/4 10682/2/4 10684/8/4 10683/9/4
f 10689/35/30 10691/34/30 10692/40/30 10690/41/30
f 10695/19/31 10693/42/31 10694/15/31 10696/14/31
f 10690/41/24 10694/15/24 10693/42/24 10689/35/24
f 10696/14/25 10692/40/25 10691/34/25 10695/19/25
f 10690/24/5 10692/25/5 10686/26/5 10685/27/5
f 10693/42/4 10695/19/4 10691/34/4 10689/35/4
f 10688/13/1 10686/39/1 10692/36/1 10696/14/1
f 10687/12/3 10688/13/3 10696/14/3 10694/15/3
f 10701/35/30 10703/34/30 10704/40/30 10702/41/30
f 10707/19/31 10705/42/31 10706/15/31 10708/14/31
f 10702/41/24 10706/15/24 10705/42/24 10701/35/24
f 10708/14/25 10704/40/25 10703/34/25 10707/19/25
f 10702/24/5 10704/25/5 10698/26/5 10697/27/5
f 10705/42/4 10707/19/4 10703/34/4 10701/35/4
f 10700/13/1 10698/39/1 10704/36/1 10708/14/1
f 10699/12/3 10700/13/3 10708/14/3 10706/15/3
f 10713/35/30 10715/34/30 10716/40/30 10714/41/30
f 10719/19/31 10717/42/31 10718/15/31 10720/14/31
f 10714/41/24 10718/15/24 10717/42/24 10713/35/24
f 10720/14/25 10716/40/25 10715/34/25 10719/19/25
f 10714/24/5 10716/25/5 10710/26/5 10709/27/5
f 10717/42/4 10719/19/4 10715/34/4 10713/35/4
f 10712/13/1 10710/39/1 10716/36/1 10720/14/1
f 10711/12/3 10712/13/3 10720/14/3 10718/15/3
f 10725/35/30 10727/34/30 10728/40/30 10726/41/30
f 10731/19/31 10729/42/31 10730/15/31 10732/14/31
f 10726/41/24 10730/15/24 10729/42/24 10725/35/24
f 10732/14/25 10728/40/25 10727/34/25 10731/19/25
f 10726/24/5 10728/25/5 10722/26/5 10721/27/5
f 10729/42/4 10731/19/4 10727/34/4 10725/35/4
f 10724/13/1 10722/39/1 10728/36/1 10732/14/1
f 10723/12/3 10724/13/3 10732/14/3 10730/15/3
f 10738/19/31 10736/17/31 10737/15/31 10739/14/31
f 10740/16/24 10737/15/24 10736/17/24 10741/18/24
f 10739/14/25 10743/21/25 10742/20/25 10738/19/25
f 10733/12/3 10734/13/3 10739/14/3 10737/15/3
f 10736/17/4 10738/19/4 10742/20/4 10741/18/4
f 10734/13/1 10735/22/1 10743/23/1 10739/14/1
f 10749/19/31 10747/17/31 10748/15/31 10750/14/31
f 10751/16/24 10748/15/24 10747/17/24 10752/18/24
f 10750/14/25 10754/21/25 10753/20/25 10749/19/25
f 10744/12/3 10745/13/3 10750/14/3 10748/15/3
f 10747/17/4 10749/19/4 10753/20/4 10752/18/4
f 10745/13/1 10746/22/1 10754/23/1 10750/14/1
f 10758/32/30 10760/33/30 10761/25/30 10759/24/30
f 10764/23/25 10761/36/25 10760/37/25 10765/38/25
f 10759/28/24 10763/29/24 10762/30/24 10758/31/24
f 10759/24/5 10761/25/5 10756/26/5 10755/27/5
f 10762/18/4 10765/20/4 10760/34/4 10758/35/4
f 10757/22/1 10756/39/1 10761/36/1 10764/23/1
f 10769/32/30 10771/33/30 10772/25/30 10770/24/30
f 10775/23/25 10772/36/25 10771/37/25 10776/38/25
f 10770/28/24 10774/29/24 10773/30/24 10769/31/24
f 10770/24/5 10772/25/5 10767/26/5 10766/27/5
f 10773/18/4 10776/20/4 10771/34/4 10769/35/4
f 10768/22/1 10767/39/1 10772/36/1 10775/23/1
f 10883/121/4 10876/122/4 10780/8/4 10879/123/4
f 10785/35/30 10787/34/30 10788/40/30 10786/41/30
f 10791/19/31 10789/42/31 10790/15/31 10792/14/31
f 10786/41/24 10790/15/24 10789/42/24 10785/35/24
f 10792/14/25 10788/40/25 10787/34/25 10791/19/25
f 10786/24/5 10788/25/5 10782/26/5 10781/27/5
f 10789/42/4 10791/19/4 10787/34/4 10785/35/4
f 10784/13/1 10782/39/1 10788/36/1 10792/14/1
f 10783/12/3 10784/13/3 10792/14/3 10790/15/3
f 10797/35/30 10799/34/30 10800/40/30 10798/41/30
f 10803/19/31 10801/42/31 10802/15/31 10804/14/31
f 10798/41/24 10802/15/24 10801/42/24 10797/35/24
f 10804/14/25 10800/40/25 10799/34/25 10803/19/25
f 10798/24/5 10800/25/5 10794/26/5 10793/27/5
f 10801/42/4 10803/19/4 10799/34/4 10797/35/4
f 10796/13/1 10794/39/1 10800/36/1 10804/14/1
f 10795/12/3 10796/13/3 10804/14/3 10802/15/3
f 10809/35/30 10811/34/30 10812/40/30 10810/41/30
f 10815/19/31 10813/42/31 10814/15/31 10816/14/31
f 10810/41/24 10814/15/24 10813/42/24 10809/35/24
f 10816/14/25 10812/40/25 10811/34/25 10815/19/25
f 10810/24/5 10812/25/5 10806/26/5 10805/27/5
f 10813/42/4 10815/19/4 10811/34/4 10809/35/4
f 10808/13/1 10806/39/1 10812/36/1 10816/14/1
f 10807/12/3 10808/13/3 10816/14/3 10814/15/3
f 10821/35/30 10823/34/30 10824/40/30 10822/41/30
f 10827/19/31 10825/42/31 10826/15/31 10828/14/31
f 10822/41/24 10826/15/24 10825/42/24 10821/35/24
f 10828/14/25 10824/40/25 10823/34/25 10827/19/25
f 10822/24/5 10824/25/5 10818/26/5 10817/27/5
f 10825/42/4 10827/19/4 10823/34/4 10821/35/4
f 10820/13/1 10818/39/1 10824/36/1 10828/14/1
f 10819/12/3 10820/13/3 10828/14/3 10826/15/3
f 10834/19/31 10832/17/31 10833/15/31 10835/14/31
f 10836/16/24 10833/15/24 10832/17/24 10837/18/24
f 10835/14/25 10839/21/25 10838/20/25 10834/19/25
f 10829/12/3 10830/13/3 10835/14/3 10833/15/3
f 10832/17/4 10834/19/4 10838/20/4 10837/18/4
f 10830/13/1 10831/22/1 10839/23/1 10835/14/1
f 10845/19/31 10843/17/31 10844/15/31 10846/14/31
f 10847/16/24 10844/15/24 10843/17/24 10848/18/24
f 10846/14/25 10850/21/25 10849/20/25 10845/19/25
f 10840/12/3 10841/13/3 10846/14/3 10844/15/3
f 10843/17/4 10845/19/4 10849/20/4 10848/18/4
f 10841/13/1 10842/22/1 10850/23/1 10846/14/1
f 10854/32/30 10856/33/30 10857/25/30 10855/24/30
f 10860/23/25 10857/36/25 10856/37/25 10861/38/25
f 10855/28/24 10859/29/24 10858/30/24 10854/31/24
f 10855/24/5 10857/25/5 10852/26/5 10851/27/5
f 10858/18/4 10861/20/4 10856/34/4 10854/35/4
f 10853/22/1 10852/39/1 10857/36/1 10860/23/1
f 10865/32/30 10867/33/30 10868/25/30 10866/24/30
f 10871/23/25 10868/36/25 10867/37/25 10872/38/25
f 10866/28/24 10870/29/24 10869/30/24 10865/31/24
f 10866/24/5 10868/25/5 10863/26/5 10862/27/5
f 10869/18/4 10872/20/4 10867/34/4 10865/35/4
f 10864/22/1 10863/39/1 10868/36/1 10871/23/1
f 10878/124/4 10778/2/4 10875/125/4 10881/126/4
f 10874/127/4 10882/111/4 10884/110/4 10873/128/4
f 10884/110/3 10882/111/3 10886/111/3 10888/110/3
f 10883/121/19 10884/110/19 10888/110/19 10887/121/19
f 10881/126/4 10875/125/4 10876/122/4 10883/121/4
f 10882/111/1 10881/126/1 10885/126/1 10886/111/1
f 10883/121/5 10887/121/5 10885/126/5 10881/126/5
f 10886/111/4 10885/126/4 10887/121/4 10888/110/4
f 10777/1/1 10877/129/1 10882/111/1 10874/127/1
f 10877/129/4 10878/124/4 10881/126/4 10882/111/4
f 10873/128/1 10884/110/1 10880/130/1 10779/9/1
f 10884/110/4 10883/121/4 10879/123/4 10880/130/4
f 10910/69/4 10909/70/4 10911/71/4 10912/72/4
f 10906/73/4 10905/74/4 10907/75/4 10908/76/4
f 10902/77/4 10901/78/4 10903/79/4 10904/80/4
f 10914/81/5 10913/82/5 10901/78/5 10902/77/5
f 10915/83/3 10916/84/3 10904/80/3 10903/79/3
f 10918/85/5 10917/86/5 10905/74/5 10906/73/5
f 10919/87/3 10920/88/3 10908/76/3 10907/75/3
f 10922/89/5 10921/90/5 10909/70/5 10910/69/5
f 10923/91/3 10924/92/3 10912/72/3 10911/71/3
f 10906/73/32 10908/76/32 10920/88/32 10918/93/32
f 10910/69/32 10912/72/32 10924/92/32 10922/94/32
f 10902/77/32 10904/80/32 10916/84/32 10914/95/32
f 10921/90/33 10923/96/33 10911/71/33 10909/70/33
f 10917/86/33 10919/97/33 10907/75/33 10905/74/33
f 10913/82/33 10915/98/33 10903/79/33 10901/78/33
f 10893/99/4 10915/98/4 10913/82/4 10900/100/4
f 10891/101/4 10900/102/4 10913/103/4 10914/81/4
f 10899/104/4 10891/105/4 10914/95/4 10916/84/4
f 10915/98/4 10893/99/4 10894/106/4 10917/107/4
f 10916/108/4 10915/83/4 10917/107/4 10918/85/4
f 10899/104/4 10916/108/4 10918/93/4 10898/109/4
f 10895/110/4 10919/97/4 10917/86/4 10894/106/4
f 10897/111/4 10898/109/4 10918/93/4 10920/88/4
f 10919/97/4 10895/110/4 10896/112/4 10921/113/4
f 10920/114/4 10919/87/4 10921/113/4 10922/89/4
f 10897/111/4 10920/114/4 10922/94/4 10892/115/4
f 10890/116/4 10923/96/4 10921/90/4 10896/112/4
f 10892/115/4 10922/94/4 10924/92/4 10889/117/4
f 10924/118/4 10923/91/4 10890/119/4 10889/120/4
f 10925/12/3 10926/13/3 10929/14/3 10927/15/3
f 10930/16/24 10927/15/24 10928/17/24 10931/18/24
f 10934/19/31 10928/17/31 10927/15/31 10929/14/31
f 10928/17/4 10934/19/4 10932/20/4 10931/18/4
f 10929/14/25 10933/21/25 10932/20/25 10934/19/25
f 10926/13/1 10935/22/1 10933/23/1 10929/14/1
f 10938/24/5 10940/25/5 10937/26/5 10936/27/5
f 10938/28/24 10941/29/24 10942/30/24 10939/31/24
f 10939/32/30 10945/33/30 10940/25/30 10938/24/30
f 10942/18/4 10943/20/4 10945/34/4 10939/35/4
f 10944/23/25 10940/36/25 10945/37/25 10943/38/25
f 10946/22/1 10937/39/1 10940/36/1 10944/23/1
f 10947/12/3 10948/13/3 10951/14/3 10949/15/3
f 10952/16/24 10949/15/24 10950/17/24 10953/18/24
f 10956/19/31 10950/17/31 10949/15/31 10951/14/31
f 10950/17/4 10956/19/4 10954/20/4 10953/18/4
f 10951/14/25 10955/21/25 10954/20/25 10956/19/25
f 10948/13/1 10957/22/1 10955/23/1 10951/14/1
f 10960/24/5 10962/25/5 10959/26/5 10958/27/5
f 10960/28/24 10963/29/24 10964/30/24 10961/31/24
f 10961/32/30 10967/33/30 10962/25/30 10960/24/30
f 10964/18/4 10965/20/4 10967/34/4 10961/35/4
f 10966/23/25 10962/36/25 10967/37/25 10965/38/25
f 10968/22/1 10959/39/1 10962/36/1 10966/23/1
f 10971/24/5 10973/25/5 10970/26/5 10969/27/5
f 10971/41/24 10974/15/24 10975/42/24 10972/35/24
f 10972/35/30 10980/34/30 10973/40/30 10971/41/30
f 10979/19/31 10975/42/31 10974/15/31 10976/14/31
f 10977/12/3 10978/13/3 10976/14/3 10974/15/3
f 10978/13/1 10970/39/1 10973/36/1 10976/14/1
f 10976/14/25 10973/40/25 10980/34/25 10979/19/25
f 10975/42/4 10979/19/4 10980/34/4 10972/35/4
f 10983/24/5 10985/25/5 10982/26/5 10981/27/5
f 10983/41/24 10986/15/24 10987/42/24 10984/35/24
f 10984/35/30 10992/34/30 10985/40/30 10983/41/30
f 10991/19/31 10987/42/31 10986/15/31 10988/14/31
f 10989/12/3 10990/13/3 10988/14/3 10986/15/3
f 10990/13/1 10982/39/1 10985/36/1 10988/14/1
f 10988/14/25 10985/40/25 10992/34/25 10991/19/25
f 10987/42/4 10991/19/4 10992/34/4 10984/35/4
f 10995/24/5 10997/25/5 10994/26/5 10993/27/5
f 10995/41/24 10998/15/24 10999/42/24 10996/35/24
f 10996/35/30 11004/34/30 10997/40/30 10995/41/30
f 11003/19/31 10999/42/31 10998/15/31 11000/14/31
f 11001/12/3 11002/13/3 11000/14/3 10998/15/3
f 11002/13/1 10994/39/1 10997/36/1 11000/14/1
f 11000/14/25 10997/40/25 11004/34/25 11003/19/25
f 10999/42/4 11003/19/4 11004/34/4 10996/35/4
f 11007/24/5 11009/25/5 11006/26/5 11005/27/5
f 11007/41/24 11010/15/24 11011/42/24 11008/35/24
f 11008/35/30 11016/34/30 11009/40/30 11007/41/30
f 11015/19/31 11011/42/31 11010/15/31 11012/14/31
f 11013/12/3 11014/13/3 11012/14/3 11010/15/3
f 11014/13/1 11006/39/1 11009/36/1 11012/14/1
f 11012/14/25 11009/40/25 11016/34/25 11015/19/25
f 11011/42/4 11015/19/4 11016/34/4 11008/35/4
f 11038/69/4 11037/70/4 11039/71/4 11040/72/4
f 11034/73/4 11033/74/4 11035/75/4 11036/76/4
f 11030/77/4 11029/78/4 11031/79/4 11032/80/4
f 11042/81/5 11041/82/5 11029/78/5 11030/77/5
f 11043/83/3 11044/84/3 11032/80/3 11031/79/3
f 11046/85/5 11045/86/5 11033/74/5 11034/73/5
f 11047/87/3 11048/88/3 11036/76/3 11035/75/3
f 11050/89/5 11049/90/5 11037/70/5 11038/69/5
f 11051/91/3 11052/92/3 11040/72/3 11039/71/3
f 11034/73/32 11036/76/32 11048/88/32 11046/93/32
f 11038/69/32 11040/72/32 11052/92/32 11050/94/32
f 11030/77/32 11032/80/32 11044/84/32 11042/95/32
f 11049/90/33 11051/96/33 11039/71/33 11037/70/33
f 11045/86/33 11047/97/33 11035/75/33 11033/74/33
f 11041/82/33 11043/98/33 11031/79/33 11029/78/33
f 11021/99/4 11043/98/4 11041/82/4 11028/100/4
f 11019/101/4 11028/102/4 11041/103/4 11042/81/4
f 11027/104/4 11019/105/4 11042/95/4 11044/84/4
f 11043/98/4 11021/99/4 11022/106/4 11045/107/4
f 11044/108/4 11043/83/4 11045/107/4 11046/85/4
f 11027/104/4 11044/108/4 11046/93/4 11026/109/4
f 11023/110/4 11047/97/4 11045/86/4 11022/106/4
f 11025/111/4 11026/109/4 11046/93/4 11048/88/4
f 11047/97/4 11023/110/4 11024/112/4 11049/113/4
f 11048/114/4 11047/87/4 11049/113/4 11050/89/4
f 11025/111/4 11048/114/4 11050/94/4 11020/115/4
f 11018/116/4 11051/96/4 11049/90/4 11024/112/4
f 11020/115/4 11050/94/4 11052/92/4 11017/117/4
f 11052/118/4 11051/91/4 11018/119/4 11017/120/4
f 11053/12/3 11054/13/3 11057/14/3 11055/15/3
f 11058/16/24 11055/15/24 11056/17/24 11059/18/24
f 11062/19/31 11056/17/31 11055/15/31 11057/14/31
f 11056/17/4 11062/19/4 11060/20/4 11059/18/4
f 11057/14/25 11061/21/25 11060/20/25 11062/19/25
f 11054/13/1 11063/22/1 11061/23/1 11057/14/1
f 11066/24/5 11068/25/5 11065/26/5 11064/27/5
f 11066/28/24 11069/29/24 11070/30/24 11067/31/24
f 11067/32/30 11073/33/30 11068/25/30 11066/24/30
f 11070/18/4 11071/20/4 11073/34/4 11067/35/4
f 11072/23/25 11068/36/25 11073/37/25 11071/38/25
f 11074/22/1 11065/39/1 11068/36/1 11072/23/1
f 11075/12/3 11076/13/3 11079/14/3 11077/15/3
f 11080/16/24 11077/15/24 11078/17/24 11081/18/24
f 11084/19/31 11078/17/31 11077/15/31 11079/14/31
f 11078/17/4 11084/19/4 11082/20/4 11081/18/4
f 11079/14/25 11083/21/25 11082/20/25 11084/19/25
f 11076/13/1 11085/22/1 11083/23/1 11079/14/1
f 11088/24/5 11090/25/5 11087/26/5 11086/27/5
f 11088/28/24 11091/29/24 11092/30/24 11089/31/24
f 11089/32/30 11095/33/30 11090/25/30 11088/24/30
f 11092/18/4 11093/20/4 11095/34/4 11089/35/4
f 11094/23/25 11090/36/25 11095/37/25 11093/38/25
f 11096/22/1 11087/39/1 11090/36/1 11094/23/1
f 11099/24/5 11101/25/5 11098/26/5 11097/27/5
f 11099/41/24 11102/15/24 11103/42/24 11100/35/24
f 11100/35/30 11108/34/30 11101/40/30 11099/41/30
f 11107/19/31 11103/42/31 11102/15/31 11104/14/31
f 11105/12/3 11106/13/3 11104/14/3 11102/15/3
f 11106/13/1 11098/39/1 11101/36/1 11104/14/1
f 11104/14/25 11101/40/25 11108/34/25 11107/19/25
f 11103/42/4 11107/19/4 11108/34/4 11100/35/4
f 11111/24/5 11113/25/5 11110/26/5 11109/27/5
f 11111/41/24 11114/15/24 11115/42/24 11112/35/24
f 11112/35/30 11120/34/30 11113/40/30 11111/41/30
f 11119/19/31 11115/42/31 11114/15/31 11116/14/31
f 11117/12/3 11118/13/3 11116/14/3 11114/15/3
f 11118/13/1 11110/39/1 11113/36/1 11116/14/1
f 11116/14/25 11113/40/25 11120/34/25 11119/19/25
f 11115/42/4 11119/19/4 11120/34/4 11112/35/4
f 11123/24/5 11125/25/5 11122/26/5 11121/27/5
f 11123/41/24 11126/15/24 11127/42/24 11124/35/24
f 11124/35/30 11132/34/30 11125/40/30 11123/41/30
f 11131/19/31 11127/42/31 11126/15/31 11128/14/31
f 11129/12/3 11130/13/3 11128/14/3 11126/15/3
f 11130/13/1 11122/39/1 11125/36/1 11128/14/1
f 11128/14/25 11125/40/25 11132/34/25 11131/19/25
f 11127/42/4 11131/19/4 11132/34/4 11124/35/4
f 11135/24/5 11137/25/5 11134/26/5 11133/27/5
f 11135/41/24 11138/15/24 11139/42/24 11136/35/24
f 11136/35/30 11144/34/30 11137/40/30 11135/41/30
f 11143/19/31 11139/42/31 11138/15/31 11140/14/31
f 11141/12/3 11142/13/3 11140/14/3 11138/15/3
f 11142/13/1 11134/39/1 11137/36/1 11140/14/1
f 11140/14/25 11137/40/25 11144/34/25 11143/19/25
f 11139/42/4 11143/19/4 11144/34/4 11136/35/4
f 11166/69/4 11165/70/4 11167/71/4 11168/72/4
f 11162/73/4 11161/74/4 11163/75/4 11164/76/4
f 11158/77/4 11157/78/4 11159/79/4 11160/80/4
f 11170/81/5 11169/82/5 11157/78/5 11158/77/5
f 11171/83/3 11172/84/3 11160/80/3 11159/79/3
f 11174/85/5 11173/86/5 11161/74/5 11162/73/5
f 11175/87/3 11176/88/3 11164/76/3 11163/75/3
f 11178/89/5 11177/90/5 11165/70/5 11166/69/5
f 11179/91/3 11180/92/3 11168/72/3 11167/71/3
f 11162/73/32 11164/76/32 11176/88/32 11174/93/32
f 11166/69/32 11168/72/32 11180/92/32 11178/94/32
f 11158/77/32 11160/80/32 11172/84/32 11170/95/32
f 11177/90/33 11179/96/33 11167/71/33 11165/70/33
f 11173/86/33 11175/97/33 11163/75/33 11161/74/33
f 11169/82/33 11171/98/33 11159/79/33 11157/78/33
f 11149/99/4 11171/98/4 11169/82/4 11156/100/4
f 11147/101/4 11156/102/4 11169/103/4 11170/81/4
f 11155/104/4 11147/105/4 11170/95/4 11172/84/4
f 11171/98/4 11149/99/4 11150/106/4 11173/107/4
f 11172/108/4 11171/83/4 11173/107/4 11174/85/4
f 11155/104/4 11172/108/4 11174/93/4 11154/109/4
f 11151/110/4 11175/97/4 11173/86/4 11150/106/4
f 11153/111/4 11154/109/4 11174/93/4 11176/88/4
f 11175/97/4 11151/110/4 11152/112/4 11177/113/4
f 11176/114/4 11175/87/4 11177/113/4 11178/89/4
f 11153/111/4 11176/114/4 11178/94/4 11148/115/4
f 11146/116/4 11179/96/4 11177/90/4 11152/112/4
f 11148/115/4 11178/94/4 11180/92/4 11145/117/4
f 11180/118/4 11179/91/4 11146/119/4 11145/120/4
f 11181/12/3 11182/13/3 11185/14/3 11183/15/3
f 11186/16/24 11183/15/24 11184/17/24 11187/18/24
f 11190/19/31 11184/17/31 11183/15/31 11185/14/31
f 11184/17/4 11190/19/4 11188/20/4 11187/18/4
f 11185/14/25 11189/21/25 11188/20/25 11190/19/25
f 11182/13/1 11191/22/1 11189/23/1 11185/14/1
f 11194/24/5 11196/25/5 11193/26/5 11192/27/5
f 11194/28/24 11197/29/24 11198/30/24 11195/31/24
f 11195/32/30 11201/33/30 11196/25/30 11194/24/30
f 11198/18/4 11199/20/4 11201/34/4 11195/35/4
f 11200/23/25 11196/36/25 11201/37/25 11199/38/25
f 11202/22/1 11193/39/1 11196/36/1 11200/23/1
f 11203/12/3 11204/13/3 11207/14/3 11205/15/3
f 11208/16/24 11205/15/24 11206/17/24 11209/18/24
f 11212/19/31 11206/17/31 11205/15/31 11207/14/31
f 11206/17/4 11212/19/4 11210/20/4 11209/18/4
f 11207/14/25 11211/21/25 11210/20/25 11212/19/25
f 11204/13/1 11213/22/1 11211/23/1 11207/14/1
f 11216/24/5 11218/25/5 11215/26/5 11214/27/5
f 11216/28/24 11219/29/24 11220/30/24 11217/31/24
f 11217/32/30 11223/33/30 11218/25/30 11216/24/30
f 11220/18/4 11221/20/4 11223/34/4 11217/35/4
f 11222/23/25 11218/36/25 11223/37/25 11221/38/25
f 11224/22/1 11215/39/1 11218/36/1 11222/23/1
f 11227/24/5 11229/25/5 11226/26/5 11225/27/5
f 11227/41/24 11230/15/24 11231/42/24 11228/35/24
f 11228/35/30 11236/34/30 11229/40/30 11227/41/30
f 11235/19/31 11231/42/31 11230/15/31 11232/14/31
f 11233/12/3 11234/13/3 11232/14/3 11230/15/3
f 11234/13/1 11226/39/1 11229/36/1 11232/14/1
f 11232/14/25 11229/40/25 11236/34/25 11235/19/25
f 11231/42/4 11235/19/4 11236/34/4 11228/35/4
f 11239/24/5 11241/25/5 11238/26/5 11237/27/5
f 11239/41/24 11242/15/24 11243/42/24 11240/35/24
f 11240/35/30 11248/34/30 11241/40/30 11239/41/30
f 11247/19/31 11243/42/31 11242/15/31 11244/14/31
f 11245/12/3 11246/13/3 11244/14/3 11242/15/3
f 11246/13/1 11238/39/1 11241/36/1 11244/14/1
f 11244/14/25 11241/40/25 11248/34/25 11247/19/25
f 11243/42/4 11247/19/4 11248/34/4 11240/35/4
f 11251/24/5 11253/25/5 11250/26/5 11249/27/5
f 11251/41/24 11254/15/24 11255/42/24 11252/35/24
f 11252/35/30 11260/34/30 11253/40/30 11251/41/30
f 11259/19/31 11255/42/31 11254/15/31 11256/14/31
f 11257/12/3 11258/13/3 11256/14/3 11254/15/3
f 11258/13/1 11250/39/1 11253/36/1 11256/14/1
f 11256/14/25 11253/40/25 11260/34/25 11259/19/25
f 11255/42/4 11259/19/4 11260/34/4 11252/35/4
f 11263/24/5 11265/25/5 11262/26/5 11261/27/5
f 11263/41/24 11266/15/24 11267/42/24 11264/35/24
f 11264/35/30 11272/34/30 11265/40/30 11263/41/30
f 11271/19/31 11267/42/31 11266/15/31 11268/14/31
f 11269/12/3 11270/13/3 11268/14/3 11266/15/3
f 11270/13/1 11262/39/1 11265/36/1 11268/14/1
f 11268/14/25 11265/40/25 11272/34/25 11271/19/25
f 11267/42/4 11271/19/4 11272/34/4 11264/35/4
f 11294/69/4 11293/70/4 11295/71/4 11296/72/4
f 11290/73/4 11289/74/4 11291/75/4 11292/76/4
f 11286/77/4 11285/78/4 11287/79/4 11288/80/4
f 11298/81/5 11297/82/5 11285/78/5 11286/77/5
f 11299/83/3 11300/84/3 11288/80/3 11287/79/3
f 11302/85/5 11301/86/5 11289/74/5 11290/73/5
f 11303/87/3 11304/88/3 11292/76/3 11291/75/3
f 11306/89/5 11305/90/5 11293/70/5 11294/69/5
f 11307/91/3 11308/92/3 11296/72/3 11295/71/3
f 11290/73/32 11292/76/32 11304/88/32 11302/93/32
f 11294/69/32 11296/72/32 11308/92/32 11306/94/32
f 11286/77/32 11288/80/32 11300/84/32 11298/95/32
f 11305/90/33 11307/96/33 11295/71/33 11293/70/33
f 11301/86/33 11303/97/33 11291/75/33 11289/74/33
f 11297/82/33 11299/98/33 11287/79/33 11285/78/33
f 11277/99/4 11299/98/4 11297/82/4 11284/100/4
f 11275/101/4 11284/102/4 11297/103/4 11298/81/4
f 11283/104/4 11275/105/4 11298/95/4 11300/84/4
f 11299/98/4 11277/99/4 11278/106/4 11301/107/4
f 11300/108/4 11299/83/4 11301/107/4 11302/85/4
f 11283/104/4 11300/108/4 11302/93/4 11282/109/4
f 11279/110/4 11303/97/4 11301/86/4 11278/106/4
f 11281/111/4 11282/109/4 11302/93/4 11304/88/4
f 11303/97/4 11279/110/4 11280/112/4 11305/113/4
f 11304/114/4 11303/87/4 11305/113/4 11306/89/4
f 11281/111/4 11304/114/4 11306/94/4 11276/115/4
f 11274/116/4 11307/96/4 11305/90/4 11280/112/4
f 11276/115/4 11306/94/4 11308/92/4 11273/117/4
f 11308/118/4 11307/91/4 11274/119/4 11273/120/4
f 11309/12/3 11310/13/3 11313/14/3 11311/15/3
f 11314/16/24 11311/15/24 11312/17/24 11315/18/24
f 11318/19/31 11312/17/31 11311/15/31 11313/14/31
f 11312/17/4 11318/19/4 11316/20/4 11315/18/4
f 11313/14/25 11317/21/25 11316/20/25 11318/19/25
f 11310/13/1 11319/22/1 11317/23/1 11313/14/1
f 11322/24/5 11324/25/5 11321/26/5 11320/27/5
f 11322/28/24 11325/29/24 11326/30/24 11323/31/24
f 11323/32/30 11329/33/30 11324/25/30 11322/24/30
f 11326/18/4 11327/20/4 11329/34/4 11323/35/4
f 11328/23/25 11324/36/25 11329/37/25 11327/38/25
f 11330/22/1 11321/39/1 11324/36/1 11328/23/1
f 11331/12/3 11332/13/3 11335/14/3 11333/15/3
f 11336/16/24 11333/15/24 11334/17/24 11337/18/24
f 11340/19/31 11334/17/31 11333/15/31 11335/14/31
f 11334/17/4 11340/19/4 11338/20/4 11337/18/4
f 11335/14/25 11339/21/25 11338/20/25 11340/19/25
f 11332/13/1 11341/22/1 11339/23/1 11335/14/1
f 11344/24/5 11346/25/5 11343/26/5 11342/27/5
f 11344/28/24 11347/29/24 11348/30/24 11345/31/24
f 11345/32/30 11351/33/30 11346/25/30 11344/24/30
f 11348/18/4 11349/20/4 11351/34/4 11345/35/4
f 11350/23/25 11346/36/25 11351/37/25 11349/38/25
f 11352/22/1 11343/39/1 11346/36/1 11350/23/1
f 11355/24/5 11357/25/5 11354/26/5 11353/27/5
f 11355/41/24 11358/15/24 11359/42/24 11356/35/24
f 11356/35/30 11364/34/30 11357/40/30 11355/41/30
f 11363/19/31 11359/42/31 11358/15/31 11360/14/31
f 11361/12/3 11362/13/3 11360/14/3 11358/15/3
f 11362/13/1 11354/39/1 11357/36/1 11360/14/1
f 11360/14/25 11357/40/25 11364/34/25 11363/19/25
f 11359/42/4 11363/19/4 11364/34/4 11356/35/4
f 11367/24/5 11369/25/5 11366/26/5 11365/27/5
f 11367/41/24 11370/15/24 11371/42/24 11368/35/24
f 11368/35/30 11376/34/30 11369/40/30 11367/41/30
f 11375/19/31 11371/42/31 11370/15/31 11372/14/31
f 11373/12/3 11374/13/3 11372/14/3 11370/15/3
f 11374/13/1 11366/39/1 11369/36/1 11372/14/1
f 11372/14/25 11369/40/25 11376/34/25 11375/19/25
f 11371/42/4 11375/19/4 11376/34/4 11368/35/4
f 11379/24/5 11381/25/5 11378/26/5 11377/27/5
f 11379/41/24 11382/15/24 11383/42/24 11380/35/24
f 11380/35/30 11388/34/30 11381/40/30 11379/41/30
f 11387/19/31 11383/42/31 11382/15/31 11384/14/31
f 11385/12/3 11386/13/3 11384/14/3 11382/15/3
f 11386/13/1 11378/39/1 11381/36/1 11384/14/1
f 11384/14/25 11381/40/25 11388/34/25 11387/19/25
f 11383/42/4 11387/19/4 11388/34/4 11380/35/4
f 11391/24/5 11393/25/5 11390/26/5 11389/27/5
f 11391/41/24 11394/15/24 11395/42/24 11392/35/24
f 11392/35/30 11400/34/30 11393/40/30 11391/41/30
f 11399/19/31 11395/42/31 11394/15/31 11396/14/31
f 11397/12/3 11398/13/3 11396/14/3 11394/15/3
f 11398/13/1 11390/39/1 11393/36/1 11396/14/1
f 11396/14/25 11393/40/25 11400/34/25 11399/19/25
f 11395/42/4 11399/19/4 11400/34/4 11392/35/4
f 11401/1/4 11402/2/4 11404/8/4 11403/9/4
f 11409/35/30 11411/34/30 11412/40/30 11410/41/30
f 11415/19/31 11413/42/31 11414/15/31 11416/14/31
f 11410/41/24 11414/15/24 11413/42/24 11409/35/24
f 11416/14/25 11412/40/25 11411/34/25 11415/19/25
f 11410/24/5 11412/25/5 11406/26/5 11405/27/5
f 11413/42/4 11415/19/4 11411/34/4 11409/35/4
f 11408/13/1 11406/39/1 11412/36/1 11416/14/1
f 11407/12/3 11408/13/3 11416/14/3 11414/15/3
f 11421/35/30 11423/34/30 11424/40/30 11422/41/30
f 11427/19/31 11425/42/31 11426/15/31 11428/14/31
f 11422/41/24 11426/15/24 11425/42/24 11421/35/24
f 11428/14/25 11424/40/25 11423/34/25 11427/19/25
f 11422/24/5 11424/25/5 11418/26/5 11417/27/5
f 11425/42/4 11427/19/4 11423/34/4 11421/35/4
f 11420/13/1 11418/39/1 11424/36/1 11428/14/1
f 11419/12/3 11420/13/3 11428/14/3 11426/15/3
f 11433/35/30 11435/34/30 11436/40/30 11434/41/30
f 11439/19/31 11437/42/31 11438/15/31 11440/14/31
f 11434/41/24 11438/15/24 11437/42/24 11433/35/24
f 11440/14/25 11436/40/25 11435/34/25 11439/19/25
f 11434/24/5 11436/25/5 11430/26/5 11429/27/5
f 11437/42/4 11439/19/4 11435/34/4 11433/35/4
f 11432/13/1 11430/39/1 11436/36/1 11440/14/1
f 11431/12/3 11432/13/3 11440/14/3 11438/15/3
f 11445/35/30 11447/34/30 11448/40/30 11446/41/30
f 11451/19/31 11449/42/31 11450/15/31 11452/14/31
f 11446/41/24 11450/15/24 11449/42/24 11445/35/24
f 11452/14/25 11448/40/25 11447/34/25 11451/19/25
f 11446/24/5 11448/25/5 11442/26/5 11441/27/5
f 11449/42/4 11451/19/4 11447/34/4 11445/35/4
f 11444/13/1 11442/39/1 11448/36/1 11452/14/1
f 11443/12/3 11444/13/3 11452/14/3 11450/15/3
f 11458/19/31 11456/17/31 11457/15/31 11459/14/31
f 11460/16/24 11457/15/24 11456/17/24 11461/18/24
f 11459/14/25 11463/21/25 11462/20/25 11458/19/25
f 11453/12/3 11454/13/3 11459/14/3 11457/15/3
f 11456/17/4 11458/19/4 11462/20/4 11461/18/4
f 11454/13/1 11455/22/1 11463/23/1 11459/14/1
f 11469/19/31 11467/17/31 11468/15/31 11470/14/31
f 11471/16/24 11468/15/24 11467/17/24 11472/18/24
f 11470/14/25 11474/21/25 11473/20/25 11469/19/25
f 11464/12/3 11465/13/3 11470/14/3 11468/15/3
f 11467/17/4 11469/19/4 11473/20/4 11472/18/4
f 11465/13/1 11466/22/1 11474/23/1 11470/14/1
f 11478/32/30 11480/33/30 11481/25/30 11479/24/30
f 11484/23/25 11481/36/25 11480/37/25 11485/38/25
f 11479/28/24 11483/29/24 11482/30/24 11478/31/24
f 11479/24/5 11481/25/5 11476/26/5 11475/27/5
f 11482/18/4 11485/20/4 11480/34/4 11478/35/4
f 11477/22/1 11476/39/1 11481/36/1 11484/23/1
f 11489/32/30 11491/33/30 11492/25/30 11490/24/30
f 11495/23/25 11492/36/25 11491/37/25 11496/38/25
f 11490/28/24 11494/29/24 11493/30/24 11489/31/24
f 11490/24/5 11492/25/5 11487/26/5 11486/27/5
f 11493/18/4 11496/20/4 11491/34/4 11489/35/4
f 11488/22/1 11487/39/1 11492/36/1 11495/23/1
f 11518/69/4 11517/70/4 11519/71/4 11520/72/4
f 11514/73/4 11513/74/4 11515/75/4 11516/76/4
f 11510/77/4 11509/78/4 11511/79/4 11512/80/4
f 11522/81/5 11521/82/5 11509/78/5 11510/77/5
f 11523/83/3 11524/84/3 11512/80/3 11511/79/3
f 11526/85/5 11525/86/5 11513/74/5 11514/73/5
f 11527/87/3 11528/88/3 11516/76/3 11515/75/3
f 11530/89/5 11529/90/5 11517/70/5 11518/69/5
f 11531/91/3 11532/92/3 11520/72/3 11519/71/3
f 11514/73/32 11516/76/32 11528/88/32 11526/93/32
f 11518/69/32 11520/72/32 11532/92/32 11530/94/32
f 11510/77/32 11512/80/32 11524/84/32 11522/95/32
f 11529/90/33 11531/96/33 11519/71/33 11517/70/33
f 11525/86/33 11527/97/33 11515/75/33 11513/74/33
f 11521/82/33 11523/98/33 11511/79/33 11509/78/33
f 11501/99/4 11523/98/4 11521/82/4 11508/100/4
f 11499/101/4 11508/102/4 11521/103/4 11522/81/4
f 11507/104/4 11499/105/4 11522/95/4 11524/84/4
f 11523/98/4 11501/99/4 11502/106/4 11525/107/4
f 11524/108/4 11523/83/4 11525/107/4 11526/85/4
f 11507/104/4 11524/108/4 11526/93/4 11506/109/4
f 11503/110/4 11527/97/4 11525/86/4 11502/106/4
f 11505/111/4 11506/109/4 11526/93/4 11528/88/4
f 11527/97/4 11503/110/4 11504/112/4 11529/113/4
f 11528/114/4 11527/87/4 11529/113/4 11530/89/4
f 11505/111/4 11528/114/4 11530/94/4 11500/115/4
f 11498/116/4 11531/96/4 11529/90/4 11504/112/4
f 11500/115/4 11530/94/4 11532/92/4 11497/117/4
f 11532/118/4 11531/91/4 11498/119/4 11497/120/4
f 11533/12/3 11534/13/3 11537/14/3 11535/15/3
f 11538/16/24 11535/15/24 11536/17/24 11539/18/24
f 11542/19/31 11536/17/31 11535/15/31 11537/14/31
f 11536/17/4 11542/19/4 11540/20/4 11539/18/4
f 11537/14/25 11541/21/25 11540/20/25 11542/19/25
f 11534/13/1 11543/22/1 11541/23/1 11537/14/1
f 11546/24/5 11548/25/5 11545/26/5 11544/27/5
f 11546/28/24 11549/29/24 11550/30/24 11547/31/24
f 11547/32/30 11553/33/30 11548/25/30 11546/24/30
f 11550/18/4 11551/20/4 11553/34/4 11547/35/4
f 11552/23/25 11548/36/25 11553/37/25 11551/38/25
f 11554/22/1 11545/39/1 11548/36/1 11552/23/1
f 11555/12/3 11556/13/3 11559/14/3 11557/15/3
f 11560/16/24 11557/15/24 11558/17/24 11561/18/24
f 11564/19/31 11558/17/31 11557/15/31 11559/14/31
f 11558/17/4 11564/19/4 11562/20/4 11561/18/4
f 11559/14/25 11563/21/25 11562/20/25 11564/19/25
f 11556/13/1 11565/22/1 11563/23/1 11559/14/1
f 11568/24/5 11570/25/5 11567/26/5 11566/27/5
f 11568/28/24 11571/29/24 11572/30/24 11569/31/24
f 11569/32/30 11575/33/30 11570/25/30 11568/24/30
f 11572/18/4 11573/20/4 11575/34/4 11569/35/4
f 11574/23/25 11570/36/25 11575/37/25 11573/38/25
f 11576/22/1 11567/39/1 11570/36/1 11574/23/1
f 11579/24/5 11581/25/5 11578/26/5 11577/27/5
f 11579/41/24 11582/15/24 11583/42/24 11580/35/24
f 11580/35/30 11588/34/30 11581/40/30 11579/41/30
f 11587/19/31 11583/42/31 11582/15/31 11584/14/31
f 11585/12/3 11586/13/3 11584/14/3 11582/15/3
f 11586/13/1 11578/39/1 11581/36/1 11584/14/1
f 11584/14/25 11581/40/25 11588/34/25 11587/19/25
f 11583/42/4 11587/19/4 11588/34/4 11580/35/4
f 11591/24/5 11593/25/5 11590/26/5 11589/27/5
f 11591/41/24 11594/15/24 11595/42/24 11592/35/24
f 11592/35/30 11600/34/30 11593/40/30 11591/41/30
f 11599/19/31 11595/42/31 11594/15/31 11596/14/31
f 11597/12/3 11598/13/3 11596/14/3 11594/15/3
f 11598/13/1 11590/39/1 11593/36/1 11596/14/1
f 11596/14/25 11593/40/25 11600/34/25 11599/19/25
f 11595/42/4 11599/19/4 11600/34/4 11592/35/4
f 11603/24/5 11605/25/5 11602/26/5 11601/27/5
f 11603/41/24 11606/15/24 11607/42/24 11604/35/24
f 11604/35/30 11612/34/30 11605/40/30 11603/41/30
f 11611/19/31 11607/42/31 11606/15/31 11608/14/31
f 11609/12/3 11610/13/3 11608/14/3 11606/15/3
f 11610/13/1 11602/39/1 11605/36/1 11608/14/1
f 11608/14/25 11605/40/25 11612/34/25 11611/19/25
f 11607/42/4 11611/19/4 11612/34/4 11604/35/4
f 11615/24/5 11617/25/5 11614/26/5 11613/27/5
f 11615/41/24 11618/15/24 11619/42/24 11616/35/24
f 11616/35/30 11624/34/30 11617/40/30 11615/41/30
f 11623/19/31 11619/42/31 11618/15/31 11620/14/31
f 11621/12/3 11622/13/3 11620/14/3 11618/15/3
f 11622/13/1 11614/39/1 11617/36/1 11620/14/1
f 11620/14/25 11617/40/25 11624/34/25 11623/19/25
f 11619/42/4 11623/19/4 11624/34/4 11616/35/4
f 11731/121/19 11724/122/19 11628/8/19 11727/123/19
f 11633/35/30 11635/34/30 11636/40/30 11634/41/30
f 11639/19/31 11637/42/31 11638/15/31 11640/14/31
f 11634/41/24 11638/15/24 11637/42/24 11633/35/24
f 11640/14/25 11636/40/25 11635/34/25 11639/19/25
f 11634/24/5 11636/25/5 11630/26/5 11629/27/5
f 11637/42/4 11639/19/4 11635/34/4 11633/35/4
f 11632/13/1 11630/39/1 11636/36/1 11640/14/1
f 11631/12/3 11632/13/3 11640/14/3 11638/15/3
f 11645/35/30 11647/34/30 11648/40/30 11646/41/30
f 11651/19/31 11649/42/31 11650/15/31 11652/14/31
f 11646/41/24 11650/15/24 11649/42/24 11645/35/24
f 11652/14/25 11648/40/25 11647/34/25 11651/19/25
f 11646/24/5 11648/25/5 11642/26/5 11641/27/5
f 11649/42/4 11651/19/4 11647/34/4 11645/35/4
f 11644/13/1 11642/39/1 11648/36/1 11652/14/1
f 11643/12/3 11644/13/3 11652/14/3 11650/15/3
f 11657/35/30 11659/34/30 11660/40/30 11658/41/30
f 11663/19/31 11661/42/31 11662/15/31 11664/14/31
f 11658/41/24 11662/15/24 11661/42/24 11657/35/24
f 11664/14/25 11660/40/25 11659/34/25 11663/19/25
f 11658/24/5 11660/25/5 11654/26/5 11653/27/5
f 11661/42/4 11663/19/4 11659/34/4 11657/35/4
f 11656/13/1 11654/39/1 11660/36/1 11664/14/1
f 11655/12/3 11656/13/3 11664/14/3 11662/15/3
f 11669/35/30 11671/34/30 11672/40/30 11670/41/30
f 11675/19/31 11673/42/31 11674/15/31 11676/14/31
f 11670/41/24 11674/15/24 11673/42/24 11669/35/24
f 11676/14/25 11672/40/25 11671/34/25 11675/19/25
f 11670/24/5 11672/25/5 11666/26/5 11665/27/5
f 11673/42/4 11675/19/4 11671/34/4 11669/35/4
f 11668/13/1 11666/39/1 11672/36/1 11676/14/1
f 11667/12/3 11668/13/3 11676/14/3 11674/15/3
f 11682/19/31 11680/17/31 11681/15/31 11683/14/31
f 11684/16/24 11681/15/24 11680/17/24 11685/18/24
f 11683/14/25 11687/21/25 11686/20/25 11682/19/25
f 11677/12/3 11678/13/3 11683/14/3 11681/15/3
f 11680/17/4 11682/19/4 11686/20/4 11685/18/4
f 11678/13/1 11679/22/1 11687/23/1 11683/14/1
f 11693/19/31 11691/17/31 11692/15/31 11694/14/31
f 11695/16/24 11692/15/24 11691/17/24 11696/18/24
f 11694/14/25 11698/21/25 11697/20/25 11693/19/25
f 11688/12/3 11689/13/3 11694/14/3 11692/15/3
f 11691/17/4 11693/19/4 11697/20/4 11696/18/4
f 11689/13/1 11690/22/1 11698/23/1 11694/14/1
f 11702/32/30 11704/33/30 11705/25/30 11703/24/30
f 11708/23/25 11705/36/25 11704/37/25 11709/38/25
f 11703/28/24 11707/29/24 11706/30/24 11702/31/24
f 11703/24/5 11705/25/5 11700/26/5 11699/27/5
f 11706/18/4 11709/20/4 11704/34/4 11702/35/4
f 11701/22/1 11700/39/1 11705/36/1 11708/23/1
f 11713/32/30 11715/33/30 11716/25/30 11714/24/30
f 11719/23/25 11716/36/25 11715/37/25 11720/38/25
f 11714/28/24 11718/29/24 11717/30/24 11713/31/24
f 11714/24/5 11716/25/5 11711/26/5 11710/27/5
f 11717/18/4 11720/20/4 11715/34/4 11713/35/4
f 11712/22/1 11711/39/1 11716/36/1 11719/23/1
f 11726/124/1 11626/2/1 11723/125/1 11729/126/1
f 11722/127/4 11730/111/4 11732/110/4 11721/128/4
f 11732/110/3 11730/111/3 11734/111/3 11736/110/3
f 11731/121/19 11732/110/19 11736/110/19 11735/121/19
f 11729/126/4 11723/125/4 11724/122/4 11731/121/4
f 11730/111/1 11729/126/1 11733/126/1 11734/111/1
f 11731/121/5 11735/121/5 11733/126/5 11729/126/5
f 11734/111/4 11733/126/4 11735/121/4 11736/110/4
f 11625/1/4 11725/129/4 11730/111/4 11722/127/4
f 11725/129/4 11726/124/4 11729/126/4 11730/111/4
f 11721/128/4 11732/110/4 11728/130/4 11627/9/4
f 11732/110/4 11731/121/4 11727/123/4 11728/130/4
f 11843/121/19 11836/122/19 11740/8/19 11839/123/19
f 11745/35/30 11747/34/30 11748/40/30 11746/41/30
f 11751/19/31 11749/42/31 11750/15/31 11752/14/31
f 11746/41/24 11750/15/24 11749/42/24 11745/35/24
f 11752/14/25 11748/40/25 11747/34/25 11751/19/25
f 11746/24/5 11748/25/5 11742/26/5 11741/27/5
f 11749/42/4 11751/19/4 11747/34/4 11745/35/4
f 11744/13/1 11742/39/1 11748/36/1 11752/14/1
f 11743/12/3 11744/13/3 11752/14/3 11750/15/3
f 11757/35/30 11759/34/30 11760/40/30 11758/41/30
f 11763/19/31 11761/42/31 11762/15/31 11764/14/31
f 11758/41/24 11762/15/24 11761/42/24 11757/35/24
f 11764/14/25 11760/40/25 11759/34/25 11763/19/25
f 11758/24/5 11760/25/5 11754/26/5 11753/27/5
f 11761/42/4 11763/19/4 11759/34/4 11757/35/4
f 11756/13/1 11754/39/1 11760/36/1 11764/14/1
f 11755/12/3 11756/13/3 11764/14/3 11762/15/3
f 11769/35/30 11771/34/30 11772/40/30 11770/41/30
f 11775/19/31 11773/42/31 11774/15/31 11776/14/31
f 11770/41/24 11774/15/24 11773/42/24 11769/35/24
f 11776/14/25 11772/40/25 11771/34/25 11775/19/25
f 11770/24/5 11772/25/5 11766/26/5 11765/27/5
f 11773/42/4 11775/19/4 11771/34/4 11769/35/4
f 11768/13/1 11766/39/1 11772/36/1 11776/14/1
f 11767/12/3 11768/13/3 11776/14/3 11774/15/3
f 11781/35/30 11783/34/30 11784/40/30 11782/41/30
f 11787/19/31 11785/42/31 11786/15/31 11788/14/31
f 11782/41/24 11786/15/24 11785/42/24 11781/35/24
f 11788/14/25 11784/40/25 11783/34/25 11787/19/25
f 11782/24/5 11784/25/5 11778/26/5 11777/27/5
f 11785/42/4 11787/19/4 11783/34/4 11781/35/4
f 11780/13/1 11778/39/1 11784/36/1 11788/14/1
f 11779/12/3 11780/13/3 11788/14/3 11786/15/3
f 11794/19/31 11792/17/31 11793/15/31 11795/14/31
f 11796/16/24 11793/15/24 11792/17/24 11797/18/24
f 11795/14/25 11799/21/25 11798/20/25 11794/19/25
f 11789/12/3 11790/13/3 11795/14/3 11793/15/3
f 11792/17/4 11794/19/4 11798/20/4 11797/18/4
f 11790/13/1 11791/22/1 11799/23/1 11795/14/1
f 11805/19/31 11803/17/31 11804/15/31 11806/14/31
f 11807/16/24 11804/15/24 11803/17/24 11808/18/24
f 11806/14/25 11810/21/25 11809/20/25 11805/19/25
f 11800/12/3 11801/13/3 11806/14/3 11804/15/3
f 11803/17/4 11805/19/4 11809/20/4 11808/18/4
f 11801/13/1 11802/22/1 11810/23/1 11806/14/1
f 11814/32/30 11816/33/30 11817/25/30 11815/24/30
f 11820/23/25 11817/36/25 11816/37/25 11821/38/25
f 11815/28/24 11819/29/24 11818/30/24 11814/31/24
f 11815/24/5 11817/25/5 11812/26/5 11811/27/5
f 11818/18/4 11821/20/4 11816/34/4 11814/35/4
f 11813/22/1 11812/39/1 11817/36/1 11820/23/1
f 11825/32/30 11827/33/30 11828/25/30 11826/24/30
f 11831/23/25 11828/36/25 11827/37/25 11832/38/25
f 11826/28/24 11830/29/24 11829/30/24 11825/31/24
f 11826/24/5 11828/25/5 11823/26/5 11822/27/5
f 11829/18/4 11832/20/4 11827/34/4 11825/35/4
f 11824/22/1 11823/39/1 11828/36/1 11831/23/1
f 11838/124/1 11738/2/1 11835/125/1 11841/126/1
f 11834/127/4 11842/111/4 11844/110/4 11833/128/4
f 11844/110/3 11842/111/3 11846/111/3 11848/110/3
f 11843/121/19 11844/110/19 11848/110/19 11847/121/19
f 11841/126/4 11835/125/4 11836/122/4 11843/121/4
f 11842/111/1 11841/126/1 11845/126/1 11846/111/1
f 11843/121/5 11847/121/5 11845/126/5 11841/126/5
f 11846/111/4 11845/126/4 11847/121/4 11848/110/4
f 11737/1/4 11837/129/4 11842/111/4 11834/127/4
f 11837/129/4 11838/124/4 11841/126/4 11842/111/4
f 11833/128/4 11844/110/4 11840/130/4 11739/9/4
f 11844/110/4 11843/121/4 11839/123/4 11840/130/4
f 11849/1/4 11850/2/4 11852/8/4 11851/9/4
f 11857/35/30 11859/34/30 11860/40/30 11858/41/30
f 11863/19/31 11861/42/31 11862/15/31 11864/14/31
f 11858/41/24 11862/15/24 11861/42/24 11857/35/24
f 11864/14/25 11860/40/25 11859/34/25 11863/19/25
f 11858/24/5 11860/25/5 11854/26/5 11853/27/5
f 11861/42/4 11863/19/4 11859/34/4 11857/35/4
f 11856/13/1 11854/39/1 11860/36/1 11864/14/1
f 11855/12/3 11856/13/3 11864/14/3 11862/15/3
f 11869/35/30 11871/34/30 11872/40/30 11870/41/30
f 11875/19/31 11873/42/31 11874/15/31 11876/14/31
f 11870/41/24 11874/15/24 11873/42/24 11869/35/24
f 11876/14/25 11872/40/25 11871/34/25 11875/19/25
f 11870/24/5 11872/25/5 11866/26/5 11865/27/5
f 11873/42/4 11875/19/4 11871/34/4 11869/35/4
f 11868/13/1 11866/39/1 11872/36/1 11876/14/1
f 11867/12/3 11868/13/3 11876/14/3 11874/15/3
f 11881/35/30 11883/34/30 11884/40/30 11882/41/30
f 11887/19/31 11885/42/31 11886/15/31 11888/14/31
f 11882/41/24 11886/15/24 11885/42/24 11881/35/24
f 11888/14/25 11884/40/25 11883/34/25 11887/19/25
f 11882/24/5 11884/25/5 11878/26/5 11877/27/5
f 11885/42/4 11887/19/4 11883/34/4 11881/35/4
f 11880/13/1 11878/39/1 11884/36/1 11888/14/1
f 11879/12/3 11880/13/3 11888/14/3 11886/15/3
f 11893/35/30 11895/34/30 11896/40/30 11894/41/30
f 11899/19/31 11897/42/31 11898/15/31 11900/14/31
f 11894/41/24 11898/15/24 11897/42/24 11893/35/24
f 11900/14/25 11896/40/25 11895/34/25 11899/19/25
f 11894/24/5 11896/25/5 11890/26/5 11889/27/5
f 11897/42/4 11899/19/4 11895/34/4 11893/35/4
f 11892/13/1 11890/39/1 11896/36/1 11900/14/1
f 11891/12/3 11892/13/3 11900/14/3 11898/15/3
f 11906/19/31 11904/17/31 11905/15/31 11907/14/31
f 11908/16/24 11905/15/24 11904/17/24 11909/18/24
f 11907/14/25 11911/21/25 11910/20/25 11906/19/25
f 11901/12/3 11902/13/3 11907/14/3 11905/15/3
f 11904/17/4 11906/19/4 11910/20/4 11909/18/4
f 11902/13/1 11903/22/1 11911/23/1 11907/14/1
f 11917/19/31 11915/17/31 11916/15/31 11918/14/31
f 11919/16/24 11916/15/24 11915/17/24 11920/18/24
f 11918/14/25 11922/21/25 11921/20/25 11917/19/25
f 11912/12/3 11913/13/3 11918/14/3 11916/15/3
f 11915/17/4 11917/19/4 11921/20/4 11920/18/4
f 11913/13/1 11914/22/1 11922/23/1 11918/14/1
f 11926/32/30 11928/33/30 11929/25/30 11927/24/30
f 11932/23/25 11929/36/25 11928/37/25 11933/38/25
f 11927/28/24 11931/29/24 11930/30/24 11926/31/24
f 11927/24/5 11929/25/5 11924/26/5 11923/27/5
f 11930/18/4 11933/20/4 11928/34/4 11926/35/4
f 11925/22/1 11924/39/1 11929/36/1 11932/23/1
f 11937/32/30 11939/33/30 11940/25/30 11938/24/30
f 11943/23/25 11940/36/25 11939/37/25 11944/38/25
f 11938/28/24 11942/29/24 11941/30/24 11937/31/24
f 11938/24/5 11940/25/5 11935/26/5 11934/27/5
f 11941/18/4 11944/20/4 11939/34/4 11937/35/4
f 11936/22/1 11935/39/1 11940/36/1 11943/23/1
f 11966/69/4 11965/70/4 11967/71/4 11968/72/4
f 11962/73/4 11961/74/4 11963/75/4 11964/76/4
f 11958/77/4 11957/78/4 11959/79/4 11960/80/4
f 11970/81/5 11969/82/5 11957/78/5 11958/77/5
f 11971/83/3 11972/84/3 11960/80/3 11959/79/3
f 11974/85/5 11973/86/5 11961/74/5 11962/73/5
f 11975/87/3 11976/88/3 11964/76/3 11963/75/3
f 11978/89/5 11977/90/5 11965/70/5 11966/69/5
f 11979/91/3 11980/92/3 11968/72/3 11967/71/3
f 11962/73/32 11964/76/32 11976/88/32 11974/93/32
f 11966/69/32 11968/72/32 11980/92/32 11978/94/32
f 11958/77/32 11960/80/32 11972/84/32 11970/95/32
f 11977/90/33 11979/96/33 11967/71/33 11965/70/33
f 11973/86/33 11975/97/33 11963/75/33 11961/74/33
f 11969/82/33 11971/98/33 11959/79/33 11957/78/33
f 11949/99/4 11971/98/4 11969/82/4 11956/100/4
f 11947/101/4 11956/102/4 11969/103/4 11970/81/4
f 11955/104/4 11947/105/4 11970/95/4 11972/84/4
f 11971/98/4 11949/99/4 11950/106/4 11973/107/4
f 11972/108/4 11971/83/4 11973/107/4 11974/85/4
f 11955/104/4 11972/108/4 11974/93/4 11954/109/4
f 11951/110/4 11975/97/4 11973/86/4 11950/106/4
f 11953/111/4 11954/109/4 11974/93/4 11976/88/4
f 11975/97/4 11951/110/4 11952/112/4 11977/113/4
f 11976/114/4 11975/87/4 11977/113/4 11978/89/4
f 11953/111/4 11976/114/4 11978/94/4 11948/115/4
f 11946/116/4 11979/96/4 11977/90/4 11952/112/4
f 11948/115/4 11978/94/4 11980/92/4 11945/117/4
f 11980/118/4 11979/91/4 11946/119/4 11945/120/4
f 11981/12/3 11982/13/3 11985/14/3 11983/15/3
f 11986/16/24 11983/15/24 11984/17/24 11987/18/24
f 11990/19/31 11984/17/31 11983/15/31 11985/14/31
f 11984/17/4 11990/19/4 11988/20/4 11987/18/4
f 11985/14/25 11989/21/25 11988/20/25 11990/19/25
f 11982/13/1 11991/22/1 11989/23/1 11985/14/1
f 11994/24/5 11996/25/5 11993/26/5 11992/27/5
f 11994/28/24 11997/29/24 11998/30/24 11995/31/24
f 11995/32/30 12001/33/30 11996/25/30 11994/24/30
f 11998/18/4 11999/20/4 12001/34/4 11995/35/4
f 12000/23/25 11996/36/25 12001/37/25 11999/38/25
f 12002/22/1 11993/39/1 11996/36/1 12000/23/1
f 12003/12/3 12004/13/3 12007/14/3 12005/15/3
f 12008/16/24 12005/15/24 12006/17/24 12009/18/24
f 12012/19/31 12006/17/31 12005/15/31 12007/14/31
f 12006/17/4 12012/19/4 12010/20/4 12009/18/4
f 12007/14/25 12011/21/25 12010/20/25 12012/19/25
f 12004/13/1 12013/22/1 12011/23/1 12007/14/1
f 12016/24/5 12018/25/5 12015/26/5 12014/27/5
f 12016/28/24 12019/29/24 12020/30/24 12017/31/24
f 12017/32/30 12023/33/30 12018/25/30 12016/24/30
f 12020/18/4 12021/20/4 12023/34/4 12017/35/4
f 12022/23/25 12018/36/25 12023/37/25 12021/38/25
f 12024/22/1 12015/39/1 12018/36/1 12022/23/1
f 12027/24/5 12029/25/5 12026/26/5 12025/27/5
f 12027/41/24 12030/15/24 12031/42/24 12028/35/24
f 12028/35/30 12036/34/30 12029/40/30 12027/41/30
f 12035/19/31 12031/42/31 12030/15/31 12032/14/31
f 12033/12/3 12034/13/3 12032/14/3 12030/15/3
f 12034/13/1 12026/39/1 12029/36/1 12032/14/1
f 12032/14/25 12029/40/25 12036/34/25 12035/19/25
f 12031/42/4 12035/19/4 12036/34/4 12028/35/4
f 12039/24/5 12041/25/5 12038/26/5 12037/27/5
f 12039/41/24 12042/15/24 12043/42/24 12040/35/24
f 12040/35/30 12048/34/30 12041/40/30 12039/41/30
f 12047/19/31 12043/42/31 12042/15/31 12044/14/31
f 12045/12/3 12046/13/3 12044/14/3 12042/15/3
f 12046/13/1 12038/39/1 12041/36/1 12044/14/1
f 12044/14/25 12041/40/25 12048/34/25 12047/19/25
f 12043/42/4 12047/19/4 12048/34/4 12040/35/4
f 12051/24/5 12053/25/5 12050/26/5 12049/27/5
f 12051/41/24 12054/15/24 12055/42/24 12052/35/24
f 12052/35/30 12060/34/30 12053/40/30 12051/41/30
f 12059/19/31 12055/42/31 12054/15/31 12056/14/31
f 12057/12/3 12058/13/3 12056/14/3 12054/15/3
f 12058/13/1 12050/39/1 12053/36/1 12056/14/1
f 12056/14/25 12053/40/25 12060/34/25 12059/19/25
f 12055/42/4 12059/19/4 12060/34/4 12052/35/4
f 12063/24/5 12065/25/5 12062/26/5 12061/27/5
f 12063/41/24 12066/15/24 12067/42/24 12064/35/24
f 12064/35/30 12072/34/30 12065/40/30 12063/41/30
f 12071/19/31 12067/42/31 12066/15/31 12068/14/31
f 12069/12/3 12070/13/3 12068/14/3 12066/15/3
f 12070/13/1 12062/39/1 12065/36/1 12068/14/1
f 12068/14/25 12065/40/25 12072/34/25 12071/19/25
f 12067/42/4 12071/19/4 12072/34/4 12064/35/4
f 12094/69/4 12093/70/4 12095/71/4 12096/72/4
f 12090/73/4 12089/74/4 12091/75/4 12092/76/4
f 12086/77/4 12085/78/4 12087/79/4 12088/80/4
f 12098/81/5 12097/82/5 12085/78/5 12086/77/5
f 12099/83/3 12100/84/3 12088/80/3 12087/79/3
f 12102/85/5 12101/86/5 12089/74/5 12090/73/5
f 12103/87/3 12104/88/3 12092/76/3 12091/75/3
f 12106/89/5 12105/90/5 12093/70/5 12094/69/5
f 12107/91/3 12108/92/3 12096/72/3 12095/71/3
f 12090/73/32 12092/76/32 12104/88/32 12102/93/32
f 12094/69/32 12096/72/32 12108/92/32 12106/94/32
f 12086/77/32 12088/80/32 12100/84/32 12098/95/32
f 12105/90/33 12107/96/33 12095/71/33 12093/70/33
f 12101/86/33 12103/97/33 12091/75/33 12089/74/33
f 12097/82/33 12099/98/33 12087/79/33 12085/78/33
f 12077/99/4 12099/98/4 12097/82/4 12084/100/4
f 12075/101/4 12084/102/4 12097/103/4 12098/81/4
f 12083/104/4 12075/105/4 12098/95/4 12100/84/4
f 12099/98/4 12077/99/4 12078/106/4 12101/107/4
f 12100/108/4 12099/83/4 12101/107/4 12102/85/4
f 12083/104/4 12100/108/4 12102/93/4 12082/109/4
f 12079/110/4 12103/97/4 12101/86/4 12078/106/4
f 12081/111/4 12082/109/4 12102/93/4 12104/88/4
f 12103/97/4 12079/110/4 12080/112/4 12105/113/4
f 12104/114/4 12103/87/4 12105/113/4 12106/89/4
f 12081/111/4 12104/114/4 12106/94/4 12076/115/4
f 12074/116/4 12107/96/4 12105/90/4 12080/112/4
f 12076/115/4 12106/94/4 12108/92/4 12073/117/4
f 12108/118/4 12107/91/4 12074/119/4 12073/120/4
f 12109/12/3 12110/13/3 12113/14/3 12111/15/3
f 12114/16/24 12111/15/24 12112/17/24 12115/18/24
f 12118/19/31 12112/17/31 12111/15/31 12113/14/31
f 12112/17/4 12118/19/4 12116/20/4 12115/18/4
f 12113/14/25 12117/21/25 12116/20/25 12118/19/25
f 12110/13/1 12119/22/1 12117/23/1 12113/14/1
f 12122/24/5 12124/25/5 12121/26/5 12120/27/5
f 12122/28/24 12125/29/24 12126/30/24 12123/31/24
f 12123/32/30 12129/33/30 12124/25/30 12122/24/30
f 12126/18/4 12127/20/4 12129/34/4 12123/35/4
f 12128/23/25 12124/36/25 12129/37/25 12127/38/25
f 12130/22/1 12121/39/1 12124/36/1 12128/23/1
f 12131/12/3 12132/13/3 12135/14/3 12133/15/3
f 12136/16/24 12133/15/24 12134/17/24 12137/18/24
f 12140/19/31 12134/17/31 12133/15/31 12135/14/31
f 12134/17/4 12140/19/4 12138/20/4 12137/18/4
f 12135/14/25 12139/21/25 12138/20/25 12140/19/25
f 12132/13/1 12141/22/1 12139/23/1 12135/14/1
f 12144/24/5 12146/25/5 12143/26/5 12142/27/5
f 12144/28/24 12147/29/24 12148/30/24 12145/31/24
f 12145/32/30 12151/33/30 12146/25/30 12144/24/30
f 12148/18/4 12149/20/4 12151/34/4 12145/35/4
f 12150/23/25 12146/36/25 12151/37/25 12149/38/25
f 12152/22/1 12143/39/1 12146/36/1 12150/23/1
f 12155/24/5 12157/25/5 12154/26/5 12153/27/5
f 12155/41/24 12158/15/24 12159/42/24 12156/35/24
f 12156/35/30 12164/34/30 12157/40/30 12155/41/30
f 12163/19/31 12159/42/31 12158/15/31 12160/14/31
f 12161/12/3 12162/13/3 12160/14/3 12158/15/3
f 12162/13/1 12154/39/1 12157/36/1 12160/14/1
f 12160/14/25 12157/40/25 12164/34/25 12163/19/25
f 12159/42/4 12163/19/4 12164/34/4 12156/35/4
f 12167/24/5 12169/25/5 12166/26/5 12165/27/5
f 12167/41/24 12170/15/24 12171/42/24 12168/35/24
f 12168/35/30 12176/34/30 12169/40/30 12167/41/30
f 12175/19/31 12171/42/31 12170/15/31 12172/14/31
f 12173/12/3 12174/13/3 12172/14/3 12170/15/3
f 12174/13/1 12166/39/1 12169/36/1 12172/14/1
f 12172/14/25 12169/40/25 12176/34/25 12175/19/25
f 12171/42/4 12175/19/4 12176/34/4 12168/35/4
f 12179/24/5 12181/25/5 12178/26/5 12177/27/5
f 12179/41/24 12182/15/24 12183/42/24 12180/35/24
f 12180/35/30 12188/34/30 12181/40/30 12179/41/30
f 12187/19/31 12183/42/31 12182/15/31 12184/14/31
f 12185/12/3 12186/13/3 12184/14/3 12182/15/3
f 12186/13/1 12178/39/1 12181/36/1 12184/14/1
f 12184/14/25 12181/40/25 12188/34/25 12187/19/25
f 12183/42/4 12187/19/4 12188/34/4 12180/35/4
f 12191/24/5 12193/25/5 12190/26/5 12189/27/5
f 12191/41/24 12194/15/24 12195/42/24 12192/35/24
f 12192/35/30 12200/34/30 12193/40/30 12191/41/30
f 12199/19/31 12195/42/31 12194/15/31 12196/14/31
f 12197/12/3 12198/13/3 12196/14/3 12194/15/3
f 12198/13/1 12190/39/1 12193/36/1 12196/14/1
f 12196/14/25 12193/40/25 12200/34/25 12199/19/25
f 12195/42/4 12199/19/4 12200/34/4 12192/35/4
f 12201/1/4 12202/2/4 12204/8/4 12203/9/4
f 12209/35/30 12211/34/30 12212/40/30 12210/41/30
f 12215/19/31 12213/42/31 12214/15/31 12216/14/31
f 12210/41/24 12214/15/24 12213/42/24 12209/35/24
f 12216/14/25 12212/40/25 12211/34/25 12215/19/25
f 12210/24/5 12212/25/5 12206/26/5 12205/27/5
f 12213/42/4 12215/19/4 12211/34/4 12209/35/4
f 12208/13/1 12206/39/1 12212/36/1 12216/14/1
f 12207/12/3 12208/13/3 12216/14/3 12214/15/3
f 12221/35/30 12223/34/30 12224/40/30 12222/41/30
f 12227/19/31 12225/42/31 12226/15/31 12228/14/31
f 12222/41/24 12226/15/24 12225/42/24 12221/35/24
f 12228/14/25 12224/40/25 12223/34/25 12227/19/25
f 12222/24/5 12224/25/5 12218/26/5 12217/27/5
f 12225/42/4 12227/19/4 12223/34/4 12221/35/4
f 12220/13/1 12218/39/1 12224/36/1 12228/14/1
f 12219/12/3 12220/13/3 12228/14/3 12226/15/3
f 12233/35/30 12235/34/30 12236/40/30 12234/41/30
f 12239/19/31 12237/42/31 12238/15/31 12240/14/31
f 12234/41/24 12238/15/24 12237/42/24 12233/35/24
f 12240/14/25 12236/40/25 12235/34/25 12239/19/25
f 12234/24/5 12236/25/5 12230/26/5 12229/27/5
f 12237/42/4 12239/19/4 12235/34/4 12233/35/4
f 12232/13/1 12230/39/1 12236/36/1 12240/14/1
f 12231/12/3 12232/13/3 12240/14/3 12238/15/3
f 12245/35/30 12247/34/30 12248/40/30 12246/41/30
f 12251/19/31 12249/42/31 12250/15/31 12252/14/31
f 12246/41/24 12250/15/24 12249/42/24 12245/35/24
f 12252/14/25 12248/40/25 12247/34/25 12251/19/25
f 12246/24/5 12248/25/5 12242/26/5 12241/27/5
f 12249/42/4 12251/19/4 12247/34/4 12245/35/4
f 12244/13/1 12242/39/1 12248/36/1 12252/14/1
f 12243/12/3 12244/13/3 12252/14/3 12250/15/3
f 12258/19/31 12256/17/31 12257/15/31 12259/14/31
f 12260/16/24 12257/15/24 12256/17/24 12261/18/24
f 12259/14/25 12263/21/25 12262/20/25 12258/19/25
f 12253/12/3 12254/13/3 12259/14/3 12257/15/3
f 12256/17/4 12258/19/4 12262/20/4 12261/18/4
f 12254/13/1 12255/22/1 12263/23/1 12259/14/1
f 12269/19/31 12267/17/31 12268/15/31 12270/14/31
f 12271/16/24 12268/15/24 12267/17/24 12272/18/24
f 12270/14/25 12274/21/25 12273/20/25 12269/19/25
f 12264/12/3 12265/13/3 12270/14/3 12268/15/3
f 12267/17/4 12269/19/4 12273/20/4 12272/18/4
f 12265/13/1 12266/22/1 12274/23/1 12270/14/1
f 12278/32/30 12280/33/30 12281/25/30 12279/24/30
f 12284/23/25 12281/36/25 12280/37/25 12285/38/25
f 12279/28/24 12283/29/24 12282/30/24 12278/31/24
f 12279/24/5 12281/25/5 12276/26/5 12275/27/5
f 12282/18/4 12285/20/4 12280/34/4 12278/35/4
f 12277/22/1 12276/39/1 12281/36/1 12284/23/1
f 12289/32/30 12291/33/30 12292/25/30 12290/24/30
f 12295/23/25 12292/36/25 12291/37/25 12296/38/25
f 12290/28/24 12294/29/24 12293/30/24 12289/31/24
f 12290/24/5 12292/25/5 12287/26/5 12286/27/5
f 12293/18/4 12296/20/4 12291/34/4 12289/35/4
f 12288/22/1 12287/39/1 12292/36/1 12295/23/1
f 12297/1/4 12298/2/4 12300/8/4 12299/9/4
f 12305/35/30 12307/34/30 12308/40/30 12306/41/30
f 12311/19/31 12309/42/31 12310/15/31 12312/14/31
f 12306/41/24 12310/15/24 12309/42/24 12305/35/24
f 12312/14/25 12308/40/25 12307/34/25 12311/19/25
f 12306/24/5 12308/25/5 12302/26/5 12301/27/5
f 12309/42/4 12311/19/4 12307/34/4 12305/35/4
f 12304/13/1 12302/39/1 12308/36/1 12312/14/1
f 12303/12/3 12304/13/3 12312/14/3 12310/15/3
f 12317/35/30 12319/34/30 12320/40/30 12318/41/30
f 12323/19/31 12321/42/31 12322/15/31 12324/14/31
f 12318/41/24 12322/15/24 12321/42/24 12317/35/24
f 12324/14/25 12320/40/25 12319/34/25 12323/19/25
f 12318/24/5 12320/25/5 12314/26/5 12313/27/5
f 12321/42/4 12323/19/4 12319/34/4 12317/35/4
f 12316/13/1 12314/39/1 12320/36/1 12324/14/1
f 12315/12/3 12316/13/3 12324/14/3 12322/15/3
f 12329/35/30 12331/34/30 12332/40/30 12330/41/30
f 12335/19/31 12333/42/31 12334/15/31 12336/14/31
f 12330/41/24 12334/15/24 12333/42/24 12329/35/24
f 12336/14/25 12332/40/25 12331/34/25 12335/19/25
f 12330/24/5 12332/25/5 12326/26/5 12325/27/5
f 12333/42/4 12335/19/4 12331/34/4 12329/35/4
f 12328/13/1 12326/39/1 12332/36/1 12336/14/1
f 12327/12/3 12328/13/3 12336/14/3 12334/15/3
f 12341/35/30 12343/34/30 12344/40/30 12342/41/30
f 12347/19/31 12345/42/31 12346/15/31 12348/14/31
f 12342/41/24 12346/15/24 12345/42/24 12341/35/24
f 12348/14/25 12344/40/25 12343/34/25 12347/19/25
f 12342/24/5 12344/25/5 12338/26/5 12337/27/5
f 12345/42/4 12347/19/4 12343/34/4 12341/35/4
f 12340/13/1 12338/39/1 12344/36/1 12348/14/1
f 12339/12/3 12340/13/3 12348/14/3 12346/15/3
f 12354/19/31 12352/17/31 12353/15/31 12355/14/31
f 12356/16/24 12353/15/24 12352/17/24 12357/18/24
f 12355/14/25 12359/21/25 12358/20/25 12354/19/25
f 12349/12/3 12350/13/3 12355/14/3 12353/15/3
f 12352/17/4 12354/19/4 12358/20/4 12357/18/4
f 12350/13/1 12351/22/1 12359/23/1 12355/14/1
f 12365/19/31 12363/17/31 12364/15/31 12366/14/31
f 12367/16/24 12364/15/24 12363/17/24 12368/18/24
f 12366/14/25 12370/21/25 12369/20/25 12365/19/25
f 12360/12/3 12361/13/3 12366/14/3 12364/15/3
f 12363/17/4 12365/19/4 12369/20/4 12368/18/4
f 12361/13/1 12362/22/1 12370/23/1 12366/14/1
f 12374/32/30 12376/33/30 12377/25/30 12375/24/30
f 12380/23/25 12377/36/25 12376/37/25 12381/38/25
f 12375/28/24 12379/29/24 12378/30/24 12374/31/24
f 12375/24/5 12377/25/5 12372/26/5 12371/27/5
f 12378/18/4 12381/20/4 12376/34/4 12374/35/4
f 12373/22/1 12372/39/1 12377/36/1 12380/23/1
f 12385/32/30 12387/33/30 12388/25/30 12386/24/30
f 12391/23/25 12388/36/25 12387/37/25 12392/38/25
f 12386/28/24 12390/29/24 12389/30/24 12385/31/24
f 12386/24/5 12388/25/5 12383/26/5 12382/27/5
f 12389/18/4 12392/20/4 12387/34/4 12385/35/4
f 12384/22/1 12383/39/1 12388/36/1 12391/23/1
f 12499/121/4 12492/122/4 12396/8/4 12495/123/4
f 12401/35/30 12403/34/30 12404/40/30 12402/41/30
f 12407/19/31 12405/42/31 12406/15/31 12408/14/31
f 12402/41/24 12406/15/24 12405/42/24 12401/35/24
f 12408/14/25 12404/40/25 12403/34/25 12407/19/25
f 12402/24/5 12404/25/5 12398/26/5 12397/27/5
f 12405/42/4 12407/19/4 12403/34/4 12401/35/4
f 12400/13/1 12398/39/1 12404/36/1 12408/14/1
f 12399/12/3 12400/13/3 12408/14/3 12406/15/3
f 12413/35/30 12415/34/30 12416/40/30 12414/41/30
f 12419/19/31 12417/42/31 12418/15/31 12420/14/31
f 12414/41/24 12418/15/24 12417/42/24 12413/35/24
f 12420/14/25 12416/40/25 12415/34/25 12419/19/25
f 12414/24/5 12416/25/5 12410/26/5 12409/27/5
f 12417/42/4 12419/19/4 12415/34/4 12413/35/4
f 12412/13/1 12410/39/1 12416/36/1 12420/14/1
f 12411/12/3 12412/13/3 12420/14/3 12418/15/3
f 12425/35/30 12427/34/30 12428/40/30 12426/41/30
f 12431/19/31 12429/42/31 12430/15/31 12432/14/31
f 12426/41/24 12430/15/24 12429/42/24 12425/35/24
f 12432/14/25 12428/40/25 12427/34/25 12431/19/25
f 12426/24/5 12428/25/5 12422/26/5 12421/27/5
f 12429/42/4 12431/19/4 12427/34/4 12425/35/4
f 12424/13/1 12422/39/1 12428/36/1 12432/14/1
f 12423/12/3 12424/13/3 12432/14/3 12430/15/3
f 12437/35/30 12439/34/30 12440/40/30 12438/41/30
f 12443/19/31 12441/42/31 12442/15/31 12444/14/31
f 12438/41/24 12442/15/24 12441/42/24 12437/35/24
f 12444/14/25 12440/40/25 12439/34/25 12443/19/25
f 12438/24/5 12440/25/5 12434/26/5 12433/27/5
f 12441/42/4 12443/19/4 12439/34/4 12437/35/4
f 12436/13/1 12434/39/1 12440/36/1 12444/14/1
f 12435/12/3 12436/13/3 12444/14/3 12442/15/3
f 12450/19/31 12448/17/31 12449/15/31 12451/14/31
f 12452/16/24 12449/15/24 12448/17/24 12453/18/24
f 12451/14/25 12455/21/25 12454/20/25 12450/19/25
f 12445/12/3 12446/13/3 12451/14/3 12449/15/3
f 12448/17/4 12450/19/4 12454/20/4 12453/18/4
f 12446/13/1 12447/22/1 12455/23/1 12451/14/1
f 12461/19/31 12459/17/31 12460/15/31 12462/14/31
f 12463/16/24 12460/15/24 12459/17/24 12464/18/24
f 12462/14/25 12466/21/25 12465/20/25 12461/19/25
f 12456/12/3 12457/13/3 12462/14/3 12460/15/3
f 12459/17/4 12461/19/4 12465/20/4 12464/18/4
f 12457/13/1 12458/22/1 12466/23/1 12462/14/1
f 12470/32/30 12472/33/30 12473/25/30 12471/24/30
f 12476/23/25 12473/36/25 12472/37/25 12477/38/25
f 12471/28/24 12475/29/24 12474/30/24 12470/31/24
f 12471/24/5 12473/25/5 12468/26/5 12467/27/5
f 12474/18/4 12477/20/4 12472/34/4 12470/35/4
f 12469/22/1 12468/39/1 12473/36/1 12476/23/1
f 12481/32/30 12483/33/30 12484/25/30 12482/24/30
f 12487/23/25 12484/36/25 12483/37/25 12488/38/25
f 12482/28/24 12486/29/24 12485/30/24 12481/31/24
f 12482/24/5 12484/25/5 12479/26/5 12478/27/5
f 12485/18/4 12488/20/4 12483/34/4 12481/35/4
f 12480/22/1 12479/39/1 12484/36/1 12487/23/1
f 12494/124/4 12394/2/4 12491/125/4 12497/126/4
f 12490/127/4 12498/111/4 12500/110/4 12489/128/4
f 12500/110/3 12498/111/3 12502/111/3 12504/110/3
f 12499/121/19 12500/110/19 12504/110/19 12503/121/19
f 12497/126/4 12491/125/4 12492/122/4 12499/121/4
f 12498/111/1 12497/126/1 12501/126/1 12502/111/1
f 12499/121/5 12503/121/5 12501/126/5 12497/126/5
f 12502/111/4 12501/126/4 12503/121/4 12504/110/4
f 12393/1/4 12493/129/4 12498/111/4 12490/127/4
f 12493/129/4 12494/124/4 12497/126/4 12498/111/4
f 12489/128/4 12500/110/4 12496/130/4 12395/9/4
f 12500/110/4 12499/121/4 12495/123/4 12496/130/4
f 12611/121/4 12604/122/4 12508/8/4 12607/123/4
f 12513/35/30 12515/34/30 12516/40/30 12514/41/30
f 12519/19/31 12517/42/31 12518/15/31 12520/14/31
f 12514/41/24 12518/15/24 12517/42/24 12513/35/24
f 12520/14/25 12516/40/25 12515/34/25 12519/19/25
f 12514/24/5 12516/25/5 12510/26/5 12509/27/5
f 12517/42/4 12519/19/4 12515/34/4 12513/35/4
f 12512/13/1 12510/39/1 12516/36/1 12520/14/1
f 12511/12/3 12512/13/3 12520/14/3 12518/15/3
f 12525/35/30 12527/34/30 12528/40/30 12526/41/30
f 12531/19/31 12529/42/31 12530/15/31 12532/14/31
f 12526/41/24 12530/15/24 12529/42/24 12525/35/24
f 12532/14/25 12528/40/25 12527/34/25 12531/19/25
f 12526/24/5 12528/25/5 12522/26/5 12521/27/5
f 12529/42/4 12531/19/4 12527/34/4 12525/35/4
f 12524/13/1 12522/39/1 12528/36/1 12532/14/1
f 12523/12/3 12524/13/3 12532/14/3 12530/15/3
f 12537/35/30 12539/34/30 12540/40/30 12538/41/30
f 12543/19/31 12541/42/31 12542/15/31 12544/14/31
f 12538/41/24 12542/15/24 12541/42/24 12537/35/24
f 12544/14/25 12540/40/25 12539/34/25 12543/19/25
f 12538/24/5 12540/25/5 12534/26/5 12533/27/5
f 12541/42/4 12543/19/4 12539/34/4 12537/35/4
f 12536/13/1 12534/39/1 12540/36/1 12544/14/1
f 12535/12/3 12536/13/3 12544/14/3 12542/15/3
f 12549/35/30 12551/34/30 12552/40/30 12550/41/30
f 12555/19/31 12553/42/31 12554/15/31 12556/14/31
f 12550/41/24 12554/15/24 12553/42/24 12549/35/24
f 12556/14/25 12552/40/25 12551/34/25 12555/19/25
f 12550/24/5 12552/25/5 12546/26/5 12545/27/5
f 12553/42/4 12555/19/4 12551/34/4 12549/35/4
f 12548/13/1 12546/39/1 12552/36/1 12556/14/1
f 12547/12/3 12548/13/3 12556/14/3 12554/15/3
f 12562/19/31 12560/17/31 12561/15/31 12563/14/31
f 12564/16/24 12561/15/24 12560/17/24 12565/18/24
f 12563/14/25 12567/21/25 12566/20/25 12562/19/25
f 12557/12/3 12558/13/3 12563/14/3 12561/15/3
f 12560/17/4 12562/19/4 12566/20/4 12565/18/4
f 12558/13/1 12559/22/1 12567/23/1 12563/14/1
f 12573/19/31 12571/17/31 12572/15/31 12574/14/31
f 12575/16/24 12572/15/24 12571/17/24 12576/18/24
f 12574/14/25 12578/21/25 12577/20/25 12573/19/25
f 12568/12/3 12569/13/3 12574/14/3 12572/15/3
f 12571/17/4 12573/19/4 12577/20/4 12576/18/4
f 12569/13/1 12570/22/1 12578/23/1 12574/14/1
f 12582/32/30 12584/33/30 12585/25/30 12583/24/30
f 12588/23/25 12585/36/25 12584/37/25 12589/38/25
f 12583/28/24 12587/29/24 12586/30/24 12582/31/24
f 12583/24/5 12585/25/5 12580/26/5 12579/27/5
f 12586/18/4 12589/20/4 12584/34/4 12582/35/4
f 12581/22/1 12580/39/1 12585/36/1 12588/23/1
f 12593/32/30 12595/33/30 12596/25/30 12594/24/30
f 12599/23/25 12596/36/25 12595/37/25 12600/38/25
f 12594/28/24 12598/29/24 12597/30/24 12593/31/24
f 12594/24/5 12596/25/5 12591/26/5 12590/27/5
f 12597/18/4 12600/20/4 12595/34/4 12593/35/4
f 12592/22/1 12591/39/1 12596/36/1 12599/23/1
f 12606/124/4 12506/2/4 12603/125/4 12609/126/4
f 12602/127/4 12610/111/4 12612/110/4 12601/128/4
f 12612/110/3 12610/111/3 12614/111/3 12616/110/3
f 12611/121/19 12612/110/19 12616/110/19 12615/121/19
f 12609/126/4 12603/125/4 12604/122/4 12611/121/4
f 12610/111/1 12609/126/1 12613/126/1 12614/111/1
f 12611/121/5 12615/121/5 12613/126/5 12609/126/5
f 12614/111/4 12613/126/4 12615/121/4 12616/110/4
f 12505/1/4 12605/129/4 12610/111/4 12602/127/4
f 12605/129/4 12606/124/4 12609/126/4 12610/111/4
f 12601/128/4 12612/110/4 12608/130/4 12507/9/4
f 12612/110/4 12611/121/4 12607/123/4 12608/130/4
f 12638/69/4 12637/70/4 12639/71/4 12640/72/4
f 12634/73/4 12633/74/4 12635/75/4 12636/76/4
f 12630/77/4 12629/78/4 12631/79/4 12632/80/4
f 12642/81/5 12641/82/5 12629/78/5 12630/77/5
f 12643/83/3 12644/84/3 12632/80/3 12631/79/3
f 12646/85/5 12645/86/5 12633/74/5 12634/73/5
f 12647/87/3 12648/88/3 12636/76/3 12635/75/3
f 12650/89/5 12649/90/5 12637/70/5 12638/69/5
f 12651/91/3 12652/92/3 12640/72/3 12639/71/3
f 12634/73/32 12636/76/32 12648/88/32 12646/93/32
f 12638/69/32 12640/72/32 12652/92/32 12650/94/32
f 12630/77/32 12632/80/32 12644/84/32 12642/95/32
f 12649/90/33 12651/96/33 12639/71/33 12637/70/33
f 12645/86/33 12647/97/33 12635/75/33 12633/74/33
f 12641/82/33 12643/98/33 12631/79/33 12629/78/33
f 12621/99/4 12643/98/4 12641/82/4 12628/100/4
f 12619/101/4 12628/102/4 12641/103/4 12642/81/4
f 12627/104/4 12619/105/4 12642/95/4 12644/84/4
f 12643/98/4 12621/99/4 12622/106/4 12645/107/4
f 12644/108/4 12643/83/4 12645/107/4 12646/85/4
f 12627/104/4 12644/108/4 12646/93/4 12626/109/4
f 12623/110/4 12647/97/4 12645/86/4 12622/106/4
f 12625/111/4 12626/109/4 12646/93/4 12648/88/4
f 12647/97/4 12623/110/4 12624/112/4 12649/113/4
f 12648/114/4 12647/87/4 12649/113/4 12650/89/4
f 12625/111/4 12648/114/4 12650/94/4 12620/115/4
f 12618/116/4 12651/96/4 12649/90/4 12624/112/4
f 12620/115/4 12650/94/4 12652/92/4 12617/117/4
f 12652/118/4 12651/91/4 12618/119/4 12617/120/4
f 12653/12/3 12654/13/3 12657/14/3 12655/15/3
f 12658/16/24 12655/15/24 12656/17/24 12659/18/24
f 12662/19/31 12656/17/31 12655/15/31 12657/14/31
f 12656/17/4 12662/19/4 12660/20/4 12659/18/4
f 12657/14/25 12661/21/25 12660/20/25 12662/19/25
f 12654/13/1 12663/22/1 12661/23/1 12657/14/1
f 12666/24/5 12668/25/5 12665/26/5 12664/27/5
f 12666/28/24 12669/29/24 12670/30/24 12667/31/24
f 12667/32/30 12673/33/30 12668/25/30 12666/24/30
f 12670/18/4 12671/20/4 12673/34/4 12667/35/4
f 12672/23/25 12668/36/25 12673/37/25 12671/38/25
f 12674/22/1 12665/39/1 12668/36/1 12672/23/1
f 12675/12/3 12676/13/3 12679/14/3 12677/15/3
f 12680/16/24 12677/15/24 12678/17/24 12681/18/24
f 12684/19/31 12678/17/31 12677/15/31 12679/14/31
f 12678/17/4 12684/19/4 12682/20/4 12681/18/4
f 12679/14/25 12683/21/25 12682/20/25 12684/19/25
f 12676/13/1 12685/22/1 12683/23/1 12679/14/1
f 12688/24/5 12690/25/5 12687/26/5 12686/27/5
f 12688/28/24 12691/29/24 12692/30/24 12689/31/24
f 12689/32/30 12695/33/30 12690/25/30 12688/24/30
f 12692/18/4 12693/20/4 12695/34/4 12689/35/4
f 12694/23/25 12690/36/25 12695/37/25 12693/38/25
f 12696/22/1 12687/39/1 12690/36/1 12694/23/1
f 12699/24/5 12701/25/5 12698/26/5 12697/27/5
f 12699/41/24 12702/15/24 12703/42/24 12700/35/24
f 12700/35/30 12708/34/30 12701/40/30 12699/41/30
f 12707/19/31 12703/42/31 12702/15/31 12704/14/31
f 12705/12/3 12706/13/3 12704/14/3 12702/15/3
f 12706/13/1 12698/39/1 12701/36/1 12704/14/1
f 12704/14/25 12701/40/25 12708/34/25 12707/19/25
f 12703/42/4 12707/19/4 12708/34/4 12700/35/4
f 12711/24/5 12713/25/5 12710/26/5 12709/27/5
f 12711/41/24 12714/15/24 12715/42/24 12712/35/24
f 12712/35/30 12720/34/30 12713/40/30 12711/41/30
f 12719/19/31 12715/42/31 12714/15/31 12716/14/31
f 12717/12/3 12718/13/3 12716/14/3 12714/15/3
f 12718/13/1 12710/39/1 12713/36/1 12716/14/1
f 12716/14/25 12713/40/25 12720/34/25 12719/19/25
f 12715/42/4 12719/19/4 12720/34/4 12712/35/4
f 12723/24/5 12725/25/5 12722/26/5 12721/27/5
f 12723/41/24 12726/15/24 12727/42/24 12724/35/24
f 12724/35/30 12732/34/30 12725/40/30 12723/41/30
f 12731/19/31 12727/42/31 12726/15/31 12728/14/31
f 12729/12/3 12730/13/3 12728/14/3 12726/15/3
f 12730/13/1 12722/39/1 12725/36/1 12728/14/1
f 12728/14/25 12725/40/25 12732/34/25 12731/19/25
f 12727/42/4 12731/19/4 12732/34/4 12724/35/4
f 12735/24/5 12737/25/5 12734/26/5 12733/27/5
f 12735/41/24 12738/15/24 12739/42/24 12736/35/24
f 12736/35/30 12744/34/30 12737/40/30 12735/41/30
f 12743/19/31 12739/42/31 12738/15/31 12740/14/31
f 12741/12/3 12742/13/3 12740/14/3 12738/15/3
f 12742/13/1 12734/39/1 12737/36/1 12740/14/1
f 12740/14/25 12737/40/25 12744/34/25 12743/19/25
f 12739/42/4 12743/19/4 12744/34/4 12736/35/4
f 12851/121/4 12844/122/4 12748/8/4 12847/123/4
f 12753/35/30 12755/34/30 12756/40/30 12754/41/30
f 12759/19/31 12757/42/31 12758/15/31 12760/14/31
f 12754/41/24 12758/15/24 12757/42/24 12753/35/24
f 12760/14/25 12756/40/25 12755/34/25 12759/19/25
f 12754/24/5 12756/25/5 12750/26/5 12749/27/5
f 12757/42/4 12759/19/4 12755/34/4 12753/35/4
f 12752/13/1 12750/39/1 12756/36/1 12760/14/1
f 12751/12/3 12752/13/3 12760/14/3 12758/15/3
f 12765/35/30 12767/34/30 12768/40/30 12766/41/30
f 12771/19/31 12769/42/31 12770/15/31 12772/14/31
f 12766/41/24 12770/15/24 12769/42/24 12765/35/24
f 12772/14/25 12768/40/25 12767/34/25 12771/19/25
f 12766/24/5 12768/25/5 12762/26/5 12761/27/5
f 12769/42/4 12771/19/4 12767/34/4 12765/35/4
f 12764/13/1 12762/39/1 12768/36/1 12772/14/1
f 12763/12/3 12764/13/3 12772/14/3 12770/15/3
f 12777/35/30 12779/34/30 12780/40/30 12778/41/30
f 12783/19/31 12781/42/31 12782/15/31 12784/14/31
f 12778/41/24 12782/15/24 12781/42/24 12777/35/24
f 12784/14/25 12780/40/25 12779/34/25 12783/19/25
f 12778/24/5 12780/25/5 12774/26/5 12773/27/5
f 12781/42/4 12783/19/4 12779/34/4 12777/35/4
f 12776/13/1 12774/39/1 12780/36/1 12784/14/1
f 12775/12/3 12776/13/3 12784/14/3 12782/15/3
f 12789/35/30 12791/34/30 12792/40/30 12790/41/30
f 12795/19/31 12793/42/31 12794/15/31 12796/14/31
f 12790/41/24 12794/15/24 12793/42/24 12789/35/24
f 12796/14/25 12792/40/25 12791/34/25 12795/19/25
f 12790/24/5 12792/25/5 12786/26/5 12785/27/5
f 12793/42/4 12795/19/4 12791/34/4 12789/35/4
f 12788/13/1 12786/39/1 12792/36/1 12796/14/1
f 12787/12/3 12788/13/3 12796/14/3 12794/15/3
f 12802/19/31 12800/17/31 12801/15/31 12803/14/31
f 12804/16/24 12801/15/24 12800/17/24 12805/18/24
f 12803/14/25 12807/21/25 12806/20/25 12802/19/25
f 12797/12/3 12798/13/3 12803/14/3 12801/15/3
f 12800/17/4 12802/19/4 12806/20/4 12805/18/4
f 12798/13/1 12799/22/1 12807/23/1 12803/14/1
f 12813/19/31 12811/17/31 12812/15/31 12814/14/31
f 12815/16/24 12812/15/24 12811/17/24 12816/18/24
f 12814/14/25 12818/21/25 12817/20/25 12813/19/25
f 12808/12/3 12809/13/3 12814/14/3 12812/15/3
f 12811/17/4 12813/19/4 12817/20/4 12816/18/4
f 12809/13/1 12810/22/1 12818/23/1 12814/14/1
f 12822/32/30 12824/33/30 12825/25/30 12823/24/30
f 12828/23/25 12825/36/25 12824/37/25 12829/38/25
f 12823/28/24 12827/29/24 12826/30/24 12822/31/24
f 12823/24/5 12825/25/5 12820/26/5 12819/27/5
f 12826/18/4 12829/20/4 12824/34/4 12822/35/4
f 12821/22/1 12820/39/1 12825/36/1 12828/23/1
f 12833/32/30 12835/33/30 12836/25/30 12834/24/30
f 12839/23/25 12836/36/25 12835/37/25 12840/38/25
f 12834/28/24 12838/29/24 12837/30/24 12833/31/24
f 12834/24/5 12836/25/5 12831/26/5 12830/27/5
f 12837/18/4 12840/20/4 12835/34/4 12833/35/4
f 12832/22/1 12831/39/1 12836/36/1 12839/23/1
f 12846/124/4 12746/2/4 12843/125/4 12849/126/4
f 12842/127/4 12850/111/4 12852/110/4 12841/128/4
f 12852/110/3 12850/111/3 12854/111/3 12856/110/3
f 12851/121/19 12852/110/19 12856/110/19 12855/121/19
f 12849/126/4 12843/125/4 12844/122/4 12851/121/4
f 12850/111/1 12849/126/1 12853/126/1 12854/111/1
f 12851/121/5 12855/121/5 12853/126/5 12849/126/5
f 12854/111/4 12853/126/4 12855/121/4 12856/110/4
f 12745/1/1 12845/129/1 12850/111/1 12842/127/1
f 12845/129/4 12846/124/4 12849/126/4 12850/111/4
f 12841/128/1 12852/110/1 12848/130/1 12747/9/1
f 12852/110/4 12851/121/4 12847/123/4 12848/130/4
f 12878/69/4 12877/70/4 12879/71/4 12880/72/4
f 12874/73/4 12873/74/4 12875/75/4 12876/76/4
f 12870/77/4 12869/78/4 12871/79/4 12872/80/4
f 12882/81/5 12881/82/5 12869/78/5 12870/77/5
f 12883/83/3 12884/84/3 12872/80/3 12871/79/3
f 12886/85/5 12885/86/5 12873/74/5 12874/73/5
f 12887/87/3 12888/88/3 12876/76/3 12875/75/3
f 12890/89/5 12889/90/5 12877/70/5 12878/69/5
f 12891/91/3 12892/92/3 12880/72/3 12879/71/3
f 12874/73/32 12876/76/32 12888/88/32 12886/93/32
f 12878/69/32 12880/72/32 12892/92/32 12890/94/32
f 12870/77/32 12872/80/32 12884/84/32 12882/95/32
f 12889/90/33 12891/96/33 12879/71/33 12877/70/33
f 12885/86/33 12887/97/33 12875/75/33 12873/74/33
f 12881/82/33 12883/98/33 12871/79/33 12869/78/33
f 12861/99/4 12883/98/4 12881/82/4 12868/100/4
f 12859/101/4 12868/102/4 12881/103/4 12882/81/4
f 12867/104/4 12859/105/4 12882/95/4 12884/84/4
f 12883/98/4 12861/99/4 12862/106/4 12885/107/4
f 12884/108/4 12883/83/4 12885/107/4 12886/85/4
f 12867/104/4 12884/108/4 12886/93/4 12866/109/4
f 12863/110/4 12887/97/4 12885/86/4 12862/106/4
f 12865/111/4 12866/109/4 12886/93/4 12888/88/4
f 12887/97/4 12863/110/4 12864/112/4 12889/113/4
f 12888/114/4 12887/87/4 12889/113/4 12890/89/4
f 12865/111/4 12888/114/4 12890/94/4 12860/115/4
f 12858/116/4 12891/96/4 12889/90/4 12864/112/4
f 12860/115/4 12890/94/4 12892/92/4 12857/117/4
f 12892/118/4 12891/91/4 12858/119/4 12857/120/4
f 12893/12/3 12894/13/3 12897/14/3 12895/15/3
f 12898/16/24 12895/15/24 12896/17/24 12899/18/24
f 12902/19/31 12896/17/31 12895/15/31 12897/14/31
f 12896/17/4 12902/19/4 12900/20/4 12899/18/4
f 12897/14/25 12901/21/25 12900/20/25 12902/19/25
f 12894/13/1 12903/22/1 12901/23/1 12897/14/1
f 12906/24/5 12908/25/5 12905/26/5 12904/27/5
f 12906/28/24 12909/29/24 12910/30/24 12907/31/24
f 12907/32/30 12913/33/30 12908/25/30 12906/24/30
f 12910/18/4 12911/20/4 12913/34/4 12907/35/4
f 12912/23/25 12908/36/25 12913/37/25 12911/38/25
f 12914/22/1 12905/39/1 12908/36/1 12912/23/1
f 12915/12/3 12916/13/3 12919/14/3 12917/15/3
f 12920/16/24 12917/15/24 12918/17/24 12921/18/24
f 12924/19/31 12918/17/31 12917/15/31 12919/14/31
f 12918/17/4 12924/19/4 12922/20/4 12921/18/4
f 12919/14/25 12923/21/25 12922/20/25 12924/19/25
f 12916/13/1 12925/22/1 12923/23/1 12919/14/1
f 12928/24/5 12930/25/5 12927/26/5 12926/27/5
f 12928/28/24 12931/29/24 12932/30/24 12929/31/24
f 12929/32/30 12935/33/30 12930/25/30 12928/24/30
f 12932/18/4 12933/20/4 12935/34/4 12929/35/4
f 12934/23/25 12930/36/25 12935/37/25 12933/38/25
f 12936/22/1 12927/39/1 12930/36/1 12934/23/1
f 12939/24/5 12941/25/5 12938/26/5 12937/27/5
f 12939/41/24 12942/15/24 12943/42/24 12940/35/24
f 12940/35/30 12948/34/30 12941/40/30 12939/41/30
f 12947/19/31 12943/42/31 12942/15/31 12944/14/31
f 12945/12/3 12946/13/3 12944/14/3 12942/15/3
f 12946/13/1 12938/39/1 12941/36/1 12944/14/1
f 12944/14/25 12941/40/25 12948/34/25 12947/19/25
f 12943/42/4 12947/19/4 12948/34/4 12940/35/4
f 12951/24/5 12953/25/5 12950/26/5 12949/27/5
f 12951/41/24 12954/15/24 12955/42/24 12952/35/24
f 12952/35/30 12960/34/30 12953/40/30 12951/41/30
f 12959/19/31 12955/42/31 12954/15/31 12956/14/31
f 12957/12/3 12958/13/3 12956/14/3 12954/15/3
f 12958/13/1 12950/39/1 12953/36/1 12956/14/1
f 12956/14/25 12953/40/25 12960/34/25 12959/19/25
f 12955/42/4 12959/19/4 12960/34/4 12952/35/4
f 12963/24/5 12965/25/5 12962/26/5 12961/27/5
f 12963/41/24 12966/15/24 12967/42/24 12964/35/24
f 12964/35/30 12972/34/30 12965/40/30 12963/41/30
f 12971/19/31 12967/42/31 12966/15/31 12968/14/31
f 12969/12/3 12970/13/3 12968/14/3 12966/15/3
f 12970/13/1 12962/39/1 12965/36/1 12968/14/1
f 12968/14/25 12965/40/25 12972/34/25 12971/19/25
f 12967/42/4 12971/19/4 12972/34/4 12964/35/4
f 12975/24/5 12977/25/5 12974/26/5 12973/27/5
f 12975/41/24 12978/15/24 12979/42/24 12976/35/24
f 12976/35/30 12984/34/30 12977/40/30 12975/41/30
f 12983/19/31 12979/42/31 12978/15/31 12980/14/31
f 12981/12/3 12982/13/3 12980/14/3 12978/15/3
f 12982/13/1 12974/39/1 12977/36/1 12980/14/1
f 12980/14/25 12977/40/25 12984/34/25 12983/19/25
f 12979/42/4 12983/19/4 12984/34/4 12976/35/4
f 13006/69/4 13005/70/4 13007/71/4 13008/72/4
f 13002/73/4 13001/74/4 13003/75/4 13004/76/4
f 12998/77/4 12997/78/4 12999/79/4 13000/80/4
f 13010/81/5 13009/82/5 12997/78/5 12998/77/5
f 13011/83/3 13012/84/3 13000/80/3 12999/79/3
f 13014/85/5 13013/86/5 13001/74/5 13002/73/5
f 13015/87/3 13016/88/3 13004/76/3 13003/75/3
f 13018/89/5 13017/90/5 13005/70/5 13006/69/5
f 13019/91/3 13020/92/3 13008/72/3 13007/71/3
f 13002/73/32 13004/76/32 13016/88/32 13014/93/32
f 13006/69/32 13008/72/32 13020/92/32 13018/94/32
f 12998/77/32 13000/80/32 13012/84/32 13010/95/32
f 13017/90/33 13019/96/33 13007/71/33 13005/70/33
f 13013/86/33 13015/97/33 13003/75/33 13001/74/33
f 13009/82/33 13011/98/33 12999/79/33 12997/78/33
f 12989/99/4 13011/98/4 13009/82/4 12996/100/4
f 12987/101/4 12996/102/4 13009/103/4 13010/81/4
f 12995/104/4 12987/105/4 13010/95/4 13012/84/4
f 13011/98/4 12989/99/4 12990/106/4 13013/107/4
f 13012/108/4 13011/83/4 13013/107/4 13014/85/4
f 12995/104/4 13012/108/4 13014/93/4 12994/109/4
f 12991/110/4 13015/97/4 13013/86/4 12990/106/4
f 12993/111/4 12994/109/4 13014/93/4 13016/88/4
f 13015/97/4 12991/110/4 12992/112/4 13017/113/4
f 13016/114/4 13015/87/4 13017/113/4 13018/89/4
f 12993/111/4 13016/114/4 13018/94/4 12988/115/4
f 12986/116/4 13019/96/4 13017/90/4 12992/112/4
f 12988/115/4 13018/94/4 13020/92/4 12985/117/4
f 13020/118/4 13019/91/4 12986/119/4 12985/120/4
f 13021/12/3 13022/13/3 13025/14/3 13023/15/3
f 13026/16/24 13023/15/24 13024/17/24 13027/18/24
f 13030/19/31 13024/17/31 13023/15/31 13025/14/31
f 13024/17/4 13030/19/4 13028/20/4 13027/18/4
f 13025/14/25 13029/21/25 13028/20/25 13030/19/25
f 13022/13/1 13031/22/1 13029/23/1 13025/14/1
f 13034/24/5 13036/25/5 13033/26/5 13032/27/5
f 13034/28/24 13037/29/24 13038/30/24 13035/31/24
f 13035/32/30 13041/33/30 13036/25/30 13034/24/30
f 13038/18/4 13039/20/4 13041/34/4 13035/35/4
f 13040/23/25 13036/36/25 13041/37/25 13039/38/25
f 13042/22/1 13033/39/1 13036/36/1 13040/23/1
f 13043/12/3 13044/13/3 13047/14/3 13045/15/3
f 13048/16/24 13045/15/24 13046/17/24 13049/18/24
f 13052/19/31 13046/17/31 13045/15/31 13047/14/31
f 13046/17/4 13052/19/4 13050/20/4 13049/18/4
f 13047/14/25 13051/21/25 13050/20/25 13052/19/25
f 13044/13/1 13053/22/1 13051/23/1 13047/14/1
f 13056/24/5 13058/25/5 13055/26/5 13054/27/5
f 13056/28/24 13059/29/24 13060/30/24 13057/31/24
f 13057/32/30 13063/33/30 13058/25/30 13056/24/30
f 13060/18/4 13061/20/4 13063/34/4 13057/35/4
f 13062/23/25 13058/36/25 13063/37/25 13061/38/25
f 13064/22/1 13055/39/1 13058/36/1 13062/23/1
f 13067/24/5 13069/25/5 13066/26/5 13065/27/5
f 13067/41/24 13070/15/24 13071/42/24 13068/35/24
f 13068/35/30 13076/34/30 13069/40/30 13067/41/30
f 13075/19/31 13071/42/31 13070/15/31 13072/14/31
f 13073/12/3 13074/13/3 13072/14/3 13070/15/3
f 13074/13/1 13066/39/1 13069/36/1 13072/14/1
f 13072/14/25 13069/40/25 13076/34/25 13075/19/25
f 13071/42/4 13075/19/4 13076/34/4 13068/35/4
f 13079/24/5 13081/25/5 13078/26/5 13077/27/5
f 13079/41/24 13082/15/24 13083/42/24 13080/35/24
f 13080/35/30 13088/34/30 13081/40/30 13079/41/30
f 13087/19/31 13083/42/31 13082/15/31 13084/14/31
f 13085/12/3 13086/13/3 13084/14/3 13082/15/3
f 13086/13/1 13078/39/1 13081/36/1 13084/14/1
f 13084/14/25 13081/40/25 13088/34/25 13087/19/25
f 13083/42/4 13087/19/4 13088/34/4 13080/35/4
f 13091/24/5 13093/25/5 13090/26/5 13089/27/5
f 13091/41/24 13094/15/24 13095/42/24 13092/35/24
f 13092/35/30 13100/34/30 13093/40/30 13091/41/30
f 13099/19/31 13095/42/31 13094/15/31 13096/14/31
f 13097/12/3 13098/13/3 13096/14/3 13094/15/3
f 13098/13/1 13090/39/1 13093/36/1 13096/14/1
f 13096/14/25 13093/40/25 13100/34/25 13099/19/25
f 13095/42/4 13099/19/4 13100/34/4 13092/35/4
f 13103/24/5 13105/25/5 13102/26/5 13101/27/5
f 13103/41/24 13106/15/24 13107/42/24 13104/35/24
f 13104/35/30 13112/34/30 13105/40/30 13103/41/30
f 13111/19/31 13107/42/31 13106/15/31 13108/14/31
f 13109/12/3 13110/13/3 13108/14/3 13106/15/3
f 13110/13/1 13102/39/1 13105/36/1 13108/14/1
f 13108/14/25 13105/40/25 13112/34/25 13111/19/25
f 13107/42/4 13111/19/4 13112/34/4 13104/35/4
f 13113/1/4 13114/2/4 13116/8/4 13115/9/4
f 13121/35/30 13123/34/30 13124/40/30 13122/41/30
f 13127/19/31 13125/42/31 13126/15/31 13128/14/31
f 13122/41/24 13126/15/24 13125/42/24 13121/35/24
f 13128/14/25 13124/40/25 13123/34/25 13127/19/25
f 13122/24/5 13124/25/5 13118/26/5 13117/27/5
f 13125/42/4 13127/19/4 13123/34/4 13121/35/4
f 13120/13/1 13118/39/1 13124/36/1 13128/14/1
f 13119/12/3 13120/13/3 13128/14/3 13126/15/3
f 13133/35/30 13135/34/30 13136/40/30 13134/41/30
f 13139/19/31 13137/42/31 13138/15/31 13140/14/31
f 13134/41/24 13138/15/24 13137/42/24 13133/35/24
f 13140/14/25 13136/40/25 13135/34/25 13139/19/25
f 13134/24/5 13136/25/5 13130/26/5 13129/27/5
f 13137/42/4 13139/19/4 13135/34/4 13133/35/4
f 13132/13/1 13130/39/1 13136/36/1 13140/14/1
f 13131/12/3 13132/13/3 13140/14/3 13138/15/3
f 13145/35/30 13147/34/30 13148/40/30 13146/41/30
f 13151/19/31 13149/42/31 13150/15/31 13152/14/31
f 13146/41/24 13150/15/24 13149/42/24 13145/35/24
f 13152/14/25 13148/40/25 13147/34/25 13151/19/25
f 13146/24/5 13148/25/5 13142/26/5 13141/27/5
f 13149/42/4 13151/19/4 13147/34/4 13145/35/4
f 13144/13/1 13142/39/1 13148/36/1 13152/14/1
f 13143/12/3 13144/13/3 13152/14/3 13150/15/3
f 13157/35/30 13159/34/30 13160/40/30 13158/41/30
f 13163/19/31 13161/42/31 13162/15/31 13164/14/31
f 13158/41/24 13162/15/24 13161/42/24 13157/35/24
f 13164/14/25 13160/40/25 13159/34/25 13163/19/25
f 13158/24/5 13160/25/5 13154/26/5 13153/27/5
f 13161/42/4 13163/19/4 13159/34/4 13157/35/4
f 13156/13/1 13154/39/1 13160/36/1 13164/14/1
f 13155/12/3 13156/13/3 13164/14/3 13162/15/3
f 13170/19/31 13168/17/31 13169/15/31 13171/14/31
f 13172/16/24 13169/15/24 13168/17/24 13173/18/24
f 13171/14/25 13175/21/25 13174/20/25 13170/19/25
f 13165/12/3 13166/13/3 13171/14/3 13169/15/3
f 13168/17/4 13170/19/4 13174/20/4 13173/18/4
f 13166/13/1 13167/22/1 13175/23/1 13171/14/1
f 13181/19/31 13179/17/31 13180/15/31 13182/14/31
f 13183/16/24 13180/15/24 13179/17/24 13184/18/24
f 13182/14/25 13186/21/25 13185/20/25 13181/19/25
f 13176/12/3 13177/13/3 13182/14/3 13180/15/3
f 13179/17/4 13181/19/4 13185/20/4 13184/18/4
f 13177/13/1 13178/22/1 13186/23/1 13182/14/1
f 13190/32/30 13192/33/30 13193/25/30 13191/24/30
f 13196/23/25 13193/36/25 13192/37/25 13197/38/25
f 13191/28/24 13195/29/24 13194/30/24 13190/31/24
f 13191/24/5 13193/25/5 13188/26/5 13187/27/5
f 13194/18/4 13197/20/4 13192/34/4 13190/35/4
f 13189/22/1 13188/39/1 13193/36/1 13196/23/1
f 13201/32/30 13203/33/30 13204/25/30 13202/24/30
f 13207/23/25 13204/36/25 13203/37/25 13208/38/25
f 13202/28/24 13206/29/24 13205/30/24 13201/31/24
f 13202/24/5 13204/25/5 13199/26/5 13198/27/5
f 13205/18/4 13208/20/4 13203/34/4 13201/35/4
f 13200/22/1 13199/39/1 13204/36/1 13207/23/1
f 13230/69/4 13229/70/4 13231/71/4 13232/72/4
f 13226/73/4 13225/74/4 13227/75/4 13228/76/4
f 13222/77/4 13221/78/4 13223/79/4 13224/80/4
f 13234/81/5 13233/82/5 13221/78/5 13222/77/5
f 13235/83/3 13236/84/3 13224/80/3 13223/79/3
f 13238/85/5 13237/86/5 13225/74/5 13226/73/5
f 13239/87/3 13240/88/3 13228/76/3 13227/75/3
f 13242/89/5 13241/90/5 13229/70/5 13230/69/5
f 13243/91/3 13244/92/3 13232/72/3 13231/71/3
f 13226/73/32 13228/76/32 13240/88/32 13238/93/32
f 13230/69/32 13232/72/32 13244/92/32 13242/94/32
f 13222/77/32 13224/80/32 13236/84/32 13234/95/32
f 13241/90/33 13243/96/33 13231/71/33 13229/70/33
f 13237/86/33 13239/97/33 13227/75/33 13225/74/33
f 13233/82/33 13235/98/33 13223/79/33 13221/78/33
f 13213/99/4 13235/98/4 13233/82/4 13220/100/4
f 13211/101/4 13220/102/4 13233/103/4 13234/81/4
f 13219/104/4 13211/105/4 13234/95/4 13236/84/4
f 13235/98/4 13213/99/4 13214/106/4 13237/107/4
f 13236/108/4 13235/83/4 13237/107/4 13238/85/4
f 13219/104/4 13236/108/4 13238/93/4 13218/109/4
f 13215/110/4 13239/97/4 13237/86/4 13214/106/4
f 13217/111/4 13218/109/4 13238/93/4 13240/88/4
f 13239/97/4 13215/110/4 13216/112/4 13241/113/4
f 13240/114/4 13239/87/4 13241/113/4 13242/89/4
f 13217/111/4 13240/114/4 13242/94/4 13212/115/4
f 13210/116/4 13243/96/4 13241/90/4 13216/112/4
f 13212/115/4 13242/94/4 13244/92/4 13209/117/4
f 13244/118/4 13243/91/4 13210/119/4 13209/120/4
f 13245/12/3 13246/13/3 13249/14/3 13247/15/3
f 13250/16/24 13247/15/24 13248/17/24 13251/18/24
f 13254/19/31 13248/17/31 13247/15/31 13249/14/31
f 13248/17/4 13254/19/4 13252/20/4 13251/18/4
f 13249/14/25 13253/21/25 13252/20/25 13254/19/25
f 13246/13/1 13255/22/1 13253/23/1 13249/14/1
f 13258/24/5 13260/25/5 13257/26/5 13256/27/5
f 13258/28/24 13261/29/24 13262/30/24 13259/31/24
f 13259/32/30 13265/33/30 13260/25/30 13258/24/30
f 13262/18/4 13263/20/4 13265/34/4 13259/35/4
f 13264/23/25 13260/36/25 13265/37/25 13263/38/25
f 13266/22/1 13257/39/1 13260/36/1 13264/23/1
f 13267/12/3 13268/13/3 13271/14/3 13269/15/3
f 13272/16/24 13269/15/24 13270/17/24 13273/18/24
f 13276/19/31 13270/17/31 13269/15/31 13271/14/31
f 13270/17/4 13276/19/4 13274/20/4 13273/18/4
f 13271/14/25 13275/21/25 13274/20/25 13276/19/25
f 13268/13/1 13277/22/1 13275/23/1 13271/14/1
f 13280/24/5 13282/25/5 13279/26/5 13278/27/5
f 13280/28/24 13283/29/24 13284/30/24 13281/31/24
f 13281/32/30 13287/33/30 13282/25/30 13280/24/30
f 13284/18/4 13285/20/4 13287/34/4 13281/35/4
f 13286/23/25 13282/36/25 13287/37/25 13285/38/25
f 13288/22/1 13279/39/1 13282/36/1 13286/23/1
f 13291/24/5 13293/25/5 13290/26/5 13289/27/5
f 13291/41/24 13294/15/24 13295/42/24 13292/35/24
f 13292/35/30 13300/34/30 13293/40/30 13291/41/30
f 13299/19/31 13295/42/31 13294/15/31 13296/14/31
f 13297/12/3 13298/13/3 13296/14/3 13294/15/3
f 13298/13/1 13290/39/1 13293/36/1 13296/14/1
f 13296/14/25 13293/40/25 13300/34/25 13299/19/25
f 13295/42/4 13299/19/4 13300/34/4 13292/35/4
f 13303/24/5 13305/25/5 13302/26/5 13301/27/5
f 13303/41/24 13306/15/24 13307/42/24 13304/35/24
f 13304/35/30 13312/34/30 13305/40/30 13303/41/30
f 13311/19/31 13307/42/31 13306/15/31 13308/14/31
f 13309/12/3 13310/13/3 13308/14/3 13306/15/3
f 13310/13/1 13302/39/1 13305/36/1 13308/14/1
f 13308/14/25 13305/40/25 13312/34/25 13311/19/25
f 13307/42/4 13311/19/4 13312/34/4 13304/35/4
f 13315/24/5 13317/25/5 13314/26/5 13313/27/5
f 13315/41/24 13318/15/24 13319/42/24 13316/35/24
f 13316/35/30 13324/34/30 13317/40/30 13315/41/30
f 13323/19/31 13319/42/31 13318/15/31 13320/14/31
f 13321/12/3 13322/13/3 13320/14/3 13318/15/3
f 13322/13/1 13314/39/1 13317/36/1 13320/14/1
f 13320/14/25 13317/40/25 13324/34/25 13323/19/25
f 13319/42/4 13323/19/4 13324/34/4 13316/35/4
f 13327/24/5 13329/25/5 13326/26/5 13325/27/5
f 13327/41/24 13330/15/24 13331/42/24 13328/35/24
f 13328/35/30 13336/34/30 13329/40/30 13327/41/30
f 13335/19/31 13331/42/31 13330/15/31 13332/14/31
f 13333/12/3 13334/13/3 13332/14/3 13330/15/3
f 13334/13/1 13326/39/1 13329/36/1 13332/14/1
f 13332/14/25 13329/40/25 13336/34/25 13335/19/25
f 13331/42/4 13335/19/4 13336/34/4 13328/35/4
f 13358/69/4 13357/70/4 13359/71/4 13360/72/4
f 13354/73/4 13353/74/4 13355/75/4 13356/76/4
f 13350/77/4 13349/78/4 13351/79/4 13352/80/4
f 13362/81/5 13361/82/5 13349/78/5 13350/77/5
f 13363/83/3 13364/84/3 13352/80/3 13351/79/3
f 13366/85/5 13365/86/5 13353/74/5 13354/73/5
f 13367/87/3 13368/88/3 13356/76/3 13355/75/3
f 13370/89/5 13369/90/5 13357/70/5 13358/69/5
f 13371/91/3 13372/92/3 13360/72/3 13359/71/3
f 13354/73/32 13356/76/32 13368/88/32 13366/93/32
f 13358/69/32 13360/72/32 13372/92/32 13370/94/32
f 13350/77/32 13352/80/32 13364/84/32 13362/95/32
f 13369/90/33 13371/96/33 13359/71/33 13357/70/33
f 13365/86/33 13367/97/33 13355/75/33 13353/74/33
f 13361/82/33 13363/98/33 13351/79/33 13349/78/33
f 13341/99/4 13363/98/4 13361/82/4 13348/100/4
f 13339/101/4 13348/102/4 13361/103/4 13362/81/4
f 13347/104/4 13339/105/4 13362/95/4 13364/84/4
f 13363/98/4 13341/99/4 13342/106/4 13365/107/4
f 13364/108/4 13363/83/4 13365/107/4 13366/85/4
f 13347/104/4 13364/108/4 13366/93/4 13346/109/4
f 13343/110/4 13367/97/4 13365/86/4 13342/106/4
f 13345/111/4 13346/109/4 13366/93/4 13368/88/4
f 13367/97/4 13343/110/4 13344/112/4 13369/113/4
f 13368/114/4 13367/87/4 13369/113/4 13370/89/4
f 13345/111/4 13368/114/4 13370/94/4 13340/115/4
f 13338/116/4 13371/96/4 13369/90/4 13344/112/4
f 13340/115/4 13370/94/4 13372/92/4 13337/117/4
f 13372/118/4 13371/91/4 13338/119/4 13337/120/4
f 13373/12/3 13374/13/3 13377/14/3 13375/15/3
f 13378/16/24 13375/15/24 13376/17/24 13379/18/24
f 13382/19/31 13376/17/31 13375/15/31 13377/14/31
f 13376/17/4 13382/19/4 13380/20/4 13379/18/4
f 13377/14/25 13381/21/25 13380/20/25 13382/19/25
f 13374/13/1 13383/22/1 13381/23/1 13377/14/1
f 13386/24/5 13388/25/5 13385/26/5 13384/27/5
f 13386/28/24 13389/29/24 13390/30/24 13387/31/24
f 13387/32/30 13393/33/30 13388/25/30 13386/24/30
f 13390/18/4 13391/20/4 13393/34/4 13387/35/4
f 13392/23/25 13388/36/25 13393/37/25 13391/38/25
f 13394/22/1 13385/39/1 13388/36/1 13392/23/1
f 13395/12/3 13396/13/3 13399/14/3 13397/15/3
f 13400/16/24 13397/15/24 13398/17/24 13401/18/24
f 13404/19/31 13398/17/31 13397/15/31 13399/14/31
f 13398/17/4 13404/19/4 13402/20/4 13401/18/4
f 13399/14/25 13403/21/25 13402/20/25 13404/19/25
f 13396/13/1 13405/22/1 13403/23/1 13399/14/1
f 13408/24/5 13410/25/5 13407/26/5 13406/27/5
f 13408/28/24 13411/29/24 13412/30/24 13409/31/24
f 13409/32/30 13415/33/30 13410/25/30 13408/24/30
f 13412/18/4 13413/20/4 13415/34/4 13409/35/4
f 13414/23/25 13410/36/25 13415/37/25 13413/38/25
f 13416/22/1 13407/39/1 13410/36/1 13414/23/1
f 13419/24/5 13421/25/5 13418/26/5 13417/27/5
f 13419/41/24 13422/15/24 13423/42/24 13420/35/24
f 13420/35/30 13428/34/30 13421/40/30 13419/41/30
f 13427/19/31 13423/42/31 13422/15/31 13424/14/31
f 13425/12/3 13426/13/3 13424/14/3 13422/15/3
f 13426/13/1 13418/39/1 13421/36/1 13424/14/1
f 13424/14/25 13421/40/25 13428/34/25 13427/19/25
f 13423/42/4 13427/19/4 13428/34/4 13420/35/4
f 13431/24/5 13433/25/5 13430/26/5 13429/27/5
f 13431/41/24 13434/15/24 13435/42/24 13432/35/24
f 13432/35/30 13440/34/30 13433/40/30 13431/41/30
f 13439/19/31 13435/42/31 13434/15/31 13436/14/31
f 13437/12/3 13438/13/3 13436/14/3 13434/15/3
f 13438/13/1 13430/39/1 13433/36/1 13436/14/1
f 13436/14/25 13433/40/25 13440/34/25 13439/19/25
f 13435/42/4 13439/19/4 13440/34/4 13432/35/4
f 13443/24/5 13445/25/5 13442/26/5 13441/27/5
f 13443/41/24 13446/15/24 13447/42/24 13444/35/24
f 13444/35/30 13452/34/30 13445/40/30 13443/41/30
f 13451/19/31 13447/42/31 13446/15/31 13448/14/31
f 13449/12/3 13450/13/3 13448/14/3 13446/15/3
f 13450/13/1 13442/39/1 13445/36/1 13448/14/1
f 13448/14/25 13445/40/25 13452/34/25 13451/19/25
f 13447/42/4 13451/19/4 13452/34/4 13444/35/4
f 13455/24/5 13457/25/5 13454/26/5 13453/27/5
f 13455/41/24 13458/15/24 13459/42/24 13456/35/24
f 13456/35/30 13464/34/30 13457/40/30 13455/41/30
f 13463/19/31 13459/42/31 13458/15/31 13460/14/31
f 13461/12/3 13462/13/3 13460/14/3 13458/15/3
f 13462/13/1 13454/39/1 13457/36/1 13460/14/1
f 13460/14/25 13457/40/25 13464/34/25 13463/19/25
f 13459/42/4 13463/19/4 13464/34/4 13456/35/4
f 13486/69/4 13485/70/4 13487/71/4 13488/72/4
f 13482/73/4 13481/74/4 13483/75/4 13484/76/4
f 13478/77/4 13477/78/4 13479/79/4 13480/80/4
f 13490/81/5 13489/82/5 13477/78/5 13478/77/5
f 13491/83/3 13492/84/3 13480/80/3 13479/79/3
f 13494/85/5 13493/86/5 13481/74/5 13482/73/5
f 13495/87/3 13496/88/3 13484/76/3 13483/75/3
f 13498/89/5 13497/90/5 13485/70/5 13486/69/5
f 13499/91/3 13500/92/3 13488/72/3 13487/71/3
f 13482/73/32 13484/76/32 13496/88/32 13494/93/32
f 13486/69/32 13488/72/32 13500/92/32 13498/94/32
f 13478/77/32 13480/80/32 13492/84/32 13490/95/32
f 13497/90/33 13499/96/33 13487/71/33 13485/70/33
f 13493/86/33 13495/97/33 13483/75/33 13481/74/33
f 13489/82/33 13491/98/33 13479/79/33 13477/78/33
f 13469/99/4 13491/98/4 13489/82/4 13476/100/4
f 13467/101/4 13476/102/4 13489/103/4 13490/81/4
f 13475/104/4 13467/105/4 13490/95/4 13492/84/4
f 13491/98/4 13469/99/4 13470/106/4 13493/107/4
f 13492/108/4 13491/83/4 13493/107/4 13494/85/4
f 13475/104/4 13492/108/4 13494/93/4 13474/109/4
f 13471/110/4 13495/97/4 13493/86/4 13470/106/4
f 13473/111/4 13474/109/4 13494/93/4 13496/88/4
f 13495/97/4 13471/110/4 13472/112/4 13497/113/4
f 13496/114/4 13495/87/4 13497/113/4 13498/89/4
f 13473/111/4 13496/114/4 13498/94/4 13468/115/4
f 13466/116/4 13499/96/4 13497/90/4 13472/112/4
f 13468/115/4 13498/94/4 13500/92/4 13465/117/4
f 13500/118/4 13499/91/4 13466/119/4 13465/120/4
f 13501/12/3 13502/13/3 13505/14/3 13503/15/3
f 13506/16/24 13503/15/24 13504/17/24 13507/18/24
f 13510/19/31 13504/17/31 13503/15/31 13505/14/31
f 13504/17/4 13510/19/4 13508/20/4 13507/18/4
f 13505/14/25 13509/21/25 13508/20/25 13510/19/25
f 13502/13/1 13511/22/1 13509/23/1 13505/14/1
f 13514/24/5 13516/25/5 13513/26/5 13512/27/5
f 13514/28/24 13517/29/24 13518/30/24 13515/31/24
f 13515/32/30 13521/33/30 13516/25/30 13514/24/30
f 13518/18/4 13519/20/4 13521/34/4 13515/35/4
f 13520/23/25 13516/36/25 13521/37/25 13519/38/25
f 13522/22/1 13513/39/1 13516/36/1 13520/23/1
f 13523/12/3 13524/13/3 13527/14/3 13525/15/3
f 13528/16/24 13525/15/24 13526/17/24 13529/18/24
f 13532/19/31 13526/17/31 13525/15/31 13527/14/31
f 13526/17/4 13532/19/4 13530/20/4 13529/18/4
f 13527/14/25 13531/21/25 13530/20/25 13532/19/25
f 13524/13/1 13533/22/1 13531/23/1 13527/14/1
f 13536/24/5 13538/25/5 13535/26/5 13534/27/5
f 13536/28/24 13539/29/24 13540/30/24 13537/31/24
f 13537/32/30 13543/33/30 13538/25/30 13536/24/30
f 13540/18/4 13541/20/4 13543/34/4 13537/35/4
f 13542/23/25 13538/36/25 13543/37/25 13541/38/25
f 13544/22/1 13535/39/1 13538/36/1 13542/23/1
f 13547/24/5 13549/25/5 13546/26/5 13545/27/5
f 13547/41/24 13550/15/24 13551/42/24 13548/35/24
f 13548/35/30 13556/34/30 13549/40/30 13547/41/30
f 13555/19/31 13551/42/31 13550/15/31 13552/14/31
f 13553/12/3 13554/13/3 13552/14/3 13550/15/3
f 13554/13/1 13546/39/1 13549/36/1 13552/14/1
f 13552/14/25 13549/40/25 13556/34/25 13555/19/25
f 13551/42/4 13555/19/4 13556/34/4 13548/35/4
f 13559/24/5 13561/25/5 13558/26/5 13557/27/5
f 13559/41/24 13562/15/24 13563/42/24 13560/35/24
f 13560/35/30 13568/34/30 13561/40/30 13559/41/30
f 13567/19/31 13563/42/31 13562/15/31 13564/14/31
f 13565/12/3 13566/13/3 13564/14/3 13562/15/3
f 13566/13/1 13558/39/1 13561/36/1 13564/14/1
f 13564/14/25 13561/40/25 13568/34/25 13567/19/25
f 13563/42/4 13567/19/4 13568/34/4 13560/35/4
f 13571/24/5 13573/25/5 13570/26/5 13569/27/5
f 13571/41/24 13574/15/24 13575/42/24 13572/35/24
f 13572/35/30 13580/34/30 13573/40/30 13571/41/30
f 13579/19/31 13575/42/31 13574/15/31 13576/14/31
f 13577/12/3 13578/13/3 13576/14/3 13574/15/3
f 13578/13/1 13570/39/1 13573/36/1 13576/14/1
f 13576/14/25 13573/40/25 13580/34/25 13579/19/25
f 13575/42/4 13579/19/4 13580/34/4 13572/35/4
f 13583/24/5 13585/25/5 13582/26/5 13581/27/5
f 13583/41/24 13586/15/24 13587/42/24 13584/35/24
f 13584/35/30 13592/34/30 13585/40/30 13583/41/30
f 13591/19/31 13587/42/31 13586/15/31 13588/14/31
f 13589/12/3 13590/13/3 13588/14/3 13586/15/3
f 13590/13/1 13582/39/1 13585/36/1 13588/14/1
f 13588/14/25 13585/40/25 13592/34/25 13591/19/25
f 13587/42/4 13591/19/4 13592/34/4 13584/35/4
f 13614/69/4 13613/70/4 13615/71/4 13616/72/4
f 13610/73/4 13609/74/4 13611/75/4 13612/76/4
f 13606/77/4 13605/78/4 13607/79/4 13608/80/4
f 13618/81/5 13617/82/5 13605/78/5 13606/77/5
f 13619/83/3 13620/84/3 13608/80/3 13607/79/3
f 13622/85/5 13621/86/5 13609/74/5 13610/73/5
f 13623/87/3 13624/88/3 13612/76/3 13611/75/3
f 13626/89/5 13625/90/5 13613/70/5 13614/69/5
f 13627/91/3 13628/92/3 13616/72/3 13615/71/3
f 13610/73/32 13612/76/32 13624/88/32 13622/93/32
f 13614/69/32 13616/72/32 13628/92/32 13626/94/32
f 13606/77/32 13608/80/32 13620/84/32 13618/95/32
f 13625/90/33 13627/96/33 13615/71/33 13613/70/33
f 13621/86/33 13623/97/33 13611/75/33 13609/74/33
f 13617/82/33 13619/98/33 13607/79/33 13605/78/33
f 13597/99/4 13619/98/4 13617/82/4 13604/100/4
f 13595/101/4 13604/102/4 13617/103/4 13618/81/4
f 13603/104/4 13595/105/4 13618/95/4 13620/84/4
f 13619/98/4 13597/99/4 13598/106/4 13621/107/4
f 13620/108/4 13619/83/4 13621/107/4 13622/85/4
f 13603/104/4 13620/108/4 13622/93/4 13602/109/4
f 13599/110/4 13623/97/4 13621/86/4 13598/106/4
f 13601/111/4 13602/109/4 13622/93/4 13624/88/4
f 13623/97/4 13599/110/4 13600/112/4 13625/113/4
f 13624/114/4 13623/87/4 13625/113/4 13626/89/4
f 13601/111/4 13624/114/4 13626/94/4 13596/115/4
f 13594/116/4 13627/96/4 13625/90/4 13600/112/4
f 13596/115/4 13626/94/4 13628/92/4 13593/117/4
f 13628/118/4 13627/91/4 13594/119/4 13593/120/4
f 13629/12/3 13630/13/3 13633/14/3 13631/15/3
f 13634/16/24 13631/15/24 13632/17/24 13635/18/24
f 13638/19/31 13632/17/31 13631/15/31 13633/14/31
f 13632/17/4 13638/19/4 13636/20/4 13635/18/4
f 13633/14/25 13637/21/25 13636/20/25 13638/19/25
f 13630/13/1 13639/22/1 13637/23/1 13633/14/1
f 13642/24/5 13644/25/5 13641/26/5 13640/27/5
f 13642/28/24 13645/29/24 13646/30/24 13643/31/24
f 13643/32/30 13649/33/30 13644/25/30 13642/24/30
f 13646/18/4 13647/20/4 13649/34/4 13643/35/4
f 13648/23/25 13644/36/25 13649/37/25 13647/38/25
f 13650/22/1 13641/39/1 13644/36/1 13648/23/1
f 13651/12/3 13652/13/3 13655/14/3 13653/15/3
f 13656/16/24 13653/15/24 13654/17/24 13657/18/24
f 13660/19/31 13654/17/31 13653/15/31 13655/14/31
f 13654/17/4 13660/19/4 13658/20/4 13657/18/4
f 13655/14/25 13659/21/25 13658/20/25 13660/19/25
f 13652/13/1 13661/22/1 13659/23/1 13655/14/1
f 13664/24/5 13666/25/5 13663/26/5 13662/27/5
f 13664/28/24 13667/29/24 13668/30/24 13665/31/24
f 13665/32/30 13671/33/30 13666/25/30 13664/24/30
f 13668/18/4 13669/20/4 13671/34/4 13665/35/4
f 13670/23/25 13666/36/25 13671/37/25 13669/38/25
f 13672/22/1 13663/39/1 13666/36/1 13670/23/1
f 13675/24/5 13677/25/5 13674/26/5 13673/27/5
f 13675/41/24 13678/15/24 13679/42/24 13676/35/24
f 13676/35/30 13684/34/30 13677/40/30 13675/41/30
f 13683/19/31 13679/42/31 13678/15/31 13680/14/31
f 13681/12/3 13682/13/3 13680/14/3 13678/15/3
f 13682/13/1 13674/39/1 13677/36/1 13680/14/1
f 13680/14/25 13677/40/25 13684/34/25 13683/19/25
f 13679/42/4 13683/19/4 13684/34/4 13676/35/4
f 13687/24/5 13689/25/5 13686/26/5 13685/27/5
f 13687/41/24 13690/15/24 13691/42/24 13688/35/24
f 13688/35/30 13696/34/30 13689/40/30 13687/41/30
f 13695/19/31 13691/42/31 13690/15/31 13692/14/31
f 13693/12/3 13694/13/3 13692/14/3 13690/15/3
f 13694/13/1 13686/39/1 13689/36/1 13692/14/1
f 13692/14/25 13689/40/25 13696/34/25 13695/19/25
f 13691/42/4 13695/19/4 13696/34/4 13688/35/4
f 13699/24/5 13701/25/5 13698/26/5 13697/27/5
f 13699/41/24 13702/15/24 13703/42/24 13700/35/24
f 13700/35/30 13708/34/30 13701/40/30 13699/41/30
f 13707/19/31 13703/42/31 13702/15/31 13704/14/31
f 13705/12/3 13706/13/3 13704/14/3 13702/15/3
f 13706/13/1 13698/39/1 13701/36/1 13704/14/1
f 13704/14/25 13701/40/25 13708/34/25 13707/19/25
f 13703/42/4 13707/19/4 13708/34/4 13700/35/4
f 13711/24/5 13713/25/5 13710/26/5 13709/27/5
f 13711/41/24 13714/15/24 13715/42/24 13712/35/24
f 13712/35/30 13720/34/30 13713/40/30 13711/41/30
f 13719/19/31 13715/42/31 13714/15/31 13716/14/31
f 13717/12/3 13718/13/3 13716/14/3 13714/15/3
f 13718/13/1 13710/39/1 13713/36/1 13716/14/1
f 13716/14/25 13713/40/25 13720/34/25 13719/19/25
f 13715/42/4 13719/19/4 13720/34/4 13712/35/4
f 13742/69/4 13741/70/4 13743/71/4 13744/72/4
f 13738/73/4 13737/74/4 13739/75/4 13740/76/4
f 13734/77/4 13733/78/4 13735/79/4 13736/80/4
f 13746/81/5 13745/82/5 13733/78/5 13734/77/5
f 13747/83/3 13748/84/3 13736/80/3 13735/79/3
f 13750/85/5 13749/86/5 13737/74/5 13738/73/5
f 13751/87/3 13752/88/3 13740/76/3 13739/75/3
f 13754/89/5 13753/90/5 13741/70/5 13742/69/5
f 13755/91/3 13756/92/3 13744/72/3 13743/71/3
f 13738/73/32 13740/76/32 13752/88/32 13750/93/32
f 13742/69/32 13744/72/32 13756/92/32 13754/94/32
f 13734/77/32 13736/80/32 13748/84/32 13746/95/32
f 13753/90/33 13755/96/33 13743/71/33 13741/70/33
f 13749/86/33 13751/97/33 13739/75/33 13737/74/33
f 13745/82/33 13747/98/33 13735/79/33 13733/78/33
f 13725/99/4 13747/98/4 13745/82/4 13732/100/4
f 13723/101/4 13732/102/4 13745/103/4 13746/81/4
f 13731/104/4 13723/105/4 13746/95/4 13748/84/4
f 13747/98/4 13725/99/4 13726/106/4 13749/107/4
f 13748/108/4 13747/83/4 13749/107/4 13750/85/4
f 13731/104/4 13748/108/4 13750/93/4 13730/109/4
f 13727/110/4 13751/97/4 13749/86/4 13726/106/4
f 13729/111/4 13730/109/4 13750/93/4 13752/88/4
f 13751/97/4 13727/110/4 13728/112/4 13753/113/4
f 13752/114/4 13751/87/4 13753/113/4 13754/89/4
f 13729/111/4 13752/114/4 13754/94/4 13724/115/4
f 13722/116/4 13755/96/4 13753/90/4 13728/112/4
f 13724/115/4 13754/94/4 13756/92/4 13721/117/4
f 13756/118/4 13755/91/4 13722/119/4 13721/120/4
f 13757/12/3 13758/13/3 13761/14/3 13759/15/3
f 13762/16/24 13759/15/24 13760/17/24 13763/18/24
f 13766/19/31 13760/17/31 13759/15/31 13761/14/31
f 13760/17/4 13766/19/4 13764/20/4 13763/18/4
f 13761/14/25 13765/21/25 13764/20/25 13766/19/25
f 13758/13/1 13767/22/1 13765/23/1 13761/14/1
f 13770/24/5 13772/25/5 13769/26/5 13768/27/5
f 13770/28/24 13773/29/24 13774/30/24 13771/31/24
f 13771/32/30 13777/33/30 13772/25/30 13770/24/30
f 13774/18/4 13775/20/4 13777/34/4 13771/35/4
f 13776/23/25 13772/36/25 13777/37/25 13775/38/25
f 13778/22/1 13769/39/1 13772/36/1 13776/23/1
f 13779/12/3 13780/13/3 13783/14/3 13781/15/3
f 13784/16/24 13781/15/24 13782/17/24 13785/18/24
f 13788/19/31 13782/17/31 13781/15/31 13783/14/31
f 13782/17/4 13788/19/4 13786/20/4 13785/18/4
f 13783/14/25 13787/21/25 13786/20/25 13788/19/25
f 13780/13/1 13789/22/1 13787/23/1 13783/14/1
f 13792/24/5 13794/25/5 13791/26/5 13790/27/5
f 13792/28/24 13795/29/24 13796/30/24 13793/31/24
f 13793/32/30 13799/33/30 13794/25/30 13792/24/30
f 13796/18/4 13797/20/4 13799/34/4 13793/35/4
f 13798/23/25 13794/36/25 13799/37/25 13797/38/25
f 13800/22/1 13791/39/1 13794/36/1 13798/23/1
f 13803/24/5 13805/25/5 13802/26/5 13801/27/5
f 13803/41/24 13806/15/24 13807/42/24 13804/35/24
f 13804/35/30 13812/34/30 13805/40/30 13803/41/30
f 13811/19/31 13807/42/31 13806/15/31 13808/14/31
f 13809/12/3 13810/13/3 13808/14/3 13806/15/3
f 13810/13/1 13802/39/1 13805/36/1 13808/14/1
f 13808/14/25 13805/40/25 13812/34/25 13811/19/25
f 13807/42/4 13811/19/4 13812/34/4 13804/35/4
f 13815/24/5 13817/25/5 13814/26/5 13813/27/5
f 13815/41/24 13818/15/24 13819/42/24 13816/35/24
f 13816/35/30 13824/34/30 13817/40/30 13815/41/30
f 13823/19/31 13819/42/31 13818/15/31 13820/14/31
f 13821/12/3 13822/13/3 13820/14/3 13818/15/3
f 13822/13/1 13814/39/1 13817/36/1 13820/14/1
f 13820/14/25 13817/40/25 13824/34/25 13823/19/25
f 13819/42/4 13823/19/4 13824/34/4 13816/35/4
f 13827/24/5 13829/25/5 13826/26/5 13825/27/5
f 13827/41/24 13830/15/24 13831/42/24 13828/35/24
f 13828/35/30 13836/34/30 13829/40/30 13827/41/30
f 13835/19/31 13831/42/31 13830/15/31 13832/14/31
f 13833/12/3 13834/13/3 13832/14/3 13830/15/3
f 13834/13/1 13826/39/1 13829/36/1 13832/14/1
f 13832/14/25 13829/40/25 13836/34/25 13835/19/25
f 13831/42/4 13835/19/4 13836/34/4 13828/35/4
f 13839/24/5 13841/25/5 13838/26/5 13837/27/5
f 13839/41/24 13842/15/24 13843/42/24 13840/35/24
f 13840/35/30 13848/34/30 13841/40/30 13839/41/30
f 13847/19/31 13843/42/31 13842/15/31 13844/14/31
f 13845/12/3 13846/13/3 13844/14/3 13842/15/3
f 13846/13/1 13838/39/1 13841/36/1 13844/14/1
f 13844/14/25 13841/40/25 13848/34/25 13847/19/25
f 13843/42/4 13847/19/4 13848/34/4 13840/35/4
f 13955/121/4 13948/122/4 13852/8/4 13951/123/4
f 13857/35/30 13859/34/30 13860/40/30 13858/41/30
f 13863/19/31 13861/42/31 13862/15/31 13864/14/31
f 13858/41/24 13862/15/24 13861/42/24 13857/35/24
f 13864/14/25 13860/40/25 13859/34/25 13863/19/25
f 13858/24/5 13860/25/5 13854/26/5 13853/27/5
f 13861/42/4 13863/19/4 13859/34/4 13857/35/4
f 13856/13/1 13854/39/1 13860/36/1 13864/14/1
f 13855/12/3 13856/13/3 13864/14/3 13862/15/3
f 13869/35/30 13871/34/30 13872/40/30 13870/41/30
f 13875/19/31 13873/42/31 13874/15/31 13876/14/31
f 13870/41/24 13874/15/24 13873/42/24 13869/35/24
f 13876/14/25 13872/40/25 13871/34/25 13875/19/25
f 13870/24/5 13872/25/5 13866/26/5 13865/27/5
f 13873/42/4 13875/19/4 13871/34/4 13869/35/4
f 13868/13/1 13866/39/1 13872/36/1 13876/14/1
f 13867/12/3 13868/13/3 13876/14/3 13874/15/3
f 13881/35/30 13883/34/30 13884/40/30 13882/41/30
f 13887/19/31 13885/42/31 13886/15/31 13888/14/31
f 13882/41/24 13886/15/24 13885/42/24 13881/35/24
f 13888/14/25 13884/40/25 13883/34/25 13887/19/25
f 13882/24/5 13884/25/5 13878/26/5 13877/27/5
f 13885/42/4 13887/19/4 13883/34/4 13881/35/4
f 13880/13/1 13878/39/1 13884/36/1 13888/14/1
f 13879/12/3 13880/13/3 13888/14/3 13886/15/3
f 13893/35/30 13895/34/30 13896/40/30 13894/41/30
f 13899/19/31 13897/42/31 13898/15/31 13900/14/31
f 13894/41/24 13898/15/24 13897/42/24 13893/35/24
f 13900/14/25 13896/40/25 13895/34/25 13899/19/25
f 13894/24/5 13896/25/5 13890/26/5 13889/27/5
f 13897/42/4 13899/19/4 13895/34/4 13893/35/4
f 13892/13/1 13890/39/1 13896/36/1 13900/14/1
f 13891/12/3 13892/13/3 13900/14/3 13898/15/3
f 13906/19/31 13904/17/31 13905/15/31 13907/14/31
f 13908/16/24 13905/15/24 13904/17/24 13909/18/24
f 13907/14/25 13911/21/25 13910/20/25 13906/19/25
f 13901/12/3 13902/13/3 13907/14/3 13905/15/3
f 13904/17/4 13906/19/4 13910/20/4 13909/18/4
f 13902/13/1 13903/22/1 13911/23/1 13907/14/1
f 13917/19/31 13915/17/31 13916/15/31 13918/14/31
f 13919/16/24 13916/15/24 13915/17/24 13920/18/24
f 13918/14/25 13922/21/25 13921/20/25 13917/19/25
f 13912/12/3 13913/13/3 13918/14/3 13916/15/3
f 13915/17/4 13917/19/4 13921/20/4 13920/18/4
f 13913/13/1 13914/22/1 13922/23/1 13918/14/1
f 13926/32/30 13928/33/30 13929/25/30 13927/24/30
f 13932/23/25 13929/36/25 13928/37/25 13933/38/25
f 13927/28/24 13931/29/24 13930/30/24 13926/31/24
f 13927/24/5 13929/25/5 13924/26/5 13923/27/5
f 13930/18/4 13933/20/4 13928/34/4 13926/35/4
f 13925/22/1 13924/39/1 13929/36/1 13932/23/1
f 13937/32/30 13939/33/30 13940/25/30 13938/24/30
f 13943/23/25 13940/36/25 13939/37/25 13944/38/25
f 13938/28/24 13942/29/24 13941/30/24 13937/31/24
f 13938/24/5 13940/25/5 13935/26/5 13934/27/5
f 13941/18/4 13944/20/4 13939/34/4 13937/35/4
f 13936/22/1 13935/39/1 13940/36/1 13943/23/1
f 13950/124/4 13850/2/4 13947/125/4 13953/126/4
f 13946/127/4 13954/111/4 13956/110/4 13945/128/4
f 13956/110/3 13954/111/3 13958/111/3 13960/110/3
f 13955/121/19 13956/110/19 13960/110/19 13959/121/19
f 13953/126/4 13947/125/4 13948/122/4 13955/121/4
f 13954/111/1 13953/126/1 13957/126/1 13958/111/1
f 13955/121/5 13959/121/5 13957/126/5 13953/126/5
f 13958/111/4 13957/126/4 13959/121/4 13960/110/4
f 13849/1/1 13949/129/1 13954/111/1 13946/127/1
f 13949/129/4 13950/124/4 13953/126/4 13954/111/4
f 13945/128/1 13956/110/1 13952/130/1 13851/9/1
f 13956/110/4 13955/121/4 13951/123/4 13952/130/4
f 13982/69/4 13981/70/4 13983/71/4 13984/72/4
f 13978/73/4 13977/74/4 13979/75/4 13980/76/4
f 13974/77/4 13973/78/4 13975/79/4 13976/80/4
f 13986/81/5 13985/82/5 13973/78/5 13974/77/5
f 13987/83/3 13988/84/3 13976/80/3 13975/79/3
f 13990/85/5 13989/86/5 13977/74/5 13978/73/5
f 13991/87/3 13992/88/3 13980/76/3 13979/75/3
f 13994/89/5 13993/90/5 13981/70/5 13982/69/5
f 13995/91/3 13996/92/3 13984/72/3 13983/71/3
f 13978/73/32 13980/76/32 13992/88/32 13990/93/32
f 13982/69/32 13984/72/32 13996/92/32 13994/94/32
f 13974/77/32 13976/80/32 13988/84/32 13986/95/32
f 13993/90/33 13995/96/33 13983/71/33 13981/70/33
f 13989/86/33 13991/97/33 13979/75/33 13977/74/33
f 13985/82/33 13987/98/33 13975/79/33 13973/78/33
f 13965/99/4 13987/98/4 13985/82/4 13972/100/4
f 13963/101/4 13972/102/4 13985/103/4 13986/81/4
f 13971/104/4 13963/105/4 13986/95/4 13988/84/4
f 13987/98/4 13965/99/4 13966/106/4 13989/107/4
f 13988/108/4 13987/83/4 13989/107/4 13990/85/4
f 13971/104/4 13988/108/4 13990/93/4 13970/109/4
f 13967/110/4 13991/97/4 13989/86/4 13966/106/4
f 13969/111/4 13970/109/4 13990/93/4 13992/88/4
f 13991/97/4 13967/110/4 13968/112/4 13993/113/4
f 13992/114/4 13991/87/4 13993/113/4 13994/89/4
f 13969/111/4 13992/114/4 13994/94/4 13964/115/4
f 13962/116/4 13995/96/4 13993/90/4 13968/112/4
f 13964/115/4 13994/94/4 13996/92/4 13961/117/4
f 13996/118/4 13995/91/4 13962/119/4 13961/120/4
f 13997/12/3 13998/13/3 14001/14/3 13999/15/3
f 14002/16/24 13999/15/24 14000/17/24 14003/18/24
f 14006/19/31 14000/17/31 13999/15/31 14001/14/31
f 14000/17/4 14006/19/4 14004/20/4 14003/18/4
f 14001/14/25 14005/21/25 14004/20/25 14006/19/25
f 13998/13/1 14007/22/1 14005/23/1 14001/14/1
f 14010/24/5 14012/25/5 14009/26/5 14008/27/5
f 14010/28/24 14013/29/24 14014/30/24 14011/31/24
f 14011/32/30 14017/33/30 14012/25/30 14010/24/30
f 14014/18/4 14015/20/4 14017/34/4 14011/35/4
f 14016/23/25 14012/36/25 14017/37/25 14015/38/25
f 14018/22/1 14009/39/1 14012/36/1 14016/23/1
f 14019/12/3 14020/13/3 14023/14/3 14021/15/3
f 14024/16/24 14021/15/24 14022/17/24 14025/18/24
f 14028/19/31 14022/17/31 14021/15/31 14023/14/31
f 14022/17/4 14028/19/4 14026/20/4 14025/18/4
f 14023/14/25 14027/21/25 14026/20/25 14028/19/25
f 14020/13/1 14029/22/1 14027/23/1 14023/14/1
f 14032/24/5 14034/25/5 14031/26/5 14030/27/5
f 14032/28/24 14035/29/24 14036/30/24 14033/31/24
f 14033/32/30 14039/33/30 14034/25/30 14032/24/30
f 14036/18/4 14037/20/4 14039/34/4 14033/35/4
f 14038/23/25 14034/36/25 14039/37/25 14037/38/25
f 14040/22/1 14031/39/1 14034/36/1 14038/23/1
f 14043/24/5 14045/25/5 14042/26/5 14041/27/5
f 14043/41/24 14046/15/24 14047/42/24 14044/35/24
f 14044/35/30 14052/34/30 14045/40/30 14043/41/30
f 14051/19/31 14047/42/31 14046/15/31 14048/14/31
f 14049/12/3 14050/13/3 14048/14/3 14046/15/3
f 14050/13/1 14042/39/1 14045/36/1 14048/14/1
f 14048/14/25 14045/40/25 14052/34/25 14051/19/25
f 14047/42/4 14051/19/4 14052/34/4 14044/35/4
f 14055/24/5 14057/25/5 14054/26/5 14053/27/5
f 14055/41/24 14058/15/24 14059/42/24 14056/35/24
f 14056/35/30 14064/34/30 14057/40/30 14055/41/30
f 14063/19/31 14059/42/31 14058/15/31 14060/14/31
f 14061/12/3 14062/13/3 14060/14/3 14058/15/3
f 14062/13/1 14054/39/1 14057/36/1 14060/14/1
f 14060/14/25 14057/40/25 14064/34/25 14063/19/25
f 14059/42/4 14063/19/4 14064/34/4 14056/35/4
f 14067/24/5 14069/25/5 14066/26/5 14065/27/5
f 14067/41/24 14070/15/24 14071/42/24 14068/35/24
f 14068/35/30 14076/34/30 14069/40/30 14067/41/30
f 14075/19/31 14071/42/31 14070/15/31 14072/14/31
f 14073/12/3 14074/13/3 14072/14/3 14070/15/3
f 14074/13/1 14066/39/1 14069/36/1 14072/14/1
f 14072/14/25 14069/40/25 14076/34/25 14075/19/25
f 14071/42/4 14075/19/4 14076/34/4 14068/35/4
f 14079/24/5 14081/25/5 14078/26/5 14077/27/5
f 14079/41/24 14082/15/24 14083/42/24 14080/35/24
f 14080/35/30 14088/34/30 14081/40/30 14079/41/30
f 14087/19/31 14083/42/31 14082/15/31 14084/14/31
f 14085/12/3 14086/13/3 14084/14/3 14082/15/3
f 14086/13/1 14078/39/1 14081/36/1 14084/14/1
f 14084/14/25 14081/40/25 14088/34/25 14087/19/25
f 14083/42/4 14087/19/4 14088/34/4 14080/35/4
f 14089/1/4 14090/2/4 14092/8/4 14091/9/4
f 14097/35/30 14099/34/30 14100/40/30 14098/41/30
f 14103/19/31 14101/42/31 14102/15/31 14104/14/31
f 14098/41/24 14102/15/24 14101/42/24 14097/35/24
f 14104/14/25 14100/40/25 14099/34/25 14103/19/25
f 14098/24/5 14100/25/5 14094/26/5 14093/27/5
f 14101/42/4 14103/19/4 14099/34/4 14097/35/4
f 14096/13/1 14094/39/1 14100/36/1 14104/14/1
f 14095/12/3 14096/13/3 14104/14/3 14102/15/3
f 14109/35/30 14111/34/30 14112/40/30 14110/41/30
f 14115/19/31 14113/42/31 14114/15/31 14116/14/31
f 14110/41/24 14114/15/24 14113/42/24 14109/35/24
f 14116/14/25 14112/40/25 14111/34/25 14115/19/25
f 14110/24/5 14112/25/5 14106/26/5 14105/27/5
f 14113/42/4 14115/19/4 14111/34/4 14109/35/4
f 14108/13/1 14106/39/1 14112/36/1 14116/14/1
f 14107/12/3 14108/13/3 14116/14/3 14114/15/3
f 14121/35/30 14123/34/30 14124/40/30 14122/41/30
f 14127/19/31 14125/42/31 14126/15/31 14128/14/31
f 14122/41/24 14126/15/24 14125/42/24 14121/35/24
f 14128/14/25 14124/40/25 14123/34/25 14127/19/25
f 14122/24/5 14124/25/5 14118/26/5 14117/27/5
f 14125/42/4 14127/19/4 14123/34/4 14121/35/4
f 14120/13/1 14118/39/1 14124/36/1 14128/14/1
f 14119/12/3 14120/13/3 14128/14/3 14126/15/3
f 14133/35/30 14135/34/30 14136/40/30 14134/41/30
f 14139/19/31 14137/42/31 14138/15/31 14140/14/31
f 14134/41/24 14138/15/24 14137/42/24 14133/35/24
f 14140/14/25 14136/40/25 14135/34/25 14139/19/25
f 14134/24/5 14136/25/5 14130/26/5 14129/27/5
f 14137/42/4 14139/19/4 14135/34/4 14133/35/4
f 14132/13/1 14130/39/1 14136/36/1 14140/14/1
f 14131/12/3 14132/13/3 14140/14/3 14138/15/3
f 14146/19/31 14144/17/31 14145/15/31 14147/14/31
f 14148/16/24 14145/15/24 14144/17/24 14149/18/24
f 14147/14/25 14151/21/25 14150/20/25 14146/19/25
f 14141/12/3 14142/13/3 14147/14/3 14145/15/3
f 14144/17/4 14146/19/4 14150/20/4 14149/18/4
f 14142/13/1 14143/22/1 14151/23/1 14147/14/1
f 14157/19/31 14155/17/31 14156/15/31 14158/14/31
f 14159/16/24 14156/15/24 14155/17/24 14160/18/24
f 14158/14/25 14162/21/25 14161/20/25 14157/19/25
f 14152/12/3 14153/13/3 14158/14/3 14156/15/3
f 14155/17/4 14157/19/4 14161/20/4 14160/18/4
f 14153/13/1 14154/22/1 14162/23/1 14158/14/1
f 14166/32/30 14168/33/30 14169/25/30 14167/24/30
f 14172/23/25 14169/36/25 14168/37/25 14173/38/25
f 14167/28/24 14171/29/24 14170/30/24 14166/31/24
f 14167/24/5 14169/25/5 14164/26/5 14163/27/5
f 14170/18/4 14173/20/4 14168/34/4 14166/35/4
f 14165/22/1 14164/39/1 14169/36/1 14172/23/1
f 14177/32/30 14179/33/30 14180/25/30 14178/24/30
f 14183/23/25 14180/36/25 14179/37/25 14184/38/25
f 14178/28/24 14182/29/24 14181/30/24 14177/31/24
f 14178/24/5 14180/25/5 14175/26/5 14174/27/5
f 14181/18/4 14184/20/4 14179/34/4 14177/35/4
f 14176/22/1 14175/39/1 14180/36/1 14183/23/1
f 14291/121/4 14284/122/4 14188/8/4 14287/123/4
f 14193/35/30 14195/34/30 14196/40/30 14194/41/30
f 14199/19/31 14197/42/31 14198/15/31 14200/14/31
f 14194/41/24 14198/15/24 14197/42/24 14193/35/24
f 14200/14/25 14196/40/25 14195/34/25 14199/19/25
f 14194/24/5 14196/25/5 14190/26/5 14189/27/5
f 14197/42/4 14199/19/4 14195/34/4 14193/35/4
f 14192/13/1 14190/39/1 14196/36/1 14200/14/1
f 14191/12/3 14192/13/3 14200/14/3 14198/15/3
f 14205/35/30 14207/34/30 14208/40/30 14206/41/30
f 14211/19/31 14209/42/31 14210/15/31 14212/14/31
f 14206/41/24 14210/15/24 14209/42/24 14205/35/24
f 14212/14/25 14208/40/25 14207/34/25 14211/19/25
f 14206/24/5 14208/25/5 14202/26/5 14201/27/5
f 14209/42/4 14211/19/4 14207/34/4 14205/35/4
f 14204/13/1 14202/39/1 14208/36/1 14212/14/1
f 14203/12/3 14204/13/3 14212/14/3 14210/15/3
f 14217/35/30 14219/34/30 14220/40/30 14218/41/30
f 14223/19/31 14221/42/31 14222/15/31 14224/14/31
f 14218/41/24 14222/15/24 14221/42/24 14217/35/24
f 14224/14/25 14220/40/25 14219/34/25 14223/19/25
f 14218/24/5 14220/25/5 14214/26/5 14213/27/5
f 14221/42/4 14223/19/4 14219/34/4 14217/35/4
f 14216/13/1 14214/39/1 14220/36/1 14224/14/1
f 14215/12/3 14216/13/3 14224/14/3 14222/15/3
f 14229/35/30 14231/34/30 14232/40/30 14230/41/30
f 14235/19/31 14233/42/31 14234/15/31 14236/14/31
f 14230/41/24 14234/15/24 14233/42/24 14229/35/24
f 14236/14/25 14232/40/25 14231/34/25 14235/19/25
f 14230/24/5 14232/25/5 14226/26/5 14225/27/5
f 14233/42/4 14235/19/4 14231/34/4 14229/35/4
f 14228/13/1 14226/39/1 14232/36/1 14236/14/1
f 14227/12/3 14228/13/3 14236/14/3 14234/15/3
f 14242/19/31 14240/17/31 14241/15/31 14243/14/31
f 14244/16/24 14241/15/24 14240/17/24 14245/18/24
f 14243/14/25 14247/21/25 14246/20/25 14242/19/25
f 14237/12/3 14238/13/3 14243/14/3 14241/15/3
f 14240/17/4 14242/19/4 14246/20/4 14245/18/4
f 14238/13/1 14239/22/1 14247/23/1 14243/14/1
f 14253/19/31 14251/17/31 14252/15/31 14254/14/31
f 14255/16/24 14252/15/24 14251/17/24 14256/18/24
f 14254/14/25 14258/21/25 14257/20/25 14253/19/25
f 14248/12/3 14249/13/3 14254/14/3 14252/15/3
f 14251/17/4 14253/19/4 14257/20/4 14256/18/4
f 14249/13/1 14250/22/1 14258/23/1 14254/14/1
f 14262/32/30 14264/33/30 14265/25/30 14263/24/30
f 14268/23/25 14265/36/25 14264/37/25 14269/38/25
f 14263/28/24 14267/29/24 14266/30/24 14262/31/24
f 14263/24/5 14265/25/5 14260/26/5 14259/27/5
f 14266/18/4 14269/20/4 14264/34/4 14262/35/4
f 14261/22/1 14260/39/1 14265/36/1 14268/23/1
f 14273/32/30 14275/33/30 14276/25/30 14274/24/30
f 14279/23/25 14276/36/25 14275/37/25 14280/38/25
f 14274/28/24 14278/29/24 14277/30/24 14273/31/24
f 14274/24/5 14276/25/5 14271/26/5 14270/27/5
f 14277/18/4 14280/20/4 14275/34/4 14273/35/4
f 14272/22/1 14271/39/1 14276/36/1 14279/23/1
f 14286/124/4 14186/2/4 14283/125/4 14289/126/4
f 14282/127/4 14290/111/4 14292/110/4 14281/128/4
f 14292/110/3 14290/111/3 14294/111/3 14296/110/3
f 14291/121/19 14292/110/19 14296/110/19 14295/121/19
f 14289/126/4 14283/125/4 14284/122/4 14291/121/4
f 14290/111/1 14289/126/1 14293/126/1 14294/111/1
f 14291/121/5 14295/121/5 14293/126/5 14289/126/5
f 14294/111/4 14293/126/4 14295/121/4 14296/110/4
f 14185/1/1 14285/129/1 14290/111/1 14282/127/1
f 14285/129/4 14286/124/4 14289/126/4 14290/111/4
f 14281/128/1 14292/110/1 14288/130/1 14187/9/1
f 14292/110/4 14291/121/4 14287/123/4 14288/130/4
f 14299/12/3 14300/13/3 14303/14/3 14301/15/3
f 14304/16/24 14301/15/24 14302/17/24 14305/18/24
f 14308/19/31 14302/17/31 14301/15/31 14303/14/31
f 14302/17/4 14308/19/4 14306/20/4 14305/18/4
f 14303/14/25 14307/21/25 14306/20/25 14308/19/25
f 14300/13/1 14309/22/1 14307/23/1 14303/14/1
f 14312/24/5 14314/25/5 14311/26/5 14310/27/5
f 14313/35/30 14321/34/30 14314/40/30 14312/41/30
f 14312/41/24 14315/15/24 14316/42/24 14313/35/24
f 14320/19/31 14316/42/31 14315/15/31 14317/14/31
f 14318/12/3 14319/13/3 14317/14/3 14315/15/3
f 14319/13/1 14311/39/1 14314/36/1 14317/14/1
f 14317/14/25 14314/40/25 14321/34/25 14320/19/25
f 14316/42/4 14320/19/4 14321/34/4 14313/35/4
f 14324/24/5 14326/25/5 14323/26/5 14322/27/5
f 14325/35/30 14333/34/30 14326/40/30 14324/41/30
f 14324/41/24 14327/15/24 14328/42/24 14325/35/24
f 14332/19/31 14328/42/31 14327/15/31 14329/14/31
f 14330/12/3 14331/13/3 14329/14/3 14327/15/3
f 14331/13/1 14323/39/1 14326/36/1 14329/14/1
f 14329/14/25 14326/40/25 14333/34/25 14332/19/25
f 14328/42/4 14332/19/4 14333/34/4 14325/35/4
f 14389/11/4 14350/10/4 14298/1/4 14397/2/4
f 14297/1/1 14350/10/1 14389/11/1 14334/1/1
f 14359/43/15 14357/44/15 14340/44/15 14341/43/15
f 14357/44/13 14356/45/13 14344/46/13 14340/44/13
f 14365/47/16 14364/48/16 14339/48/16 14343/49/16
f 14340/44/1 14344/46/1 14345/50/1 14341/43/1
f 14338/51/1 14342/52/1 14343/49/1 14339/48/1
f 14335/56/1 14346/57/1 14337/58/1 14336/10/1
f 14361/59/16 14359/43/16 14341/43/16 14345/50/16
f 14356/45/14 14361/59/14 14345/50/14 14344/46/14
f 14349/10/15 14348/56/15 14335/56/15 14336/10/15
f 14367/60/14 14365/47/14 14343/49/14 14342/52/14
f 14369/63/13 14367/60/13 14342/52/13 14338/51/13
f 14348/56/13 14354/64/13 14346/57/13 14335/56/13
f 14354/64/14 14351/58/14 14337/58/14 14346/57/14
f 14364/48/15 14369/63/15 14338/51/15 14339/48/15
f 14353/65/2 14352/58/2 14351/58/2 14354/64/2
f 14350/10/4 14347/66/4 14348/56/4 14349/10/4
f 14355/67/2 14362/59/2 14361/59/2 14356/45/2
f 14360/43/4 14358/68/4 14357/44/4 14359/43/4
f 14363/48/4 14391/63/4 14369/63/4 14364/48/4
f 14368/60/2 14366/47/2 14365/47/2 14367/60/2
f 14361/59/5 14362/59/5 14381/59/5 14380/59/5
f 14366/47/5 14363/48/5 14382/48/5 14385/47/5
f 14353/65/3 14354/64/3 14373/64/3 14372/65/3
f 14355/67/3 14356/45/3 14375/45/3 14374/67/3
f 14364/48/5 14365/47/5 14384/47/5 14383/48/5
f 14348/56/3 14347/66/3 14370/66/3 14371/56/3
f 14363/48/5 14364/48/5 14383/48/5 14382/48/5
f 14362/59/5 14360/43/5 14379/43/5 14381/59/5
f 14357/44/3 14358/68/3 14377/68/3 14376/44/3
f 14347/66/3 14353/65/3 14372/65/3 14370/66/3
f 14359/43/5 14361/59/5 14380/59/5 14378/43/5
f 14365/47/5 14366/47/5 14385/47/5 14384/47/5
f 14354/64/3 14348/56/3 14371/56/3 14373/64/3
f 14358/68/3 14355/67/3 14374/67/3 14377/68/3
f 14360/43/5 14359/43/5 14378/43/5 14379/43/5
f 14356/45/3 14357/44/3 14376/44/3 14375/45/3
f 14373/64/1 14371/56/1 14378/43/1 14380/59/1
f 14370/66/4 14379/43/4 14378/43/4 14371/56/4
f 14372/65/2 14373/64/2 14380/59/2 14381/59/2
f 14374/67/2 14375/45/2 14384/47/2 14385/47/2
f 14375/45/1 14376/44/1 14383/48/1 14384/47/1
f 14376/44/4 14377/68/4 14382/48/4 14383/48/4
f 14387/44/15 14388/44/15 14393/46/15 14390/45/15
f 14391/67/5 14390/45/5 14386/59/5 14392/59/5
f 14387/44/4 14390/45/4 14391/67/4 14389/68/4
f 14390/45/16 14393/46/16 14394/50/16 14386/59/16
f 14394/131/1 14393/46/1 14388/44/1
f 14400/3/5 14399/2/5 14397/2/5 14395/2/5
f 14398/2/4 14400/3/4 14395/2/4 14396/2/4
f 14404/32/30 14406/33/30 14407/25/30 14405/24/30
f 14405/24/5 14407/25/5 14402/26/5 14401/27/5
f 14403/22/1 14402/39/1 14407/23/1
f 14411/2/24 14404/5/24 14405/3/24 14409/2/24
f 14408/2/25 14407/5/25 14406/5/25 14410/2/25
f 14410/2/4 14406/5/4 14404/5/4 14411/2/4
f 14408/2/1 14403/1/1 14407/5/1
f 14414/2/3 14413/2/3 14416/2/3 14417/2/3
f 14413/2/4 14412/2/4 14415/2/4 14416/2/4
f 14415/2/5 14412/2/5 14418/2/5 14419/2/5
f 14414/2/2 14417/2/2 14419/2/2 14418/2/2
f 14418/1/1 14412/2/1 14413/2/1 14414/2/1
f 14430/3/3 14429/2/3 14421/2/3 14422/2/3
f 14424/3/5 14437/2/5 14423/2/5 14420/2/5
f 14429/2/4 14424/3/4 14420/2/4 14421/2/4
f 14437/2/2 14430/3/2 14422/2/2 14423/2/2
f 14419/2/2 14417/2/2 14433/2/2 14434/2/2
f 14435/2/2 14432/4/2 14431/5/2 14436/2/2
f 14416/2/4 14415/2/4 14425/2/4 14426/4/4
f 14441/2/24 14444/2/24 14439/2/24 14427/2/24
f 14427/2/4 14439/2/4 14438/5/4 14428/2/4
f 14447/2/24 14450/5/24 14424/3/24 14429/2/24
f 14415/2/5 14419/2/5 14434/2/5 14425/2/5
f 14439/2/5 14435/2/5 14436/2/5 14438/5/5
f 14417/2/3 14416/2/3 14426/4/3 14433/2/3
f 14442/2/6 14441/2/6 14427/2/6 14432/4/6
f 14432/4/3 14427/2/3 14428/2/3 14431/5/3
f 14448/5/6 14447/2/6 14429/2/6 14430/3/6
f 14433/2/9 14426/4/9 14440/5/9 14443/2/9
f 14443/2/3 14440/5/3 14441/2/3 14442/2/3
f 14426/4/25 14425/2/25 14445/3/25 14440/5/25
f 14440/5/4 14445/3/4 14444/2/4 14441/2/4
f 14431/5/9 14428/2/9 14446/2/9 14449/5/9
f 14449/5/3 14446/2/3 14447/2/3 14448/5/3
f 14428/2/25 14438/5/25 14451/5/25 14446/2/25
f 14446/2/4 14451/5/4 14450/5/4 14447/2/4
f 14454/2/3 14453/2/3 14456/2/3 14457/2/3
f 14453/2/4 14452/2/4 14455/2/4 14456/2/4
f 14455/2/5 14452/2/5 14458/2/5 14459/2/5
f 14454/2/2 14457/2/2 14459/2/2 14458/2/2
f 14458/1/1 14452/2/1 14453/2/1 14454/2/1
f 14470/3/3 14469/2/3 14461/2/3 14462/2/3
f 14464/3/5 14477/2/5 14463/2/5 14460/2/5
f 14469/2/4 14464/3/4 14460/2/4 14461/2/4
f 14477/2/2 14470/3/2 14462/2/2 14463/2/2
f 14459/2/2 14457/2/2 14473/2/2 14474/2/2
f 14475/2/2 14472/4/2 14471/5/2 14476/2/2
f 14456/2/4 14455/2/4 14465/2/4 14466/4/4
f 14481/2/24 14484/2/24 14479/2/24 14467/2/24
f 14467/2/4 14479/2/4 14478/5/4 14468/2/4
f 14487/2/24 14490/5/24 14464/3/24 14469/2/24
f 14455/2/5 14459/2/5 14474/2/5 14465/2/5
f 14479/2/5 14475/2/5 14476/2/5 14478/5/5
f 14457/2/3 14456/2/3 14466/4/3 14473/2/3
f 14482/2/6 14481/2/6 14467/2/6 14472/4/6
f 14472/4/3 14467/2/3 14468/2/3 14471/5/3
f 14488/5/6 14487/2/6 14469/2/6 14470/3/6
f 14473/2/9 14466/4/9 14480/5/9 14483/2/9
f 14483/2/3 14480/5/3 14481/2/3 14482/2/3
f 14466/4/25 14465/2/25 14485/3/25 14480/5/25
f 14480/5/4 14485/3/4 14484/2/4 14481/2/4
f 14471/5/9 14468/2/9 14486/2/9 14489/5/9
f 14489/5/3 14486/2/3 14487/2/3 14488/5/3
f 14468/2/25 14478/5/25 14491/5/25 14486/2/25
f 14486/2/4 14491/5/4 14490/5/4 14487/2/4
f 14494/2/3 14493/2/3 14496/2/3 14497/2/3
f 14493/2/4 14492/2/4 14495/2/4 14496/2/4
f 14495/2/5 14492/2/5 14498/2/5 14499/2/5
f 14494/2/2 14497/2/2 14499/2/2 14498/2/2
f 14498/1/1 14492/2/1 14493/2/1 14494/2/1
f 14510/3/3 14509/2/3 14501/2/3 14502/2/3
f 14504/3/5 14517/2/5 14503/2/5 14500/2/5
f 14509/2/4 14504/3/4 14500/2/4 14501/2/4
f 14517/2/2 14510/3/2 14502/2/2 14503/2/2
f 14499/2/2 14497/2/2 14513/2/2 14514/2/2
f 14515/2/2 14512/4/2 14511/5/2 14516/2/2
f 14496/2/4 14495/2/4 14505/2/4 14506/4/4
f 14521/2/24 14524/2/24 14519/2/24 14507/2/24
f 14507/2/4 14519/2/4 14518/5/4 14508/2/4
f 14527/2/24 14530/5/24 14504/3/24 14509/2/24
f 14495/2/5 14499/2/5 14514/2/5 14505/2/5
f 14519/2/5 14515/2/5 14516/2/5 14518/5/5
f 14497/2/3 14496/2/3 14506/4/3 14513/2/3
f 14522/2/6 14521/2/6 14507/2/6 14512/4/6
f 14512/4/3 14507/2/3 14508/2/3 14511/5/3
f 14528/5/6 14527/2/6 14509/2/6 14510/3/6
f 14513/2/9 14506/4/9 14520/5/9 14523/2/9
f 14523/2/3 14520/5/3 14521/2/3 14522/2/3
f 14506/4/25 14505/2/25 14525/3/25 14520/5/25
f 14520/5/4 14525/3/4 14524/2/4 14521/2/4
f 14511/5/9 14508/2/9 14526/2/9 14529/5/9
f 14529/5/3 14526/2/3 14527/2/3 14528/5/3
f 14508/2/25 14518/5/25 14531/5/25 14526/2/25
f 14526/2/4 14531/5/4 14530/5/4 14527/2/4
f 14534/2/3 14533/2/3 14536/2/3 14537/2/3
f 14533/2/4 14532/2/4 14535/2/4 14536/2/4
f 14535/2/5 14532/2/5 14538/2/5 14539/2/5
f 14534/2/2 14537/2/2 14539/2/2 14538/2/2
f 14538/1/1 14532/2/1 14533/2/1 14534/2/1
f 14550/3/3 14549/2/3 14541/2/3 14542/2/3
f 14544/3/5 14557/2/5 14543/2/5 14540/2/5
f 14549/2/4 14544/3/4 14540/2/4 14541/2/4
f 14557/2/2 14550/3/2 14542/2/2 14543/2/2
f 14539/2/2 14537/2/2 14553/2/2 14554/2/2
f 14555/2/2 14552/4/2 14551/5/2 14556/2/2
f 14536/2/4 14535/2/4 14545/2/4 14546/4/4
f 14561/2/24 14564/2/24 14559/2/24 14547/2/24
f 14547/2/4 14559/2/4 14558/5/4 14548/2/4
f 14567/2/24 14570/5/24 14544/3/24 14549/2/24
f 14535/2/5 14539/2/5 14554/2/5 14545/2/5
f 14559/2/5 14555/2/5 14556/2/5 14558/5/5
f 14537/2/3 14536/2/3 14546/4/3 14553/2/3
f 14562/2/6 14561/2/6 14547/2/6 14552/4/6
f 14552/4/3 14547/2/3 14548/2/3 14551/5/3
f 14568/5/6 14567/2/6 14549/2/6 14550/3/6
f 14553/2/9 14546/4/9 14560/5/9 14563/2/9
f 14563/2/3 14560/5/3 14561/2/3 14562/2/3
f 14546/4/25 14545/2/25 14565/3/25 14560/5/25
f 14560/5/4 14565/3/4 14564/2/4 14561/2/4
f 14551/5/9 14548/2/9 14566/2/9 14569/5/9
f 14569/5/3 14566/2/3 14567/2/3 14568/5/3
f 14548/2/25 14558/5/25 14571/5/25 14566/2/25
f 14566/2/4 14571/5/4 14570/5/4 14567/2/4
f 14574/2/3 14573/2/3 14576/2/3 14577/2/3
f 14573/2/4 14572/2/4 14575/2/4 14576/2/4
f 14575/2/5 14572/2/5 14578/2/5 14579/2/5
f 14574/2/2 14577/2/2 14579/2/2 14578/2/2
f 14578/1/1 14572/2/1 14573/2/1 14574/2/1
f 14590/3/3 14589/2/3 14581/2/3 14582/2/3
f 14584/3/5 14597/2/5 14583/2/5 14580/2/5
f 14589/2/4 14584/3/4 14580/2/4 14581/2/4
f 14597/2/2 14590/3/2 14582/2/2 14583/2/2
f 14579/2/2 14577/2/2 14593/2/2 14594/2/2
f 14595/2/2 14592/4/2 14591/5/2 14596/2/2
f 14576/2/4 14575/2/4 14585/2/4 14586/4/4
f 14601/2/24 14604/2/24 14599/2/24 14587/2/24
f 14587/2/4 14599/2/4 14598/5/4 14588/2/4
f 14607/2/24 14610/5/24 14584/3/24 14589/2/24
f 14575/2/5 14579/2/5 14594/2/5 14585/2/5
f 14599/2/5 14595/2/5 14596/2/5 14598/5/5
f 14577/2/3 14576/2/3 14586/4/3 14593/2/3
f 14602/2/6 14601/2/6 14587/2/6 14592/4/6
f 14592/4/3 14587/2/3 14588/2/3 14591/5/3
f 14608/5/6 14607/2/6 14589/2/6 14590/3/6
f 14593/2/9 14586/4/9 14600/5/9 14603/2/9
f 14603/2/3 14600/5/3 14601/2/3 14602/2/3
f 14586/4/25 14585/2/25 14605/3/25 14600/5/25
f 14600/5/4 14605/3/4 14604/2/4 14601/2/4
f 14591/5/9 14588/2/9 14606/2/9 14609/5/9
f 14609/5/3 14606/2/3 14607/2/3 14608/5/3
f 14588/2/25 14598/5/25 14611/5/25 14606/2/25
f 14606/2/4 14611/5/4 14610/5/4 14607/2/4
f 14614/2/3 14613/2/3 14616/2/3 14617/2/3
f 14613/2/4 14612/2/4 14615/2/4 14616/2/4
f 14615/2/5 14612/2/5 14618/2/5 14619/2/5
f 14614/2/2 14617/2/2 14619/2/2 14618/2/2
f 14618/1/1 14612/2/1 14613/2/1 14614/2/1
f 14630/3/3 14629/2/3 14621/2/3 14622/2/3
f 14624/3/5 14637/2/5 14623/2/5 14620/2/5
f 14629/2/4 14624/3/4 14620/2/4 14621/2/4
f 14637/2/2 14630/3/2 14622/2/2 14623/2/2
f 14619/2/2 14617/2/2 14633/2/2 14634/2/2
f 14635/2/2 14632/4/2 14631/5/2 14636/2/2
f 14616/2/4 14615/2/4 14625/2/4 14626/4/4
f 14641/2/24 14644/2/24 14639/2/24 14627/2/24
f 14627/2/4 14639/2/4 14638/5/4 14628/2/4
f 14647/2/24 14650/5/24 14624/3/24 14629/2/24
f 14615/2/5 14619/2/5 14634/2/5 14625/2/5
f 14639/2/5 14635/2/5 14636/2/5 14638/5/5
f 14617/2/3 14616/2/3 14626/4/3 14633/2/3
f 14642/2/6 14641/2/6 14627/2/6 14632/4/6
f 14632/4/3 14627/2/3 14628/2/3 14631/5/3
f 14648/5/6 14647/2/6 14629/2/6 14630/3/6
f 14633/2/9 14626/4/9 14640/5/9 14643/2/9
f 14643/2/3 14640/5/3 14641/2/3 14642/2/3
f 14626/4/25 14625/2/25 14645/3/25 14640/5/25
f 14640/5/4 14645/3/4 14644/2/4 14641/2/4
f 14631/5/9 14628/2/9 14646/2/9 14649/5/9
f 14649/5/3 14646/2/3 14647/2/3 14648/5/3
f 14628/2/25 14638/5/25 14651/5/25 14646/2/25
f 14646/2/4 14651/5/4 14650/5/4 14647/2/4
f 14654/2/3 14653/2/3 14656/2/3 14657/2/3
f 14653/2/4 14652/2/4 14655/2/4 14656/2/4
f 14655/2/5 14652/2/5 14658/2/5 14659/2/5
f 14654/2/2 14657/2/2 14659/2/2 14658/2/2
f 14658/1/1 14652/2/1 14653/2/1 14654/2/1
f 14670/3/3 14669/2/3 14661/2/3 14662/2/3
f 14664/3/5 14677/2/5 14663/2/5 14660/2/5
f 14669/2/4 14664/3/4 14660/2/4 14661/2/4
f 14677/2/2 14670/3/2 14662/2/2 14663/2/2
f 14659/2/2 14657/2/2 14673/2/2 14674/2/2
f 14675/2/2 14672/4/2 14671/5/2 14676/2/2
f 14656/2/4 14655/2/4 14665/2/4 14666/4/4
f 14681/2/24 14684/2/24 14679/2/24 14667/2/24
f 14667/2/4 14679/2/4 14678/5/4 14668/2/4
f 14687/2/24 14690/5/24 14664/3/24 14669/2/24
f 14655/2/5 14659/2/5 14674/2/5 14665/2/5
f 14679/2/5 14675/2/5 14676/2/5 14678/5/5
f 14657/2/3 14656/2/3 14666/4/3 14673/2/3
f 14682/2/6 14681/2/6 14667/2/6 14672/4/6
f 14672/4/3 14667/2/3 14668/2/3 14671/5/3
f 14688/5/6 14687/2/6 14669/2/6 14670/3/6
f 14673/2/9 14666/4/9 14680/5/9 14683/2/9
f 14683/2/3 14680/5/3 14681/2/3 14682/2/3
f 14666/4/25 14665/2/25 14685/3/25 14680/5/25
f 14680/5/4 14685/3/4 14684/2/4 14681/2/4
f 14671/5/9 14668/2/9 14686/2/9 14689/5/9
f 14689/5/3 14686/2/3 14687/2/3 14688/5/3
f 14668/2/25 14678/5/25 14691/5/25 14686/2/25
f 14686/2/4 14691/5/4 14690/5/4 14687/2/4
f 14694/2/3 14693/2/3 14696/2/3 14697/2/3
f 14693/2/4 14692/2/4 14695/2/4 14696/2/4
f 14695/2/5 14692/2/5 14698/2/5 14699/2/5
f 14694/2/2 14697/2/2 14699/2/2 14698/2/2
f 14698/1/1 14692/2/1 14693/2/1 14694/2/1
f 14710/3/3 14709/2/3 14701/2/3 14702/2/3
f 14704/3/5 14717/2/5 14703/2/5 14700/2/5
f 14709/2/4 14704/3/4 14700/2/4 14701/2/4
f 14717/2/2 14710/3/2 14702/2/2 14703/2/2
f 14699/2/2 14697/2/2 14713/2/2 14714/2/2
f 14715/2/2 14712/4/2 14711/5/2 14716/2/2
f 14696/2/4 14695/2/4 14705/2/4 14706/4/4
f 14721/2/24 14724/2/24 14719/2/24 14707/2/24
f 14707/2/4 14719/2/4 14718/5/4 14708/2/4
f 14727/2/24 14730/5/24 14704/3/24 14709/2/24
f 14695/2/5 14699/2/5 14714/2/5 14705/2/5
f 14719/2/5 14715/2/5 14716/2/5 14718/5/5
f 14697/2/3 14696/2/3 14706/4/3 14713/2/3
f 14722/2/6 14721/2/6 14707/2/6 14712/4/6
f 14712/4/3 14707/2/3 14708/2/3 14711/5/3
f 14728/5/6 14727/2/6 14709/2/6 14710/3/6
f 14713/2/9 14706/4/9 14720/5/9 14723/2/9
f 14723/2/3 14720/5/3 14721/2/3 14722/2/3
f 14706/4/25 14705/2/25 14725/3/25 14720/5/25
f 14720/5/4 14725/3/4 14724/2/4 14721/2/4
f 14711/5/9 14708/2/9 14726/2/9 14729/5/9
f 14729/5/3 14726/2/3 14727/2/3 14728/5/3
f 14708/2/25 14718/5/25 14731/5/25 14726/2/25
f 14726/2/4 14731/5/4 14730/5/4 14727/2/4
f 14734/2/3 14733/2/3 14736/2/3 14737/2/3
f 14733/2/4 14732/2/4 14735/2/4 14736/2/4
f 14735/2/5 14732/2/5 14738/2/5 14739/2/5
f 14734/2/2 14737/2/2 14739/2/2 14738/2/2
f 14738/1/1 14732/2/1 14733/2/1 14734/2/1
f 14750/3/3 14749/2/3 14741/2/3 14742/2/3
f 14744/3/5 14757/2/5 14743/2/5 14740/2/5
f 14749/2/4 14744/3/4 14740/2/4 14741/2/4
f 14757/2/2 14750/3/2 14742/2/2 14743/2/2
f 14739/2/2 14737/2/2 14753/2/2 14754/2/2
f 14755/2/2 14752/4/2 14751/5/2 14756/2/2
f 14736/2/4 14735/2/4 14745/2/4 14746/4/4
f 14761/2/24 14764/2/24 14759/2/24 14747/2/24
f 14747/2/4 14759/2/4 14758/5/4 14748/2/4
f 14767/2/24 14770/5/24 14744/3/24 14749/2/24
f 14735/2/5 14739/2/5 14754/2/5 14745/2/5
f 14759/2/5 14755/2/5 14756/2/5 14758/5/5
f 14737/2/3 14736/2/3 14746/4/3 14753/2/3
f 14762/2/6 14761/2/6 14747/2/6 14752/4/6
f 14752/4/3 14747/2/3 14748/2/3 14751/5/3
f 14768/5/6 14767/2/6 14749/2/6 14750/3/6
f 14753/2/9 14746/4/9 14760/5/9 14763/2/9
f 14763/2/3 14760/5/3 14761/2/3 14762/2/3
f 14746/4/25 14745/2/25 14765/3/25 14760/5/25
f 14760/5/4 14765/3/4 14764/2/4 14761/2/4
f 14751/5/21 14748/2/21 14766/2/21 14769/5/21
f 14769/5/3 14766/2/3 14767/2/3 14768/5/3
f 14748/2/25 14758/5/25 14771/5/25 14766/2/25
f 14766/2/4 14771/5/4 14770/5/4 14767/2/4
f 14774/2/3 14773/2/3 14776/2/3 14777/2/3
f 14773/2/4 14772/2/4 14775/2/4 14776/2/4
f 14775/2/5 14772/2/5 14778/2/5 14779/2/5
f 14774/2/2 14777/2/2 14779/2/2 14778/2/2
f 14778/1/1 14772/2/1 14773/2/1 14774/2/1
f 14790/3/3 14789/2/3 14781/2/3 14782/2/3
f 14784/3/5 14797/2/5 14783/2/5 14780/2/5
f 14789/2/4 14784/3/4 14780/2/4 14781/2/4
f 14797/2/2 14790/3/2 14782/2/2 14783/2/2
f 14779/2/2 14777/2/2 14793/2/2 14794/2/2
f 14795/2/2 14792/4/2 14791/5/2 14796/2/2
f 14776/2/4 14775/2/4 14785/2/4 14786/4/4
f 14801/2/24 14804/2/24 14799/2/24 14787/2/24
f 14787/2/4 14799/2/4 14798/5/4 14788/2/4
f 14807/2/24 14810/5/24 14784/3/24 14789/2/24
f 14775/2/5 14779/2/5 14794/2/5 14785/2/5
f 14799/2/5 14795/2/5 14796/2/5 14798/5/5
f 14777/2/3 14776/2/3 14786/4/3 14793/2/3
f 14802/2/6 14801/2/6 14787/2/6 14792/4/6
f 14792/4/3 14787/2/3 14788/2/3 14791/5/3
f 14808/5/6 14807/2/6 14789/2/6 14790/3/6
f 14793/2/9 14786/4/9 14800/5/9 14803/2/9
f 14803/2/3 14800/5/3 14801/2/3 14802/2/3
f 14786/4/25 14785/2/25 14805/3/25 14800/5/25
f 14800/5/4 14805/3/4 14804/2/4 14801/2/4
f 14791/5/21 14788/2/21 14806/2/21 14809/5/21
f 14809/5/3 14806/2/3 14807/2/3 14808/5/3
f 14788/2/25 14798/5/25 14811/5/25 14806/2/25
f 14806/2/4 14811/5/4 14810/5/4 14807/2/4
f 14814/2/3 14813/2/3 14816/2/3 14817/2/3
f 14813/2/4 14812/2/4 14815/2/4 14816/2/4
f 14815/2/5 14812/2/5 14818/2/5 14819/2/5
f 14814/2/2 14817/2/2 14819/2/2 14818/2/2
f 14818/1/1 14812/2/1 14813/2/1 14814/2/1
f 14830/3/3 14829/2/3 14821/2/3 14822/2/3
f 14824/3/5 14837/2/5 14823/2/5 14820/2/5
f 14829/2/4 14824/3/4 14820/2/4 14821/2/4
f 14837/2/2 14830/3/2 14822/2/2 14823/2/2
f 14819/2/2 14817/2/2 14833/2/2 14834/2/2
f 14835/2/2 14832/4/2 14831/5/2 14836/2/2
f 14816/2/4 14815/2/4 14825/2/4 14826/4/4
f 14841/2/24 14844/2/24 14839/2/24 14827/2/24
f 14827/2/4 14839/2/4 14838/5/4 14828/2/4
f 14847/2/24 14850/5/24 14824/3/24 14829/2/24
f 14815/2/5 14819/2/5 14834/2/5 14825/2/5
f 14839/2/5 14835/2/5 14836/2/5 14838/5/5
f 14817/2/3 14816/2/3 14826/4/3 14833/2/3
f 14842/2/6 14841/2/6 14827/2/6 14832/4/6
f 14832/4/3 14827/2/3 14828/2/3 14831/5/3
f 14848/5/6 14847/2/6 14829/2/6 14830/3/6
f 14833/2/9 14826/4/9 14840/5/9 14843/2/9
f 14843/2/3 14840/5/3 14841/2/3 14842/2/3
f 14826/4/25 14825/2/25 14845/3/25 14840/5/25
f 14840/5/4 14845/3/4 14844/2/4 14841/2/4
f 14831/5/21 14828/2/21 14846/2/21 14849/5/21
f 14849/5/3 14846/2/3 14847/2/3 14848/5/3
f 14828/2/25 14838/5/25 14851/5/25 14846/2/25
f 14846/2/4 14851/5/4 14850/5/4 14847/2/4
f 14854/2/3 14853/2/3 14856/2/3 14857/2/3
f 14853/2/4 14852/2/4 14855/2/4 14856/2/4
f 14855/2/5 14852/2/5 14858/2/5 14859/2/5
f 14854/2/2 14857/2/2 14859/2/2 14858/2/2
f 14858/1/1 14852/2/1 14853/2/1 14854/2/1
f 14870/3/3 14869/2/3 14861/2/3 14862/2/3
f 14864/3/5 14877/2/5 14863/2/5 14860/2/5
f 14869/2/4 14864/3/4 14860/2/4 14861/2/4
f 14877/2/2 14870/3/2 14862/2/2 14863/2/2
f 14859/2/2 14857/2/2 14873/2/2 14874/2/2
f 14875/2/2 14872/4/2 14871/5/2 14876/2/2
f 14856/2/4 14855/2/4 14865/2/4 14866/4/4
f 14881/2/24 14884/2/24 14879/2/24 14867/2/24
f 14867/2/4 14879/2/4 14878/5/4 14868/2/4
f 14887/2/24 14890/5/24 14864/3/24 14869/2/24
f 14855/2/5 14859/2/5 14874/2/5 14865/2/5
f 14879/2/5 14875/2/5 14876/2/5 14878/5/5
f 14857/2/3 14856/2/3 14866/4/3 14873/2/3
f 14882/2/6 14881/2/6 14867/2/6 14872/4/6
f 14872/4/3 14867/2/3 14868/2/3 14871/5/3
f 14888/5/6 14887/2/6 14869/2/6 14870/3/6
f 14873/2/9 14866/4/9 14880/5/9 14883/2/9
f 14883/2/3 14880/5/3 14881/2/3 14882/2/3
f 14866/4/25 14865/2/25 14885/3/25 14880/5/25
f 14880/5/4 14885/3/4 14884/2/4 14881/2/4
f 14871/5/9 14868/2/9 14886/2/9 14889/5/9
f 14889/5/3 14886/2/3 14887/2/3 14888/5/3
f 14868/2/25 14878/5/25 14891/5/25 14886/2/25
f 14886/2/4 14891/5/4 14890/5/4 14887/2/4
f 14894/2/3 14893/2/3 14896/2/3 14897/2/3
f 14893/2/4 14892/2/4 14895/2/4 14896/2/4
f 14895/2/5 14892/2/5 14898/2/5 14899/2/5
f 14894/2/2 14897/2/2 14899/2/2 14898/2/2
f 14898/1/1 14892/2/1 14893/2/1 14894/2/1
f 14910/3/3 14909/2/3 14901/2/3 14902/2/3
f 14904/3/5 14917/2/5 14903/2/5 14900/2/5
f 14909/2/4 14904/3/4 14900/2/4 14901/2/4
f 14917/2/2 14910/3/2 14902/2/2 14903/2/2
f 14899/2/2 14897/2/2 14913/2/2 14914/2/2
f 14915/2/2 14912/4/2 14911/5/2 14916/2/2
f 14896/2/4 14895/2/4 14905/2/4 14906/4/4
f 14921/2/24 14924/2/24 14919/2/24 14907/2/24
f 14907/2/4 14919/2/4 14918/5/4 14908/2/4
f 14927/2/24 14930/5/24 14904/3/24 14909/2/24
f 14895/2/5 14899/2/5 14914/2/5 14905/2/5
f 14919/2/5 14915/2/5 14916/2/5 14918/5/5
f 14897/2/3 14896/2/3 14906/4/3 14913/2/3
f 14922/2/6 14921/2/6 14907/2/6 14912/4/6
f 14912/4/3 14907/2/3 14908/2/3 14911/5/3
f 14928/5/6 14927/2/6 14909/2/6 14910/3/6
f 14913/2/9 14906/4/9 14920/5/9 14923/2/9
f 14923/2/3 14920/5/3 14921/2/3 14922/2/3
f 14906/4/25 14905/2/25 14925/3/25 14920/5/25
f 14920/5/4 14925/3/4 14924/2/4 14921/2/4
f 14911/5/9 14908/2/9 14926/2/9 14929/5/9
f 14929/5/3 14926/2/3 14927/2/3 14928/5/3
f 14908/2/25 14918/5/25 14931/5/25 14926/2/25
f 14926/2/4 14931/5/4 14930/5/4 14927/2/4
f 14934/2/3 14933/2/3 14936/2/3 14937/2/3
f 14933/2/4 14932/2/4 14935/2/4 14936/2/4
f 14935/2/5 14932/2/5 14938/2/5 14939/2/5
f 14934/2/2 14937/2/2 14939/2/2 14938/2/2
f 14938/1/1 14932/2/1 14933/2/1 14934/2/1
f 14950/3/3 14949/2/3 14941/2/3 14942/2/3
f 14944/3/5 14957/2/5 14943/2/5 14940/2/5
f 14949/2/4 14944/3/4 14940/2/4 14941/2/4
f 14957/2/2 14950/3/2 14942/2/2 14943/2/2
f 14939/2/2 14937/2/2 14953/2/2 14954/2/2
f 14955/2/2 14952/4/2 14951/5/2 14956/2/2
f 14936/2/4 14935/2/4 14945/2/4 14946/4/4
f 14961/2/24 14964/2/24 14959/2/24 14947/2/24
f 14947/2/4 14959/2/4 14958/5/4 14948/2/4
f 14967/2/24 14970/5/24 14944/3/24 14949/2/24
f 14935/2/5 14939/2/5 14954/2/5 14945/2/5
f 14959/2/5 14955/2/5 14956/2/5 14958/5/5
f 14937/2/3 14936/2/3 14946/4/3 14953/2/3
f 14962/2/6 14961/2/6 14947/2/6 14952/4/6
f 14952/4/3 14947/2/3 14948/2/3 14951/5/3
f 14968/5/6 14967/2/6 14949/2/6 14950/3/6
f 14953/2/21 14946/4/21 14960/5/21 14963/2/21
f 14963/2/3 14960/5/3 14961/2/3 14962/2/3
f 14946/4/25 14945/2/25 14965/3/25 14960/5/25
f 14960/5/4 14965/3/4 14964/2/4 14961/2/4
f 14951/5/9 14948/2/9 14966/2/9 14969/5/9
f 14969/5/3 14966/2/3 14967/2/3 14968/5/3
f 14948/2/25 14958/5/25 14971/5/25 14966/2/25
f 14966/2/4 14971/5/4 14970/5/4 14967/2/4
f 14973/1/1 14972/1/1 14976/10/1 14977/11/1
f 14978/12/3 14979/13/3 14982/14/3 14980/15/3
f 14983/16/24 14980/15/24 14981/17/24 14984/18/24
f 14987/19/31 14981/17/31 14980/15/31 14982/14/31
f 14981/17/4 14987/19/4 14985/20/4 14984/18/4
f 14982/14/25 14986/21/25 14985/20/25 14987/19/25
f 14979/13/1 14988/22/1 14986/23/1 14982/14/1
f 14991/24/5 14993/25/5 14990/26/5 14989/27/5
f 14991/28/24 14994/29/24 14995/30/24 14992/31/24
f 14992/32/30 14998/33/30 14993/25/30 14991/24/30
f 14995/18/4 14996/20/4 14998/34/4 14992/35/4
f 14997/23/25 14993/36/25 14998/37/25 14996/38/25
f 14999/22/1 14990/39/1 14993/36/1 14997/23/1
f 15002/24/5 15004/25/5 15001/26/5 15000/27/5
f 15003/35/30 15011/34/30 15004/40/30 15002/41/30
f 15002/41/24 15005/15/24 15006/42/24 15003/35/24
f 15010/19/31 15006/42/31 15005/15/31 15007/14/31
f 15008/12/3 15009/13/3 15007/14/3 15005/15/3
f 15009/13/1 15001/39/1 15004/36/1 15007/14/1
f 15007/14/25 15004/40/25 15011/34/25 15010/19/25
f 15006/42/4 15010/19/4 15011/34/4 15003/35/4
f 15014/24/5 15016/25/5 15013/26/5 15012/27/5
f 15015/35/30 15023/34/30 15016/40/30 15014/41/30
f 15014/41/24 15017/15/24 15018/42/24 15015/35/24
f 15022/19/31 15018/42/31 15017/15/31 15019/14/31
f 15020/12/3 15021/13/3 15019/14/3 15017/15/3
f 15021/13/1 15013/39/1 15016/36/1 15019/14/1
f 15019/14/25 15016/40/25 15023/34/25 15022/19/25
f 15018/42/4 15022/19/4 15023/34/4 15015/35/4
f 14977/11/4 14976/10/4 14974/1/4 14975/2/4
f 15062/43/15 15061/44/15 15047/44/15 15048/43/15
f 15061/44/13 15060/45/13 15052/46/13 15047/44/13
f 15065/47/16 15064/48/16 15046/48/16 15051/49/16
f 15047/44/1 15052/46/1 15053/50/1 15048/43/1
f 15045/51/1 15050/52/1 15051/49/1 15046/48/1
f 15043/11/1 15055/53/1 15049/54/1 15044/55/1
f 15040/56/1 15054/57/1 15042/58/1 15041/10/1
f 15063/59/16 15062/43/16 15048/43/16 15053/50/16
f 15060/45/14 15063/59/14 15053/50/14 15052/46/14
f 15057/10/15 15056/56/15 15040/56/15 15041/10/15
f 15066/60/14 15065/47/14 15051/49/14 15050/52/14
f 15070/61/15 15069/11/15 15043/11/15 15044/55/15
f 15071/62/16 15070/61/16 15044/55/16 15049/54/16
f 15068/53/14 15071/62/14 15049/54/14 15055/53/14
f 15067/63/13 15066/60/13 15050/52/13 15045/51/13
f 15056/56/13 15059/64/13 15054/57/13 15040/56/13
f 15059/64/14 15058/58/14 15042/58/14 15054/57/14
f 15064/48/15 15067/63/15 15045/51/15 15046/48/15
f 15039/65/2 15032/58/2 15058/58/2 15059/64/2
f 15024/10/4 15031/66/4 15056/56/4 15057/10/4
f 15037/67/2 15038/59/2 15063/59/2 15060/45/2
f 15030/43/4 15029/68/4 15061/44/4 15062/43/4
f 15028/48/4 15027/63/4 15067/63/4 15064/48/4
f 15035/60/2 15036/47/2 15065/47/2 15066/60/2
f 15033/53/2 15034/54/2 15071/62/2 15068/53/2
f 15026/55/4 15025/11/4 15069/11/4 15070/61/4
f 15070/61/5 15071/62/5 15094/62/5 15092/61/5
f 15035/60/3 15066/60/3 15088/60/3 15089/60/3
f 15063/59/5 15038/59/5 15083/59/5 15082/59/5
f 15026/55/5 15070/61/5 15092/61/5 15093/55/5
f 15036/47/5 15028/48/5 15084/48/5 15087/47/5
f 15039/65/3 15059/64/3 15075/64/3 15074/65/3
f 15067/63/3 15027/63/3 15091/63/3 15090/63/3
f 15037/67/3 15060/45/3 15077/45/3 15076/67/3
f 15064/48/5 15065/47/5 15086/47/5 15085/48/5
f 15056/56/3 15031/66/3 15072/66/3 15073/56/3
f 15071/62/5 15034/54/5 15095/54/5 15094/62/5
f 15028/48/5 15064/48/5 15085/48/5 15084/48/5
f 15038/59/5 15030/43/5 15081/43/5 15083/59/5
f 15061/44/3 15029/68/3 15079/68/3 15078/44/3
f 15031/66/3 15039/65/3 15074/65/3 15072/66/3
f 15062/43/5 15063/59/5 15082/59/5 15080/43/5
f 15027/63/3 15035/60/3 15089/60/3 15091/63/3
f 15065/47/5 15036/47/5 15087/47/5 15086/47/5
f 15059/64/3 15056/56/3 15073/56/3 15075/64/3
f 15029/68/3 15037/67/3 15076/67/3 15079/68/3
f 15066/60/3 15067/63/3 15090/63/3 15088/60/3
f 15034/54/5 15026/55/5 15093/55/5 15095/54/5
f 15030/43/5 15062/43/5 15080/43/5 15081/43/5
f 15060/45/3 15061/44/3 15078/44/3 15077/45/3
f 15075/64/1 15073/56/1 15080/43/1 15082/59/1
f 15072/66/4 15081/43/4 15080/43/4 15073/56/4
f 15074/65/2 15075/64/2 15082/59/2 15083/59/2
f 15076/67/2 15077/45/2 15086/47/2 15087/47/2
f 15077/45/1 15078/44/1 15085/48/1 15086/47/1
f 15078/44/4 15079/68/4 15084/48/4 15085/48/4
f 15091/63/4 15093/55/4 15092/61/4 15090/63/4
f 15088/60/1 15090/63/1 15092/61/1 15094/62/1
f 15089/60/2 15088/60/2 15094/62/2 15095/54/2
f 15097/1/1 15096/1/1 15100/10/1 15101/11/1
f 15102/12/3 15103/13/3 15106/14/3 15104/15/3
f 15107/16/24 15104/15/24 15105/17/24 15108/18/24
f 15111/19/31 15105/17/31 15104/15/31 15106/14/31
f 15105/17/4 15111/19/4 15109/20/4 15108/18/4
f 15106/14/25 15110/21/25 15109/20/25 15111/19/25
f 15103/13/1 15112/22/1 15110/23/1 15106/14/1
f 15115/24/5 15117/25/5 15114/26/5 15113/27/5
f 15115/28/24 15118/29/24 15119/30/24 15116/31/24
f 15116/32/30 15122/33/30 15117/25/30 15115/24/30
f 15119/18/4 15120/20/4 15122/34/4 15116/35/4
f 15121/23/25 15117/36/25 15122/37/25 15120/38/25
f 15123/22/1 15114/39/1 15117/36/1 15121/23/1
f 15126/24/5 15128/25/5 15125/26/5 15124/27/5
f 15127/35/30 15135/34/30 15128/40/30 15126/41/30
f 15126/41/24 15129/15/24 15130/42/24 15127/35/24
f 15134/19/31 15130/42/31 15129/15/31 15131/14/31
f 15132/12/3 15133/13/3 15131/14/3 15129/15/3
f 15133/13/1 15125/39/1 15128/36/1 15131/14/1
f 15131/14/25 15128/40/25 15135/34/25 15134/19/25
f 15130/42/4 15134/19/4 15135/34/4 15127/35/4
f 15138/24/5 15140/25/5 15137/26/5 15136/27/5
f 15139/35/30 15147/34/30 15140/40/30 15138/41/30
f 15138/41/24 15141/15/24 15142/42/24 15139/35/24
f 15146/19/31 15142/42/31 15141/15/31 15143/14/31
f 15144/12/3 15145/13/3 15143/14/3 15141/15/3
f 15145/13/1 15137/39/1 15140/36/1 15143/14/1
f 15143/14/25 15140/40/25 15147/34/25 15146/19/25
f 15142/42/4 15146/19/4 15147/34/4 15139/35/4
f 15101/11/4 15100/10/4 15098/1/4 15099/2/4
f 15186/43/15 15185/44/15 15171/44/15 15172/43/15
f 15185/44/13 15184/45/13 15176/46/13 15171/44/13
f 15189/47/16 15188/48/16 15170/48/16 15175/49/16
f 15171/44/1 15176/46/1 15177/50/1 15172/43/1
f 15169/51/1 15174/52/1 15175/49/1 15170/48/1
f 15167/11/1 15179/53/1 15173/54/1 15168/55/1
f 15164/56/1 15178/57/1 15166/58/1 15165/10/1
f 15187/59/16 15186/43/16 15172/43/16 15177/50/16
f 15184/45/14 15187/59/14 15177/50/14 15176/46/14
f 15181/10/15 15180/56/15 15164/56/15 15165/10/15
f 15190/60/14 15189/47/14 15175/49/14 15174/52/14
f 15194/61/15 15193/11/15 15167/11/15 15168/55/15
f 15195/62/16 15194/61/16 15168/55/16 15173/54/16
f 15192/53/14 15195/62/14 15173/54/14 15179/53/14
f 15191/63/13 15190/60/13 15174/52/13 15169/51/13
f 15180/56/13 15183/64/13 15178/57/13 15164/56/13
f 15183/64/14 15182/58/14 15166/58/14 15178/57/14
f 15188/48/15 15191/63/15 15169/51/15 15170/48/15
f 15163/65/2 15156/58/2 15182/58/2 15183/64/2
f 15148/10/4 15155/66/4 15180/56/4 15181/10/4
f 15161/67/2 15162/59/2 15187/59/2 15184/45/2
f 15154/43/4 15153/68/4 15185/44/4 15186/43/4
f 15152/48/4 15151/63/4 15191/63/4 15188/48/4
f 15159/60/2 15160/47/2 15189/47/2 15190/60/2
f 15157/53/2 15158/54/2 15195/62/2 15192/53/2
f 15150/55/4 15149/11/4 15193/11/4 15194/61/4
f 15194/61/5 15195/62/5 15218/62/5 15216/61/5
f 15159/60/3 15190/60/3 15212/60/3 15213/60/3
f 15187/59/5 15162/59/5 15207/59/5 15206/59/5
f 15150/55/5 15194/61/5 15216/61/5 15217/55/5
f 15160/47/5 15152/48/5 15208/48/5 15211/47/5
f 15163/65/3 15183/64/3 15199/64/3 15198/65/3
f 15191/63/3 15151/63/3 15215/63/3 15214/63/3
f 15161/67/3 15184/45/3 15201/45/3 15200/67/3
f 15188/48/5 15189/47/5 15210/47/5 15209/48/5
f 15180/56/3 15155/66/3 15196/66/3 15197/56/3
f 15195/62/5 15158/54/5 15219/54/5 15218/62/5
f 15152/48/5 15188/48/5 15209/48/5 15208/48/5
f 15162/59/5 15154/43/5 15205/43/5 15207/59/5
f 15185/44/3 15153/68/3 15203/68/3 15202/44/3
f 15155/66/3 15163/65/3 15198/65/3 15196/66/3
f 15186/43/5 15187/59/5 15206/59/5 15204/43/5
f 15151/63/3 15159/60/3 15213/60/3 15215/63/3
f 15189/47/5 15160/47/5 15211/47/5 15210/47/5
f 15183/64/3 15180/56/3 15197/56/3 15199/64/3
f 15153/68/3 15161/67/3 15200/67/3 15203/68/3
f 15190/60/3 15191/63/3 15214/63/3 15212/60/3
f 15158/54/5 15150/55/5 15217/55/5 15219/54/5
f 15154/43/5 15186/43/5 15204/43/5 15205/43/5
f 15184/45/3 15185/44/3 15202/44/3 15201/45/3
f 15199/64/1 15197/56/1 15204/43/1 15206/59/1
f 15196/66/4 15205/43/4 15204/43/4 15197/56/4
f 15198/65/2 15199/64/2 15206/59/2 15207/59/2
f 15200/67/2 15201/45/2 15210/47/2 15211/47/2
f 15201/45/1 15202/44/1 15209/48/1 15210/47/1
f 15202/44/4 15203/68/4 15208/48/4 15209/48/4
f 15215/63/4 15217/55/4 15216/61/4 15214/63/4
f 15212/60/1 15214/63/1 15216/61/1 15218/62/1
f 15213/60/2 15212/60/2 15218/62/2 15219/54/2
f 15221/1/1 15220/1/1 15224/10/1 15225/11/1
f 15226/12/5 15227/13/5 15230/14/5 15228/15/5
f 15231/16/7 15228/15/7 15229/17/7 15232/18/7
f 15235/19/34 15229/17/34 15228/15/34 15230/14/34
f 15229/17/2 15235/19/2 15233/20/2 15232/18/2
f 15230/14/8 15234/21/8 15233/20/8 15235/19/8
f 15227/13/1 15236/22/1 15234/23/1 15230/14/1
f 15239/24/3 15241/25/3 15238/26/3 15237/27/3
f 15239/28/7 15242/29/7 15243/30/7 15240/31/7
f 15240/32/35 15246/33/35 15241/25/35 15239/24/35
f 15243/18/2 15244/20/2 15246/34/2 15240/35/2
f 15245/23/8 15241/36/8 15246/37/8 15244/38/8
f 15247/22/1 15238/39/1 15241/36/1 15245/23/1
f 15250/24/3 15252/25/3 15249/26/3 15248/27/3
f 15251/35/35 15259/34/35 15252/40/35 15250/41/35
f 15250/41/7 15253/15/7 15254/42/7 15251/35/7
f 15258/19/34 15254/42/34 15253/15/34 15255/14/34
f 15256/12/5 15257/13/5 15255/14/5 15253/15/5
f 15257/13/1 15249/39/1 15252/36/1 15255/14/1
f 15255/14/8 15252/40/8 15259/34/8 15258/19/8
f 15254/42/2 15258/19/2 15259/34/2 15251/35/2
f 15262/24/3 15264/25/3 15261/26/3 15260/27/3
f 15263/35/35 15271/34/35 15264/40/35 15262/41/35
f 15262/41/7 15265/15/7 15266/42/7 15263/35/7
f 15270/19/34 15266/42/34 15265/15/34 15267/14/34
f 15268/12/5 15269/13/5 15267/14/5 15265/15/5
f 15269/13/1 15261/39/1 15264/36/1 15267/14/1
f 15267/14/8 15264/40/8 15271/34/8 15270/19/8
f 15266/42/2 15270/19/2 15271/34/2 15263/35/2
f 15225/11/2 15224/10/2 15222/1/2 15223/2/2
f 15310/43/14 15309/44/14 15295/44/14 15296/43/14
f 15309/44/16 15308/45/16 15300/46/16 15295/44/16
f 15313/47/13 15312/48/13 15294/48/13 15299/49/13
f 15295/44/1 15300/46/1 15301/50/1 15296/43/1
f 15293/51/1 15298/52/1 15299/49/1 15294/48/1
f 15291/11/1 15303/53/1 15297/54/1 15292/55/1
f 15288/56/1 15302/57/1 15290/58/1 15289/10/1
f 15311/59/13 15310/43/13 15296/43/13 15301/50/13
f 15308/45/15 15311/59/15 15301/50/15 15300/46/15
f 15305/10/14 15304/56/14 15288/56/14 15289/10/14
f 15314/60/15 15313/47/15 15299/49/15 15298/52/15
f 15318/61/14 15317/11/14 15291/11/14 15292/55/14
f 15319/62/13 15318/61/13 15292/55/13 15297/54/13
f 15316/53/15 15319/62/15 15297/54/15 15303/53/15
f 15315/63/16 15314/60/16 15298/52/16 15293/51/16
f 15304/56/16 15307/64/16 15302/57/16 15288/56/16
f 15307/64/15 15306/58/15 15290/58/15 15302/57/15
f 15312/48/14 15315/63/14 15293/51/14 15294/48/14
f 15287/65/4 15280/58/4 15306/58/4 15307/64/4
f 15272/10/2 15279/66/2 15304/56/2 15305/10/2
f 15285/67/4 15286/59/4 15311/59/4 15308/45/4
f 15278/43/2 15277/68/2 15309/44/2 15310/43/2
f 15276/48/2 15275/63/2 15315/63/2 15312/48/2
f 15283/60/4 15284/47/4 15313/47/4 15314/60/4
f 15281/53/4 15282/54/4 15319/62/4 15316/53/4
f 15274/55/2 15273/11/2 15317/11/2 15318/61/2
f 15318/61/3 15319/62/3 15342/62/3 15340/61/3
f 15283/60/5 15314/60/5 15336/60/5 15337/60/5
f 15311/59/3 15286/59/3 15331/59/3 15330/59/3
f 15274/55/3 15318/61/3 15340/61/3 15341/55/3
f 15284/47/3 15276/48/3 15332/48/3 15335/47/3
f 15287/65/5 15307/64/5 15323/64/5 15322/65/5
f 15315/63/5 15275/63/5 15339/63/5 15338/63/5
f 15285/67/5 15308/45/5 15325/45/5 15324/67/5
f 15312/48/3 15313/47/3 15334/47/3 15333/48/3
f 15304/56/5 15279/66/5 15320/66/5 15321/56/5
f 15319/62/3 15282/54/3 15343/54/3 15342/62/3
f 15276/48/3 15312/48/3 15333/48/3 15332/48/3
f 15286/59/3 15278/43/3 15329/43/3 15331/59/3
f 15309/44/5 15277/68/5 15327/68/5 15326/44/5
f 15279/66/5 15287/65/5 15322/65/5 15320/66/5
f 15310/43/3 15311/59/3 15330/59/3 15328/43/3
f 15275/63/5 15283/60/5 15337/60/5 15339/63/5
f 15313/47/3 15284/47/3 15335/47/3 15334/47/3
f 15307/64/5 15304/56/5 15321/56/5 15323/64/5
f 15277/68/5 15285/67/5 15324/67/5 15327/68/5
f 15314/60/5 15315/63/5 15338/63/5 15336/60/5
f 15282/54/3 15274/55/3 15341/55/3 15343/54/3
f 15278/43/3 15310/43/3 15328/43/3 15329/43/3
f 15308/45/5 15309/44/5 15326/44/5 15325/45/5
f 15323/64/1 15321/56/1 15328/43/1 15330/59/1
f 15320/66/2 15329/43/2 15328/43/2 15321/56/2
f 15322/65/4 15323/64/4 15330/59/4 15331/59/4
f 15324/67/4 15325/45/4 15334/47/4 15335/47/4
f 15325/45/1 15326/44/1 15333/48/1 15334/47/1
f 15326/44/2 15327/68/2 15332/48/2 15333/48/2
f 15339/63/2 15341/55/2 15340/61/2 15338/63/2
f 15336/60/1 15338/63/1 15340/61/1 15342/62/1
f 15337/60/4 15336/60/4 15342/62/4 15343/54/4
f 15345/1/1 15344/1/1 15348/10/1 15349/11/1
f 15350/12/5 15351/13/5 15354/14/5 15352/15/5
f 15355/16/7 15352/15/7 15353/17/7 15356/18/7
f 15359/19/34 15353/17/34 15352/15/34 15354/14/34
f 15353/17/2 15359/19/2 15357/20/2 15356/18/2
f 15354/14/8 15358/21/8 15357/20/8 15359/19/8
f 15351/13/1 15360/22/1 15358/23/1 15354/14/1
f 15363/24/3 15365/25/3 15362/26/3 15361/27/3
f 15363/28/7 15366/29/7 15367/30/7 15364/31/7
f 15364/32/35 15370/33/35 15365/25/35 15363/24/35
f 15367/18/2 15368/20/2 15370/34/2 15364/35/2
f 15369/23/8 15365/36/8 15370/37/8 15368/38/8
f 15371/22/1 15362/39/1 15365/36/1 15369/23/1
f 15374/24/3 15376/25/3 15373/26/3 15372/27/3
f 15375/35/35 15383/34/35 15376/40/35 15374/41/35
f 15374/41/7 15377/15/7 15378/42/7 15375/35/7
f 15382/19/34 15378/42/34 15377/15/34 15379/14/34
f 15380/12/5 15381/13/5 15379/14/5 15377/15/5
f 15381/13/1 15373/39/1 15376/36/1 15379/14/1
f 15379/14/8 15376/40/8 15383/34/8 15382/19/8
f 15378/42/2 15382/19/2 15383/34/2 15375/35/2
f 15386/24/3 15388/25/3 15385/26/3 15384/27/3
f 15387/35/35 15395/34/35 15388/40/35 15386/41/35
f 15386/41/7 15389/15/7 15390/42/7 15387/35/7
f 15394/19/34 15390/42/34 15389/15/34 15391/14/34
f 15392/12/5 15393/13/5 15391/14/5 15389/15/5
f 15393/13/1 15385/39/1 15388/36/1 15391/14/1
f 15391/14/8 15388/40/8 15395/34/8 15394/19/8
f 15390/42/2 15394/19/2 15395/34/2 15387/35/2
f 15349/11/2 15348/10/2 15346/1/2 15347/2/2
f 15434/43/14 15433/44/14 15419/44/14 15420/43/14
f 15433/44/16 15432/45/16 15424/46/16 15419/44/16
f 15437/47/13 15436/48/13 15418/48/13 15423/49/13
f 15419/44/1 15424/46/1 15425/50/1 15420/43/1
f 15417/51/1 15422/52/1 15423/49/1 15418/48/1
f 15415/11/1 15427/53/1 15421/54/1 15416/55/1
f 15412/56/1 15426/57/1 15414/58/1 15413/10/1
f 15435/59/13 15434/43/13 15420/43/13 15425/50/13
f 15432/45/15 15435/59/15 15425/50/15 15424/46/15
f 15429/10/14 15428/56/14 15412/56/14 15413/10/14
f 15438/60/15 15437/47/15 15423/49/15 15422/52/15
f 15442/61/14 15441/11/14 15415/11/14 15416/55/14
f 15443/62/13 15442/61/13 15416/55/13 15421/54/13
f 15440/53/15 15443/62/15 15421/54/15 15427/53/15
f 15439/63/16 15438/60/16 15422/52/16 15417/51/16
f 15428/56/16 15431/64/16 15426/57/16 15412/56/16
f 15431/64/15 15430/58/15 15414/58/15 15426/57/15
f 15436/48/14 15439/63/14 15417/51/14 15418/48/14
f 15411/65/4 15404/58/4 15430/58/4 15431/64/4
f 15396/10/2 15403/66/2 15428/56/2 15429/10/2
f 15409/67/4 15410/59/4 15435/59/4 15432/45/4
f 15402/43/2 15401/68/2 15433/44/2 15434/43/2
f 15400/48/2 15399/63/2 15439/63/2 15436/48/2
f 15407/60/4 15408/47/4 15437/47/4 15438/60/4
f 15405/53/4 15406/54/4 15443/62/4 15440/53/4
f 15398/55/2 15397/11/2 15441/11/2 15442/61/2
f 15442/61/3 15443/62/3 15466/62/3 15464/61/3
f 15407/60/5 15438/60/5 15460/60/5 15461/60/5
f 15435/59/3 15410/59/3 15455/59/3 15454/59/3
f 15398/55/3 15442/61/3 15464/61/3 15465/55/3
f 15408/47/3 15400/48/3 15456/48/3 15459/47/3
f 15411/65/5 15431/64/5 15447/64/5 15446/65/5
f 15439/63/5 15399/63/5 15463/63/5 15462/63/5
f 15409/67/5 15432/45/5 15449/45/5 15448/67/5
f 15436/48/3 15437/47/3 15458/47/3 15457/48/3
f 15428/56/5 15403/66/5 15444/66/5 15445/56/5
f 15443/62/3 15406/54/3 15467/54/3 15466/62/3
f 15400/48/3 15436/48/3 15457/48/3 15456/48/3
f 15410/59/3 15402/43/3 15453/43/3 15455/59/3
f 15433/44/5 15401/68/5 15451/68/5 15450/44/5
f 15403/66/5 15411/65/5 15446/65/5 15444/66/5
f 15434/43/3 15435/59/3 15454/59/3 15452/43/3
f 15399/63/5 15407/60/5 15461/60/5 15463/63/5
f 15437/47/3 15408/47/3 15459/47/3 15458/47/3
f 15431/64/5 15428/56/5 15445/56/5 15447/64/5
f 15401/68/5 15409/67/5 15448/67/5 15451/68/5
f 15438/60/5 15439/63/5 15462/63/5 15460/60/5
f 15406/54/3 15398/55/3 15465/55/3 15467/54/3
f 15402/43/3 15434/43/3 15452/43/3 15453/43/3
f 15432/45/5 15433/44/5 15450/44/5 15449/45/5
f 15447/64/1 15445/56/1 15452/43/1 15454/59/1
f 15444/66/2 15453/43/2 15452/43/2 15445/56/2
f 15446/65/4 15447/64/4 15454/59/4 15455/59/4
f 15448/67/4 15449/45/4 15458/47/4 15459/47/4
f 15449/45/1 15450/44/1 15457/48/1 15458/47/1
f 15450/44/2 15451/68/2 15456/48/2 15457/48/2
f 15463/63/2 15465/55/2 15464/61/2 15462/63/2
f 15460/60/1 15462/63/1 15464/61/1 15466/62/1
f 15461/60/4 15460/60/4 15466/62/4 15467/54/4
f 15470/12/5 15471/13/5 15474/14/5 15472/15/5
f 15475/16/7 15472/15/7 15473/17/7 15476/18/7
f 15479/19/34 15473/17/34 15472/15/34 15474/14/34
f 15473/17/2 15479/19/2 15477/20/2 15476/18/2
f 15474/14/8 15478/21/8 15477/20/8 15479/19/8
f 15471/13/1 15480/22/1 15478/23/1 15474/14/1
f 15483/24/3 15485/25/3 15482/26/3 15481/27/3
f 15484/35/35 15492/34/35 15485/40/35 15483/41/35
f 15483/41/7 15486/15/7 15487/42/7 15484/35/7
f 15491/19/34 15487/42/34 15486/15/34 15488/14/34
f 15489/12/5 15490/13/5 15488/14/5 15486/15/5
f 15490/13/1 15482/39/1 15485/36/1 15488/14/1
f 15488/14/8 15485/40/8 15492/34/8 15491/19/8
f 15487/42/2 15491/19/2 15492/34/2 15484/35/2
f 15495/24/3 15497/25/3 15494/26/3 15493/27/3
f 15496/35/35 15504/34/35 15497/40/35 15495/41/35
f 15495/41/7 15498/15/7 15499/42/7 15496/35/7
f 15503/19/34 15499/42/34 15498/15/34 15500/14/34
f 15501/12/5 15502/13/5 15500/14/5 15498/15/5
f 15502/13/1 15494/39/1 15497/36/1 15500/14/1
f 15500/14/8 15497/40/8 15504/34/8 15503/19/8
f 15499/42/2 15503/19/2 15504/34/2 15496/35/2
f 15560/11/2 15521/10/2 15469/1/2 15568/2/2
f 15468/1/1 15521/10/1 15560/11/1 15505/1/1
f 15530/43/14 15528/44/14 15511/44/14 15512/43/14
f 15528/44/16 15527/45/16 15515/46/16 15511/44/16
f 15536/47/13 15535/48/13 15510/48/13 15514/49/13
f 15511/44/1 15515/46/1 15516/50/1 15512/43/1
f 15509/51/1 15513/52/1 15514/49/1 15510/48/1
f 15506/56/1 15517/57/1 15508/58/1 15507/10/1
f 15532/59/13 15530/43/13 15512/43/13 15516/50/13
f 15527/45/15 15532/59/15 15516/50/15 15515/46/15
f 15520/10/14 15519/56/14 15506/56/14 15507/10/14
f 15538/60/15 15536/47/15 15514/49/15 15513/52/15
f 15540/63/16 15538/60/16 15513/52/16 15509/51/16
f 15519/56/16 15525/64/16 15517/57/16 15506/56/16
f 15525/64/15 15522/58/15 15508/58/15 15517/57/15
f 15535/48/14 15540/63/14 15509/51/14 15510/48/14
f 15524/65/4 15523/58/4 15522/58/4 15525/64/4
f 15521/10/2 15518/66/2 15519/56/2 15520/10/2
f 15526/67/4 15533/59/4 15532/59/4 15527/45/4
f 15531/43/2 15529/68/2 15528/44/2 15530/43/2
f 15534/48/2 15562/63/2 15540/63/2 15535/48/2
f 15539/60/4 15537/47/4 15536/47/4 15538/60/4
f 15532/59/3 15533/59/3 15552/59/3 15551/59/3
f 15537/47/3 15534/48/3 15553/48/3 15556/47/3
f 15524/65/5 15525/64/5 15544/64/5 15543/65/5
f 15526/67/5 15527/45/5 15546/45/5 15545/67/5
f 15535/48/3 15536/47/3 15555/47/3 15554/48/3
f 15519/56/5 15518/66/5 15541/66/5 15542/56/5
f 15534/48/3 15535/48/3 15554/48/3 15553/48/3
f 15533/59/3 15531/43/3 15550/43/3 15552/59/3
f 15528/44/5 15529/68/5 15548/68/5 15547/44/5
f 15518/66/5 15524/65/5 15543/65/5 15541/66/5
f 15530/43/3 15532/59/3 15551/59/3 15549/43/3
f 15536/47/3 15537/47/3 15556/47/3 15555/47/3
f 15525/64/5 15519/56/5 15542/56/5 15544/64/5
f 15529/68/5 15526/67/5 15545/67/5 15548/68/5
f 15531/43/3 15530/43/3 15549/43/3 15550/43/3
f 15527/45/5 15528/44/5 15547/44/5 15546/45/5
f 15544/64/1 15542/56/1 15549/43/1 15551/59/1
f 15541/66/2 15550/43/2 15549/43/2 15542/56/2
f 15543/65/4 15544/64/4 15551/59/4 15552/59/4
f 15545/67/4 15546/45/4 15555/47/4 15556/47/4
f 15546/45/1 15547/44/1 15554/48/1 15555/47/1
f 15547/44/2 15548/68/2 15553/48/2 15554/48/2
f 15558/44/14 15559/44/14 15564/46/14 15561/45/14
f 15562/67/3 15561/45/3 15557/59/3 15563/59/3
f 15558/44/2 15561/45/2 15562/67/2 15560/68/2
f 15561/45/13 15564/46/13 15565/50/13 15557/59/13
f 15565/131/1 15564/46/1 15559/44/1
f 15571/3/3 15570/2/3 15568/2/3 15566/2/3
f 15569/2/2 15571/3/2 15566/2/2 15567/2/2
f 15575/32/35 15577/33/35 15578/25/35 15576/24/35
f 15576/24/3 15578/25/3 15573/26/3 15572/27/3
f 15574/22/1 15573/39/1 15578/23/1
f 15582/2/7 15575/5/7 15576/3/7 15580/2/7
f 15579/2/8 15578/5/8 15577/5/8 15581/2/8
f 15581/2/2 15577/5/2 15575/5/2 15582/2/2
f 15579/2/1 15574/1/1 15578/5/1
f 15586/12/3 15588/15/3 15590/14/3 15587/13/3
f 15591/16/7 15592/18/7 15589/17/7 15588/15/7
f 15595/19/35 15590/14/35 15588/15/35 15589/17/35
f 15589/17/2 15592/18/2 15593/20/2 15595/19/2
f 15590/14/8 15595/19/8 15593/20/8 15594/21/8
f 15587/13/1 15590/14/1 15594/23/1 15596/22/1
f 15599/24/5 15597/27/5 15598/26/5 15601/25/5
f 15600/35/34 15599/41/34 15601/40/34 15608/34/34
f 15599/41/7 15600/35/7 15603/42/7 15602/15/7
f 15607/19/35 15604/14/35 15602/15/35 15603/42/35
f 15605/12/3 15602/15/3 15604/14/3 15606/13/3
f 15606/13/1 15604/14/1 15601/36/1 15598/39/1
f 15604/14/8 15607/19/8 15608/34/8 15601/40/8
f 15603/42/2 15600/35/2 15608/34/2 15607/19/2
f 15611/24/5 15609/27/5 15610/26/5 15613/25/5
f 15612/35/34 15611/41/34 15613/40/34 15620/34/34
f 15611/41/7 15612/35/7 15615/42/7 15614/15/7
f 15619/19/35 15616/14/35 15614/15/35 15615/42/35
f 15617/12/3 15614/15/3 15616/14/3 15618/13/3
f 15618/13/1 15616/14/1 15613/36/1 15610/39/1
f 15616/14/8 15619/19/8 15620/34/8 15613/40/8
f 15615/42/2 15612/35/2 15620/34/2 15619/19/2
f 15679/11/2 15585/2/2 15584/1/2 15637/10/2
f 15583/1/1 15621/1/1 15679/11/1 15637/10/1
f 15646/43/14 15628/43/14 15627/44/14 15644/44/14
f 15644/44/13 15627/44/13 15631/46/13 15643/45/13
f 15652/47/16 15630/49/16 15626/48/16 15651/48/16
f 15627/44/1 15628/43/1 15632/50/1 15631/46/1
f 15625/51/1 15626/48/1 15630/49/1 15629/52/1
f 15622/56/1 15623/10/1 15624/58/1 15633/57/1
f 15648/59/16 15632/50/16 15628/43/16 15646/43/16
f 15643/45/15 15631/46/15 15632/50/15 15648/59/15
f 15636/10/14 15623/10/14 15622/56/14 15635/56/14
f 15654/60/15 15629/52/15 15630/49/15 15652/47/15
f 15656/63/13 15625/51/13 15629/52/13 15654/60/13
f 15635/56/13 15622/56/13 15633/57/13 15641/64/13
f 15641/64/15 15633/57/15 15624/58/15 15638/58/15
f 15651/48/14 15626/48/14 15625/51/14 15656/63/14
f 15640/65/4 15641/64/4 15638/58/4 15639/58/4
f 15637/10/2 15636/10/2 15635/56/2 15634/66/2
f 15642/67/4 15643/45/4 15648/59/4 15649/59/4
f 15647/43/2 15646/43/2 15644/44/2 15645/68/2
f 15650/48/2 15651/48/2 15656/63/2 15675/63/2
f 15655/60/4 15654/60/4 15652/47/4 15653/47/4
f 15648/59/5 15667/59/5 15668/59/5 15649/59/5
f 15653/47/5 15672/47/5 15669/48/5 15650/48/5
f 15640/65/3 15659/65/3 15660/64/3 15641/64/3
f 15642/67/3 15661/67/3 15662/45/3 15643/45/3
f 15651/48/5 15670/48/5 15671/47/5 15652/47/5
f 15635/56/3 15658/56/3 15657/66/3 15634/66/3
f 15650/48/5 15669/48/5 15670/48/5 15651/48/5
f 15649/59/5 15668/59/5 15666/43/5 15647/43/5
f 15644/44/3 15663/44/3 15664/68/3 15645/68/3
f 15634/66/3 15657/66/3 15659/65/3 15640/65/3
f 15646/43/5 15665/43/5 15667/59/5 15648/59/5
f 15652/47/5 15671/47/5 15672/47/5 15653/47/5
f 15641/64/3 15660/64/3 15658/56/3 15635/56/3
f 15645/68/3 15664/68/3 15661/67/3 15642/67/3
f 15647/43/5 15666/43/5 15665/43/5 15646/43/5
f 15643/45/3 15662/45/3 15663/44/3 15644/44/3
f 15660/64/1 15667/59/1 15665/43/1 15658/56/1
f 15657/66/2 15658/56/2 15665/43/2 15666/43/2
f 15659/65/4 15668/59/4 15667/59/4 15660/64/4
f 15661/67/4 15672/47/4 15671/47/4 15662/45/4
f 15662/45/1 15671/47/1 15670/48/1 15663/44/1
f 15663/44/2 15670/48/2 15669/48/2 15664/68/2
f 15676/59/16 15681/50/16 15674/43/16 15673/43/16
f 15673/43/14 15674/43/14 15678/44/14 15677/44/14
f 15675/43/2 15673/43/2 15677/44/2 15679/68/2
f 15675/43/5 15680/59/5 15676/59/5 15673/43/5
f 15678/44/1 15674/43/1 15681/131/1
f 15685/3/2 15684/2/2 15682/2/2 15683/2/2
f 15686/2/5 15685/3/5 15683/2/5 15585/2/5
f 15689/32/34 15690/24/34 15692/25/34 15691/33/34
f 15690/24/5 15687/27/5 15688/26/5 15692/25/5
f 15697/22/1 15692/36/1 15688/39/1
f 15689/5/7 15696/2/7 15694/2/7 15690/3/7
f 15692/5/8 15693/2/8 15695/2/8 15691/5/8
f 15691/5/2 15695/2/2 15696/2/2 15689/5/2
f 15692/5/1 15697/1/1 15693/2/1
usemtl top_roof
f 1/1/1 6/1/1 7/1/1 2/1/1
f 2/1/1 7/1/1 8/1/1 3/1/1
f 3/1/1 8/1/1 9/1/1 4/1/1
f 4/1/1 9/1/1 10/1/1 5/1/1
f 6/1/1 11/1/1 12/1/1 7/1/1
f 7/1/1 12/1/1 13/1/1 8/1/1
f 8/1/1 13/1/1 14/1/1 9/1/1
f 9/1/1 14/1/1 15/1/1 10/1/1
f 11/1/1 16/1/1 17/1/1 12/1/1
f 12/1/1 17/1/1 18/1/1 13/1/1
f 13/1/1 18/1/1 19/1/1 14/1/1
f 14/1/1 19/1/1 20/1/1 15/1/1
f 16/1/1 21/1/1 22/1/1 17/1/1
f 17/1/1 22/1/1 23/1/1 18/1/1
f 18/1/1 23/1/1 24/1/1 19/1/1
f 19/1/1 24/1/1 25/1/1 20/1/1
