# Blender 5.0.1
# www.blender.org
mtllib Big_Summer_Tower_01.mtl.mtl
o Plane.001
v -21.500000 4.400000 1.500000
v -21.500000 4.400000 0.750000
v -21.500000 4.400000 0.000000
v -21.500000 4.400000 -0.750000
v -21.500000 4.400000 -1.500000
v -20.750000 4.400000 1.500000
v -20.750000 4.400000 0.750000
v -20.750000 4.400000 0.000000
v -20.750000 4.400000 -0.750000
v -20.750000 4.400000 -1.500000
v -20.000000 4.400000 1.500000
v -20.000000 4.400000 0.750000
v -20.000000 4.400000 0.000000
v -20.000000 4.400000 -0.750000
v -20.000000 4.400000 -1.500000
v -19.250000 4.400000 1.500000
v -19.250000 4.400000 0.750000
v -19.250000 4.400000 0.000000
v -19.250000 4.400000 -0.750000
v -19.250000 4.400000 -1.500000
v -18.500000 4.400000 1.500000
v -18.500000 4.400000 0.750000
v -18.500000 4.400000 0.000000
v -18.500000 4.400000 -0.750000
v -18.500000 4.400000 -1.500000
v -17.924999 1.000000 -2.000000
v -17.924999 1.000000 -2.075000
v -18.000000 1.000000 -2.075000
v -17.924999 0.900000 -2.000000
v -17.924999 0.900000 -2.075000
v -18.000000 0.900000 -2.075000
v -18.000000 1.000000 -2.000000
v -18.000000 0.900000 -2.000000
v -17.924999 0.000000 -2.000000
v -17.924999 0.000000 -2.075000
v -18.000000 0.000000 -2.075000
v -18.000000 0.000000 -2.000000
v -17.924999 0.137500 -2.000000
v -17.924999 0.862500 -2.000000
v -17.924999 0.862500 -2.075000
v -17.924999 0.787500 -2.075000
v -17.924999 0.212500 -2.075000
v -17.924999 0.137500 -2.075000
v -18.000000 0.137500 -2.075000
v -18.000000 0.212500 -2.075000
v -18.000000 0.787500 -2.075000
v -18.000000 0.862500 -2.075000
v -18.000000 0.862500 -2.000000
v -18.000000 0.787500 -2.000000
v -18.000000 0.212500 -2.000000
v -18.000000 0.137500 -2.000000
v -17.924999 0.212500 -2.000000
v -17.924999 0.787500 -2.000000
v -17.850000 0.843750 -2.150000
v -17.850000 0.806250 -2.150000
v -18.000000 0.806250 -2.150000
v -18.000000 0.843750 -2.150000
v -17.850000 0.806250 -2.000000
v -17.850000 0.843750 -2.000000
v -17.850000 0.193750 -2.150000
v -17.850000 0.156250 -2.150000
v -18.000000 0.156250 -2.150000
v -18.000000 0.193750 -2.150000
v -17.850000 0.156250 -2.000000
v -17.850000 0.193750 -2.000000
v -17.924999 2.000000 -2.000000
v -17.924999 2.000000 -2.075000
v -18.000000 2.000000 -2.075000
v -17.924999 1.900000 -2.000000
v -17.924999 1.900000 -2.075000
v -18.000000 1.900000 -2.075000
v -18.000000 2.000000 -2.000000
v -18.000000 1.900000 -2.000000
v -17.924999 1.000000 -2.000000
v -17.924999 1.000000 -2.075000
v -18.000000 1.000000 -2.075000
v -18.000000 1.000000 -2.000000
v -17.924999 1.137500 -2.000000
v -17.924999 1.862500 -2.000000
v -17.924999 1.862500 -2.075000
v -17.924999 1.787500 -2.075000
v -17.924999 1.212500 -2.075000
v -17.924999 1.137500 -2.075000
v -18.000000 1.137500 -2.075000
v -18.000000 1.212500 -2.075000
v -18.000000 1.787500 -2.075000
v -18.000000 1.862500 -2.075000
v -18.000000 1.862500 -2.000000
v -18.000000 1.787500 -2.000000
v -18.000000 1.212500 -2.000000
v -18.000000 1.137500 -2.000000
v -17.924999 1.212500 -2.000000
v -17.924999 1.787500 -2.000000
v -17.850000 1.843750 -2.150000
v -17.850000 1.806250 -2.150000
v -18.000000 1.806250 -2.150000
v -18.000000 1.843750 -2.150000
v -17.850000 1.806250 -2.000000
v -17.850000 1.843750 -2.000000
v -17.850000 1.193750 -2.150000
v -17.850000 1.156250 -2.150000
v -18.000000 1.156250 -2.150000
v -18.000000 1.193750 -2.150000
v -17.850000 1.156250 -2.000000
v -17.850000 1.193750 -2.000000
v -17.924999 3.000000 -2.000000
v -17.924999 3.000000 -2.075000
v -18.000000 3.000000 -2.075000
v -17.924999 2.900000 -2.000000
v -17.924999 2.900000 -2.075000
v -18.000000 2.900000 -2.075000
v -18.000000 3.000000 -2.000000
v -18.000000 2.900000 -2.000000
v -17.924999 2.000000 -2.000000
v -17.924999 2.000000 -2.075000
v -18.000000 2.000000 -2.075000
v -18.000000 2.000000 -2.000000
v -17.924999 2.137500 -2.000000
v -17.924999 2.862500 -2.000000
v -17.924999 2.862500 -2.075000
v -17.924999 2.787500 -2.075000
v -17.924999 2.212500 -2.075000
v -17.924999 2.137500 -2.075000
v -18.000000 2.137500 -2.075000
v -18.000000 2.212500 -2.075000
v -18.000000 2.787500 -2.075000
v -18.000000 2.862500 -2.075000
v -18.000000 2.862500 -2.000000
v -18.000000 2.787500 -2.000000
v -18.000000 2.212500 -2.000000
v -18.000000 2.137500 -2.000000
v -17.924999 2.212500 -2.000000
v -17.924999 2.787500 -2.000000
v -17.850000 2.843750 -2.150000
v -17.850000 2.806250 -2.150000
v -18.000000 2.806250 -2.150000
v -18.000000 2.843750 -2.150000
v -17.850000 2.806250 -2.000000
v -17.850000 2.843750 -2.000000
v -17.850000 2.193750 -2.150000
v -17.850000 2.156250 -2.150000
v -18.000000 2.156250 -2.150000
v -18.000000 2.193750 -2.150000
v -17.850000 2.156250 -2.000000
v -17.850000 2.193750 -2.000000
v -17.924999 4.000000 -2.000000
v -17.924999 4.000000 -2.075000
v -18.000000 4.000000 -2.075000
v -17.924999 3.900000 -2.000000
v -17.924999 3.900000 -2.075000
v -18.000000 3.900000 -2.075000
v -18.000000 4.000000 -2.000000
v -18.000000 3.900000 -2.000000
v -17.924999 3.000000 -2.000000
v -17.924999 3.000000 -2.075000
v -18.000000 3.000000 -2.075000
v -18.000000 3.000000 -2.000000
v -17.924999 3.137500 -2.000000
v -17.924999 3.862500 -2.000000
v -17.924999 3.862500 -2.075000
v -17.924999 3.787500 -2.075000
v -17.924999 3.212500 -2.075000
v -17.924999 3.137500 -2.075000
v -18.000000 3.137500 -2.075000
v -18.000000 3.212500 -2.075000
v -18.000000 3.787500 -2.075000
v -18.000000 3.862500 -2.075000
v -18.000000 3.862500 -2.000000
v -18.000000 3.787500 -2.000000
v -18.000000 3.212500 -2.000000
v -18.000000 3.137500 -2.000000
v -17.924999 3.212500 -2.000000
v -17.924999 3.787500 -2.000000
v -17.850000 3.843750 -2.150000
v -17.850000 3.806250 -2.150000
v -18.000000 3.806250 -2.150000
v -18.000000 3.843750 -2.150000
v -17.850000 3.806250 -2.000000
v -17.850000 3.843750 -2.000000
v -17.850000 3.193750 -2.150000
v -17.850000 3.156250 -2.150000
v -18.000000 3.156250 -2.150000
v -18.000000 3.193750 -2.150000
v -17.850000 3.156250 -2.000000
v -17.850000 3.193750 -2.000000
v -18.000000 1.000000 2.000000
v -18.000000 1.000000 1.000000
v -18.000000 0.100000 2.000000
v -18.000000 0.100000 1.000000
v -17.900000 0.100000 2.000000
v -17.900000 0.000000 2.000000
v -17.900000 0.000000 1.000000
v -17.900000 0.100000 1.000000
v -18.000000 1.000000 1.000000
v -18.000000 1.000000 0.000000
v -18.000000 0.100000 1.000000
v -18.000000 0.100000 0.000000
v -17.900000 0.100000 1.000000
v -17.900000 0.000000 1.000000
v -17.900000 0.000000 0.000000
v -17.900000 0.100000 0.000000
v -18.000000 1.000000 -0.000000
v -18.000000 1.000000 -1.000000
v -18.000000 0.100000 0.000000
v -18.000000 0.100000 -1.000000
v -17.900000 0.100000 0.000000
v -17.900000 0.000000 0.000000
v -17.900000 0.000000 -1.000000
v -17.900000 0.100000 -1.000000
v -18.000000 1.000000 -1.000000
v -18.000000 1.000000 -2.000000
v -18.000000 0.100000 -1.000000
v -18.000000 0.100000 -2.000000
v -17.900000 0.100000 -1.000000
v -17.900000 0.000000 -1.000000
v -17.900000 0.000000 -2.000000
v -17.900000 0.100000 -2.000000
v -18.500000 4.400000 1.000000
v -18.500000 4.400000 0.000000
v -18.000000 4.000000 1.000000
v -18.000000 4.000000 0.000000
v -18.000000 4.400000 1.000000
v -18.000000 4.400000 0.000000
v -18.000000 4.137500 0.962500
v -18.000000 4.212500 0.962500
v -17.924999 4.137500 0.962500
v -17.850000 4.156250 0.981250
v -17.924999 4.212500 0.962500
v -17.924999 4.137500 1.000000
v -17.850000 4.156250 1.000000
v -17.850000 4.193750 1.000000
v -17.924999 4.212500 1.000000
v -17.850000 4.193750 0.981250
v -18.000000 4.212500 1.000000
v -18.000000 4.137500 0.037500
v -18.000000 4.212500 0.037500
v -17.924999 4.137500 0.037500
v -17.850000 4.156250 0.018750
v -17.924999 4.212500 0.037500
v -17.924999 4.137500 0.000000
v -17.850000 4.156250 0.000000
v -17.850000 4.193750 0.000000
v -17.924999 4.212500 0.000000
v -17.850000 4.193750 0.018750
v -18.000000 4.212500 0.000000
v -18.000000 4.137500 0.704166
v -18.000000 4.212500 0.704166
v -17.924999 4.137500 0.704166
v -17.850000 4.156250 0.685416
v -17.924999 4.212500 0.704166
v -17.924999 4.137500 0.629166
v -17.850000 4.156250 0.647916
v -17.924999 4.212500 0.629166
v -18.000000 4.137500 0.629166
v -18.000000 4.212500 0.629166
v -17.850000 4.193750 0.647916
v -17.850000 4.193750 0.685416
v -18.000000 4.137500 0.370833
v -18.000000 4.212500 0.370833
v -17.924999 4.137500 0.370833
v -17.850000 4.156250 0.352083
v -17.924999 4.212500 0.370833
v -17.924999 4.137500 0.295833
v -17.850000 4.156250 0.314583
v -17.924999 4.212500 0.295833
v -18.000000 4.137500 0.295833
v -18.000000 4.212500 0.295833
v -17.850000 4.193750 0.314583
v -17.850000 4.193750 0.352083
v -18.000000 4.400000 1.000000
v -18.000000 4.400000 0.000000
v -18.000000 4.400000 0.083333
v -18.000000 4.400000 0.249999
v -18.000000 4.400000 0.416666
v -18.000000 4.400000 0.583333
v -18.000000 4.400000 0.749999
v -18.000000 4.400000 0.916666
v -18.166666 4.400000 1.000000
v -18.166666 4.400000 0.000000
v -18.166666 4.400000 0.083333
v -18.166666 4.400000 0.249999
v -18.166666 4.400000 0.416666
v -18.166666 4.400000 0.583333
v -18.166666 4.400000 0.749999
v -18.166666 4.400000 0.916666
v -18.041666 4.816666 0.958333
v -18.041666 4.816666 1.000000
v -18.125000 4.816666 1.000000
v -18.041666 4.816666 0.000000
v -18.041666 4.816666 0.041667
v -18.041666 4.816666 0.291666
v -18.041666 4.816666 0.374999
v -18.041666 4.816666 0.624999
v -18.041666 4.816666 0.708333
v -18.125000 4.816666 0.041667
v -18.125000 4.816666 0.291666
v -18.125000 4.816666 0.374999
v -18.125000 4.816666 0.624999
v -18.125000 4.816666 0.708333
v -18.125000 4.816666 0.958333
v -18.125000 4.816666 0.000000
v -18.000000 4.650000 0.916666
v -18.000000 4.650000 1.000000
v -18.166666 4.650000 1.000000
v -18.166666 4.650000 0.916666
v -18.166666 4.650000 0.583333
v -18.000000 4.650000 0.583333
v -18.000000 4.650000 0.749999
v -18.166666 4.650000 0.749999
v -18.000000 4.650000 0.416666
v -18.166666 4.650000 0.416666
v -18.166666 4.650000 0.249999
v -18.000000 4.650000 0.249999
v -18.166666 4.650000 0.000000
v -18.000000 4.650000 0.000000
v -18.000000 4.650000 0.083333
v -18.166666 4.650000 0.083333
v -18.041666 4.525000 0.916666
v -18.041666 4.608334 0.916666
v -18.125000 4.525000 0.916666
v -18.125000 4.608334 0.916666
v -18.125000 4.525000 0.583333
v -18.125000 4.608334 0.583333
v -18.041666 4.608334 0.583333
v -18.041666 4.525000 0.583333
v -18.041666 4.608334 0.749999
v -18.041666 4.525000 0.749999
v -18.125000 4.608334 0.749999
v -18.125000 4.525000 0.749999
v -18.041666 4.525000 0.416666
v -18.041666 4.608334 0.416666
v -18.125000 4.608334 0.416666
v -18.125000 4.525000 0.416666
v -18.125000 4.608334 0.249999
v -18.125000 4.525000 0.249999
v -18.041666 4.608334 0.249999
v -18.041666 4.525000 0.249999
v -18.041666 4.608334 0.083333
v -18.041666 4.525000 0.083333
v -18.125000 4.608334 0.083333
v -18.125000 4.525000 0.083333
v -18.500000 4.400000 -0.000000
v -18.500000 4.400000 -1.000000
v -18.000000 4.000000 0.000000
v -18.000000 4.000000 -1.000000
v -18.000000 4.400000 -0.000000
v -18.000000 4.400000 -1.000000
v -18.000000 4.137500 -0.037500
v -18.000000 4.212500 -0.037500
v -17.924999 4.137500 -0.037500
v -17.850000 4.156250 -0.018750
v -17.924999 4.212500 -0.037500
v -17.924999 4.137500 -0.000000
v -17.850000 4.156250 -0.000000
v -17.850000 4.193750 -0.000000
v -17.924999 4.212500 -0.000000
v -17.850000 4.193750 -0.018750
v -18.000000 4.212500 -0.000000
v -18.000000 4.137500 -0.962500
v -18.000000 4.212500 -0.962500
v -17.924999 4.137500 -0.962500
v -17.850000 4.156250 -0.981250
v -17.924999 4.212500 -0.962500
v -17.924999 4.137500 -1.000000
v -17.850000 4.156250 -1.000000
v -17.850000 4.193750 -1.000000
v -17.924999 4.212500 -1.000000
v -17.850000 4.193750 -0.981250
v -18.000000 4.212500 -1.000000
v -18.000000 4.137500 -0.295834
v -18.000000 4.212500 -0.295834
v -17.924999 4.137500 -0.295834
v -17.850000 4.156250 -0.314584
v -17.924999 4.212500 -0.295834
v -17.924999 4.137500 -0.370834
v -17.850000 4.156250 -0.352084
v -17.924999 4.212500 -0.370834
v -18.000000 4.137500 -0.370834
v -18.000000 4.212500 -0.370834
v -17.850000 4.193750 -0.352084
v -17.850000 4.193750 -0.314584
v -18.000000 4.137500 -0.629167
v -18.000000 4.212500 -0.629167
v -17.924999 4.137500 -0.629167
v -17.850000 4.156250 -0.647917
v -17.924999 4.212500 -0.629167
v -17.924999 4.137500 -0.704167
v -17.850000 4.156250 -0.685417
v -17.924999 4.212500 -0.704167
v -18.000000 4.137500 -0.704167
v -18.000000 4.212500 -0.704167
v -17.850000 4.193750 -0.685417
v -17.850000 4.193750 -0.647917
v -18.000000 4.400000 -0.000000
v -18.000000 4.400000 -1.000000
v -18.000000 4.400000 -0.916667
v -18.000000 4.400000 -0.750001
v -18.000000 4.400000 -0.583334
v -18.000000 4.400000 -0.416667
v -18.000000 4.400000 -0.250001
v -18.000000 4.400000 -0.083334
v -18.166666 4.400000 -0.000000
v -18.166666 4.400000 -1.000000
v -18.166666 4.400000 -0.916667
v -18.166666 4.400000 -0.750001
v -18.166666 4.400000 -0.583334
v -18.166666 4.400000 -0.416667
v -18.166666 4.400000 -0.250001
v -18.166666 4.400000 -0.083334
v -18.041666 4.816666 -0.041667
v -18.041666 4.816666 0.000000
v -18.125000 4.816666 0.000000
v -18.041666 4.816666 -1.000000
v -18.041666 4.816666 -0.958333
v -18.041666 4.816666 -0.708334
v -18.041666 4.816666 -0.625001
v -18.041666 4.816666 -0.375001
v -18.041666 4.816666 -0.291667
v -18.125000 4.816666 -0.958333
v -18.125000 4.816666 -0.708334
v -18.125000 4.816666 -0.625001
v -18.125000 4.816666 -0.375001
v -18.125000 4.816666 -0.291667
v -18.125000 4.816666 -0.041667
v -18.125000 4.816666 -1.000000
v -18.000000 4.650000 -0.083334
v -18.000000 4.650000 -0.000000
v -18.166666 4.650000 -0.000000
v -18.166666 4.650000 -0.083334
v -18.166666 4.650000 -0.416667
v -18.000000 4.650000 -0.416667
v -18.000000 4.650000 -0.250001
v -18.166666 4.650000 -0.250001
v -18.000000 4.650000 -0.583334
v -18.166666 4.650000 -0.583334
v -18.166666 4.650000 -0.750001
v -18.000000 4.650000 -0.750001
v -18.166666 4.650000 -1.000000
v -18.000000 4.650000 -1.000000
v -18.000000 4.650000 -0.916667
v -18.166666 4.650000 -0.916667
v -18.041666 4.525000 -0.083334
v -18.041666 4.608334 -0.083334
v -18.125000 4.525000 -0.083334
v -18.125000 4.608334 -0.083334
v -18.125000 4.525000 -0.416667
v -18.125000 4.608334 -0.416667
v -18.041666 4.608334 -0.416667
v -18.041666 4.525000 -0.416667
v -18.041666 4.608334 -0.250001
v -18.041666 4.525000 -0.250001
v -18.125000 4.608334 -0.250001
v -18.125000 4.525000 -0.250001
v -18.041666 4.525000 -0.583334
v -18.041666 4.608334 -0.583334
v -18.125000 4.608334 -0.583334
v -18.125000 4.525000 -0.583334
v -18.125000 4.608334 -0.750001
v -18.125000 4.525000 -0.750001
v -18.041666 4.608334 -0.750001
v -18.041666 4.525000 -0.750001
v -18.041666 4.608334 -0.916667
v -18.041666 4.525000 -0.916667
v -18.125000 4.608334 -0.916667
v -18.125000 4.525000 -0.916667
v -18.000000 1.000000 2.000000
v -18.000000 2.000000 2.000000
v -18.000000 1.000000 1.000000
v -18.000000 1.000000 1.750000
v -18.000000 2.000000 1.250000
v -18.000000 2.000000 1.416667
v -18.000000 2.000000 1.583333
v -18.000000 2.000000 1.750000
v -18.000000 1.000000 1.583333
v -18.000000 1.000000 1.416667
v -18.000000 1.000000 1.250000
v -18.000000 2.000000 1.000000
v -18.049999 1.725000 1.083333
v -18.049999 1.275000 1.083333
v -18.049999 1.725000 1.250000
v -18.049999 1.275000 1.250000
v -18.049999 1.725000 1.416667
v -18.049999 1.275000 1.416667
v -18.049999 1.725000 1.583333
v -18.049999 1.275000 1.583333
v -18.049999 1.725000 1.750000
v -18.049999 1.275000 1.750000
v -18.049999 1.725000 1.916667
v -18.049999 1.275000 1.916667
v -18.000000 1.775000 1.083333
v -18.000000 1.225000 1.083333
v -18.000000 1.775000 1.250000
v -18.000000 1.225000 1.250000
v -18.000000 1.775000 1.416667
v -18.000000 1.225000 1.416667
v -18.000000 1.775000 1.583333
v -18.000000 1.225000 1.583333
v -18.000000 1.775000 1.750000
v -18.000000 1.225000 1.750000
v -18.000000 1.775000 1.916667
v -18.000000 1.225000 1.916667
v -18.000000 1.137500 1.962500
v -18.000000 1.212500 1.962500
v -17.924999 1.137500 1.962500
v -17.850000 1.156250 1.981250
v -17.924999 1.212500 1.962500
v -17.924999 1.137500 2.000000
v -17.850000 1.156250 2.000000
v -17.850000 1.193750 2.000000
v -17.924999 1.212500 2.000000
v -17.850000 1.193750 1.981250
v -18.000000 1.212500 2.000000
v -18.000000 1.787500 1.037500
v -18.000000 1.862500 1.037500
v -17.924999 1.787500 1.037500
v -17.850000 1.806250 1.018750
v -17.924999 1.862500 1.037500
v -17.924999 1.787500 1.000000
v -17.850000 1.806250 1.000000
v -17.850000 1.843750 1.000000
v -17.924999 1.862500 1.000000
v -17.850000 1.843750 1.018750
v -18.000000 1.862500 1.000000
v -18.000000 1.787500 1.962500
v -18.000000 1.862500 1.962500
v -17.924999 1.787500 1.962500
v -17.850000 1.806250 1.981250
v -17.924999 1.862500 1.962500
v -17.924999 1.787500 2.000000
v -17.850000 1.806250 2.000000
v -17.850000 1.843750 2.000000
v -17.924999 1.862500 2.000000
v -17.850000 1.843750 1.981250
v -18.000000 1.862500 2.000000
v -18.000000 1.137500 1.037500
v -18.000000 1.212500 1.037500
v -17.924999 1.137500 1.037500
v -17.850000 1.156250 1.018750
v -17.924999 1.212500 1.037500
v -17.924999 1.137500 1.000000
v -17.850000 1.156250 1.000000
v -17.850000 1.193750 1.000000
v -17.924999 1.212500 1.000000
v -17.850000 1.193750 1.018750
v -18.000000 1.212500 1.000000
v -18.000000 1.787500 1.370833
v -18.000000 1.862500 1.370833
v -17.924999 1.787500 1.370833
v -17.850000 1.806250 1.352083
v -17.924999 1.862500 1.370833
v -17.924999 1.787500 1.295833
v -17.850000 1.806250 1.314583
v -17.924999 1.862500 1.295833
v -18.000000 1.787500 1.295833
v -18.000000 1.862500 1.295833
v -17.850000 1.843750 1.314583
v -17.850000 1.843750 1.352083
v -18.000000 1.137500 1.370833
v -18.000000 1.212500 1.370833
v -17.924999 1.137500 1.370833
v -17.850000 1.156250 1.352083
v -17.924999 1.212500 1.370833
v -17.924999 1.137500 1.295833
v -17.850000 1.156250 1.314583
v -17.924999 1.212500 1.295833
v -18.000000 1.137500 1.295833
v -18.000000 1.212500 1.295833
v -17.850000 1.193750 1.314583
v -17.850000 1.193750 1.352083
v -18.000000 1.137500 1.704166
v -18.000000 1.212500 1.704166
v -17.924999 1.137500 1.704166
v -17.850000 1.156250 1.685416
v -17.924999 1.212500 1.704166
v -17.924999 1.137500 1.629166
v -17.850000 1.156250 1.647916
v -17.924999 1.212500 1.629166
v -18.000000 1.137500 1.629166
v -18.000000 1.212500 1.629166
v -17.850000 1.193750 1.647916
v -17.850000 1.193750 1.685416
v -18.000000 1.787500 1.704166
v -18.000000 1.862500 1.704166
v -17.924999 1.787500 1.704166
v -17.850000 1.806250 1.685416
v -17.924999 1.862500 1.704166
v -17.924999 1.787500 1.629166
v -17.850000 1.806250 1.647916
v -17.924999 1.862500 1.629166
v -18.000000 1.787500 1.629166
v -18.000000 1.862500 1.629166
v -17.850000 1.843750 1.647916
v -17.850000 1.843750 1.685416
v -18.000000 2.000000 2.000000
v -18.000000 3.000000 2.000000
v -18.000000 2.000000 1.000000
v -18.000000 2.000000 1.750000
v -18.000000 3.000000 1.250000
v -18.000000 3.000000 1.416667
v -18.000000 3.000000 1.583333
v -18.000000 3.000000 1.750000
v -18.000000 2.000000 1.583333
v -18.000000 2.000000 1.416667
v -18.000000 2.000000 1.250000
v -18.000000 3.000000 1.000000
v -18.049999 2.725000 1.083333
v -18.049999 2.275000 1.083333
v -18.049999 2.725000 1.250000
v -18.049999 2.275000 1.250000
v -18.049999 2.725000 1.416667
v -18.049999 2.275000 1.416667
v -18.049999 2.725000 1.583333
v -18.049999 2.275000 1.583333
v -18.049999 2.725000 1.750000
v -18.049999 2.275000 1.750000
v -18.049999 2.725000 1.916667
v -18.049999 2.275000 1.916667
v -18.000000 2.775000 1.083333
v -18.000000 2.225000 1.083333
v -18.000000 2.775000 1.250000
v -18.000000 2.225000 1.250000
v -18.000000 2.775000 1.416667
v -18.000000 2.225000 1.416667
v -18.000000 2.775000 1.583333
v -18.000000 2.225000 1.583333
v -18.000000 2.775000 1.750000
v -18.000000 2.225000 1.750000
v -18.000000 2.775000 1.916667
v -18.000000 2.225000 1.916667
v -18.000000 2.137500 1.962500
v -18.000000 2.212500 1.962500
v -17.924999 2.137500 1.962500
v -17.850000 2.156250 1.981250
v -17.924999 2.212500 1.962500
v -17.924999 2.137500 2.000000
v -17.850000 2.156250 2.000000
v -17.850000 2.193750 2.000000
v -17.924999 2.212500 2.000000
v -17.850000 2.193750 1.981250
v -18.000000 2.212500 2.000000
v -18.000000 2.787500 1.037500
v -18.000000 2.862500 1.037500
v -17.924999 2.787500 1.037500
v -17.850000 2.806250 1.018750
v -17.924999 2.862500 1.037500
v -17.924999 2.787500 1.000000
v -17.850000 2.806250 1.000000
v -17.850000 2.843750 1.000000
v -17.924999 2.862500 1.000000
v -17.850000 2.843750 1.018750
v -18.000000 2.862500 1.000000
v -18.000000 2.787500 1.962500
v -18.000000 2.862500 1.962500
v -17.924999 2.787500 1.962500
v -17.850000 2.806250 1.981250
v -17.924999 2.862500 1.962500
v -17.924999 2.787500 2.000000
v -17.850000 2.806250 2.000000
v -17.850000 2.843750 2.000000
v -17.924999 2.862500 2.000000
v -17.850000 2.843750 1.981250
v -18.000000 2.862500 2.000000
v -18.000000 2.137500 1.037500
v -18.000000 2.212500 1.037500
v -17.924999 2.137500 1.037500
v -17.850000 2.156250 1.018750
v -17.924999 2.212500 1.037500
v -17.924999 2.137500 1.000000
v -17.850000 2.156250 1.000000
v -17.850000 2.193750 1.000000
v -17.924999 2.212500 1.000000
v -17.850000 2.193750 1.018750
v -18.000000 2.212500 1.000000
v -18.000000 2.787500 1.370833
v -18.000000 2.862500 1.370833
v -17.924999 2.787500 1.370833
v -17.850000 2.806250 1.352083
v -17.924999 2.862500 1.370833
v -17.924999 2.787500 1.295833
v -17.850000 2.806250 1.314583
v -17.924999 2.862500 1.295833
v -18.000000 2.787500 1.295833
v -18.000000 2.862500 1.295833
v -17.850000 2.843750 1.314583
v -17.850000 2.843750 1.352083
v -18.000000 2.137500 1.370833
v -18.000000 2.212500 1.370833
v -17.924999 2.137500 1.370833
v -17.850000 2.156250 1.352083
v -17.924999 2.212500 1.370833
v -17.924999 2.137500 1.295833
v -17.850000 2.156250 1.314583
v -17.924999 2.212500 1.295833
v -18.000000 2.137500 1.295833
v -18.000000 2.212500 1.295833
v -17.850000 2.193750 1.314583
v -17.850000 2.193750 1.352083
v -18.000000 2.137500 1.704166
v -18.000000 2.212500 1.704166
v -17.924999 2.137500 1.704166
v -17.850000 2.156250 1.685416
v -17.924999 2.212500 1.704166
v -17.924999 2.137500 1.629166
v -17.850000 2.156250 1.647916
v -17.924999 2.212500 1.629166
v -18.000000 2.137500 1.629166
v -18.000000 2.212500 1.629166
v -17.850000 2.193750 1.647916
v -17.850000 2.193750 1.685416
v -18.000000 2.787500 1.704166
v -18.000000 2.862500 1.704166
v -17.924999 2.787500 1.704166
v -17.850000 2.806250 1.685416
v -17.924999 2.862500 1.704166
v -17.924999 2.787500 1.629166
v -17.850000 2.806250 1.647916
v -17.924999 2.862500 1.629166
v -18.000000 2.787500 1.629166
v -18.000000 2.862500 1.629166
v -17.850000 2.843750 1.647916
v -17.850000 2.843750 1.685416
v -18.000000 3.000000 2.000000
v -18.000000 4.000000 2.000000
v -18.000000 3.000000 1.000000
v -18.000000 3.000000 1.750000
v -18.000000 4.000000 1.250000
v -18.000000 4.000000 1.416667
v -18.000000 4.000000 1.583333
v -18.000000 4.000000 1.750000
v -18.000000 3.000000 1.583333
v -18.000000 3.000000 1.416667
v -18.000000 3.000000 1.250000
v -18.000000 4.000000 1.000000
v -18.049999 3.725000 1.083333
v -18.049999 3.275000 1.083333
v -18.049999 3.725000 1.250000
v -18.049999 3.275000 1.250000
v -18.049999 3.725000 1.416667
v -18.049999 3.275000 1.416667
v -18.049999 3.725000 1.583333
v -18.049999 3.275000 1.583333
v -18.049999 3.725000 1.750000
v -18.049999 3.275000 1.750000
v -18.049999 3.725000 1.916667
v -18.049999 3.275000 1.916667
v -18.000000 3.775000 1.083333
v -18.000000 3.225000 1.083333
v -18.000000 3.775000 1.250000
v -18.000000 3.225000 1.250000
v -18.000000 3.775000 1.416667
v -18.000000 3.225000 1.416667
v -18.000000 3.775000 1.583333
v -18.000000 3.225000 1.583333
v -18.000000 3.775000 1.750000
v -18.000000 3.225000 1.750000
v -18.000000 3.775000 1.916667
v -18.000000 3.225000 1.916667
v -18.000000 3.137500 1.962500
v -18.000000 3.212500 1.962500
v -17.924999 3.137500 1.962500
v -17.850000 3.156250 1.981250
v -17.924999 3.212500 1.962500
v -17.924999 3.137500 2.000000
v -17.850000 3.156250 2.000000
v -17.850000 3.193750 2.000000
v -17.924999 3.212500 2.000000
v -17.850000 3.193750 1.981250
v -18.000000 3.212500 2.000000
v -18.000000 3.787500 1.037500
v -18.000000 3.862500 1.037500
v -17.924999 3.787500 1.037500
v -17.850000 3.806250 1.018750
v -17.924999 3.862500 1.037500
v -17.924999 3.787500 1.000000
v -17.850000 3.806250 1.000000
v -17.850000 3.843750 1.000000
v -17.924999 3.862500 1.000000
v -17.850000 3.843750 1.018750
v -18.000000 3.862500 1.000000
v -18.000000 3.787500 1.962500
v -18.000000 3.862500 1.962500
v -17.924999 3.787500 1.962500
v -17.850000 3.806250 1.981250
v -17.924999 3.862500 1.962500
v -17.924999 3.787500 2.000000
v -17.850000 3.806250 2.000000
v -17.850000 3.843750 2.000000
v -17.924999 3.862500 2.000000
v -17.850000 3.843750 1.981250
v -18.000000 3.862500 2.000000
v -18.000000 3.137500 1.037500
v -18.000000 3.212500 1.037500
v -17.924999 3.137500 1.037500
v -17.850000 3.156250 1.018750
v -17.924999 3.212500 1.037500
v -17.924999 3.137500 1.000000
v -17.850000 3.156250 1.000000
v -17.850000 3.193750 1.000000
v -17.924999 3.212500 1.000000
v -17.850000 3.193750 1.018750
v -18.000000 3.212500 1.000000
v -18.000000 3.787500 1.370833
v -18.000000 3.862500 1.370833
v -17.924999 3.787500 1.370833
v -17.850000 3.806250 1.352083
v -17.924999 3.862500 1.370833
v -17.924999 3.787500 1.295833
v -17.850000 3.806250 1.314583
v -17.924999 3.862500 1.295833
v -18.000000 3.787500 1.295833
v -18.000000 3.862500 1.295833
v -17.850000 3.843750 1.314583
v -17.850000 3.843750 1.352083
v -18.000000 3.137500 1.370833
v -18.000000 3.212500 1.370833
v -17.924999 3.137500 1.370833
v -17.850000 3.156250 1.352083
v -17.924999 3.212500 1.370833
v -17.924999 3.137500 1.295833
v -17.850000 3.156250 1.314583
v -17.924999 3.212500 1.295833
v -18.000000 3.137500 1.295833
v -18.000000 3.212500 1.295833
v -17.850000 3.193750 1.314583
v -17.850000 3.193750 1.352083
v -18.000000 3.137500 1.704166
v -18.000000 3.212500 1.704166
v -17.924999 3.137500 1.704166
v -17.850000 3.156250 1.685416
v -17.924999 3.212500 1.704166
v -17.924999 3.137500 1.629166
v -17.850000 3.156250 1.647916
v -17.924999 3.212500 1.629166
v -18.000000 3.137500 1.629166
v -18.000000 3.212500 1.629166
v -17.850000 3.193750 1.647916
v -17.850000 3.193750 1.685416
v -18.000000 3.787500 1.704166
v -18.000000 3.862500 1.704166
v -17.924999 3.787500 1.704166
v -17.850000 3.806250 1.685416
v -17.924999 3.862500 1.704166
v -17.924999 3.787500 1.629166
v -17.850000 3.806250 1.647916
v -17.924999 3.862500 1.629166
v -18.000000 3.787500 1.629166
v -18.000000 3.862500 1.629166
v -17.850000 3.843750 1.647916
v -17.850000 3.843750 1.685416
v -18.000000 1.000000 1.000000
v -18.000000 1.000000 0.000000
v -18.000000 2.000000 1.000000
v -18.000000 2.000000 0.000000
v -18.000000 1.137500 0.370833
v -18.000000 1.212500 0.370833
v -18.000000 1.137500 0.295833
v -18.000000 1.212500 0.295833
v -17.850000 1.156250 0.352083
v -17.924999 1.137500 0.370833
v -17.850000 1.193750 0.352083
v -17.924999 1.212500 0.370833
v -17.850000 1.156250 0.314583
v -17.924999 1.137500 0.295833
v -17.850000 1.193750 0.314583
v -17.924999 1.212500 0.295833
v -18.000000 1.787500 0.704165
v -18.000000 1.862500 0.704165
v -18.000000 1.787500 0.629165
v -18.000000 1.862500 0.629165
v -17.850000 1.806250 0.685415
v -17.924999 1.787500 0.704165
v -17.850000 1.843750 0.685415
v -17.924999 1.862500 0.704165
v -17.850000 1.806250 0.647915
v -17.924999 1.787500 0.629165
v -17.850000 1.843750 0.647915
v -17.924999 1.862500 0.629165
v -18.000000 1.137500 0.704165
v -18.000000 1.212500 0.704165
v -18.000000 1.137500 0.629165
v -18.000000 1.212500 0.629165
v -17.850000 1.156250 0.685415
v -17.924999 1.137500 0.704165
v -17.850000 1.193750 0.685415
v -17.924999 1.212500 0.704165
v -17.850000 1.156250 0.647915
v -17.924999 1.137500 0.629165
v -17.850000 1.193750 0.647915
v -17.924999 1.212500 0.629165
v -18.000000 1.787500 0.370832
v -18.000000 1.862500 0.370832
v -18.000000 1.787500 0.295832
v -18.000000 1.862500 0.295832
v -17.850000 1.806250 0.352082
v -17.924999 1.787500 0.370832
v -17.850000 1.843750 0.352082
v -17.924999 1.862500 0.370832
v -17.850000 1.806250 0.314582
v -17.924999 1.787500 0.295832
v -17.850000 1.843750 0.314582
v -17.924999 1.862500 0.295832
v -18.000000 1.137500 0.962499
v -18.000000 1.212500 0.962499
v -18.000000 1.212500 0.999999
v -17.850000 1.156250 0.981249
v -17.924999 1.137500 0.962499
v -17.850000 1.193750 0.981249
v -17.924999 1.212500 0.962499
v -17.924999 1.137500 0.999999
v -17.850000 1.156250 0.999999
v -17.850000 1.193750 0.999999
v -17.924999 1.212500 0.999999
v -18.000000 1.787500 0.962499
v -18.000000 1.862500 0.962499
v -18.000000 1.862500 0.999999
v -17.850000 1.806250 0.981249
v -17.924999 1.787500 0.962499
v -17.850000 1.843750 0.981249
v -17.924999 1.862500 0.962499
v -17.924999 1.787500 0.999999
v -17.850000 1.806250 0.999999
v -17.850000 1.843750 0.999999
v -17.924999 1.862500 0.999999
v -18.000000 1.137500 0.037500
v -18.000000 1.212500 0.037500
v -18.000000 1.212500 -0.000000
v -17.850000 1.156250 0.018750
v -17.924999 1.137500 0.037500
v -17.850000 1.193750 0.018750
v -17.924999 1.212500 0.037500
v -17.850000 1.156250 -0.000000
v -17.924999 1.137500 -0.000000
v -17.924999 1.212500 -0.000000
v -17.850000 1.193750 -0.000000
v -18.000000 1.787500 0.037500
v -18.000000 1.862500 0.037500
v -18.000000 1.862500 -0.000000
v -17.850000 1.806250 0.018750
v -17.924999 1.787500 0.037500
v -17.850000 1.843750 0.018750
v -17.924999 1.862500 0.037500
v -17.850000 1.806250 -0.000000
v -17.924999 1.787500 -0.000000
v -17.924999 1.862500 -0.000000
v -17.850000 1.843750 -0.000000
v -18.000000 2.000000 1.000000
v -18.000000 3.000000 1.000000
v -18.000000 2.000000 0.000000
v -18.000000 2.000000 0.750000
v -18.000000 3.000000 0.250000
v -18.000000 3.000000 0.416667
v -18.000000 3.000000 0.583333
v -18.000000 3.000000 0.750000
v -18.000000 2.000000 0.583333
v -18.000000 2.000000 0.416667
v -18.000000 2.000000 0.250000
v -18.000000 3.000000 0.000000
v -18.049999 2.725000 0.083333
v -18.049999 2.275000 0.083333
v -18.049999 2.725000 0.250000
v -18.049999 2.275000 0.250000
v -18.049999 2.725000 0.416667
v -18.049999 2.275000 0.416667
v -18.049999 2.725000 0.583333
v -18.049999 2.275000 0.583333
v -18.049999 2.725000 0.750000
v -18.049999 2.275000 0.750000
v -18.049999 2.725000 0.916667
v -18.049999 2.275000 0.916667
v -18.000000 2.775000 0.083333
v -18.000000 2.225000 0.083333
v -18.000000 2.775000 0.250000
v -18.000000 2.225000 0.250000
v -18.000000 2.775000 0.416667
v -18.000000 2.225000 0.416667
v -18.000000 2.775000 0.583333
v -18.000000 2.225000 0.583333
v -18.000000 2.775000 0.750000
v -18.000000 2.225000 0.750000
v -18.000000 2.775000 0.916667
v -18.000000 2.225000 0.916667
v -18.000000 2.137500 0.962500
v -18.000000 2.212500 0.962500
v -17.924999 2.137500 0.962500
v -17.850000 2.156250 0.981250
v -17.924999 2.212500 0.962500
v -17.924999 2.137500 1.000000
v -17.850000 2.156250 1.000000
v -17.850000 2.193750 1.000000
v -17.924999 2.212500 1.000000
v -17.850000 2.193750 0.981250
v -18.000000 2.212500 1.000000
v -18.000000 2.787500 0.037500
v -18.000000 2.862500 0.037500
v -17.924999 2.787500 0.037500
v -17.850000 2.806250 0.018750
v -17.924999 2.862500 0.037500
v -17.924999 2.787500 0.000000
v -17.850000 2.806250 0.000000
v -17.850000 2.843750 0.000000
v -17.924999 2.862500 0.000000
v -17.850000 2.843750 0.018750
v -18.000000 2.862500 0.000000
v -18.000000 2.787500 0.962500
v -18.000000 2.862500 0.962500
v -17.924999 2.787500 0.962500
v -17.850000 2.806250 0.981250
v -17.924999 2.862500 0.962500
v -17.924999 2.787500 1.000000
v -17.850000 2.806250 1.000000
v -17.850000 2.843750 1.000000
v -17.924999 2.862500 1.000000
v -17.850000 2.843750 0.981250
v -18.000000 2.862500 1.000000
v -18.000000 2.137500 0.037500
v -18.000000 2.212500 0.037500
v -17.924999 2.137500 0.037500
v -17.850000 2.156250 0.018750
v -17.924999 2.212500 0.037500
v -17.924999 2.137500 0.000000
v -17.850000 2.156250 0.000000
v -17.850000 2.193750 0.000000
v -17.924999 2.212500 0.000000
v -17.850000 2.193750 0.018750
v -18.000000 2.212500 0.000000
v -18.000000 2.787500 0.370833
v -18.000000 2.862500 0.370833
v -17.924999 2.787500 0.370833
v -17.850000 2.806250 0.352083
v -17.924999 2.862500 0.370833
v -17.924999 2.787500 0.295833
v -17.850000 2.806250 0.314583
v -17.924999 2.862500 0.295833
v -18.000000 2.787500 0.295833
v -18.000000 2.862500 0.295833
v -17.850000 2.843750 0.314583
v -17.850000 2.843750 0.352083
v -18.000000 2.137500 0.370833
v -18.000000 2.212500 0.370833
v -17.924999 2.137500 0.370833
v -17.850000 2.156250 0.352083
v -17.924999 2.212500 0.370833
v -17.924999 2.137500 0.295833
v -17.850000 2.156250 0.314583
v -17.924999 2.212500 0.295833
v -18.000000 2.137500 0.295833
v -18.000000 2.212500 0.295833
v -17.850000 2.193750 0.314583
v -17.850000 2.193750 0.352083
v -18.000000 2.137500 0.704166
v -18.000000 2.212500 0.704166
v -17.924999 2.137500 0.704166
v -17.850000 2.156250 0.685416
v -17.924999 2.212500 0.704166
v -17.924999 2.137500 0.629166
v -17.850000 2.156250 0.647916
v -17.924999 2.212500 0.629166
v -18.000000 2.137500 0.629166
v -18.000000 2.212500 0.629166
v -17.850000 2.193750 0.647916
v -17.850000 2.193750 0.685416
v -18.000000 2.787500 0.704166
v -18.000000 2.862500 0.704166
v -17.924999 2.787500 0.704166
v -17.850000 2.806250 0.685416
v -17.924999 2.862500 0.704166
v -17.924999 2.787500 0.629166
v -17.850000 2.806250 0.647916
v -17.924999 2.862500 0.629166
v -18.000000 2.787500 0.629166
v -18.000000 2.862500 0.629166
v -17.850000 2.843750 0.647916
v -17.850000 2.843750 0.685416
v -18.000000 3.000000 1.000000
v -18.000000 3.000000 0.000000
v -18.000000 4.000000 1.000000
v -18.000000 4.000000 0.000000
v -18.000000 3.137500 0.370833
v -18.000000 3.212500 0.370833
v -18.000000 3.137500 0.295833
v -18.000000 3.212500 0.295833
v -17.850000 3.156250 0.352083
v -17.924999 3.137500 0.370833
v -17.850000 3.193750 0.352083
v -17.924999 3.212500 0.370833
v -17.850000 3.156250 0.314583
v -17.924999 3.137500 0.295833
v -17.850000 3.193750 0.314583
v -17.924999 3.212500 0.295833
v -18.000000 3.787500 0.704165
v -18.000000 3.862500 0.704165
v -18.000000 3.787500 0.629165
v -18.000000 3.862500 0.629165
v -17.850000 3.806250 0.685415
v -17.924999 3.787500 0.704165
v -17.850000 3.843750 0.685415
v -17.924999 3.862500 0.704165
v -17.850000 3.806250 0.647915
v -17.924999 3.787500 0.629165
v -17.850000 3.843750 0.647915
v -17.924999 3.862500 0.629165
v -18.000000 3.137500 0.704165
v -18.000000 3.212500 0.704165
v -18.000000 3.137500 0.629165
v -18.000000 3.212500 0.629165
v -17.850000 3.156250 0.685415
v -17.924999 3.137500 0.704165
v -17.850000 3.193750 0.685415
v -17.924999 3.212500 0.704165
v -17.850000 3.156250 0.647915
v -17.924999 3.137500 0.629165
v -17.850000 3.193750 0.647915
v -17.924999 3.212500 0.629165
v -18.000000 3.787500 0.370832
v -18.000000 3.862500 0.370832
v -18.000000 3.787500 0.295832
v -18.000000 3.862500 0.295832
v -17.850000 3.806250 0.352082
v -17.924999 3.787500 0.370832
v -17.850000 3.843750 0.352082
v -17.924999 3.862500 0.370832
v -17.850000 3.806250 0.314582
v -17.924999 3.787500 0.295832
v -17.850000 3.843750 0.314582
v -17.924999 3.862500 0.295832
v -18.000000 3.137500 0.962499
v -18.000000 3.212500 0.962499
v -18.000000 3.212500 0.999999
v -17.850000 3.156250 0.981249
v -17.924999 3.137500 0.962499
v -17.850000 3.193750 0.981249
v -17.924999 3.212500 0.962499
v -17.924999 3.137500 0.999999
v -17.850000 3.156250 0.999999
v -17.850000 3.193750 0.999999
v -17.924999 3.212500 0.999999
v -18.000000 3.787500 0.962499
v -18.000000 3.862500 0.962499
v -18.000000 3.862500 0.999999
v -17.850000 3.806250 0.981249
v -17.924999 3.787500 0.962499
v -17.850000 3.843750 0.981249
v -17.924999 3.862500 0.962499
v -17.924999 3.787500 0.999999
v -17.850000 3.806250 0.999999
v -17.850000 3.843750 0.999999
v -17.924999 3.862500 0.999999
v -18.000000 3.137500 0.037500
v -18.000000 3.212500 0.037500
v -18.000000 3.212500 -0.000000
v -17.850000 3.156250 0.018750
v -17.924999 3.137500 0.037500
v -17.850000 3.193750 0.018750
v -17.924999 3.212500 0.037500
v -17.850000 3.156250 -0.000000
v -17.924999 3.137500 -0.000000
v -17.924999 3.212500 -0.000000
v -17.850000 3.193750 -0.000000
v -18.000000 3.787500 0.037500
v -18.000000 3.862500 0.037500
v -18.000000 3.862500 -0.000000
v -17.850000 3.806250 0.018750
v -17.924999 3.787500 0.037500
v -17.850000 3.843750 0.018750
v -17.924999 3.862500 0.037500
v -17.850000 3.806250 -0.000000
v -17.924999 3.787500 -0.000000
v -17.924999 3.862500 -0.000000
v -17.850000 3.843750 -0.000000
v -18.000000 1.000000 0.000000
v -18.000000 1.000000 -1.000000
v -18.000000 2.000000 -0.000000
v -18.000000 2.000000 -1.000000
v -18.000000 1.137500 -0.629167
v -18.000000 1.212500 -0.629167
v -18.000000 1.137500 -0.704167
v -18.000000 1.212500 -0.704167
v -17.850000 1.156250 -0.647917
v -17.924999 1.137500 -0.629167
v -17.850000 1.193750 -0.647917
v -17.924999 1.212500 -0.629167
v -17.850000 1.156250 -0.685417
v -17.924999 1.137500 -0.704167
v -17.850000 1.193750 -0.685417
v -17.924999 1.212500 -0.704167
v -18.000000 1.787500 -0.295835
v -18.000000 1.862500 -0.295835
v -18.000000 1.787500 -0.370835
v -18.000000 1.862500 -0.370835
v -17.850000 1.806250 -0.314585
v -17.924999 1.787500 -0.295835
v -17.850000 1.843750 -0.314585
v -17.924999 1.862500 -0.295835
v -17.850000 1.806250 -0.352085
v -17.924999 1.787500 -0.370835
v -17.850000 1.843750 -0.352085
v -17.924999 1.862500 -0.370835
v -18.000000 1.137500 -0.295835
v -18.000000 1.212500 -0.295835
v -18.000000 1.137500 -0.370835
v -18.000000 1.212500 -0.370835
v -17.850000 1.156250 -0.314585
v -17.924999 1.137500 -0.295835
v -17.850000 1.193750 -0.314585
v -17.924999 1.212500 -0.295835
v -17.850000 1.156250 -0.352085
v -17.924999 1.137500 -0.370835
v -17.850000 1.193750 -0.352085
v -17.924999 1.212500 -0.370835
v -18.000000 1.787500 -0.629168
v -18.000000 1.862500 -0.629168
v -18.000000 1.787500 -0.704168
v -18.000000 1.862500 -0.704168
v -17.850000 1.806250 -0.647918
v -17.924999 1.787500 -0.629168
v -17.850000 1.843750 -0.647918
v -17.924999 1.862500 -0.629168
v -17.850000 1.806250 -0.685418
v -17.924999 1.787500 -0.704168
v -17.850000 1.843750 -0.685418
v -17.924999 1.862500 -0.704168
v -18.000000 1.137500 -0.037501
v -18.000000 1.212500 -0.037501
v -18.000000 1.212500 -0.000001
v -17.850000 1.156250 -0.018751
v -17.924999 1.137500 -0.037501
v -17.850000 1.193750 -0.018751
v -17.924999 1.212500 -0.037501
v -17.924999 1.137500 -0.000001
v -17.850000 1.156250 -0.000001
v -17.850000 1.193750 -0.000001
v -17.924999 1.212500 -0.000001
v -18.000000 1.787500 -0.037501
v -18.000000 1.862500 -0.037501
v -18.000000 1.862500 -0.000001
v -17.850000 1.806250 -0.018751
v -17.924999 1.787500 -0.037501
v -17.850000 1.843750 -0.018751
v -17.924999 1.862500 -0.037501
v -17.924999 1.787500 -0.000001
v -17.850000 1.806250 -0.000001
v -17.850000 1.843750 -0.000001
v -17.924999 1.862500 -0.000001
v -18.000000 1.137500 -0.962500
v -18.000000 1.212500 -0.962500
v -18.000000 1.212500 -1.000000
v -17.850000 1.156250 -0.981250
v -17.924999 1.137500 -0.962500
v -17.850000 1.193750 -0.981250
v -17.924999 1.212500 -0.962500
v -17.850000 1.156250 -1.000000
v -17.924999 1.137500 -1.000000
v -17.924999 1.212500 -1.000000
v -17.850000 1.193750 -1.000000
v -18.000000 1.787500 -0.962500
v -18.000000 1.862500 -0.962500
v -18.000000 1.862500 -1.000000
v -17.850000 1.806250 -0.981250
v -17.924999 1.787500 -0.962500
v -17.850000 1.843750 -0.981250
v -17.924999 1.862500 -0.962500
v -17.850000 1.806250 -1.000000
v -17.924999 1.787500 -1.000000
v -17.924999 1.862500 -1.000000
v -17.850000 1.843750 -1.000000
v -18.000000 2.000000 -0.000000
v -18.000000 3.000000 0.000000
v -18.000000 2.000000 -1.000000
v -18.000000 2.000000 -0.250000
v -18.000000 3.000000 -0.750000
v -18.000000 3.000000 -0.583333
v -18.000000 3.000000 -0.416667
v -18.000000 3.000000 -0.250000
v -18.000000 2.000000 -0.416667
v -18.000000 2.000000 -0.583333
v -18.000000 2.000000 -0.750000
v -18.000000 3.000000 -1.000000
v -18.049999 2.725000 -0.916667
v -18.049999 2.275000 -0.916667
v -18.049999 2.725000 -0.750000
v -18.049999 2.275000 -0.750000
v -18.049999 2.725000 -0.583333
v -18.049999 2.275000 -0.583333
v -18.049999 2.725000 -0.416667
v -18.049999 2.275000 -0.416667
v -18.049999 2.725000 -0.250000
v -18.049999 2.275000 -0.250000
v -18.049999 2.725000 -0.083333
v -18.049999 2.275000 -0.083333
v -18.000000 2.775000 -0.916667
v -18.000000 2.225000 -0.916667
v -18.000000 2.775000 -0.750000
v -18.000000 2.225000 -0.750000
v -18.000000 2.775000 -0.583333
v -18.000000 2.225000 -0.583333
v -18.000000 2.775000 -0.416667
v -18.000000 2.225000 -0.416667
v -18.000000 2.775000 -0.250000
v -18.000000 2.225000 -0.250000
v -18.000000 2.775000 -0.083333
v -18.000000 2.225000 -0.083333
v -18.000000 2.137500 -0.037500
v -18.000000 2.212500 -0.037500
v -17.924999 2.137500 -0.037500
v -17.850000 2.156250 -0.018750
v -17.924999 2.212500 -0.037500
v -17.924999 2.137500 -0.000000
v -17.850000 2.156250 -0.000000
v -17.850000 2.193750 -0.000000
v -17.924999 2.212500 -0.000000
v -17.850000 2.193750 -0.018750
v -18.000000 2.212500 -0.000000
v -18.000000 2.787500 -0.962500
v -18.000000 2.862500 -0.962500
v -17.924999 2.787500 -0.962500
v -17.850000 2.806250 -0.981250
v -17.924999 2.862500 -0.962500
v -17.924999 2.787500 -1.000000
v -17.850000 2.806250 -1.000000
v -17.850000 2.843750 -1.000000
v -17.924999 2.862500 -1.000000
v -17.850000 2.843750 -0.981250
v -18.000000 2.862500 -1.000000
v -18.000000 2.787500 -0.037500
v -18.000000 2.862500 -0.037500
v -17.924999 2.787500 -0.037500
v -17.850000 2.806250 -0.018750
v -17.924999 2.862500 -0.037500
v -17.924999 2.787500 -0.000000
v -17.850000 2.806250 -0.000000
v -17.850000 2.843750 -0.000000
v -17.924999 2.862500 -0.000000
v -17.850000 2.843750 -0.018750
v -18.000000 2.862500 -0.000000
v -18.000000 2.137500 -0.962500
v -18.000000 2.212500 -0.962500
v -17.924999 2.137500 -0.962500
v -17.850000 2.156250 -0.981250
v -17.924999 2.212500 -0.962500
v -17.924999 2.137500 -1.000000
v -17.850000 2.156250 -1.000000
v -17.850000 2.193750 -1.000000
v -17.924999 2.212500 -1.000000
v -17.850000 2.193750 -0.981250
v -18.000000 2.212500 -1.000000
v -18.000000 2.787500 -0.629167
v -18.000000 2.862500 -0.629167
v -17.924999 2.787500 -0.629167
v -17.850000 2.806250 -0.647917
v -17.924999 2.862500 -0.629167
v -17.924999 2.787500 -0.704167
v -17.850000 2.806250 -0.685417
v -17.924999 2.862500 -0.704167
v -18.000000 2.787500 -0.704167
v -18.000000 2.862500 -0.704167
v -17.850000 2.843750 -0.685417
v -17.850000 2.843750 -0.647917
v -18.000000 2.137500 -0.629167
v -18.000000 2.212500 -0.629167
v -17.924999 2.137500 -0.629167
v -17.850000 2.156250 -0.647917
v -17.924999 2.212500 -0.629167
v -17.924999 2.137500 -0.704167
v -17.850000 2.156250 -0.685417
v -17.924999 2.212500 -0.704167
v -18.000000 2.137500 -0.704167
v -18.000000 2.212500 -0.704167
v -17.850000 2.193750 -0.685417
v -17.850000 2.193750 -0.647917
v -18.000000 2.137500 -0.295834
v -18.000000 2.212500 -0.295834
v -17.924999 2.137500 -0.295834
v -17.850000 2.156250 -0.314584
v -17.924999 2.212500 -0.295834
v -17.924999 2.137500 -0.370834
v -17.850000 2.156250 -0.352084
v -17.924999 2.212500 -0.370834
v -18.000000 2.137500 -0.370834
v -18.000000 2.212500 -0.370834
v -17.850000 2.193750 -0.352084
v -17.850000 2.193750 -0.314584
v -18.000000 2.787500 -0.295834
v -18.000000 2.862500 -0.295834
v -17.924999 2.787500 -0.295834
v -17.850000 2.806250 -0.314584
v -17.924999 2.862500 -0.295834
v -17.924999 2.787500 -0.370834
v -17.850000 2.806250 -0.352084
v -17.924999 2.862500 -0.370834
v -18.000000 2.787500 -0.370834
v -18.000000 2.862500 -0.370834
v -17.850000 2.843750 -0.352084
v -17.850000 2.843750 -0.314584
v -18.000000 3.000000 -0.000000
v -18.000000 4.000000 0.000000
v -18.000000 3.000000 -1.000000
v -18.000000 3.000000 -0.250000
v -18.000000 4.000000 -0.750000
v -18.000000 4.000000 -0.583333
v -18.000000 4.000000 -0.416667
v -18.000000 4.000000 -0.250000
v -18.000000 3.000000 -0.416667
v -18.000000 3.000000 -0.583333
v -18.000000 3.000000 -0.750000
v -18.000000 4.000000 -1.000000
v -18.049999 3.725000 -0.916667
v -18.049999 3.275000 -0.916667
v -18.049999 3.725000 -0.750000
v -18.049999 3.275000 -0.750000
v -18.049999 3.725000 -0.583333
v -18.049999 3.275000 -0.583333
v -18.049999 3.725000 -0.416667
v -18.049999 3.275000 -0.416667
v -18.049999 3.725000 -0.250000
v -18.049999 3.275000 -0.250000
v -18.049999 3.725000 -0.083333
v -18.049999 3.275000 -0.083333
v -18.000000 3.775000 -0.916667
v -18.000000 3.225000 -0.916667
v -18.000000 3.775000 -0.750000
v -18.000000 3.225000 -0.750000
v -18.000000 3.775000 -0.583333
v -18.000000 3.225000 -0.583333
v -18.000000 3.775000 -0.416667
v -18.000000 3.225000 -0.416667
v -18.000000 3.775000 -0.250000
v -18.000000 3.225000 -0.250000
v -18.000000 3.775000 -0.083333
v -18.000000 3.225000 -0.083333
v -18.000000 3.137500 -0.037500
v -18.000000 3.212500 -0.037500
v -17.924999 3.137500 -0.037500
v -17.850000 3.156250 -0.018750
v -17.924999 3.212500 -0.037500
v -17.924999 3.137500 -0.000000
v -17.850000 3.156250 -0.000000
v -17.850000 3.193750 -0.000000
v -17.924999 3.212500 -0.000000
v -17.850000 3.193750 -0.018750
v -18.000000 3.212500 -0.000000
v -18.000000 3.787500 -0.962500
v -18.000000 3.862500 -0.962500
v -17.924999 3.787500 -0.962500
v -17.850000 3.806250 -0.981250
v -17.924999 3.862500 -0.962500
v -17.924999 3.787500 -1.000000
v -17.850000 3.806250 -1.000000
v -17.850000 3.843750 -1.000000
v -17.924999 3.862500 -1.000000
v -17.850000 3.843750 -0.981250
v -18.000000 3.862500 -1.000000
v -18.000000 3.787500 -0.037500
v -18.000000 3.862500 -0.037500
v -17.924999 3.787500 -0.037500
v -17.850000 3.806250 -0.018750
v -17.924999 3.862500 -0.037500
v -17.924999 3.787500 -0.000000
v -17.850000 3.806250 -0.000000
v -17.850000 3.843750 -0.000000
v -17.924999 3.862500 -0.000000
v -17.850000 3.843750 -0.018750
v -18.000000 3.862500 -0.000000
v -18.000000 3.137500 -0.962500
v -18.000000 3.212500 -0.962500
v -17.924999 3.137500 -0.962500
v -17.850000 3.156250 -0.981250
v -17.924999 3.212500 -0.962500
v -17.924999 3.137500 -1.000000
v -17.850000 3.156250 -1.000000
v -17.850000 3.193750 -1.000000
v -17.924999 3.212500 -1.000000
v -17.850000 3.193750 -0.981250
v -18.000000 3.212500 -1.000000
v -18.000000 3.787500 -0.629167
v -18.000000 3.862500 -0.629167
v -17.924999 3.787500 -0.629167
v -17.850000 3.806250 -0.647917
v -17.924999 3.862500 -0.629167
v -17.924999 3.787500 -0.704167
v -17.850000 3.806250 -0.685417
v -17.924999 3.862500 -0.704167
v -18.000000 3.787500 -0.704167
v -18.000000 3.862500 -0.704167
v -17.850000 3.843750 -0.685417
v -17.850000 3.843750 -0.647917
v -18.000000 3.137500 -0.629167
v -18.000000 3.212500 -0.629167
v -17.924999 3.137500 -0.629167
v -17.850000 3.156250 -0.647917
v -17.924999 3.212500 -0.629167
v -17.924999 3.137500 -0.704167
v -17.850000 3.156250 -0.685417
v -17.924999 3.212500 -0.704167
v -18.000000 3.137500 -0.704167
v -18.000000 3.212500 -0.704167
v -17.850000 3.193750 -0.685417
v -17.850000 3.193750 -0.647917
v -18.000000 3.137500 -0.295834
v -18.000000 3.212500 -0.295834
v -17.924999 3.137500 -0.295834
v -17.850000 3.156250 -0.314584
v -17.924999 3.212500 -0.295834
v -17.924999 3.137500 -0.370834
v -17.850000 3.156250 -0.352084
v -17.924999 3.212500 -0.370834
v -18.000000 3.137500 -0.370834
v -18.000000 3.212500 -0.370834
v -17.850000 3.193750 -0.352084
v -17.850000 3.193750 -0.314584
v -18.000000 3.787500 -0.295834
v -18.000000 3.862500 -0.295834
v -17.924999 3.787500 -0.295834
v -17.850000 3.806250 -0.314584
v -17.924999 3.862500 -0.295834
v -17.924999 3.787500 -0.370834
v -17.850000 3.806250 -0.352084
v -17.924999 3.862500 -0.370834
v -18.000000 3.787500 -0.370834
v -18.000000 3.862500 -0.370834
v -17.850000 3.843750 -0.352084
v -17.850000 3.843750 -0.314584
v -18.000000 1.000000 -1.000000
v -18.000000 2.000000 -1.000000
v -18.000000 1.000000 -2.000000
v -18.000000 1.000000 -1.250000
v -18.000000 2.000000 -1.750000
v -18.000000 2.000000 -1.583333
v -18.000000 2.000000 -1.416667
v -18.000000 2.000000 -1.250000
v -18.000000 1.000000 -1.416667
v -18.000000 1.000000 -1.583333
v -18.000000 1.000000 -1.750000
v -18.000000 2.000000 -2.000000
v -18.049999 1.725000 -1.916667
v -18.049999 1.275000 -1.916667
v -18.049999 1.725000 -1.750000
v -18.049999 1.275000 -1.750000
v -18.049999 1.725000 -1.583333
v -18.049999 1.275000 -1.583333
v -18.049999 1.725000 -1.416667
v -18.049999 1.275000 -1.416667
v -18.049999 1.725000 -1.250000
v -18.049999 1.275000 -1.250000
v -18.049999 1.725000 -1.083333
v -18.049999 1.275000 -1.083333
v -18.000000 1.775000 -1.916667
v -18.000000 1.225000 -1.916667
v -18.000000 1.775000 -1.750000
v -18.000000 1.225000 -1.750000
v -18.000000 1.775000 -1.583333
v -18.000000 1.225000 -1.583333
v -18.000000 1.775000 -1.416667
v -18.000000 1.225000 -1.416667
v -18.000000 1.775000 -1.250000
v -18.000000 1.225000 -1.250000
v -18.000000 1.775000 -1.083333
v -18.000000 1.225000 -1.083333
v -18.000000 1.137500 -1.037500
v -18.000000 1.212500 -1.037500
v -17.924999 1.137500 -1.037500
v -17.850000 1.156250 -1.018750
v -17.924999 1.212500 -1.037500
v -17.924999 1.137500 -1.000000
v -17.850000 1.156250 -1.000000
v -17.850000 1.193750 -1.000000
v -17.924999 1.212500 -1.000000
v -17.850000 1.193750 -1.018750
v -18.000000 1.212500 -1.000000
v -18.000000 1.787500 -1.962500
v -18.000000 1.862500 -1.962500
v -17.924999 1.787500 -1.962500
v -17.850000 1.806250 -1.981250
v -17.924999 1.862500 -1.962500
v -17.924999 1.787500 -2.000000
v -17.850000 1.806250 -2.000000
v -17.850000 1.843750 -2.000000
v -17.924999 1.862500 -2.000000
v -17.850000 1.843750 -1.981250
v -18.000000 1.862500 -2.000000
v -18.000000 1.787500 -1.037500
v -18.000000 1.862500 -1.037500
v -17.924999 1.787500 -1.037500
v -17.850000 1.806250 -1.018750
v -17.924999 1.862500 -1.037500
v -17.924999 1.787500 -1.000000
v -17.850000 1.806250 -1.000000
v -17.850000 1.843750 -1.000000
v -17.924999 1.862500 -1.000000
v -17.850000 1.843750 -1.018750
v -18.000000 1.862500 -1.000000
v -18.000000 1.137500 -1.962500
v -18.000000 1.212500 -1.962500
v -17.924999 1.137500 -1.962500
v -17.850000 1.156250 -1.981250
v -17.924999 1.212500 -1.962500
v -17.924999 1.137500 -2.000000
v -17.850000 1.156250 -2.000000
v -17.850000 1.193750 -2.000000
v -17.924999 1.212500 -2.000000
v -17.850000 1.193750 -1.981250
v -18.000000 1.212500 -2.000000
v -18.000000 1.787500 -1.629167
v -18.000000 1.862500 -1.629167
v -17.924999 1.787500 -1.629167
v -17.850000 1.806250 -1.647917
v -17.924999 1.862500 -1.629167
v -17.924999 1.787500 -1.704167
v -17.850000 1.806250 -1.685417
v -17.924999 1.862500 -1.704167
v -18.000000 1.787500 -1.704167
v -18.000000 1.862500 -1.704167
v -17.850000 1.843750 -1.685417
v -17.850000 1.843750 -1.647917
v -18.000000 1.137500 -1.629167
v -18.000000 1.212500 -1.629167
v -17.924999 1.137500 -1.629167
v -17.850000 1.156250 -1.647917
v -17.924999 1.212500 -1.629167
v -17.924999 1.137500 -1.704167
v -17.850000 1.156250 -1.685417
v -17.924999 1.212500 -1.704167
v -18.000000 1.137500 -1.704167
v -18.000000 1.212500 -1.704167
v -17.850000 1.193750 -1.685417
v -17.850000 1.193750 -1.647917
v -18.000000 1.137500 -1.295834
v -18.000000 1.212500 -1.295834
v -17.924999 1.137500 -1.295834
v -17.850000 1.156250 -1.314584
v -17.924999 1.212500 -1.295834
v -17.924999 1.137500 -1.370834
v -17.850000 1.156250 -1.352084
v -17.924999 1.212500 -1.370834
v -18.000000 1.137500 -1.370834
v -18.000000 1.212500 -1.370834
v -17.850000 1.193750 -1.352084
v -17.850000 1.193750 -1.314584
v -18.000000 1.787500 -1.295834
v -18.000000 1.862500 -1.295834
v -17.924999 1.787500 -1.295834
v -17.850000 1.806250 -1.314584
v -17.924999 1.862500 -1.295834
v -17.924999 1.787500 -1.370834
v -17.850000 1.806250 -1.352084
v -17.924999 1.862500 -1.370834
v -18.000000 1.787500 -1.370834
v -18.000000 1.862500 -1.370834
v -17.850000 1.843750 -1.352084
v -17.850000 1.843750 -1.314584
v -18.000000 2.000000 -1.000000
v -18.000000 2.000000 -2.000000
v -18.000000 3.000000 -1.000000
v -18.000000 3.000000 -2.000000
v -18.000000 2.137500 -1.629167
v -18.000000 2.212500 -1.629167
v -18.000000 2.137500 -1.704167
v -18.000000 2.212500 -1.704167
v -17.850000 2.156250 -1.647917
v -17.924999 2.137500 -1.629167
v -17.850000 2.193750 -1.647917
v -17.924999 2.212500 -1.629167
v -17.850000 2.156250 -1.685417
v -17.924999 2.137500 -1.704167
v -17.850000 2.193750 -1.685417
v -17.924999 2.212500 -1.704167
v -18.000000 2.787500 -1.295835
v -18.000000 2.862500 -1.295835
v -18.000000 2.787500 -1.370835
v -18.000000 2.862500 -1.370835
v -17.850000 2.806250 -1.314585
v -17.924999 2.787500 -1.295835
v -17.850000 2.843750 -1.314585
v -17.924999 2.862500 -1.295835
v -17.850000 2.806250 -1.352085
v -17.924999 2.787500 -1.370835
v -17.850000 2.843750 -1.352085
v -17.924999 2.862500 -1.370835
v -18.000000 2.137500 -1.295835
v -18.000000 2.212500 -1.295835
v -18.000000 2.137500 -1.370835
v -18.000000 2.212500 -1.370835
v -17.850000 2.156250 -1.314585
v -17.924999 2.137500 -1.295835
v -17.850000 2.193750 -1.314585
v -17.924999 2.212500 -1.295835
v -17.850000 2.156250 -1.352085
v -17.924999 2.137500 -1.370835
v -17.850000 2.193750 -1.352085
v -17.924999 2.212500 -1.370835
v -18.000000 2.787500 -1.629168
v -18.000000 2.862500 -1.629168
v -18.000000 2.787500 -1.704168
v -18.000000 2.862500 -1.704168
v -17.850000 2.806250 -1.647918
v -17.924999 2.787500 -1.629168
v -17.850000 2.843750 -1.647918
v -17.924999 2.862500 -1.629168
v -17.850000 2.806250 -1.685418
v -17.924999 2.787500 -1.704168
v -17.850000 2.843750 -1.685418
v -17.924999 2.862500 -1.704168
v -18.000000 2.137500 -1.037501
v -18.000000 2.212500 -1.037501
v -18.000000 2.212500 -1.000001
v -17.850000 2.156250 -1.018751
v -17.924999 2.137500 -1.037501
v -17.850000 2.193750 -1.018751
v -17.924999 2.212500 -1.037501
v -17.924999 2.137500 -1.000001
v -17.850000 2.156250 -1.000001
v -17.850000 2.193750 -1.000001
v -17.924999 2.212500 -1.000001
v -18.000000 2.787500 -1.037501
v -18.000000 2.862500 -1.037501
v -18.000000 2.862500 -1.000001
v -17.850000 2.806250 -1.018751
v -17.924999 2.787500 -1.037501
v -17.850000 2.843750 -1.018751
v -17.924999 2.862500 -1.037501
v -17.924999 2.787500 -1.000001
v -17.850000 2.806250 -1.000001
v -17.850000 2.843750 -1.000001
v -17.924999 2.862500 -1.000001
v -18.000000 2.137500 -1.962500
v -18.000000 2.212500 -1.962500
v -18.000000 2.212500 -2.000000
v -17.850000 2.156250 -1.981250
v -17.924999 2.137500 -1.962500
v -17.850000 2.193750 -1.981250
v -17.924999 2.212500 -1.962500
v -17.850000 2.156250 -2.000000
v -17.924999 2.137500 -2.000000
v -17.924999 2.212500 -2.000000
v -17.850000 2.193750 -2.000000
v -18.000000 2.787500 -1.962500
v -18.000000 2.862500 -1.962500
v -18.000000 2.862500 -2.000000
v -17.850000 2.806250 -1.981250
v -17.924999 2.787500 -1.962500
v -17.850000 2.843750 -1.981250
v -17.924999 2.862500 -1.962500
v -17.850000 2.806250 -2.000000
v -17.924999 2.787500 -2.000000
v -17.924999 2.862500 -2.000000
v -17.850000 2.843750 -2.000000
v -18.000000 3.000000 -1.000000
v -18.000000 4.000000 -1.000000
v -18.000000 3.000000 -2.000000
v -18.000000 3.000000 -1.250000
v -18.000000 4.000000 -1.750000
v -18.000000 4.000000 -1.583333
v -18.000000 4.000000 -1.416667
v -18.000000 4.000000 -1.250000
v -18.000000 3.000000 -1.416667
v -18.000000 3.000000 -1.583333
v -18.000000 3.000000 -1.750000
v -18.000000 4.000000 -2.000000
v -18.049999 3.725000 -1.916667
v -18.049999 3.275000 -1.916667
v -18.049999 3.725000 -1.750000
v -18.049999 3.275000 -1.750000
v -18.049999 3.725000 -1.583333
v -18.049999 3.275000 -1.583333
v -18.049999 3.725000 -1.416667
v -18.049999 3.275000 -1.416667
v -18.049999 3.725000 -1.250000
v -18.049999 3.275000 -1.250000
v -18.049999 3.725000 -1.083333
v -18.049999 3.275000 -1.083333
v -18.000000 3.775000 -1.916667
v -18.000000 3.225000 -1.916667
v -18.000000 3.775000 -1.750000
v -18.000000 3.225000 -1.750000
v -18.000000 3.775000 -1.583333
v -18.000000 3.225000 -1.583333
v -18.000000 3.775000 -1.416667
v -18.000000 3.225000 -1.416667
v -18.000000 3.775000 -1.250000
v -18.000000 3.225000 -1.250000
v -18.000000 3.775000 -1.083333
v -18.000000 3.225000 -1.083333
v -18.000000 3.137500 -1.037500
v -18.000000 3.212500 -1.037500
v -17.924999 3.137500 -1.037500
v -17.850000 3.156250 -1.018750
v -17.924999 3.212500 -1.037500
v -17.924999 3.137500 -1.000000
v -17.850000 3.156250 -1.000000
v -17.850000 3.193750 -1.000000
v -17.924999 3.212500 -1.000000
v -17.850000 3.193750 -1.018750
v -18.000000 3.212500 -1.000000
v -18.000000 3.787500 -1.962500
v -18.000000 3.862500 -1.962500
v -17.924999 3.787500 -1.962500
v -17.850000 3.806250 -1.981250
v -17.924999 3.862500 -1.962500
v -17.924999 3.787500 -2.000000
v -17.850000 3.806250 -2.000000
v -17.850000 3.843750 -2.000000
v -17.924999 3.862500 -2.000000
v -17.850000 3.843750 -1.981250
v -18.000000 3.862500 -2.000000
v -18.000000 3.787500 -1.037500
v -18.000000 3.862500 -1.037500
v -17.924999 3.787500 -1.037500
v -17.850000 3.806250 -1.018750
v -17.924999 3.862500 -1.037500
v -17.924999 3.787500 -1.000000
v -17.850000 3.806250 -1.000000
v -17.850000 3.843750 -1.000000
v -17.924999 3.862500 -1.000000
v -17.850000 3.843750 -1.018750
v -18.000000 3.862500 -1.000000
v -18.000000 3.137500 -1.962500
v -18.000000 3.212500 -1.962500
v -17.924999 3.137500 -1.962500
v -17.850000 3.156250 -1.981250
v -17.924999 3.212500 -1.962500
v -17.924999 3.137500 -2.000000
v -17.850000 3.156250 -2.000000
v -17.850000 3.193750 -2.000000
v -17.924999 3.212500 -2.000000
v -17.850000 3.193750 -1.981250
v -18.000000 3.212500 -2.000000
v -18.000000 3.787500 -1.629167
v -18.000000 3.862500 -1.629167
v -17.924999 3.787500 -1.629167
v -17.850000 3.806250 -1.647917
v -17.924999 3.862500 -1.629167
v -17.924999 3.787500 -1.704167
v -17.850000 3.806250 -1.685417
v -17.924999 3.862500 -1.704167
v -18.000000 3.787500 -1.704167
v -18.000000 3.862500 -1.704167
v -17.850000 3.843750 -1.685417
v -17.850000 3.843750 -1.647917
v -18.000000 3.137500 -1.629167
v -18.000000 3.212500 -1.629167
v -17.924999 3.137500 -1.629167
v -17.850000 3.156250 -1.647917
v -17.924999 3.212500 -1.629167
v -17.924999 3.137500 -1.704167
v -17.850000 3.156250 -1.685417
v -17.924999 3.212500 -1.704167
v -18.000000 3.137500 -1.704167
v -18.000000 3.212500 -1.704167
v -17.850000 3.193750 -1.685417
v -17.850000 3.193750 -1.647917
v -18.000000 3.137500 -1.295834
v -18.000000 3.212500 -1.295834
v -17.924999 3.137500 -1.295834
v -17.850000 3.156250 -1.314584
v -17.924999 3.212500 -1.295834
v -17.924999 3.137500 -1.370834
v -17.850000 3.156250 -1.352084
v -17.924999 3.212500 -1.370834
v -18.000000 3.137500 -1.370834
v -18.000000 3.212500 -1.370834
v -17.850000 3.193750 -1.352084
v -17.850000 3.193750 -1.314584
v -18.000000 3.787500 -1.295834
v -18.000000 3.862500 -1.295834
v -17.924999 3.787500 -1.295834
v -17.850000 3.806250 -1.314584
v -17.924999 3.862500 -1.295834
v -17.924999 3.787500 -1.370834
v -17.850000 3.806250 -1.352084
v -17.924999 3.862500 -1.370834
v -18.000000 3.787500 -1.370834
v -18.000000 3.862500 -1.370834
v -17.850000 3.843750 -1.352084
v -17.850000 3.843750 -1.314584
v -18.500000 4.400000 -1.000000
v -18.000000 4.000000 -1.000000
v -18.000000 4.137500 -1.037500
v -18.000000 4.212500 -1.037500
v -17.924999 4.137500 -1.037500
v -17.850000 4.156250 -1.018750
v -17.924999 4.212500 -1.037500
v -17.924999 4.137500 -1.000000
v -17.850000 4.156250 -1.000000
v -17.850000 4.193750 -1.000000
v -17.924999 4.212500 -1.000000
v -17.850000 4.193750 -1.018750
v -18.000000 4.212500 -1.000000
v -18.000000 4.137500 -1.295834
v -18.000000 4.212500 -1.295834
v -17.924999 4.137500 -1.295834
v -17.850000 4.156250 -1.314584
v -17.924999 4.212500 -1.295834
v -17.924999 4.137500 -1.370834
v -17.850000 4.156250 -1.352084
v -17.924999 4.212500 -1.370834
v -18.000000 4.137500 -1.370834
v -18.000000 4.212500 -1.370834
v -17.850000 4.193750 -1.352084
v -17.850000 4.193750 -1.314584
v -18.000000 4.137500 -1.629167
v -18.000000 4.212500 -1.629167
v -17.924999 4.137500 -1.629167
v -17.850000 4.156250 -1.647917
v -17.924999 4.212500 -1.629167
v -17.924999 4.137500 -1.704167
v -17.850000 4.156250 -1.685417
v -17.924999 4.212500 -1.704167
v -18.000000 4.137500 -1.704167
v -18.000000 4.212500 -1.704167
v -17.850000 4.193750 -1.685417
v -17.850000 4.193750 -1.647917
v -18.500000 4.400000 -1.500000
v -18.041666 4.816666 -1.041667
v -18.041666 4.816666 -1.000000
v -18.125000 4.816666 -1.000000
v -18.041666 4.816666 -1.708334
v -18.041666 4.816666 -1.625001
v -18.041666 4.816666 -1.375001
v -18.041666 4.816666 -1.291667
v -18.125000 4.816666 -1.708334
v -18.125000 4.816666 -1.625001
v -18.125000 4.816666 -1.375001
v -18.125000 4.816666 -1.291667
v -18.125000 4.816666 -1.041667
v -18.000000 4.400000 -1.083334
v -18.000000 4.650000 -1.083334
v -18.000000 4.650000 -1.000000
v -18.000000 4.400000 -1.000000
v -18.166666 4.650000 -1.000000
v -18.166666 4.400000 -1.000000
v -18.166666 4.400000 -1.083334
v -18.166666 4.650000 -1.083334
v -18.166666 4.400000 -1.416667
v -18.166666 4.650000 -1.416667
v -18.000000 4.650000 -1.416667
v -18.000000 4.400000 -1.416667
v -18.000000 4.650000 -1.250001
v -18.000000 4.400000 -1.250001
v -18.166666 4.650000 -1.250001
v -18.166666 4.400000 -1.250001
v -18.000000 4.400000 -1.583334
v -18.000000 4.650000 -1.583334
v -18.166666 4.650000 -1.583334
v -18.166666 4.400000 -1.583334
v -18.166666 4.650000 -1.750000
v -18.166666 4.400000 -1.750000
v -18.000000 4.650000 -1.750000
v -18.041666 4.525000 -1.083334
v -18.041666 4.608334 -1.083334
v -18.125000 4.525000 -1.083334
v -18.125000 4.608334 -1.083334
v -18.125000 4.525000 -1.416667
v -18.125000 4.608334 -1.416667
v -18.041666 4.608334 -1.416667
v -18.041666 4.525000 -1.416667
v -18.041666 4.608334 -1.250001
v -18.041666 4.525000 -1.250001
v -18.125000 4.608334 -1.250001
v -18.125000 4.525000 -1.250001
v -18.041666 4.525000 -1.583334
v -18.041666 4.608334 -1.583334
v -18.125000 4.608334 -1.583334
v -18.125000 4.525000 -1.583334
v -18.250000 4.775000 -1.750000
v -18.000000 4.775000 -2.000000
v -18.062500 5.025000 -1.937500
v -18.000000 4.400000 -2.000000
v -18.000000 4.775000 -1.750000
v -18.000000 4.400000 -1.750000
v -18.250000 4.400000 -1.750000
v -18.062500 5.025000 -1.812500
v -18.187500 5.025000 -1.812500
v -17.924999 4.000000 -2.000000
v -17.924999 4.000000 -2.075000
v -18.000000 4.000000 -2.000000
v -17.924999 4.137500 -2.075000
v -18.000000 4.137500 -2.000000
v -17.924999 4.137500 -2.000000
v -18.000000 4.137500 -1.962500
v -18.000000 4.212500 -1.962500
v -18.000000 4.212500 -2.000000
v -17.850000 4.156250 -1.981250
v -17.924999 4.137500 -1.962500
v -17.850000 4.193750 -1.981250
v -17.924999 4.212500 -1.962500
v -17.924999 4.212500 -2.075000
v -17.924999 4.137500 -2.075000
v -17.850000 4.193750 -2.150000
v -17.850000 4.156250 -2.150000
v -18.500000 4.400000 1.000000
v -18.000000 4.000000 1.000000
v -18.000000 4.000000 2.000000
v -18.000000 4.137500 1.037500
v -18.000000 4.212500 1.037500
v -17.924999 4.137500 1.037500
v -17.850000 4.156250 1.018750
v -17.924999 4.212500 1.037500
v -17.924999 4.137500 1.000000
v -17.850000 4.156250 1.000000
v -17.850000 4.193750 1.000000
v -17.924999 4.212500 1.000000
v -17.850000 4.193750 1.018750
v -18.000000 4.212500 1.000000
v -18.000000 4.137500 1.295834
v -18.000000 4.212500 1.295834
v -17.924999 4.137500 1.295834
v -17.850000 4.156250 1.314584
v -17.924999 4.212500 1.295834
v -17.924999 4.137500 1.370834
v -17.850000 4.156250 1.352084
v -17.924999 4.212500 1.370834
v -18.000000 4.137500 1.370834
v -18.000000 4.212500 1.370834
v -17.850000 4.193750 1.352084
v -17.850000 4.193750 1.314584
v -18.000000 4.137500 1.629167
v -18.000000 4.212500 1.629167
v -17.924999 4.137500 1.629167
v -17.850000 4.156250 1.647917
v -17.924999 4.212500 1.629167
v -17.924999 4.137500 1.704167
v -17.850000 4.156250 1.685417
v -17.924999 4.212500 1.704167
v -18.000000 4.137500 1.704167
v -18.000000 4.212500 1.704167
v -17.850000 4.193750 1.685417
v -17.850000 4.193750 1.647917
v -18.500000 4.400000 1.500000
v -18.041668 4.816666 1.041667
v -18.041668 4.816666 1.000000
v -18.125000 4.816666 1.000000
v -18.041666 4.816666 1.708334
v -18.041666 4.816666 1.625001
v -18.041666 4.816666 1.375001
v -18.041666 4.816666 1.291667
v -18.125000 4.816666 1.708334
v -18.125000 4.816666 1.625001
v -18.125000 4.816666 1.375001
v -18.125000 4.816666 1.291667
v -18.125000 4.816666 1.041667
v -18.000000 4.400000 1.083334
v -18.000000 4.650000 1.083334
v -18.000000 4.650000 1.000000
v -18.000000 4.400000 1.000000
v -18.166668 4.650000 1.000000
v -18.166668 4.400000 1.000000
v -18.166668 4.400000 1.083334
v -18.166668 4.650000 1.083334
v -18.166668 4.400000 1.416667
v -18.166668 4.650000 1.416667
v -18.000000 4.650000 1.416667
v -18.000000 4.400000 1.416667
v -18.000000 4.650000 1.250001
v -18.000000 4.400000 1.250001
v -18.166668 4.650000 1.250001
v -18.166668 4.400000 1.250001
v -18.000000 4.400000 1.583334
v -18.000000 4.650000 1.583334
v -18.166666 4.650000 1.583334
v -18.166666 4.400000 1.583334
v -18.166666 4.650000 1.750001
v -18.166666 4.400000 1.750001
v -18.000000 4.650000 1.750001
v -18.041668 4.525000 1.083334
v -18.041668 4.608334 1.083334
v -18.125000 4.525000 1.083334
v -18.125000 4.608334 1.083334
v -18.125000 4.525000 1.416667
v -18.125000 4.608334 1.416667
v -18.041666 4.608334 1.416667
v -18.041666 4.525000 1.416667
v -18.041666 4.608334 1.250001
v -18.041666 4.525000 1.250001
v -18.125000 4.608334 1.250001
v -18.125000 4.525000 1.250001
v -18.041666 4.525000 1.583334
v -18.041666 4.608334 1.583334
v -18.125000 4.608334 1.583334
v -18.125000 4.525000 1.583334
v -18.000000 4.775000 1.750001
v -18.062500 5.025000 1.812501
v -18.000000 4.400000 1.750001
v -18.250000 4.775000 1.750001
v -18.000000 4.775000 2.000001
v -18.062500 5.025000 1.937501
v -18.000000 4.400000 2.000000
v -18.250000 4.400000 1.750001
v -18.187500 5.025000 1.812501
v -17.924999 4.000000 2.075000
v -17.924999 4.000000 2.000000
v -17.924999 4.137500 2.075000
v -17.924999 4.137500 2.000000
v -18.000000 4.137500 2.000000
v -18.000000 4.137500 1.962500
v -18.000000 4.212500 1.962500
v -17.850000 4.156250 1.981250
v -17.924999 4.137500 1.962500
v -17.850000 4.193750 1.981250
v -17.924999 4.212500 1.962500
v -17.924999 4.212500 2.075000
v -17.924999 4.137500 2.075000
v -17.850000 4.193750 2.150000
v -17.850000 4.156250 2.150000
v -18.000000 4.212500 2.000000
v -22.075001 1.000000 2.000000
v -22.075001 1.000000 2.075000
v -22.000000 1.000000 2.075000
v -22.075001 0.900000 2.000000
v -22.075001 0.900000 2.075000
v -22.000000 0.900000 2.075000
v -22.000000 1.000000 2.000000
v -22.000000 0.900000 2.000000
v -22.075001 0.000000 2.000000
v -22.075001 0.000000 2.075000
v -22.000000 0.000000 2.075000
v -22.000000 0.000000 2.000000
v -22.075001 0.137500 2.000000
v -22.075001 0.862500 2.000000
v -22.075001 0.862500 2.075000
v -22.075001 0.787500 2.075000
v -22.075001 0.212500 2.075000
v -22.075001 0.137500 2.075000
v -22.000000 0.137500 2.075000
v -22.000000 0.212500 2.075000
v -22.000000 0.787500 2.075000
v -22.000000 0.862500 2.075000
v -22.000000 0.862500 2.000000
v -22.000000 0.787500 2.000000
v -22.000000 0.212500 2.000000
v -22.000000 0.137500 2.000000
v -22.075001 0.212500 2.000000
v -22.075001 0.787500 2.000000
v -22.150000 0.843750 2.150000
v -22.150000 0.806250 2.150000
v -22.000000 0.806250 2.150000
v -22.000000 0.843750 2.150000
v -22.150000 0.806250 2.000000
v -22.150000 0.843750 2.000000
v -22.150000 0.193750 2.150000
v -22.150000 0.156250 2.150000
v -22.000000 0.156250 2.150000
v -22.000000 0.193750 2.150000
v -22.150000 0.156250 2.000000
v -22.150000 0.193750 2.000000
v -22.075001 2.000000 2.000000
v -22.075001 2.000000 2.075000
v -22.000000 2.000000 2.075000
v -22.075001 1.900000 2.000000
v -22.075001 1.900000 2.075000
v -22.000000 1.900000 2.075000
v -22.000000 2.000000 2.000000
v -22.000000 1.900000 2.000000
v -22.075001 1.000000 2.000000
v -22.075001 1.000000 2.075000
v -22.000000 1.000000 2.075000
v -22.000000 1.000000 2.000000
v -22.075001 1.137500 2.000000
v -22.075001 1.862500 2.000000
v -22.075001 1.862500 2.075000
v -22.075001 1.787500 2.075000
v -22.075001 1.212500 2.075000
v -22.075001 1.137500 2.075000
v -22.000000 1.137500 2.075000
v -22.000000 1.212500 2.075000
v -22.000000 1.787500 2.075000
v -22.000000 1.862500 2.075000
v -22.000000 1.862500 2.000000
v -22.000000 1.787500 2.000000
v -22.000000 1.212500 2.000000
v -22.000000 1.137500 2.000000
v -22.075001 1.212500 2.000000
v -22.075001 1.787500 2.000000
v -22.150000 1.843750 2.150000
v -22.150000 1.806250 2.150000
v -22.000000 1.806250 2.150000
v -22.000000 1.843750 2.150000
v -22.150000 1.806250 2.000000
v -22.150000 1.843750 2.000000
v -22.150000 1.193750 2.150000
v -22.150000 1.156250 2.150000
v -22.000000 1.156250 2.150000
v -22.000000 1.193750 2.150000
v -22.150000 1.156250 2.000000
v -22.150000 1.193750 2.000000
v -22.075001 3.000000 2.000000
v -22.075001 3.000000 2.075000
v -22.000000 3.000000 2.075000
v -22.075001 2.900000 2.000000
v -22.075001 2.900000 2.075000
v -22.000000 2.900000 2.075000
v -22.000000 3.000000 2.000000
v -22.000000 2.900000 2.000000
v -22.075001 2.000000 2.000000
v -22.075001 2.000000 2.075000
v -22.000000 2.000000 2.075000
v -22.000000 2.000000 2.000000
v -22.075001 2.137500 2.000000
v -22.075001 2.862500 2.000000
v -22.075001 2.862500 2.075000
v -22.075001 2.787500 2.075000
v -22.075001 2.212500 2.075000
v -22.075001 2.137500 2.075000
v -22.000000 2.137500 2.075000
v -22.000000 2.212500 2.075000
v -22.000000 2.787500 2.075000
v -22.000000 2.862500 2.075000
v -22.000000 2.862500 2.000000
v -22.000000 2.787500 2.000000
v -22.000000 2.212500 2.000000
v -22.000000 2.137500 2.000000
v -22.075001 2.212500 2.000000
v -22.075001 2.787500 2.000000
v -22.150000 2.843750 2.150000
v -22.150000 2.806250 2.150000
v -22.000000 2.806250 2.150000
v -22.000000 2.843750 2.150000
v -22.150000 2.806250 2.000000
v -22.150000 2.843750 2.000000
v -22.150000 2.193750 2.150000
v -22.150000 2.156250 2.150000
v -22.000000 2.156250 2.150000
v -22.000000 2.193750 2.150000
v -22.150000 2.156250 2.000000
v -22.150000 2.193750 2.000000
v -22.075001 4.000000 2.000000
v -22.075001 4.000000 2.075000
v -22.000000 4.000000 2.075000
v -22.075001 3.900000 2.000000
v -22.075001 3.900000 2.075000
v -22.000000 3.900000 2.075000
v -22.000000 4.000000 2.000000
v -22.000000 3.900000 2.000000
v -22.075001 3.000000 2.000000
v -22.075001 3.000000 2.075000
v -22.000000 3.000000 2.075000
v -22.000000 3.000000 2.000000
v -22.075001 3.137500 2.000000
v -22.075001 3.862500 2.000000
v -22.075001 3.862500 2.075000
v -22.075001 3.787500 2.075000
v -22.075001 3.212500 2.075000
v -22.075001 3.137500 2.075000
v -22.000000 3.137500 2.075000
v -22.000000 3.212500 2.075000
v -22.000000 3.787500 2.075000
v -22.000000 3.862500 2.075000
v -22.000000 3.862500 2.000000
v -22.000000 3.787500 2.000000
v -22.000000 3.212500 2.000000
v -22.000000 3.137500 2.000000
v -22.075001 3.212500 2.000000
v -22.075001 3.787500 2.000000
v -22.150000 3.843750 2.150000
v -22.150000 3.806250 2.150000
v -22.000000 3.806250 2.150000
v -22.000000 3.843750 2.150000
v -22.150000 3.806250 2.000000
v -22.150000 3.843750 2.000000
v -22.150000 3.193750 2.150000
v -22.150000 3.156250 2.150000
v -22.000000 3.156250 2.150000
v -22.000000 3.193750 2.150000
v -22.150000 3.156250 2.000000
v -22.150000 3.193750 2.000000
v -21.500000 4.400000 -1.000000
v -21.500000 4.400000 -0.000000
v -22.000000 4.000000 -1.000000
v -22.000000 4.000000 -0.000000
v -22.000000 4.400000 -1.000000
v -22.000000 4.400000 -0.000000
v -22.000000 4.137500 -0.962500
v -22.000000 4.212500 -0.962500
v -22.075001 4.137500 -0.962500
v -22.150000 4.156250 -0.981250
v -22.075001 4.212500 -0.962500
v -22.075001 4.137500 -1.000000
v -22.150000 4.156250 -1.000000
v -22.150000 4.193750 -1.000000
v -22.075001 4.212500 -1.000000
v -22.150000 4.193750 -0.981250
v -22.000000 4.212500 -1.000000
v -22.000000 4.137500 -0.037500
v -22.000000 4.212500 -0.037500
v -22.075001 4.137500 -0.037500
v -22.150000 4.156250 -0.018750
v -22.075001 4.212500 -0.037500
v -22.075001 4.137500 -0.000000
v -22.150000 4.156250 -0.000000
v -22.150000 4.193750 -0.000000
v -22.075001 4.212500 -0.000000
v -22.150000 4.193750 -0.018750
v -22.000000 4.212500 -0.000000
v -22.000000 4.137500 -0.704166
v -22.000000 4.212500 -0.704166
v -22.075001 4.137500 -0.704166
v -22.150000 4.156250 -0.685416
v -22.075001 4.212500 -0.704166
v -22.075001 4.137500 -0.629166
v -22.150000 4.156250 -0.647916
v -22.075001 4.212500 -0.629166
v -22.000000 4.137500 -0.629166
v -22.000000 4.212500 -0.629166
v -22.150000 4.193750 -0.647916
v -22.150000 4.193750 -0.685416
v -22.000000 4.137500 -0.370833
v -22.000000 4.212500 -0.370833
v -22.075001 4.137500 -0.370833
v -22.150000 4.156250 -0.352083
v -22.075001 4.212500 -0.370833
v -22.075001 4.137500 -0.295833
v -22.150000 4.156250 -0.314583
v -22.075001 4.212500 -0.295833
v -22.000000 4.137500 -0.295833
v -22.000000 4.212500 -0.295833
v -22.150000 4.193750 -0.314583
v -22.150000 4.193750 -0.352083
v -22.000000 4.400000 -1.000000
v -22.000000 4.400000 -0.000000
v -22.000000 4.400000 -0.083333
v -22.000000 4.400000 -0.249999
v -22.000000 4.400000 -0.416666
v -22.000000 4.400000 -0.583333
v -22.000000 4.400000 -0.749999
v -22.000000 4.400000 -0.916666
v -21.833334 4.400000 -1.000000
v -21.833334 4.400000 -0.000000
v -21.833334 4.400000 -0.083333
v -21.833334 4.400000 -0.249999
v -21.833334 4.400000 -0.416666
v -21.833334 4.400000 -0.583333
v -21.833334 4.400000 -0.749999
v -21.833334 4.400000 -0.916666
v -21.958334 4.816666 -0.958333
v -21.958334 4.816666 -1.000000
v -21.875000 4.816666 -1.000000
v -21.958334 4.816666 -0.000000
v -21.958334 4.816666 -0.041667
v -21.958334 4.816666 -0.291666
v -21.958334 4.816666 -0.374999
v -21.958334 4.816666 -0.624999
v -21.958334 4.816666 -0.708333
v -21.875000 4.816666 -0.041667
v -21.875000 4.816666 -0.291666
v -21.875000 4.816666 -0.374999
v -21.875000 4.816666 -0.624999
v -21.875000 4.816666 -0.708333
v -21.875000 4.816666 -0.958333
v -21.875000 4.816666 -0.000000
v -22.000000 4.650000 -0.916666
v -22.000000 4.650000 -1.000000
v -21.833334 4.650000 -1.000000
v -21.833334 4.650000 -0.916666
v -21.833334 4.650000 -0.583333
v -22.000000 4.650000 -0.583333
v -22.000000 4.650000 -0.749999
v -21.833334 4.650000 -0.749999
v -22.000000 4.650000 -0.416666
v -21.833334 4.650000 -0.416666
v -21.833334 4.650000 -0.249999
v -22.000000 4.650000 -0.249999
v -21.833334 4.650000 -0.000000
v -22.000000 4.650000 -0.000000
v -22.000000 4.650000 -0.083333
v -21.833334 4.650000 -0.083333
v -21.958334 4.525000 -0.916666
v -21.958334 4.608334 -0.916666
v -21.875000 4.525000 -0.916666
v -21.875000 4.608334 -0.916666
v -21.875000 4.525000 -0.583333
v -21.875000 4.608334 -0.583333
v -21.958334 4.608334 -0.583333
v -21.958334 4.525000 -0.583333
v -21.958334 4.608334 -0.749999
v -21.958334 4.525000 -0.749999
v -21.875000 4.608334 -0.749999
v -21.875000 4.525000 -0.749999
v -21.958334 4.525000 -0.416666
v -21.958334 4.608334 -0.416666
v -21.875000 4.608334 -0.416666
v -21.875000 4.525000 -0.416666
v -21.875000 4.608334 -0.249999
v -21.875000 4.525000 -0.249999
v -21.958334 4.608334 -0.249999
v -21.958334 4.525000 -0.249999
v -21.958334 4.608334 -0.083333
v -21.958334 4.525000 -0.083333
v -21.875000 4.608334 -0.083333
v -21.875000 4.525000 -0.083333
v -21.500000 4.400000 -0.000000
v -21.500000 4.400000 1.000000
v -22.000000 4.000000 0.000000
v -22.000000 4.000000 1.000000
v -22.000000 4.400000 -0.000000
v -22.000000 4.400000 1.000000
v -22.000000 4.137500 0.037500
v -22.000000 4.212500 0.037500
v -22.075001 4.137500 0.037500
v -22.150000 4.156250 0.018750
v -22.075001 4.212500 0.037500
v -22.075001 4.137500 0.000000
v -22.150000 4.156250 0.000000
v -22.150000 4.193750 0.000000
v -22.075001 4.212500 0.000000
v -22.150000 4.193750 0.018750
v -22.000000 4.212500 0.000000
v -22.000000 4.137500 0.962500
v -22.000000 4.212500 0.962500
v -22.075001 4.137500 0.962500
v -22.150000 4.156250 0.981250
v -22.075001 4.212500 0.962500
v -22.075001 4.137500 1.000000
v -22.150000 4.156250 1.000000
v -22.150000 4.193750 1.000000
v -22.075001 4.212500 1.000000
v -22.150000 4.193750 0.981250
v -22.000000 4.212500 1.000000
v -22.000000 4.137500 0.295834
v -22.000000 4.212500 0.295834
v -22.075001 4.137500 0.295834
v -22.150000 4.156250 0.314584
v -22.075001 4.212500 0.295834
v -22.075001 4.137500 0.370834
v -22.150000 4.156250 0.352084
v -22.075001 4.212500 0.370834
v -22.000000 4.137500 0.370834
v -22.000000 4.212500 0.370834
v -22.150000 4.193750 0.352084
v -22.150000 4.193750 0.314584
v -22.000000 4.137500 0.629167
v -22.000000 4.212500 0.629167
v -22.075001 4.137500 0.629167
v -22.150000 4.156250 0.647917
v -22.075001 4.212500 0.629167
v -22.075001 4.137500 0.704167
v -22.150000 4.156250 0.685417
v -22.075001 4.212500 0.704167
v -22.000000 4.137500 0.704167
v -22.000000 4.212500 0.704167
v -22.150000 4.193750 0.685417
v -22.150000 4.193750 0.647917
v -22.000000 4.400000 -0.000000
v -22.000000 4.400000 1.000000
v -22.000000 4.400000 0.916667
v -22.000000 4.400000 0.750001
v -22.000000 4.400000 0.583334
v -22.000000 4.400000 0.416667
v -22.000000 4.400000 0.250001
v -22.000000 4.400000 0.083334
v -21.833334 4.400000 -0.000000
v -21.833334 4.400000 1.000000
v -21.833334 4.400000 0.916667
v -21.833334 4.400000 0.750001
v -21.833334 4.400000 0.583334
v -21.833334 4.400000 0.416667
v -21.833334 4.400000 0.250001
v -21.833334 4.400000 0.083334
v -21.958334 4.816666 0.041667
v -21.958334 4.816666 -0.000000
v -21.875000 4.816666 -0.000000
v -21.958334 4.816666 1.000000
v -21.958334 4.816666 0.958333
v -21.958334 4.816666 0.708334
v -21.958334 4.816666 0.625001
v -21.958334 4.816666 0.375001
v -21.958334 4.816666 0.291667
v -21.875000 4.816666 0.958333
v -21.875000 4.816666 0.708334
v -21.875000 4.816666 0.625001
v -21.875000 4.816666 0.375001
v -21.875000 4.816666 0.291667
v -21.875000 4.816666 0.041667
v -21.875000 4.816666 1.000000
v -22.000000 4.650000 0.083334
v -22.000000 4.650000 -0.000000
v -21.833334 4.650000 -0.000000
v -21.833334 4.650000 0.083334
v -21.833334 4.650000 0.416667
v -22.000000 4.650000 0.416667
v -22.000000 4.650000 0.250001
v -21.833334 4.650000 0.250001
v -22.000000 4.650000 0.583334
v -21.833334 4.650000 0.583334
v -21.833334 4.650000 0.750001
v -22.000000 4.650000 0.750001
v -21.833334 4.650000 1.000000
v -22.000000 4.650000 1.000000
v -22.000000 4.650000 0.916667
v -21.833334 4.650000 0.916667
v -21.958334 4.525000 0.083334
v -21.958334 4.608334 0.083334
v -21.875000 4.525000 0.083334
v -21.875000 4.608334 0.083334
v -21.875000 4.525000 0.416667
v -21.875000 4.608334 0.416667
v -21.958334 4.608334 0.416667
v -21.958334 4.525000 0.416667
v -21.958334 4.608334 0.250001
v -21.958334 4.525000 0.250001
v -21.875000 4.608334 0.250001
v -21.875000 4.525000 0.250001
v -21.958334 4.525000 0.583334
v -21.958334 4.608334 0.583334
v -21.875000 4.608334 0.583334
v -21.875000 4.525000 0.583334
v -21.875000 4.608334 0.750001
v -21.875000 4.525000 0.750001
v -21.958334 4.608334 0.750001
v -21.958334 4.525000 0.750001
v -21.958334 4.608334 0.916667
v -21.958334 4.525000 0.916667
v -21.875000 4.608334 0.916667
v -21.875000 4.525000 0.916667
v -21.500000 4.400000 1.000000
v -22.000000 4.000000 1.000000
v -22.000000 4.137500 1.037500
v -22.000000 4.212500 1.037500
v -22.075001 4.137500 1.037500
v -22.150000 4.156250 1.018750
v -22.075001 4.212500 1.037500
v -22.075001 4.137500 1.000000
v -22.150000 4.156250 1.000000
v -22.150000 4.193750 1.000000
v -22.075001 4.212500 1.000000
v -22.150000 4.193750 1.018750
v -22.000000 4.212500 1.000000
v -22.000000 4.137500 1.295834
v -22.000000 4.212500 1.295834
v -22.075001 4.137500 1.295834
v -22.150000 4.156250 1.314584
v -22.075001 4.212500 1.295834
v -22.075001 4.137500 1.370834
v -22.150000 4.156250 1.352084
v -22.075001 4.212500 1.370834
v -22.000000 4.137500 1.370834
v -22.000000 4.212500 1.370834
v -22.150000 4.193750 1.352084
v -22.150000 4.193750 1.314584
v -22.000000 4.137500 1.629167
v -22.000000 4.212500 1.629167
v -22.075001 4.137500 1.629167
v -22.150000 4.156250 1.647917
v -22.075001 4.212500 1.629167
v -22.075001 4.137500 1.704167
v -22.150000 4.156250 1.685417
v -22.075001 4.212500 1.704167
v -22.000000 4.137500 1.704167
v -22.000000 4.212500 1.704167
v -22.150000 4.193750 1.685417
v -22.150000 4.193750 1.647917
v -21.500000 4.400000 1.500000
v -21.958334 4.816666 1.041667
v -21.958334 4.816666 1.000000
v -21.875000 4.816666 1.000000
v -21.958334 4.816666 1.708334
v -21.958334 4.816666 1.625001
v -21.958334 4.816666 1.375001
v -21.958334 4.816666 1.291667
v -21.875000 4.816666 1.708334
v -21.875000 4.816666 1.625001
v -21.875000 4.816666 1.375001
v -21.875000 4.816666 1.291667
v -21.875000 4.816666 1.041667
v -22.000000 4.400000 1.083334
v -22.000000 4.650000 1.083334
v -22.000000 4.650000 1.000000
v -22.000000 4.400000 1.000000
v -21.833334 4.650000 1.000000
v -21.833334 4.400000 1.000000
v -21.833334 4.400000 1.083334
v -21.833334 4.650000 1.083334
v -21.833334 4.400000 1.416667
v -21.833334 4.650000 1.416667
v -22.000000 4.650000 1.416667
v -22.000000 4.400000 1.416667
v -22.000000 4.650000 1.250001
v -22.000000 4.400000 1.250001
v -21.833334 4.650000 1.250001
v -21.833334 4.400000 1.250001
v -22.000000 4.400000 1.583334
v -22.000000 4.650000 1.583334
v -21.833334 4.650000 1.583334
v -21.833334 4.400000 1.583334
v -21.833334 4.650000 1.750000
v -21.833334 4.400000 1.750000
v -22.000000 4.650000 1.750000
v -21.958334 4.525000 1.083334
v -21.958334 4.608334 1.083334
v -21.875000 4.525000 1.083334
v -21.875000 4.608334 1.083334
v -21.875000 4.525000 1.416667
v -21.875000 4.608334 1.416667
v -21.958334 4.608334 1.416667
v -21.958334 4.525000 1.416667
v -21.958334 4.608334 1.250001
v -21.958334 4.525000 1.250001
v -21.875000 4.608334 1.250001
v -21.875000 4.525000 1.250001
v -21.958334 4.525000 1.583334
v -21.958334 4.608334 1.583334
v -21.875000 4.608334 1.583334
v -21.875000 4.525000 1.583334
v -21.750000 4.775000 1.750000
v -22.000000 4.775000 2.000000
v -21.937500 5.025000 1.937500
v -22.000000 4.400000 2.000000
v -22.000000 4.775000 1.750000
v -22.000000 4.400000 1.750000
v -21.750000 4.400000 1.750000
v -21.937500 5.025000 1.812500
v -21.812500 5.025000 1.812500
v -22.075001 4.000000 2.000000
v -22.075001 4.000000 2.075000
v -22.000000 4.000000 2.000000
v -22.075001 4.137500 2.075000
v -22.000000 4.137500 2.000000
v -22.075001 4.137500 2.000000
v -22.000000 4.137500 1.962500
v -22.000000 4.212500 1.962500
v -22.000000 4.212500 2.000000
v -22.150000 4.156250 1.981250
v -22.075001 4.137500 1.962500
v -22.150000 4.193750 1.981250
v -22.075001 4.212500 1.962500
v -22.075001 4.212500 2.075000
v -22.075001 4.137500 2.075000
v -22.150000 4.193750 2.150000
v -22.150000 4.156250 2.150000
v -21.500000 4.400000 -1.000000
v -22.000000 4.000000 -1.000000
v -22.000000 4.000000 -2.000000
v -22.000000 4.137500 -1.037500
v -22.000000 4.212500 -1.037500
v -22.075001 4.137500 -1.037500
v -22.150000 4.156250 -1.018750
v -22.075001 4.212500 -1.037500
v -22.075001 4.137500 -1.000000
v -22.150000 4.156250 -1.000000
v -22.150000 4.193750 -1.000000
v -22.075001 4.212500 -1.000000
v -22.150000 4.193750 -1.018750
v -22.000000 4.212500 -1.000000
v -22.000000 4.137500 -1.295834
v -22.000000 4.212500 -1.295834
v -22.075001 4.137500 -1.295834
v -22.150000 4.156250 -1.314584
v -22.075001 4.212500 -1.295834
v -22.075001 4.137500 -1.370834
v -22.150000 4.156250 -1.352084
v -22.075001 4.212500 -1.370834
v -22.000000 4.137500 -1.370834
v -22.000000 4.212500 -1.370834
v -22.150000 4.193750 -1.352084
v -22.150000 4.193750 -1.314584
v -22.000000 4.137500 -1.629167
v -22.000000 4.212500 -1.629167
v -22.075001 4.137500 -1.629167
v -22.150000 4.156250 -1.647917
v -22.075001 4.212500 -1.629167
v -22.075001 4.137500 -1.704167
v -22.150000 4.156250 -1.685417
v -22.075001 4.212500 -1.704167
v -22.000000 4.137500 -1.704167
v -22.000000 4.212500 -1.704167
v -22.150000 4.193750 -1.685417
v -22.150000 4.193750 -1.647917
v -21.500000 4.400000 -1.500000
v -21.958334 4.816666 -1.041667
v -21.958334 4.816666 -1.000000
v -21.875000 4.816666 -1.000000
v -21.958334 4.816666 -1.708334
v -21.958334 4.816666 -1.625001
v -21.958334 4.816666 -1.375001
v -21.958334 4.816666 -1.291667
v -21.875000 4.816666 -1.708334
v -21.875000 4.816666 -1.625001
v -21.875000 4.816666 -1.375001
v -21.875000 4.816666 -1.291667
v -21.875000 4.816666 -1.041667
v -22.000000 4.400000 -1.083334
v -22.000000 4.650000 -1.083334
v -22.000000 4.650000 -1.000000
v -22.000000 4.400000 -1.000000
v -21.833334 4.650000 -1.000000
v -21.833334 4.400000 -1.000000
v -21.833334 4.400000 -1.083334
v -21.833334 4.650000 -1.083334
v -21.833334 4.400000 -1.416667
v -21.833334 4.650000 -1.416667
v -22.000000 4.650000 -1.416667
v -22.000000 4.400000 -1.416667
v -22.000000 4.650000 -1.250001
v -22.000000 4.400000 -1.250001
v -21.833334 4.650000 -1.250001
v -21.833334 4.400000 -1.250001
v -22.000000 4.400000 -1.583334
v -22.000000 4.650000 -1.583334
v -21.833334 4.650000 -1.583334
v -21.833334 4.400000 -1.583334
v -21.833334 4.650000 -1.750001
v -21.833334 4.400000 -1.750001
v -22.000000 4.650000 -1.750001
v -21.958334 4.525000 -1.083334
v -21.958334 4.608334 -1.083334
v -21.875000 4.525000 -1.083334
v -21.875000 4.608334 -1.083334
v -21.875000 4.525000 -1.416667
v -21.875000 4.608334 -1.416667
v -21.958334 4.608334 -1.416667
v -21.958334 4.525000 -1.416667
v -21.958334 4.608334 -1.250001
v -21.958334 4.525000 -1.250001
v -21.875000 4.608334 -1.250001
v -21.875000 4.525000 -1.250001
v -21.958334 4.525000 -1.583334
v -21.958334 4.608334 -1.583334
v -21.875000 4.608334 -1.583334
v -21.875000 4.525000 -1.583334
v -22.000000 4.775000 -1.750001
v -21.937500 5.025000 -1.812501
v -22.000000 4.400000 -1.750001
v -21.750000 4.775000 -1.750001
v -22.000000 4.775000 -2.000001
v -21.937500 5.025000 -1.937501
v -22.000000 4.400000 -2.000000
v -21.750000 4.400000 -1.750001
v -21.812500 5.025000 -1.812501
v -22.075001 4.000000 -2.075000
v -22.075001 4.000000 -2.000000
v -22.075001 4.137500 -2.075000
v -22.075001 4.137500 -2.000000
v -22.000000 4.137500 -2.000000
v -22.000000 4.137500 -1.962500
v -22.000000 4.212500 -1.962500
v -22.150000 4.156250 -1.981250
v -22.075001 4.137500 -1.962500
v -22.150000 4.193750 -1.981250
v -22.075001 4.212500 -1.962500
v -22.075001 4.212500 -2.075000
v -22.075001 4.137500 -2.075000
v -22.150000 4.193750 -2.150000
v -22.150000 4.156250 -2.150000
v -22.000000 4.212500 -2.000000
v -21.000000 4.400000 1.500001
v -21.000000 4.000000 2.000001
v -22.000000 4.000000 2.000001
v -21.037500 4.137500 2.000001
v -21.037500 4.212500 2.000001
v -21.037500 4.137500 2.075001
v -21.018749 4.156250 2.150001
v -21.037500 4.212500 2.075001
v -21.000000 4.137500 2.075001
v -21.000000 4.156250 2.150001
v -21.000000 4.193750 2.150001
v -21.000000 4.212500 2.075001
v -21.018749 4.193750 2.150001
v -21.000000 4.212500 2.000001
v -21.295834 4.137500 2.000001
v -21.295834 4.212500 2.000001
v -21.295834 4.137500 2.075001
v -21.314583 4.156250 2.150001
v -21.295834 4.212500 2.075001
v -21.370834 4.137500 2.075001
v -21.352083 4.156250 2.150001
v -21.370834 4.212500 2.075001
v -21.370834 4.137500 2.000001
v -21.370834 4.212500 2.000001
v -21.352083 4.193750 2.150001
v -21.314583 4.193750 2.150001
v -21.629168 4.137500 2.000001
v -21.629168 4.212500 2.000001
v -21.629168 4.137500 2.075001
v -21.647917 4.156250 2.150001
v -21.629168 4.212500 2.075001
v -21.704166 4.137500 2.075001
v -21.685417 4.156250 2.150001
v -21.704166 4.212500 2.075001
v -21.704166 4.137500 2.000001
v -21.704166 4.212500 2.000001
v -21.685417 4.193750 2.150001
v -21.647917 4.193750 2.150001
v -21.500000 4.400000 1.500001
v -21.041666 4.816666 1.958334
v -21.000000 4.816666 1.958334
v -21.000000 4.816666 1.875001
v -21.708334 4.816666 1.958334
v -21.625000 4.816666 1.958334
v -21.375000 4.816666 1.958334
v -21.291668 4.816666 1.958334
v -21.708334 4.816666 1.875001
v -21.625000 4.816666 1.875001
v -21.375000 4.816666 1.875001
v -21.291668 4.816666 1.875001
v -21.041666 4.816666 1.875001
v -21.083334 4.400000 2.000001
v -21.083334 4.650000 2.000001
v -21.000000 4.650000 2.000001
v -21.000000 4.400000 2.000001
v -21.000000 4.650000 1.833334
v -21.000000 4.400000 1.833334
v -21.083334 4.400000 1.833334
v -21.083334 4.650000 1.833334
v -21.416668 4.400000 1.833334
v -21.416668 4.650000 1.833334
v -21.416668 4.650000 2.000001
v -21.416668 4.400000 2.000001
v -21.250000 4.650000 2.000001
v -21.250000 4.400000 2.000001
v -21.250000 4.650000 1.833334
v -21.250000 4.400000 1.833334
v -21.583334 4.400000 2.000001
v -21.583334 4.650000 2.000001
v -21.583334 4.650000 1.833334
v -21.583334 4.400000 1.833334
v -21.750000 4.650000 1.833334
v -21.750000 4.400000 1.833334
v -21.750000 4.650000 2.000001
v -21.083334 4.525000 1.958334
v -21.083334 4.608334 1.958334
v -21.083334 4.525000 1.875001
v -21.083334 4.608334 1.875001
v -21.416668 4.525000 1.875001
v -21.416668 4.608334 1.875001
v -21.416668 4.608334 1.958334
v -21.416668 4.525000 1.958334
v -21.250000 4.608334 1.958334
v -21.250000 4.525000 1.958334
v -21.250000 4.608334 1.875001
v -21.250000 4.525000 1.875001
v -21.583334 4.525000 1.958334
v -21.583334 4.608334 1.958334
v -21.583334 4.608334 1.875001
v -21.583334 4.525000 1.875001
v -21.750000 4.775000 2.000001
v -21.812500 5.025000 1.937501
v -21.750000 4.400000 2.000001
v -21.750000 4.775000 1.750001
v -22.000000 4.775000 2.000001
v -21.937500 5.025000 1.937501
v -22.000000 4.400000 2.000001
v -21.750000 4.400000 1.750001
v -21.812500 5.025000 1.812501
v -22.075001 4.000000 2.075001
v -22.000000 4.000000 2.075001
v -22.075001 4.137500 2.075001
v -22.000000 4.137500 2.075001
v -22.000000 4.137500 2.000001
v -21.962500 4.137500 2.000001
v -21.962500 4.212500 2.000001
v -21.981251 4.156250 2.150001
v -21.962500 4.137500 2.075001
v -21.981251 4.193750 2.150001
v -21.962500 4.212500 2.075001
v -22.075001 4.212500 2.075001
v -22.075001 4.137500 2.075001
v -22.150000 4.193750 2.150001
v -22.150000 4.156250 2.150001
v -22.000000 4.212500 2.000001
v -22.000000 1.000000 2.000001
v -21.000000 1.000000 2.000001
v -22.000000 0.100000 2.000001
v -21.000000 0.100000 2.000001
v -22.000000 0.100000 2.100001
v -22.000000 0.000000 2.100001
v -21.000000 0.000000 2.100001
v -21.000000 0.100000 2.100001
v -21.000000 1.000000 2.000001
v -20.000000 1.000000 2.000001
v -21.000000 0.100000 2.000001
v -20.000000 0.100000 2.000001
v -21.000000 0.100000 2.100001
v -21.000000 0.000000 2.100001
v -20.000000 0.000000 2.100001
v -20.000000 0.100000 2.100001
v -20.000000 1.000000 2.000001
v -19.000000 1.000000 2.000001
v -20.000000 0.100000 2.000001
v -19.000000 0.100000 2.000001
v -20.000000 0.100000 2.100001
v -20.000000 0.000000 2.100001
v -19.000000 0.000000 2.100001
v -19.000000 0.100000 2.100001
v -19.000000 1.000000 2.000001
v -18.000000 1.000000 2.000001
v -19.000000 0.100000 2.000001
v -18.000000 0.100000 2.000001
v -19.000000 0.100000 2.100001
v -19.000000 0.000000 2.100001
v -18.000000 0.000000 2.100001
v -18.000000 0.100000 2.100001
v -22.000000 1.000000 2.000001
v -22.000000 2.000000 2.000001
v -21.000000 1.000000 2.000001
v -21.750000 1.000000 2.000001
v -21.250000 2.000000 2.000001
v -21.416666 2.000000 2.000001
v -21.583334 2.000000 2.000001
v -21.750000 2.000000 2.000001
v -21.583334 1.000000 2.000001
v -21.416666 1.000000 2.000001
v -21.250000 1.000000 2.000001
v -21.000000 2.000000 2.000001
v -21.083334 1.725000 1.950001
v -21.083334 1.275000 1.950001
v -21.250000 1.725000 1.950001
v -21.250000 1.275000 1.950001
v -21.416666 1.725000 1.950001
v -21.416666 1.275000 1.950001
v -21.583334 1.725000 1.950001
v -21.583334 1.275000 1.950001
v -21.750000 1.725000 1.950001
v -21.750000 1.275000 1.950001
v -21.916668 1.725000 1.950001
v -21.916668 1.275000 1.950001
v -21.083334 1.775000 2.000001
v -21.083334 1.225000 2.000001
v -21.250000 1.775000 2.000001
v -21.250000 1.225000 2.000001
v -21.416666 1.775000 2.000001
v -21.416666 1.225000 2.000001
v -21.583334 1.775000 2.000001
v -21.583334 1.225000 2.000001
v -21.750000 1.775000 2.000001
v -21.750000 1.225000 2.000001
v -21.916668 1.775000 2.000001
v -21.916668 1.225000 2.000001
v -21.962500 1.137500 2.000001
v -21.962500 1.212500 2.000001
v -21.962500 1.137500 2.075001
v -21.981251 1.156250 2.150001
v -21.962500 1.212500 2.075001
v -22.000000 1.137500 2.075001
v -22.000000 1.156250 2.150001
v -22.000000 1.193750 2.150001
v -22.000000 1.212500 2.075001
v -21.981251 1.193750 2.150001
v -22.000000 1.212500 2.000001
v -21.037500 1.787500 2.000001
v -21.037500 1.862500 2.000001
v -21.037500 1.787500 2.075001
v -21.018749 1.806250 2.150001
v -21.037500 1.862500 2.075001
v -21.000000 1.787500 2.075001
v -21.000000 1.806250 2.150001
v -21.000000 1.843750 2.150001
v -21.000000 1.862500 2.075001
v -21.018749 1.843750 2.150001
v -21.000000 1.862500 2.000001
v -21.962500 1.787500 2.000001
v -21.962500 1.862500 2.000001
v -21.962500 1.787500 2.075001
v -21.981251 1.806250 2.150001
v -21.962500 1.862500 2.075001
v -22.000000 1.787500 2.075001
v -22.000000 1.806250 2.150001
v -22.000000 1.843750 2.150001
v -22.000000 1.862500 2.075001
v -21.981251 1.843750 2.150001
v -22.000000 1.862500 2.000001
v -21.037500 1.137500 2.000001
v -21.037500 1.212500 2.000001
v -21.037500 1.137500 2.075001
v -21.018749 1.156250 2.150001
v -21.037500 1.212500 2.075001
v -21.000000 1.137500 2.075001
v -21.000000 1.156250 2.150001
v -21.000000 1.193750 2.150001
v -21.000000 1.212500 2.075001
v -21.018749 1.193750 2.150001
v -21.000000 1.212500 2.000001
v -21.370832 1.787500 2.000001
v -21.370832 1.862500 2.000001
v -21.370832 1.787500 2.075001
v -21.352083 1.806250 2.150001
v -21.370832 1.862500 2.075001
v -21.295834 1.787500 2.075001
v -21.314583 1.806250 2.150001
v -21.295834 1.862500 2.075001
v -21.295834 1.787500 2.000001
v -21.295834 1.862500 2.000001
v -21.314583 1.843750 2.150001
v -21.352083 1.843750 2.150001
v -21.370832 1.137500 2.000001
v -21.370832 1.212500 2.000001
v -21.370832 1.137500 2.075001
v -21.352083 1.156250 2.150001
v -21.370832 1.212500 2.075001
v -21.295834 1.137500 2.075001
v -21.314583 1.156250 2.150001
v -21.295834 1.212500 2.075001
v -21.295834 1.137500 2.000001
v -21.295834 1.212500 2.000001
v -21.314583 1.193750 2.150001
v -21.352083 1.193750 2.150001
v -21.704166 1.137500 2.000001
v -21.704166 1.212500 2.000001
v -21.704166 1.137500 2.075001
v -21.685417 1.156250 2.150001
v -21.704166 1.212500 2.075001
v -21.629166 1.137500 2.075001
v -21.647917 1.156250 2.150001
v -21.629166 1.212500 2.075001
v -21.629166 1.137500 2.000001
v -21.629166 1.212500 2.000001
v -21.647917 1.193750 2.150001
v -21.685417 1.193750 2.150001
v -21.704166 1.787500 2.000001
v -21.704166 1.862500 2.000001
v -21.704166 1.787500 2.075001
v -21.685417 1.806250 2.150001
v -21.704166 1.862500 2.075001
v -21.629166 1.787500 2.075001
v -21.647917 1.806250 2.150001
v -21.629166 1.862500 2.075001
v -21.629166 1.787500 2.000001
v -21.629166 1.862500 2.000001
v -21.647917 1.843750 2.150001
v -21.685417 1.843750 2.150001
v -22.000000 2.000000 2.000001
v -22.000000 3.000000 2.000001
v -21.000000 2.000000 2.000001
v -21.750000 2.000000 2.000001
v -21.250000 3.000000 2.000001
v -21.416666 3.000000 2.000001
v -21.583334 3.000000 2.000001
v -21.750000 3.000000 2.000001
v -21.583334 2.000000 2.000001
v -21.416666 2.000000 2.000001
v -21.250000 2.000000 2.000001
v -21.000000 3.000000 2.000001
v -21.083334 2.725000 1.950001
v -21.083334 2.275000 1.950001
v -21.250000 2.725000 1.950001
v -21.250000 2.275000 1.950001
v -21.416666 2.725000 1.950001
v -21.416666 2.275000 1.950001
v -21.583334 2.725000 1.950001
v -21.583334 2.275000 1.950001
v -21.750000 2.725000 1.950001
v -21.750000 2.275000 1.950001
v -21.916668 2.725000 1.950001
v -21.916668 2.275000 1.950001
v -21.083334 2.775000 2.000001
v -21.083334 2.225000 2.000001
v -21.250000 2.775000 2.000001
v -21.250000 2.225000 2.000001
v -21.416666 2.775000 2.000001
v -21.416666 2.225000 2.000001
v -21.583334 2.775000 2.000001
v -21.583334 2.225000 2.000001
v -21.750000 2.775000 2.000001
v -21.750000 2.225000 2.000001
v -21.916668 2.775000 2.000001
v -21.916668 2.225000 2.000001
v -21.962500 2.137500 2.000001
v -21.962500 2.212500 2.000001
v -21.962500 2.137500 2.075001
v -21.981251 2.156250 2.150001
v -21.962500 2.212500 2.075001
v -22.000000 2.137500 2.075001
v -22.000000 2.156250 2.150001
v -22.000000 2.193750 2.150001
v -22.000000 2.212500 2.075001
v -21.981251 2.193750 2.150001
v -22.000000 2.212500 2.000001
v -21.037500 2.787500 2.000001
v -21.037500 2.862500 2.000001
v -21.037500 2.787500 2.075001
v -21.018749 2.806250 2.150001
v -21.037500 2.862500 2.075001
v -21.000000 2.787500 2.075001
v -21.000000 2.806250 2.150001
v -21.000000 2.843750 2.150001
v -21.000000 2.862500 2.075001
v -21.018749 2.843750 2.150001
v -21.000000 2.862500 2.000001
v -21.962500 2.787500 2.000001
v -21.962500 2.862500 2.000001
v -21.962500 2.787500 2.075001
v -21.981251 2.806250 2.150001
v -21.962500 2.862500 2.075001
v -22.000000 2.787500 2.075001
v -22.000000 2.806250 2.150001
v -22.000000 2.843750 2.150001
v -22.000000 2.862500 2.075001
v -21.981251 2.843750 2.150001
v -22.000000 2.862500 2.000001
v -21.037500 2.137500 2.000001
v -21.037500 2.212500 2.000001
v -21.037500 2.137500 2.075001
v -21.018749 2.156250 2.150001
v -21.037500 2.212500 2.075001
v -21.000000 2.137500 2.075001
v -21.000000 2.156250 2.150001
v -21.000000 2.193750 2.150001
v -21.000000 2.212500 2.075001
v -21.018749 2.193750 2.150001
v -21.000000 2.212500 2.000001
v -21.370832 2.787500 2.000001
v -21.370832 2.862500 2.000001
v -21.370832 2.787500 2.075001
v -21.352083 2.806250 2.150001
v -21.370832 2.862500 2.075001
v -21.295834 2.787500 2.075001
v -21.314583 2.806250 2.150001
v -21.295834 2.862500 2.075001
v -21.295834 2.787500 2.000001
v -21.295834 2.862500 2.000001
v -21.314583 2.843750 2.150001
v -21.352083 2.843750 2.150001
v -21.370832 2.137500 2.000001
v -21.370832 2.212500 2.000001
v -21.370832 2.137500 2.075001
v -21.352083 2.156250 2.150001
v -21.370832 2.212500 2.075001
v -21.295834 2.137500 2.075001
v -21.314583 2.156250 2.150001
v -21.295834 2.212500 2.075001
v -21.295834 2.137500 2.000001
v -21.295834 2.212500 2.000001
v -21.314583 2.193750 2.150001
v -21.352083 2.193750 2.150001
v -21.704166 2.137500 2.000001
v -21.704166 2.212500 2.000001
v -21.704166 2.137500 2.075001
v -21.685417 2.156250 2.150001
v -21.704166 2.212500 2.075001
v -21.629166 2.137500 2.075001
v -21.647917 2.156250 2.150001
v -21.629166 2.212500 2.075001
v -21.629166 2.137500 2.000001
v -21.629166 2.212500 2.000001
v -21.647917 2.193750 2.150001
v -21.685417 2.193750 2.150001
v -21.704166 2.787500 2.000001
v -21.704166 2.862500 2.000001
v -21.704166 2.787500 2.075001
v -21.685417 2.806250 2.150001
v -21.704166 2.862500 2.075001
v -21.629166 2.787500 2.075001
v -21.647917 2.806250 2.150001
v -21.629166 2.862500 2.075001
v -21.629166 2.787500 2.000001
v -21.629166 2.862500 2.000001
v -21.647917 2.843750 2.150001
v -21.685417 2.843750 2.150001
v -22.000000 3.000000 2.000001
v -22.000000 4.000000 2.000001
v -21.000000 3.000000 2.000001
v -21.750000 3.000000 2.000001
v -21.250000 4.000000 2.000001
v -21.416666 4.000000 2.000001
v -21.583334 4.000000 2.000001
v -21.750000 4.000000 2.000001
v -21.583334 3.000000 2.000001
v -21.416666 3.000000 2.000001
v -21.250000 3.000000 2.000001
v -21.000000 4.000000 2.000001
v -21.083334 3.725000 1.950001
v -21.083334 3.275000 1.950001
v -21.250000 3.725000 1.950001
v -21.250000 3.275000 1.950001
v -21.416666 3.725000 1.950001
v -21.416666 3.275000 1.950001
v -21.583334 3.725000 1.950001
v -21.583334 3.275000 1.950001
v -21.750000 3.725000 1.950001
v -21.750000 3.275000 1.950001
v -21.916668 3.725000 1.950001
v -21.916668 3.275000 1.950001
v -21.083334 3.775000 2.000001
v -21.083334 3.225000 2.000001
v -21.250000 3.775000 2.000001
v -21.250000 3.225000 2.000001
v -21.416666 3.775000 2.000001
v -21.416666 3.225000 2.000001
v -21.583334 3.775000 2.000001
v -21.583334 3.225000 2.000001
v -21.750000 3.775000 2.000001
v -21.750000 3.225000 2.000001
v -21.916668 3.775000 2.000001
v -21.916668 3.225000 2.000001
v -21.962500 3.137500 2.000001
v -21.962500 3.212500 2.000001
v -21.962500 3.137500 2.075001
v -21.981251 3.156250 2.150001
v -21.962500 3.212500 2.075001
v -22.000000 3.137500 2.075001
v -22.000000 3.156250 2.150001
v -22.000000 3.193750 2.150001
v -22.000000 3.212500 2.075001
v -21.981251 3.193750 2.150001
v -22.000000 3.212500 2.000001
v -21.037500 3.787500 2.000001
v -21.037500 3.862500 2.000001
v -21.037500 3.787500 2.075001
v -21.018749 3.806250 2.150001
v -21.037500 3.862500 2.075001
v -21.000000 3.787500 2.075001
v -21.000000 3.806250 2.150001
v -21.000000 3.843750 2.150001
v -21.000000 3.862500 2.075001
v -21.018749 3.843750 2.150001
v -21.000000 3.862500 2.000001
v -21.962500 3.787500 2.000001
v -21.962500 3.862500 2.000001
v -21.962500 3.787500 2.075001
v -21.981251 3.806250 2.150001
v -21.962500 3.862500 2.075001
v -22.000000 3.787500 2.075001
v -22.000000 3.806250 2.150001
v -22.000000 3.843750 2.150001
v -22.000000 3.862500 2.075001
v -21.981251 3.843750 2.150001
v -22.000000 3.862500 2.000001
v -21.037500 3.137500 2.000001
v -21.037500 3.212500 2.000001
v -21.037500 3.137500 2.075001
v -21.018749 3.156250 2.150001
v -21.037500 3.212500 2.075001
v -21.000000 3.137500 2.075001
v -21.000000 3.156250 2.150001
v -21.000000 3.193750 2.150001
v -21.000000 3.212500 2.075001
v -21.018749 3.193750 2.150001
v -21.000000 3.212500 2.000001
v -21.370832 3.787500 2.000001
v -21.370832 3.862500 2.000001
v -21.370832 3.787500 2.075001
v -21.352083 3.806250 2.150001
v -21.370832 3.862500 2.075001
v -21.295834 3.787500 2.075001
v -21.314583 3.806250 2.150001
v -21.295834 3.862500 2.075001
v -21.295834 3.787500 2.000001
v -21.295834 3.862500 2.000001
v -21.314583 3.843750 2.150001
v -21.352083 3.843750 2.150001
v -21.370832 3.137500 2.000001
v -21.370832 3.212500 2.000001
v -21.370832 3.137500 2.075001
v -21.352083 3.156250 2.150001
v -21.370832 3.212500 2.075001
v -21.295834 3.137500 2.075001
v -21.314583 3.156250 2.150001
v -21.295834 3.212500 2.075001
v -21.295834 3.137500 2.000001
v -21.295834 3.212500 2.000001
v -21.314583 3.193750 2.150001
v -21.352083 3.193750 2.150001
v -21.704166 3.137500 2.000001
v -21.704166 3.212500 2.000001
v -21.704166 3.137500 2.075001
v -21.685417 3.156250 2.150001
v -21.704166 3.212500 2.075001
v -21.629166 3.137500 2.075001
v -21.647917 3.156250 2.150001
v -21.629166 3.212500 2.075001
v -21.629166 3.137500 2.000001
v -21.629166 3.212500 2.000001
v -21.647917 3.193750 2.150001
v -21.685417 3.193750 2.150001
v -21.704166 3.787500 2.000001
v -21.704166 3.862500 2.000001
v -21.704166 3.787500 2.075001
v -21.685417 3.806250 2.150001
v -21.704166 3.862500 2.075001
v -21.629166 3.787500 2.075001
v -21.647917 3.806250 2.150001
v -21.629166 3.862500 2.075001
v -21.629166 3.787500 2.000001
v -21.629166 3.862500 2.000001
v -21.647917 3.843750 2.150001
v -21.685417 3.843750 2.150001
v -21.000000 1.000000 2.000001
v -21.000000 2.000000 2.000001
v -20.000000 1.000000 2.000001
v -20.750000 1.000000 2.000001
v -20.250000 2.000000 2.000001
v -20.416666 2.000000 2.000001
v -20.583334 2.000000 2.000001
v -20.750000 2.000000 2.000001
v -20.583334 1.000000 2.000001
v -20.416666 1.000000 2.000001
v -20.250000 1.000000 2.000001
v -20.000000 2.000000 2.000001
v -20.083334 1.725000 1.950001
v -20.083334 1.275000 1.950001
v -20.250000 1.725000 1.950001
v -20.250000 1.275000 1.950001
v -20.416666 1.725000 1.950001
v -20.416666 1.275000 1.950001
v -20.583334 1.725000 1.950001
v -20.583334 1.275000 1.950001
v -20.750000 1.725000 1.950001
v -20.750000 1.275000 1.950001
v -20.916666 1.725000 1.950001
v -20.916666 1.275000 1.950001
v -20.083334 1.775000 2.000001
v -20.083334 1.225000 2.000001
v -20.250000 1.775000 2.000001
v -20.250000 1.225000 2.000001
v -20.416666 1.775000 2.000001
v -20.416666 1.225000 2.000001
v -20.583334 1.775000 2.000001
v -20.583334 1.225000 2.000001
v -20.750000 1.775000 2.000001
v -20.750000 1.225000 2.000001
v -20.916666 1.775000 2.000001
v -20.916666 1.225000 2.000001
v -20.962500 1.137500 2.000001
v -20.962500 1.212500 2.000001
v -20.962500 1.137500 2.075001
v -20.981251 1.156250 2.150001
v -20.962500 1.212500 2.075001
v -21.000000 1.137500 2.075001
v -21.000000 1.156250 2.150001
v -21.000000 1.193750 2.150001
v -21.000000 1.212500 2.075001
v -20.981251 1.193750 2.150001
v -21.000000 1.212500 2.000001
v -20.037500 1.787500 2.000001
v -20.037500 1.862500 2.000001
v -20.037500 1.787500 2.075001
v -20.018749 1.806250 2.150001
v -20.037500 1.862500 2.075001
v -20.000000 1.787500 2.075001
v -20.000000 1.806250 2.150001
v -20.000000 1.843750 2.150001
v -20.000000 1.862500 2.075001
v -20.018749 1.843750 2.150001
v -20.000000 1.862500 2.000001
v -20.962500 1.787500 2.000001
v -20.962500 1.862500 2.000001
v -20.962500 1.787500 2.075001
v -20.981251 1.806250 2.150001
v -20.962500 1.862500 2.075001
v -21.000000 1.787500 2.075001
v -21.000000 1.806250 2.150001
v -21.000000 1.843750 2.150001
v -21.000000 1.862500 2.075001
v -20.981251 1.843750 2.150001
v -21.000000 1.862500 2.000001
v -20.037500 1.137500 2.000001
v -20.037500 1.212500 2.000001
v -20.037500 1.137500 2.075001
v -20.018749 1.156250 2.150001
v -20.037500 1.212500 2.075001
v -20.000000 1.137500 2.075001
v -20.000000 1.156250 2.150001
v -20.000000 1.193750 2.150001
v -20.000000 1.212500 2.075001
v -20.018749 1.193750 2.150001
v -20.000000 1.212500 2.000001
v -20.370832 1.787500 2.000001
v -20.370832 1.862500 2.000001
v -20.370832 1.787500 2.075001
v -20.352083 1.806250 2.150001
v -20.370832 1.862500 2.075001
v -20.295834 1.787500 2.075001
v -20.314583 1.806250 2.150001
v -20.295834 1.862500 2.075001
v -20.295834 1.787500 2.000001
v -20.295834 1.862500 2.000001
v -20.314583 1.843750 2.150001
v -20.352083 1.843750 2.150001
v -20.370832 1.137500 2.000001
v -20.370832 1.212500 2.000001
v -20.370832 1.137500 2.075001
v -20.352083 1.156250 2.150001
v -20.370832 1.212500 2.075001
v -20.295834 1.137500 2.075001
v -20.314583 1.156250 2.150001
v -20.295834 1.212500 2.075001
v -20.295834 1.137500 2.000001
v -20.295834 1.212500 2.000001
v -20.314583 1.193750 2.150001
v -20.352083 1.193750 2.150001
v -20.704166 1.137500 2.000001
v -20.704166 1.212500 2.000001
v -20.704166 1.137500 2.075001
v -20.685417 1.156250 2.150001
v -20.704166 1.212500 2.075001
v -20.629166 1.137500 2.075001
v -20.647917 1.156250 2.150001
v -20.629166 1.212500 2.075001
v -20.629166 1.137500 2.000001
v -20.629166 1.212500 2.000001
v -20.647917 1.193750 2.150001
v -20.685417 1.193750 2.150001
v -20.704166 1.787500 2.000001
v -20.704166 1.862500 2.000001
v -20.704166 1.787500 2.075001
v -20.685417 1.806250 2.150001
v -20.704166 1.862500 2.075001
v -20.629166 1.787500 2.075001
v -20.647917 1.806250 2.150001
v -20.629166 1.862500 2.075001
v -20.629166 1.787500 2.000001
v -20.629166 1.862500 2.000001
v -20.647917 1.843750 2.150001
v -20.685417 1.843750 2.150001
v -21.000000 2.000000 2.000001
v -20.000000 2.000000 2.000001
v -21.000000 3.000000 2.000001
v -20.000000 3.000000 2.000001
v -20.370832 2.137500 2.000001
v -20.370832 2.212500 2.000001
v -20.295834 2.137500 2.000001
v -20.295834 2.212500 2.000001
v -20.352083 2.156250 2.150001
v -20.370832 2.137500 2.075001
v -20.352083 2.193750 2.150001
v -20.370832 2.212500 2.075001
v -20.314583 2.156250 2.150001
v -20.295834 2.137500 2.075001
v -20.314583 2.193750 2.150001
v -20.295834 2.212500 2.075001
v -20.704165 2.787500 2.000001
v -20.704165 2.862500 2.000001
v -20.629166 2.787500 2.000001
v -20.629166 2.862500 2.000001
v -20.685415 2.806250 2.150001
v -20.704165 2.787500 2.075001
v -20.685415 2.843750 2.150001
v -20.704165 2.862500 2.075001
v -20.647915 2.806250 2.150001
v -20.629166 2.787500 2.075001
v -20.647915 2.843750 2.150001
v -20.629166 2.862500 2.075001
v -20.704165 2.137500 2.000001
v -20.704165 2.212500 2.000001
v -20.629166 2.137500 2.000001
v -20.629166 2.212500 2.000001
v -20.685415 2.156250 2.150001
v -20.704165 2.137500 2.075001
v -20.685415 2.193750 2.150001
v -20.704165 2.212500 2.075001
v -20.647915 2.156250 2.150001
v -20.629166 2.137500 2.075001
v -20.647915 2.193750 2.150001
v -20.629166 2.212500 2.075001
v -20.370832 2.787500 2.000001
v -20.370832 2.862500 2.000001
v -20.295832 2.787500 2.000001
v -20.295832 2.862500 2.000001
v -20.352083 2.806250 2.150001
v -20.370832 2.787500 2.075001
v -20.352083 2.843750 2.150001
v -20.370832 2.862500 2.075001
v -20.314583 2.806250 2.150001
v -20.295832 2.787500 2.075001
v -20.314583 2.843750 2.150001
v -20.295832 2.862500 2.075001
v -20.962500 2.137500 2.000001
v -20.962500 2.212500 2.000001
v -21.000000 2.212500 2.000001
v -20.981249 2.156250 2.150001
v -20.962500 2.137500 2.075001
v -20.981249 2.193750 2.150001
v -20.962500 2.212500 2.075001
v -21.000000 2.137500 2.075001
v -21.000000 2.156250 2.150001
v -21.000000 2.193750 2.150001
v -21.000000 2.212500 2.075001
v -20.962500 2.787500 2.000001
v -20.962500 2.862500 2.000001
v -21.000000 2.862500 2.000001
v -20.981249 2.806250 2.150001
v -20.962500 2.787500 2.075001
v -20.981249 2.843750 2.150001
v -20.962500 2.862500 2.075001
v -21.000000 2.787500 2.075001
v -21.000000 2.806250 2.150001
v -21.000000 2.843750 2.150001
v -21.000000 2.862500 2.075001
v -20.037500 2.137500 2.000001
v -20.037500 2.212500 2.000001
v -20.000000 2.212500 2.000001
v -20.018749 2.156250 2.150001
v -20.037500 2.137500 2.075001
v -20.018749 2.193750 2.150001
v -20.037500 2.212500 2.075001
v -20.000000 2.156250 2.150001
v -20.000000 2.137500 2.075001
v -20.000000 2.212500 2.075001
v -20.000000 2.193750 2.150001
v -20.037500 2.787500 2.000001
v -20.037500 2.862500 2.000001
v -20.000000 2.862500 2.000001
v -20.018749 2.806250 2.150001
v -20.037500 2.787500 2.075001
v -20.018749 2.843750 2.150001
v -20.037500 2.862500 2.075001
v -20.000000 2.806250 2.150001
v -20.000000 2.787500 2.075001
v -20.000000 2.862500 2.075001
v -20.000000 2.843750 2.150001
v -21.000000 3.000000 2.000001
v -20.000000 3.000000 2.000001
v -21.000000 4.000000 2.000001
v -20.000000 4.000000 2.000001
v -20.370832 3.137500 2.000001
v -20.370832 3.212500 2.000001
v -20.295834 3.137500 2.000001
v -20.295834 3.212500 2.000001
v -20.352083 3.156250 2.150001
v -20.370832 3.137500 2.075001
v -20.352083 3.193750 2.150001
v -20.370832 3.212500 2.075001
v -20.314583 3.156250 2.150001
v -20.295834 3.137500 2.075001
v -20.314583 3.193750 2.150001
v -20.295834 3.212500 2.075001
v -20.704165 3.787500 2.000001
v -20.704165 3.862500 2.000001
v -20.629166 3.787500 2.000001
v -20.629166 3.862500 2.000001
v -20.685415 3.806250 2.150001
v -20.704165 3.787500 2.075001
v -20.685415 3.843750 2.150001
v -20.704165 3.862500 2.075001
v -20.647915 3.806250 2.150001
v -20.629166 3.787500 2.075001
v -20.647915 3.843750 2.150001
v -20.629166 3.862500 2.075001
v -20.704165 3.137500 2.000001
v -20.704165 3.212500 2.000001
v -20.629166 3.137500 2.000001
v -20.629166 3.212500 2.000001
v -20.685415 3.156250 2.150001
v -20.704165 3.137500 2.075001
v -20.685415 3.193750 2.150001
v -20.704165 3.212500 2.075001
v -20.647915 3.156250 2.150001
v -20.629166 3.137500 2.075001
v -20.647915 3.193750 2.150001
v -20.629166 3.212500 2.075001
v -20.370832 3.787500 2.000001
v -20.370832 3.862500 2.000001
v -20.295832 3.787500 2.000001
v -20.295832 3.862500 2.000001
v -20.352083 3.806250 2.150001
v -20.370832 3.787500 2.075001
v -20.352083 3.843750 2.150001
v -20.370832 3.862500 2.075001
v -20.314583 3.806250 2.150001
v -20.295832 3.787500 2.075001
v -20.314583 3.843750 2.150001
v -20.295832 3.862500 2.075001
v -20.962500 3.137500 2.000001
v -20.962500 3.212500 2.000001
v -21.000000 3.212500 2.000001
v -20.981249 3.156250 2.150001
v -20.962500 3.137500 2.075001
v -20.981249 3.193750 2.150001
v -20.962500 3.212500 2.075001
v -21.000000 3.137500 2.075001
v -21.000000 3.156250 2.150001
v -21.000000 3.193750 2.150001
v -21.000000 3.212500 2.075001
v -20.962500 3.787500 2.000001
v -20.962500 3.862500 2.000001
v -21.000000 3.862500 2.000001
v -20.981249 3.806250 2.150001
v -20.962500 3.787500 2.075001
v -20.981249 3.843750 2.150001
v -20.962500 3.862500 2.075001
v -21.000000 3.787500 2.075001
v -21.000000 3.806250 2.150001
v -21.000000 3.843750 2.150001
v -21.000000 3.862500 2.075001
v -20.037500 3.137500 2.000001
v -20.037500 3.212500 2.000001
v -20.000000 3.212500 2.000001
v -20.018749 3.156250 2.150001
v -20.037500 3.137500 2.075001
v -20.018749 3.193750 2.150001
v -20.037500 3.212500 2.075001
v -20.000000 3.156250 2.150001
v -20.000000 3.137500 2.075001
v -20.000000 3.212500 2.075001
v -20.000000 3.193750 2.150001
v -20.037500 3.787500 2.000001
v -20.037500 3.862500 2.000001
v -20.000000 3.862500 2.000001
v -20.018749 3.806250 2.150001
v -20.037500 3.787500 2.075001
v -20.018749 3.843750 2.150001
v -20.037500 3.862500 2.075001
v -20.000000 3.806250 2.150001
v -20.000000 3.787500 2.075001
v -20.000000 3.862500 2.075001
v -20.000000 3.843750 2.150001
v -21.000000 4.000000 2.000001
v -21.000000 3.000000 2.000001
v -20.000000 3.000000 2.000001
v -20.000000 4.000000 2.000001
v -21.000000 3.000000 2.000001
v -20.000000 3.000000 2.000001
v -20.000000 4.000000 2.000001
v -21.000000 4.000000 2.000001
v -20.166666 3.333333 2.000001
v -20.833332 3.333333 2.000001
v -20.166666 3.666667 2.000001
v -20.833332 3.666667 2.000001
v -20.166666 3.333333 1.700001
v -20.833332 3.333333 1.700001
v -20.166666 3.666667 1.700001
v -20.833332 3.666667 1.700001
v -20.000000 1.000000 2.000001
v -19.000000 1.000000 2.000001
v -20.000000 2.000000 2.000001
v -19.000000 2.000000 2.000001
v -19.370832 1.137500 2.000001
v -19.370832 1.212500 2.000001
v -19.295834 1.137500 2.000001
v -19.295834 1.212500 2.000001
v -19.352083 1.156250 2.150001
v -19.370832 1.137500 2.075001
v -19.352083 1.193750 2.150001
v -19.370832 1.212500 2.075001
v -19.314583 1.156250 2.150001
v -19.295834 1.137500 2.075001
v -19.314583 1.193750 2.150001
v -19.295834 1.212500 2.075001
v -19.704165 1.787500 2.000001
v -19.704165 1.862500 2.000001
v -19.629166 1.787500 2.000001
v -19.629166 1.862500 2.000001
v -19.685415 1.806250 2.150001
v -19.704165 1.787500 2.075001
v -19.685415 1.843750 2.150001
v -19.704165 1.862500 2.075001
v -19.647915 1.806250 2.150001
v -19.629166 1.787500 2.075001
v -19.647915 1.843750 2.150001
v -19.629166 1.862500 2.075001
v -19.704165 1.137500 2.000001
v -19.704165 1.212500 2.000001
v -19.629166 1.137500 2.000001
v -19.629166 1.212500 2.000001
v -19.685415 1.156250 2.150001
v -19.704165 1.137500 2.075001
v -19.685415 1.193750 2.150001
v -19.704165 1.212500 2.075001
v -19.647915 1.156250 2.150001
v -19.629166 1.137500 2.075001
v -19.647915 1.193750 2.150001
v -19.629166 1.212500 2.075001
v -19.370832 1.787500 2.000001
v -19.370832 1.862500 2.000001
v -19.295832 1.787500 2.000001
v -19.295832 1.862500 2.000001
v -19.352083 1.806250 2.150001
v -19.370832 1.787500 2.075001
v -19.352083 1.843750 2.150001
v -19.370832 1.862500 2.075001
v -19.314583 1.806250 2.150001
v -19.295832 1.787500 2.075001
v -19.314583 1.843750 2.150001
v -19.295832 1.862500 2.075001
v -19.962500 1.137500 2.000001
v -19.962500 1.212500 2.000001
v -20.000000 1.212500 2.000001
v -19.981249 1.156250 2.150001
v -19.962500 1.137500 2.075001
v -19.981249 1.193750 2.150001
v -19.962500 1.212500 2.075001
v -20.000000 1.137500 2.075001
v -20.000000 1.156250 2.150001
v -20.000000 1.193750 2.150001
v -20.000000 1.212500 2.075001
v -19.962500 1.787500 2.000001
v -19.962500 1.862500 2.000001
v -20.000000 1.862500 2.000001
v -19.981249 1.806250 2.150001
v -19.962500 1.787500 2.075001
v -19.981249 1.843750 2.150001
v -19.962500 1.862500 2.075001
v -20.000000 1.787500 2.075001
v -20.000000 1.806250 2.150001
v -20.000000 1.843750 2.150001
v -20.000000 1.862500 2.075001
v -19.037500 1.137500 2.000001
v -19.037500 1.212500 2.000001
v -19.000000 1.212500 2.000001
v -19.018749 1.156250 2.150001
v -19.037500 1.137500 2.075001
v -19.018749 1.193750 2.150001
v -19.037500 1.212500 2.075001
v -19.000000 1.156250 2.150001
v -19.000000 1.137500 2.075001
v -19.000000 1.212500 2.075001
v -19.000000 1.193750 2.150001
v -19.037500 1.787500 2.000001
v -19.037500 1.862500 2.000001
v -19.000000 1.862500 2.000001
v -19.018749 1.806250 2.150001
v -19.037500 1.787500 2.075001
v -19.018749 1.843750 2.150001
v -19.037500 1.862500 2.075001
v -19.000000 1.806250 2.150001
v -19.000000 1.787500 2.075001
v -19.000000 1.862500 2.075001
v -19.000000 1.843750 2.150001
v -20.000000 2.000000 2.000001
v -20.000000 3.000000 2.000001
v -19.000000 2.000000 2.000001
v -19.750000 2.000000 2.000001
v -19.250000 3.000000 2.000001
v -19.416666 3.000000 2.000001
v -19.583334 3.000000 2.000001
v -19.750000 3.000000 2.000001
v -19.583334 2.000000 2.000001
v -19.416666 2.000000 2.000001
v -19.250000 2.000000 2.000001
v -19.000000 3.000000 2.000001
v -19.083334 2.725000 1.950001
v -19.083334 2.275000 1.950001
v -19.250000 2.725000 1.950001
v -19.250000 2.275000 1.950001
v -19.416666 2.725000 1.950001
v -19.416666 2.275000 1.950001
v -19.583334 2.725000 1.950001
v -19.583334 2.275000 1.950001
v -19.750000 2.725000 1.950001
v -19.750000 2.275000 1.950001
v -19.916666 2.725000 1.950001
v -19.916666 2.275000 1.950001
v -19.083334 2.775000 2.000001
v -19.083334 2.225000 2.000001
v -19.250000 2.775000 2.000001
v -19.250000 2.225000 2.000001
v -19.416666 2.775000 2.000001
v -19.416666 2.225000 2.000001
v -19.583334 2.775000 2.000001
v -19.583334 2.225000 2.000001
v -19.750000 2.775000 2.000001
v -19.750000 2.225000 2.000001
v -19.916666 2.775000 2.000001
v -19.916666 2.225000 2.000001
v -19.962500 2.137500 2.000001
v -19.962500 2.212500 2.000001
v -19.962500 2.137500 2.075001
v -19.981251 2.156250 2.150001
v -19.962500 2.212500 2.075001
v -20.000000 2.137500 2.075001
v -20.000000 2.156250 2.150001
v -20.000000 2.193750 2.150001
v -20.000000 2.212500 2.075001
v -19.981251 2.193750 2.150001
v -20.000000 2.212500 2.000001
v -19.037500 2.787500 2.000001
v -19.037500 2.862500 2.000001
v -19.037500 2.787500 2.075001
v -19.018749 2.806250 2.150001
v -19.037500 2.862500 2.075001
v -19.000000 2.787500 2.075001
v -19.000000 2.806250 2.150001
v -19.000000 2.843750 2.150001
v -19.000000 2.862500 2.075001
v -19.018749 2.843750 2.150001
v -19.000000 2.862500 2.000001
v -19.962500 2.787500 2.000001
v -19.962500 2.862500 2.000001
v -19.962500 2.787500 2.075001
v -19.981251 2.806250 2.150001
v -19.962500 2.862500 2.075001
v -20.000000 2.787500 2.075001
v -20.000000 2.806250 2.150001
v -20.000000 2.843750 2.150001
v -20.000000 2.862500 2.075001
v -19.981251 2.843750 2.150001
v -20.000000 2.862500 2.000001
v -19.037500 2.137500 2.000001
v -19.037500 2.212500 2.000001
v -19.037500 2.137500 2.075001
v -19.018749 2.156250 2.150001
v -19.037500 2.212500 2.075001
v -19.000000 2.137500 2.075001
v -19.000000 2.156250 2.150001
v -19.000000 2.193750 2.150001
v -19.000000 2.212500 2.075001
v -19.018749 2.193750 2.150001
v -19.000000 2.212500 2.000001
v -19.370832 2.787500 2.000001
v -19.370832 2.862500 2.000001
v -19.370832 2.787500 2.075001
v -19.352083 2.806250 2.150001
v -19.370832 2.862500 2.075001
v -19.295834 2.787500 2.075001
v -19.314583 2.806250 2.150001
v -19.295834 2.862500 2.075001
v -19.295834 2.787500 2.000001
v -19.295834 2.862500 2.000001
v -19.314583 2.843750 2.150001
v -19.352083 2.843750 2.150001
v -19.370832 2.137500 2.000001
v -19.370832 2.212500 2.000001
v -19.370832 2.137500 2.075001
v -19.352083 2.156250 2.150001
v -19.370832 2.212500 2.075001
v -19.295834 2.137500 2.075001
v -19.314583 2.156250 2.150001
v -19.295834 2.212500 2.075001
v -19.295834 2.137500 2.000001
v -19.295834 2.212500 2.000001
v -19.314583 2.193750 2.150001
v -19.352083 2.193750 2.150001
v -19.704166 2.137500 2.000001
v -19.704166 2.212500 2.000001
v -19.704166 2.137500 2.075001
v -19.685417 2.156250 2.150001
v -19.704166 2.212500 2.075001
v -19.629166 2.137500 2.075001
v -19.647917 2.156250 2.150001
v -19.629166 2.212500 2.075001
v -19.629166 2.137500 2.000001
v -19.629166 2.212500 2.000001
v -19.647917 2.193750 2.150001
v -19.685417 2.193750 2.150001
v -19.704166 2.787500 2.000001
v -19.704166 2.862500 2.000001
v -19.704166 2.787500 2.075001
v -19.685417 2.806250 2.150001
v -19.704166 2.862500 2.075001
v -19.629166 2.787500 2.075001
v -19.647917 2.806250 2.150001
v -19.629166 2.862500 2.075001
v -19.629166 2.787500 2.000001
v -19.629166 2.862500 2.000001
v -19.647917 2.843750 2.150001
v -19.685417 2.843750 2.150001
v -20.000000 3.000000 2.000001
v -20.000000 4.000000 2.000001
v -19.000000 3.000000 2.000001
v -19.750000 3.000000 2.000001
v -19.250000 4.000000 2.000001
v -19.416666 4.000000 2.000001
v -19.583334 4.000000 2.000001
v -19.750000 4.000000 2.000001
v -19.583334 3.000000 2.000001
v -19.416666 3.000000 2.000001
v -19.250000 3.000000 2.000001
v -19.000000 4.000000 2.000001
v -19.083334 3.725000 1.950001
v -19.083334 3.275000 1.950001
v -19.250000 3.725000 1.950001
v -19.250000 3.275000 1.950001
v -19.416666 3.725000 1.950001
v -19.416666 3.275000 1.950001
v -19.583334 3.725000 1.950001
v -19.583334 3.275000 1.950001
v -19.750000 3.725000 1.950001
v -19.750000 3.275000 1.950001
v -19.916666 3.725000 1.950001
v -19.916666 3.275000 1.950001
v -19.083334 3.775000 2.000001
v -19.083334 3.225000 2.000001
v -19.250000 3.775000 2.000001
v -19.250000 3.225000 2.000001
v -19.416666 3.775000 2.000001
v -19.416666 3.225000 2.000001
v -19.583334 3.775000 2.000001
v -19.583334 3.225000 2.000001
v -19.750000 3.775000 2.000001
v -19.750000 3.225000 2.000001
v -19.916666 3.775000 2.000001
v -19.916666 3.225000 2.000001
v -19.962500 3.137500 2.000001
v -19.962500 3.212500 2.000001
v -19.962500 3.137500 2.075001
v -19.981251 3.156250 2.150001
v -19.962500 3.212500 2.075001
v -20.000000 3.137500 2.075001
v -20.000000 3.156250 2.150001
v -20.000000 3.193750 2.150001
v -20.000000 3.212500 2.075001
v -19.981251 3.193750 2.150001
v -20.000000 3.212500 2.000001
v -19.037500 3.787500 2.000001
v -19.037500 3.862500 2.000001
v -19.037500 3.787500 2.075001
v -19.018749 3.806250 2.150001
v -19.037500 3.862500 2.075001
v -19.000000 3.787500 2.075001
v -19.000000 3.806250 2.150001
v -19.000000 3.843750 2.150001
v -19.000000 3.862500 2.075001
v -19.018749 3.843750 2.150001
v -19.000000 3.862500 2.000001
v -19.962500 3.787500 2.000001
v -19.962500 3.862500 2.000001
v -19.962500 3.787500 2.075001
v -19.981251 3.806250 2.150001
v -19.962500 3.862500 2.075001
v -20.000000 3.787500 2.075001
v -20.000000 3.806250 2.150001
v -20.000000 3.843750 2.150001
v -20.000000 3.862500 2.075001
v -19.981251 3.843750 2.150001
v -20.000000 3.862500 2.000001
v -19.037500 3.137500 2.000001
v -19.037500 3.212500 2.000001
v -19.037500 3.137500 2.075001
v -19.018749 3.156250 2.150001
v -19.037500 3.212500 2.075001
v -19.000000 3.137500 2.075001
v -19.000000 3.156250 2.150001
v -19.000000 3.193750 2.150001
v -19.000000 3.212500 2.075001
v -19.018749 3.193750 2.150001
v -19.000000 3.212500 2.000001
v -19.370832 3.787500 2.000001
v -19.370832 3.862500 2.000001
v -19.370832 3.787500 2.075001
v -19.352083 3.806250 2.150001
v -19.370832 3.862500 2.075001
v -19.295834 3.787500 2.075001
v -19.314583 3.806250 2.150001
v -19.295834 3.862500 2.075001
v -19.295834 3.787500 2.000001
v -19.295834 3.862500 2.000001
v -19.314583 3.843750 2.150001
v -19.352083 3.843750 2.150001
v -19.370832 3.137500 2.000001
v -19.370832 3.212500 2.000001
v -19.370832 3.137500 2.075001
v -19.352083 3.156250 2.150001
v -19.370832 3.212500 2.075001
v -19.295834 3.137500 2.075001
v -19.314583 3.156250 2.150001
v -19.295834 3.212500 2.075001
v -19.295834 3.137500 2.000001
v -19.295834 3.212500 2.000001
v -19.314583 3.193750 2.150001
v -19.352083 3.193750 2.150001
v -19.704166 3.137500 2.000001
v -19.704166 3.212500 2.000001
v -19.704166 3.137500 2.075001
v -19.685417 3.156250 2.150001
v -19.704166 3.212500 2.075001
v -19.629166 3.137500 2.075001
v -19.647917 3.156250 2.150001
v -19.629166 3.212500 2.075001
v -19.629166 3.137500 2.000001
v -19.629166 3.212500 2.000001
v -19.647917 3.193750 2.150001
v -19.685417 3.193750 2.150001
v -19.704166 3.787500 2.000001
v -19.704166 3.862500 2.000001
v -19.704166 3.787500 2.075001
v -19.685417 3.806250 2.150001
v -19.704166 3.862500 2.075001
v -19.629166 3.787500 2.075001
v -19.647917 3.806250 2.150001
v -19.629166 3.862500 2.075001
v -19.629166 3.787500 2.000001
v -19.629166 3.862500 2.000001
v -19.647917 3.843750 2.150001
v -19.685417 3.843750 2.150001
v -19.000000 1.000000 2.000001
v -19.000000 2.000000 2.000001
v -18.000000 1.000000 2.000001
v -18.750000 1.000000 2.000001
v -18.250000 2.000000 2.000001
v -18.416666 2.000000 2.000001
v -18.583334 2.000000 2.000001
v -18.750000 2.000000 2.000001
v -18.583334 1.000000 2.000001
v -18.416666 1.000000 2.000001
v -18.250000 1.000000 2.000001
v -18.000000 2.000000 2.000001
v -18.083334 1.725000 1.950001
v -18.083334 1.275000 1.950001
v -18.250000 1.725000 1.950001
v -18.250000 1.275000 1.950001
v -18.416666 1.725000 1.950001
v -18.416666 1.275000 1.950001
v -18.583334 1.725000 1.950001
v -18.583334 1.275000 1.950001
v -18.750000 1.725000 1.950001
v -18.750000 1.275000 1.950001
v -18.916668 1.725000 1.950001
v -18.916668 1.275000 1.950001
v -18.083334 1.775000 2.000001
v -18.083334 1.225000 2.000001
v -18.250000 1.775000 2.000001
v -18.250000 1.225000 2.000001
v -18.416666 1.775000 2.000001
v -18.416666 1.225000 2.000001
v -18.583334 1.775000 2.000001
v -18.583334 1.225000 2.000001
v -18.750000 1.775000 2.000001
v -18.750000 1.225000 2.000001
v -18.916668 1.775000 2.000001
v -18.916668 1.225000 2.000001
v -18.962500 1.137500 2.000001
v -18.962500 1.212500 2.000001
v -18.962500 1.137500 2.075001
v -18.981251 1.156250 2.150001
v -18.962500 1.212500 2.075001
v -19.000000 1.137500 2.075001
v -19.000000 1.156250 2.150001
v -19.000000 1.193750 2.150001
v -19.000000 1.212500 2.075001
v -18.981251 1.193750 2.150001
v -19.000000 1.212500 2.000001
v -18.037500 1.787500 2.000001
v -18.037500 1.862500 2.000001
v -18.037500 1.787500 2.075001
v -18.018749 1.806250 2.150001
v -18.037500 1.862500 2.075001
v -18.000000 1.787500 2.075001
v -18.000000 1.806250 2.150001
v -18.000000 1.843750 2.150001
v -18.000000 1.862500 2.075001
v -18.018749 1.843750 2.150001
v -18.000000 1.862500 2.000001
v -18.962500 1.787500 2.000001
v -18.962500 1.862500 2.000001
v -18.962500 1.787500 2.075001
v -18.981251 1.806250 2.150001
v -18.962500 1.862500 2.075001
v -19.000000 1.787500 2.075001
v -19.000000 1.806250 2.150001
v -19.000000 1.843750 2.150001
v -19.000000 1.862500 2.075001
v -18.981251 1.843750 2.150001
v -19.000000 1.862500 2.000001
v -18.037500 1.137500 2.000001
v -18.037500 1.212500 2.000001
v -18.037500 1.137500 2.075001
v -18.018749 1.156250 2.150001
v -18.037500 1.212500 2.075001
v -18.000000 1.137500 2.075001
v -18.000000 1.156250 2.150001
v -18.000000 1.193750 2.150001
v -18.000000 1.212500 2.075001
v -18.018749 1.193750 2.150001
v -18.000000 1.212500 2.000001
v -18.370832 1.787500 2.000001
v -18.370832 1.862500 2.000001
v -18.370832 1.787500 2.075001
v -18.352083 1.806250 2.150001
v -18.370832 1.862500 2.075001
v -18.295834 1.787500 2.075001
v -18.314583 1.806250 2.150001
v -18.295834 1.862500 2.075001
v -18.295834 1.787500 2.000001
v -18.295834 1.862500 2.000001
v -18.314583 1.843750 2.150001
v -18.352083 1.843750 2.150001
v -18.370832 1.137500 2.000001
v -18.370832 1.212500 2.000001
v -18.370832 1.137500 2.075001
v -18.352083 1.156250 2.150001
v -18.370832 1.212500 2.075001
v -18.295834 1.137500 2.075001
v -18.314583 1.156250 2.150001
v -18.295834 1.212500 2.075001
v -18.295834 1.137500 2.000001
v -18.295834 1.212500 2.000001
v -18.314583 1.193750 2.150001
v -18.352083 1.193750 2.150001
v -18.704166 1.137500 2.000001
v -18.704166 1.212500 2.000001
v -18.704166 1.137500 2.075001
v -18.685417 1.156250 2.150001
v -18.704166 1.212500 2.075001
v -18.629166 1.137500 2.075001
v -18.647917 1.156250 2.150001
v -18.629166 1.212500 2.075001
v -18.629166 1.137500 2.000001
v -18.629166 1.212500 2.000001
v -18.647917 1.193750 2.150001
v -18.685417 1.193750 2.150001
v -18.704166 1.787500 2.000001
v -18.704166 1.862500 2.000001
v -18.704166 1.787500 2.075001
v -18.685417 1.806250 2.150001
v -18.704166 1.862500 2.075001
v -18.629166 1.787500 2.075001
v -18.647917 1.806250 2.150001
v -18.629166 1.862500 2.075001
v -18.629166 1.787500 2.000001
v -18.629166 1.862500 2.000001
v -18.647917 1.843750 2.150001
v -18.685417 1.843750 2.150001
v -19.000000 2.000000 2.000001
v -18.000000 2.000000 2.000001
v -19.000000 3.000000 2.000001
v -18.000000 3.000000 2.000001
v -18.370832 2.137500 2.000001
v -18.370832 2.212500 2.000001
v -18.295834 2.137500 2.000001
v -18.295834 2.212500 2.000001
v -18.352083 2.156250 2.150001
v -18.370832 2.137500 2.075001
v -18.352083 2.193750 2.150001
v -18.370832 2.212500 2.075001
v -18.314583 2.156250 2.150001
v -18.295834 2.137500 2.075001
v -18.314583 2.193750 2.150001
v -18.295834 2.212500 2.075001
v -18.704165 2.787500 2.000001
v -18.704165 2.862500 2.000001
v -18.629166 2.787500 2.000001
v -18.629166 2.862500 2.000001
v -18.685415 2.806250 2.150001
v -18.704165 2.787500 2.075001
v -18.685415 2.843750 2.150001
v -18.704165 2.862500 2.075001
v -18.647915 2.806250 2.150001
v -18.629166 2.787500 2.075001
v -18.647915 2.843750 2.150001
v -18.629166 2.862500 2.075001
v -18.704165 2.137500 2.000001
v -18.704165 2.212500 2.000001
v -18.629166 2.137500 2.000001
v -18.629166 2.212500 2.000001
v -18.685415 2.156250 2.150001
v -18.704165 2.137500 2.075001
v -18.685415 2.193750 2.150001
v -18.704165 2.212500 2.075001
v -18.647915 2.156250 2.150001
v -18.629166 2.137500 2.075001
v -18.647915 2.193750 2.150001
v -18.629166 2.212500 2.075001
v -18.370832 2.787500 2.000001
v -18.370832 2.862500 2.000001
v -18.295832 2.787500 2.000001
v -18.295832 2.862500 2.000001
v -18.352081 2.806250 2.150001
v -18.370832 2.787500 2.075001
v -18.352081 2.843750 2.150001
v -18.370832 2.862500 2.075001
v -18.314583 2.806250 2.150001
v -18.295832 2.787500 2.075001
v -18.314583 2.843750 2.150001
v -18.295832 2.862500 2.075001
v -18.962500 2.137500 2.000001
v -18.962500 2.212500 2.000001
v -19.000000 2.212500 2.000001
v -18.981249 2.156250 2.150001
v -18.962500 2.137500 2.075001
v -18.981249 2.193750 2.150001
v -18.962500 2.212500 2.075001
v -19.000000 2.137500 2.075001
v -19.000000 2.156250 2.150001
v -19.000000 2.193750 2.150001
v -19.000000 2.212500 2.075001
v -18.962500 2.787500 2.000001
v -18.962500 2.862500 2.000001
v -19.000000 2.862500 2.000001
v -18.981249 2.806250 2.150001
v -18.962500 2.787500 2.075001
v -18.981249 2.843750 2.150001
v -18.962500 2.862500 2.075001
v -19.000000 2.787500 2.075001
v -19.000000 2.806250 2.150001
v -19.000000 2.843750 2.150001
v -19.000000 2.862500 2.075001
v -18.037500 2.137500 2.000001
v -18.037500 2.212500 2.000001
v -18.000000 2.212500 2.000001
v -18.018749 2.156250 2.150001
v -18.037500 2.137500 2.075001
v -18.018749 2.193750 2.150001
v -18.037500 2.212500 2.075001
v -18.000000 2.156250 2.150001
v -18.000000 2.137500 2.075001
v -18.000000 2.212500 2.075001
v -18.000000 2.193750 2.150001
v -18.037500 2.787500 2.000001
v -18.037500 2.862500 2.000001
v -18.000000 2.862500 2.000001
v -18.018749 2.806250 2.150001
v -18.037500 2.787500 2.075001
v -18.018749 2.843750 2.150001
v -18.037500 2.862500 2.075001
v -18.000000 2.806250 2.150001
v -18.000000 2.787500 2.075001
v -18.000000 2.862500 2.075001
v -18.000000 2.843750 2.150001
v -19.000000 3.000000 2.000001
v -19.000000 2.000000 2.000001
v -18.000000 2.000000 2.000001
v -18.000000 3.000000 2.000001
v -19.000000 2.000000 2.000001
v -18.000000 2.000000 2.000001
v -18.000000 3.000000 2.000001
v -19.000000 3.000000 2.000001
v -18.166666 2.333333 2.000001
v -18.833332 2.333333 2.000001
v -18.166666 2.666667 2.000001
v -18.833332 2.666667 2.000001
v -18.166666 2.333333 1.700001
v -18.833332 2.333333 1.700001
v -18.166666 2.666667 1.700001
v -18.833332 2.666667 1.700001
v -19.000000 3.000000 2.000001
v -19.000000 4.000000 2.000001
v -18.000000 3.000000 2.000001
v -18.750000 3.000000 2.000001
v -18.250000 4.000000 2.000001
v -18.416666 4.000000 2.000001
v -18.583334 4.000000 2.000001
v -18.750000 4.000000 2.000001
v -18.583334 3.000000 2.000001
v -18.416666 3.000000 2.000001
v -18.250000 3.000000 2.000001
v -18.000000 4.000000 2.000001
v -18.083334 3.725000 1.950001
v -18.083334 3.275000 1.950001
v -18.250000 3.725000 1.950001
v -18.250000 3.275000 1.950001
v -18.416666 3.725000 1.950001
v -18.416666 3.275000 1.950001
v -18.583334 3.725000 1.950001
v -18.583334 3.275000 1.950001
v -18.750000 3.725000 1.950001
v -18.750000 3.275000 1.950001
v -18.916668 3.725000 1.950001
v -18.916668 3.275000 1.950001
v -18.083334 3.775000 2.000001
v -18.083334 3.225000 2.000001
v -18.250000 3.775000 2.000001
v -18.250000 3.225000 2.000001
v -18.416666 3.775000 2.000001
v -18.416666 3.225000 2.000001
v -18.583334 3.775000 2.000001
v -18.583334 3.225000 2.000001
v -18.750000 3.775000 2.000001
v -18.750000 3.225000 2.000001
v -18.916668 3.775000 2.000001
v -18.916668 3.225000 2.000001
v -18.962500 3.137500 2.000001
v -18.962500 3.212500 2.000001
v -18.962500 3.137500 2.075001
v -18.981251 3.156250 2.150001
v -18.962500 3.212500 2.075001
v -19.000000 3.137500 2.075001
v -19.000000 3.156250 2.150001
v -19.000000 3.193750 2.150001
v -19.000000 3.212500 2.075001
v -18.981251 3.193750 2.150001
v -19.000000 3.212500 2.000001
v -18.037500 3.787500 2.000001
v -18.037500 3.862500 2.000001
v -18.037500 3.787500 2.075001
v -18.018749 3.806250 2.150001
v -18.037500 3.862500 2.075001
v -18.000000 3.787500 2.075001
v -18.000000 3.806250 2.150001
v -18.000000 3.843750 2.150001
v -18.000000 3.862500 2.075001
v -18.018749 3.843750 2.150001
v -18.000000 3.862500 2.000001
v -18.962500 3.787500 2.000001
v -18.962500 3.862500 2.000001
v -18.962500 3.787500 2.075001
v -18.981251 3.806250 2.150001
v -18.962500 3.862500 2.075001
v -19.000000 3.787500 2.075001
v -19.000000 3.806250 2.150001
v -19.000000 3.843750 2.150001
v -19.000000 3.862500 2.075001
v -18.981251 3.843750 2.150001
v -19.000000 3.862500 2.000001
v -18.037500 3.137500 2.000001
v -18.037500 3.212500 2.000001
v -18.037500 3.137500 2.075001
v -18.018749 3.156250 2.150001
v -18.037500 3.212500 2.075001
v -18.000000 3.137500 2.075001
v -18.000000 3.156250 2.150001
v -18.000000 3.193750 2.150001
v -18.000000 3.212500 2.075001
v -18.018749 3.193750 2.150001
v -18.000000 3.212500 2.000001
v -18.370832 3.787500 2.000001
v -18.370832 3.862500 2.000001
v -18.370832 3.787500 2.075001
v -18.352083 3.806250 2.150001
v -18.370832 3.862500 2.075001
v -18.295834 3.787500 2.075001
v -18.314583 3.806250 2.150001
v -18.295834 3.862500 2.075001
v -18.295834 3.787500 2.000001
v -18.295834 3.862500 2.000001
v -18.314583 3.843750 2.150001
v -18.352083 3.843750 2.150001
v -18.370832 3.137500 2.000001
v -18.370832 3.212500 2.000001
v -18.370832 3.137500 2.075001
v -18.352083 3.156250 2.150001
v -18.370832 3.212500 2.075001
v -18.295834 3.137500 2.075001
v -18.314583 3.156250 2.150001
v -18.295834 3.212500 2.075001
v -18.295834 3.137500 2.000001
v -18.295834 3.212500 2.000001
v -18.314583 3.193750 2.150001
v -18.352083 3.193750 2.150001
v -18.704166 3.137500 2.000001
v -18.704166 3.212500 2.000001
v -18.704166 3.137500 2.075001
v -18.685417 3.156250 2.150001
v -18.704166 3.212500 2.075001
v -18.629166 3.137500 2.075001
v -18.647917 3.156250 2.150001
v -18.629166 3.212500 2.075001
v -18.629166 3.137500 2.000001
v -18.629166 3.212500 2.000001
v -18.647917 3.193750 2.150001
v -18.685417 3.193750 2.150001
v -18.704166 3.787500 2.000001
v -18.704166 3.862500 2.000001
v -18.704166 3.787500 2.075001
v -18.685417 3.806250 2.150001
v -18.704166 3.862500 2.075001
v -18.629166 3.787500 2.075001
v -18.647917 3.806250 2.150001
v -18.629166 3.862500 2.075001
v -18.629166 3.787500 2.000001
v -18.629166 3.862500 2.000001
v -18.647917 3.843750 2.150001
v -18.685417 3.843750 2.150001
v -19.000000 4.400000 1.500001
v -19.000000 4.000000 2.000001
v -18.962500 4.137500 2.000001
v -18.962500 4.212500 2.000001
v -18.962500 4.137500 2.075001
v -18.981251 4.156250 2.150001
v -18.962500 4.212500 2.075001
v -19.000000 4.137500 2.075001
v -19.000000 4.156250 2.150001
v -19.000000 4.193750 2.150001
v -19.000000 4.212500 2.075001
v -18.981251 4.193750 2.150001
v -19.000000 4.212500 2.000001
v -18.704166 4.137500 2.000001
v -18.704166 4.212500 2.000001
v -18.704166 4.137500 2.075001
v -18.685417 4.156250 2.150001
v -18.704166 4.212500 2.075001
v -18.629166 4.137500 2.075001
v -18.647917 4.156250 2.150001
v -18.629166 4.212500 2.075001
v -18.629166 4.137500 2.000001
v -18.629166 4.212500 2.000001
v -18.647917 4.193750 2.150001
v -18.685417 4.193750 2.150001
v -18.370832 4.137500 2.000001
v -18.370832 4.212500 2.000001
v -18.370832 4.137500 2.075001
v -18.352083 4.156250 2.150001
v -18.370832 4.212500 2.075001
v -18.295834 4.137500 2.075001
v -18.314583 4.156250 2.150001
v -18.295834 4.212500 2.075001
v -18.295834 4.137500 2.000001
v -18.295834 4.212500 2.000001
v -18.314583 4.193750 2.150001
v -18.352083 4.193750 2.150001
v -18.500000 4.400000 1.500001
v -18.958334 4.816666 1.958334
v -19.000000 4.816666 1.958334
v -19.000000 4.816666 1.875001
v -18.291666 4.816666 1.958334
v -18.375000 4.816666 1.958334
v -18.625000 4.816666 1.958334
v -18.708332 4.816666 1.958334
v -18.291666 4.816666 1.875001
v -18.375000 4.816666 1.875001
v -18.625000 4.816666 1.875001
v -18.708332 4.816666 1.875001
v -18.958334 4.816666 1.875001
v -18.916666 4.400000 2.000001
v -18.916666 4.650000 2.000001
v -19.000000 4.650000 2.000001
v -19.000000 4.400000 2.000001
v -19.000000 4.650000 1.833334
v -19.000000 4.400000 1.833334
v -18.916666 4.400000 1.833334
v -18.916666 4.650000 1.833334
v -18.583332 4.400000 1.833334
v -18.583332 4.650000 1.833334
v -18.583332 4.650000 2.000001
v -18.583332 4.400000 2.000001
v -18.750000 4.650000 2.000001
v -18.750000 4.400000 2.000001
v -18.750000 4.650000 1.833334
v -18.750000 4.400000 1.833334
v -18.416666 4.400000 2.000001
v -18.416666 4.650000 2.000001
v -18.416666 4.650000 1.833334
v -18.416666 4.400000 1.833334
v -18.250000 4.650000 1.833334
v -18.250000 4.400000 1.833334
v -18.250000 4.650000 2.000001
v -18.916666 4.525000 1.958334
v -18.916666 4.608334 1.958334
v -18.916666 4.525000 1.875001
v -18.916666 4.608334 1.875001
v -18.583332 4.525000 1.875001
v -18.583332 4.608334 1.875001
v -18.583332 4.608334 1.958334
v -18.583332 4.525000 1.958334
v -18.750000 4.608334 1.958334
v -18.750000 4.525000 1.958334
v -18.750000 4.608334 1.875001
v -18.750000 4.525000 1.875001
v -18.416666 4.525000 1.958334
v -18.416666 4.608334 1.958334
v -18.416666 4.608334 1.875001
v -18.416666 4.525000 1.875001
v -18.250000 4.775000 1.750002
v -18.000000 4.775000 2.000002
v -18.062500 5.025000 1.937502
v -18.000000 4.400000 2.000001
v -18.250000 4.775000 2.000002
v -18.250000 4.400000 2.000001
v -18.250000 4.400000 1.750002
v -18.187500 5.025000 1.937502
v -18.187500 5.025000 1.812502
v -18.000000 4.000000 2.075001
v -17.924999 4.000000 2.075001
v -18.000000 4.000000 2.000001
v -17.924999 4.137500 2.075001
v -18.000000 4.137500 2.000001
v -18.000000 4.137500 2.075001
v -18.037500 4.137500 2.000001
v -18.037500 4.212500 2.000001
v -18.000000 4.212500 2.000001
v -18.018749 4.156250 2.150001
v -18.037500 4.137500 2.075001
v -18.018749 4.193750 2.150001
v -18.037500 4.212500 2.075001
v -17.924999 4.212500 2.075001
v -17.924999 4.137500 2.075001
v -17.850000 4.193750 2.150001
v -17.850000 4.156250 2.150001
v -18.000000 1.000000 2.075001
v -17.924999 1.000000 2.075001
v -17.924999 1.000000 2.000001
v -18.000000 0.900000 2.075001
v -17.924999 0.900000 2.075001
v -17.924999 0.900000 2.000001
v -18.000000 1.000000 2.000001
v -18.000000 0.900000 2.000001
v -18.000000 0.000000 2.075001
v -17.925001 0.000000 2.075001
v -17.925001 0.000000 2.000001
v -18.000000 0.000000 2.000001
v -18.000000 0.137500 2.075001
v -18.000000 0.862500 2.075001
v -17.924999 0.862500 2.075001
v -17.924999 0.787500 2.075001
v -17.924999 0.212500 2.075001
v -17.925001 0.137500 2.075001
v -17.925001 0.137500 2.000001
v -17.924999 0.212500 2.000001
v -17.924999 0.787500 2.000001
v -17.924999 0.862500 2.000001
v -18.000000 0.862500 2.000001
v -18.000000 0.787500 2.000001
v -18.000000 0.212500 2.000001
v -18.000000 0.137500 2.000001
v -18.000000 0.212500 2.075001
v -18.000000 0.787500 2.075001
v -17.850000 0.843750 2.150001
v -17.850000 0.806250 2.150001
v -17.850000 0.806250 2.000001
v -17.850000 0.843750 2.000001
v -18.000000 0.806250 2.150001
v -18.000000 0.843750 2.150001
v -17.850000 0.193750 2.150001
v -17.850000 0.156250 2.150001
v -17.850000 0.156250 2.000001
v -17.850000 0.193750 2.000001
v -18.000000 0.156250 2.150001
v -18.000000 0.193750 2.150001
v -18.000000 2.000000 2.075001
v -17.924999 2.000000 2.075001
v -17.924999 2.000000 2.000001
v -18.000000 1.900000 2.075001
v -17.924999 1.900000 2.075001
v -17.924999 1.900000 2.000001
v -18.000000 2.000000 2.000001
v -18.000000 1.900000 2.000001
v -18.000000 1.000000 2.075001
v -17.925001 1.000000 2.075001
v -17.925001 1.000000 2.000001
v -18.000000 1.000000 2.000001
v -18.000000 1.137500 2.075001
v -18.000000 1.862500 2.075001
v -17.924999 1.862500 2.075001
v -17.924999 1.787500 2.075001
v -17.924999 1.212500 2.075001
v -17.925001 1.137500 2.075001
v -17.925001 1.137500 2.000001
v -17.924999 1.212500 2.000001
v -17.924999 1.787500 2.000001
v -17.924999 1.862500 2.000001
v -18.000000 1.862500 2.000001
v -18.000000 1.787500 2.000001
v -18.000000 1.212500 2.000001
v -18.000000 1.137500 2.000001
v -18.000000 1.212500 2.075001
v -18.000000 1.787500 2.075001
v -17.850000 1.843750 2.150001
v -17.850000 1.806250 2.150001
v -17.850000 1.806250 2.000001
v -17.850000 1.843750 2.000001
v -18.000000 1.806250 2.150001
v -18.000000 1.843750 2.150001
v -17.850000 1.193750 2.150001
v -17.850000 1.156250 2.150001
v -17.850000 1.156250 2.000001
v -17.850000 1.193750 2.000001
v -18.000000 1.156250 2.150001
v -18.000000 1.193750 2.150001
v -18.000000 3.000000 2.075001
v -17.924999 3.000000 2.075001
v -17.924999 3.000000 2.000001
v -18.000000 2.900000 2.075001
v -17.924999 2.900000 2.075001
v -17.924999 2.900000 2.000001
v -18.000000 3.000000 2.000001
v -18.000000 2.900000 2.000001
v -18.000000 2.000000 2.075001
v -17.925001 2.000000 2.075001
v -17.925001 2.000000 2.000001
v -18.000000 2.000000 2.000001
v -18.000000 2.137500 2.075001
v -18.000000 2.862500 2.075001
v -17.924999 2.862500 2.075001
v -17.924999 2.787500 2.075001
v -17.924999 2.212500 2.075001
v -17.925001 2.137500 2.075001
v -17.925001 2.137500 2.000001
v -17.924999 2.212500 2.000001
v -17.924999 2.787500 2.000001
v -17.924999 2.862500 2.000001
v -18.000000 2.862500 2.000001
v -18.000000 2.787500 2.000001
v -18.000000 2.212500 2.000001
v -18.000000 2.137500 2.000001
v -18.000000 2.212500 2.075001
v -18.000000 2.787500 2.075001
v -17.850000 2.843750 2.150001
v -17.850000 2.806250 2.150001
v -17.850000 2.806250 2.000001
v -17.850000 2.843750 2.000001
v -18.000000 2.806250 2.150001
v -18.000000 2.843750 2.150001
v -17.850000 2.193750 2.150001
v -17.850000 2.156250 2.150001
v -17.850000 2.156250 2.000001
v -17.850000 2.193750 2.000001
v -18.000000 2.156250 2.150001
v -18.000000 2.193750 2.150001
v -18.000000 4.000000 2.075001
v -17.924999 4.000000 2.075001
v -17.924999 4.000000 2.000001
v -18.000000 3.900000 2.075001
v -17.924999 3.900000 2.075001
v -17.924999 3.900000 2.000001
v -18.000000 4.000000 2.000001
v -18.000000 3.900000 2.000001
v -18.000000 3.000000 2.075001
v -17.925001 3.000000 2.075001
v -17.925001 3.000000 2.000001
v -18.000000 3.000000 2.000001
v -18.000000 3.137500 2.075001
v -18.000000 3.862500 2.075001
v -17.924999 3.862500 2.075001
v -17.924999 3.787500 2.075001
v -17.924999 3.212500 2.075001
v -17.925001 3.137500 2.075001
v -17.925001 3.137500 2.000001
v -17.924999 3.212500 2.000001
v -17.924999 3.787500 2.000001
v -17.924999 3.862500 2.000001
v -18.000000 3.862500 2.000001
v -18.000000 3.787500 2.000001
v -18.000000 3.212500 2.000001
v -18.000000 3.137500 2.000001
v -18.000000 3.212500 2.075001
v -18.000000 3.787500 2.075001
v -17.850000 3.843750 2.150001
v -17.850000 3.806250 2.150001
v -17.850000 3.806250 2.000001
v -17.850000 3.843750 2.000001
v -18.000000 3.806250 2.150001
v -18.000000 3.843750 2.150001
v -17.850000 3.193750 2.150001
v -17.850000 3.156250 2.150001
v -17.850000 3.156250 2.000001
v -17.850000 3.193750 2.000001
v -18.000000 3.156250 2.150001
v -18.000000 3.193750 2.150001
v -21.000000 4.400000 1.500001
v -20.000000 4.400000 1.500001
v -21.000000 4.000000 2.000001
v -20.000000 4.000000 2.000001
v -21.000000 4.400000 2.000001
v -20.000000 4.400000 2.000001
v -20.962500 4.137500 2.000001
v -20.962500 4.212500 2.000001
v -20.962500 4.137500 2.075001
v -20.981251 4.156250 2.150001
v -20.962500 4.212500 2.075001
v -21.000000 4.137500 2.075001
v -21.000000 4.156250 2.150001
v -21.000000 4.193750 2.150001
v -21.000000 4.212500 2.075001
v -20.981251 4.193750 2.150001
v -21.000000 4.212500 2.000001
v -20.037500 4.137500 2.000001
v -20.037500 4.212500 2.000001
v -20.037500 4.137500 2.075001
v -20.018749 4.156250 2.150001
v -20.037500 4.212500 2.075001
v -20.000000 4.137500 2.075001
v -20.000000 4.156250 2.150001
v -20.000000 4.193750 2.150001
v -20.000000 4.212500 2.075001
v -20.018749 4.193750 2.150001
v -20.000000 4.212500 2.000001
v -20.704166 4.137500 2.000001
v -20.704166 4.212500 2.000001
v -20.704166 4.137500 2.075001
v -20.685417 4.156250 2.150001
v -20.704166 4.212500 2.075001
v -20.629166 4.137500 2.075001
v -20.647917 4.156250 2.150001
v -20.629166 4.212500 2.075001
v -20.629166 4.137500 2.000001
v -20.629166 4.212500 2.000001
v -20.647917 4.193750 2.150001
v -20.685417 4.193750 2.150001
v -20.370832 4.137500 2.000001
v -20.370832 4.212500 2.000001
v -20.370832 4.137500 2.075001
v -20.352083 4.156250 2.150001
v -20.370832 4.212500 2.075001
v -20.295834 4.137500 2.075001
v -20.314583 4.156250 2.150001
v -20.295834 4.212500 2.075001
v -20.295834 4.137500 2.000001
v -20.295834 4.212500 2.000001
v -20.314583 4.193750 2.150001
v -20.352083 4.193750 2.150001
v -21.000000 4.400000 2.000001
v -20.000000 4.400000 2.000001
v -20.083332 4.400000 2.000001
v -20.250000 4.400000 2.000001
v -20.416666 4.400000 2.000001
v -20.583332 4.400000 2.000001
v -20.750000 4.400000 2.000001
v -20.916666 4.400000 2.000001
v -21.000000 4.400000 1.833334
v -20.000000 4.400000 1.833334
v -20.083332 4.400000 1.833334
v -20.250000 4.400000 1.833334
v -20.416666 4.400000 1.833334
v -20.583332 4.400000 1.833334
v -20.750000 4.400000 1.833334
v -20.916666 4.400000 1.833334
v -20.958334 4.816666 1.958334
v -21.000000 4.816666 1.958334
v -21.000000 4.816666 1.875001
v -20.000000 4.816666 1.958334
v -20.041666 4.816666 1.958334
v -20.291666 4.816666 1.958334
v -20.375000 4.816666 1.958334
v -20.625000 4.816666 1.958334
v -20.708332 4.816666 1.958334
v -20.041666 4.816666 1.875001
v -20.291666 4.816666 1.875001
v -20.375000 4.816666 1.875001
v -20.625000 4.816666 1.875001
v -20.708332 4.816666 1.875001
v -20.958334 4.816666 1.875001
v -20.000000 4.816666 1.875001
v -20.916666 4.650000 2.000001
v -21.000000 4.650000 2.000001
v -21.000000 4.650000 1.833334
v -20.916666 4.650000 1.833334
v -20.583332 4.650000 1.833334
v -20.583332 4.650000 2.000001
v -20.750000 4.650000 2.000001
v -20.750000 4.650000 1.833334
v -20.416666 4.650000 2.000001
v -20.416666 4.650000 1.833334
v -20.250000 4.650000 1.833334
v -20.250000 4.650000 2.000001
v -20.000000 4.650000 1.833334
v -20.000000 4.650000 2.000001
v -20.083332 4.650000 2.000001
v -20.083332 4.650000 1.833334
v -20.916666 4.525000 1.958334
v -20.916666 4.608334 1.958334
v -20.916666 4.525000 1.875001
v -20.916666 4.608334 1.875001
v -20.583332 4.525000 1.875001
v -20.583332 4.608334 1.875001
v -20.583332 4.608334 1.958334
v -20.583332 4.525000 1.958334
v -20.750000 4.608334 1.958334
v -20.750000 4.525000 1.958334
v -20.750000 4.608334 1.875001
v -20.750000 4.525000 1.875001
v -20.416666 4.525000 1.958334
v -20.416666 4.608334 1.958334
v -20.416666 4.608334 1.875001
v -20.416666 4.525000 1.875001
v -20.250000 4.608334 1.875001
v -20.250000 4.525000 1.875001
v -20.250000 4.608334 1.958334
v -20.250000 4.525000 1.958334
v -20.083332 4.608334 1.958334
v -20.083332 4.525000 1.958334
v -20.083332 4.608334 1.875001
v -20.083332 4.525000 1.875001
v -20.000000 4.400000 1.500001
v -19.000000 4.400000 1.500001
v -20.000000 4.000000 2.000001
v -19.000000 4.000000 2.000001
v -20.000000 4.400000 2.000001
v -19.000000 4.400000 2.000001
v -19.962500 4.137500 2.000001
v -19.962500 4.212500 2.000001
v -19.962500 4.137500 2.075001
v -19.981251 4.156250 2.150001
v -19.962500 4.212500 2.075001
v -20.000000 4.137500 2.075001
v -20.000000 4.156250 2.150001
v -20.000000 4.193750 2.150001
v -20.000000 4.212500 2.075001
v -19.981251 4.193750 2.150001
v -20.000000 4.212500 2.000001
v -19.037500 4.137500 2.000001
v -19.037500 4.212500 2.000001
v -19.037500 4.137500 2.075001
v -19.018749 4.156250 2.150001
v -19.037500 4.212500 2.075001
v -19.000000 4.137500 2.075001
v -19.000000 4.156250 2.150001
v -19.000000 4.193750 2.150001
v -19.000000 4.212500 2.075001
v -19.018749 4.193750 2.150001
v -19.000000 4.212500 2.000001
v -19.704166 4.137500 2.000001
v -19.704166 4.212500 2.000001
v -19.704166 4.137500 2.075001
v -19.685417 4.156250 2.150001
v -19.704166 4.212500 2.075001
v -19.629166 4.137500 2.075001
v -19.647917 4.156250 2.150001
v -19.629166 4.212500 2.075001
v -19.629166 4.137500 2.000001
v -19.629166 4.212500 2.000001
v -19.647917 4.193750 2.150001
v -19.685417 4.193750 2.150001
v -19.370832 4.137500 2.000001
v -19.370832 4.212500 2.000001
v -19.370832 4.137500 2.075001
v -19.352083 4.156250 2.150001
v -19.370832 4.212500 2.075001
v -19.295834 4.137500 2.075001
v -19.314583 4.156250 2.150001
v -19.295834 4.212500 2.075001
v -19.295834 4.137500 2.000001
v -19.295834 4.212500 2.000001
v -19.314583 4.193750 2.150001
v -19.352083 4.193750 2.150001
v -20.000000 4.400000 2.000001
v -19.000000 4.400000 2.000001
v -19.083332 4.400000 2.000001
v -19.250000 4.400000 2.000001
v -19.416666 4.400000 2.000001
v -19.583332 4.400000 2.000001
v -19.750000 4.400000 2.000001
v -19.916666 4.400000 2.000001
v -20.000000 4.400000 1.833334
v -19.000000 4.400000 1.833334
v -19.083332 4.400000 1.833334
v -19.250000 4.400000 1.833334
v -19.416666 4.400000 1.833334
v -19.583332 4.400000 1.833334
v -19.750000 4.400000 1.833334
v -19.916666 4.400000 1.833334
v -19.958334 4.816666 1.958334
v -20.000000 4.816666 1.958334
v -20.000000 4.816666 1.875001
v -19.000000 4.816666 1.958334
v -19.041666 4.816666 1.958334
v -19.291666 4.816666 1.958334
v -19.375000 4.816666 1.958334
v -19.625000 4.816666 1.958334
v -19.708332 4.816666 1.958334
v -19.041666 4.816666 1.875001
v -19.291666 4.816666 1.875001
v -19.375000 4.816666 1.875001
v -19.625000 4.816666 1.875001
v -19.708332 4.816666 1.875001
v -19.958334 4.816666 1.875001
v -19.000000 4.816666 1.875001
v -19.916666 4.650000 2.000001
v -20.000000 4.650000 2.000001
v -20.000000 4.650000 1.833334
v -19.916666 4.650000 1.833334
v -19.583332 4.650000 1.833334
v -19.583332 4.650000 2.000001
v -19.750000 4.650000 2.000001
v -19.750000 4.650000 1.833334
v -19.416666 4.650000 2.000001
v -19.416666 4.650000 1.833334
v -19.250000 4.650000 1.833334
v -19.250000 4.650000 2.000001
v -19.000000 4.650000 1.833334
v -19.000000 4.650000 2.000001
v -19.083332 4.650000 2.000001
v -19.083332 4.650000 1.833334
v -19.916666 4.525000 1.958334
v -19.916666 4.608334 1.958334
v -19.916666 4.525000 1.875001
v -19.916666 4.608334 1.875001
v -19.583332 4.525000 1.875001
v -19.583332 4.608334 1.875001
v -19.583332 4.608334 1.958334
v -19.583332 4.525000 1.958334
v -19.750000 4.608334 1.958334
v -19.750000 4.525000 1.958334
v -19.750000 4.608334 1.875001
v -19.750000 4.525000 1.875001
v -19.416666 4.525000 1.958334
v -19.416666 4.608334 1.958334
v -19.416666 4.608334 1.875001
v -19.416666 4.525000 1.875001
v -19.250000 4.608334 1.875001
v -19.250000 4.525000 1.875001
v -19.250000 4.608334 1.958334
v -19.250000 4.525000 1.958334
v -19.083332 4.608334 1.958334
v -19.083332 4.525000 1.958334
v -19.083332 4.608334 1.875001
v -19.083332 4.525000 1.875001
v -19.000000 4.400000 -1.500000
v -20.000000 4.400000 -1.500000
v -19.000000 4.000000 -2.000000
v -20.000000 4.000000 -2.000000
v -19.000000 4.400000 -2.000000
v -20.000000 4.400000 -2.000000
v -19.037500 4.137500 -2.000000
v -19.037500 4.212500 -2.000000
v -19.037500 4.137500 -2.075000
v -19.018749 4.156250 -2.150000
v -19.037500 4.212500 -2.075000
v -19.000000 4.137500 -2.075000
v -19.000000 4.156250 -2.150000
v -19.000000 4.193750 -2.150000
v -19.000000 4.212500 -2.075000
v -19.018749 4.193750 -2.150000
v -19.000000 4.212500 -2.000000
v -19.962500 4.137500 -2.000000
v -19.962500 4.212500 -2.000000
v -19.962500 4.137500 -2.075000
v -19.981251 4.156250 -2.150000
v -19.962500 4.212500 -2.075000
v -20.000000 4.137500 -2.075000
v -20.000000 4.156250 -2.150000
v -20.000000 4.193750 -2.150000
v -20.000000 4.212500 -2.075000
v -19.981251 4.193750 -2.150000
v -20.000000 4.212500 -2.000000
v -19.295834 4.137500 -2.000000
v -19.295834 4.212500 -2.000000
v -19.295834 4.137500 -2.075000
v -19.314583 4.156250 -2.150000
v -19.295834 4.212500 -2.075000
v -19.370834 4.137500 -2.075000
v -19.352083 4.156250 -2.150000
v -19.370834 4.212500 -2.075000
v -19.370834 4.137500 -2.000000
v -19.370834 4.212500 -2.000000
v -19.352083 4.193750 -2.150000
v -19.314583 4.193750 -2.150000
v -19.629168 4.137500 -2.000000
v -19.629168 4.212500 -2.000000
v -19.629168 4.137500 -2.075000
v -19.647917 4.156250 -2.150000
v -19.629168 4.212500 -2.075000
v -19.704166 4.137500 -2.075000
v -19.685417 4.156250 -2.150000
v -19.704166 4.212500 -2.075000
v -19.704166 4.137500 -2.000000
v -19.704166 4.212500 -2.000000
v -19.685417 4.193750 -2.150000
v -19.647917 4.193750 -2.150000
v -19.000000 4.400000 -2.000000
v -20.000000 4.400000 -2.000000
v -19.916668 4.400000 -2.000000
v -19.750000 4.400000 -2.000000
v -19.583334 4.400000 -2.000000
v -19.416668 4.400000 -2.000000
v -19.250000 4.400000 -2.000000
v -19.083334 4.400000 -2.000000
v -19.000000 4.400000 -1.833333
v -20.000000 4.400000 -1.833333
v -19.916668 4.400000 -1.833333
v -19.750000 4.400000 -1.833333
v -19.583334 4.400000 -1.833333
v -19.416668 4.400000 -1.833333
v -19.250000 4.400000 -1.833333
v -19.083334 4.400000 -1.833333
v -19.041666 4.816666 -1.958333
v -19.000000 4.816666 -1.958333
v -19.000000 4.816666 -1.875000
v -20.000000 4.816666 -1.958333
v -19.958334 4.816666 -1.958333
v -19.708334 4.816666 -1.958333
v -19.625000 4.816666 -1.958333
v -19.375000 4.816666 -1.958333
v -19.291668 4.816666 -1.958333
v -19.958334 4.816666 -1.875000
v -19.708334 4.816666 -1.875000
v -19.625000 4.816666 -1.875000
v -19.375000 4.816666 -1.875000
v -19.291668 4.816666 -1.875000
v -19.041666 4.816666 -1.875000
v -20.000000 4.816666 -1.875000
v -19.083334 4.650000 -2.000000
v -19.000000 4.650000 -2.000000
v -19.000000 4.650000 -1.833333
v -19.083334 4.650000 -1.833333
v -19.416668 4.650000 -1.833333
v -19.416668 4.650000 -2.000000
v -19.250000 4.650000 -2.000000
v -19.250000 4.650000 -1.833333
v -19.583334 4.650000 -2.000000
v -19.583334 4.650000 -1.833333
v -19.750000 4.650000 -1.833333
v -19.750000 4.650000 -2.000000
v -20.000000 4.650000 -1.833333
v -20.000000 4.650000 -2.000000
v -19.916668 4.650000 -2.000000
v -19.916668 4.650000 -1.833333
v -19.083334 4.525000 -1.958333
v -19.083334 4.608334 -1.958333
v -19.083334 4.525000 -1.875000
v -19.083334 4.608334 -1.875000
v -19.416668 4.525000 -1.875000
v -19.416668 4.608334 -1.875000
v -19.416668 4.608334 -1.958333
v -19.416668 4.525000 -1.958333
v -19.250000 4.608334 -1.958333
v -19.250000 4.525000 -1.958333
v -19.250000 4.608334 -1.875000
v -19.250000 4.525000 -1.875000
v -19.583334 4.525000 -1.958333
v -19.583334 4.608334 -1.958333
v -19.583334 4.608334 -1.875000
v -19.583334 4.525000 -1.875000
v -19.750000 4.608334 -1.875000
v -19.750000 4.525000 -1.875000
v -19.750000 4.608334 -1.958333
v -19.750000 4.525000 -1.958333
v -19.916668 4.608334 -1.958333
v -19.916668 4.525000 -1.958333
v -19.916668 4.608334 -1.875000
v -19.916668 4.525000 -1.875000
v -20.000000 4.400000 -1.500000
v -21.000000 4.400000 -1.500000
v -20.000000 4.000000 -2.000000
v -21.000000 4.000000 -2.000000
v -20.000000 4.400000 -2.000000
v -21.000000 4.400000 -2.000000
v -20.037500 4.137500 -2.000000
v -20.037500 4.212500 -2.000000
v -20.037500 4.137500 -2.075000
v -20.018751 4.156250 -2.150000
v -20.037500 4.212500 -2.075000
v -20.000000 4.137500 -2.075000
v -20.000000 4.156250 -2.150000
v -20.000000 4.193750 -2.150000
v -20.000000 4.212500 -2.075000
v -20.018751 4.193750 -2.150000
v -20.000000 4.212500 -2.000000
v -20.962500 4.137500 -2.000000
v -20.962500 4.212500 -2.000000
v -20.962500 4.137500 -2.075000
v -20.981251 4.156250 -2.150000
v -20.962500 4.212500 -2.075000
v -21.000000 4.137500 -2.075000
v -21.000000 4.156250 -2.150000
v -21.000000 4.193750 -2.150000
v -21.000000 4.212500 -2.075000
v -20.981251 4.193750 -2.150000
v -21.000000 4.212500 -2.000000
v -20.295834 4.137500 -2.000000
v -20.295834 4.212500 -2.000000
v -20.295834 4.137500 -2.075000
v -20.314583 4.156250 -2.150000
v -20.295834 4.212500 -2.075000
v -20.370834 4.137500 -2.075000
v -20.352083 4.156250 -2.150000
v -20.370834 4.212500 -2.075000
v -20.370834 4.137500 -2.000000
v -20.370834 4.212500 -2.000000
v -20.352083 4.193750 -2.150000
v -20.314583 4.193750 -2.150000
v -20.629168 4.137500 -2.000000
v -20.629168 4.212500 -2.000000
v -20.629168 4.137500 -2.075000
v -20.647917 4.156250 -2.150000
v -20.629168 4.212500 -2.075000
v -20.704166 4.137500 -2.075000
v -20.685417 4.156250 -2.150000
v -20.704166 4.212500 -2.075000
v -20.704166 4.137500 -2.000000
v -20.704166 4.212500 -2.000000
v -20.685417 4.193750 -2.150000
v -20.647917 4.193750 -2.150000
v -20.000000 4.400000 -2.000000
v -21.000000 4.400000 -2.000000
v -20.916668 4.400000 -2.000000
v -20.750000 4.400000 -2.000000
v -20.583334 4.400000 -2.000000
v -20.416668 4.400000 -2.000000
v -20.250000 4.400000 -2.000000
v -20.083334 4.400000 -2.000000
v -20.000000 4.400000 -1.833333
v -21.000000 4.400000 -1.833333
v -20.916668 4.400000 -1.833333
v -20.750000 4.400000 -1.833333
v -20.583334 4.400000 -1.833333
v -20.416668 4.400000 -1.833333
v -20.250000 4.400000 -1.833333
v -20.083334 4.400000 -1.833333
v -20.041666 4.816666 -1.958333
v -20.000000 4.816666 -1.958333
v -20.000000 4.816666 -1.875000
v -21.000000 4.816666 -1.958333
v -20.958334 4.816666 -1.958333
v -20.708334 4.816666 -1.958333
v -20.625000 4.816666 -1.958333
v -20.375000 4.816666 -1.958333
v -20.291668 4.816666 -1.958333
v -20.958334 4.816666 -1.875000
v -20.708334 4.816666 -1.875000
v -20.625000 4.816666 -1.875000
v -20.375000 4.816666 -1.875000
v -20.291668 4.816666 -1.875000
v -20.041666 4.816666 -1.875000
v -21.000000 4.816666 -1.875000
v -20.083334 4.650000 -2.000000
v -20.000000 4.650000 -2.000000
v -20.000000 4.650000 -1.833333
v -20.083334 4.650000 -1.833333
v -20.416668 4.650000 -1.833333
v -20.416668 4.650000 -2.000000
v -20.250000 4.650000 -2.000000
v -20.250000 4.650000 -1.833333
v -20.583334 4.650000 -2.000000
v -20.583334 4.650000 -1.833333
v -20.750000 4.650000 -1.833333
v -20.750000 4.650000 -2.000000
v -21.000000 4.650000 -1.833333
v -21.000000 4.650000 -2.000000
v -20.916668 4.650000 -2.000000
v -20.916668 4.650000 -1.833333
v -20.083334 4.525000 -1.958333
v -20.083334 4.608334 -1.958333
v -20.083334 4.525000 -1.875000
v -20.083334 4.608334 -1.875000
v -20.416668 4.525000 -1.875000
v -20.416668 4.608334 -1.875000
v -20.416668 4.608334 -1.958333
v -20.416668 4.525000 -1.958333
v -20.250000 4.608334 -1.958333
v -20.250000 4.525000 -1.958333
v -20.250000 4.608334 -1.875000
v -20.250000 4.525000 -1.875000
v -20.583334 4.525000 -1.958333
v -20.583334 4.608334 -1.958333
v -20.583334 4.608334 -1.875000
v -20.583334 4.525000 -1.875000
v -20.750000 4.608334 -1.875000
v -20.750000 4.525000 -1.875000
v -20.750000 4.608334 -1.958333
v -20.750000 4.525000 -1.958333
v -20.916668 4.608334 -1.958333
v -20.916668 4.525000 -1.958333
v -20.916668 4.608334 -1.875000
v -20.916668 4.525000 -1.875000
v -21.000000 4.400000 -1.500000
v -21.000000 4.000000 -2.000000
v -21.037500 4.137500 -2.000000
v -21.037500 4.212500 -2.000000
v -21.037500 4.137500 -2.075000
v -21.018749 4.156250 -2.150000
v -21.037500 4.212500 -2.075000
v -21.000000 4.137500 -2.075000
v -21.000000 4.156250 -2.150000
v -21.000000 4.193750 -2.150000
v -21.000000 4.212500 -2.075000
v -21.018749 4.193750 -2.150000
v -21.000000 4.212500 -2.000000
v -21.295834 4.137500 -2.000000
v -21.295834 4.212500 -2.000000
v -21.295834 4.137500 -2.075000
v -21.314583 4.156250 -2.150000
v -21.295834 4.212500 -2.075000
v -21.370834 4.137500 -2.075000
v -21.352083 4.156250 -2.150000
v -21.370834 4.212500 -2.075000
v -21.370834 4.137500 -2.000000
v -21.370834 4.212500 -2.000000
v -21.352083 4.193750 -2.150000
v -21.314583 4.193750 -2.150000
v -21.629168 4.137500 -2.000000
v -21.629168 4.212500 -2.000000
v -21.629168 4.137500 -2.075000
v -21.647917 4.156250 -2.150000
v -21.629168 4.212500 -2.075000
v -21.704166 4.137500 -2.075000
v -21.685417 4.156250 -2.150000
v -21.704166 4.212500 -2.075000
v -21.704166 4.137500 -2.000000
v -21.704166 4.212500 -2.000000
v -21.685417 4.193750 -2.150000
v -21.647917 4.193750 -2.150000
v -21.500000 4.400000 -1.500000
v -21.041666 4.816666 -1.958333
v -21.000000 4.816666 -1.958333
v -21.000000 4.816666 -1.875000
v -21.708334 4.816666 -1.958333
v -21.625000 4.816666 -1.958333
v -21.375000 4.816666 -1.958333
v -21.291668 4.816666 -1.958333
v -21.708334 4.816666 -1.875000
v -21.625000 4.816666 -1.875000
v -21.375000 4.816666 -1.875000
v -21.291668 4.816666 -1.875000
v -21.041666 4.816666 -1.875000
v -21.083334 4.400000 -2.000000
v -21.083334 4.650000 -2.000000
v -21.000000 4.650000 -2.000000
v -21.000000 4.400000 -2.000000
v -21.000000 4.650000 -1.833333
v -21.000000 4.400000 -1.833333
v -21.083334 4.400000 -1.833333
v -21.083334 4.650000 -1.833333
v -21.416668 4.400000 -1.833333
v -21.416668 4.650000 -1.833333
v -21.416668 4.650000 -2.000000
v -21.416668 4.400000 -2.000000
v -21.250000 4.650000 -2.000000
v -21.250000 4.400000 -2.000000
v -21.250000 4.650000 -1.833333
v -21.250000 4.400000 -1.833333
v -21.583334 4.400000 -2.000000
v -21.583334 4.650000 -2.000000
v -21.583334 4.650000 -1.833333
v -21.583334 4.400000 -1.833333
v -21.750000 4.650000 -1.833333
v -21.750000 4.400000 -1.833333
v -21.750000 4.650000 -2.000000
v -21.083334 4.525000 -1.958333
v -21.083334 4.608334 -1.958333
v -21.083334 4.525000 -1.875000
v -21.083334 4.608334 -1.875000
v -21.416668 4.525000 -1.875000
v -21.416668 4.608334 -1.875000
v -21.416668 4.608334 -1.958333
v -21.416668 4.525000 -1.958333
v -21.250000 4.608334 -1.958333
v -21.250000 4.525000 -1.958333
v -21.250000 4.608334 -1.875000
v -21.250000 4.525000 -1.875000
v -21.583334 4.525000 -1.958333
v -21.583334 4.608334 -1.958333
v -21.583334 4.608334 -1.875000
v -21.583334 4.525000 -1.875000
v -21.750000 4.775000 -1.750001
v -22.000000 4.775000 -2.000000
v -21.937500 5.025000 -1.937501
v -22.000000 4.400000 -2.000000
v -21.750000 4.775000 -2.000000
v -21.750000 4.400000 -2.000000
v -21.750000 4.400000 -1.750001
v -21.812500 5.025000 -1.937501
v -21.812500 5.025000 -1.812501
v -22.000000 4.000000 -2.075000
v -22.075001 4.000000 -2.075000
v -22.000000 4.000000 -2.000000
v -22.075001 4.137500 -2.075000
v -22.000000 4.137500 -2.000000
v -22.000000 4.137500 -2.075000
v -21.962500 4.137500 -2.000000
v -21.962500 4.212500 -2.000000
v -22.000000 4.212500 -2.000000
v -21.981251 4.156250 -2.150000
v -21.962500 4.137500 -2.075000
v -21.981251 4.193750 -2.150000
v -21.962500 4.212500 -2.075000
v -22.075001 4.212500 -2.075000
v -22.075001 4.137500 -2.075000
v -22.150000 4.193750 -2.150000
v -22.150000 4.156250 -2.150000
v -19.000000 4.400000 -1.500000
v -19.000000 4.000000 -2.000000
v -18.000000 4.000000 -2.000000
v -18.962500 4.137500 -2.000000
v -18.962500 4.212500 -2.000000
v -18.962500 4.137500 -2.075000
v -18.981251 4.156250 -2.150000
v -18.962500 4.212500 -2.075000
v -19.000000 4.137500 -2.075000
v -19.000000 4.156250 -2.150000
v -19.000000 4.193750 -2.150000
v -19.000000 4.212500 -2.075000
v -18.981251 4.193750 -2.150000
v -19.000000 4.212500 -2.000000
v -18.704166 4.137500 -2.000000
v -18.704166 4.212500 -2.000000
v -18.704166 4.137500 -2.075000
v -18.685417 4.156250 -2.150000
v -18.704166 4.212500 -2.075000
v -18.629166 4.137500 -2.075000
v -18.647917 4.156250 -2.150000
v -18.629166 4.212500 -2.075000
v -18.629166 4.137500 -2.000000
v -18.629166 4.212500 -2.000000
v -18.647917 4.193750 -2.150000
v -18.685417 4.193750 -2.150000
v -18.370832 4.137500 -2.000000
v -18.370832 4.212500 -2.000000
v -18.370832 4.137500 -2.075000
v -18.352083 4.156250 -2.150000
v -18.370832 4.212500 -2.075000
v -18.295834 4.137500 -2.075000
v -18.314583 4.156250 -2.150000
v -18.295834 4.212500 -2.075000
v -18.295834 4.137500 -2.000000
v -18.295834 4.212500 -2.000000
v -18.314583 4.193750 -2.150000
v -18.352083 4.193750 -2.150000
v -18.500000 4.400000 -1.500000
v -18.958334 4.816666 -1.958333
v -19.000000 4.816666 -1.958333
v -19.000000 4.816666 -1.875000
v -18.291666 4.816666 -1.958333
v -18.375000 4.816666 -1.958333
v -18.625000 4.816666 -1.958333
v -18.708332 4.816666 -1.958333
v -18.291666 4.816666 -1.875000
v -18.375000 4.816666 -1.875000
v -18.625000 4.816666 -1.875000
v -18.708332 4.816666 -1.875000
v -18.958334 4.816666 -1.875000
v -18.916666 4.400000 -2.000000
v -18.916666 4.650000 -2.000000
v -19.000000 4.650000 -2.000000
v -19.000000 4.400000 -2.000000
v -19.000000 4.650000 -1.833333
v -19.000000 4.400000 -1.833333
v -18.916666 4.400000 -1.833333
v -18.916666 4.650000 -1.833333
v -18.583332 4.400000 -1.833333
v -18.583332 4.650000 -1.833333
v -18.583332 4.650000 -2.000000
v -18.583332 4.400000 -2.000000
v -18.750000 4.650000 -2.000000
v -18.750000 4.400000 -2.000000
v -18.750000 4.650000 -1.833333
v -18.750000 4.400000 -1.833333
v -18.416666 4.400000 -2.000000
v -18.416666 4.650000 -2.000000
v -18.416666 4.650000 -1.833333
v -18.416666 4.400000 -1.833333
v -18.250000 4.650000 -1.833333
v -18.250000 4.400000 -1.833333
v -18.250000 4.650000 -2.000000
v -18.916666 4.525000 -1.958333
v -18.916666 4.608334 -1.958333
v -18.916666 4.525000 -1.875000
v -18.916666 4.608334 -1.875000
v -18.583332 4.525000 -1.875000
v -18.583332 4.608334 -1.875000
v -18.583332 4.608334 -1.958333
v -18.583332 4.525000 -1.958333
v -18.750000 4.608334 -1.958333
v -18.750000 4.525000 -1.958333
v -18.750000 4.608334 -1.875000
v -18.750000 4.525000 -1.875000
v -18.416666 4.525000 -1.958333
v -18.416666 4.608334 -1.958333
v -18.416666 4.608334 -1.875000
v -18.416666 4.525000 -1.875000
v -18.250000 4.775000 -2.000000
v -18.187500 5.025000 -1.937500
v -18.250000 4.400000 -2.000000
v -18.250000 4.775000 -1.750000
v -18.000000 4.775000 -2.000000
v -18.062500 5.025000 -1.937500
v -18.000000 4.400000 -2.000000
v -18.250000 4.400000 -1.750000
v -18.187500 5.025000 -1.812500
v -17.924999 4.000000 -2.075000
v -18.000000 4.000000 -2.075000
v -17.924999 4.137500 -2.075000
v -18.000000 4.137500 -2.075000
v -18.000000 4.137500 -2.000000
v -18.037500 4.137500 -2.000000
v -18.037500 4.212500 -2.000000
v -18.018749 4.156250 -2.150000
v -18.037500 4.137500 -2.075000
v -18.018749 4.193750 -2.150000
v -18.037500 4.212500 -2.075000
v -17.924999 4.212500 -2.075000
v -17.924999 4.137500 -2.075000
v -17.850000 4.193750 -2.150000
v -17.850000 4.156250 -2.150000
v -18.000000 4.212500 -2.000000
vn -0.0000 1.0000 -0.0000
vn -0.0000 -0.0000 -1.0000
vn 1.0000 -0.0000 -0.0000
vn -0.0000 -0.0000 1.0000
vn -1.0000 -0.0000 -0.0000
vn 0.2425 -0.9701 -0.0000
vn -0.0000 -0.9701 -0.2425
vn -0.0000 0.9701 -0.2425
vn 0.2425 0.9701 -0.0000
vn 0.2425 -0.0000 -0.9701
vn 0.2425 -0.0000 0.9701
vn 0.9701 0.2425 -0.0000
vn -0.0000 0.2425 -0.9701
vn -0.0000 0.2425 0.9701
vn -0.9701 0.2425 -0.0000
vn 0.7071 0.7071 -0.0000
vn 0.7071 -0.7071 -0.0000
vn -0.2425 -0.9701 -0.0000
vn -0.0000 -0.9701 0.2425
vn -0.0000 0.9701 0.2425
vn -0.2425 0.9701 -0.0000
vn -0.2425 -0.0000 0.9701
vn -0.2425 -0.0000 -0.9701
vn -0.9701 -0.0000 0.2425
vn 0.9701 -0.0000 0.2425
vn -0.0000 0.7071 0.7071
vn -0.0000 -0.7071 0.7071
vn -0.0000 -1.0000 -0.0000
vn -0.9701 -0.0000 -0.2425
vn 0.9701 -0.0000 -0.2425
vt 0.000000 0.000000
vt 1.000000 0.000000
vt 1.000000 0.000000
vt 1.000000 0.000000
vt 1.000000 0.000000
vt 0.000000 0.500000
vt 1.000000 0.500000
vt 1.000000 1.000000
vt 0.000000 1.000000
vt 0.000000 0.250000
vt 1.000000 0.250000
vt 0.375000 0.500000
vt 0.625000 0.500000
vt 0.625000 0.703125
vt 0.375000 0.703125
vt 0.375000 0.875000
vt 0.437500 0.812500
vt 0.437500 0.875000
vt 0.562500 0.812500
vt 0.562500 0.875000
vt 0.625000 0.875000
vt 0.750000 0.500000
vt 0.750000 0.687500
vt 0.375000 0.062500
vt 0.625000 0.062500
vt 0.625000 0.250000
vt 0.375000 0.250000
vt 0.125000 0.687500
vt 0.250000 0.687500
vt 0.250000 0.750000
vt 0.187500 0.750000
vt 0.437500 0.000000
vt 0.562500 0.000000
vt 0.562500 0.937500
vt 0.437500 0.937500
vt 0.875000 0.687500
vt 0.812500 0.750000
vt 0.750000 0.750000
vt 0.875000 0.500000
vt 0.625000 1.000000
vt 0.375000 1.000000
vt 0.437500 0.812500
vt 0.166667 0.250000
vt 0.333333 0.250000
vt 0.333333 0.375000
vt 0.333333 0.375000
vt 0.500000 0.375000
vt 0.500000 0.250000
vt 0.500000 0.375000
vt 0.166667 0.375000
vt 0.666667 0.250000
vt 0.666667 0.375000
vt 1.000000 0.375000
vt 0.833333 0.375000
vt 0.833333 0.250000
vt 0.083333 0.250000
vt 0.083333 0.375000
vt 0.000000 0.375000
vt 0.166667 0.375000
vt 0.666667 0.375000
vt 0.833333 0.250000
vt 0.833333 0.375000
vt 0.666667 0.250000
vt 0.083333 0.375000
vt 0.083333 0.375000
vt 0.083333 0.250000
vt 0.333333 0.375000
vt 0.333333 0.250000
vt 0.166667 0.444444
vt 0.166667 0.555555
vt 0.083333 0.555555
vt 0.083333 0.444444
vt 0.500000 0.444444
vt 0.500000 0.555555
vt 0.333333 0.555555
vt 0.333333 0.444444
vt 0.833333 0.444444
vt 0.833333 0.555556
vt 0.666667 0.555556
vt 0.666667 0.444444
vt 0.933334 0.444444
vt 0.833333 0.580247
vt 0.616667 0.555556
vt 0.666667 0.419753
vt 0.550000 0.444444
vt 0.500000 0.580247
vt 0.283333 0.555555
vt 0.333333 0.419753
vt 0.216667 0.444444
vt 0.166667 0.580247
vt 0.033333 0.555555
vt 0.083333 0.419753
vt 0.500000 0.425926
vt 0.166667 0.425926
vt 0.833333 0.425926
vt 0.083333 0.574074
vt 0.333333 0.574074
vt 0.666667 0.574074
vt 0.666667 0.666667
vt 0.833333 0.666667
vt 1.000000 0.444444
vt 1.000000 0.555556
vt 0.933334 0.555556
vt 0.666667 0.333333
vt 0.833333 0.333333
vt 0.500000 0.666667
vt 0.550000 0.555555
vt 0.616667 0.444444
vt 0.500000 0.333333
vt 0.333333 0.666667
vt 0.333333 0.333333
vt 0.166667 0.666667
vt 0.216667 0.555555
vt 0.283333 0.444444
vt 0.166667 0.333333
vt 0.083333 0.666667
vt 0.083333 0.333333
vt 0.033333 0.444444
vt 0.000000 0.555555
vt 0.000000 0.444444
vt 0.168981 0.375000
vt 0.666667 0.666667
vt 1.000000 0.666667
vt 0.666667 1.000000
vt 0.666667 0.000000
vt 1.000000 0.333333
vt 0.666667 0.333333
vt 0.000000 0.333333
vt 0.000000 0.666667
vt 0.333333 0.000000
vt 0.333333 1.000000
s 0
usemtl 
f 28/2/2 27/2/2 30/2/2 31/2/2
f 27/2/3 26/2/3 29/2/3 30/2/3
f 29/2/4 26/2/4 32/2/4 33/2/4
f 28/2/5 31/2/5 33/2/5 32/2/5
f 32/1/1 26/2/1 27/2/1 28/2/1
f 44/3/2 43/2/2 35/2/2 36/2/2
f 38/3/4 51/2/4 37/2/4 34/2/4
f 43/2/3 38/3/3 34/2/3 35/2/3
f 51/2/5 44/3/5 36/2/5 37/2/5
f 33/2/5 31/2/5 47/2/5 48/2/5
f 49/2/5 46/4/5 45/5/5 50/2/5
f 30/2/3 29/2/3 39/2/3 40/4/3
f 55/2/6 58/2/6 53/2/6 41/2/6
f 41/2/3 53/2/3 52/5/3 42/2/3
f 61/2/6 64/5/6 38/3/6 43/2/6
f 29/2/4 33/2/4 48/2/4 39/2/4
f 53/2/4 49/2/4 50/2/4 52/5/4
f 31/2/2 30/2/2 40/4/2 47/2/2
f 56/2/7 55/2/7 41/2/7 46/4/7
f 46/4/2 41/2/2 42/2/2 45/5/2
f 62/5/7 61/2/7 43/2/7 44/3/7
f 47/2/8 40/4/8 54/5/8 57/2/8
f 57/2/2 54/5/2 55/2/2 56/2/2
f 40/4/9 39/2/9 59/3/9 54/5/9
f 54/5/3 59/3/3 58/2/3 55/2/3
f 45/5/8 42/2/8 60/2/8 63/5/8
f 63/5/2 60/2/2 61/2/2 62/5/2
f 42/2/9 52/5/9 65/5/9 60/2/9
f 60/2/3 65/5/3 64/5/3 61/2/3
f 68/2/2 67/2/2 70/2/2 71/2/2
f 67/2/3 66/2/3 69/2/3 70/2/3
f 69/2/4 66/2/4 72/2/4 73/2/4
f 68/2/5 71/2/5 73/2/5 72/2/5
f 72/1/1 66/2/1 67/2/1 68/2/1
f 84/3/2 83/2/2 75/2/2 76/2/2
f 78/3/4 91/2/4 77/2/4 74/2/4
f 83/2/3 78/3/3 74/2/3 75/2/3
f 91/2/5 84/3/5 76/2/5 77/2/5
f 73/2/5 71/2/5 87/2/5 88/2/5
f 89/2/5 86/4/5 85/5/5 90/2/5
f 70/2/3 69/2/3 79/2/3 80/4/3
f 95/2/6 98/2/6 93/2/6 81/2/6
f 81/2/3 93/2/3 92/5/3 82/2/3
f 101/2/6 104/5/6 78/3/6 83/2/6
f 69/2/4 73/2/4 88/2/4 79/2/4
f 93/2/4 89/2/4 90/2/4 92/5/4
f 71/2/2 70/2/2 80/4/2 87/2/2
f 96/2/7 95/2/7 81/2/7 86/4/7
f 86/4/2 81/2/2 82/2/2 85/5/2
f 102/5/7 101/2/7 83/2/7 84/3/7
f 87/2/8 80/4/8 94/5/8 97/2/8
f 97/2/2 94/5/2 95/2/2 96/2/2
f 80/4/9 79/2/9 99/3/9 94/5/9
f 94/5/3 99/3/3 98/2/3 95/2/3
f 85/5/8 82/2/8 100/2/8 103/5/8
f 103/5/2 100/2/2 101/2/2 102/5/2
f 82/2/9 92/5/9 105/5/9 100/2/9
f 100/2/3 105/5/3 104/5/3 101/2/3
f 108/2/2 107/2/2 110/2/2 111/2/2
f 107/2/3 106/2/3 109/2/3 110/2/3
f 109/2/4 106/2/4 112/2/4 113/2/4
f 108/2/5 111/2/5 113/2/5 112/2/5
f 112/1/1 106/2/1 107/2/1 108/2/1
f 124/3/2 123/2/2 115/2/2 116/2/2
f 118/3/4 131/2/4 117/2/4 114/2/4
f 123/2/3 118/3/3 114/2/3 115/2/3
f 131/2/5 124/3/5 116/2/5 117/2/5
f 113/2/5 111/2/5 127/2/5 128/2/5
f 129/2/5 126/4/5 125/5/5 130/2/5
f 110/2/3 109/2/3 119/2/3 120/4/3
f 135/2/6 138/2/6 133/2/6 121/2/6
f 121/2/3 133/2/3 132/5/3 122/2/3
f 141/2/6 144/5/6 118/3/6 123/2/6
f 109/2/4 113/2/4 128/2/4 119/2/4
f 133/2/4 129/2/4 130/2/4 132/5/4
f 111/2/2 110/2/2 120/4/2 127/2/2
f 136/2/7 135/2/7 121/2/7 126/4/7
f 126/4/2 121/2/2 122/2/2 125/5/2
f 142/5/7 141/2/7 123/2/7 124/3/7
f 127/2/8 120/4/8 134/5/8 137/2/8
f 137/2/2 134/5/2 135/2/2 136/2/2
f 120/4/9 119/2/9 139/3/9 134/5/9
f 134/5/3 139/3/3 138/2/3 135/2/3
f 125/5/8 122/2/8 140/2/8 143/5/8
f 143/5/2 140/2/2 141/2/2 142/5/2
f 122/2/9 132/5/9 145/5/9 140/2/9
f 140/2/3 145/5/3 144/5/3 141/2/3
f 148/2/2 147/2/2 150/2/2 151/2/2
f 147/2/3 146/2/3 149/2/3 150/2/3
f 149/2/4 146/2/4 152/2/4 153/2/4
f 148/2/5 151/2/5 153/2/5 152/2/5
f 152/1/1 146/2/1 147/2/1 148/2/1
f 164/3/2 163/2/2 155/2/2 156/2/2
f 158/3/4 171/2/4 157/2/4 154/2/4
f 163/2/3 158/3/3 154/2/3 155/2/3
f 171/2/5 164/3/5 156/2/5 157/2/5
f 153/2/5 151/2/5 167/2/5 168/2/5
f 169/2/5 166/4/5 165/5/5 170/2/5
f 150/2/3 149/2/3 159/2/3 160/4/3
f 175/2/6 178/2/6 173/2/6 161/2/6
f 161/2/3 173/2/3 172/5/3 162/2/3
f 181/2/6 184/5/6 158/3/6 163/2/6
f 149/2/4 153/2/4 168/2/4 159/2/4
f 173/2/4 169/2/4 170/2/4 172/5/4
f 151/2/2 150/2/2 160/4/2 167/2/2
f 176/2/7 175/2/7 161/2/7 166/4/7
f 166/4/2 161/2/2 162/2/2 165/5/2
f 182/5/7 181/2/7 163/2/7 164/3/7
f 167/2/8 160/4/8 174/5/8 177/2/8
f 177/2/2 174/5/2 175/2/2 176/2/2
f 160/4/9 159/2/9 179/3/9 174/5/9
f 174/5/3 179/3/3 178/2/3 175/2/3
f 165/5/8 162/2/8 180/2/8 183/5/8
f 183/5/2 180/2/2 181/2/2 182/5/2
f 162/2/9 172/5/9 185/5/9 180/2/9
f 180/2/3 185/5/3 184/5/3 181/2/3
f 188/6/3 189/7/3 187/8/3 186/9/3
f 191/1/3 192/2/3 193/7/3 190/6/3
f 189/7/1 188/6/1 190/6/1 193/7/1
f 196/6/3 197/7/3 195/8/3 194/9/3
f 199/1/3 200/2/3 201/7/3 198/6/3
f 197/7/1 196/6/1 198/6/1 201/7/1
f 204/6/3 205/7/3 203/8/3 202/9/3
f 207/1/3 208/2/3 209/7/3 206/6/3
f 205/7/1 204/6/1 206/6/1 209/7/1
f 212/6/3 213/7/3 211/8/3 210/9/3
f 215/1/3 216/2/3 217/7/3 214/6/3
f 213/7/1 212/6/1 214/6/1 217/7/1
f 219/1/1 218/1/1 222/10/1 223/11/1
f 224/12/2 225/13/2 228/14/2 226/15/2
f 229/16/6 226/15/6 227/17/6 230/18/6
f 233/19/10 227/17/10 226/15/10 228/14/10
f 227/17/3 233/19/3 231/20/3 230/18/3
f 228/14/9 232/21/9 231/20/9 233/19/9
f 225/13/1 234/22/1 232/23/1 228/14/1
f 237/24/4 239/25/4 236/26/4 235/27/4
f 237/28/6 240/29/6 241/30/6 238/31/6
f 238/32/11 244/33/11 239/25/11 237/24/11
f 241/18/3 242/20/3 244/34/3 238/35/3
f 243/23/9 239/36/9 244/37/9 242/38/9
f 245/22/1 236/39/1 239/36/1 243/23/1
f 248/24/4 250/25/4 247/26/4 246/27/4
f 249/35/11 257/34/11 250/40/11 248/41/11
f 248/41/6 251/15/6 252/42/6 249/35/6
f 256/19/10 252/42/10 251/15/10 253/14/10
f 254/12/2 255/13/2 253/14/2 251/15/2
f 255/13/1 247/39/1 250/36/1 253/14/1
f 253/14/9 250/40/9 257/34/9 256/19/9
f 252/42/3 256/19/3 257/34/3 249/35/3
f 260/24/4 262/25/4 259/26/4 258/27/4
f 261/35/11 269/34/11 262/40/11 260/41/11
f 260/41/6 263/15/6 264/42/6 261/35/6
f 268/19/10 264/42/10 263/15/10 265/14/10
f 266/12/2 267/13/2 265/14/2 263/15/2
f 267/13/1 259/39/1 262/36/1 265/14/1
f 265/14/9 262/40/9 269/34/9 268/19/9
f 264/42/3 268/19/3 269/34/3 261/35/3
f 223/11/3 222/10/3 220/1/3 221/2/3
f 308/43/12 307/44/12 293/44/12 294/43/12
f 307/44/13 306/45/13 298/46/13 293/44/13
f 311/47/14 310/48/14 292/48/14 297/49/14
f 293/44/1 298/46/1 299/50/1 294/43/1
f 291/51/1 296/52/1 297/49/1 292/48/1
f 289/11/1 301/53/1 295/54/1 290/55/1
f 286/56/1 300/57/1 288/58/1 287/10/1
f 309/59/14 308/43/14 294/43/14 299/50/14
f 306/45/15 309/59/15 299/50/15 298/46/15
f 303/10/12 302/56/12 286/56/12 287/10/12
f 312/60/15 311/47/15 297/49/15 296/52/15
f 316/61/12 315/11/12 289/11/12 290/55/12
f 317/62/14 316/61/14 290/55/14 295/54/14
f 314/53/15 317/62/15 295/54/15 301/53/15
f 313/63/13 312/60/13 296/52/13 291/51/13
f 302/56/13 305/64/13 300/57/13 286/56/13
f 305/64/15 304/58/15 288/58/15 300/57/15
f 310/48/12 313/63/12 291/51/12 292/48/12
f 285/65/5 278/58/5 304/58/5 305/64/5
f 270/10/3 277/66/3 302/56/3 303/10/3
f 283/67/5 284/59/5 309/59/5 306/45/5
f 276/43/3 275/68/3 307/44/3 308/43/3
f 274/48/3 273/63/3 313/63/3 310/48/3
f 281/60/5 282/47/5 311/47/5 312/60/5
f 279/53/5 280/54/5 317/62/5 314/53/5
f 272/55/3 271/11/3 315/11/3 316/61/3
f 316/61/4 317/62/4 340/62/4 338/61/4
f 281/60/2 312/60/2 334/60/2 335/60/2
f 309/59/4 284/59/4 329/59/4 328/59/4
f 272/55/4 316/61/4 338/61/4 339/55/4
f 282/47/4 274/48/4 330/48/4 333/47/4
f 285/65/2 305/64/2 321/64/2 320/65/2
f 313/63/2 273/63/2 337/63/2 336/63/2
f 283/67/2 306/45/2 323/45/2 322/67/2
f 310/48/4 311/47/4 332/47/4 331/48/4
f 302/56/2 277/66/2 318/66/2 319/56/2
f 317/62/4 280/54/4 341/54/4 340/62/4
f 274/48/4 310/48/4 331/48/4 330/48/4
f 284/59/4 276/43/4 327/43/4 329/59/4
f 307/44/2 275/68/2 325/68/2 324/44/2
f 277/66/2 285/65/2 320/65/2 318/66/2
f 308/43/4 309/59/4 328/59/4 326/43/4
f 273/63/2 281/60/2 335/60/2 337/63/2
f 311/47/4 282/47/4 333/47/4 332/47/4
f 305/64/2 302/56/2 319/56/2 321/64/2
f 275/68/2 283/67/2 322/67/2 325/68/2
f 312/60/2 313/63/2 336/63/2 334/60/2
f 280/54/4 272/55/4 339/55/4 341/54/4
f 276/43/4 308/43/4 326/43/4 327/43/4
f 306/45/2 307/44/2 324/44/2 323/45/2
f 321/64/1 319/56/1 326/43/1 328/59/1
f 318/66/3 327/43/3 326/43/3 319/56/3
f 320/65/5 321/64/5 328/59/5 329/59/5
f 322/67/5 323/45/5 332/47/5 333/47/5
f 323/45/1 324/44/1 331/48/1 332/47/1
f 324/44/3 325/68/3 330/48/3 331/48/3
f 337/63/3 339/55/3 338/61/3 336/63/3
f 334/60/1 336/63/1 338/61/1 340/62/1
f 335/60/5 334/60/5 340/62/5 341/54/5
f 343/1/1 342/1/1 346/10/1 347/11/1
f 348/12/2 349/13/2 352/14/2 350/15/2
f 353/16/6 350/15/6 351/17/6 354/18/6
f 357/19/10 351/17/10 350/15/10 352/14/10
f 351/17/3 357/19/3 355/20/3 354/18/3
f 352/14/9 356/21/9 355/20/9 357/19/9
f 349/13/1 358/22/1 356/23/1 352/14/1
f 361/24/4 363/25/4 360/26/4 359/27/4
f 361/28/6 364/29/6 365/30/6 362/31/6
f 362/32/11 368/33/11 363/25/11 361/24/11
f 365/18/3 366/20/3 368/34/3 362/35/3
f 367/23/9 363/36/9 368/37/9 366/38/9
f 369/22/1 360/39/1 363/36/1 367/23/1
f 372/24/4 374/25/4 371/26/4 370/27/4
f 373/35/11 381/34/11 374/40/11 372/41/11
f 372/41/6 375/15/6 376/42/6 373/35/6
f 380/19/10 376/42/10 375/15/10 377/14/10
f 378/12/2 379/13/2 377/14/2 375/15/2
f 379/13/1 371/39/1 374/36/1 377/14/1
f 377/14/9 374/40/9 381/34/9 380/19/9
f 376/42/3 380/19/3 381/34/3 373/35/3
f 384/24/4 386/25/4 383/26/4 382/27/4
f 385/35/11 393/34/11 386/40/11 384/41/11
f 384/41/6 387/15/6 388/42/6 385/35/6
f 392/19/10 388/42/10 387/15/10 389/14/10
f 390/12/2 391/13/2 389/14/2 387/15/2
f 391/13/1 383/39/1 386/36/1 389/14/1
f 389/14/9 386/40/9 393/34/9 392/19/9
f 388/42/3 392/19/3 393/34/3 385/35/3
f 347/11/3 346/10/3 344/1/3 345/2/3
f 432/43/12 431/44/12 417/44/12 418/43/12
f 431/44/13 430/45/13 422/46/13 417/44/13
f 435/47/14 434/48/14 416/48/14 421/49/14
f 417/44/1 422/46/1 423/50/1 418/43/1
f 415/51/1 420/52/1 421/49/1 416/48/1
f 413/11/1 425/53/1 419/54/1 414/55/1
f 410/56/1 424/57/1 412/58/1 411/10/1
f 433/59/14 432/43/14 418/43/14 423/50/14
f 430/45/15 433/59/15 423/50/15 422/46/15
f 427/10/12 426/56/12 410/56/12 411/10/12
f 436/60/15 435/47/15 421/49/15 420/52/15
f 440/61/12 439/11/12 413/11/12 414/55/12
f 441/62/14 440/61/14 414/55/14 419/54/14
f 438/53/15 441/62/15 419/54/15 425/53/15
f 437/63/13 436/60/13 420/52/13 415/51/13
f 426/56/13 429/64/13 424/57/13 410/56/13
f 429/64/15 428/58/15 412/58/15 424/57/15
f 434/48/12 437/63/12 415/51/12 416/48/12
f 409/65/5 402/58/5 428/58/5 429/64/5
f 394/10/3 401/66/3 426/56/3 427/10/3
f 407/67/5 408/59/5 433/59/5 430/45/5
f 400/43/3 399/68/3 431/44/3 432/43/3
f 398/48/3 397/63/3 437/63/3 434/48/3
f 405/60/5 406/47/5 435/47/5 436/60/5
f 403/53/5 404/54/5 441/62/5 438/53/5
f 396/55/3 395/11/3 439/11/3 440/61/3
f 440/61/4 441/62/4 464/62/4 462/61/4
f 405/60/2 436/60/2 458/60/2 459/60/2
f 433/59/4 408/59/4 453/59/4 452/59/4
f 396/55/4 440/61/4 462/61/4 463/55/4
f 406/47/4 398/48/4 454/48/4 457/47/4
f 409/65/2 429/64/2 445/64/2 444/65/2
f 437/63/2 397/63/2 461/63/2 460/63/2
f 407/67/2 430/45/2 447/45/2 446/67/2
f 434/48/4 435/47/4 456/47/4 455/48/4
f 426/56/2 401/66/2 442/66/2 443/56/2
f 441/62/4 404/54/4 465/54/4 464/62/4
f 398/48/4 434/48/4 455/48/4 454/48/4
f 408/59/4 400/43/4 451/43/4 453/59/4
f 431/44/2 399/68/2 449/68/2 448/44/2
f 401/66/2 409/65/2 444/65/2 442/66/2
f 432/43/4 433/59/4 452/59/4 450/43/4
f 397/63/2 405/60/2 459/60/2 461/63/2
f 435/47/4 406/47/4 457/47/4 456/47/4
f 429/64/2 426/56/2 443/56/2 445/64/2
f 399/68/2 407/67/2 446/67/2 449/68/2
f 436/60/2 437/63/2 460/63/2 458/60/2
f 404/54/4 396/55/4 463/55/4 465/54/4
f 400/43/4 432/43/4 450/43/4 451/43/4
f 430/45/2 431/44/2 448/44/2 447/45/2
f 445/64/1 443/56/1 450/43/1 452/59/1
f 442/66/3 451/43/3 450/43/3 443/56/3
f 444/65/5 445/64/5 452/59/5 453/59/5
f 446/67/5 447/45/5 456/47/5 457/47/5
f 447/45/1 448/44/1 455/48/1 456/47/1
f 448/44/3 449/68/3 454/48/3 455/48/3
f 461/63/3 463/55/3 462/61/3 460/63/3
f 458/60/1 460/63/1 462/61/1 464/62/1
f 459/60/5 458/60/5 464/62/5 465/54/5
f 487/69/3 486/70/3 488/71/3 489/72/3
f 483/73/3 482/74/3 484/75/3 485/76/3
f 479/77/3 478/78/3 480/79/3 481/80/3
f 491/81/4 490/82/4 478/78/4 479/77/4
f 492/83/2 493/84/2 481/80/2 480/79/2
f 495/85/4 494/86/4 482/74/4 483/73/4
f 496/87/2 497/88/2 485/76/2 484/75/2
f 499/89/4 498/90/4 486/70/4 487/69/4
f 500/91/2 501/92/2 489/72/2 488/71/2
f 483/73/16 485/76/16 497/88/16 495/93/16
f 487/69/16 489/72/16 501/92/16 499/94/16
f 479/77/16 481/80/16 493/84/16 491/95/16
f 498/90/17 500/96/17 488/71/17 486/70/17
f 494/86/17 496/97/17 484/75/17 482/74/17
f 490/82/17 492/98/17 480/79/17 478/78/17
f 470/99/3 492/98/3 490/82/3 477/100/3
f 468/101/3 477/102/3 490/103/3 491/81/3
f 476/104/3 468/105/3 491/95/3 493/84/3
f 492/98/3 470/99/3 471/106/3 494/107/3
f 493/108/3 492/83/3 494/107/3 495/85/3
f 476/104/3 493/108/3 495/93/3 475/109/3
f 472/110/3 496/97/3 494/86/3 471/106/3
f 474/111/3 475/109/3 495/93/3 497/88/3
f 496/97/3 472/110/3 473/112/3 498/113/3
f 497/114/3 496/87/3 498/113/3 499/89/3
f 474/111/3 497/114/3 499/94/3 469/115/3
f 467/116/3 500/96/3 498/90/3 473/112/3
f 469/115/3 499/94/3 501/92/3 466/117/3
f 501/118/3 500/91/3 467/119/3 466/120/3
f 502/12/2 503/13/2 506/14/2 504/15/2
f 507/16/6 504/15/6 505/17/6 508/18/6
f 511/19/10 505/17/10 504/15/10 506/14/10
f 505/17/3 511/19/3 509/20/3 508/18/3
f 506/14/9 510/21/9 509/20/9 511/19/9
f 503/13/1 512/22/1 510/23/1 506/14/1
f 515/24/4 517/25/4 514/26/4 513/27/4
f 515/28/6 518/29/6 519/30/6 516/31/6
f 516/32/11 522/33/11 517/25/11 515/24/11
f 519/18/3 520/20/3 522/34/3 516/35/3
f 521/23/9 517/36/9 522/37/9 520/38/9
f 523/22/1 514/39/1 517/36/1 521/23/1
f 524/12/2 525/13/2 528/14/2 526/15/2
f 529/16/6 526/15/6 527/17/6 530/18/6
f 533/19/10 527/17/10 526/15/10 528/14/10
f 527/17/3 533/19/3 531/20/3 530/18/3
f 528/14/9 532/21/9 531/20/9 533/19/9
f 525/13/1 534/22/1 532/23/1 528/14/1
f 537/24/4 539/25/4 536/26/4 535/27/4
f 537/28/6 540/29/6 541/30/6 538/31/6
f 538/32/11 544/33/11 539/25/11 537/24/11
f 541/18/3 542/20/3 544/34/3 538/35/3
f 543/23/9 539/36/9 544/37/9 542/38/9
f 545/22/1 536/39/1 539/36/1 543/23/1
f 548/24/4 550/25/4 547/26/4 546/27/4
f 548/41/6 551/15/6 552/42/6 549/35/6
f 549/35/11 557/34/11 550/40/11 548/41/11
f 556/19/10 552/42/10 551/15/10 553/14/10
f 554/12/2 555/13/2 553/14/2 551/15/2
f 555/13/1 547/39/1 550/36/1 553/14/1
f 553/14/9 550/40/9 557/34/9 556/19/9
f 552/42/3 556/19/3 557/34/3 549/35/3
f 560/24/4 562/25/4 559/26/4 558/27/4
f 560/41/6 563/15/6 564/42/6 561/35/6
f 561/35/11 569/34/11 562/40/11 560/41/11
f 568/19/10 564/42/10 563/15/10 565/14/10
f 566/12/2 567/13/2 565/14/2 563/15/2
f 567/13/1 559/39/1 562/36/1 565/14/1
f 565/14/9 562/40/9 569/34/9 568/19/9
f 564/42/3 568/19/3 569/34/3 561/35/3
f 572/24/4 574/25/4 571/26/4 570/27/4
f 572/41/6 575/15/6 576/42/6 573/35/6
f 573/35/11 581/34/11 574/40/11 572/41/11
f 580/19/10 576/42/10 575/15/10 577/14/10
f 578/12/2 579/13/2 577/14/2 575/15/2
f 579/13/1 571/39/1 574/36/1 577/14/1
f 577/14/9 574/40/9 581/34/9 580/19/9
f 576/42/3 580/19/3 581/34/3 573/35/3
f 584/24/4 586/25/4 583/26/4 582/27/4
f 584/41/6 587/15/6 588/42/6 585/35/6
f 585/35/11 593/34/11 586/40/11 584/41/11
f 592/19/10 588/42/10 587/15/10 589/14/10
f 590/12/2 591/13/2 589/14/2 587/15/2
f 591/13/1 583/39/1 586/36/1 589/14/1
f 589/14/9 586/40/9 593/34/9 592/19/9
f 588/42/3 592/19/3 593/34/3 585/35/3
f 615/69/3 614/70/3 616/71/3 617/72/3
f 611/73/3 610/74/3 612/75/3 613/76/3
f 607/77/3 606/78/3 608/79/3 609/80/3
f 619/81/4 618/82/4 606/78/4 607/77/4
f 620/83/2 621/84/2 609/80/2 608/79/2
f 623/85/4 622/86/4 610/74/4 611/73/4
f 624/87/2 625/88/2 613/76/2 612/75/2
f 627/89/4 626/90/4 614/70/4 615/69/4
f 628/91/2 629/92/2 617/72/2 616/71/2
f 611/73/16 613/76/16 625/88/16 623/93/16
f 615/69/16 617/72/16 629/92/16 627/94/16
f 607/77/16 609/80/16 621/84/16 619/95/16
f 626/90/17 628/96/17 616/71/17 614/70/17
f 622/86/17 624/97/17 612/75/17 610/74/17
f 618/82/17 620/98/17 608/79/17 606/78/17
f 598/99/3 620/98/3 618/82/3 605/100/3
f 596/101/3 605/102/3 618/103/3 619/81/3
f 604/104/3 596/105/3 619/95/3 621/84/3
f 620/98/3 598/99/3 599/106/3 622/107/3
f 621/108/3 620/83/3 622/107/3 623/85/3
f 604/104/3 621/108/3 623/93/3 603/109/3
f 600/110/3 624/97/3 622/86/3 599/106/3
f 602/111/3 603/109/3 623/93/3 625/88/3
f 624/97/3 600/110/3 601/112/3 626/113/3
f 625/114/3 624/87/3 626/113/3 627/89/3
f 602/111/3 625/114/3 627/94/3 597/115/3
f 595/116/3 628/96/3 626/90/3 601/112/3
f 597/115/3 627/94/3 629/92/3 594/117/3
f 629/118/3 628/91/3 595/119/3 594/120/3
f 630/12/2 631/13/2 634/14/2 632/15/2
f 635/16/6 632/15/6 633/17/6 636/18/6
f 639/19/10 633/17/10 632/15/10 634/14/10
f 633/17/3 639/19/3 637/20/3 636/18/3
f 634/14/9 638/21/9 637/20/9 639/19/9
f 631/13/1 640/22/1 638/23/1 634/14/1
f 643/24/4 645/25/4 642/26/4 641/27/4
f 643/28/6 646/29/6 647/30/6 644/31/6
f 644/32/11 650/33/11 645/25/11 643/24/11
f 647/18/3 648/20/3 650/34/3 644/35/3
f 649/23/9 645/36/9 650/37/9 648/38/9
f 651/22/1 642/39/1 645/36/1 649/23/1
f 652/12/2 653/13/2 656/14/2 654/15/2
f 657/16/6 654/15/6 655/17/6 658/18/6
f 661/19/10 655/17/10 654/15/10 656/14/10
f 655/17/3 661/19/3 659/20/3 658/18/3
f 656/14/9 660/21/9 659/20/9 661/19/9
f 653/13/1 662/22/1 660/23/1 656/14/1
f 665/24/4 667/25/4 664/26/4 663/27/4
f 665/28/6 668/29/6 669/30/6 666/31/6
f 666/32/11 672/33/11 667/25/11 665/24/11
f 669/18/3 670/20/3 672/34/3 666/35/3
f 671/23/9 667/36/9 672/37/9 670/38/9
f 673/22/1 664/39/1 667/36/1 671/23/1
f 676/24/4 678/25/4 675/26/4 674/27/4
f 676/41/6 679/15/6 680/42/6 677/35/6
f 677/35/11 685/34/11 678/40/11 676/41/11
f 684/19/10 680/42/10 679/15/10 681/14/10
f 682/12/2 683/13/2 681/14/2 679/15/2
f 683/13/1 675/39/1 678/36/1 681/14/1
f 681/14/9 678/40/9 685/34/9 684/19/9
f 680/42/3 684/19/3 685/34/3 677/35/3
f 688/24/4 690/25/4 687/26/4 686/27/4
f 688/41/6 691/15/6 692/42/6 689/35/6
f 689/35/11 697/34/11 690/40/11 688/41/11
f 696/19/10 692/42/10 691/15/10 693/14/10
f 694/12/2 695/13/2 693/14/2 691/15/2
f 695/13/1 687/39/1 690/36/1 693/14/1
f 693/14/9 690/40/9 697/34/9 696/19/9
f 692/42/3 696/19/3 697/34/3 689/35/3
f 700/24/4 702/25/4 699/26/4 698/27/4
f 700/41/6 703/15/6 704/42/6 701/35/6
f 701/35/11 709/34/11 702/40/11 700/41/11
f 708/19/10 704/42/10 703/15/10 705/14/10
f 706/12/2 707/13/2 705/14/2 703/15/2
f 707/13/1 699/39/1 702/36/1 705/14/1
f 705/14/9 702/40/9 709/34/9 708/19/9
f 704/42/3 708/19/3 709/34/3 701/35/3
f 712/24/4 714/25/4 711/26/4 710/27/4
f 712/41/6 715/15/6 716/42/6 713/35/6
f 713/35/11 721/34/11 714/40/11 712/41/11
f 720/19/10 716/42/10 715/15/10 717/14/10
f 718/12/2 719/13/2 717/14/2 715/15/2
f 719/13/1 711/39/1 714/36/1 717/14/1
f 717/14/9 714/40/9 721/34/9 720/19/9
f 716/42/3 720/19/3 721/34/3 713/35/3
f 743/69/3 742/70/3 744/71/3 745/72/3
f 739/73/3 738/74/3 740/75/3 741/76/3
f 735/77/3 734/78/3 736/79/3 737/80/3
f 747/81/4 746/82/4 734/78/4 735/77/4
f 748/83/2 749/84/2 737/80/2 736/79/2
f 751/85/4 750/86/4 738/74/4 739/73/4
f 752/87/2 753/88/2 741/76/2 740/75/2
f 755/89/4 754/90/4 742/70/4 743/69/4
f 756/91/2 757/92/2 745/72/2 744/71/2
f 739/73/16 741/76/16 753/88/16 751/93/16
f 743/69/16 745/72/16 757/92/16 755/94/16
f 735/77/16 737/80/16 749/84/16 747/95/16
f 754/90/17 756/96/17 744/71/17 742/70/17
f 750/86/17 752/97/17 740/75/17 738/74/17
f 746/82/17 748/98/17 736/79/17 734/78/17
f 726/99/3 748/98/3 746/82/3 733/100/3
f 724/101/3 733/102/3 746/103/3 747/81/3
f 732/104/3 724/105/3 747/95/3 749/84/3
f 748/98/3 726/99/3 727/106/3 750/107/3
f 749/108/3 748/83/3 750/107/3 751/85/3
f 732/104/3 749/108/3 751/93/3 731/109/3
f 728/110/3 752/97/3 750/86/3 727/106/3
f 730/111/3 731/109/3 751/93/3 753/88/3
f 752/97/3 728/110/3 729/112/3 754/113/3
f 753/114/3 752/87/3 754/113/3 755/89/3
f 730/111/3 753/114/3 755/94/3 725/115/3
f 723/116/3 756/96/3 754/90/3 729/112/3
f 725/115/3 755/94/3 757/92/3 722/117/3
f 757/118/3 756/91/3 723/119/3 722/120/3
f 758/12/2 759/13/2 762/14/2 760/15/2
f 763/16/6 760/15/6 761/17/6 764/18/6
f 767/19/10 761/17/10 760/15/10 762/14/10
f 761/17/3 767/19/3 765/20/3 764/18/3
f 762/14/9 766/21/9 765/20/9 767/19/9
f 759/13/1 768/22/1 766/23/1 762/14/1
f 771/24/4 773/25/4 770/26/4 769/27/4
f 771/28/6 774/29/6 775/30/6 772/31/6
f 772/32/11 778/33/11 773/25/11 771/24/11
f 775/18/3 776/20/3 778/34/3 772/35/3
f 777/23/9 773/36/9 778/37/9 776/38/9
f 779/22/1 770/39/1 773/36/1 777/23/1
f 780/12/2 781/13/2 784/14/2 782/15/2
f 785/16/6 782/15/6 783/17/6 786/18/6
f 789/19/10 783/17/10 782/15/10 784/14/10
f 783/17/3 789/19/3 787/20/3 786/18/3
f 784/14/9 788/21/9 787/20/9 789/19/9
f 781/13/1 790/22/1 788/23/1 784/14/1
f 793/24/4 795/25/4 792/26/4 791/27/4
f 793/28/6 796/29/6 797/30/6 794/31/6
f 794/32/11 800/33/11 795/25/11 793/24/11
f 797/18/3 798/20/3 800/34/3 794/35/3
f 799/23/9 795/36/9 800/37/9 798/38/9
f 801/22/1 792/39/1 795/36/1 799/23/1
f 804/24/4 806/25/4 803/26/4 802/27/4
f 804/41/6 807/15/6 808/42/6 805/35/6
f 805/35/11 813/34/11 806/40/11 804/41/11
f 812/19/10 808/42/10 807/15/10 809/14/10
f 810/12/2 811/13/2 809/14/2 807/15/2
f 811/13/1 803/39/1 806/36/1 809/14/1
f 809/14/9 806/40/9 813/34/9 812/19/9
f 808/42/3 812/19/3 813/34/3 805/35/3
f 816/24/4 818/25/4 815/26/4 814/27/4
f 816/41/6 819/15/6 820/42/6 817/35/6
f 817/35/11 825/34/11 818/40/11 816/41/11
f 824/19/10 820/42/10 819/15/10 821/14/10
f 822/12/2 823/13/2 821/14/2 819/15/2
f 823/13/1 815/39/1 818/36/1 821/14/1
f 821/14/9 818/40/9 825/34/9 824/19/9
f 820/42/3 824/19/3 825/34/3 817/35/3
f 828/24/4 830/25/4 827/26/4 826/27/4
f 828/41/6 831/15/6 832/42/6 829/35/6
f 829/35/11 837/34/11 830/40/11 828/41/11
f 836/19/10 832/42/10 831/15/10 833/14/10
f 834/12/2 835/13/2 833/14/2 831/15/2
f 835/13/1 827/39/1 830/36/1 833/14/1
f 833/14/9 830/40/9 837/34/9 836/19/9
f 832/42/3 836/19/3 837/34/3 829/35/3
f 840/24/4 842/25/4 839/26/4 838/27/4
f 840/41/6 843/15/6 844/42/6 841/35/6
f 841/35/11 849/34/11 842/40/11 840/41/11
f 848/19/10 844/42/10 843/15/10 845/14/10
f 846/12/2 847/13/2 845/14/2 843/15/2
f 847/13/1 839/39/1 842/36/1 845/14/1
f 845/14/9 842/40/9 849/34/9 848/19/9
f 844/42/3 848/19/3 849/34/3 841/35/3
f 850/1/3 851/2/3 853/8/3 852/9/3
f 858/35/11 860/34/11 861/40/11 859/41/11
f 864/19/10 862/42/10 863/15/10 865/14/10
f 859/41/6 863/15/6 862/42/6 858/35/6
f 865/14/9 861/40/9 860/34/9 864/19/9
f 859/24/4 861/25/4 855/26/4 854/27/4
f 862/42/3 864/19/3 860/34/3 858/35/3
f 857/13/1 855/39/1 861/36/1 865/14/1
f 856/12/2 857/13/2 865/14/2 863/15/2
f 870/35/11 872/34/11 873/40/11 871/41/11
f 876/19/10 874/42/10 875/15/10 877/14/10
f 871/41/6 875/15/6 874/42/6 870/35/6
f 877/14/9 873/40/9 872/34/9 876/19/9
f 871/24/4 873/25/4 867/26/4 866/27/4
f 874/42/3 876/19/3 872/34/3 870/35/3
f 869/13/1 867/39/1 873/36/1 877/14/1
f 868/12/2 869/13/2 877/14/2 875/15/2
f 882/35/11 884/34/11 885/40/11 883/41/11
f 888/19/10 886/42/10 887/15/10 889/14/10
f 883/41/6 887/15/6 886/42/6 882/35/6
f 889/14/9 885/40/9 884/34/9 888/19/9
f 883/24/4 885/25/4 879/26/4 878/27/4
f 886/42/3 888/19/3 884/34/3 882/35/3
f 881/13/1 879/39/1 885/36/1 889/14/1
f 880/12/2 881/13/2 889/14/2 887/15/2
f 894/35/11 896/34/11 897/40/11 895/41/11
f 900/19/10 898/42/10 899/15/10 901/14/10
f 895/41/6 899/15/6 898/42/6 894/35/6
f 901/14/9 897/40/9 896/34/9 900/19/9
f 895/24/4 897/25/4 891/26/4 890/27/4
f 898/42/3 900/19/3 896/34/3 894/35/3
f 893/13/1 891/39/1 897/36/1 901/14/1
f 892/12/2 893/13/2 901/14/2 899/15/2
f 907/19/10 905/17/10 906/15/10 908/14/10
f 909/16/6 906/15/6 905/17/6 910/18/6
f 908/14/9 912/21/9 911/20/9 907/19/9
f 902/12/2 903/13/2 908/14/2 906/15/2
f 905/17/3 907/19/3 911/20/3 910/18/3
f 903/13/1 904/22/1 912/23/1 908/14/1
f 918/19/10 916/17/10 917/15/10 919/14/10
f 920/16/6 917/15/6 916/17/6 921/18/6
f 919/14/9 923/21/9 922/20/9 918/19/9
f 913/12/2 914/13/2 919/14/2 917/15/2
f 916/17/3 918/19/3 922/20/3 921/18/3
f 914/13/1 915/22/1 923/23/1 919/14/1
f 927/32/11 929/33/11 930/25/11 928/24/11
f 933/23/9 930/36/9 929/37/9 934/38/9
f 928/28/6 932/29/6 931/30/6 927/31/6
f 928/24/4 930/25/4 925/26/4 924/27/4
f 931/18/3 934/20/3 929/34/3 927/35/3
f 926/22/1 925/39/1 930/36/1 933/23/1
f 938/32/11 940/33/11 941/25/11 939/24/11
f 944/23/9 941/36/9 940/37/9 945/38/9
f 939/28/6 943/29/6 942/30/6 938/31/6
f 939/24/4 941/25/4 936/26/4 935/27/4
f 942/18/3 945/20/3 940/34/3 938/35/3
f 937/22/1 936/39/1 941/36/1 944/23/1
f 967/69/3 966/70/3 968/71/3 969/72/3
f 963/73/3 962/74/3 964/75/3 965/76/3
f 959/77/3 958/78/3 960/79/3 961/80/3
f 971/81/4 970/82/4 958/78/4 959/77/4
f 972/83/2 973/84/2 961/80/2 960/79/2
f 975/85/4 974/86/4 962/74/4 963/73/4
f 976/87/2 977/88/2 965/76/2 964/75/2
f 979/89/4 978/90/4 966/70/4 967/69/4
f 980/91/2 981/92/2 969/72/2 968/71/2
f 963/73/16 965/76/16 977/88/16 975/93/16
f 967/69/16 969/72/16 981/92/16 979/94/16
f 959/77/16 961/80/16 973/84/16 971/95/16
f 978/90/17 980/96/17 968/71/17 966/70/17
f 974/86/17 976/97/17 964/75/17 962/74/17
f 970/82/17 972/98/17 960/79/17 958/78/17
f 950/99/3 972/98/3 970/82/3 957/100/3
f 948/101/3 957/102/3 970/103/3 971/81/3
f 956/104/3 948/105/3 971/95/3 973/84/3
f 972/98/3 950/99/3 951/106/3 974/107/3
f 973/108/3 972/83/3 974/107/3 975/85/3
f 956/104/3 973/108/3 975/93/3 955/109/3
f 952/110/3 976/97/3 974/86/3 951/106/3
f 954/111/3 955/109/3 975/93/3 977/88/3
f 976/97/3 952/110/3 953/112/3 978/113/3
f 977/114/3 976/87/3 978/113/3 979/89/3
f 954/111/3 977/114/3 979/94/3 949/115/3
f 947/116/3 980/96/3 978/90/3 953/112/3
f 949/115/3 979/94/3 981/92/3 946/117/3
f 981/118/3 980/91/3 947/119/3 946/120/3
f 982/12/2 983/13/2 986/14/2 984/15/2
f 987/16/6 984/15/6 985/17/6 988/18/6
f 991/19/10 985/17/10 984/15/10 986/14/10
f 985/17/3 991/19/3 989/20/3 988/18/3
f 986/14/9 990/21/9 989/20/9 991/19/9
f 983/13/1 992/22/1 990/23/1 986/14/1
f 995/24/4 997/25/4 994/26/4 993/27/4
f 995/28/6 998/29/6 999/30/6 996/31/6
f 996/32/11 1002/33/11 997/25/11 995/24/11
f 999/18/3 1000/20/3 1002/34/3 996/35/3
f 1001/23/9 997/36/9 1002/37/9 1000/38/9
f 1003/22/1 994/39/1 997/36/1 1001/23/1
f 1004/12/2 1005/13/2 1008/14/2 1006/15/2
f 1009/16/6 1006/15/6 1007/17/6 1010/18/6
f 1013/19/10 1007/17/10 1006/15/10 1008/14/10
f 1007/17/3 1013/19/3 1011/20/3 1010/18/3
f 1008/14/9 1012/21/9 1011/20/9 1013/19/9
f 1005/13/1 1014/22/1 1012/23/1 1008/14/1
f 1017/24/4 1019/25/4 1016/26/4 1015/27/4
f 1017/28/6 1020/29/6 1021/30/6 1018/31/6
f 1018/32/11 1024/33/11 1019/25/11 1017/24/11
f 1021/18/3 1022/20/3 1024/34/3 1018/35/3
f 1023/23/9 1019/36/9 1024/37/9 1022/38/9
f 1025/22/1 1016/39/1 1019/36/1 1023/23/1
f 1028/24/4 1030/25/4 1027/26/4 1026/27/4
f 1028/41/6 1031/15/6 1032/42/6 1029/35/6
f 1029/35/11 1037/34/11 1030/40/11 1028/41/11
f 1036/19/10 1032/42/10 1031/15/10 1033/14/10
f 1034/12/2 1035/13/2 1033/14/2 1031/15/2
f 1035/13/1 1027/39/1 1030/36/1 1033/14/1
f 1033/14/9 1030/40/9 1037/34/9 1036/19/9
f 1032/42/3 1036/19/3 1037/34/3 1029/35/3
f 1040/24/4 1042/25/4 1039/26/4 1038/27/4
f 1040/41/6 1043/15/6 1044/42/6 1041/35/6
f 1041/35/11 1049/34/11 1042/40/11 1040/41/11
f 1048/19/10 1044/42/10 1043/15/10 1045/14/10
f 1046/12/2 1047/13/2 1045/14/2 1043/15/2
f 1047/13/1 1039/39/1 1042/36/1 1045/14/1
f 1045/14/9 1042/40/9 1049/34/9 1048/19/9
f 1044/42/3 1048/19/3 1049/34/3 1041/35/3
f 1052/24/4 1054/25/4 1051/26/4 1050/27/4
f 1052/41/6 1055/15/6 1056/42/6 1053/35/6
f 1053/35/11 1061/34/11 1054/40/11 1052/41/11
f 1060/19/10 1056/42/10 1055/15/10 1057/14/10
f 1058/12/2 1059/13/2 1057/14/2 1055/15/2
f 1059/13/1 1051/39/1 1054/36/1 1057/14/1
f 1057/14/9 1054/40/9 1061/34/9 1060/19/9
f 1056/42/3 1060/19/3 1061/34/3 1053/35/3
f 1064/24/4 1066/25/4 1063/26/4 1062/27/4
f 1064/41/6 1067/15/6 1068/42/6 1065/35/6
f 1065/35/11 1073/34/11 1066/40/11 1064/41/11
f 1072/19/10 1068/42/10 1067/15/10 1069/14/10
f 1070/12/2 1071/13/2 1069/14/2 1067/15/2
f 1071/13/1 1063/39/1 1066/36/1 1069/14/1
f 1069/14/9 1066/40/9 1073/34/9 1072/19/9
f 1068/42/3 1072/19/3 1073/34/3 1065/35/3
f 1074/1/3 1075/2/3 1077/8/3 1076/9/3
f 1082/35/11 1084/34/11 1085/40/11 1083/41/11
f 1088/19/10 1086/42/10 1087/15/10 1089/14/10
f 1083/41/6 1087/15/6 1086/42/6 1082/35/6
f 1089/14/9 1085/40/9 1084/34/9 1088/19/9
f 1083/24/4 1085/25/4 1079/26/4 1078/27/4
f 1086/42/3 1088/19/3 1084/34/3 1082/35/3
f 1081/13/1 1079/39/1 1085/36/1 1089/14/1
f 1080/12/2 1081/13/2 1089/14/2 1087/15/2
f 1094/35/11 1096/34/11 1097/40/11 1095/41/11
f 1100/19/10 1098/42/10 1099/15/10 1101/14/10
f 1095/41/6 1099/15/6 1098/42/6 1094/35/6
f 1101/14/9 1097/40/9 1096/34/9 1100/19/9
f 1095/24/4 1097/25/4 1091/26/4 1090/27/4
f 1098/42/3 1100/19/3 1096/34/3 1094/35/3
f 1093/13/1 1091/39/1 1097/36/1 1101/14/1
f 1092/12/2 1093/13/2 1101/14/2 1099/15/2
f 1106/35/11 1108/34/11 1109/40/11 1107/41/11
f 1112/19/10 1110/42/10 1111/15/10 1113/14/10
f 1107/41/6 1111/15/6 1110/42/6 1106/35/6
f 1113/14/9 1109/40/9 1108/34/9 1112/19/9
f 1107/24/4 1109/25/4 1103/26/4 1102/27/4
f 1110/42/3 1112/19/3 1108/34/3 1106/35/3
f 1105/13/1 1103/39/1 1109/36/1 1113/14/1
f 1104/12/2 1105/13/2 1113/14/2 1111/15/2
f 1118/35/11 1120/34/11 1121/40/11 1119/41/11
f 1124/19/10 1122/42/10 1123/15/10 1125/14/10
f 1119/41/6 1123/15/6 1122/42/6 1118/35/6
f 1125/14/9 1121/40/9 1120/34/9 1124/19/9
f 1119/24/4 1121/25/4 1115/26/4 1114/27/4
f 1122/42/3 1124/19/3 1120/34/3 1118/35/3
f 1117/13/1 1115/39/1 1121/36/1 1125/14/1
f 1116/12/2 1117/13/2 1125/14/2 1123/15/2
f 1131/19/10 1129/17/10 1130/15/10 1132/14/10
f 1133/16/6 1130/15/6 1129/17/6 1134/18/6
f 1132/14/9 1136/21/9 1135/20/9 1131/19/9
f 1126/12/2 1127/13/2 1132/14/2 1130/15/2
f 1129/17/3 1131/19/3 1135/20/3 1134/18/3
f 1127/13/1 1128/22/1 1136/23/1 1132/14/1
f 1142/19/10 1140/17/10 1141/15/10 1143/14/10
f 1144/16/6 1141/15/6 1140/17/6 1145/18/6
f 1143/14/9 1147/21/9 1146/20/9 1142/19/9
f 1137/12/2 1138/13/2 1143/14/2 1141/15/2
f 1140/17/3 1142/19/3 1146/20/3 1145/18/3
f 1138/13/1 1139/22/1 1147/23/1 1143/14/1
f 1151/32/11 1153/33/11 1154/25/11 1152/24/11
f 1157/23/9 1154/36/9 1153/37/9 1158/38/9
f 1152/28/6 1156/29/6 1155/30/6 1151/31/6
f 1152/24/4 1154/25/4 1149/26/4 1148/27/4
f 1155/18/3 1158/20/3 1153/34/3 1151/35/3
f 1150/22/1 1149/39/1 1154/36/1 1157/23/1
f 1162/32/11 1164/33/11 1165/25/11 1163/24/11
f 1168/23/9 1165/36/9 1164/37/9 1169/38/9
f 1163/28/6 1167/29/6 1166/30/6 1162/31/6
f 1163/24/4 1165/25/4 1160/26/4 1159/27/4
f 1166/18/3 1169/20/3 1164/34/3 1162/35/3
f 1161/22/1 1160/39/1 1165/36/1 1168/23/1
f 1170/1/3 1171/2/3 1173/8/3 1172/9/3
f 1178/35/11 1180/34/11 1181/40/11 1179/41/11
f 1184/19/10 1182/42/10 1183/15/10 1185/14/10
f 1179/41/6 1183/15/6 1182/42/6 1178/35/6
f 1185/14/9 1181/40/9 1180/34/9 1184/19/9
f 1179/24/4 1181/25/4 1175/26/4 1174/27/4
f 1182/42/3 1184/19/3 1180/34/3 1178/35/3
f 1177/13/1 1175/39/1 1181/36/1 1185/14/1
f 1176/12/2 1177/13/2 1185/14/2 1183/15/2
f 1190/35/11 1192/34/11 1193/40/11 1191/41/11
f 1196/19/10 1194/42/10 1195/15/10 1197/14/10
f 1191/41/6 1195/15/6 1194/42/6 1190/35/6
f 1197/14/9 1193/40/9 1192/34/9 1196/19/9
f 1191/24/4 1193/25/4 1187/26/4 1186/27/4
f 1194/42/3 1196/19/3 1192/34/3 1190/35/3
f 1189/13/1 1187/39/1 1193/36/1 1197/14/1
f 1188/12/2 1189/13/2 1197/14/2 1195/15/2
f 1202/35/11 1204/34/11 1205/40/11 1203/41/11
f 1208/19/10 1206/42/10 1207/15/10 1209/14/10
f 1203/41/6 1207/15/6 1206/42/6 1202/35/6
f 1209/14/9 1205/40/9 1204/34/9 1208/19/9
f 1203/24/4 1205/25/4 1199/26/4 1198/27/4
f 1206/42/3 1208/19/3 1204/34/3 1202/35/3
f 1201/13/1 1199/39/1 1205/36/1 1209/14/1
f 1200/12/2 1201/13/2 1209/14/2 1207/15/2
f 1214/35/11 1216/34/11 1217/40/11 1215/41/11
f 1220/19/10 1218/42/10 1219/15/10 1221/14/10
f 1215/41/6 1219/15/6 1218/42/6 1214/35/6
f 1221/14/9 1217/40/9 1216/34/9 1220/19/9
f 1215/24/4 1217/25/4 1211/26/4 1210/27/4
f 1218/42/3 1220/19/3 1216/34/3 1214/35/3
f 1213/13/1 1211/39/1 1217/36/1 1221/14/1
f 1212/12/2 1213/13/2 1221/14/2 1219/15/2
f 1227/19/10 1225/17/10 1226/15/10 1228/14/10
f 1229/16/6 1226/15/6 1225/17/6 1230/18/6
f 1228/14/9 1232/21/9 1231/20/9 1227/19/9
f 1222/12/2 1223/13/2 1228/14/2 1226/15/2
f 1225/17/3 1227/19/3 1231/20/3 1230/18/3
f 1223/13/1 1224/22/1 1232/23/1 1228/14/1
f 1238/19/10 1236/17/10 1237/15/10 1239/14/10
f 1240/16/6 1237/15/6 1236/17/6 1241/18/6
f 1239/14/9 1243/21/9 1242/20/9 1238/19/9
f 1233/12/2 1234/13/2 1239/14/2 1237/15/2
f 1236/17/3 1238/19/3 1242/20/3 1241/18/3
f 1234/13/1 1235/22/1 1243/23/1 1239/14/1
f 1247/32/11 1249/33/11 1250/25/11 1248/24/11
f 1253/23/9 1250/36/9 1249/37/9 1254/38/9
f 1248/28/6 1252/29/6 1251/30/6 1247/31/6
f 1248/24/4 1250/25/4 1245/26/4 1244/27/4
f 1251/18/3 1254/20/3 1249/34/3 1247/35/3
f 1246/22/1 1245/39/1 1250/36/1 1253/23/1
f 1258/32/11 1260/33/11 1261/25/11 1259/24/11
f 1264/23/9 1261/36/9 1260/37/9 1265/38/9
f 1259/28/6 1263/29/6 1262/30/6 1258/31/6
f 1259/24/4 1261/25/4 1256/26/4 1255/27/4
f 1262/18/3 1265/20/3 1260/34/3 1258/35/3
f 1257/22/1 1256/39/1 1261/36/1 1264/23/1
f 1287/69/3 1286/70/3 1288/71/3 1289/72/3
f 1283/73/3 1282/74/3 1284/75/3 1285/76/3
f 1279/77/3 1278/78/3 1280/79/3 1281/80/3
f 1291/81/4 1290/82/4 1278/78/4 1279/77/4
f 1292/83/2 1293/84/2 1281/80/2 1280/79/2
f 1295/85/4 1294/86/4 1282/74/4 1283/73/4
f 1296/87/2 1297/88/2 1285/76/2 1284/75/2
f 1299/89/4 1298/90/4 1286/70/4 1287/69/4
f 1300/91/2 1301/92/2 1289/72/2 1288/71/2
f 1283/73/16 1285/76/16 1297/88/16 1295/93/16
f 1287/69/16 1289/72/16 1301/92/16 1299/94/16
f 1279/77/16 1281/80/16 1293/84/16 1291/95/16
f 1298/90/17 1300/96/17 1288/71/17 1286/70/17
f 1294/86/17 1296/97/17 1284/75/17 1282/74/17
f 1290/82/17 1292/98/17 1280/79/17 1278/78/17
f 1270/99/3 1292/98/3 1290/82/3 1277/100/3
f 1268/101/3 1277/102/3 1290/103/3 1291/81/3
f 1276/104/3 1268/105/3 1291/95/3 1293/84/3
f 1292/98/3 1270/99/3 1271/106/3 1294/107/3
f 1293/108/3 1292/83/3 1294/107/3 1295/85/3
f 1276/104/3 1293/108/3 1295/93/3 1275/109/3
f 1272/110/3 1296/97/3 1294/86/3 1271/106/3
f 1274/111/3 1275/109/3 1295/93/3 1297/88/3
f 1296/97/3 1272/110/3 1273/112/3 1298/113/3
f 1297/114/3 1296/87/3 1298/113/3 1299/89/3
f 1274/111/3 1297/114/3 1299/94/3 1269/115/3
f 1267/116/3 1300/96/3 1298/90/3 1273/112/3
f 1269/115/3 1299/94/3 1301/92/3 1266/117/3
f 1301/118/3 1300/91/3 1267/119/3 1266/120/3
f 1302/12/2 1303/13/2 1306/14/2 1304/15/2
f 1307/16/6 1304/15/6 1305/17/6 1308/18/6
f 1311/19/10 1305/17/10 1304/15/10 1306/14/10
f 1305/17/3 1311/19/3 1309/20/3 1308/18/3
f 1306/14/9 1310/21/9 1309/20/9 1311/19/9
f 1303/13/1 1312/22/1 1310/23/1 1306/14/1
f 1315/24/4 1317/25/4 1314/26/4 1313/27/4
f 1315/28/6 1318/29/6 1319/30/6 1316/31/6
f 1316/32/11 1322/33/11 1317/25/11 1315/24/11
f 1319/18/3 1320/20/3 1322/34/3 1316/35/3
f 1321/23/9 1317/36/9 1322/37/9 1320/38/9
f 1323/22/1 1314/39/1 1317/36/1 1321/23/1
f 1324/12/2 1325/13/2 1328/14/2 1326/15/2
f 1329/16/6 1326/15/6 1327/17/6 1330/18/6
f 1333/19/10 1327/17/10 1326/15/10 1328/14/10
f 1327/17/3 1333/19/3 1331/20/3 1330/18/3
f 1328/14/9 1332/21/9 1331/20/9 1333/19/9
f 1325/13/1 1334/22/1 1332/23/1 1328/14/1
f 1337/24/4 1339/25/4 1336/26/4 1335/27/4
f 1337/28/6 1340/29/6 1341/30/6 1338/31/6
f 1338/32/11 1344/33/11 1339/25/11 1337/24/11
f 1341/18/3 1342/20/3 1344/34/3 1338/35/3
f 1343/23/9 1339/36/9 1344/37/9 1342/38/9
f 1345/22/1 1336/39/1 1339/36/1 1343/23/1
f 1348/24/4 1350/25/4 1347/26/4 1346/27/4
f 1348/41/6 1351/15/6 1352/42/6 1349/35/6
f 1349/35/11 1357/34/11 1350/40/11 1348/41/11
f 1356/19/10 1352/42/10 1351/15/10 1353/14/10
f 1354/12/2 1355/13/2 1353/14/2 1351/15/2
f 1355/13/1 1347/39/1 1350/36/1 1353/14/1
f 1353/14/9 1350/40/9 1357/34/9 1356/19/9
f 1352/42/3 1356/19/3 1357/34/3 1349/35/3
f 1360/24/4 1362/25/4 1359/26/4 1358/27/4
f 1360/41/6 1363/15/6 1364/42/6 1361/35/6
f 1361/35/11 1369/34/11 1362/40/11 1360/41/11
f 1368/19/10 1364/42/10 1363/15/10 1365/14/10
f 1366/12/2 1367/13/2 1365/14/2 1363/15/2
f 1367/13/1 1359/39/1 1362/36/1 1365/14/1
f 1365/14/9 1362/40/9 1369/34/9 1368/19/9
f 1364/42/3 1368/19/3 1369/34/3 1361/35/3
f 1372/24/4 1374/25/4 1371/26/4 1370/27/4
f 1372/41/6 1375/15/6 1376/42/6 1373/35/6
f 1373/35/11 1381/34/11 1374/40/11 1372/41/11
f 1380/19/10 1376/42/10 1375/15/10 1377/14/10
f 1378/12/2 1379/13/2 1377/14/2 1375/15/2
f 1379/13/1 1371/39/1 1374/36/1 1377/14/1
f 1377/14/9 1374/40/9 1381/34/9 1380/19/9
f 1376/42/3 1380/19/3 1381/34/3 1373/35/3
f 1384/24/4 1386/25/4 1383/26/4 1382/27/4
f 1384/41/6 1387/15/6 1388/42/6 1385/35/6
f 1385/35/11 1393/34/11 1386/40/11 1384/41/11
f 1392/19/10 1388/42/10 1387/15/10 1389/14/10
f 1390/12/2 1391/13/2 1389/14/2 1387/15/2
f 1391/13/1 1383/39/1 1386/36/1 1389/14/1
f 1389/14/9 1386/40/9 1393/34/9 1392/19/9
f 1388/42/3 1392/19/3 1393/34/3 1385/35/3
f 1415/69/3 1414/70/3 1416/71/3 1417/72/3
f 1411/73/3 1410/74/3 1412/75/3 1413/76/3
f 1407/77/3 1406/78/3 1408/79/3 1409/80/3
f 1419/81/4 1418/82/4 1406/78/4 1407/77/4
f 1420/83/2 1421/84/2 1409/80/2 1408/79/2
f 1423/85/4 1422/86/4 1410/74/4 1411/73/4
f 1424/87/2 1425/88/2 1413/76/2 1412/75/2
f 1427/89/4 1426/90/4 1414/70/4 1415/69/4
f 1428/91/2 1429/92/2 1417/72/2 1416/71/2
f 1411/73/16 1413/76/16 1425/88/16 1423/93/16
f 1415/69/16 1417/72/16 1429/92/16 1427/94/16
f 1407/77/16 1409/80/16 1421/84/16 1419/95/16
f 1426/90/17 1428/96/17 1416/71/17 1414/70/17
f 1422/86/17 1424/97/17 1412/75/17 1410/74/17
f 1418/82/17 1420/98/17 1408/79/17 1406/78/17
f 1398/99/3 1420/98/3 1418/82/3 1405/100/3
f 1396/101/3 1405/102/3 1418/103/3 1419/81/3
f 1404/104/3 1396/105/3 1419/95/3 1421/84/3
f 1420/98/3 1398/99/3 1399/106/3 1422/107/3
f 1421/108/3 1420/83/3 1422/107/3 1423/85/3
f 1404/104/3 1421/108/3 1423/93/3 1403/109/3
f 1400/110/3 1424/97/3 1422/86/3 1399/106/3
f 1402/111/3 1403/109/3 1423/93/3 1425/88/3
f 1424/97/3 1400/110/3 1401/112/3 1426/113/3
f 1425/114/3 1424/87/3 1426/113/3 1427/89/3
f 1402/111/3 1425/114/3 1427/94/3 1397/115/3
f 1395/116/3 1428/96/3 1426/90/3 1401/112/3
f 1397/115/3 1427/94/3 1429/92/3 1394/117/3
f 1429/118/3 1428/91/3 1395/119/3 1394/120/3
f 1430/12/2 1431/13/2 1434/14/2 1432/15/2
f 1435/16/6 1432/15/6 1433/17/6 1436/18/6
f 1439/19/10 1433/17/10 1432/15/10 1434/14/10
f 1433/17/3 1439/19/3 1437/20/3 1436/18/3
f 1434/14/9 1438/21/9 1437/20/9 1439/19/9
f 1431/13/1 1440/22/1 1438/23/1 1434/14/1
f 1443/24/4 1445/25/4 1442/26/4 1441/27/4
f 1443/28/6 1446/29/6 1447/30/6 1444/31/6
f 1444/32/11 1450/33/11 1445/25/11 1443/24/11
f 1447/18/3 1448/20/3 1450/34/3 1444/35/3
f 1449/23/9 1445/36/9 1450/37/9 1448/38/9
f 1451/22/1 1442/39/1 1445/36/1 1449/23/1
f 1452/12/2 1453/13/2 1456/14/2 1454/15/2
f 1457/16/6 1454/15/6 1455/17/6 1458/18/6
f 1461/19/10 1455/17/10 1454/15/10 1456/14/10
f 1455/17/3 1461/19/3 1459/20/3 1458/18/3
f 1456/14/9 1460/21/9 1459/20/9 1461/19/9
f 1453/13/1 1462/22/1 1460/23/1 1456/14/1
f 1465/24/4 1467/25/4 1464/26/4 1463/27/4
f 1465/28/6 1468/29/6 1469/30/6 1466/31/6
f 1466/32/11 1472/33/11 1467/25/11 1465/24/11
f 1469/18/3 1470/20/3 1472/34/3 1466/35/3
f 1471/23/9 1467/36/9 1472/37/9 1470/38/9
f 1473/22/1 1464/39/1 1467/36/1 1471/23/1
f 1476/24/4 1478/25/4 1475/26/4 1474/27/4
f 1476/41/6 1479/15/6 1480/42/6 1477/35/6
f 1477/35/11 1485/34/11 1478/40/11 1476/41/11
f 1484/19/10 1480/42/10 1479/15/10 1481/14/10
f 1482/12/2 1483/13/2 1481/14/2 1479/15/2
f 1483/13/1 1475/39/1 1478/36/1 1481/14/1
f 1481/14/9 1478/40/9 1485/34/9 1484/19/9
f 1480/42/3 1484/19/3 1485/34/3 1477/35/3
f 1488/24/4 1490/25/4 1487/26/4 1486/27/4
f 1488/41/6 1491/15/6 1492/42/6 1489/35/6
f 1489/35/11 1497/34/11 1490/40/11 1488/41/11
f 1496/19/10 1492/42/10 1491/15/10 1493/14/10
f 1494/12/2 1495/13/2 1493/14/2 1491/15/2
f 1495/13/1 1487/39/1 1490/36/1 1493/14/1
f 1493/14/9 1490/40/9 1497/34/9 1496/19/9
f 1492/42/3 1496/19/3 1497/34/3 1489/35/3
f 1500/24/4 1502/25/4 1499/26/4 1498/27/4
f 1500/41/6 1503/15/6 1504/42/6 1501/35/6
f 1501/35/11 1509/34/11 1502/40/11 1500/41/11
f 1508/19/10 1504/42/10 1503/15/10 1505/14/10
f 1506/12/2 1507/13/2 1505/14/2 1503/15/2
f 1507/13/1 1499/39/1 1502/36/1 1505/14/1
f 1505/14/9 1502/40/9 1509/34/9 1508/19/9
f 1504/42/3 1508/19/3 1509/34/3 1501/35/3
f 1512/24/4 1514/25/4 1511/26/4 1510/27/4
f 1512/41/6 1515/15/6 1516/42/6 1513/35/6
f 1513/35/11 1521/34/11 1514/40/11 1512/41/11
f 1520/19/10 1516/42/10 1515/15/10 1517/14/10
f 1518/12/2 1519/13/2 1517/14/2 1515/15/2
f 1519/13/1 1511/39/1 1514/36/1 1517/14/1
f 1517/14/9 1514/40/9 1521/34/9 1520/19/9
f 1516/42/3 1520/19/3 1521/34/3 1513/35/3
f 1543/69/3 1542/70/3 1544/71/3 1545/72/3
f 1539/73/3 1538/74/3 1540/75/3 1541/76/3
f 1535/77/3 1534/78/3 1536/79/3 1537/80/3
f 1547/81/4 1546/82/4 1534/78/4 1535/77/4
f 1548/83/2 1549/84/2 1537/80/2 1536/79/2
f 1551/85/4 1550/86/4 1538/74/4 1539/73/4
f 1552/87/2 1553/88/2 1541/76/2 1540/75/2
f 1555/89/4 1554/90/4 1542/70/4 1543/69/4
f 1556/91/2 1557/92/2 1545/72/2 1544/71/2
f 1539/73/16 1541/76/16 1553/88/16 1551/93/16
f 1543/69/16 1545/72/16 1557/92/16 1555/94/16
f 1535/77/16 1537/80/16 1549/84/16 1547/95/16
f 1554/90/17 1556/96/17 1544/71/17 1542/70/17
f 1550/86/17 1552/97/17 1540/75/17 1538/74/17
f 1546/82/17 1548/98/17 1536/79/17 1534/78/17
f 1526/99/3 1548/98/3 1546/82/3 1533/100/3
f 1524/101/3 1533/102/3 1546/103/3 1547/81/3
f 1532/104/3 1524/105/3 1547/95/3 1549/84/3
f 1548/98/3 1526/99/3 1527/106/3 1550/107/3
f 1549/108/3 1548/83/3 1550/107/3 1551/85/3
f 1532/104/3 1549/108/3 1551/93/3 1531/109/3
f 1528/110/3 1552/97/3 1550/86/3 1527/106/3
f 1530/111/3 1531/109/3 1551/93/3 1553/88/3
f 1552/97/3 1528/110/3 1529/112/3 1554/113/3
f 1553/114/3 1552/87/3 1554/113/3 1555/89/3
f 1530/111/3 1553/114/3 1555/94/3 1525/115/3
f 1523/116/3 1556/96/3 1554/90/3 1529/112/3
f 1525/115/3 1555/94/3 1557/92/3 1522/117/3
f 1557/118/3 1556/91/3 1523/119/3 1522/120/3
f 1558/12/2 1559/13/2 1562/14/2 1560/15/2
f 1563/16/6 1560/15/6 1561/17/6 1564/18/6
f 1567/19/10 1561/17/10 1560/15/10 1562/14/10
f 1561/17/3 1567/19/3 1565/20/3 1564/18/3
f 1562/14/9 1566/21/9 1565/20/9 1567/19/9
f 1559/13/1 1568/22/1 1566/23/1 1562/14/1
f 1571/24/4 1573/25/4 1570/26/4 1569/27/4
f 1571/28/6 1574/29/6 1575/30/6 1572/31/6
f 1572/32/11 1578/33/11 1573/25/11 1571/24/11
f 1575/18/3 1576/20/3 1578/34/3 1572/35/3
f 1577/23/9 1573/36/9 1578/37/9 1576/38/9
f 1579/22/1 1570/39/1 1573/36/1 1577/23/1
f 1580/12/2 1581/13/2 1584/14/2 1582/15/2
f 1585/16/6 1582/15/6 1583/17/6 1586/18/6
f 1589/19/10 1583/17/10 1582/15/10 1584/14/10
f 1583/17/3 1589/19/3 1587/20/3 1586/18/3
f 1584/14/9 1588/21/9 1587/20/9 1589/19/9
f 1581/13/1 1590/22/1 1588/23/1 1584/14/1
f 1593/24/4 1595/25/4 1592/26/4 1591/27/4
f 1593/28/6 1596/29/6 1597/30/6 1594/31/6
f 1594/32/11 1600/33/11 1595/25/11 1593/24/11
f 1597/18/3 1598/20/3 1600/34/3 1594/35/3
f 1599/23/9 1595/36/9 1600/37/9 1598/38/9
f 1601/22/1 1592/39/1 1595/36/1 1599/23/1
f 1604/24/4 1606/25/4 1603/26/4 1602/27/4
f 1604/41/6 1607/15/6 1608/42/6 1605/35/6
f 1605/35/11 1613/34/11 1606/40/11 1604/41/11
f 1612/19/10 1608/42/10 1607/15/10 1609/14/10
f 1610/12/2 1611/13/2 1609/14/2 1607/15/2
f 1611/13/1 1603/39/1 1606/36/1 1609/14/1
f 1609/14/9 1606/40/9 1613/34/9 1612/19/9
f 1608/42/3 1612/19/3 1613/34/3 1605/35/3
f 1616/24/4 1618/25/4 1615/26/4 1614/27/4
f 1616/41/6 1619/15/6 1620/42/6 1617/35/6
f 1617/35/11 1625/34/11 1618/40/11 1616/41/11
f 1624/19/10 1620/42/10 1619/15/10 1621/14/10
f 1622/12/2 1623/13/2 1621/14/2 1619/15/2
f 1623/13/1 1615/39/1 1618/36/1 1621/14/1
f 1621/14/9 1618/40/9 1625/34/9 1624/19/9
f 1620/42/3 1624/19/3 1625/34/3 1617/35/3
f 1628/24/4 1630/25/4 1627/26/4 1626/27/4
f 1628/41/6 1631/15/6 1632/42/6 1629/35/6
f 1629/35/11 1637/34/11 1630/40/11 1628/41/11
f 1636/19/10 1632/42/10 1631/15/10 1633/14/10
f 1634/12/2 1635/13/2 1633/14/2 1631/15/2
f 1635/13/1 1627/39/1 1630/36/1 1633/14/1
f 1633/14/9 1630/40/9 1637/34/9 1636/19/9
f 1632/42/3 1636/19/3 1637/34/3 1629/35/3
f 1640/24/4 1642/25/4 1639/26/4 1638/27/4
f 1640/41/6 1643/15/6 1644/42/6 1641/35/6
f 1641/35/11 1649/34/11 1642/40/11 1640/41/11
f 1648/19/10 1644/42/10 1643/15/10 1645/14/10
f 1646/12/2 1647/13/2 1645/14/2 1643/15/2
f 1647/13/1 1639/39/1 1642/36/1 1645/14/1
f 1645/14/9 1642/40/9 1649/34/9 1648/19/9
f 1644/42/3 1648/19/3 1649/34/3 1641/35/3
f 1650/1/3 1651/2/3 1653/8/3 1652/9/3
f 1658/35/11 1660/34/11 1661/40/11 1659/41/11
f 1664/19/10 1662/42/10 1663/15/10 1665/14/10
f 1659/41/6 1663/15/6 1662/42/6 1658/35/6
f 1665/14/9 1661/40/9 1660/34/9 1664/19/9
f 1659/24/4 1661/25/4 1655/26/4 1654/27/4
f 1662/42/3 1664/19/3 1660/34/3 1658/35/3
f 1657/13/1 1655/39/1 1661/36/1 1665/14/1
f 1656/12/2 1657/13/2 1665/14/2 1663/15/2
f 1670/35/11 1672/34/11 1673/40/11 1671/41/11
f 1676/19/10 1674/42/10 1675/15/10 1677/14/10
f 1671/41/6 1675/15/6 1674/42/6 1670/35/6
f 1677/14/9 1673/40/9 1672/34/9 1676/19/9
f 1671/24/4 1673/25/4 1667/26/4 1666/27/4
f 1674/42/3 1676/19/3 1672/34/3 1670/35/3
f 1669/13/1 1667/39/1 1673/36/1 1677/14/1
f 1668/12/2 1669/13/2 1677/14/2 1675/15/2
f 1682/35/11 1684/34/11 1685/40/11 1683/41/11
f 1688/19/10 1686/42/10 1687/15/10 1689/14/10
f 1683/41/6 1687/15/6 1686/42/6 1682/35/6
f 1689/14/9 1685/40/9 1684/34/9 1688/19/9
f 1683/24/4 1685/25/4 1679/26/4 1678/27/4
f 1686/42/3 1688/19/3 1684/34/3 1682/35/3
f 1681/13/1 1679/39/1 1685/36/1 1689/14/1
f 1680/12/2 1681/13/2 1689/14/2 1687/15/2
f 1694/35/11 1696/34/11 1697/40/11 1695/41/11
f 1700/19/10 1698/42/10 1699/15/10 1701/14/10
f 1695/41/6 1699/15/6 1698/42/6 1694/35/6
f 1701/14/9 1697/40/9 1696/34/9 1700/19/9
f 1695/24/4 1697/25/4 1691/26/4 1690/27/4
f 1698/42/3 1700/19/3 1696/34/3 1694/35/3
f 1693/13/1 1691/39/1 1697/36/1 1701/14/1
f 1692/12/2 1693/13/2 1701/14/2 1699/15/2
f 1707/19/10 1705/17/10 1706/15/10 1708/14/10
f 1709/16/6 1706/15/6 1705/17/6 1710/18/6
f 1708/14/9 1712/21/9 1711/20/9 1707/19/9
f 1702/12/2 1703/13/2 1708/14/2 1706/15/2
f 1705/17/3 1707/19/3 1711/20/3 1710/18/3
f 1703/13/1 1704/22/1 1712/23/1 1708/14/1
f 1718/19/10 1716/17/10 1717/15/10 1719/14/10
f 1720/16/6 1717/15/6 1716/17/6 1721/18/6
f 1719/14/9 1723/21/9 1722/20/9 1718/19/9
f 1713/12/2 1714/13/2 1719/14/2 1717/15/2
f 1716/17/3 1718/19/3 1722/20/3 1721/18/3
f 1714/13/1 1715/22/1 1723/23/1 1719/14/1
f 1727/32/11 1729/33/11 1730/25/11 1728/24/11
f 1733/23/9 1730/36/9 1729/37/9 1734/38/9
f 1728/28/6 1732/29/6 1731/30/6 1727/31/6
f 1728/24/4 1730/25/4 1725/26/4 1724/27/4
f 1731/18/3 1734/20/3 1729/34/3 1727/35/3
f 1726/22/1 1725/39/1 1730/36/1 1733/23/1
f 1738/32/11 1740/33/11 1741/25/11 1739/24/11
f 1744/23/9 1741/36/9 1740/37/9 1745/38/9
f 1739/28/6 1743/29/6 1742/30/6 1738/31/6
f 1739/24/4 1741/25/4 1736/26/4 1735/27/4
f 1742/18/3 1745/20/3 1740/34/3 1738/35/3
f 1737/22/1 1736/39/1 1741/36/1 1744/23/1
f 1767/69/3 1766/70/3 1768/71/3 1769/72/3
f 1763/73/3 1762/74/3 1764/75/3 1765/76/3
f 1759/77/3 1758/78/3 1760/79/3 1761/80/3
f 1771/81/4 1770/82/4 1758/78/4 1759/77/4
f 1772/83/2 1773/84/2 1761/80/2 1760/79/2
f 1775/85/4 1774/86/4 1762/74/4 1763/73/4
f 1776/87/2 1777/88/2 1765/76/2 1764/75/2
f 1779/89/4 1778/90/4 1766/70/4 1767/69/4
f 1780/91/2 1781/92/2 1769/72/2 1768/71/2
f 1763/73/16 1765/76/16 1777/88/16 1775/93/16
f 1767/69/16 1769/72/16 1781/92/16 1779/94/16
f 1759/77/16 1761/80/16 1773/84/16 1771/95/16
f 1778/90/17 1780/96/17 1768/71/17 1766/70/17
f 1774/86/17 1776/97/17 1764/75/17 1762/74/17
f 1770/82/17 1772/98/17 1760/79/17 1758/78/17
f 1750/99/3 1772/98/3 1770/82/3 1757/100/3
f 1748/101/3 1757/102/3 1770/103/3 1771/81/3
f 1756/104/3 1748/105/3 1771/95/3 1773/84/3
f 1772/98/3 1750/99/3 1751/106/3 1774/107/3
f 1773/108/3 1772/83/3 1774/107/3 1775/85/3
f 1756/104/3 1773/108/3 1775/93/3 1755/109/3
f 1752/110/3 1776/97/3 1774/86/3 1751/106/3
f 1754/111/3 1755/109/3 1775/93/3 1777/88/3
f 1776/97/3 1752/110/3 1753/112/3 1778/113/3
f 1777/114/3 1776/87/3 1778/113/3 1779/89/3
f 1754/111/3 1777/114/3 1779/94/3 1749/115/3
f 1747/116/3 1780/96/3 1778/90/3 1753/112/3
f 1749/115/3 1779/94/3 1781/92/3 1746/117/3
f 1781/118/3 1780/91/3 1747/119/3 1746/120/3
f 1782/12/2 1783/13/2 1786/14/2 1784/15/2
f 1787/16/6 1784/15/6 1785/17/6 1788/18/6
f 1791/19/10 1785/17/10 1784/15/10 1786/14/10
f 1785/17/3 1791/19/3 1789/20/3 1788/18/3
f 1786/14/9 1790/21/9 1789/20/9 1791/19/9
f 1783/13/1 1792/22/1 1790/23/1 1786/14/1
f 1795/24/4 1797/25/4 1794/26/4 1793/27/4
f 1795/28/6 1798/29/6 1799/30/6 1796/31/6
f 1796/32/11 1802/33/11 1797/25/11 1795/24/11
f 1799/18/3 1800/20/3 1802/34/3 1796/35/3
f 1801/23/9 1797/36/9 1802/37/9 1800/38/9
f 1803/22/1 1794/39/1 1797/36/1 1801/23/1
f 1804/12/2 1805/13/2 1808/14/2 1806/15/2
f 1809/16/6 1806/15/6 1807/17/6 1810/18/6
f 1813/19/10 1807/17/10 1806/15/10 1808/14/10
f 1807/17/3 1813/19/3 1811/20/3 1810/18/3
f 1808/14/9 1812/21/9 1811/20/9 1813/19/9
f 1805/13/1 1814/22/1 1812/23/1 1808/14/1
f 1817/24/4 1819/25/4 1816/26/4 1815/27/4
f 1817/28/6 1820/29/6 1821/30/6 1818/31/6
f 1818/32/11 1824/33/11 1819/25/11 1817/24/11
f 1821/18/3 1822/20/3 1824/34/3 1818/35/3
f 1823/23/9 1819/36/9 1824/37/9 1822/38/9
f 1825/22/1 1816/39/1 1819/36/1 1823/23/1
f 1828/24/4 1830/25/4 1827/26/4 1826/27/4
f 1828/41/6 1831/15/6 1832/42/6 1829/35/6
f 1829/35/11 1837/34/11 1830/40/11 1828/41/11
f 1836/19/10 1832/42/10 1831/15/10 1833/14/10
f 1834/12/2 1835/13/2 1833/14/2 1831/15/2
f 1835/13/1 1827/39/1 1830/36/1 1833/14/1
f 1833/14/9 1830/40/9 1837/34/9 1836/19/9
f 1832/42/3 1836/19/3 1837/34/3 1829/35/3
f 1840/24/4 1842/25/4 1839/26/4 1838/27/4
f 1840/41/6 1843/15/6 1844/42/6 1841/35/6
f 1841/35/11 1849/34/11 1842/40/11 1840/41/11
f 1848/19/10 1844/42/10 1843/15/10 1845/14/10
f 1846/12/2 1847/13/2 1845/14/2 1843/15/2
f 1847/13/1 1839/39/1 1842/36/1 1845/14/1
f 1845/14/9 1842/40/9 1849/34/9 1848/19/9
f 1844/42/3 1848/19/3 1849/34/3 1841/35/3
f 1852/24/4 1854/25/4 1851/26/4 1850/27/4
f 1852/41/6 1855/15/6 1856/42/6 1853/35/6
f 1853/35/11 1861/34/11 1854/40/11 1852/41/11
f 1860/19/10 1856/42/10 1855/15/10 1857/14/10
f 1858/12/2 1859/13/2 1857/14/2 1855/15/2
f 1859/13/1 1851/39/1 1854/36/1 1857/14/1
f 1857/14/9 1854/40/9 1861/34/9 1860/19/9
f 1856/42/3 1860/19/3 1861/34/3 1853/35/3
f 1864/24/4 1866/25/4 1863/26/4 1862/27/4
f 1864/41/6 1867/15/6 1868/42/6 1865/35/6
f 1865/35/11 1873/34/11 1866/40/11 1864/41/11
f 1872/19/10 1868/42/10 1867/15/10 1869/14/10
f 1870/12/2 1871/13/2 1869/14/2 1867/15/2
f 1871/13/1 1863/39/1 1866/36/1 1869/14/1
f 1869/14/9 1866/40/9 1873/34/9 1872/19/9
f 1868/42/3 1872/19/3 1873/34/3 1865/35/3
f 1876/12/2 1877/13/2 1880/14/2 1878/15/2
f 1881/16/6 1878/15/6 1879/17/6 1882/18/6
f 1885/19/10 1879/17/10 1878/15/10 1880/14/10
f 1879/17/3 1885/19/3 1883/20/3 1882/18/3
f 1880/14/9 1884/21/9 1883/20/9 1885/19/9
f 1877/13/1 1886/22/1 1884/23/1 1880/14/1
f 1889/24/4 1891/25/4 1888/26/4 1887/27/4
f 1890/35/11 1898/34/11 1891/40/11 1889/41/11
f 1889/41/6 1892/15/6 1893/42/6 1890/35/6
f 1897/19/10 1893/42/10 1892/15/10 1894/14/10
f 1895/12/2 1896/13/2 1894/14/2 1892/15/2
f 1896/13/1 1888/39/1 1891/36/1 1894/14/1
f 1894/14/9 1891/40/9 1898/34/9 1897/19/9
f 1893/42/3 1897/19/3 1898/34/3 1890/35/3
f 1901/24/4 1903/25/4 1900/26/4 1899/27/4
f 1902/35/11 1910/34/11 1903/40/11 1901/41/11
f 1901/41/6 1904/15/6 1905/42/6 1902/35/6
f 1909/19/10 1905/42/10 1904/15/10 1906/14/10
f 1907/12/2 1908/13/2 1906/14/2 1904/15/2
f 1908/13/1 1900/39/1 1903/36/1 1906/14/1
f 1906/14/9 1903/40/9 1910/34/9 1909/19/9
f 1905/42/3 1909/19/3 1910/34/3 1902/35/3
f 1966/11/3 1927/10/3 1875/1/3 1974/2/3
f 1874/1/1 1927/10/1 1966/11/1 1911/1/1
f 1936/43/12 1934/44/12 1917/44/12 1918/43/12
f 1934/44/13 1933/45/13 1921/46/13 1917/44/13
f 1942/47/14 1941/48/14 1916/48/14 1920/49/14
f 1917/44/1 1921/46/1 1922/50/1 1918/43/1
f 1915/51/1 1919/52/1 1920/49/1 1916/48/1
f 1912/56/1 1923/57/1 1914/58/1 1913/10/1
f 1938/59/14 1936/43/14 1918/43/14 1922/50/14
f 1933/45/15 1938/59/15 1922/50/15 1921/46/15
f 1926/10/12 1925/56/12 1912/56/12 1913/10/12
f 1944/60/15 1942/47/15 1920/49/15 1919/52/15
f 1946/63/13 1944/60/13 1919/52/13 1915/51/13
f 1925/56/13 1931/64/13 1923/57/13 1912/56/13
f 1931/64/15 1928/58/15 1914/58/15 1923/57/15
f 1941/48/12 1946/63/12 1915/51/12 1916/48/12
f 1930/65/5 1929/58/5 1928/58/5 1931/64/5
f 1927/10/3 1924/66/3 1925/56/3 1926/10/3
f 1932/67/5 1939/59/5 1938/59/5 1933/45/5
f 1937/43/3 1935/68/3 1934/44/3 1936/43/3
f 1940/48/3 1968/63/3 1946/63/3 1941/48/3
f 1945/60/5 1943/47/5 1942/47/5 1944/60/5
f 1938/59/4 1939/59/4 1958/59/4 1957/59/4
f 1943/47/4 1940/48/4 1959/48/4 1962/47/4
f 1930/65/2 1931/64/2 1950/64/2 1949/65/2
f 1932/67/2 1933/45/2 1952/45/2 1951/67/2
f 1941/48/4 1942/47/4 1961/47/4 1960/48/4
f 1925/56/2 1924/66/2 1947/66/2 1948/56/2
f 1940/48/4 1941/48/4 1960/48/4 1959/48/4
f 1939/59/4 1937/43/4 1956/43/4 1958/59/4
f 1934/44/2 1935/68/2 1954/68/2 1953/44/2
f 1924/66/2 1930/65/2 1949/65/2 1947/66/2
f 1936/43/4 1938/59/4 1957/59/4 1955/43/4
f 1942/47/4 1943/47/4 1962/47/4 1961/47/4
f 1931/64/2 1925/56/2 1948/56/2 1950/64/2
f 1935/68/2 1932/67/2 1951/67/2 1954/68/2
f 1937/43/4 1936/43/4 1955/43/4 1956/43/4
f 1933/45/2 1934/44/2 1953/44/2 1952/45/2
f 1950/64/1 1948/56/1 1955/43/1 1957/59/1
f 1947/66/3 1956/43/3 1955/43/3 1948/56/3
f 1949/65/5 1950/64/5 1957/59/5 1958/59/5
f 1951/67/5 1952/45/5 1961/47/5 1962/47/5
f 1952/45/1 1953/44/1 1960/48/1 1961/47/1
f 1953/44/3 1954/68/3 1959/48/3 1960/48/3
f 1964/44/12 1965/44/12 1970/46/12 1967/45/12
f 1968/67/4 1967/45/4 1963/59/4 1969/59/4
f 1964/44/3 1967/45/3 1968/67/3 1966/68/3
f 1967/45/14 1970/46/14 1971/50/14 1963/59/14
f 1971/121/1 1970/46/1 1965/44/1
f 1977/3/4 1976/2/4 1974/2/4 1972/2/4
f 1975/2/3 1977/3/3 1972/2/3 1973/2/3
f 1981/32/11 1983/33/11 1984/25/11 1982/24/11
f 1982/24/4 1984/25/4 1979/26/4 1978/27/4
f 1980/22/1 1979/39/1 1984/23/1
f 1988/2/6 1981/5/6 1982/3/6 1986/2/6
f 1985/2/9 1984/5/9 1983/5/9 1987/2/9
f 1987/2/3 1983/5/3 1981/5/3 1988/2/3
f 1985/2/1 1980/1/1 1984/5/1
f 1992/12/4 1994/15/4 1996/14/4 1993/13/4
f 1997/16/6 1998/18/6 1995/17/6 1994/15/6
f 2001/19/11 1996/14/11 1994/15/11 1995/17/11
f 1995/17/3 1998/18/3 1999/20/3 2001/19/3
f 1996/14/9 2001/19/9 1999/20/9 2000/21/9
f 1993/13/1 1996/14/1 2000/23/1 2002/22/1
f 2005/24/2 2003/27/2 2004/26/2 2007/25/2
f 2006/35/10 2005/41/10 2007/40/10 2014/34/10
f 2005/41/6 2006/35/6 2009/42/6 2008/15/6
f 2013/19/11 2010/14/11 2008/15/11 2009/42/11
f 2011/12/4 2008/15/4 2010/14/4 2012/13/4
f 2012/13/1 2010/14/1 2007/36/1 2004/39/1
f 2010/14/9 2013/19/9 2014/34/9 2007/40/9
f 2009/42/3 2006/35/3 2014/34/3 2013/19/3
f 2017/24/2 2015/27/2 2016/26/2 2019/25/2
f 2018/35/10 2017/41/10 2019/40/10 2026/34/10
f 2017/41/6 2018/35/6 2021/42/6 2020/15/6
f 2025/19/11 2022/14/11 2020/15/11 2021/42/11
f 2023/12/4 2020/15/4 2022/14/4 2024/13/4
f 2024/13/1 2022/14/1 2019/36/1 2016/39/1
f 2022/14/9 2025/19/9 2026/34/9 2019/40/9
f 2021/42/3 2018/35/3 2026/34/3 2025/19/3
f 2085/11/3 1991/2/3 1990/1/3 2043/10/3
f 1989/1/1 2027/1/1 2085/11/1 2043/10/1
f 2052/43/12 2034/43/12 2033/44/12 2050/44/12
f 2050/44/14 2033/44/14 2037/46/14 2049/45/14
f 2058/47/13 2036/49/13 2032/48/13 2057/48/13
f 2033/44/1 2034/43/1 2038/50/1 2037/46/1
f 2031/51/1 2032/48/1 2036/49/1 2035/52/1
f 2028/56/1 2029/10/1 2030/58/1 2039/57/1
f 2054/59/13 2038/50/13 2034/43/13 2052/43/13
f 2049/45/15 2037/46/15 2038/50/15 2054/59/15
f 2042/10/12 2029/10/12 2028/56/12 2041/56/12
f 2060/60/15 2035/52/15 2036/49/15 2058/47/15
f 2062/63/14 2031/51/14 2035/52/14 2060/60/14
f 2041/56/14 2028/56/14 2039/57/14 2047/64/14
f 2047/64/15 2039/57/15 2030/58/15 2044/58/15
f 2057/48/12 2032/48/12 2031/51/12 2062/63/12
f 2046/65/5 2047/64/5 2044/58/5 2045/58/5
f 2043/10/3 2042/10/3 2041/56/3 2040/66/3
f 2048/67/5 2049/45/5 2054/59/5 2055/59/5
f 2053/43/3 2052/43/3 2050/44/3 2051/68/3
f 2056/48/3 2057/48/3 2062/63/3 2081/63/3
f 2061/60/5 2060/60/5 2058/47/5 2059/47/5
f 2054/59/2 2073/59/2 2074/59/2 2055/59/2
f 2059/47/2 2078/47/2 2075/48/2 2056/48/2
f 2046/65/4 2065/65/4 2066/64/4 2047/64/4
f 2048/67/4 2067/67/4 2068/45/4 2049/45/4
f 2057/48/2 2076/48/2 2077/47/2 2058/47/2
f 2041/56/4 2064/56/4 2063/66/4 2040/66/4
f 2056/48/2 2075/48/2 2076/48/2 2057/48/2
f 2055/59/2 2074/59/2 2072/43/2 2053/43/2
f 2050/44/4 2069/44/4 2070/68/4 2051/68/4
f 2040/66/4 2063/66/4 2065/65/4 2046/65/4
f 2052/43/2 2071/43/2 2073/59/2 2054/59/2
f 2058/47/2 2077/47/2 2078/47/2 2059/47/2
f 2047/64/4 2066/64/4 2064/56/4 2041/56/4
f 2051/68/4 2070/68/4 2067/67/4 2048/67/4
f 2053/43/2 2072/43/2 2071/43/2 2052/43/2
f 2049/45/4 2068/45/4 2069/44/4 2050/44/4
f 2066/64/1 2073/59/1 2071/43/1 2064/56/1
f 2063/66/3 2064/56/3 2071/43/3 2072/43/3
f 2065/65/5 2074/59/5 2073/59/5 2066/64/5
f 2067/67/5 2078/47/5 2077/47/5 2068/45/5
f 2068/45/1 2077/47/1 2076/48/1 2069/44/1
f 2069/44/3 2076/48/3 2075/48/3 2070/68/3
f 2082/59/13 2087/50/13 2080/43/13 2079/43/13
f 2079/43/12 2080/43/12 2084/44/12 2083/44/12
f 2081/43/3 2079/43/3 2083/44/3 2085/68/3
f 2081/43/2 2086/59/2 2082/59/2 2079/43/2
f 2084/44/1 2080/43/1 2087/121/1
f 2091/3/3 2090/2/3 2088/2/3 2089/2/3
f 2092/2/2 2091/3/2 2089/2/2 1991/2/2
f 2095/32/10 2096/24/10 2098/25/10 2097/33/10
f 2096/24/2 2093/27/2 2094/26/2 2098/25/2
f 2103/22/1 2098/36/1 2094/39/1
f 2095/5/6 2102/2/6 2100/2/6 2096/3/6
f 2098/5/9 2099/2/9 2101/2/9 2097/5/9
f 2097/5/3 2101/2/3 2102/2/3 2095/5/3
f 2098/5/1 2103/1/1 2099/2/1
f 2106/2/4 2105/2/4 2108/2/4 2109/2/4
f 2105/2/5 2104/2/5 2107/2/5 2108/2/5
f 2107/2/2 2104/2/2 2110/2/2 2111/2/2
f 2106/2/3 2109/2/3 2111/2/3 2110/2/3
f 2110/1/1 2104/2/1 2105/2/1 2106/2/1
f 2122/3/4 2121/2/4 2113/2/4 2114/2/4
f 2116/3/2 2129/2/2 2115/2/2 2112/2/2
f 2121/2/5 2116/3/5 2112/2/5 2113/2/5
f 2129/2/3 2122/3/3 2114/2/3 2115/2/3
f 2111/2/3 2109/2/3 2125/2/3 2126/2/3
f 2127/2/3 2124/4/3 2123/5/3 2128/2/3
f 2108/2/5 2107/2/5 2117/2/5 2118/4/5
f 2133/2/18 2136/2/18 2131/2/18 2119/2/18
f 2119/2/5 2131/2/5 2130/5/5 2120/2/5
f 2139/2/18 2142/5/18 2116/3/18 2121/2/18
f 2107/2/2 2111/2/2 2126/2/2 2117/2/2
f 2131/2/2 2127/2/2 2128/2/2 2130/5/2
f 2109/2/4 2108/2/4 2118/4/4 2125/2/4
f 2134/2/19 2133/2/19 2119/2/19 2124/4/19
f 2124/4/4 2119/2/4 2120/2/4 2123/5/4
f 2140/5/19 2139/2/19 2121/2/19 2122/3/19
f 2125/2/20 2118/4/20 2132/5/20 2135/2/20
f 2135/2/4 2132/5/4 2133/2/4 2134/2/4
f 2118/4/21 2117/2/21 2137/3/21 2132/5/21
f 2132/5/5 2137/3/5 2136/2/5 2133/2/5
f 2123/5/20 2120/2/20 2138/2/20 2141/5/20
f 2141/5/4 2138/2/4 2139/2/4 2140/5/4
f 2120/2/21 2130/5/21 2143/5/21 2138/2/21
f 2138/2/5 2143/5/5 2142/5/5 2139/2/5
f 2146/2/4 2145/2/4 2148/2/4 2149/2/4
f 2145/2/5 2144/2/5 2147/2/5 2148/2/5
f 2147/2/2 2144/2/2 2150/2/2 2151/2/2
f 2146/2/3 2149/2/3 2151/2/3 2150/2/3
f 2150/1/1 2144/2/1 2145/2/1 2146/2/1
f 2162/3/4 2161/2/4 2153/2/4 2154/2/4
f 2156/3/2 2169/2/2 2155/2/2 2152/2/2
f 2161/2/5 2156/3/5 2152/2/5 2153/2/5
f 2169/2/3 2162/3/3 2154/2/3 2155/2/3
f 2151/2/3 2149/2/3 2165/2/3 2166/2/3
f 2167/2/3 2164/4/3 2163/5/3 2168/2/3
f 2148/2/5 2147/2/5 2157/2/5 2158/4/5
f 2173/2/18 2176/2/18 2171/2/18 2159/2/18
f 2159/2/5 2171/2/5 2170/5/5 2160/2/5
f 2179/2/18 2182/5/18 2156/3/18 2161/2/18
f 2147/2/2 2151/2/2 2166/2/2 2157/2/2
f 2171/2/2 2167/2/2 2168/2/2 2170/5/2
f 2149/2/4 2148/2/4 2158/4/4 2165/2/4
f 2174/2/19 2173/2/19 2159/2/19 2164/4/19
f 2164/4/4 2159/2/4 2160/2/4 2163/5/4
f 2180/5/19 2179/2/19 2161/2/19 2162/3/19
f 2165/2/20 2158/4/20 2172/5/20 2175/2/20
f 2175/2/4 2172/5/4 2173/2/4 2174/2/4
f 2158/4/21 2157/2/21 2177/3/21 2172/5/21
f 2172/5/5 2177/3/5 2176/2/5 2173/2/5
f 2163/5/20 2160/2/20 2178/2/20 2181/5/20
f 2181/5/4 2178/2/4 2179/2/4 2180/5/4
f 2160/2/21 2170/5/21 2183/5/21 2178/2/21
f 2178/2/5 2183/5/5 2182/5/5 2179/2/5
f 2186/2/4 2185/2/4 2188/2/4 2189/2/4
f 2185/2/5 2184/2/5 2187/2/5 2188/2/5
f 2187/2/2 2184/2/2 2190/2/2 2191/2/2
f 2186/2/3 2189/2/3 2191/2/3 2190/2/3
f 2190/1/1 2184/2/1 2185/2/1 2186/2/1
f 2202/3/4 2201/2/4 2193/2/4 2194/2/4
f 2196/3/2 2209/2/2 2195/2/2 2192/2/2
f 2201/2/5 2196/3/5 2192/2/5 2193/2/5
f 2209/2/3 2202/3/3 2194/2/3 2195/2/3
f 2191/2/3 2189/2/3 2205/2/3 2206/2/3
f 2207/2/3 2204/4/3 2203/5/3 2208/2/3
f 2188/2/5 2187/2/5 2197/2/5 2198/4/5
f 2213/2/18 2216/2/18 2211/2/18 2199/2/18
f 2199/2/5 2211/2/5 2210/5/5 2200/2/5
f 2219/2/18 2222/5/18 2196/3/18 2201/2/18
f 2187/2/2 2191/2/2 2206/2/2 2197/2/2
f 2211/2/2 2207/2/2 2208/2/2 2210/5/2
f 2189/2/4 2188/2/4 2198/4/4 2205/2/4
f 2214/2/19 2213/2/19 2199/2/19 2204/4/19
f 2204/4/4 2199/2/4 2200/2/4 2203/5/4
f 2220/5/19 2219/2/19 2201/2/19 2202/3/19
f 2205/2/20 2198/4/20 2212/5/20 2215/2/20
f 2215/2/4 2212/5/4 2213/2/4 2214/2/4
f 2198/4/21 2197/2/21 2217/3/21 2212/5/21
f 2212/5/5 2217/3/5 2216/2/5 2213/2/5
f 2203/5/20 2200/2/20 2218/2/20 2221/5/20
f 2221/5/4 2218/2/4 2219/2/4 2220/5/4
f 2200/2/21 2210/5/21 2223/5/21 2218/2/21
f 2218/2/5 2223/5/5 2222/5/5 2219/2/5
f 2226/2/4 2225/2/4 2228/2/4 2229/2/4
f 2225/2/5 2224/2/5 2227/2/5 2228/2/5
f 2227/2/2 2224/2/2 2230/2/2 2231/2/2
f 2226/2/3 2229/2/3 2231/2/3 2230/2/3
f 2230/1/1 2224/2/1 2225/2/1 2226/2/1
f 2242/3/4 2241/2/4 2233/2/4 2234/2/4
f 2236/3/2 2249/2/2 2235/2/2 2232/2/2
f 2241/2/5 2236/3/5 2232/2/5 2233/2/5
f 2249/2/3 2242/3/3 2234/2/3 2235/2/3
f 2231/2/3 2229/2/3 2245/2/3 2246/2/3
f 2247/2/3 2244/4/3 2243/5/3 2248/2/3
f 2228/2/5 2227/2/5 2237/2/5 2238/4/5
f 2253/2/18 2256/2/18 2251/2/18 2239/2/18
f 2239/2/5 2251/2/5 2250/5/5 2240/2/5
f 2259/2/18 2262/5/18 2236/3/18 2241/2/18
f 2227/2/2 2231/2/2 2246/2/2 2237/2/2
f 2251/2/2 2247/2/2 2248/2/2 2250/5/2
f 2229/2/4 2228/2/4 2238/4/4 2245/2/4
f 2254/2/19 2253/2/19 2239/2/19 2244/4/19
f 2244/4/4 2239/2/4 2240/2/4 2243/5/4
f 2260/5/19 2259/2/19 2241/2/19 2242/3/19
f 2245/2/20 2238/4/20 2252/5/20 2255/2/20
f 2255/2/4 2252/5/4 2253/2/4 2254/2/4
f 2238/4/21 2237/2/21 2257/3/21 2252/5/21
f 2252/5/5 2257/3/5 2256/2/5 2253/2/5
f 2243/5/20 2240/2/20 2258/2/20 2261/5/20
f 2261/5/4 2258/2/4 2259/2/4 2260/5/4
f 2240/2/21 2250/5/21 2263/5/21 2258/2/21
f 2258/2/5 2263/5/5 2262/5/5 2259/2/5
f 2265/1/1 2264/1/1 2268/10/1 2269/11/1
f 2270/12/4 2271/13/4 2274/14/4 2272/15/4
f 2275/16/18 2272/15/18 2273/17/18 2276/18/18
f 2279/19/22 2273/17/22 2272/15/22 2274/14/22
f 2273/17/5 2279/19/5 2277/20/5 2276/18/5
f 2274/14/21 2278/21/21 2277/20/21 2279/19/21
f 2271/13/1 2280/22/1 2278/23/1 2274/14/1
f 2283/24/2 2285/25/2 2282/26/2 2281/27/2
f 2283/28/18 2286/29/18 2287/30/18 2284/31/18
f 2284/32/23 2290/33/23 2285/25/23 2283/24/23
f 2287/18/5 2288/20/5 2290/34/5 2284/35/5
f 2289/23/21 2285/36/21 2290/37/21 2288/38/21
f 2291/22/1 2282/39/1 2285/36/1 2289/23/1
f 2294/24/2 2296/25/2 2293/26/2 2292/27/2
f 2295/35/23 2303/34/23 2296/40/23 2294/41/23
f 2294/41/18 2297/15/18 2298/42/18 2295/35/18
f 2302/19/22 2298/42/22 2297/15/22 2299/14/22
f 2300/12/4 2301/13/4 2299/14/4 2297/15/4
f 2301/13/1 2293/39/1 2296/36/1 2299/14/1
f 2299/14/21 2296/40/21 2303/34/21 2302/19/21
f 2298/42/5 2302/19/5 2303/34/5 2295/35/5
f 2306/24/2 2308/25/2 2305/26/2 2304/27/2
f 2307/35/23 2315/34/23 2308/40/23 2306/41/23
f 2306/41/18 2309/15/18 2310/42/18 2307/35/18
f 2314/19/22 2310/42/22 2309/15/22 2311/14/22
f 2312/12/4 2313/13/4 2311/14/4 2309/15/4
f 2313/13/1 2305/39/1 2308/36/1 2311/14/1
f 2311/14/21 2308/40/21 2315/34/21 2314/19/21
f 2310/42/5 2314/19/5 2315/34/5 2307/35/5
f 2269/11/5 2268/10/5 2266/1/5 2267/2/5
f 2354/43/15 2353/44/15 2339/44/15 2340/43/15
f 2353/44/14 2352/45/14 2344/46/14 2339/44/14
f 2357/47/13 2356/48/13 2338/48/13 2343/49/13
f 2339/44/1 2344/46/1 2345/50/1 2340/43/1
f 2337/51/1 2342/52/1 2343/49/1 2338/48/1
f 2335/11/1 2347/53/1 2341/54/1 2336/55/1
f 2332/56/1 2346/57/1 2334/58/1 2333/10/1
f 2355/59/13 2354/43/13 2340/43/13 2345/50/13
f 2352/45/12 2355/59/12 2345/50/12 2344/46/12
f 2349/10/15 2348/56/15 2332/56/15 2333/10/15
f 2358/60/12 2357/47/12 2343/49/12 2342/52/12
f 2362/61/15 2361/11/15 2335/11/15 2336/55/15
f 2363/62/13 2362/61/13 2336/55/13 2341/54/13
f 2360/53/12 2363/62/12 2341/54/12 2347/53/12
f 2359/63/14 2358/60/14 2342/52/14 2337/51/14
f 2348/56/14 2351/64/14 2346/57/14 2332/56/14
f 2351/64/12 2350/58/12 2334/58/12 2346/57/12
f 2356/48/15 2359/63/15 2337/51/15 2338/48/15
f 2331/65/3 2324/58/3 2350/58/3 2351/64/3
f 2316/10/5 2323/66/5 2348/56/5 2349/10/5
f 2329/67/3 2330/59/3 2355/59/3 2352/45/3
f 2322/43/5 2321/68/5 2353/44/5 2354/43/5
f 2320/48/5 2319/63/5 2359/63/5 2356/48/5
f 2327/60/3 2328/47/3 2357/47/3 2358/60/3
f 2325/53/3 2326/54/3 2363/62/3 2360/53/3
f 2318/55/5 2317/11/5 2361/11/5 2362/61/5
f 2362/61/2 2363/62/2 2386/62/2 2384/61/2
f 2327/60/4 2358/60/4 2380/60/4 2381/60/4
f 2355/59/2 2330/59/2 2375/59/2 2374/59/2
f 2318/55/2 2362/61/2 2384/61/2 2385/55/2
f 2328/47/2 2320/48/2 2376/48/2 2379/47/2
f 2331/65/4 2351/64/4 2367/64/4 2366/65/4
f 2359/63/4 2319/63/4 2383/63/4 2382/63/4
f 2329/67/4 2352/45/4 2369/45/4 2368/67/4
f 2356/48/2 2357/47/2 2378/47/2 2377/48/2
f 2348/56/4 2323/66/4 2364/66/4 2365/56/4
f 2363/62/2 2326/54/2 2387/54/2 2386/62/2
f 2320/48/2 2356/48/2 2377/48/2 2376/48/2
f 2330/59/2 2322/43/2 2373/43/2 2375/59/2
f 2353/44/4 2321/68/4 2371/68/4 2370/44/4
f 2323/66/4 2331/65/4 2366/65/4 2364/66/4
f 2354/43/2 2355/59/2 2374/59/2 2372/43/2
f 2319/63/4 2327/60/4 2381/60/4 2383/63/4
f 2357/47/2 2328/47/2 2379/47/2 2378/47/2
f 2351/64/4 2348/56/4 2365/56/4 2367/64/4
f 2321/68/4 2329/67/4 2368/67/4 2371/68/4
f 2358/60/4 2359/63/4 2382/63/4 2380/60/4
f 2326/54/2 2318/55/2 2385/55/2 2387/54/2
f 2322/43/2 2354/43/2 2372/43/2 2373/43/2
f 2352/45/4 2353/44/4 2370/44/4 2369/45/4
f 2367/64/1 2365/56/1 2372/43/1 2374/59/1
f 2364/66/5 2373/43/5 2372/43/5 2365/56/5
f 2366/65/3 2367/64/3 2374/59/3 2375/59/3
f 2368/67/3 2369/45/3 2378/47/3 2379/47/3
f 2369/45/1 2370/44/1 2377/48/1 2378/47/1
f 2370/44/5 2371/68/5 2376/48/5 2377/48/5
f 2383/63/5 2385/55/5 2384/61/5 2382/63/5
f 2380/60/1 2382/63/1 2384/61/1 2386/62/1
f 2381/60/3 2380/60/3 2386/62/3 2387/54/3
f 2389/1/1 2388/1/1 2392/10/1 2393/11/1
f 2394/12/4 2395/13/4 2398/14/4 2396/15/4
f 2399/16/18 2396/15/18 2397/17/18 2400/18/18
f 2403/19/22 2397/17/22 2396/15/22 2398/14/22
f 2397/17/5 2403/19/5 2401/20/5 2400/18/5
f 2398/14/21 2402/21/21 2401/20/21 2403/19/21
f 2395/13/1 2404/22/1 2402/23/1 2398/14/1
f 2407/24/2 2409/25/2 2406/26/2 2405/27/2
f 2407/28/18 2410/29/18 2411/30/18 2408/31/18
f 2408/32/23 2414/33/23 2409/25/23 2407/24/23
f 2411/18/5 2412/20/5 2414/34/5 2408/35/5
f 2413/23/21 2409/36/21 2414/37/21 2412/38/21
f 2415/22/1 2406/39/1 2409/36/1 2413/23/1
f 2418/24/2 2420/25/2 2417/26/2 2416/27/2
f 2419/35/23 2427/34/23 2420/40/23 2418/41/23
f 2418/41/18 2421/15/18 2422/42/18 2419/35/18
f 2426/19/22 2422/42/22 2421/15/22 2423/14/22
f 2424/12/4 2425/13/4 2423/14/4 2421/15/4
f 2425/13/1 2417/39/1 2420/36/1 2423/14/1
f 2423/14/21 2420/40/21 2427/34/21 2426/19/21
f 2422/42/5 2426/19/5 2427/34/5 2419/35/5
f 2430/24/2 2432/25/2 2429/26/2 2428/27/2
f 2431/35/23 2439/34/23 2432/40/23 2430/41/23
f 2430/41/18 2433/15/18 2434/42/18 2431/35/18
f 2438/19/22 2434/42/22 2433/15/22 2435/14/22
f 2436/12/4 2437/13/4 2435/14/4 2433/15/4
f 2437/13/1 2429/39/1 2432/36/1 2435/14/1
f 2435/14/21 2432/40/21 2439/34/21 2438/19/21
f 2434/42/5 2438/19/5 2439/34/5 2431/35/5
f 2393/11/5 2392/10/5 2390/1/5 2391/2/5
f 2478/43/15 2477/44/15 2463/44/15 2464/43/15
f 2477/44/14 2476/45/14 2468/46/14 2463/44/14
f 2481/47/13 2480/48/13 2462/48/13 2467/49/13
f 2463/44/1 2468/46/1 2469/50/1 2464/43/1
f 2461/51/1 2466/52/1 2467/49/1 2462/48/1
f 2459/11/1 2471/53/1 2465/54/1 2460/55/1
f 2456/56/1 2470/57/1 2458/58/1 2457/10/1
f 2479/59/13 2478/43/13 2464/43/13 2469/50/13
f 2476/45/12 2479/59/12 2469/50/12 2468/46/12
f 2473/10/15 2472/56/15 2456/56/15 2457/10/15
f 2482/60/12 2481/47/12 2467/49/12 2466/52/12
f 2486/61/15 2485/11/15 2459/11/15 2460/55/15
f 2487/62/13 2486/61/13 2460/55/13 2465/54/13
f 2484/53/12 2487/62/12 2465/54/12 2471/53/12
f 2483/63/14 2482/60/14 2466/52/14 2461/51/14
f 2472/56/14 2475/64/14 2470/57/14 2456/56/14
f 2475/64/12 2474/58/12 2458/58/12 2470/57/12
f 2480/48/15 2483/63/15 2461/51/15 2462/48/15
f 2455/65/3 2448/58/3 2474/58/3 2475/64/3
f 2440/10/5 2447/66/5 2472/56/5 2473/10/5
f 2453/67/3 2454/59/3 2479/59/3 2476/45/3
f 2446/43/5 2445/68/5 2477/44/5 2478/43/5
f 2444/48/5 2443/63/5 2483/63/5 2480/48/5
f 2451/60/3 2452/47/3 2481/47/3 2482/60/3
f 2449/53/3 2450/54/3 2487/62/3 2484/53/3
f 2442/55/5 2441/11/5 2485/11/5 2486/61/5
f 2486/61/2 2487/62/2 2510/62/2 2508/61/2
f 2451/60/4 2482/60/4 2504/60/4 2505/60/4
f 2479/59/2 2454/59/2 2499/59/2 2498/59/2
f 2442/55/2 2486/61/2 2508/61/2 2509/55/2
f 2452/47/2 2444/48/2 2500/48/2 2503/47/2
f 2455/65/4 2475/64/4 2491/64/4 2490/65/4
f 2483/63/4 2443/63/4 2507/63/4 2506/63/4
f 2453/67/4 2476/45/4 2493/45/4 2492/67/4
f 2480/48/2 2481/47/2 2502/47/2 2501/48/2
f 2472/56/4 2447/66/4 2488/66/4 2489/56/4
f 2487/62/2 2450/54/2 2511/54/2 2510/62/2
f 2444/48/2 2480/48/2 2501/48/2 2500/48/2
f 2454/59/2 2446/43/2 2497/43/2 2499/59/2
f 2477/44/4 2445/68/4 2495/68/4 2494/44/4
f 2447/66/4 2455/65/4 2490/65/4 2488/66/4
f 2478/43/2 2479/59/2 2498/59/2 2496/43/2
f 2443/63/4 2451/60/4 2505/60/4 2507/63/4
f 2481/47/2 2452/47/2 2503/47/2 2502/47/2
f 2475/64/4 2472/56/4 2489/56/4 2491/64/4
f 2445/68/4 2453/67/4 2492/67/4 2495/68/4
f 2482/60/4 2483/63/4 2506/63/4 2504/60/4
f 2450/54/2 2442/55/2 2509/55/2 2511/54/2
f 2446/43/2 2478/43/2 2496/43/2 2497/43/2
f 2476/45/4 2477/44/4 2494/44/4 2493/45/4
f 2491/64/1 2489/56/1 2496/43/1 2498/59/1
f 2488/66/5 2497/43/5 2496/43/5 2489/56/5
f 2490/65/3 2491/64/3 2498/59/3 2499/59/3
f 2492/67/3 2493/45/3 2502/47/3 2503/47/3
f 2493/45/1 2494/44/1 2501/48/1 2502/47/1
f 2494/44/5 2495/68/5 2500/48/5 2501/48/5
f 2507/63/5 2509/55/5 2508/61/5 2506/63/5
f 2504/60/1 2506/63/1 2508/61/1 2510/62/1
f 2505/60/3 2504/60/3 2510/62/3 2511/54/3
f 2514/12/4 2515/13/4 2518/14/4 2516/15/4
f 2519/16/18 2516/15/18 2517/17/18 2520/18/18
f 2523/19/22 2517/17/22 2516/15/22 2518/14/22
f 2517/17/5 2523/19/5 2521/20/5 2520/18/5
f 2518/14/21 2522/21/21 2521/20/21 2523/19/21
f 2515/13/1 2524/22/1 2522/23/1 2518/14/1
f 2527/24/2 2529/25/2 2526/26/2 2525/27/2
f 2528/35/23 2536/34/23 2529/40/23 2527/41/23
f 2527/41/18 2530/15/18 2531/42/18 2528/35/18
f 2535/19/22 2531/42/22 2530/15/22 2532/14/22
f 2533/12/4 2534/13/4 2532/14/4 2530/15/4
f 2534/13/1 2526/39/1 2529/36/1 2532/14/1
f 2532/14/21 2529/40/21 2536/34/21 2535/19/21
f 2531/42/5 2535/19/5 2536/34/5 2528/35/5
f 2539/24/2 2541/25/2 2538/26/2 2537/27/2
f 2540/35/23 2548/34/23 2541/40/23 2539/41/23
f 2539/41/18 2542/15/18 2543/42/18 2540/35/18
f 2547/19/22 2543/42/22 2542/15/22 2544/14/22
f 2545/12/4 2546/13/4 2544/14/4 2542/15/4
f 2546/13/1 2538/39/1 2541/36/1 2544/14/1
f 2544/14/21 2541/40/21 2548/34/21 2547/19/21
f 2543/42/5 2547/19/5 2548/34/5 2540/35/5
f 2604/11/5 2565/10/5 2513/1/5 2612/2/5
f 2512/1/1 2565/10/1 2604/11/1 2549/1/1
f 2574/43/15 2572/44/15 2555/44/15 2556/43/15
f 2572/44/14 2571/45/14 2559/46/14 2555/44/14
f 2580/47/13 2579/48/13 2554/48/13 2558/49/13
f 2555/44/1 2559/46/1 2560/50/1 2556/43/1
f 2553/51/1 2557/52/1 2558/49/1 2554/48/1
f 2550/56/1 2561/57/1 2552/58/1 2551/10/1
f 2576/59/13 2574/43/13 2556/43/13 2560/50/13
f 2571/45/12 2576/59/12 2560/50/12 2559/46/12
f 2564/10/15 2563/56/15 2550/56/15 2551/10/15
f 2582/60/12 2580/47/12 2558/49/12 2557/52/12
f 2584/63/14 2582/60/14 2557/52/14 2553/51/14
f 2563/56/14 2569/64/14 2561/57/14 2550/56/14
f 2569/64/12 2566/58/12 2552/58/12 2561/57/12
f 2579/48/15 2584/63/15 2553/51/15 2554/48/15
f 2568/65/3 2567/58/3 2566/58/3 2569/64/3
f 2565/10/5 2562/66/5 2563/56/5 2564/10/5
f 2570/67/3 2577/59/3 2576/59/3 2571/45/3
f 2575/43/5 2573/68/5 2572/44/5 2574/43/5
f 2578/48/5 2606/63/5 2584/63/5 2579/48/5
f 2583/60/3 2581/47/3 2580/47/3 2582/60/3
f 2576/59/2 2577/59/2 2596/59/2 2595/59/2
f 2581/47/2 2578/48/2 2597/48/2 2600/47/2
f 2568/65/4 2569/64/4 2588/64/4 2587/65/4
f 2570/67/4 2571/45/4 2590/45/4 2589/67/4
f 2579/48/2 2580/47/2 2599/47/2 2598/48/2
f 2563/56/4 2562/66/4 2585/66/4 2586/56/4
f 2578/48/2 2579/48/2 2598/48/2 2597/48/2
f 2577/59/2 2575/43/2 2594/43/2 2596/59/2
f 2572/44/4 2573/68/4 2592/68/4 2591/44/4
f 2562/66/4 2568/65/4 2587/65/4 2585/66/4
f 2574/43/2 2576/59/2 2595/59/2 2593/43/2
f 2580/47/2 2581/47/2 2600/47/2 2599/47/2
f 2569/64/4 2563/56/4 2586/56/4 2588/64/4
f 2573/68/4 2570/67/4 2589/67/4 2592/68/4
f 2575/43/2 2574/43/2 2593/43/2 2594/43/2
f 2571/45/4 2572/44/4 2591/44/4 2590/45/4
f 2588/64/1 2586/56/1 2593/43/1 2595/59/1
f 2585/66/5 2594/43/5 2593/43/5 2586/56/5
f 2587/65/3 2588/64/3 2595/59/3 2596/59/3
f 2589/67/3 2590/45/3 2599/47/3 2600/47/3
f 2590/45/1 2591/44/1 2598/48/1 2599/47/1
f 2591/44/5 2592/68/5 2597/48/5 2598/48/5
f 2602/44/15 2603/44/15 2608/46/15 2605/45/15
f 2606/67/2 2605/45/2 2601/59/2 2607/59/2
f 2602/44/5 2605/45/5 2606/67/5 2604/68/5
f 2605/45/13 2608/46/13 2609/50/13 2601/59/13
f 2609/121/1 2608/46/1 2603/44/1
f 2615/3/2 2614/2/2 2612/2/2 2610/2/2
f 2613/2/5 2615/3/5 2610/2/5 2611/2/5
f 2619/32/23 2621/33/23 2622/25/23 2620/24/23
f 2620/24/2 2622/25/2 2617/26/2 2616/27/2
f 2618/22/1 2617/39/1 2622/23/1
f 2626/2/18 2619/5/18 2620/3/18 2624/2/18
f 2623/2/21 2622/5/21 2621/5/21 2625/2/21
f 2625/2/5 2621/5/5 2619/5/5 2626/2/5
f 2623/2/1 2618/1/1 2622/5/1
f 2630/12/2 2632/15/2 2634/14/2 2631/13/2
f 2635/16/18 2636/18/18 2633/17/18 2632/15/18
f 2639/19/23 2634/14/23 2632/15/23 2633/17/23
f 2633/17/5 2636/18/5 2637/20/5 2639/19/5
f 2634/14/21 2639/19/21 2637/20/21 2638/21/21
f 2631/13/1 2634/14/1 2638/23/1 2640/22/1
f 2643/24/4 2641/27/4 2642/26/4 2645/25/4
f 2644/35/22 2643/41/22 2645/40/22 2652/34/22
f 2643/41/18 2644/35/18 2647/42/18 2646/15/18
f 2651/19/23 2648/14/23 2646/15/23 2647/42/23
f 2649/12/2 2646/15/2 2648/14/2 2650/13/2
f 2650/13/1 2648/14/1 2645/36/1 2642/39/1
f 2648/14/21 2651/19/21 2652/34/21 2645/40/21
f 2647/42/5 2644/35/5 2652/34/5 2651/19/5
f 2655/24/4 2653/27/4 2654/26/4 2657/25/4
f 2656/35/22 2655/41/22 2657/40/22 2664/34/22
f 2655/41/18 2656/35/18 2659/42/18 2658/15/18
f 2663/19/23 2660/14/23 2658/15/23 2659/42/23
f 2661/12/2 2658/15/2 2660/14/2 2662/13/2
f 2662/13/1 2660/14/1 2657/36/1 2654/39/1
f 2660/14/21 2663/19/21 2664/34/21 2657/40/21
f 2659/42/5 2656/35/5 2664/34/5 2663/19/5
f 2723/11/5 2629/2/5 2628/1/5 2681/10/5
f 2627/1/1 2665/1/1 2723/11/1 2681/10/1
f 2690/43/15 2672/43/15 2671/44/15 2688/44/15
f 2688/44/13 2671/44/13 2675/46/13 2687/45/13
f 2696/47/14 2674/49/14 2670/48/14 2695/48/14
f 2671/44/1 2672/43/1 2676/50/1 2675/46/1
f 2669/51/1 2670/48/1 2674/49/1 2673/52/1
f 2666/56/1 2667/10/1 2668/58/1 2677/57/1
f 2692/59/14 2676/50/14 2672/43/14 2690/43/14
f 2687/45/12 2675/46/12 2676/50/12 2692/59/12
f 2680/10/15 2667/10/15 2666/56/15 2679/56/15
f 2698/60/12 2673/52/12 2674/49/12 2696/47/12
f 2700/63/13 2669/51/13 2673/52/13 2698/60/13
f 2679/56/13 2666/56/13 2677/57/13 2685/64/13
f 2685/64/12 2677/57/12 2668/58/12 2682/58/12
f 2695/48/15 2670/48/15 2669/51/15 2700/63/15
f 2684/65/3 2685/64/3 2682/58/3 2683/58/3
f 2681/10/5 2680/10/5 2679/56/5 2678/66/5
f 2686/67/3 2687/45/3 2692/59/3 2693/59/3
f 2691/43/5 2690/43/5 2688/44/5 2689/68/5
f 2694/48/5 2695/48/5 2700/63/5 2719/63/5
f 2699/60/3 2698/60/3 2696/47/3 2697/47/3
f 2692/59/4 2711/59/4 2712/59/4 2693/59/4
f 2697/47/4 2716/47/4 2713/48/4 2694/48/4
f 2684/65/2 2703/65/2 2704/64/2 2685/64/2
f 2686/67/2 2705/67/2 2706/45/2 2687/45/2
f 2695/48/4 2714/48/4 2715/47/4 2696/47/4
f 2679/56/2 2702/56/2 2701/66/2 2678/66/2
f 2694/48/4 2713/48/4 2714/48/4 2695/48/4
f 2693/59/4 2712/59/4 2710/43/4 2691/43/4
f 2688/44/2 2707/44/2 2708/68/2 2689/68/2
f 2678/66/2 2701/66/2 2703/65/2 2684/65/2
f 2690/43/4 2709/43/4 2711/59/4 2692/59/4
f 2696/47/4 2715/47/4 2716/47/4 2697/47/4
f 2685/64/2 2704/64/2 2702/56/2 2679/56/2
f 2689/68/2 2708/68/2 2705/67/2 2686/67/2
f 2691/43/4 2710/43/4 2709/43/4 2690/43/4
f 2687/45/2 2706/45/2 2707/44/2 2688/44/2
f 2704/64/1 2711/59/1 2709/43/1 2702/56/1
f 2701/66/5 2702/56/5 2709/43/5 2710/43/5
f 2703/65/3 2712/59/3 2711/59/3 2704/64/3
f 2705/67/3 2716/47/3 2715/47/3 2706/45/3
f 2706/45/1 2715/47/1 2714/48/1 2707/44/1
f 2707/44/5 2714/48/5 2713/48/5 2708/68/5
f 2720/59/14 2725/50/14 2718/43/14 2717/43/14
f 2717/43/15 2718/43/15 2722/44/15 2721/44/15
f 2719/43/5 2717/43/5 2721/44/5 2723/68/5
f 2719/43/4 2724/59/4 2720/59/4 2717/43/4
f 2722/44/1 2718/43/1 2725/121/1
f 2729/3/5 2728/2/5 2726/2/5 2727/2/5
f 2730/2/4 2729/3/4 2727/2/4 2629/2/4
f 2733/32/22 2734/24/22 2736/25/22 2735/33/22
f 2734/24/4 2731/27/4 2732/26/4 2736/25/4
f 2741/22/1 2736/36/1 2732/39/1
f 2733/5/18 2740/2/18 2738/2/18 2734/3/18
f 2736/5/21 2737/2/21 2739/2/21 2735/5/21
f 2735/5/5 2739/2/5 2740/2/5 2733/5/5
f 2736/5/1 2741/1/1 2737/2/1
f 2745/12/5 2747/15/5 2749/14/5 2746/13/5
f 2750/16/19 2751/18/19 2748/17/19 2747/15/19
f 2754/19/24 2749/14/24 2747/15/24 2748/17/24
f 2748/17/4 2751/18/4 2752/20/4 2754/19/4
f 2749/14/20 2754/19/20 2752/20/20 2753/21/20
f 2746/13/1 2749/14/1 2753/23/1 2755/22/1
f 2758/24/3 2756/27/3 2757/26/3 2760/25/3
f 2759/35/25 2758/41/25 2760/40/25 2767/34/25
f 2758/41/19 2759/35/19 2762/42/19 2761/15/19
f 2766/19/24 2763/14/24 2761/15/24 2762/42/24
f 2764/12/5 2761/15/5 2763/14/5 2765/13/5
f 2765/13/1 2763/14/1 2760/36/1 2757/39/1
f 2763/14/20 2766/19/20 2767/34/20 2760/40/20
f 2762/42/4 2759/35/4 2767/34/4 2766/19/4
f 2770/24/3 2768/27/3 2769/26/3 2772/25/3
f 2771/35/25 2770/41/25 2772/40/25 2779/34/25
f 2770/41/19 2771/35/19 2774/42/19 2773/15/19
f 2778/19/24 2775/14/24 2773/15/24 2774/42/24
f 2776/12/5 2773/15/5 2775/14/5 2777/13/5
f 2777/13/1 2775/14/1 2772/36/1 2769/39/1
f 2775/14/20 2778/19/20 2779/34/20 2772/40/20
f 2774/42/4 2771/35/4 2779/34/4 2778/19/4
f 2838/11/4 2744/2/4 2743/1/4 2796/10/4
f 2742/1/1 2780/1/1 2838/11/1 2796/10/1
f 2805/43/14 2787/43/14 2786/44/14 2803/44/14
f 2803/44/15 2786/44/15 2790/46/15 2802/45/15
f 2811/47/12 2789/49/12 2785/48/12 2810/48/12
f 2786/44/1 2787/43/1 2791/50/1 2790/46/1
f 2784/51/1 2785/48/1 2789/49/1 2788/52/1
f 2781/56/1 2782/10/1 2783/58/1 2792/57/1
f 2807/59/12 2791/50/12 2787/43/12 2805/43/12
f 2802/45/13 2790/46/13 2791/50/13 2807/59/13
f 2795/10/14 2782/10/14 2781/56/14 2794/56/14
f 2813/60/13 2788/52/13 2789/49/13 2811/47/13
f 2815/63/15 2784/51/15 2788/52/15 2813/60/15
f 2794/56/15 2781/56/15 2792/57/15 2800/64/15
f 2800/64/13 2792/57/13 2783/58/13 2797/58/13
f 2810/48/14 2785/48/14 2784/51/14 2815/63/14
f 2799/65/2 2800/64/2 2797/58/2 2798/58/2
f 2796/10/4 2795/10/4 2794/56/4 2793/66/4
f 2801/67/2 2802/45/2 2807/59/2 2808/59/2
f 2806/43/4 2805/43/4 2803/44/4 2804/68/4
f 2809/48/4 2810/48/4 2815/63/4 2834/63/4
f 2814/60/2 2813/60/2 2811/47/2 2812/47/2
f 2807/59/3 2826/59/3 2827/59/3 2808/59/3
f 2812/47/3 2831/47/3 2828/48/3 2809/48/3
f 2799/65/5 2818/65/5 2819/64/5 2800/64/5
f 2801/67/5 2820/67/5 2821/45/5 2802/45/5
f 2810/48/3 2829/48/3 2830/47/3 2811/47/3
f 2794/56/5 2817/56/5 2816/66/5 2793/66/5
f 2809/48/3 2828/48/3 2829/48/3 2810/48/3
f 2808/59/3 2827/59/3 2825/43/3 2806/43/3
f 2803/44/5 2822/44/5 2823/68/5 2804/68/5
f 2793/66/5 2816/66/5 2818/65/5 2799/65/5
f 2805/43/3 2824/43/3 2826/59/3 2807/59/3
f 2811/47/3 2830/47/3 2831/47/3 2812/47/3
f 2800/64/5 2819/64/5 2817/56/5 2794/56/5
f 2804/68/5 2823/68/5 2820/67/5 2801/67/5
f 2806/43/3 2825/43/3 2824/43/3 2805/43/3
f 2802/45/5 2821/45/5 2822/44/5 2803/44/5
f 2819/64/1 2826/59/1 2824/43/1 2817/56/1
f 2816/66/4 2817/56/4 2824/43/4 2825/43/4
f 2818/65/2 2827/59/2 2826/59/2 2819/64/2
f 2820/67/2 2831/47/2 2830/47/2 2821/45/2
f 2821/45/1 2830/47/1 2829/48/1 2822/44/1
f 2822/44/4 2829/48/4 2828/48/4 2823/68/4
f 2835/59/12 2840/50/12 2833/43/12 2832/43/12
f 2832/43/14 2833/43/14 2837/44/14 2836/44/14
f 2834/43/4 2832/43/4 2836/44/4 2838/68/4
f 2834/43/3 2839/59/3 2835/59/3 2832/43/3
f 2837/44/1 2833/43/1 2840/121/1
f 2844/3/4 2843/2/4 2841/2/4 2842/2/4
f 2845/2/3 2844/3/3 2842/2/3 2744/2/3
f 2848/32/25 2849/24/25 2851/25/25 2850/33/25
f 2849/24/3 2846/27/3 2847/26/3 2851/25/3
f 2856/22/1 2851/36/1 2847/39/1
f 2848/5/19 2855/2/19 2853/2/19 2849/3/19
f 2851/5/20 2852/2/20 2854/2/20 2850/5/20
f 2850/5/4 2854/2/4 2855/2/4 2848/5/4
f 2851/5/1 2856/1/1 2852/2/1
f 2859/6/4 2860/7/4 2858/8/4 2857/9/4
f 2862/1/4 2863/2/4 2864/7/4 2861/6/4
f 2860/7/1 2859/6/1 2861/6/1 2864/7/1
f 2867/6/4 2868/7/4 2866/8/4 2865/9/4
f 2870/1/4 2871/2/4 2872/7/4 2869/6/4
f 2868/7/1 2867/6/1 2869/6/1 2872/7/1
f 2875/6/4 2876/7/4 2874/8/4 2873/9/4
f 2878/1/4 2879/2/4 2880/7/4 2877/6/4
f 2876/7/1 2875/6/1 2877/6/1 2880/7/1
f 2883/6/4 2884/7/4 2882/8/4 2881/9/4
f 2886/1/4 2887/2/4 2888/7/4 2885/6/4
f 2884/7/1 2883/6/1 2885/6/1 2888/7/1
f 2910/69/4 2909/70/4 2911/71/4 2912/72/4
f 2906/73/4 2905/74/4 2907/75/4 2908/76/4
f 2902/77/4 2901/78/4 2903/79/4 2904/80/4
f 2914/81/5 2913/82/5 2901/78/5 2902/77/5
f 2915/83/3 2916/84/3 2904/80/3 2903/79/3
f 2918/85/5 2917/86/5 2905/74/5 2906/73/5
f 2919/87/3 2920/88/3 2908/76/3 2907/75/3
f 2922/89/5 2921/90/5 2909/70/5 2910/69/5
f 2923/91/3 2924/92/3 2912/72/3 2911/71/3
f 2906/73/26 2908/76/26 2920/88/26 2918/93/26
f 2910/69/26 2912/72/26 2924/92/26 2922/94/26
f 2902/77/26 2904/80/26 2916/84/26 2914/95/26
f 2921/90/27 2923/96/27 2911/71/27 2909/70/27
f 2917/86/27 2919/97/27 2907/75/27 2905/74/27
f 2913/82/27 2915/98/27 2903/79/27 2901/78/27
f 2893/99/4 2915/98/4 2913/82/4 2900/100/4
f 2891/101/4 2900/102/4 2913/103/4 2914/81/4
f 2899/104/4 2891/105/4 2914/95/4 2916/84/4
f 2915/98/4 2893/99/4 2894/106/4 2917/107/4
f 2916/108/4 2915/83/4 2917/107/4 2918/85/4
f 2899/104/4 2916/108/4 2918/93/4 2898/109/4
f 2895/110/4 2919/97/4 2917/86/4 2894/106/4
f 2897/111/4 2898/109/4 2918/93/4 2920/88/4
f 2919/97/4 2895/110/4 2896/112/4 2921/113/4
f 2920/114/4 2919/87/4 2921/113/4 2922/89/4
f 2897/111/4 2920/114/4 2922/94/4 2892/115/4
f 2890/116/4 2923/96/4 2921/90/4 2896/112/4
f 2892/115/4 2922/94/4 2924/92/4 2889/117/4
f 2924/118/4 2923/91/4 2890/119/4 2889/120/4
f 2925/12/3 2926/13/3 2929/14/3 2927/15/3
f 2930/16/19 2927/15/19 2928/17/19 2931/18/19
f 2934/19/25 2928/17/25 2927/15/25 2929/14/25
f 2928/17/4 2934/19/4 2932/20/4 2931/18/4
f 2929/14/20 2933/21/20 2932/20/20 2934/19/20
f 2926/13/1 2935/22/1 2933/23/1 2929/14/1
f 2938/24/5 2940/25/5 2937/26/5 2936/27/5
f 2938/28/19 2941/29/19 2942/30/19 2939/31/19
f 2939/32/24 2945/33/24 2940/25/24 2938/24/24
f 2942/18/4 2943/20/4 2945/34/4 2939/35/4
f 2944/23/20 2940/36/20 2945/37/20 2943/38/20
f 2946/22/1 2937/39/1 2940/36/1 2944/23/1
f 2947/12/3 2948/13/3 2951/14/3 2949/15/3
f 2952/16/19 2949/15/19 2950/17/19 2953/18/19
f 2956/19/25 2950/17/25 2949/15/25 2951/14/25
f 2950/17/4 2956/19/4 2954/20/4 2953/18/4
f 2951/14/20 2955/21/20 2954/20/20 2956/19/20
f 2948/13/1 2957/22/1 2955/23/1 2951/14/1
f 2960/24/5 2962/25/5 2959/26/5 2958/27/5
f 2960/28/19 2963/29/19 2964/30/19 2961/31/19
f 2961/32/24 2967/33/24 2962/25/24 2960/24/24
f 2964/18/4 2965/20/4 2967/34/4 2961/35/4
f 2966/23/20 2962/36/20 2967/37/20 2965/38/20
f 2968/22/1 2959/39/1 2962/36/1 2966/23/1
f 2971/24/5 2973/25/5 2970/26/5 2969/27/5
f 2971/41/19 2974/15/19 2975/42/19 2972/35/19
f 2972/35/24 2980/34/24 2973/40/24 2971/41/24
f 2979/19/25 2975/42/25 2974/15/25 2976/14/25
f 2977/12/3 2978/13/3 2976/14/3 2974/15/3
f 2978/13/1 2970/39/1 2973/36/1 2976/14/1
f 2976/14/20 2973/40/20 2980/34/20 2979/19/20
f 2975/42/4 2979/19/4 2980/34/4 2972/35/4
f 2983/24/5 2985/25/5 2982/26/5 2981/27/5
f 2983/41/19 2986/15/19 2987/42/19 2984/35/19
f 2984/35/24 2992/34/24 2985/40/24 2983/41/24
f 2991/19/25 2987/42/25 2986/15/25 2988/14/25
f 2989/12/3 2990/13/3 2988/14/3 2986/15/3
f 2990/13/1 2982/39/1 2985/36/1 2988/14/1
f 2988/14/20 2985/40/20 2992/34/20 2991/19/20
f 2987/42/4 2991/19/4 2992/34/4 2984/35/4
f 2995/24/5 2997/25/5 2994/26/5 2993/27/5
f 2995/41/19 2998/15/19 2999/42/19 2996/35/19
f 2996/35/24 3004/34/24 2997/40/24 2995/41/24
f 3003/19/25 2999/42/25 2998/15/25 3000/14/25
f 3001/12/3 3002/13/3 3000/14/3 2998/15/3
f 3002/13/1 2994/39/1 2997/36/1 3000/14/1
f 3000/14/20 2997/40/20 3004/34/20 3003/19/20
f 2999/42/4 3003/19/4 3004/34/4 2996/35/4
f 3007/24/5 3009/25/5 3006/26/5 3005/27/5
f 3007/41/19 3010/15/19 3011/42/19 3008/35/19
f 3008/35/24 3016/34/24 3009/40/24 3007/41/24
f 3015/19/25 3011/42/25 3010/15/25 3012/14/25
f 3013/12/3 3014/13/3 3012/14/3 3010/15/3
f 3014/13/1 3006/39/1 3009/36/1 3012/14/1
f 3012/14/20 3009/40/20 3016/34/20 3015/19/20
f 3011/42/4 3015/19/4 3016/34/4 3008/35/4
f 3038/69/4 3037/70/4 3039/71/4 3040/72/4
f 3034/73/4 3033/74/4 3035/75/4 3036/76/4
f 3030/77/4 3029/78/4 3031/79/4 3032/80/4
f 3042/81/5 3041/82/5 3029/78/5 3030/77/5
f 3043/83/3 3044/84/3 3032/80/3 3031/79/3
f 3046/85/5 3045/86/5 3033/74/5 3034/73/5
f 3047/87/3 3048/88/3 3036/76/3 3035/75/3
f 3050/89/5 3049/90/5 3037/70/5 3038/69/5
f 3051/91/3 3052/92/3 3040/72/3 3039/71/3
f 3034/73/26 3036/76/26 3048/88/26 3046/93/26
f 3038/69/26 3040/72/26 3052/92/26 3050/94/26
f 3030/77/26 3032/80/26 3044/84/26 3042/95/26
f 3049/90/27 3051/96/27 3039/71/27 3037/70/27
f 3045/86/27 3047/97/27 3035/75/27 3033/74/27
f 3041/82/27 3043/98/27 3031/79/27 3029/78/27
f 3021/99/4 3043/98/4 3041/82/4 3028/100/4
f 3019/101/4 3028/102/4 3041/103/4 3042/81/4
f 3027/104/4 3019/105/4 3042/95/4 3044/84/4
f 3043/98/4 3021/99/4 3022/106/4 3045/107/4
f 3044/108/4 3043/83/4 3045/107/4 3046/85/4
f 3027/104/4 3044/108/4 3046/93/4 3026/109/4
f 3023/110/4 3047/97/4 3045/86/4 3022/106/4
f 3025/111/4 3026/109/4 3046/93/4 3048/88/4
f 3047/97/4 3023/110/4 3024/112/4 3049/113/4
f 3048/114/4 3047/87/4 3049/113/4 3050/89/4
f 3025/111/4 3048/114/4 3050/94/4 3020/115/4
f 3018/116/4 3051/96/4 3049/90/4 3024/112/4
f 3020/115/4 3050/94/4 3052/92/4 3017/117/4
f 3052/118/4 3051/91/4 3018/119/4 3017/120/4
f 3053/12/3 3054/13/3 3057/14/3 3055/15/3
f 3058/16/19 3055/15/19 3056/17/19 3059/18/19
f 3062/19/25 3056/17/25 3055/15/25 3057/14/25
f 3056/17/4 3062/19/4 3060/20/4 3059/18/4
f 3057/14/20 3061/21/20 3060/20/20 3062/19/20
f 3054/13/1 3063/22/1 3061/23/1 3057/14/1
f 3066/24/5 3068/25/5 3065/26/5 3064/27/5
f 3066/28/19 3069/29/19 3070/30/19 3067/31/19
f 3067/32/24 3073/33/24 3068/25/24 3066/24/24
f 3070/18/4 3071/20/4 3073/34/4 3067/35/4
f 3072/23/20 3068/36/20 3073/37/20 3071/38/20
f 3074/22/1 3065/39/1 3068/36/1 3072/23/1
f 3075/12/3 3076/13/3 3079/14/3 3077/15/3
f 3080/16/19 3077/15/19 3078/17/19 3081/18/19
f 3084/19/25 3078/17/25 3077/15/25 3079/14/25
f 3078/17/4 3084/19/4 3082/20/4 3081/18/4
f 3079/14/20 3083/21/20 3082/20/20 3084/19/20
f 3076/13/1 3085/22/1 3083/23/1 3079/14/1
f 3088/24/5 3090/25/5 3087/26/5 3086/27/5
f 3088/28/19 3091/29/19 3092/30/19 3089/31/19
f 3089/32/24 3095/33/24 3090/25/24 3088/24/24
f 3092/18/4 3093/20/4 3095/34/4 3089/35/4
f 3094/23/20 3090/36/20 3095/37/20 3093/38/20
f 3096/22/1 3087/39/1 3090/36/1 3094/23/1
f 3099/24/5 3101/25/5 3098/26/5 3097/27/5
f 3099/41/19 3102/15/19 3103/42/19 3100/35/19
f 3100/35/24 3108/34/24 3101/40/24 3099/41/24
f 3107/19/25 3103/42/25 3102/15/25 3104/14/25
f 3105/12/3 3106/13/3 3104/14/3 3102/15/3
f 3106/13/1 3098/39/1 3101/36/1 3104/14/1
f 3104/14/20 3101/40/20 3108/34/20 3107/19/20
f 3103/42/4 3107/19/4 3108/34/4 3100/35/4
f 3111/24/5 3113/25/5 3110/26/5 3109/27/5
f 3111/41/19 3114/15/19 3115/42/19 3112/35/19
f 3112/35/24 3120/34/24 3113/40/24 3111/41/24
f 3119/19/25 3115/42/25 3114/15/25 3116/14/25
f 3117/12/3 3118/13/3 3116/14/3 3114/15/3
f 3118/13/1 3110/39/1 3113/36/1 3116/14/1
f 3116/14/20 3113/40/20 3120/34/20 3119/19/20
f 3115/42/4 3119/19/4 3120/34/4 3112/35/4
f 3123/24/5 3125/25/5 3122/26/5 3121/27/5
f 3123/41/19 3126/15/19 3127/42/19 3124/35/19
f 3124/35/24 3132/34/24 3125/40/24 3123/41/24
f 3131/19/25 3127/42/25 3126/15/25 3128/14/25
f 3129/12/3 3130/13/3 3128/14/3 3126/15/3
f 3130/13/1 3122/39/1 3125/36/1 3128/14/1
f 3128/14/20 3125/40/20 3132/34/20 3131/19/20
f 3127/42/4 3131/19/4 3132/34/4 3124/35/4
f 3135/24/5 3137/25/5 3134/26/5 3133/27/5
f 3135/41/19 3138/15/19 3139/42/19 3136/35/19
f 3136/35/24 3144/34/24 3137/40/24 3135/41/24
f 3143/19/25 3139/42/25 3138/15/25 3140/14/25
f 3141/12/3 3142/13/3 3140/14/3 3138/15/3
f 3142/13/1 3134/39/1 3137/36/1 3140/14/1
f 3140/14/20 3137/40/20 3144/34/20 3143/19/20
f 3139/42/4 3143/19/4 3144/34/4 3136/35/4
f 3166/69/4 3165/70/4 3167/71/4 3168/72/4
f 3162/73/4 3161/74/4 3163/75/4 3164/76/4
f 3158/77/4 3157/78/4 3159/79/4 3160/80/4
f 3170/81/5 3169/82/5 3157/78/5 3158/77/5
f 3171/83/3 3172/84/3 3160/80/3 3159/79/3
f 3174/85/5 3173/86/5 3161/74/5 3162/73/5
f 3175/87/3 3176/88/3 3164/76/3 3163/75/3
f 3178/89/5 3177/90/5 3165/70/5 3166/69/5
f 3179/91/3 3180/92/3 3168/72/3 3167/71/3
f 3162/73/26 3164/76/26 3176/88/26 3174/93/26
f 3166/69/26 3168/72/26 3180/92/26 3178/94/26
f 3158/77/26 3160/80/26 3172/84/26 3170/95/26
f 3177/90/27 3179/96/27 3167/71/27 3165/70/27
f 3173/86/27 3175/97/27 3163/75/27 3161/74/27
f 3169/82/27 3171/98/27 3159/79/27 3157/78/27
f 3149/99/4 3171/98/4 3169/82/4 3156/100/4
f 3147/101/4 3156/102/4 3169/103/4 3170/81/4
f 3155/104/4 3147/105/4 3170/95/4 3172/84/4
f 3171/98/4 3149/99/4 3150/106/4 3173/107/4
f 3172/108/4 3171/83/4 3173/107/4 3174/85/4
f 3155/104/4 3172/108/4 3174/93/4 3154/109/4
f 3151/110/4 3175/97/4 3173/86/4 3150/106/4
f 3153/111/4 3154/109/4 3174/93/4 3176/88/4
f 3175/97/4 3151/110/4 3152/112/4 3177/113/4
f 3176/114/4 3175/87/4 3177/113/4 3178/89/4
f 3153/111/4 3176/114/4 3178/94/4 3148/115/4
f 3146/116/4 3179/96/4 3177/90/4 3152/112/4
f 3148/115/4 3178/94/4 3180/92/4 3145/117/4
f 3180/118/4 3179/91/4 3146/119/4 3145/120/4
f 3181/12/3 3182/13/3 3185/14/3 3183/15/3
f 3186/16/19 3183/15/19 3184/17/19 3187/18/19
f 3190/19/25 3184/17/25 3183/15/25 3185/14/25
f 3184/17/4 3190/19/4 3188/20/4 3187/18/4
f 3185/14/20 3189/21/20 3188/20/20 3190/19/20
f 3182/13/1 3191/22/1 3189/23/1 3185/14/1
f 3194/24/5 3196/25/5 3193/26/5 3192/27/5
f 3194/28/19 3197/29/19 3198/30/19 3195/31/19
f 3195/32/24 3201/33/24 3196/25/24 3194/24/24
f 3198/18/4 3199/20/4 3201/34/4 3195/35/4
f 3200/23/20 3196/36/20 3201/37/20 3199/38/20
f 3202/22/1 3193/39/1 3196/36/1 3200/23/1
f 3203/12/3 3204/13/3 3207/14/3 3205/15/3
f 3208/16/19 3205/15/19 3206/17/19 3209/18/19
f 3212/19/25 3206/17/25 3205/15/25 3207/14/25
f 3206/17/4 3212/19/4 3210/20/4 3209/18/4
f 3207/14/20 3211/21/20 3210/20/20 3212/19/20
f 3204/13/1 3213/22/1 3211/23/1 3207/14/1
f 3216/24/5 3218/25/5 3215/26/5 3214/27/5
f 3216/28/19 3219/29/19 3220/30/19 3217/31/19
f 3217/32/24 3223/33/24 3218/25/24 3216/24/24
f 3220/18/4 3221/20/4 3223/34/4 3217/35/4
f 3222/23/20 3218/36/20 3223/37/20 3221/38/20
f 3224/22/1 3215/39/1 3218/36/1 3222/23/1
f 3227/24/5 3229/25/5 3226/26/5 3225/27/5
f 3227/41/19 3230/15/19 3231/42/19 3228/35/19
f 3228/35/24 3236/34/24 3229/40/24 3227/41/24
f 3235/19/25 3231/42/25 3230/15/25 3232/14/25
f 3233/12/3 3234/13/3 3232/14/3 3230/15/3
f 3234/13/1 3226/39/1 3229/36/1 3232/14/1
f 3232/14/20 3229/40/20 3236/34/20 3235/19/20
f 3231/42/4 3235/19/4 3236/34/4 3228/35/4
f 3239/24/5 3241/25/5 3238/26/5 3237/27/5
f 3239/41/19 3242/15/19 3243/42/19 3240/35/19
f 3240/35/24 3248/34/24 3241/40/24 3239/41/24
f 3247/19/25 3243/42/25 3242/15/25 3244/14/25
f 3245/12/3 3246/13/3 3244/14/3 3242/15/3
f 3246/13/1 3238/39/1 3241/36/1 3244/14/1
f 3244/14/20 3241/40/20 3248/34/20 3247/19/20
f 3243/42/4 3247/19/4 3248/34/4 3240/35/4
f 3251/24/5 3253/25/5 3250/26/5 3249/27/5
f 3251/41/19 3254/15/19 3255/42/19 3252/35/19
f 3252/35/24 3260/34/24 3253/40/24 3251/41/24
f 3259/19/25 3255/42/25 3254/15/25 3256/14/25
f 3257/12/3 3258/13/3 3256/14/3 3254/15/3
f 3258/13/1 3250/39/1 3253/36/1 3256/14/1
f 3256/14/20 3253/40/20 3260/34/20 3259/19/20
f 3255/42/4 3259/19/4 3260/34/4 3252/35/4
f 3263/24/5 3265/25/5 3262/26/5 3261/27/5
f 3263/41/19 3266/15/19 3267/42/19 3264/35/19
f 3264/35/24 3272/34/24 3265/40/24 3263/41/24
f 3271/19/25 3267/42/25 3266/15/25 3268/14/25
f 3269/12/3 3270/13/3 3268/14/3 3266/15/3
f 3270/13/1 3262/39/1 3265/36/1 3268/14/1
f 3268/14/20 3265/40/20 3272/34/20 3271/19/20
f 3267/42/4 3271/19/4 3272/34/4 3264/35/4
f 3294/69/4 3293/70/4 3295/71/4 3296/72/4
f 3290/73/4 3289/74/4 3291/75/4 3292/76/4
f 3286/77/4 3285/78/4 3287/79/4 3288/80/4
f 3298/81/5 3297/82/5 3285/78/5 3286/77/5
f 3299/83/3 3300/84/3 3288/80/3 3287/79/3
f 3302/85/5 3301/86/5 3289/74/5 3290/73/5
f 3303/87/3 3304/88/3 3292/76/3 3291/75/3
f 3306/89/5 3305/90/5 3293/70/5 3294/69/5
f 3307/91/3 3308/92/3 3296/72/3 3295/71/3
f 3290/73/26 3292/76/26 3304/88/26 3302/93/26
f 3294/69/26 3296/72/26 3308/92/26 3306/94/26
f 3286/77/26 3288/80/26 3300/84/26 3298/95/26
f 3305/90/27 3307/96/27 3295/71/27 3293/70/27
f 3301/86/27 3303/97/27 3291/75/27 3289/74/27
f 3297/82/27 3299/98/27 3287/79/27 3285/78/27
f 3277/99/4 3299/98/4 3297/82/4 3284/100/4
f 3275/101/4 3284/102/4 3297/103/4 3298/81/4
f 3283/104/4 3275/105/4 3298/95/4 3300/84/4
f 3299/98/4 3277/99/4 3278/106/4 3301/107/4
f 3300/108/4 3299/83/4 3301/107/4 3302/85/4
f 3283/104/4 3300/108/4 3302/93/4 3282/109/4
f 3279/110/4 3303/97/4 3301/86/4 3278/106/4
f 3281/111/4 3282/109/4 3302/93/4 3304/88/4
f 3303/97/4 3279/110/4 3280/112/4 3305/113/4
f 3304/114/4 3303/87/4 3305/113/4 3306/89/4
f 3281/111/4 3304/114/4 3306/94/4 3276/115/4
f 3274/116/4 3307/96/4 3305/90/4 3280/112/4
f 3276/115/4 3306/94/4 3308/92/4 3273/117/4
f 3308/118/4 3307/91/4 3274/119/4 3273/120/4
f 3309/12/3 3310/13/3 3313/14/3 3311/15/3
f 3314/16/19 3311/15/19 3312/17/19 3315/18/19
f 3318/19/25 3312/17/25 3311/15/25 3313/14/25
f 3312/17/4 3318/19/4 3316/20/4 3315/18/4
f 3313/14/20 3317/21/20 3316/20/20 3318/19/20
f 3310/13/1 3319/22/1 3317/23/1 3313/14/1
f 3322/24/5 3324/25/5 3321/26/5 3320/27/5
f 3322/28/19 3325/29/19 3326/30/19 3323/31/19
f 3323/32/24 3329/33/24 3324/25/24 3322/24/24
f 3326/18/4 3327/20/4 3329/34/4 3323/35/4
f 3328/23/20 3324/36/20 3329/37/20 3327/38/20
f 3330/22/1 3321/39/1 3324/36/1 3328/23/1
f 3331/12/3 3332/13/3 3335/14/3 3333/15/3
f 3336/16/19 3333/15/19 3334/17/19 3337/18/19
f 3340/19/25 3334/17/25 3333/15/25 3335/14/25
f 3334/17/4 3340/19/4 3338/20/4 3337/18/4
f 3335/14/20 3339/21/20 3338/20/20 3340/19/20
f 3332/13/1 3341/22/1 3339/23/1 3335/14/1
f 3344/24/5 3346/25/5 3343/26/5 3342/27/5
f 3344/28/19 3347/29/19 3348/30/19 3345/31/19
f 3345/32/24 3351/33/24 3346/25/24 3344/24/24
f 3348/18/4 3349/20/4 3351/34/4 3345/35/4
f 3350/23/20 3346/36/20 3351/37/20 3349/38/20
f 3352/22/1 3343/39/1 3346/36/1 3350/23/1
f 3355/24/5 3357/25/5 3354/26/5 3353/27/5
f 3355/41/19 3358/15/19 3359/42/19 3356/35/19
f 3356/35/24 3364/34/24 3357/40/24 3355/41/24
f 3363/19/25 3359/42/25 3358/15/25 3360/14/25
f 3361/12/3 3362/13/3 3360/14/3 3358/15/3
f 3362/13/1 3354/39/1 3357/36/1 3360/14/1
f 3360/14/20 3357/40/20 3364/34/20 3363/19/20
f 3359/42/4 3363/19/4 3364/34/4 3356/35/4
f 3367/24/5 3369/25/5 3366/26/5 3365/27/5
f 3367/41/19 3370/15/19 3371/42/19 3368/35/19
f 3368/35/24 3376/34/24 3369/40/24 3367/41/24
f 3375/19/25 3371/42/25 3370/15/25 3372/14/25
f 3373/12/3 3374/13/3 3372/14/3 3370/15/3
f 3374/13/1 3366/39/1 3369/36/1 3372/14/1
f 3372/14/20 3369/40/20 3376/34/20 3375/19/20
f 3371/42/4 3375/19/4 3376/34/4 3368/35/4
f 3379/24/5 3381/25/5 3378/26/5 3377/27/5
f 3379/41/19 3382/15/19 3383/42/19 3380/35/19
f 3380/35/24 3388/34/24 3381/40/24 3379/41/24
f 3387/19/25 3383/42/25 3382/15/25 3384/14/25
f 3385/12/3 3386/13/3 3384/14/3 3382/15/3
f 3386/13/1 3378/39/1 3381/36/1 3384/14/1
f 3384/14/20 3381/40/20 3388/34/20 3387/19/20
f 3383/42/4 3387/19/4 3388/34/4 3380/35/4
f 3391/24/5 3393/25/5 3390/26/5 3389/27/5
f 3391/41/19 3394/15/19 3395/42/19 3392/35/19
f 3392/35/24 3400/34/24 3393/40/24 3391/41/24
f 3399/19/25 3395/42/25 3394/15/25 3396/14/25
f 3397/12/3 3398/13/3 3396/14/3 3394/15/3
f 3398/13/1 3390/39/1 3393/36/1 3396/14/1
f 3396/14/20 3393/40/20 3400/34/20 3399/19/20
f 3395/42/4 3399/19/4 3400/34/4 3392/35/4
f 3401/1/4 3402/2/4 3404/8/4 3403/9/4
f 3409/35/24 3411/34/24 3412/40/24 3410/41/24
f 3415/19/25 3413/42/25 3414/15/25 3416/14/25
f 3410/41/19 3414/15/19 3413/42/19 3409/35/19
f 3416/14/20 3412/40/20 3411/34/20 3415/19/20
f 3410/24/5 3412/25/5 3406/26/5 3405/27/5
f 3413/42/4 3415/19/4 3411/34/4 3409/35/4
f 3408/13/1 3406/39/1 3412/36/1 3416/14/1
f 3407/12/3 3408/13/3 3416/14/3 3414/15/3
f 3421/35/24 3423/34/24 3424/40/24 3422/41/24
f 3427/19/25 3425/42/25 3426/15/25 3428/14/25
f 3422/41/19 3426/15/19 3425/42/19 3421/35/19
f 3428/14/20 3424/40/20 3423/34/20 3427/19/20
f 3422/24/5 3424/25/5 3418/26/5 3417/27/5
f 3425/42/4 3427/19/4 3423/34/4 3421/35/4
f 3420/13/1 3418/39/1 3424/36/1 3428/14/1
f 3419/12/3 3420/13/3 3428/14/3 3426/15/3
f 3433/35/24 3435/34/24 3436/40/24 3434/41/24
f 3439/19/25 3437/42/25 3438/15/25 3440/14/25
f 3434/41/19 3438/15/19 3437/42/19 3433/35/19
f 3440/14/20 3436/40/20 3435/34/20 3439/19/20
f 3434/24/5 3436/25/5 3430/26/5 3429/27/5
f 3437/42/4 3439/19/4 3435/34/4 3433/35/4
f 3432/13/1 3430/39/1 3436/36/1 3440/14/1
f 3431/12/3 3432/13/3 3440/14/3 3438/15/3
f 3445/35/24 3447/34/24 3448/40/24 3446/41/24
f 3451/19/25 3449/42/25 3450/15/25 3452/14/25
f 3446/41/19 3450/15/19 3449/42/19 3445/35/19
f 3452/14/20 3448/40/20 3447/34/20 3451/19/20
f 3446/24/5 3448/25/5 3442/26/5 3441/27/5
f 3449/42/4 3451/19/4 3447/34/4 3445/35/4
f 3444/13/1 3442/39/1 3448/36/1 3452/14/1
f 3443/12/3 3444/13/3 3452/14/3 3450/15/3
f 3458/19/25 3456/17/25 3457/15/25 3459/14/25
f 3460/16/19 3457/15/19 3456/17/19 3461/18/19
f 3459/14/20 3463/21/20 3462/20/20 3458/19/20
f 3453/12/3 3454/13/3 3459/14/3 3457/15/3
f 3456/17/4 3458/19/4 3462/20/4 3461/18/4
f 3454/13/1 3455/22/1 3463/23/1 3459/14/1
f 3469/19/25 3467/17/25 3468/15/25 3470/14/25
f 3471/16/19 3468/15/19 3467/17/19 3472/18/19
f 3470/14/20 3474/21/20 3473/20/20 3469/19/20
f 3464/12/3 3465/13/3 3470/14/3 3468/15/3
f 3467/17/4 3469/19/4 3473/20/4 3472/18/4
f 3465/13/1 3466/22/1 3474/23/1 3470/14/1
f 3478/32/24 3480/33/24 3481/25/24 3479/24/24
f 3484/23/20 3481/36/20 3480/37/20 3485/38/20
f 3479/28/19 3483/29/19 3482/30/19 3478/31/19
f 3479/24/5 3481/25/5 3476/26/5 3475/27/5
f 3482/18/4 3485/20/4 3480/34/4 3478/35/4
f 3477/22/1 3476/39/1 3481/36/1 3484/23/1
f 3489/32/24 3491/33/24 3492/25/24 3490/24/24
f 3495/23/20 3492/36/20 3491/37/20 3496/38/20
f 3490/28/19 3494/29/19 3493/30/19 3489/31/19
f 3490/24/5 3492/25/5 3487/26/5 3486/27/5
f 3493/18/4 3496/20/4 3491/34/4 3489/35/4
f 3488/22/1 3487/39/1 3492/36/1 3495/23/1
f 3603/122/4 3596/123/4 3500/8/4 3599/124/4
f 3505/35/24 3507/34/24 3508/40/24 3506/41/24
f 3511/19/25 3509/42/25 3510/15/25 3512/14/25
f 3506/41/19 3510/15/19 3509/42/19 3505/35/19
f 3512/14/20 3508/40/20 3507/34/20 3511/19/20
f 3506/24/5 3508/25/5 3502/26/5 3501/27/5
f 3509/42/4 3511/19/4 3507/34/4 3505/35/4
f 3504/13/1 3502/39/1 3508/36/1 3512/14/1
f 3503/12/3 3504/13/3 3512/14/3 3510/15/3
f 3517/35/24 3519/34/24 3520/40/24 3518/41/24
f 3523/19/25 3521/42/25 3522/15/25 3524/14/25
f 3518/41/19 3522/15/19 3521/42/19 3517/35/19
f 3524/14/20 3520/40/20 3519/34/20 3523/19/20
f 3518/24/5 3520/25/5 3514/26/5 3513/27/5
f 3521/42/4 3523/19/4 3519/34/4 3517/35/4
f 3516/13/1 3514/39/1 3520/36/1 3524/14/1
f 3515/12/3 3516/13/3 3524/14/3 3522/15/3
f 3529/35/24 3531/34/24 3532/40/24 3530/41/24
f 3535/19/25 3533/42/25 3534/15/25 3536/14/25
f 3530/41/19 3534/15/19 3533/42/19 3529/35/19
f 3536/14/20 3532/40/20 3531/34/20 3535/19/20
f 3530/24/5 3532/25/5 3526/26/5 3525/27/5
f 3533/42/4 3535/19/4 3531/34/4 3529/35/4
f 3528/13/1 3526/39/1 3532/36/1 3536/14/1
f 3527/12/3 3528/13/3 3536/14/3 3534/15/3
f 3541/35/24 3543/34/24 3544/40/24 3542/41/24
f 3547/19/25 3545/42/25 3546/15/25 3548/14/25
f 3542/41/19 3546/15/19 3545/42/19 3541/35/19
f 3548/14/20 3544/40/20 3543/34/20 3547/19/20
f 3542/24/5 3544/25/5 3538/26/5 3537/27/5
f 3545/42/4 3547/19/4 3543/34/4 3541/35/4
f 3540/13/1 3538/39/1 3544/36/1 3548/14/1
f 3539/12/3 3540/13/3 3548/14/3 3546/15/3
f 3554/19/25 3552/17/25 3553/15/25 3555/14/25
f 3556/16/19 3553/15/19 3552/17/19 3557/18/19
f 3555/14/20 3559/21/20 3558/20/20 3554/19/20
f 3549/12/3 3550/13/3 3555/14/3 3553/15/3
f 3552/17/4 3554/19/4 3558/20/4 3557/18/4
f 3550/13/1 3551/22/1 3559/23/1 3555/14/1
f 3565/19/25 3563/17/25 3564/15/25 3566/14/25
f 3567/16/19 3564/15/19 3563/17/19 3568/18/19
f 3566/14/20 3570/21/20 3569/20/20 3565/19/20
f 3560/12/3 3561/13/3 3566/14/3 3564/15/3
f 3563/17/4 3565/19/4 3569/20/4 3568/18/4
f 3561/13/1 3562/22/1 3570/23/1 3566/14/1
f 3574/32/24 3576/33/24 3577/25/24 3575/24/24
f 3580/23/20 3577/36/20 3576/37/20 3581/38/20
f 3575/28/19 3579/29/19 3578/30/19 3574/31/19
f 3575/24/5 3577/25/5 3572/26/5 3571/27/5
f 3578/18/4 3581/20/4 3576/34/4 3574/35/4
f 3573/22/1 3572/39/1 3577/36/1 3580/23/1
f 3585/32/24 3587/33/24 3588/25/24 3586/24/24
f 3591/23/20 3588/36/20 3587/37/20 3592/38/20
f 3586/28/19 3590/29/19 3589/30/19 3585/31/19
f 3586/24/5 3588/25/5 3583/26/5 3582/27/5
f 3589/18/4 3592/20/4 3587/34/4 3585/35/4
f 3584/22/1 3583/39/1 3588/36/1 3591/23/1
f 3598/125/4 3498/2/4 3595/126/4 3601/127/4
f 3594/128/4 3602/111/4 3604/110/4 3593/129/4
f 3604/110/3 3602/111/3 3606/111/3 3608/110/3
f 3603/122/28 3604/110/28 3608/110/28 3607/122/28
f 3601/127/4 3595/126/4 3596/123/4 3603/122/4
f 3602/111/1 3601/127/1 3605/127/1 3606/111/1
f 3603/122/5 3607/122/5 3605/127/5 3601/127/5
f 3606/111/4 3605/127/4 3607/122/4 3608/110/4
f 3497/1/1 3597/130/1 3602/111/1 3594/128/1
f 3597/130/4 3598/125/4 3601/127/4 3602/111/4
f 3593/129/1 3604/110/1 3600/131/1 3499/9/1
f 3604/110/4 3603/122/4 3599/124/4 3600/131/4
f 3609/1/4 3610/2/4 3612/8/4 3611/9/4
f 3617/35/24 3619/34/24 3620/40/24 3618/41/24
f 3623/19/25 3621/42/25 3622/15/25 3624/14/25
f 3618/41/19 3622/15/19 3621/42/19 3617/35/19
f 3624/14/20 3620/40/20 3619/34/20 3623/19/20
f 3618/24/5 3620/25/5 3614/26/5 3613/27/5
f 3621/42/4 3623/19/4 3619/34/4 3617/35/4
f 3616/13/1 3614/39/1 3620/36/1 3624/14/1
f 3615/12/3 3616/13/3 3624/14/3 3622/15/3
f 3629/35/24 3631/34/24 3632/40/24 3630/41/24
f 3635/19/25 3633/42/25 3634/15/25 3636/14/25
f 3630/41/19 3634/15/19 3633/42/19 3629/35/19
f 3636/14/20 3632/40/20 3631/34/20 3635/19/20
f 3630/24/5 3632/25/5 3626/26/5 3625/27/5
f 3633/42/4 3635/19/4 3631/34/4 3629/35/4
f 3628/13/1 3626/39/1 3632/36/1 3636/14/1
f 3627/12/3 3628/13/3 3636/14/3 3634/15/3
f 3641/35/24 3643/34/24 3644/40/24 3642/41/24
f 3647/19/25 3645/42/25 3646/15/25 3648/14/25
f 3642/41/19 3646/15/19 3645/42/19 3641/35/19
f 3648/14/20 3644/40/20 3643/34/20 3647/19/20
f 3642/24/5 3644/25/5 3638/26/5 3637/27/5
f 3645/42/4 3647/19/4 3643/34/4 3641/35/4
f 3640/13/1 3638/39/1 3644/36/1 3648/14/1
f 3639/12/3 3640/13/3 3648/14/3 3646/15/3
f 3653/35/24 3655/34/24 3656/40/24 3654/41/24
f 3659/19/25 3657/42/25 3658/15/25 3660/14/25
f 3654/41/19 3658/15/19 3657/42/19 3653/35/19
f 3660/14/20 3656/40/20 3655/34/20 3659/19/20
f 3654/24/5 3656/25/5 3650/26/5 3649/27/5
f 3657/42/4 3659/19/4 3655/34/4 3653/35/4
f 3652/13/1 3650/39/1 3656/36/1 3660/14/1
f 3651/12/3 3652/13/3 3660/14/3 3658/15/3
f 3666/19/25 3664/17/25 3665/15/25 3667/14/25
f 3668/16/19 3665/15/19 3664/17/19 3669/18/19
f 3667/14/20 3671/21/20 3670/20/20 3666/19/20
f 3661/12/3 3662/13/3 3667/14/3 3665/15/3
f 3664/17/4 3666/19/4 3670/20/4 3669/18/4
f 3662/13/1 3663/22/1 3671/23/1 3667/14/1
f 3677/19/25 3675/17/25 3676/15/25 3678/14/25
f 3679/16/19 3676/15/19 3675/17/19 3680/18/19
f 3678/14/20 3682/21/20 3681/20/20 3677/19/20
f 3672/12/3 3673/13/3 3678/14/3 3676/15/3
f 3675/17/4 3677/19/4 3681/20/4 3680/18/4
f 3673/13/1 3674/22/1 3682/23/1 3678/14/1
f 3686/32/24 3688/33/24 3689/25/24 3687/24/24
f 3692/23/20 3689/36/20 3688/37/20 3693/38/20
f 3687/28/19 3691/29/19 3690/30/19 3686/31/19
f 3687/24/5 3689/25/5 3684/26/5 3683/27/5
f 3690/18/4 3693/20/4 3688/34/4 3686/35/4
f 3685/22/1 3684/39/1 3689/36/1 3692/23/1
f 3697/32/24 3699/33/24 3700/25/24 3698/24/24
f 3703/23/20 3700/36/20 3699/37/20 3704/38/20
f 3698/28/19 3702/29/19 3701/30/19 3697/31/19
f 3698/24/5 3700/25/5 3695/26/5 3694/27/5
f 3701/18/4 3704/20/4 3699/34/4 3697/35/4
f 3696/22/1 3695/39/1 3700/36/1 3703/23/1
f 3726/69/4 3725/70/4 3727/71/4 3728/72/4
f 3722/73/4 3721/74/4 3723/75/4 3724/76/4
f 3718/77/4 3717/78/4 3719/79/4 3720/80/4
f 3730/81/5 3729/82/5 3717/78/5 3718/77/5
f 3731/83/3 3732/84/3 3720/80/3 3719/79/3
f 3734/85/5 3733/86/5 3721/74/5 3722/73/5
f 3735/87/3 3736/88/3 3724/76/3 3723/75/3
f 3738/89/5 3737/90/5 3725/70/5 3726/69/5
f 3739/91/3 3740/92/3 3728/72/3 3727/71/3
f 3722/73/26 3724/76/26 3736/88/26 3734/93/26
f 3726/69/26 3728/72/26 3740/92/26 3738/94/26
f 3718/77/26 3720/80/26 3732/84/26 3730/95/26
f 3737/90/27 3739/96/27 3727/71/27 3725/70/27
f 3733/86/27 3735/97/27 3723/75/27 3721/74/27
f 3729/82/27 3731/98/27 3719/79/27 3717/78/27
f 3709/99/4 3731/98/4 3729/82/4 3716/100/4
f 3707/101/4 3716/102/4 3729/103/4 3730/81/4
f 3715/104/4 3707/105/4 3730/95/4 3732/84/4
f 3731/98/4 3709/99/4 3710/106/4 3733/107/4
f 3732/108/4 3731/83/4 3733/107/4 3734/85/4
f 3715/104/4 3732/108/4 3734/93/4 3714/109/4
f 3711/110/4 3735/97/4 3733/86/4 3710/106/4
f 3713/111/4 3714/109/4 3734/93/4 3736/88/4
f 3735/97/4 3711/110/4 3712/112/4 3737/113/4
f 3736/114/4 3735/87/4 3737/113/4 3738/89/4
f 3713/111/4 3736/114/4 3738/94/4 3708/115/4
f 3706/116/4 3739/96/4 3737/90/4 3712/112/4
f 3708/115/4 3738/94/4 3740/92/4 3705/117/4
f 3740/118/4 3739/91/4 3706/119/4 3705/120/4
f 3741/12/3 3742/13/3 3745/14/3 3743/15/3
f 3746/16/19 3743/15/19 3744/17/19 3747/18/19
f 3750/19/25 3744/17/25 3743/15/25 3745/14/25
f 3744/17/4 3750/19/4 3748/20/4 3747/18/4
f 3745/14/20 3749/21/20 3748/20/20 3750/19/20
f 3742/13/1 3751/22/1 3749/23/1 3745/14/1
f 3754/24/5 3756/25/5 3753/26/5 3752/27/5
f 3754/28/19 3757/29/19 3758/30/19 3755/31/19
f 3755/32/24 3761/33/24 3756/25/24 3754/24/24
f 3758/18/4 3759/20/4 3761/34/4 3755/35/4
f 3760/23/20 3756/36/20 3761/37/20 3759/38/20
f 3762/22/1 3753/39/1 3756/36/1 3760/23/1
f 3763/12/3 3764/13/3 3767/14/3 3765/15/3
f 3768/16/19 3765/15/19 3766/17/19 3769/18/19
f 3772/19/25 3766/17/25 3765/15/25 3767/14/25
f 3766/17/4 3772/19/4 3770/20/4 3769/18/4
f 3767/14/20 3771/21/20 3770/20/20 3772/19/20
f 3764/13/1 3773/22/1 3771/23/1 3767/14/1
f 3776/24/5 3778/25/5 3775/26/5 3774/27/5
f 3776/28/19 3779/29/19 3780/30/19 3777/31/19
f 3777/32/24 3783/33/24 3778/25/24 3776/24/24
f 3780/18/4 3781/20/4 3783/34/4 3777/35/4
f 3782/23/20 3778/36/20 3783/37/20 3781/38/20
f 3784/22/1 3775/39/1 3778/36/1 3782/23/1
f 3787/24/5 3789/25/5 3786/26/5 3785/27/5
f 3787/41/19 3790/15/19 3791/42/19 3788/35/19
f 3788/35/24 3796/34/24 3789/40/24 3787/41/24
f 3795/19/25 3791/42/25 3790/15/25 3792/14/25
f 3793/12/3 3794/13/3 3792/14/3 3790/15/3
f 3794/13/1 3786/39/1 3789/36/1 3792/14/1
f 3792/14/20 3789/40/20 3796/34/20 3795/19/20
f 3791/42/4 3795/19/4 3796/34/4 3788/35/4
f 3799/24/5 3801/25/5 3798/26/5 3797/27/5
f 3799/41/19 3802/15/19 3803/42/19 3800/35/19
f 3800/35/24 3808/34/24 3801/40/24 3799/41/24
f 3807/19/25 3803/42/25 3802/15/25 3804/14/25
f 3805/12/3 3806/13/3 3804/14/3 3802/15/3
f 3806/13/1 3798/39/1 3801/36/1 3804/14/1
f 3804/14/20 3801/40/20 3808/34/20 3807/19/20
f 3803/42/4 3807/19/4 3808/34/4 3800/35/4
f 3811/24/5 3813/25/5 3810/26/5 3809/27/5
f 3811/41/19 3814/15/19 3815/42/19 3812/35/19
f 3812/35/24 3820/34/24 3813/40/24 3811/41/24
f 3819/19/25 3815/42/25 3814/15/25 3816/14/25
f 3817/12/3 3818/13/3 3816/14/3 3814/15/3
f 3818/13/1 3810/39/1 3813/36/1 3816/14/1
f 3816/14/20 3813/40/20 3820/34/20 3819/19/20
f 3815/42/4 3819/19/4 3820/34/4 3812/35/4
f 3823/24/5 3825/25/5 3822/26/5 3821/27/5
f 3823/41/19 3826/15/19 3827/42/19 3824/35/19
f 3824/35/24 3832/34/24 3825/40/24 3823/41/24
f 3831/19/25 3827/42/25 3826/15/25 3828/14/25
f 3829/12/3 3830/13/3 3828/14/3 3826/15/3
f 3830/13/1 3822/39/1 3825/36/1 3828/14/1
f 3828/14/20 3825/40/20 3832/34/20 3831/19/20
f 3827/42/4 3831/19/4 3832/34/4 3824/35/4
f 3854/69/4 3853/70/4 3855/71/4 3856/72/4
f 3850/73/4 3849/74/4 3851/75/4 3852/76/4
f 3846/77/4 3845/78/4 3847/79/4 3848/80/4
f 3858/81/5 3857/82/5 3845/78/5 3846/77/5
f 3859/83/3 3860/84/3 3848/80/3 3847/79/3
f 3862/85/5 3861/86/5 3849/74/5 3850/73/5
f 3863/87/3 3864/88/3 3852/76/3 3851/75/3
f 3866/89/5 3865/90/5 3853/70/5 3854/69/5
f 3867/91/3 3868/92/3 3856/72/3 3855/71/3
f 3850/73/26 3852/76/26 3864/88/26 3862/93/26
f 3854/69/26 3856/72/26 3868/92/26 3866/94/26
f 3846/77/26 3848/80/26 3860/84/26 3858/95/26
f 3865/90/27 3867/96/27 3855/71/27 3853/70/27
f 3861/86/27 3863/97/27 3851/75/27 3849/74/27
f 3857/82/27 3859/98/27 3847/79/27 3845/78/27
f 3837/99/4 3859/98/4 3857/82/4 3844/100/4
f 3835/101/4 3844/102/4 3857/103/4 3858/81/4
f 3843/104/4 3835/105/4 3858/95/4 3860/84/4
f 3859/98/4 3837/99/4 3838/106/4 3861/107/4
f 3860/108/4 3859/83/4 3861/107/4 3862/85/4
f 3843/104/4 3860/108/4 3862/93/4 3842/109/4
f 3839/110/4 3863/97/4 3861/86/4 3838/106/4
f 3841/111/4 3842/109/4 3862/93/4 3864/88/4
f 3863/97/4 3839/110/4 3840/112/4 3865/113/4
f 3864/114/4 3863/87/4 3865/113/4 3866/89/4
f 3841/111/4 3864/114/4 3866/94/4 3836/115/4
f 3834/116/4 3867/96/4 3865/90/4 3840/112/4
f 3836/115/4 3866/94/4 3868/92/4 3833/117/4
f 3868/118/4 3867/91/4 3834/119/4 3833/120/4
f 3869/12/3 3870/13/3 3873/14/3 3871/15/3
f 3874/16/19 3871/15/19 3872/17/19 3875/18/19
f 3878/19/25 3872/17/25 3871/15/25 3873/14/25
f 3872/17/4 3878/19/4 3876/20/4 3875/18/4
f 3873/14/20 3877/21/20 3876/20/20 3878/19/20
f 3870/13/1 3879/22/1 3877/23/1 3873/14/1
f 3882/24/5 3884/25/5 3881/26/5 3880/27/5
f 3882/28/19 3885/29/19 3886/30/19 3883/31/19
f 3883/32/24 3889/33/24 3884/25/24 3882/24/24
f 3886/18/4 3887/20/4 3889/34/4 3883/35/4
f 3888/23/20 3884/36/20 3889/37/20 3887/38/20
f 3890/22/1 3881/39/1 3884/36/1 3888/23/1
f 3891/12/3 3892/13/3 3895/14/3 3893/15/3
f 3896/16/19 3893/15/19 3894/17/19 3897/18/19
f 3900/19/25 3894/17/25 3893/15/25 3895/14/25
f 3894/17/4 3900/19/4 3898/20/4 3897/18/4
f 3895/14/20 3899/21/20 3898/20/20 3900/19/20
f 3892/13/1 3901/22/1 3899/23/1 3895/14/1
f 3904/24/5 3906/25/5 3903/26/5 3902/27/5
f 3904/28/19 3907/29/19 3908/30/19 3905/31/19
f 3905/32/24 3911/33/24 3906/25/24 3904/24/24
f 3908/18/4 3909/20/4 3911/34/4 3905/35/4
f 3910/23/20 3906/36/20 3911/37/20 3909/38/20
f 3912/22/1 3903/39/1 3906/36/1 3910/23/1
f 3915/24/5 3917/25/5 3914/26/5 3913/27/5
f 3915/41/19 3918/15/19 3919/42/19 3916/35/19
f 3916/35/24 3924/34/24 3917/40/24 3915/41/24
f 3923/19/25 3919/42/25 3918/15/25 3920/14/25
f 3921/12/3 3922/13/3 3920/14/3 3918/15/3
f 3922/13/1 3914/39/1 3917/36/1 3920/14/1
f 3920/14/20 3917/40/20 3924/34/20 3923/19/20
f 3919/42/4 3923/19/4 3924/34/4 3916/35/4
f 3927/24/5 3929/25/5 3926/26/5 3925/27/5
f 3927/41/19 3930/15/19 3931/42/19 3928/35/19
f 3928/35/24 3936/34/24 3929/40/24 3927/41/24
f 3935/19/25 3931/42/25 3930/15/25 3932/14/25
f 3933/12/3 3934/13/3 3932/14/3 3930/15/3
f 3934/13/1 3926/39/1 3929/36/1 3932/14/1
f 3932/14/20 3929/40/20 3936/34/20 3935/19/20
f 3931/42/4 3935/19/4 3936/34/4 3928/35/4
f 3939/24/5 3941/25/5 3938/26/5 3937/27/5
f 3939/41/19 3942/15/19 3943/42/19 3940/35/19
f 3940/35/24 3948/34/24 3941/40/24 3939/41/24
f 3947/19/25 3943/42/25 3942/15/25 3944/14/25
f 3945/12/3 3946/13/3 3944/14/3 3942/15/3
f 3946/13/1 3938/39/1 3941/36/1 3944/14/1
f 3944/14/20 3941/40/20 3948/34/20 3947/19/20
f 3943/42/4 3947/19/4 3948/34/4 3940/35/4
f 3951/24/5 3953/25/5 3950/26/5 3949/27/5
f 3951/41/19 3954/15/19 3955/42/19 3952/35/19
f 3952/35/24 3960/34/24 3953/40/24 3951/41/24
f 3959/19/25 3955/42/25 3954/15/25 3956/14/25
f 3957/12/3 3958/13/3 3956/14/3 3954/15/3
f 3958/13/1 3950/39/1 3953/36/1 3956/14/1
f 3956/14/20 3953/40/20 3960/34/20 3959/19/20
f 3955/42/4 3959/19/4 3960/34/4 3952/35/4
f 3982/69/4 3981/70/4 3983/71/4 3984/72/4
f 3978/73/4 3977/74/4 3979/75/4 3980/76/4
f 3974/77/4 3973/78/4 3975/79/4 3976/80/4
f 3986/81/5 3985/82/5 3973/78/5 3974/77/5
f 3987/83/3 3988/84/3 3976/80/3 3975/79/3
f 3990/85/5 3989/86/5 3977/74/5 3978/73/5
f 3991/87/3 3992/88/3 3980/76/3 3979/75/3
f 3994/89/5 3993/90/5 3981/70/5 3982/69/5
f 3995/91/3 3996/92/3 3984/72/3 3983/71/3
f 3978/73/26 3980/76/26 3992/88/26 3990/93/26
f 3982/69/26 3984/72/26 3996/92/26 3994/94/26
f 3974/77/26 3976/80/26 3988/84/26 3986/95/26
f 3993/90/27 3995/96/27 3983/71/27 3981/70/27
f 3989/86/27 3991/97/27 3979/75/27 3977/74/27
f 3985/82/27 3987/98/27 3975/79/27 3973/78/27
f 3965/99/4 3987/98/4 3985/82/4 3972/100/4
f 3963/101/4 3972/102/4 3985/103/4 3986/81/4
f 3971/104/4 3963/105/4 3986/95/4 3988/84/4
f 3987/98/4 3965/99/4 3966/106/4 3989/107/4
f 3988/108/4 3987/83/4 3989/107/4 3990/85/4
f 3971/104/4 3988/108/4 3990/93/4 3970/109/4
f 3967/110/4 3991/97/4 3989/86/4 3966/106/4
f 3969/111/4 3970/109/4 3990/93/4 3992/88/4
f 3991/97/4 3967/110/4 3968/112/4 3993/113/4
f 3992/114/4 3991/87/4 3993/113/4 3994/89/4
f 3969/111/4 3992/114/4 3994/94/4 3964/115/4
f 3962/116/4 3995/96/4 3993/90/4 3968/112/4
f 3964/115/4 3994/94/4 3996/92/4 3961/117/4
f 3996/118/4 3995/91/4 3962/119/4 3961/120/4
f 3997/12/3 3998/13/3 4001/14/3 3999/15/3
f 4002/16/19 3999/15/19 4000/17/19 4003/18/19
f 4006/19/25 4000/17/25 3999/15/25 4001/14/25
f 4000/17/4 4006/19/4 4004/20/4 4003/18/4
f 4001/14/20 4005/21/20 4004/20/20 4006/19/20
f 3998/13/1 4007/22/1 4005/23/1 4001/14/1
f 4010/24/5 4012/25/5 4009/26/5 4008/27/5
f 4010/28/19 4013/29/19 4014/30/19 4011/31/19
f 4011/32/24 4017/33/24 4012/25/24 4010/24/24
f 4014/18/4 4015/20/4 4017/34/4 4011/35/4
f 4016/23/20 4012/36/20 4017/37/20 4015/38/20
f 4018/22/1 4009/39/1 4012/36/1 4016/23/1
f 4019/12/3 4020/13/3 4023/14/3 4021/15/3
f 4024/16/19 4021/15/19 4022/17/19 4025/18/19
f 4028/19/25 4022/17/25 4021/15/25 4023/14/25
f 4022/17/4 4028/19/4 4026/20/4 4025/18/4
f 4023/14/20 4027/21/20 4026/20/20 4028/19/20
f 4020/13/1 4029/22/1 4027/23/1 4023/14/1
f 4032/24/5 4034/25/5 4031/26/5 4030/27/5
f 4032/28/19 4035/29/19 4036/30/19 4033/31/19
f 4033/32/24 4039/33/24 4034/25/24 4032/24/24
f 4036/18/4 4037/20/4 4039/34/4 4033/35/4
f 4038/23/20 4034/36/20 4039/37/20 4037/38/20
f 4040/22/1 4031/39/1 4034/36/1 4038/23/1
f 4043/24/5 4045/25/5 4042/26/5 4041/27/5
f 4043/41/19 4046/15/19 4047/42/19 4044/35/19
f 4044/35/24 4052/34/24 4045/40/24 4043/41/24
f 4051/19/25 4047/42/25 4046/15/25 4048/14/25
f 4049/12/3 4050/13/3 4048/14/3 4046/15/3
f 4050/13/1 4042/39/1 4045/36/1 4048/14/1
f 4048/14/20 4045/40/20 4052/34/20 4051/19/20
f 4047/42/4 4051/19/4 4052/34/4 4044/35/4
f 4055/24/5 4057/25/5 4054/26/5 4053/27/5
f 4055/41/19 4058/15/19 4059/42/19 4056/35/19
f 4056/35/24 4064/34/24 4057/40/24 4055/41/24
f 4063/19/25 4059/42/25 4058/15/25 4060/14/25
f 4061/12/3 4062/13/3 4060/14/3 4058/15/3
f 4062/13/1 4054/39/1 4057/36/1 4060/14/1
f 4060/14/20 4057/40/20 4064/34/20 4063/19/20
f 4059/42/4 4063/19/4 4064/34/4 4056/35/4
f 4067/24/5 4069/25/5 4066/26/5 4065/27/5
f 4067/41/19 4070/15/19 4071/42/19 4068/35/19
f 4068/35/24 4076/34/24 4069/40/24 4067/41/24
f 4075/19/25 4071/42/25 4070/15/25 4072/14/25
f 4073/12/3 4074/13/3 4072/14/3 4070/15/3
f 4074/13/1 4066/39/1 4069/36/1 4072/14/1
f 4072/14/20 4069/40/20 4076/34/20 4075/19/20
f 4071/42/4 4075/19/4 4076/34/4 4068/35/4
f 4079/24/5 4081/25/5 4078/26/5 4077/27/5
f 4079/41/19 4082/15/19 4083/42/19 4080/35/19
f 4080/35/24 4088/34/24 4081/40/24 4079/41/24
f 4087/19/25 4083/42/25 4082/15/25 4084/14/25
f 4085/12/3 4086/13/3 4084/14/3 4082/15/3
f 4086/13/1 4078/39/1 4081/36/1 4084/14/1
f 4084/14/20 4081/40/20 4088/34/20 4087/19/20
f 4083/42/4 4087/19/4 4088/34/4 4080/35/4
f 4195/122/28 4188/123/28 4092/8/28 4191/124/28
f 4097/35/24 4099/34/24 4100/40/24 4098/41/24
f 4103/19/25 4101/42/25 4102/15/25 4104/14/25
f 4098/41/19 4102/15/19 4101/42/19 4097/35/19
f 4104/14/20 4100/40/20 4099/34/20 4103/19/20
f 4098/24/5 4100/25/5 4094/26/5 4093/27/5
f 4101/42/4 4103/19/4 4099/34/4 4097/35/4
f 4096/13/1 4094/39/1 4100/36/1 4104/14/1
f 4095/12/3 4096/13/3 4104/14/3 4102/15/3
f 4109/35/24 4111/34/24 4112/40/24 4110/41/24
f 4115/19/25 4113/42/25 4114/15/25 4116/14/25
f 4110/41/19 4114/15/19 4113/42/19 4109/35/19
f 4116/14/20 4112/40/20 4111/34/20 4115/19/20
f 4110/24/5 4112/25/5 4106/26/5 4105/27/5
f 4113/42/4 4115/19/4 4111/34/4 4109/35/4
f 4108/13/1 4106/39/1 4112/36/1 4116/14/1
f 4107/12/3 4108/13/3 4116/14/3 4114/15/3
f 4121/35/24 4123/34/24 4124/40/24 4122/41/24
f 4127/19/25 4125/42/25 4126/15/25 4128/14/25
f 4122/41/19 4126/15/19 4125/42/19 4121/35/19
f 4128/14/20 4124/40/20 4123/34/20 4127/19/20
f 4122/24/5 4124/25/5 4118/26/5 4117/27/5
f 4125/42/4 4127/19/4 4123/34/4 4121/35/4
f 4120/13/1 4118/39/1 4124/36/1 4128/14/1
f 4119/12/3 4120/13/3 4128/14/3 4126/15/3
f 4133/35/24 4135/34/24 4136/40/24 4134/41/24
f 4139/19/25 4137/42/25 4138/15/25 4140/14/25
f 4134/41/19 4138/15/19 4137/42/19 4133/35/19
f 4140/14/20 4136/40/20 4135/34/20 4139/19/20
f 4134/24/5 4136/25/5 4130/26/5 4129/27/5
f 4137/42/4 4139/19/4 4135/34/4 4133/35/4
f 4132/13/1 4130/39/1 4136/36/1 4140/14/1
f 4131/12/3 4132/13/3 4140/14/3 4138/15/3
f 4146/19/25 4144/17/25 4145/15/25 4147/14/25
f 4148/16/19 4145/15/19 4144/17/19 4149/18/19
f 4147/14/20 4151/21/20 4150/20/20 4146/19/20
f 4141/12/3 4142/13/3 4147/14/3 4145/15/3
f 4144/17/4 4146/19/4 4150/20/4 4149/18/4
f 4142/13/1 4143/22/1 4151/23/1 4147/14/1
f 4157/19/25 4155/17/25 4156/15/25 4158/14/25
f 4159/16/19 4156/15/19 4155/17/19 4160/18/19
f 4158/14/20 4162/21/20 4161/20/20 4157/19/20
f 4152/12/3 4153/13/3 4158/14/3 4156/15/3
f 4155/17/4 4157/19/4 4161/20/4 4160/18/4
f 4153/13/1 4154/22/1 4162/23/1 4158/14/1
f 4166/32/24 4168/33/24 4169/25/24 4167/24/24
f 4172/23/20 4169/36/20 4168/37/20 4173/38/20
f 4167/28/19 4171/29/19 4170/30/19 4166/31/19
f 4167/24/5 4169/25/5 4164/26/5 4163/27/5
f 4170/18/4 4173/20/4 4168/34/4 4166/35/4
f 4165/22/1 4164/39/1 4169/36/1 4172/23/1
f 4177/32/24 4179/33/24 4180/25/24 4178/24/24
f 4183/23/20 4180/36/20 4179/37/20 4184/38/20
f 4178/28/19 4182/29/19 4181/30/19 4177/31/19
f 4178/24/5 4180/25/5 4175/26/5 4174/27/5
f 4181/18/4 4184/20/4 4179/34/4 4177/35/4
f 4176/22/1 4175/39/1 4180/36/1 4183/23/1
f 4190/125/4 4090/2/4 4187/126/4 4193/127/4
f 4186/128/4 4194/111/4 4196/110/4 4185/129/4
f 4196/110/3 4194/111/3 4198/111/3 4200/110/3
f 4195/122/28 4196/110/28 4200/110/28 4199/122/28
f 4193/127/4 4187/126/4 4188/123/4 4195/122/4
f 4194/111/1 4193/127/1 4197/127/1 4198/111/1
f 4195/122/5 4199/122/5 4197/127/5 4193/127/5
f 4198/111/4 4197/127/4 4199/122/4 4200/110/4
f 4089/1/1 4189/130/1 4194/111/1 4186/128/1
f 4189/130/4 4190/125/4 4193/127/4 4194/111/4
f 4185/129/1 4196/110/1 4192/131/1 4091/9/1
f 4196/110/4 4195/122/4 4191/124/4 4192/131/4
f 4222/69/4 4221/70/4 4223/71/4 4224/72/4
f 4218/73/4 4217/74/4 4219/75/4 4220/76/4
f 4214/77/4 4213/78/4 4215/79/4 4216/80/4
f 4226/81/5 4225/82/5 4213/78/5 4214/77/5
f 4227/83/3 4228/84/3 4216/80/3 4215/79/3
f 4230/85/5 4229/86/5 4217/74/5 4218/73/5
f 4231/87/3 4232/88/3 4220/76/3 4219/75/3
f 4234/89/5 4233/90/5 4221/70/5 4222/69/5
f 4235/91/3 4236/92/3 4224/72/3 4223/71/3
f 4218/73/26 4220/76/26 4232/88/26 4230/93/26
f 4222/69/26 4224/72/26 4236/92/26 4234/94/26
f 4214/77/26 4216/80/26 4228/84/26 4226/95/26
f 4233/90/27 4235/96/27 4223/71/27 4221/70/27
f 4229/86/27 4231/97/27 4219/75/27 4217/74/27
f 4225/82/27 4227/98/27 4215/79/27 4213/78/27
f 4205/99/4 4227/98/4 4225/82/4 4212/100/4
f 4203/101/4 4212/102/4 4225/103/4 4226/81/4
f 4211/104/4 4203/105/4 4226/95/4 4228/84/4
f 4227/98/4 4205/99/4 4206/106/4 4229/107/4
f 4228/108/4 4227/83/4 4229/107/4 4230/85/4
f 4211/104/4 4228/108/4 4230/93/4 4210/109/4
f 4207/110/4 4231/97/4 4229/86/4 4206/106/4
f 4209/111/4 4210/109/4 4230/93/4 4232/88/4
f 4231/97/4 4207/110/4 4208/112/4 4233/113/4
f 4232/114/4 4231/87/4 4233/113/4 4234/89/4
f 4209/111/4 4232/114/4 4234/94/4 4204/115/4
f 4202/116/4 4235/96/4 4233/90/4 4208/112/4
f 4204/115/4 4234/94/4 4236/92/4 4201/117/4
f 4236/118/4 4235/91/4 4202/119/4 4201/120/4
f 4237/12/3 4238/13/3 4241/14/3 4239/15/3
f 4242/16/19 4239/15/19 4240/17/19 4243/18/19
f 4246/19/25 4240/17/25 4239/15/25 4241/14/25
f 4240/17/4 4246/19/4 4244/20/4 4243/18/4
f 4241/14/20 4245/21/20 4244/20/20 4246/19/20
f 4238/13/1 4247/22/1 4245/23/1 4241/14/1
f 4250/24/5 4252/25/5 4249/26/5 4248/27/5
f 4250/28/19 4253/29/19 4254/30/19 4251/31/19
f 4251/32/24 4257/33/24 4252/25/24 4250/24/24
f 4254/18/4 4255/20/4 4257/34/4 4251/35/4
f 4256/23/20 4252/36/20 4257/37/20 4255/38/20
f 4258/22/1 4249/39/1 4252/36/1 4256/23/1
f 4259/12/3 4260/13/3 4263/14/3 4261/15/3
f 4264/16/19 4261/15/19 4262/17/19 4265/18/19
f 4268/19/25 4262/17/25 4261/15/25 4263/14/25
f 4262/17/4 4268/19/4 4266/20/4 4265/18/4
f 4263/14/20 4267/21/20 4266/20/20 4268/19/20
f 4260/13/1 4269/22/1 4267/23/1 4263/14/1
f 4272/24/5 4274/25/5 4271/26/5 4270/27/5
f 4272/28/19 4275/29/19 4276/30/19 4273/31/19
f 4273/32/24 4279/33/24 4274/25/24 4272/24/24
f 4276/18/4 4277/20/4 4279/34/4 4273/35/4
f 4278/23/20 4274/36/20 4279/37/20 4277/38/20
f 4280/22/1 4271/39/1 4274/36/1 4278/23/1
f 4283/24/5 4285/25/5 4282/26/5 4281/27/5
f 4283/41/19 4286/15/19 4287/42/19 4284/35/19
f 4284/35/24 4292/34/24 4285/40/24 4283/41/24
f 4291/19/25 4287/42/25 4286/15/25 4288/14/25
f 4289/12/3 4290/13/3 4288/14/3 4286/15/3
f 4290/13/1 4282/39/1 4285/36/1 4288/14/1
f 4288/14/20 4285/40/20 4292/34/20 4291/19/20
f 4287/42/4 4291/19/4 4292/34/4 4284/35/4
f 4295/24/5 4297/25/5 4294/26/5 4293/27/5
f 4295/41/19 4298/15/19 4299/42/19 4296/35/19
f 4296/35/24 4304/34/24 4297/40/24 4295/41/24
f 4303/19/25 4299/42/25 4298/15/25 4300/14/25
f 4301/12/3 4302/13/3 4300/14/3 4298/15/3
f 4302/13/1 4294/39/1 4297/36/1 4300/14/1
f 4300/14/20 4297/40/20 4304/34/20 4303/19/20
f 4299/42/4 4303/19/4 4304/34/4 4296/35/4
f 4307/24/5 4309/25/5 4306/26/5 4305/27/5
f 4307/41/19 4310/15/19 4311/42/19 4308/35/19
f 4308/35/24 4316/34/24 4309/40/24 4307/41/24
f 4315/19/25 4311/42/25 4310/15/25 4312/14/25
f 4313/12/3 4314/13/3 4312/14/3 4310/15/3
f 4314/13/1 4306/39/1 4309/36/1 4312/14/1
f 4312/14/20 4309/40/20 4316/34/20 4315/19/20
f 4311/42/4 4315/19/4 4316/34/4 4308/35/4
f 4319/24/5 4321/25/5 4318/26/5 4317/27/5
f 4319/41/19 4322/15/19 4323/42/19 4320/35/19
f 4320/35/24 4328/34/24 4321/40/24 4319/41/24
f 4327/19/25 4323/42/25 4322/15/25 4324/14/25
f 4325/12/3 4326/13/3 4324/14/3 4322/15/3
f 4326/13/1 4318/39/1 4321/36/1 4324/14/1
f 4324/14/20 4321/40/20 4328/34/20 4327/19/20
f 4323/42/4 4327/19/4 4328/34/4 4320/35/4
f 4331/12/3 4332/13/3 4335/14/3 4333/15/3
f 4336/16/19 4333/15/19 4334/17/19 4337/18/19
f 4340/19/25 4334/17/25 4333/15/25 4335/14/25
f 4334/17/4 4340/19/4 4338/20/4 4337/18/4
f 4335/14/20 4339/21/20 4338/20/20 4340/19/20
f 4332/13/1 4341/22/1 4339/23/1 4335/14/1
f 4344/24/5 4346/25/5 4343/26/5 4342/27/5
f 4345/35/24 4353/34/24 4346/40/24 4344/41/24
f 4344/41/19 4347/15/19 4348/42/19 4345/35/19
f 4352/19/25 4348/42/25 4347/15/25 4349/14/25
f 4350/12/3 4351/13/3 4349/14/3 4347/15/3
f 4351/13/1 4343/39/1 4346/36/1 4349/14/1
f 4349/14/20 4346/40/20 4353/34/20 4352/19/20
f 4348/42/4 4352/19/4 4353/34/4 4345/35/4
f 4356/24/5 4358/25/5 4355/26/5 4354/27/5
f 4357/35/24 4365/34/24 4358/40/24 4356/41/24
f 4356/41/19 4359/15/19 4360/42/19 4357/35/19
f 4364/19/25 4360/42/25 4359/15/25 4361/14/25
f 4362/12/3 4363/13/3 4361/14/3 4359/15/3
f 4363/13/1 4355/39/1 4358/36/1 4361/14/1
f 4361/14/20 4358/40/20 4365/34/20 4364/19/20
f 4360/42/4 4364/19/4 4365/34/4 4357/35/4
f 4421/11/4 4382/10/4 4330/1/4 4429/2/4
f 4329/1/1 4382/10/1 4421/11/1 4366/1/1
f 4391/43/14 4389/44/14 4372/44/14 4373/43/14
f 4389/44/12 4388/45/12 4376/46/12 4372/44/12
f 4397/47/15 4396/48/15 4371/48/15 4375/49/15
f 4372/44/1 4376/46/1 4377/50/1 4373/43/1
f 4370/51/1 4374/52/1 4375/49/1 4371/48/1
f 4367/56/1 4378/57/1 4369/58/1 4368/10/1
f 4393/59/15 4391/43/15 4373/43/15 4377/50/15
f 4388/45/13 4393/59/13 4377/50/13 4376/46/13
f 4381/10/14 4380/56/14 4367/56/14 4368/10/14
f 4399/60/13 4397/47/13 4375/49/13 4374/52/13
f 4401/63/12 4399/60/12 4374/52/12 4370/51/12
f 4380/56/12 4386/64/12 4378/57/12 4367/56/12
f 4386/64/13 4383/58/13 4369/58/13 4378/57/13
f 4396/48/14 4401/63/14 4370/51/14 4371/48/14
f 4385/65/2 4384/58/2 4383/58/2 4386/64/2
f 4382/10/4 4379/66/4 4380/56/4 4381/10/4
f 4387/67/2 4394/59/2 4393/59/2 4388/45/2
f 4392/43/4 4390/68/4 4389/44/4 4391/43/4
f 4395/48/4 4423/63/4 4401/63/4 4396/48/4
f 4400/60/2 4398/47/2 4397/47/2 4399/60/2
f 4393/59/5 4394/59/5 4413/59/5 4412/59/5
f 4398/47/5 4395/48/5 4414/48/5 4417/47/5
f 4385/65/3 4386/64/3 4405/64/3 4404/65/3
f 4387/67/3 4388/45/3 4407/45/3 4406/67/3
f 4396/48/5 4397/47/5 4416/47/5 4415/48/5
f 4380/56/3 4379/66/3 4402/66/3 4403/56/3
f 4395/48/5 4396/48/5 4415/48/5 4414/48/5
f 4394/59/5 4392/43/5 4411/43/5 4413/59/5
f 4389/44/3 4390/68/3 4409/68/3 4408/44/3
f 4379/66/3 4385/65/3 4404/65/3 4402/66/3
f 4391/43/5 4393/59/5 4412/59/5 4410/43/5
f 4397/47/5 4398/47/5 4417/47/5 4416/47/5
f 4386/64/3 4380/56/3 4403/56/3 4405/64/3
f 4390/68/3 4387/67/3 4406/67/3 4409/68/3
f 4392/43/5 4391/43/5 4410/43/5 4411/43/5
f 4388/45/3 4389/44/3 4408/44/3 4407/45/3
f 4405/64/1 4403/56/1 4410/43/1 4412/59/1
f 4402/66/4 4411/43/4 4410/43/4 4403/56/4
f 4404/65/2 4405/64/2 4412/59/2 4413/59/2
f 4406/67/2 4407/45/2 4416/47/2 4417/47/2
f 4407/45/1 4408/44/1 4415/48/1 4416/47/1
f 4408/44/4 4409/68/4 4414/48/4 4415/48/4
f 4419/44/14 4420/44/14 4425/46/14 4422/45/14
f 4423/67/5 4422/45/5 4418/59/5 4424/59/5
f 4419/44/4 4422/45/4 4423/67/4 4421/68/4
f 4422/45/15 4425/46/15 4426/50/15 4418/59/15
f 4426/121/1 4425/46/1 4420/44/1
f 4432/3/5 4431/2/5 4429/2/5 4427/2/5
f 4430/2/4 4432/3/4 4427/2/4 4428/2/4
f 4436/32/24 4438/33/24 4439/25/24 4437/24/24
f 4437/24/5 4439/25/5 4434/26/5 4433/27/5
f 4435/22/1 4434/39/1 4439/23/1
f 4443/2/19 4436/5/19 4437/3/19 4441/2/19
f 4440/2/20 4439/5/20 4438/5/20 4442/2/20
f 4442/2/4 4438/5/4 4436/5/4 4443/2/4
f 4440/2/1 4435/1/1 4439/5/1
f 4446/2/3 4445/2/3 4448/2/3 4449/2/3
f 4445/2/4 4444/2/4 4447/2/4 4448/2/4
f 4447/2/5 4444/2/5 4450/2/5 4451/2/5
f 4446/2/2 4449/2/2 4451/2/2 4450/2/2
f 4450/1/1 4444/2/1 4445/2/1 4446/2/1
f 4462/3/3 4461/2/3 4453/2/3 4454/2/3
f 4456/3/5 4469/2/5 4455/2/5 4452/2/5
f 4461/2/4 4456/3/4 4452/2/4 4453/2/4
f 4469/2/2 4462/3/2 4454/2/2 4455/2/2
f 4451/2/2 4449/2/2 4465/2/2 4466/2/2
f 4467/2/2 4464/4/2 4463/5/2 4468/2/2
f 4448/2/4 4447/2/4 4457/2/4 4458/4/4
f 4473/2/19 4476/2/19 4471/2/19 4459/2/19
f 4459/2/4 4471/2/4 4470/5/4 4460/2/4
f 4479/2/19 4482/5/19 4456/3/19 4461/2/19
f 4447/2/5 4451/2/5 4466/2/5 4457/2/5
f 4471/2/5 4467/2/5 4468/2/5 4470/5/5
f 4449/2/3 4448/2/3 4458/4/3 4465/2/3
f 4474/2/6 4473/2/6 4459/2/6 4464/4/6
f 4464/4/3 4459/2/3 4460/2/3 4463/5/3
f 4480/5/6 4479/2/6 4461/2/6 4462/3/6
f 4465/2/9 4458/4/9 4472/5/9 4475/2/9
f 4475/2/3 4472/5/3 4473/2/3 4474/2/3
f 4458/4/20 4457/2/20 4477/3/20 4472/5/20
f 4472/5/4 4477/3/4 4476/2/4 4473/2/4
f 4463/5/9 4460/2/9 4478/2/9 4481/5/9
f 4481/5/3 4478/2/3 4479/2/3 4480/5/3
f 4460/2/20 4470/5/20 4483/5/20 4478/2/20
f 4478/2/4 4483/5/4 4482/5/4 4479/2/4
f 4486/2/3 4485/2/3 4488/2/3 4489/2/3
f 4485/2/4 4484/2/4 4487/2/4 4488/2/4
f 4487/2/5 4484/2/5 4490/2/5 4491/2/5
f 4486/2/2 4489/2/2 4491/2/2 4490/2/2
f 4490/1/1 4484/2/1 4485/2/1 4486/2/1
f 4502/3/3 4501/2/3 4493/2/3 4494/2/3
f 4496/3/5 4509/2/5 4495/2/5 4492/2/5
f 4501/2/4 4496/3/4 4492/2/4 4493/2/4
f 4509/2/2 4502/3/2 4494/2/2 4495/2/2
f 4491/2/2 4489/2/2 4505/2/2 4506/2/2
f 4507/2/2 4504/4/2 4503/5/2 4508/2/2
f 4488/2/4 4487/2/4 4497/2/4 4498/4/4
f 4513/2/19 4516/2/19 4511/2/19 4499/2/19
f 4499/2/4 4511/2/4 4510/5/4 4500/2/4
f 4519/2/19 4522/5/19 4496/3/19 4501/2/19
f 4487/2/5 4491/2/5 4506/2/5 4497/2/5
f 4511/2/5 4507/2/5 4508/2/5 4510/5/5
f 4489/2/3 4488/2/3 4498/4/3 4505/2/3
f 4514/2/6 4513/2/6 4499/2/6 4504/4/6
f 4504/4/3 4499/2/3 4500/2/3 4503/5/3
f 4520/5/6 4519/2/6 4501/2/6 4502/3/6
f 4505/2/9 4498/4/9 4512/5/9 4515/2/9
f 4515/2/3 4512/5/3 4513/2/3 4514/2/3
f 4498/4/20 4497/2/20 4517/3/20 4512/5/20
f 4512/5/4 4517/3/4 4516/2/4 4513/2/4
f 4503/5/9 4500/2/9 4518/2/9 4521/5/9
f 4521/5/3 4518/2/3 4519/2/3 4520/5/3
f 4500/2/20 4510/5/20 4523/5/20 4518/2/20
f 4518/2/4 4523/5/4 4522/5/4 4519/2/4
f 4526/2/3 4525/2/3 4528/2/3 4529/2/3
f 4525/2/4 4524/2/4 4527/2/4 4528/2/4
f 4527/2/5 4524/2/5 4530/2/5 4531/2/5
f 4526/2/2 4529/2/2 4531/2/2 4530/2/2
f 4530/1/1 4524/2/1 4525/2/1 4526/2/1
f 4542/3/3 4541/2/3 4533/2/3 4534/2/3
f 4536/3/5 4549/2/5 4535/2/5 4532/2/5
f 4541/2/4 4536/3/4 4532/2/4 4533/2/4
f 4549/2/2 4542/3/2 4534/2/2 4535/2/2
f 4531/2/2 4529/2/2 4545/2/2 4546/2/2
f 4547/2/2 4544/4/2 4543/5/2 4548/2/2
f 4528/2/4 4527/2/4 4537/2/4 4538/4/4
f 4553/2/19 4556/2/19 4551/2/19 4539/2/19
f 4539/2/4 4551/2/4 4550/5/4 4540/2/4
f 4559/2/19 4562/5/19 4536/3/19 4541/2/19
f 4527/2/5 4531/2/5 4546/2/5 4537/2/5
f 4551/2/5 4547/2/5 4548/2/5 4550/5/5
f 4529/2/3 4528/2/3 4538/4/3 4545/2/3
f 4554/2/6 4553/2/6 4539/2/6 4544/4/6
f 4544/4/3 4539/2/3 4540/2/3 4543/5/3
f 4560/5/6 4559/2/6 4541/2/6 4542/3/6
f 4545/2/9 4538/4/9 4552/5/9 4555/2/9
f 4555/2/3 4552/5/3 4553/2/3 4554/2/3
f 4538/4/20 4537/2/20 4557/3/20 4552/5/20
f 4552/5/4 4557/3/4 4556/2/4 4553/2/4
f 4543/5/9 4540/2/9 4558/2/9 4561/5/9
f 4561/5/3 4558/2/3 4559/2/3 4560/5/3
f 4540/2/20 4550/5/20 4563/5/20 4558/2/20
f 4558/2/4 4563/5/4 4562/5/4 4559/2/4
f 4566/2/3 4565/2/3 4568/2/3 4569/2/3
f 4565/2/4 4564/2/4 4567/2/4 4568/2/4
f 4567/2/5 4564/2/5 4570/2/5 4571/2/5
f 4566/2/2 4569/2/2 4571/2/2 4570/2/2
f 4570/1/1 4564/2/1 4565/2/1 4566/2/1
f 4582/3/3 4581/2/3 4573/2/3 4574/2/3
f 4576/3/5 4589/2/5 4575/2/5 4572/2/5
f 4581/2/4 4576/3/4 4572/2/4 4573/2/4
f 4589/2/2 4582/3/2 4574/2/2 4575/2/2
f 4571/2/2 4569/2/2 4585/2/2 4586/2/2
f 4587/2/2 4584/4/2 4583/5/2 4588/2/2
f 4568/2/4 4567/2/4 4577/2/4 4578/4/4
f 4593/2/19 4596/2/19 4591/2/19 4579/2/19
f 4579/2/4 4591/2/4 4590/5/4 4580/2/4
f 4599/2/19 4602/5/19 4576/3/19 4581/2/19
f 4567/2/5 4571/2/5 4586/2/5 4577/2/5
f 4591/2/5 4587/2/5 4588/2/5 4590/5/5
f 4569/2/3 4568/2/3 4578/4/3 4585/2/3
f 4594/2/6 4593/2/6 4579/2/6 4584/4/6
f 4584/4/3 4579/2/3 4580/2/3 4583/5/3
f 4600/5/6 4599/2/6 4581/2/6 4582/3/6
f 4585/2/9 4578/4/9 4592/5/9 4595/2/9
f 4595/2/3 4592/5/3 4593/2/3 4594/2/3
f 4578/4/20 4577/2/20 4597/3/20 4592/5/20
f 4592/5/4 4597/3/4 4596/2/4 4593/2/4
f 4583/5/9 4580/2/9 4598/2/9 4601/5/9
f 4601/5/3 4598/2/3 4599/2/3 4600/5/3
f 4580/2/20 4590/5/20 4603/5/20 4598/2/20
f 4598/2/4 4603/5/4 4602/5/4 4599/2/4
f 4605/1/1 4604/1/1 4608/10/1 4609/11/1
f 4610/12/3 4611/13/3 4614/14/3 4612/15/3
f 4615/16/19 4612/15/19 4613/17/19 4616/18/19
f 4619/19/25 4613/17/25 4612/15/25 4614/14/25
f 4613/17/4 4619/19/4 4617/20/4 4616/18/4
f 4614/14/20 4618/21/20 4617/20/20 4619/19/20
f 4611/13/1 4620/22/1 4618/23/1 4614/14/1
f 4623/24/5 4625/25/5 4622/26/5 4621/27/5
f 4623/28/19 4626/29/19 4627/30/19 4624/31/19
f 4624/32/24 4630/33/24 4625/25/24 4623/24/24
f 4627/18/4 4628/20/4 4630/34/4 4624/35/4
f 4629/23/20 4625/36/20 4630/37/20 4628/38/20
f 4631/22/1 4622/39/1 4625/36/1 4629/23/1
f 4634/24/5 4636/25/5 4633/26/5 4632/27/5
f 4635/35/24 4643/34/24 4636/40/24 4634/41/24
f 4634/41/19 4637/15/19 4638/42/19 4635/35/19
f 4642/19/25 4638/42/25 4637/15/25 4639/14/25
f 4640/12/3 4641/13/3 4639/14/3 4637/15/3
f 4641/13/1 4633/39/1 4636/36/1 4639/14/1
f 4639/14/20 4636/40/20 4643/34/20 4642/19/20
f 4638/42/4 4642/19/4 4643/34/4 4635/35/4
f 4646/24/5 4648/25/5 4645/26/5 4644/27/5
f 4647/35/24 4655/34/24 4648/40/24 4646/41/24
f 4646/41/19 4649/15/19 4650/42/19 4647/35/19
f 4654/19/25 4650/42/25 4649/15/25 4651/14/25
f 4652/12/3 4653/13/3 4651/14/3 4649/15/3
f 4653/13/1 4645/39/1 4648/36/1 4651/14/1
f 4651/14/20 4648/40/20 4655/34/20 4654/19/20
f 4650/42/4 4654/19/4 4655/34/4 4647/35/4
f 4609/11/4 4608/10/4 4606/1/4 4607/2/4
f 4694/43/14 4693/44/14 4679/44/14 4680/43/14
f 4693/44/12 4692/45/12 4684/46/12 4679/44/12
f 4697/47/15 4696/48/15 4678/48/15 4683/49/15
f 4679/44/1 4684/46/1 4685/50/1 4680/43/1
f 4677/51/1 4682/52/1 4683/49/1 4678/48/1
f 4675/11/1 4687/53/1 4681/54/1 4676/55/1
f 4672/56/1 4686/57/1 4674/58/1 4673/10/1
f 4695/59/15 4694/43/15 4680/43/15 4685/50/15
f 4692/45/13 4695/59/13 4685/50/13 4684/46/13
f 4689/10/14 4688/56/14 4672/56/14 4673/10/14
f 4698/60/13 4697/47/13 4683/49/13 4682/52/13
f 4702/61/14 4701/11/14 4675/11/14 4676/55/14
f 4703/62/15 4702/61/15 4676/55/15 4681/54/15
f 4700/53/13 4703/62/13 4681/54/13 4687/53/13
f 4699/63/12 4698/60/12 4682/52/12 4677/51/12
f 4688/56/12 4691/64/12 4686/57/12 4672/56/12
f 4691/64/13 4690/58/13 4674/58/13 4686/57/13
f 4696/48/14 4699/63/14 4677/51/14 4678/48/14
f 4671/65/2 4664/58/2 4690/58/2 4691/64/2
f 4656/10/4 4663/66/4 4688/56/4 4689/10/4
f 4669/67/2 4670/59/2 4695/59/2 4692/45/2
f 4662/43/4 4661/68/4 4693/44/4 4694/43/4
f 4660/48/4 4659/63/4 4699/63/4 4696/48/4
f 4667/60/2 4668/47/2 4697/47/2 4698/60/2
f 4665/53/2 4666/54/2 4703/62/2 4700/53/2
f 4658/55/4 4657/11/4 4701/11/4 4702/61/4
f 4702/61/5 4703/62/5 4726/62/5 4724/61/5
f 4667/60/3 4698/60/3 4720/60/3 4721/60/3
f 4695/59/5 4670/59/5 4715/59/5 4714/59/5
f 4658/55/5 4702/61/5 4724/61/5 4725/55/5
f 4668/47/5 4660/48/5 4716/48/5 4719/47/5
f 4671/65/3 4691/64/3 4707/64/3 4706/65/3
f 4699/63/3 4659/63/3 4723/63/3 4722/63/3
f 4669/67/3 4692/45/3 4709/45/3 4708/67/3
f 4696/48/5 4697/47/5 4718/47/5 4717/48/5
f 4688/56/3 4663/66/3 4704/66/3 4705/56/3
f 4703/62/5 4666/54/5 4727/54/5 4726/62/5
f 4660/48/5 4696/48/5 4717/48/5 4716/48/5
f 4670/59/5 4662/43/5 4713/43/5 4715/59/5
f 4693/44/3 4661/68/3 4711/68/3 4710/44/3
f 4663/66/3 4671/65/3 4706/65/3 4704/66/3
f 4694/43/5 4695/59/5 4714/59/5 4712/43/5
f 4659/63/3 4667/60/3 4721/60/3 4723/63/3
f 4697/47/5 4668/47/5 4719/47/5 4718/47/5
f 4691/64/3 4688/56/3 4705/56/3 4707/64/3
f 4661/68/3 4669/67/3 4708/67/3 4711/68/3
f 4698/60/3 4699/63/3 4722/63/3 4720/60/3
f 4666/54/5 4658/55/5 4725/55/5 4727/54/5
f 4662/43/5 4694/43/5 4712/43/5 4713/43/5
f 4692/45/3 4693/44/3 4710/44/3 4709/45/3
f 4707/64/1 4705/56/1 4712/43/1 4714/59/1
f 4704/66/4 4713/43/4 4712/43/4 4705/56/4
f 4706/65/2 4707/64/2 4714/59/2 4715/59/2
f 4708/67/2 4709/45/2 4718/47/2 4719/47/2
f 4709/45/1 4710/44/1 4717/48/1 4718/47/1
f 4710/44/4 4711/68/4 4716/48/4 4717/48/4
f 4723/63/4 4725/55/4 4724/61/4 4722/63/4
f 4720/60/1 4722/63/1 4724/61/1 4726/62/1
f 4721/60/2 4720/60/2 4726/62/2 4727/54/2
f 4729/1/1 4728/1/1 4732/10/1 4733/11/1
f 4734/12/3 4735/13/3 4738/14/3 4736/15/3
f 4739/16/19 4736/15/19 4737/17/19 4740/18/19
f 4743/19/25 4737/17/25 4736/15/25 4738/14/25
f 4737/17/4 4743/19/4 4741/20/4 4740/18/4
f 4738/14/20 4742/21/20 4741/20/20 4743/19/20
f 4735/13/1 4744/22/1 4742/23/1 4738/14/1
f 4747/24/5 4749/25/5 4746/26/5 4745/27/5
f 4747/28/19 4750/29/19 4751/30/19 4748/31/19
f 4748/32/24 4754/33/24 4749/25/24 4747/24/24
f 4751/18/4 4752/20/4 4754/34/4 4748/35/4
f 4753/23/20 4749/36/20 4754/37/20 4752/38/20
f 4755/22/1 4746/39/1 4749/36/1 4753/23/1
f 4758/24/5 4760/25/5 4757/26/5 4756/27/5
f 4759/35/24 4767/34/24 4760/40/24 4758/41/24
f 4758/41/19 4761/15/19 4762/42/19 4759/35/19
f 4766/19/25 4762/42/25 4761/15/25 4763/14/25
f 4764/12/3 4765/13/3 4763/14/3 4761/15/3
f 4765/13/1 4757/39/1 4760/36/1 4763/14/1
f 4763/14/20 4760/40/20 4767/34/20 4766/19/20
f 4762/42/4 4766/19/4 4767/34/4 4759/35/4
f 4770/24/5 4772/25/5 4769/26/5 4768/27/5
f 4771/35/24 4779/34/24 4772/40/24 4770/41/24
f 4770/41/19 4773/15/19 4774/42/19 4771/35/19
f 4778/19/25 4774/42/25 4773/15/25 4775/14/25
f 4776/12/3 4777/13/3 4775/14/3 4773/15/3
f 4777/13/1 4769/39/1 4772/36/1 4775/14/1
f 4775/14/20 4772/40/20 4779/34/20 4778/19/20
f 4774/42/4 4778/19/4 4779/34/4 4771/35/4
f 4733/11/4 4732/10/4 4730/1/4 4731/2/4
f 4818/43/14 4817/44/14 4803/44/14 4804/43/14
f 4817/44/12 4816/45/12 4808/46/12 4803/44/12
f 4821/47/15 4820/48/15 4802/48/15 4807/49/15
f 4803/44/1 4808/46/1 4809/50/1 4804/43/1
f 4801/51/1 4806/52/1 4807/49/1 4802/48/1
f 4799/11/1 4811/53/1 4805/54/1 4800/55/1
f 4796/56/1 4810/57/1 4798/58/1 4797/10/1
f 4819/59/15 4818/43/15 4804/43/15 4809/50/15
f 4816/45/13 4819/59/13 4809/50/13 4808/46/13
f 4813/10/14 4812/56/14 4796/56/14 4797/10/14
f 4822/60/13 4821/47/13 4807/49/13 4806/52/13
f 4826/61/14 4825/11/14 4799/11/14 4800/55/14
f 4827/62/15 4826/61/15 4800/55/15 4805/54/15
f 4824/53/13 4827/62/13 4805/54/13 4811/53/13
f 4823/63/12 4822/60/12 4806/52/12 4801/51/12
f 4812/56/12 4815/64/12 4810/57/12 4796/56/12
f 4815/64/13 4814/58/13 4798/58/13 4810/57/13
f 4820/48/14 4823/63/14 4801/51/14 4802/48/14
f 4795/65/2 4788/58/2 4814/58/2 4815/64/2
f 4780/10/4 4787/66/4 4812/56/4 4813/10/4
f 4793/67/2 4794/59/2 4819/59/2 4816/45/2
f 4786/43/4 4785/68/4 4817/44/4 4818/43/4
f 4784/48/4 4783/63/4 4823/63/4 4820/48/4
f 4791/60/2 4792/47/2 4821/47/2 4822/60/2
f 4789/53/2 4790/54/2 4827/62/2 4824/53/2
f 4782/55/4 4781/11/4 4825/11/4 4826/61/4
f 4826/61/5 4827/62/5 4850/62/5 4848/61/5
f 4791/60/3 4822/60/3 4844/60/3 4845/60/3
f 4819/59/5 4794/59/5 4839/59/5 4838/59/5
f 4782/55/5 4826/61/5 4848/61/5 4849/55/5
f 4792/47/5 4784/48/5 4840/48/5 4843/47/5
f 4795/65/3 4815/64/3 4831/64/3 4830/65/3
f 4823/63/3 4783/63/3 4847/63/3 4846/63/3
f 4793/67/3 4816/45/3 4833/45/3 4832/67/3
f 4820/48/5 4821/47/5 4842/47/5 4841/48/5
f 4812/56/3 4787/66/3 4828/66/3 4829/56/3
f 4827/62/5 4790/54/5 4851/54/5 4850/62/5
f 4784/48/5 4820/48/5 4841/48/5 4840/48/5
f 4794/59/5 4786/43/5 4837/43/5 4839/59/5
f 4817/44/3 4785/68/3 4835/68/3 4834/44/3
f 4787/66/3 4795/65/3 4830/65/3 4828/66/3
f 4818/43/5 4819/59/5 4838/59/5 4836/43/5
f 4783/63/3 4791/60/3 4845/60/3 4847/63/3
f 4821/47/5 4792/47/5 4843/47/5 4842/47/5
f 4815/64/3 4812/56/3 4829/56/3 4831/64/3
f 4785/68/3 4793/67/3 4832/67/3 4835/68/3
f 4822/60/3 4823/63/3 4846/63/3 4844/60/3
f 4790/54/5 4782/55/5 4849/55/5 4851/54/5
f 4786/43/5 4818/43/5 4836/43/5 4837/43/5
f 4816/45/3 4817/44/3 4834/44/3 4833/45/3
f 4831/64/1 4829/56/1 4836/43/1 4838/59/1
f 4828/66/4 4837/43/4 4836/43/4 4829/56/4
f 4830/65/2 4831/64/2 4838/59/2 4839/59/2
f 4832/67/2 4833/45/2 4842/47/2 4843/47/2
f 4833/45/1 4834/44/1 4841/48/1 4842/47/1
f 4834/44/4 4835/68/4 4840/48/4 4841/48/4
f 4847/63/4 4849/55/4 4848/61/4 4846/63/4
f 4844/60/1 4846/63/1 4848/61/1 4850/62/1
f 4845/60/2 4844/60/2 4850/62/2 4851/54/2
f 4853/1/1 4852/1/1 4856/10/1 4857/11/1
f 4858/12/5 4859/13/5 4862/14/5 4860/15/5
f 4863/16/7 4860/15/7 4861/17/7 4864/18/7
f 4867/19/29 4861/17/29 4860/15/29 4862/14/29
f 4861/17/2 4867/19/2 4865/20/2 4864/18/2
f 4862/14/8 4866/21/8 4865/20/8 4867/19/8
f 4859/13/1 4868/22/1 4866/23/1 4862/14/1
f 4871/24/3 4873/25/3 4870/26/3 4869/27/3
f 4871/28/7 4874/29/7 4875/30/7 4872/31/7
f 4872/32/30 4878/33/30 4873/25/30 4871/24/30
f 4875/18/2 4876/20/2 4878/34/2 4872/35/2
f 4877/23/8 4873/36/8 4878/37/8 4876/38/8
f 4879/22/1 4870/39/1 4873/36/1 4877/23/1
f 4882/24/3 4884/25/3 4881/26/3 4880/27/3
f 4883/35/30 4891/34/30 4884/40/30 4882/41/30
f 4882/41/7 4885/15/7 4886/42/7 4883/35/7
f 4890/19/29 4886/42/29 4885/15/29 4887/14/29
f 4888/12/5 4889/13/5 4887/14/5 4885/15/5
f 4889/13/1 4881/39/1 4884/36/1 4887/14/1
f 4887/14/8 4884/40/8 4891/34/8 4890/19/8
f 4886/42/2 4890/19/2 4891/34/2 4883/35/2
f 4894/24/3 4896/25/3 4893/26/3 4892/27/3
f 4895/35/30 4903/34/30 4896/40/30 4894/41/30
f 4894/41/7 4897/15/7 4898/42/7 4895/35/7
f 4902/19/29 4898/42/29 4897/15/29 4899/14/29
f 4900/12/5 4901/13/5 4899/14/5 4897/15/5
f 4901/13/1 4893/39/1 4896/36/1 4899/14/1
f 4899/14/8 4896/40/8 4903/34/8 4902/19/8
f 4898/42/2 4902/19/2 4903/34/2 4895/35/2
f 4857/11/2 4856/10/2 4854/1/2 4855/2/2
f 4942/43/13 4941/44/13 4927/44/13 4928/43/13
f 4941/44/15 4940/45/15 4932/46/15 4927/44/15
f 4945/47/12 4944/48/12 4926/48/12 4931/49/12
f 4927/44/1 4932/46/1 4933/50/1 4928/43/1
f 4925/51/1 4930/52/1 4931/49/1 4926/48/1
f 4923/11/1 4935/53/1 4929/54/1 4924/55/1
f 4920/56/1 4934/57/1 4922/58/1 4921/10/1
f 4943/59/12 4942/43/12 4928/43/12 4933/50/12
f 4940/45/14 4943/59/14 4933/50/14 4932/46/14
f 4937/10/13 4936/56/13 4920/56/13 4921/10/13
f 4946/60/14 4945/47/14 4931/49/14 4930/52/14
f 4950/61/13 4949/11/13 4923/11/13 4924/55/13
f 4951/62/12 4950/61/12 4924/55/12 4929/54/12
f 4948/53/14 4951/62/14 4929/54/14 4935/53/14
f 4947/63/15 4946/60/15 4930/52/15 4925/51/15
f 4936/56/15 4939/64/15 4934/57/15 4920/56/15
f 4939/64/14 4938/58/14 4922/58/14 4934/57/14
f 4944/48/13 4947/63/13 4925/51/13 4926/48/13
f 4919/65/4 4912/58/4 4938/58/4 4939/64/4
f 4904/10/2 4911/66/2 4936/56/2 4937/10/2
f 4917/67/4 4918/59/4 4943/59/4 4940/45/4
f 4910/43/2 4909/68/2 4941/44/2 4942/43/2
f 4908/48/2 4907/63/2 4947/63/2 4944/48/2
f 4915/60/4 4916/47/4 4945/47/4 4946/60/4
f 4913/53/4 4914/54/4 4951/62/4 4948/53/4
f 4906/55/2 4905/11/2 4949/11/2 4950/61/2
f 4950/61/3 4951/62/3 4974/62/3 4972/61/3
f 4915/60/5 4946/60/5 4968/60/5 4969/60/5
f 4943/59/3 4918/59/3 4963/59/3 4962/59/3
f 4906/55/3 4950/61/3 4972/61/3 4973/55/3
f 4916/47/3 4908/48/3 4964/48/3 4967/47/3
f 4919/65/5 4939/64/5 4955/64/5 4954/65/5
f 4947/63/5 4907/63/5 4971/63/5 4970/63/5
f 4917/67/5 4940/45/5 4957/45/5 4956/67/5
f 4944/48/3 4945/47/3 4966/47/3 4965/48/3
f 4936/56/5 4911/66/5 4952/66/5 4953/56/5
f 4951/62/3 4914/54/3 4975/54/3 4974/62/3
f 4908/48/3 4944/48/3 4965/48/3 4964/48/3
f 4918/59/3 4910/43/3 4961/43/3 4963/59/3
f 4941/44/5 4909/68/5 4959/68/5 4958/44/5
f 4911/66/5 4919/65/5 4954/65/5 4952/66/5
f 4942/43/3 4943/59/3 4962/59/3 4960/43/3
f 4907/63/5 4915/60/5 4969/60/5 4971/63/5
f 4945/47/3 4916/47/3 4967/47/3 4966/47/3
f 4939/64/5 4936/56/5 4953/56/5 4955/64/5
f 4909/68/5 4917/67/5 4956/67/5 4959/68/5
f 4946/60/5 4947/63/5 4970/63/5 4968/60/5
f 4914/54/3 4906/55/3 4973/55/3 4975/54/3
f 4910/43/3 4942/43/3 4960/43/3 4961/43/3
f 4940/45/5 4941/44/5 4958/44/5 4957/45/5
f 4955/64/1 4953/56/1 4960/43/1 4962/59/1
f 4952/66/2 4961/43/2 4960/43/2 4953/56/2
f 4954/65/4 4955/64/4 4962/59/4 4963/59/4
f 4956/67/4 4957/45/4 4966/47/4 4967/47/4
f 4957/45/1 4958/44/1 4965/48/1 4966/47/1
f 4958/44/2 4959/68/2 4964/48/2 4965/48/2
f 4971/63/2 4973/55/2 4972/61/2 4970/63/2
f 4968/60/1 4970/63/1 4972/61/1 4974/62/1
f 4969/60/4 4968/60/4 4974/62/4 4975/54/4
f 4977/1/1 4976/1/1 4980/10/1 4981/11/1
f 4982/12/5 4983/13/5 4986/14/5 4984/15/5
f 4987/16/7 4984/15/7 4985/17/7 4988/18/7
f 4991/19/29 4985/17/29 4984/15/29 4986/14/29
f 4985/17/2 4991/19/2 4989/20/2 4988/18/2
f 4986/14/8 4990/21/8 4989/20/8 4991/19/8
f 4983/13/1 4992/22/1 4990/23/1 4986/14/1
f 4995/24/3 4997/25/3 4994/26/3 4993/27/3
f 4995/28/7 4998/29/7 4999/30/7 4996/31/7
f 4996/32/30 5002/33/30 4997/25/30 4995/24/30
f 4999/18/2 5000/20/2 5002/34/2 4996/35/2
f 5001/23/8 4997/36/8 5002/37/8 5000/38/8
f 5003/22/1 4994/39/1 4997/36/1 5001/23/1
f 5006/24/3 5008/25/3 5005/26/3 5004/27/3
f 5007/35/30 5015/34/30 5008/40/30 5006/41/30
f 5006/41/7 5009/15/7 5010/42/7 5007/35/7
f 5014/19/29 5010/42/29 5009/15/29 5011/14/29
f 5012/12/5 5013/13/5 5011/14/5 5009/15/5
f 5013/13/1 5005/39/1 5008/36/1 5011/14/1
f 5011/14/8 5008/40/8 5015/34/8 5014/19/8
f 5010/42/2 5014/19/2 5015/34/2 5007/35/2
f 5018/24/3 5020/25/3 5017/26/3 5016/27/3
f 5019/35/30 5027/34/30 5020/40/30 5018/41/30
f 5018/41/7 5021/15/7 5022/42/7 5019/35/7
f 5026/19/29 5022/42/29 5021/15/29 5023/14/29
f 5024/12/5 5025/13/5 5023/14/5 5021/15/5
f 5025/13/1 5017/39/1 5020/36/1 5023/14/1
f 5023/14/8 5020/40/8 5027/34/8 5026/19/8
f 5022/42/2 5026/19/2 5027/34/2 5019/35/2
f 4981/11/2 4980/10/2 4978/1/2 4979/2/2
f 5066/43/13 5065/44/13 5051/44/13 5052/43/13
f 5065/44/15 5064/45/15 5056/46/15 5051/44/15
f 5069/47/12 5068/48/12 5050/48/12 5055/49/12
f 5051/44/1 5056/46/1 5057/50/1 5052/43/1
f 5049/51/1 5054/52/1 5055/49/1 5050/48/1
f 5047/11/1 5059/53/1 5053/54/1 5048/55/1
f 5044/56/1 5058/57/1 5046/58/1 5045/10/1
f 5067/59/12 5066/43/12 5052/43/12 5057/50/12
f 5064/45/14 5067/59/14 5057/50/14 5056/46/14
f 5061/10/13 5060/56/13 5044/56/13 5045/10/13
f 5070/60/14 5069/47/14 5055/49/14 5054/52/14
f 5074/61/13 5073/11/13 5047/11/13 5048/55/13
f 5075/62/12 5074/61/12 5048/55/12 5053/54/12
f 5072/53/14 5075/62/14 5053/54/14 5059/53/14
f 5071/63/15 5070/60/15 5054/52/15 5049/51/15
f 5060/56/15 5063/64/15 5058/57/15 5044/56/15
f 5063/64/14 5062/58/14 5046/58/14 5058/57/14
f 5068/48/13 5071/63/13 5049/51/13 5050/48/13
f 5043/65/4 5036/58/4 5062/58/4 5063/64/4
f 5028/10/2 5035/66/2 5060/56/2 5061/10/2
f 5041/67/4 5042/59/4 5067/59/4 5064/45/4
f 5034/43/2 5033/68/2 5065/44/2 5066/43/2
f 5032/48/2 5031/63/2 5071/63/2 5068/48/2
f 5039/60/4 5040/47/4 5069/47/4 5070/60/4
f 5037/53/4 5038/54/4 5075/62/4 5072/53/4
f 5030/55/2 5029/11/2 5073/11/2 5074/61/2
f 5074/61/3 5075/62/3 5098/62/3 5096/61/3
f 5039/60/5 5070/60/5 5092/60/5 5093/60/5
f 5067/59/3 5042/59/3 5087/59/3 5086/59/3
f 5030/55/3 5074/61/3 5096/61/3 5097/55/3
f 5040/47/3 5032/48/3 5088/48/3 5091/47/3
f 5043/65/5 5063/64/5 5079/64/5 5078/65/5
f 5071/63/5 5031/63/5 5095/63/5 5094/63/5
f 5041/67/5 5064/45/5 5081/45/5 5080/67/5
f 5068/48/3 5069/47/3 5090/47/3 5089/48/3
f 5060/56/5 5035/66/5 5076/66/5 5077/56/5
f 5075/62/3 5038/54/3 5099/54/3 5098/62/3
f 5032/48/3 5068/48/3 5089/48/3 5088/48/3
f 5042/59/3 5034/43/3 5085/43/3 5087/59/3
f 5065/44/5 5033/68/5 5083/68/5 5082/44/5
f 5035/66/5 5043/65/5 5078/65/5 5076/66/5
f 5066/43/3 5067/59/3 5086/59/3 5084/43/3
f 5031/63/5 5039/60/5 5093/60/5 5095/63/5
f 5069/47/3 5040/47/3 5091/47/3 5090/47/3
f 5063/64/5 5060/56/5 5077/56/5 5079/64/5
f 5033/68/5 5041/67/5 5080/67/5 5083/68/5
f 5070/60/5 5071/63/5 5094/63/5 5092/60/5
f 5038/54/3 5030/55/3 5097/55/3 5099/54/3
f 5034/43/3 5066/43/3 5084/43/3 5085/43/3
f 5064/45/5 5065/44/5 5082/44/5 5081/45/5
f 5079/64/1 5077/56/1 5084/43/1 5086/59/1
f 5076/66/2 5085/43/2 5084/43/2 5077/56/2
f 5078/65/4 5079/64/4 5086/59/4 5087/59/4
f 5080/67/4 5081/45/4 5090/47/4 5091/47/4
f 5081/45/1 5082/44/1 5089/48/1 5090/47/1
f 5082/44/2 5083/68/2 5088/48/2 5089/48/2
f 5095/63/2 5097/55/2 5096/61/2 5094/63/2
f 5092/60/1 5094/63/1 5096/61/1 5098/62/1
f 5093/60/4 5092/60/4 5098/62/4 5099/54/4
f 5102/12/5 5103/13/5 5106/14/5 5104/15/5
f 5107/16/7 5104/15/7 5105/17/7 5108/18/7
f 5111/19/29 5105/17/29 5104/15/29 5106/14/29
f 5105/17/2 5111/19/2 5109/20/2 5108/18/2
f 5106/14/8 5110/21/8 5109/20/8 5111/19/8
f 5103/13/1 5112/22/1 5110/23/1 5106/14/1
f 5115/24/3 5117/25/3 5114/26/3 5113/27/3
f 5116/35/30 5124/34/30 5117/40/30 5115/41/30
f 5115/41/7 5118/15/7 5119/42/7 5116/35/7
f 5123/19/29 5119/42/29 5118/15/29 5120/14/29
f 5121/12/5 5122/13/5 5120/14/5 5118/15/5
f 5122/13/1 5114/39/1 5117/36/1 5120/14/1
f 5120/14/8 5117/40/8 5124/34/8 5123/19/8
f 5119/42/2 5123/19/2 5124/34/2 5116/35/2
f 5127/24/3 5129/25/3 5126/26/3 5125/27/3
f 5128/35/30 5136/34/30 5129/40/30 5127/41/30
f 5127/41/7 5130/15/7 5131/42/7 5128/35/7
f 5135/19/29 5131/42/29 5130/15/29 5132/14/29
f 5133/12/5 5134/13/5 5132/14/5 5130/15/5
f 5134/13/1 5126/39/1 5129/36/1 5132/14/1
f 5132/14/8 5129/40/8 5136/34/8 5135/19/8
f 5131/42/2 5135/19/2 5136/34/2 5128/35/2
f 5192/11/2 5153/10/2 5101/1/2 5200/2/2
f 5100/1/1 5153/10/1 5192/11/1 5137/1/1
f 5162/43/13 5160/44/13 5143/44/13 5144/43/13
f 5160/44/15 5159/45/15 5147/46/15 5143/44/15
f 5168/47/12 5167/48/12 5142/48/12 5146/49/12
f 5143/44/1 5147/46/1 5148/50/1 5144/43/1
f 5141/51/1 5145/52/1 5146/49/1 5142/48/1
f 5138/56/1 5149/57/1 5140/58/1 5139/10/1
f 5164/59/12 5162/43/12 5144/43/12 5148/50/12
f 5159/45/14 5164/59/14 5148/50/14 5147/46/14
f 5152/10/13 5151/56/13 5138/56/13 5139/10/13
f 5170/60/14 5168/47/14 5146/49/14 5145/52/14
f 5172/63/15 5170/60/15 5145/52/15 5141/51/15
f 5151/56/15 5157/64/15 5149/57/15 5138/56/15
f 5157/64/14 5154/58/14 5140/58/14 5149/57/14
f 5167/48/13 5172/63/13 5141/51/13 5142/48/13
f 5156/65/4 5155/58/4 5154/58/4 5157/64/4
f 5153/10/2 5150/66/2 5151/56/2 5152/10/2
f 5158/67/4 5165/59/4 5164/59/4 5159/45/4
f 5163/43/2 5161/68/2 5160/44/2 5162/43/2
f 5166/48/2 5194/63/2 5172/63/2 5167/48/2
f 5171/60/4 5169/47/4 5168/47/4 5170/60/4
f 5164/59/3 5165/59/3 5184/59/3 5183/59/3
f 5169/47/3 5166/48/3 5185/48/3 5188/47/3
f 5156/65/5 5157/64/5 5176/64/5 5175/65/5
f 5158/67/5 5159/45/5 5178/45/5 5177/67/5
f 5167/48/3 5168/47/3 5187/47/3 5186/48/3
f 5151/56/5 5150/66/5 5173/66/5 5174/56/5
f 5166/48/3 5167/48/3 5186/48/3 5185/48/3
f 5165/59/3 5163/43/3 5182/43/3 5184/59/3
f 5160/44/5 5161/68/5 5180/68/5 5179/44/5
f 5150/66/5 5156/65/5 5175/65/5 5173/66/5
f 5162/43/3 5164/59/3 5183/59/3 5181/43/3
f 5168/47/3 5169/47/3 5188/47/3 5187/47/3
f 5157/64/5 5151/56/5 5174/56/5 5176/64/5
f 5161/68/5 5158/67/5 5177/67/5 5180/68/5
f 5163/43/3 5162/43/3 5181/43/3 5182/43/3
f 5159/45/5 5160/44/5 5179/44/5 5178/45/5
f 5176/64/1 5174/56/1 5181/43/1 5183/59/1
f 5173/66/2 5182/43/2 5181/43/2 5174/56/2
f 5175/65/4 5176/64/4 5183/59/4 5184/59/4
f 5177/67/4 5178/45/4 5187/47/4 5188/47/4
f 5178/45/1 5179/44/1 5186/48/1 5187/47/1
f 5179/44/2 5180/68/2 5185/48/2 5186/48/2
f 5190/44/13 5191/44/13 5196/46/13 5193/45/13
f 5194/67/3 5193/45/3 5189/59/3 5195/59/3
f 5190/44/2 5193/45/2 5194/67/2 5192/68/2
f 5193/45/12 5196/46/12 5197/50/12 5189/59/12
f 5197/121/1 5196/46/1 5191/44/1
f 5203/3/3 5202/2/3 5200/2/3 5198/2/3
f 5201/2/2 5203/3/2 5198/2/2 5199/2/2
f 5207/32/30 5209/33/30 5210/25/30 5208/24/30
f 5208/24/3 5210/25/3 5205/26/3 5204/27/3
f 5206/22/1 5205/39/1 5210/23/1
f 5214/2/7 5207/5/7 5208/3/7 5212/2/7
f 5211/2/8 5210/5/8 5209/5/8 5213/2/8
f 5213/2/2 5209/5/2 5207/5/2 5214/2/2
f 5211/2/1 5206/1/1 5210/5/1
f 5218/12/3 5220/15/3 5222/14/3 5219/13/3
f 5223/16/7 5224/18/7 5221/17/7 5220/15/7
f 5227/19/30 5222/14/30 5220/15/30 5221/17/30
f 5221/17/2 5224/18/2 5225/20/2 5227/19/2
f 5222/14/8 5227/19/8 5225/20/8 5226/21/8
f 5219/13/1 5222/14/1 5226/23/1 5228/22/1
f 5231/24/5 5229/27/5 5230/26/5 5233/25/5
f 5232/35/29 5231/41/29 5233/40/29 5240/34/29
f 5231/41/7 5232/35/7 5235/42/7 5234/15/7
f 5239/19/30 5236/14/30 5234/15/30 5235/42/30
f 5237/12/3 5234/15/3 5236/14/3 5238/13/3
f 5238/13/1 5236/14/1 5233/36/1 5230/39/1
f 5236/14/8 5239/19/8 5240/34/8 5233/40/8
f 5235/42/2 5232/35/2 5240/34/2 5239/19/2
f 5243/24/5 5241/27/5 5242/26/5 5245/25/5
f 5244/35/29 5243/41/29 5245/40/29 5252/34/29
f 5243/41/7 5244/35/7 5247/42/7 5246/15/7
f 5251/19/30 5248/14/30 5246/15/30 5247/42/30
f 5249/12/3 5246/15/3 5248/14/3 5250/13/3
f 5250/13/1 5248/14/1 5245/36/1 5242/39/1
f 5248/14/8 5251/19/8 5252/34/8 5245/40/8
f 5247/42/2 5244/35/2 5252/34/2 5251/19/2
f 5311/11/2 5217/2/2 5216/1/2 5269/10/2
f 5215/1/1 5253/1/1 5311/11/1 5269/10/1
f 5278/43/13 5260/43/13 5259/44/13 5276/44/13
f 5276/44/12 5259/44/12 5263/46/12 5275/45/12
f 5284/47/15 5262/49/15 5258/48/15 5283/48/15
f 5259/44/1 5260/43/1 5264/50/1 5263/46/1
f 5257/51/1 5258/48/1 5262/49/1 5261/52/1
f 5254/56/1 5255/10/1 5256/58/1 5265/57/1
f 5280/59/15 5264/50/15 5260/43/15 5278/43/15
f 5275/45/14 5263/46/14 5264/50/14 5280/59/14
f 5268/10/13 5255/10/13 5254/56/13 5267/56/13
f 5286/60/14 5261/52/14 5262/49/14 5284/47/14
f 5288/63/12 5257/51/12 5261/52/12 5286/60/12
f 5267/56/12 5254/56/12 5265/57/12 5273/64/12
f 5273/64/14 5265/57/14 5256/58/14 5270/58/14
f 5283/48/13 5258/48/13 5257/51/13 5288/63/13
f 5272/65/4 5273/64/4 5270/58/4 5271/58/4
f 5269/10/2 5268/10/2 5267/56/2 5266/66/2
f 5274/67/4 5275/45/4 5280/59/4 5281/59/4
f 5279/43/2 5278/43/2 5276/44/2 5277/68/2
f 5282/48/2 5283/48/2 5288/63/2 5307/63/2
f 5287/60/4 5286/60/4 5284/47/4 5285/47/4
f 5280/59/5 5299/59/5 5300/59/5 5281/59/5
f 5285/47/5 5304/47/5 5301/48/5 5282/48/5
f 5272/65/3 5291/65/3 5292/64/3 5273/64/3
f 5274/67/3 5293/67/3 5294/45/3 5275/45/3
f 5283/48/5 5302/48/5 5303/47/5 5284/47/5
f 5267/56/3 5290/56/3 5289/66/3 5266/66/3
f 5282/48/5 5301/48/5 5302/48/5 5283/48/5
f 5281/59/5 5300/59/5 5298/43/5 5279/43/5
f 5276/44/3 5295/44/3 5296/68/3 5277/68/3
f 5266/66/3 5289/66/3 5291/65/3 5272/65/3
f 5278/43/5 5297/43/5 5299/59/5 5280/59/5
f 5284/47/5 5303/47/5 5304/47/5 5285/47/5
f 5273/64/3 5292/64/3 5290/56/3 5267/56/3
f 5277/68/3 5296/68/3 5293/67/3 5274/67/3
f 5279/43/5 5298/43/5 5297/43/5 5278/43/5
f 5275/45/3 5294/45/3 5295/44/3 5276/44/3
f 5292/64/1 5299/59/1 5297/43/1 5290/56/1
f 5289/66/2 5290/56/2 5297/43/2 5298/43/2
f 5291/65/4 5300/59/4 5299/59/4 5292/64/4
f 5293/67/4 5304/47/4 5303/47/4 5294/45/4
f 5294/45/1 5303/47/1 5302/48/1 5295/44/1
f 5295/44/2 5302/48/2 5301/48/2 5296/68/2
f 5308/59/15 5313/50/15 5306/43/15 5305/43/15
f 5305/43/13 5306/43/13 5310/44/13 5309/44/13
f 5307/43/2 5305/43/2 5309/44/2 5311/68/2
f 5307/43/5 5312/59/5 5308/59/5 5305/43/5
f 5310/44/1 5306/43/1 5313/121/1
f 5317/3/2 5316/2/2 5314/2/2 5315/2/2
f 5318/2/5 5317/3/5 5315/2/5 5217/2/5
f 5321/32/29 5322/24/29 5324/25/29 5323/33/29
f 5322/24/5 5319/27/5 5320/26/5 5324/25/5
f 5329/22/1 5324/36/1 5320/39/1
f 5321/5/7 5328/2/7 5326/2/7 5322/3/7
f 5324/5/8 5325/2/8 5327/2/8 5323/5/8
f 5323/5/2 5327/2/2 5328/2/2 5321/5/2
f 5324/5/1 5329/1/1 5325/2/1
usemtl top_roof
f 1/1/1 6/1/1 7/1/1 2/1/1
f 2/1/1 7/1/1 8/1/1 3/1/1
f 3/1/1 8/1/1 9/1/1 4/1/1
f 4/1/1 9/1/1 10/1/1 5/1/1
f 6/1/1 11/1/1 12/1/1 7/1/1
f 7/1/1 12/1/1 13/1/1 8/1/1
f 8/1/1 13/1/1 14/1/1 9/1/1
f 9/1/1 14/1/1 15/1/1 10/1/1
f 11/1/1 16/1/1 17/1/1 12/1/1
f 12/1/1 17/1/1 18/1/1 13/1/1
f 13/1/1 18/1/1 19/1/1 14/1/1
f 14/1/1 19/1/1 20/1/1 15/1/1
f 16/1/1 21/1/1 22/1/1 17/1/1
f 17/1/1 22/1/1 23/1/1 18/1/1
f 18/1/1 23/1/1 24/1/1 19/1/1
f 19/1/1 24/1/1 25/1/1 20/1/1
