# Blender 5.0.1
# www.blender.org
o Plane.011
v 0.240000 0.825000 -4.040001
v 0.240000 0.825000 -4.240002
v 0.040000 0.825000 -4.240002
v 0.240000 0.700000 -4.040001
v 0.240000 0.700000 -4.240002
v 0.040000 0.700000 -4.240002
v 0.040000 0.825000 -4.040001
v 0.040000 0.700000 -4.040001
v 0.215000 0.700000 -4.065001
v 0.215000 0.700000 -4.215001
v 0.065000 0.700000 -4.215001
v 0.065000 0.700000 -4.065001
v 0.215000 0.125000 -4.065001
v 0.215000 0.125000 -4.215001
v 0.065000 0.125000 -4.215001
v 0.065000 0.125000 -4.065001
v 0.280000 0.825000 -4.000001
v 0.280000 0.825000 -4.280002
v 0.000000 0.825000 -4.280002
v 0.000000 0.825000 -4.000000
v 0.280000 1.000000 -4.000001
v 0.280000 1.000000 -4.280002
v 0.000000 1.000000 -4.280002
v 0.000000 1.000000 -4.000001
v 0.240000 0.125000 -4.040001
v 0.240000 0.125000 -4.240002
v 0.040000 0.125000 -4.240002
v 0.240000 0.000000 -4.040001
v 0.240000 0.000000 -4.240002
v 0.040000 0.000000 -4.240002
v 0.040000 0.125000 -4.040001
v 0.040000 0.000000 -4.040001
v 0.240000 1.825000 -4.040001
v 0.240000 1.825000 -4.240002
v 0.040000 1.825000 -4.240002
v 0.240000 1.700000 -4.040001
v 0.240000 1.700000 -4.240002
v 0.040000 1.700000 -4.240002
v 0.040000 1.825000 -4.040001
v 0.040000 1.700000 -4.040001
v 0.215000 1.700000 -4.065001
v 0.215000 1.700000 -4.215001
v 0.065000 1.700000 -4.215001
v 0.065000 1.700000 -4.065001
v 0.215000 1.125000 -4.065001
v 0.215000 1.125000 -4.215001
v 0.065000 1.125000 -4.215001
v 0.065000 1.125000 -4.065001
v 0.280000 1.825000 -4.000001
v 0.280000 1.825000 -4.280002
v 0.000000 1.825000 -4.280002
v 0.000000 1.825000 -4.000000
v 0.280000 2.000000 -4.000001
v 0.280000 2.000000 -4.280002
v 0.000000 2.000000 -4.280002
v 0.000000 2.000000 -4.000001
v 0.240000 1.125000 -4.040001
v 0.240000 1.125000 -4.240002
v 0.040000 1.125000 -4.240002
v 0.240000 1.000000 -4.040001
v 0.240000 1.000000 -4.240002
v 0.040000 1.000000 -4.240002
v 0.040000 1.125000 -4.040001
v 0.040000 1.000000 -4.040001
v 0.240000 2.825000 -4.040001
v 0.240000 2.825000 -4.240002
v 0.040000 2.825000 -4.240002
v 0.240000 2.700000 -4.040001
v 0.240000 2.700000 -4.240002
v 0.040000 2.700000 -4.240002
v 0.040000 2.825000 -4.040001
v 0.040000 2.700000 -4.040001
v 0.215000 2.700000 -4.065001
v 0.215000 2.700000 -4.215001
v 0.065000 2.700000 -4.215001
v 0.065000 2.700000 -4.065001
v 0.215000 2.125000 -4.065001
v 0.215000 2.125000 -4.215001
v 0.065000 2.125000 -4.215001
v 0.065000 2.125000 -4.065001
v 0.280000 2.825000 -4.000001
v 0.280000 2.825000 -4.280002
v 0.000000 2.825000 -4.280002
v 0.000000 2.825000 -4.000000
v 0.280000 3.000000 -4.000001
v 0.280000 3.000000 -4.280002
v 0.000000 3.000000 -4.280002
v 0.000000 3.000000 -4.000001
v 0.240000 2.125000 -4.040001
v 0.240000 2.125000 -4.240002
v 0.040000 2.125000 -4.240002
v 0.240000 2.000000 -4.040001
v 0.240000 2.000000 -4.240002
v 0.040000 2.000000 -4.240002
v 0.040000 2.125000 -4.040001
v 0.040000 2.000000 -4.040001
v 0.240000 3.825000 -4.040001
v 0.240000 3.825000 -4.240002
v 0.040000 3.825000 -4.240002
v 0.240000 3.700000 -4.040001
v 0.240000 3.700000 -4.240002
v 0.040000 3.700000 -4.240002
v 0.040000 3.825000 -4.040001
v 0.040000 3.700000 -4.040001
v 0.215000 3.700000 -4.065001
v 0.215000 3.700000 -4.215001
v 0.065000 3.700000 -4.215001
v 0.065000 3.700000 -4.065001
v 0.215000 3.125000 -4.065001
v 0.215000 3.125000 -4.215001
v 0.065000 3.125000 -4.215001
v 0.065000 3.125000 -4.065001
v 0.280000 3.825000 -4.000001
v 0.280000 3.825000 -4.280002
v 0.000000 3.825000 -4.280002
v 0.000000 3.825000 -4.000000
v 0.280000 4.000000 -4.000001
v 0.280000 4.000000 -4.280002
v 0.000000 4.000000 -4.280002
v 0.000000 4.000000 -4.000001
v 0.240000 3.125000 -4.040001
v 0.240000 3.125000 -4.240002
v 0.040000 3.125000 -4.240002
v 0.240000 3.000000 -4.040001
v 0.240000 3.000000 -4.240002
v 0.040000 3.000000 -4.240002
v 0.040000 3.125000 -4.040001
v 0.040000 3.000000 -4.040001
v 0.240000 4.824999 -4.040001
v 0.240000 4.824999 -4.240002
v 0.040000 4.824999 -4.240002
v 0.240000 4.699999 -4.040001
v 0.240000 4.699999 -4.240002
v 0.040000 4.699999 -4.240002
v 0.040000 4.824999 -4.040001
v 0.040000 4.699999 -4.040001
v 0.215000 4.699999 -4.065001
v 0.215000 4.699999 -4.215001
v 0.065000 4.699999 -4.215001
v 0.065000 4.699999 -4.065001
v 0.215000 4.125000 -4.065001
v 0.215000 4.125000 -4.215001
v 0.065000 4.125000 -4.215001
v 0.065000 4.125000 -4.065001
v 0.280000 4.824999 -4.000001
v 0.280000 4.824999 -4.280002
v 0.000000 4.824999 -4.280002
v 0.000000 4.824999 -4.000000
v 0.280000 5.000000 -4.000001
v 0.280000 5.000000 -4.280002
v 0.000000 5.000000 -4.280002
v 0.000000 5.000000 -4.000001
v 0.240000 4.125000 -4.040001
v 0.240000 4.125000 -4.240002
v 0.040000 4.125000 -4.240002
v 0.240000 4.000000 -4.040001
v 0.240000 4.000000 -4.240002
v 0.040000 4.000000 -4.240002
v 0.040000 4.125000 -4.040001
v 0.040000 4.000000 -4.040001
v 0.240000 5.824999 -4.040001
v 0.240000 5.824999 -4.240002
v 0.040000 5.824999 -4.240002
v 0.240000 5.699999 -4.040001
v 0.240000 5.699999 -4.240002
v 0.040000 5.699999 -4.240002
v 0.040000 5.824999 -4.040001
v 0.040000 5.699999 -4.040001
v 0.215000 5.699999 -4.065001
v 0.215000 5.699999 -4.215001
v 0.065000 5.699999 -4.215001
v 0.065000 5.699999 -4.065001
v 0.215000 5.125000 -4.065001
v 0.215000 5.125000 -4.215001
v 0.065000 5.125000 -4.215001
v 0.065000 5.125000 -4.065001
v 0.280000 5.824999 -4.000001
v 0.280000 5.824999 -4.280002
v 0.000000 5.824999 -4.280002
v 0.000000 5.824999 -4.000000
v 0.280000 6.000000 -4.000001
v 0.280000 6.000000 -4.280002
v 0.000000 6.000000 -4.280002
v 0.000000 6.000000 -4.000001
v 0.240000 5.125000 -4.040001
v 0.240000 5.125000 -4.240002
v 0.040000 5.125000 -4.240002
v 0.240000 5.000000 -4.040001
v 0.240000 5.000000 -4.240002
v 0.040000 5.000000 -4.240002
v 0.040000 5.125000 -4.040001
v 0.040000 5.000000 -4.040001
v 0.240000 6.824999 -4.040001
v 0.240000 6.824999 -4.240002
v 0.040000 6.824999 -4.240002
v 0.240000 6.699999 -4.040001
v 0.240000 6.699999 -4.240002
v 0.040000 6.699999 -4.240002
v 0.040000 6.824999 -4.040001
v 0.040000 6.699999 -4.040001
v 0.215000 6.699999 -4.065001
v 0.215000 6.699999 -4.215001
v 0.065000 6.699999 -4.215001
v 0.065000 6.699999 -4.065001
v 0.215000 6.125000 -4.065001
v 0.215000 6.125000 -4.215001
v 0.065000 6.125000 -4.215001
v 0.065000 6.125000 -4.065001
v 0.280000 6.824999 -4.000001
v 0.280000 6.824999 -4.280002
v 0.000000 6.824999 -4.280002
v 0.000000 6.824999 -4.000000
v 0.280000 7.000000 -4.000001
v 0.280000 7.000000 -4.280002
v 0.000000 7.000000 -4.280002
v 0.000000 7.000000 -4.000001
v 0.240000 6.125000 -4.040001
v 0.240000 6.125000 -4.240002
v 0.040000 6.125000 -4.240002
v 0.240000 6.000000 -4.040001
v 0.240000 6.000000 -4.240002
v 0.040000 6.000000 -4.240002
v 0.040000 6.125000 -4.040001
v 0.040000 6.000000 -4.040001
v 0.240000 7.824999 -4.040001
v 0.240000 7.824999 -4.240002
v 0.040000 7.824999 -4.240002
v 0.240000 7.699999 -4.040001
v 0.240000 7.699999 -4.240002
v 0.040000 7.699999 -4.240002
v 0.040000 7.824999 -4.040001
v 0.040000 7.699999 -4.040001
v 0.215000 7.699999 -4.065001
v 0.215000 7.699999 -4.215001
v 0.065000 7.699999 -4.215001
v 0.065000 7.699999 -4.065001
v 0.215000 7.125000 -4.065001
v 0.215000 7.125000 -4.215001
v 0.065000 7.125000 -4.215001
v 0.065000 7.125000 -4.065001
v 0.280000 7.824999 -4.000001
v 0.280000 7.824999 -4.280002
v 0.000000 7.824999 -4.280002
v 0.000000 7.824999 -4.000000
v 0.280000 8.000000 -4.000001
v 0.280000 8.000000 -4.280002
v 0.000000 8.000000 -4.280002
v 0.000000 8.000000 -4.000001
v 0.240000 7.125000 -4.040001
v 0.240000 7.125000 -4.240002
v 0.040000 7.125000 -4.240002
v 0.240000 7.000000 -4.040001
v 0.240000 7.000000 -4.240002
v 0.040000 7.000000 -4.240002
v 0.040000 7.125000 -4.040001
v 0.040000 7.000000 -4.040001
v 0.240000 8.825000 -4.040001
v 0.240000 8.825000 -4.240002
v 0.040000 8.825000 -4.240002
v 0.240000 8.700000 -4.040001
v 0.240000 8.700000 -4.240002
v 0.040000 8.700000 -4.240002
v 0.040000 8.825000 -4.040001
v 0.040000 8.700000 -4.040001
v 0.215000 8.700000 -4.065001
v 0.215000 8.700000 -4.215001
v 0.065000 8.700000 -4.215001
v 0.065000 8.700000 -4.065001
v 0.215000 8.125000 -4.065001
v 0.215000 8.125000 -4.215001
v 0.065000 8.125000 -4.215001
v 0.065000 8.125000 -4.065001
v 0.280000 8.825000 -4.000001
v 0.280000 8.825000 -4.280002
v 0.000000 8.825000 -4.280002
v 0.000000 8.825000 -4.000000
v 0.280000 9.000000 -4.000001
v 0.280000 9.000000 -4.280002
v 0.000000 9.000000 -4.280002
v 0.000000 9.000000 -4.000001
v 0.240000 8.125000 -4.040001
v 0.240000 8.125000 -4.240002
v 0.040000 8.125000 -4.240002
v 0.240000 8.000000 -4.040001
v 0.240000 8.000000 -4.240002
v 0.040000 8.000000 -4.240002
v 0.040000 8.125000 -4.040001
v 0.040000 8.000000 -4.040001
v 0.240000 9.825000 -4.040001
v 0.240000 9.825000 -4.240002
v 0.040000 9.825000 -4.240002
v 0.240000 9.700000 -4.040001
v 0.240000 9.700000 -4.240002
v 0.040000 9.700000 -4.240002
v 0.040000 9.825000 -4.040001
v 0.040000 9.700000 -4.040001
v 0.215000 9.700000 -4.065001
v 0.215000 9.700000 -4.215001
v 0.065000 9.700000 -4.215001
v 0.065000 9.700000 -4.065001
v 0.215000 9.125000 -4.065001
v 0.215000 9.125000 -4.215001
v 0.065000 9.125000 -4.215001
v 0.065000 9.125000 -4.065001
v 0.280000 9.825000 -4.000001
v 0.280000 9.825000 -4.280002
v 0.000000 9.825000 -4.280002
v 0.000000 9.825000 -4.000000
v 0.280000 10.000000 -4.000001
v 0.280000 10.000000 -4.280002
v 0.000000 10.000000 -4.280002
v 0.000000 10.000000 -4.000001
v 0.240000 9.125000 -4.040001
v 0.240000 9.125000 -4.240002
v 0.040000 9.125000 -4.240002
v 0.240000 9.000000 -4.040001
v 0.240000 9.000000 -4.240002
v 0.040000 9.000000 -4.240002
v 0.040000 9.125000 -4.040001
v 0.040000 9.000000 -4.040001
v 0.240000 10.825000 -4.040001
v 0.240000 10.825000 -4.240002
v 0.040000 10.825000 -4.240002
v 0.240000 10.700000 -4.040001
v 0.240000 10.700000 -4.240002
v 0.040000 10.700000 -4.240002
v 0.040000 10.825000 -4.040001
v 0.040000 10.700000 -4.040001
v 0.215000 10.700000 -4.065001
v 0.215000 10.700000 -4.215001
v 0.065000 10.700000 -4.215001
v 0.065000 10.700000 -4.065001
v 0.215000 10.125000 -4.065001
v 0.215000 10.125000 -4.215001
v 0.065000 10.125000 -4.215001
v 0.065000 10.125000 -4.065001
v 0.280000 10.825000 -4.000001
v 0.280000 10.825000 -4.280002
v 0.000000 10.825000 -4.280002
v 0.000000 10.825000 -4.000000
v 0.280000 11.000000 -4.000001
v 0.280000 11.000000 -4.280002
v 0.000000 11.000000 -4.280002
v 0.000000 11.000000 -4.000001
v 0.240000 10.125000 -4.040001
v 0.240000 10.125000 -4.240002
v 0.040000 10.125000 -4.240002
v 0.240000 10.000000 -4.040001
v 0.240000 10.000000 -4.240002
v 0.040000 10.000000 -4.240002
v 0.040000 10.125000 -4.040001
v 0.040000 10.000000 -4.040001
v 0.240000 11.825000 -4.040001
v 0.240000 11.825000 -4.240002
v 0.040000 11.825000 -4.240002
v 0.240000 11.700000 -4.040001
v 0.240000 11.700000 -4.240002
v 0.040000 11.700000 -4.240002
v 0.040000 11.825000 -4.040001
v 0.040000 11.700000 -4.040001
v 0.215000 11.700000 -4.065001
v 0.215000 11.700000 -4.215001
v 0.065000 11.700000 -4.215001
v 0.065000 11.700000 -4.065001
v 0.215000 11.125000 -4.065001
v 0.215000 11.125000 -4.215001
v 0.065000 11.125000 -4.215001
v 0.065000 11.125000 -4.065001
v 0.280000 11.825000 -4.000001
v 0.280000 11.825000 -4.280002
v -0.000000 11.825000 -4.280002
v -0.000000 11.825000 -4.000000
v 0.280000 12.000000 -4.000001
v 0.280000 12.000000 -4.280002
v -0.000000 12.000000 -4.280002
v -0.000000 12.000000 -4.000001
v 0.240000 11.125000 -4.040001
v 0.240000 11.125000 -4.240002
v 0.040000 11.125000 -4.240002
v 0.240000 11.000000 -4.040001
v 0.240000 11.000000 -4.240002
v 0.040000 11.000000 -4.240002
v 0.040000 11.125000 -4.040001
v 0.040000 11.000000 -4.040001
v 0.240000 12.825000 -4.040001
v 0.240000 12.825000 -4.240002
v 0.040000 12.825000 -4.240002
v 0.240000 12.700000 -4.040001
v 0.240000 12.700000 -4.240002
v 0.040000 12.700000 -4.240002
v 0.040000 12.825000 -4.040001
v 0.040000 12.700000 -4.040001
v 0.215000 12.700000 -4.065001
v 0.215000 12.700000 -4.215001
v 0.065000 12.700000 -4.215001
v 0.065000 12.700000 -4.065001
v 0.215000 12.125000 -4.065001
v 0.215000 12.125000 -4.215001
v 0.065000 12.125000 -4.215001
v 0.065000 12.125000 -4.065001
v 0.280000 12.825000 -4.000001
v 0.280000 12.825000 -4.280002
v -0.000000 12.825000 -4.280002
v -0.000000 12.825000 -4.000000
v 0.280000 13.000000 -4.000001
v 0.280000 13.000000 -4.280002
v -0.000000 13.000000 -4.280002
v -0.000000 13.000000 -4.000001
v 0.240000 12.125000 -4.040001
v 0.240000 12.125000 -4.240002
v 0.040000 12.125000 -4.240002
v 0.240000 12.000000 -4.040001
v 0.240000 12.000000 -4.240002
v 0.040000 12.000000 -4.240002
v 0.040000 12.125000 -4.040001
v 0.040000 12.000000 -4.040001
v 0.240000 13.825000 -4.040001
v 0.240000 13.825000 -4.240002
v 0.040000 13.825000 -4.240002
v 0.240000 13.700000 -4.040001
v 0.240000 13.700000 -4.240002
v 0.040000 13.700000 -4.240002
v 0.040000 13.825000 -4.040001
v 0.040000 13.700000 -4.040001
v 0.215000 13.700000 -4.065001
v 0.215000 13.700000 -4.215001
v 0.065000 13.700000 -4.215001
v 0.065000 13.700000 -4.065001
v 0.215000 13.125000 -4.065001
v 0.215000 13.125000 -4.215001
v 0.065000 13.125000 -4.215001
v 0.065000 13.125000 -4.065001
v 0.280000 13.825000 -4.000001
v 0.280000 13.825000 -4.280002
v -0.000000 13.825000 -4.280002
v -0.000000 13.825000 -4.000000
v 0.280000 14.000000 -4.000001
v 0.280000 14.000000 -4.280002
v -0.000000 14.000000 -4.280002
v -0.000000 14.000000 -4.000001
v 0.240000 13.125000 -4.040001
v 0.240000 13.125000 -4.240002
v 0.040000 13.125000 -4.240002
v 0.240000 13.000000 -4.040001
v 0.240000 13.000000 -4.240002
v 0.040000 13.000000 -4.240002
v 0.040000 13.125000 -4.040001
v 0.040000 13.000000 -4.040001
v 0.000000 1.000000 -0.000001
v 0.000000 1.000000 -1.000001
v 0.000000 0.100000 -0.000001
v 0.000000 0.100000 -1.000001
v 0.100000 0.100000 0.100000
v 0.100000 0.000000 0.100000
v 0.100000 0.000000 -1.000001
v 0.100000 0.100000 -1.000001
v 0.000000 1.000000 -1.000001
v 0.000000 1.000000 -2.000001
v 0.000000 0.100000 -1.000001
v 0.000000 0.100000 -2.000001
v 0.100000 0.100000 -1.000001
v 0.100000 0.000000 -1.000001
v 0.100000 0.000000 -2.000001
v 0.100000 0.100000 -2.000001
v 0.000000 1.000000 -2.000001
v 0.000000 1.000000 -3.000001
v 0.000000 0.100000 -2.000001
v 0.000000 0.100000 -3.000001
v 0.100000 0.100000 -2.000001
v 0.100000 0.000000 -2.000001
v 0.100000 0.000000 -3.000001
v 0.100000 0.100000 -3.000001
v 0.000000 1.000000 -3.000001
v 0.000000 1.000000 -4.000001
v 0.000000 0.100000 -3.000001
v 0.000000 0.100000 -4.000001
v 0.100000 0.100000 -3.000001
v 0.100000 0.000000 -3.000001
v 0.100000 0.000000 -4.000001
v 0.100000 0.100000 -4.000001
v -0.000000 14.725000 -1.000001
v -0.000000 14.725000 -2.000001
v 1.000000 14.025000 -1.000001
v 1.000000 14.025000 -2.000001
v 1.000000 14.000000 -1.000001
v 1.000000 14.000000 -2.000001
v 0.065187 14.515028 -2.000001
v 0.215147 14.327541 -2.000001
v 0.432202 14.175603 -2.000001
v 0.700040 14.070631 -2.000001
v 0.700040 14.070631 -1.000001
v 0.432202 14.175603 -1.000001
v 0.215147 14.327541 -1.000001
v 0.065187 14.515028 -1.000001
v -0.000000 14.725000 -2.000001
v -0.000000 14.725000 -3.000001
v 1.000000 14.025000 -2.000001
v 1.000000 14.025000 -3.000001
v 1.000000 14.000000 -2.000001
v 1.000000 14.000000 -3.000001
v 0.065187 14.515028 -3.000001
v 0.215147 14.327541 -3.000001
v 0.432202 14.175603 -3.000001
v 0.700040 14.070631 -3.000001
v 0.700040 14.070631 -2.000001
v 0.432202 14.175603 -2.000001
v 0.215147 14.327541 -2.000001
v 0.065187 14.515028 -2.000001
v 0.000000 1.000000 -0.000001
v 0.000000 2.000000 -0.000001
v 1.000000 1.000000 -0.000001
v 1.000000 2.000000 -0.000001
v 1.000000 1.000000 -0.000001
v 1.000000 2.000000 -0.000001
v 1.000000 1.000000 -1.000001
v 1.000000 2.000000 -1.000001
v 0.000000 2.000000 -0.000001
v 1.000000 2.000000 -0.000001
v 0.000000 3.000000 -0.000001
v 1.000000 3.000000 -0.000001
v 1.000000 2.000000 -1.000001
v 1.000000 3.000000 -1.000001
v 0.000000 2.000000 -1.000001
v 0.000000 3.000000 -1.000001
v 1.000000 3.000000 -0.000001
v 1.000000 3.000000 -1.000001
v 0.000000 3.000000 -0.000001
v 0.000000 3.000000 -1.000001
v 1.000000 2.000000 -0.000001
v 1.000000 3.000000 -0.000001
v 1.000000 2.000000 -1.000001
v 1.000000 3.000000 -1.000001
v 0.500000 3.000000 -0.000001
v 0.500000 3.000000 -1.000001
v 0.500000 4.000000 -0.000001
v 0.500000 4.000000 -1.000001
v 0.000000 3.000000 -0.000001
v 0.000000 3.000000 -1.000001
v 0.000000 4.000000 -0.000001
v 0.000000 4.000000 -1.000001
v 0.500000 3.000000 -0.000001
v 0.500000 4.000000 -0.000001
v 0.500000 3.000000 -1.000001
v 0.500000 4.000000 -1.000001
v 0.000000 4.000000 -0.000001
v 0.000000 5.000000 -0.000001
v 1.000000 4.000000 -0.000001
v 1.000000 5.000000 -0.000001
v 1.000000 4.000000 -0.000001
v 1.000000 5.000000 -0.000001
v 1.000000 4.000000 -1.000001
v 1.000000 5.000000 -1.000001
v 1.000000 5.000000 -0.000001
v 1.000000 5.000000 -1.000001
v 0.000000 5.000000 -0.000001
v 0.000000 5.000000 -1.000001
v 0.000000 5.000000 -0.000001
v 0.000000 5.000000 -1.000001
v 0.000000 6.000000 -0.000001
v 0.000000 6.000000 -1.000001
v 0.000000 6.000000 -0.000001
v 1.000000 6.000000 -0.000001
v 0.000000 7.000000 -0.000001
v 1.000000 7.000000 -0.000001
v 1.000000 6.000000 -0.000001
v 1.000000 7.000000 -0.000001
v 1.000000 6.000000 -1.000001
v 1.000000 7.000000 -1.000001
v -0.000000 7.000000 -0.000001
v -0.000000 8.000000 -0.000001
v 1.000000 7.000000 -0.000001
v 1.000000 8.000000 -0.000001
v 1.000000 7.000000 -0.000001
v 1.000000 8.000000 -0.000001
v 1.000000 7.000000 -1.000001
v 1.000000 8.000000 -1.000001
v 1.000000 7.000000 -1.000001
v 1.000000 8.000000 -1.000001
v -0.000000 7.000000 -1.000001
v -0.000000 8.000000 -1.000001
v -0.000000 8.000000 -0.000001
v 1.000000 8.000000 -0.000001
v -0.000000 9.000000 -0.000001
v 1.000000 9.000000 -0.000001
v 1.000000 9.000000 -0.000001
v 1.000000 9.000000 -1.000001
v -0.000000 9.000000 -0.000001
v -0.000000 9.000000 -1.000001
v 1.000000 8.000000 -0.000001
v 1.000000 9.000000 -0.000001
v 1.000000 8.000000 -1.000001
v 1.000000 9.000000 -1.000001
v 1.000000 8.000000 -1.000001
v 1.000000 9.000000 -1.000000
v -0.000000 8.000000 -1.000001
v -0.000000 9.000000 -1.000001
v 0.500000 9.000000 -0.000001
v 0.500000 9.000000 -1.000001
v 0.500000 10.000000 -0.000001
v 0.500000 10.000000 -1.000001
v -0.000000 9.000000 -0.000001
v 0.000000 9.000000 -1.000001
v -0.000000 10.000000 -0.000001
v -0.000000 10.000000 -1.000001
v 0.500000 9.000000 -0.000001
v 0.500000 10.000000 -0.000001
v 0.500000 9.000000 -1.000001
v 0.500000 10.000000 -1.000001
v 0.500000 10.000000 -0.000001
v 0.500000 10.000000 -1.000001
v 0.500000 11.000000 -0.000001
v 0.500000 11.000000 -1.000001
v -0.000000 10.000000 -0.000001
v 0.000000 10.000000 -1.000001
v -0.000000 11.000000 -0.000001
v -0.000000 11.000000 -1.000001
v 0.500000 10.000000 -0.000001
v 0.500000 11.000000 -0.000001
v 0.500000 10.000000 -1.000001
v 0.500000 11.000000 -1.000001
v -0.000000 11.000000 -0.000001
v 1.000000 11.000000 -0.000001
v -0.000000 12.000000 -0.000001
v 1.000000 12.000000 -0.000001
v 1.000000 11.000000 -0.000001
v 1.000000 12.000000 -0.000001
v 1.000000 11.000000 -1.000001
v 1.000000 12.000000 -1.000001
v -0.000000 12.000000 -0.000001
v -0.000000 13.000000 -0.000001
v 1.000000 12.000000 -0.000001
v 1.000000 13.000000 -0.000001
v 1.000000 12.000000 -1.000001
v 1.000000 13.000000 -1.000001
v -0.000000 12.000000 -1.000001
v -0.000000 13.000000 -1.000001
v 1.000000 13.000000 -0.000001
v 1.000000 13.000000 -1.000001
v -0.000000 13.000000 -0.000001
v -0.000000 13.000000 -1.000001
v 1.000000 12.000000 -0.000001
v 1.000000 13.000000 -0.000001
v 1.000000 12.000000 -1.000001
v 1.000000 13.000000 -1.000001
v -0.000000 13.000000 -0.000001
v -0.000000 14.000000 -0.000001
v -0.000000 13.000000 -1.000001
v -0.000000 14.000000 -1.000001
v 1.000000 1.000000 -2.000001
v 1.000000 2.000000 -2.000000
v 0.000000 1.000000 -2.000001
v 0.000000 2.000000 -2.000001
v 1.000000 2.000000 -1.000001
v 1.000000 2.000000 -2.000001
v 0.000000 2.000000 -1.000001
v 0.000000 2.000000 -2.000001
v 1.000000 1.000000 -1.000001
v 1.000000 2.000000 -1.000001
v 1.000000 1.000000 -2.000001
v 1.000000 2.000000 -2.000001
v 0.000000 2.000000 -1.000001
v 0.000000 3.000000 -1.000001
v 0.000000 2.000000 -2.000001
v 0.000000 3.000000 -2.000001
v 0.000000 3.000000 -1.000001
v 0.000000 3.000000 -2.000001
v 0.000000 4.000000 -1.000001
v 0.000000 4.000000 -2.000001
v 1.000000 5.000000 -1.000001
v 1.000000 5.000000 -2.000001
v 0.000000 5.000000 -1.000001
v 0.000000 5.000000 -2.000001
v 1.000000 4.000000 -1.000001
v 1.000000 5.000000 -1.000001
v 1.000000 4.000000 -2.000001
v 1.000000 5.000000 -2.000001
v 0.000000 5.000000 -1.000001
v -0.000000 6.000000 -1.000001
v 0.000000 5.000000 -2.000001
v 0.000000 6.000000 -2.000001
v 1.000000 7.000000 -1.000001
v 1.000000 7.000000 -2.000001
v 0.000000 7.000000 -1.000001
v 0.000000 7.000000 -2.000001
v 1.000000 6.000000 -1.000001
v 1.000000 7.000000 -1.000001
v 1.000000 6.000000 -2.000001
v 1.000000 7.000000 -2.000001
v 0.500000 7.000000 -1.000001
v 0.500000 8.000000 -1.000001
v 0.500000 7.000000 -2.000001
v 0.500000 8.000000 -2.000001
v 0.500000 9.000000 -1.000001
v 0.500000 9.000000 -2.000001
v -0.000000 9.000000 -1.000001
v -0.000000 9.000000 -2.000001
v 0.500000 8.000000 -1.000001
v 0.500000 9.000000 -1.000001
v 0.500000 8.000000 -2.000001
v 0.500000 9.000000 -2.000001
v -0.000000 9.000000 -1.000001
v 0.000000 9.000000 -2.000001
v -0.000000 10.000000 -1.000001
v -0.000000 10.000000 -2.000001
v -0.000000 10.000000 -1.000001
v 0.000000 10.000000 -2.000001
v -0.000000 11.000000 -1.000001
v -0.000000 11.000000 -2.000001
v 1.000000 11.000000 -1.000001
v 1.000000 12.000000 -1.000001
v 1.000000 11.000000 -2.000001
v 1.000000 12.000000 -2.000001
v 1.000000 11.000000 -2.000001
v 1.000000 12.000000 -2.000000
v -0.000000 11.000000 -2.000001
v -0.000000 12.000000 -2.000001
v 1.000000 12.000000 -1.000001
v 1.000000 12.000000 -2.000001
v -0.000000 12.000000 -1.000001
v 0.000000 12.000000 -2.000001
v -0.000000 12.000000 -1.000001
v -0.000000 12.000000 -2.000001
v -0.000000 13.000000 -1.000001
v -0.000000 13.000000 -2.000001
v -0.000000 13.000000 -1.000001
v 1.000000 13.000000 -1.000001
v -0.000000 14.000000 -1.000001
v 1.000000 14.000000 -1.000001
v 1.000000 13.000000 -2.000001
v 1.000000 14.000000 -2.000000
v -0.000000 13.000000 -2.000001
v -0.000000 14.000000 -2.000001
v 1.000000 13.000000 -1.000001
v 1.000000 14.000000 -1.000001
v 1.000000 13.000000 -2.000001
v 1.000000 14.000000 -2.000001
v 0.000000 1.000000 -2.000001
v 0.000000 1.000000 -3.000001
v 0.000000 2.000000 -2.000001
v 0.000000 2.000000 -3.000001
v 0.000000 2.000000 -2.000001
v 0.000000 3.000000 -2.000001
v 1.000000 2.000000 -2.000001
v 1.000000 3.000000 -2.000001
v 1.000000 2.000000 -2.000001
v 1.000000 3.000000 -2.000001
v 1.000000 2.000000 -3.000001
v 1.000000 3.000000 -3.000001
v 0.000000 3.000000 -2.000001
v 1.000000 3.000000 -2.000001
v 0.000000 4.000000 -2.000001
v 1.000000 4.000000 -2.000001
v 1.000000 3.000000 -2.000001
v 1.000000 4.000000 -2.000001
v 1.000000 3.000000 -3.000001
v 1.000000 4.000000 -3.000001
v 1.000000 5.000000 -2.000001
v 1.000000 5.000000 -3.000001
v 0.000000 5.000000 -2.000001
v 0.000000 5.000000 -3.000001
v 1.000000 4.000000 -2.000001
v 1.000000 5.000000 -2.000001
v 1.000000 4.000000 -3.000001
v 1.000000 5.000000 -3.000001
v 0.500000 5.000000 -2.000001
v 0.500000 6.000000 -2.000001
v 0.000000 5.000000 -2.000001
v 0.000000 6.000000 -2.000001
v 0.500000 5.000000 -2.000001
v 0.500000 6.000000 -2.000001
v 0.500000 5.000000 -3.000001
v 0.500000 6.000000 -3.000001
v 1.000000 6.000000 -2.000001
v 1.000000 7.000000 -2.000001
v 1.000000 6.000000 -3.000001
v 1.000000 7.000000 -3.000001
v 1.000000 7.000000 -2.000001
v 1.000000 7.000000 -3.000001
v 0.000000 7.000000 -2.000001
v 0.000000 7.000000 -3.000001
v 0.500000 7.000000 -2.000001
v 0.500000 8.000000 -2.000001
v 0.500000 7.000000 -3.000001
v 0.500000 8.000000 -3.000001
v 0.500000 8.000000 -2.000001
v 0.500000 9.000000 -2.000001
v 0.500000 8.000000 -3.000001
v 0.500000 9.000000 -3.000001
v -0.000000 9.000000 -2.000001
v -0.000000 10.000000 -2.000001
v 1.000000 9.000000 -2.000001
v 1.000000 10.000000 -2.000001
v 1.000000 9.000000 -2.000001
v 1.000000 10.000000 -2.000001
v 1.000000 9.000000 -3.000001
v 1.000000 10.000000 -3.000001
v -0.000000 10.000000 -2.000001
v -0.000000 11.000000 -2.000001
v 1.000000 10.000000 -2.000001
v 1.000000 11.000000 -2.000001
v 1.000000 10.000000 -2.000001
v 1.000000 11.000000 -2.000001
v 1.000000 10.000000 -3.000001
v 1.000000 11.000000 -3.000001
v 1.000000 10.000000 -3.000001
v 1.000000 11.000000 -3.000000
v -0.000000 10.000000 -3.000001
v -0.000000 11.000000 -3.000001
v 1.000000 11.000000 -2.000001
v 1.000000 11.000000 -3.000001
v -0.000000 11.000000 -2.000001
v 0.000000 11.000000 -3.000001
v -0.000000 11.000000 -2.000001
v -0.000000 12.000000 -2.000001
v -0.000000 11.000000 -3.000001
v -0.000000 12.000000 -3.000001
v -0.000000 12.000000 -2.000001
v 1.000000 12.000000 -2.000001
v -0.000000 13.000000 -2.000001
v 1.000000 13.000000 -2.000001
v 1.000000 13.000000 -2.000001
v 1.000000 13.000000 -3.000001
v -0.000000 13.000000 -2.000001
v -0.000000 13.000000 -3.000001
v 1.000000 12.000000 -2.000001
v 1.000000 13.000000 -2.000001
v 1.000000 12.000000 -3.000001
v 1.000000 13.000000 -3.000001
v 0.500000 13.000000 -2.000001
v 0.500000 14.000000 -2.000001
v 0.500000 13.000000 -3.000001
v 0.500000 14.000000 -3.000001
v 0.000000 1.000000 -3.000001
v 1.000000 1.000000 -3.000001
v 0.000000 2.000000 -3.000001
v 1.000000 2.000000 -3.000001
v 1.000000 1.000000 -4.000001
v 1.000000 2.000000 -4.000000
v 0.000000 1.000000 -4.000001
v 0.000000 2.000000 -4.000001
v 1.000000 1.000000 -3.000001
v 1.000000 2.000000 -3.000001
v 1.000000 1.000000 -4.000001
v 1.000000 2.000000 -4.000001
v 1.000000 2.000000 -3.000001
v 1.000000 3.000000 -3.000001
v 1.000000 2.000000 -4.000001
v 1.000000 3.000000 -4.000001
v 1.000000 2.000000 -4.000002
v 1.000000 3.000000 -4.000001
v 0.000000 2.000000 -4.000002
v 0.000000 3.000000 -4.000002
v 1.000000 3.000000 -4.000001
v 1.000000 4.000000 -4.000000
v 0.000000 3.000000 -4.000001
v 0.000000 4.000000 -4.000001
v 1.000000 3.000000 -3.000001
v 1.000000 4.000000 -3.000001
v 1.000000 3.000000 -4.000001
v 1.000000 4.000000 -4.000001
v 1.000000 4.000000 -3.000001
v 1.000000 5.000000 -3.000001
v 1.000000 4.000000 -4.000001
v 1.000000 5.000000 -4.000001
v 1.000000 4.000000 -4.000001
v 1.000000 5.000000 -4.000000
v 0.000000 4.000000 -4.000001
v 0.000000 5.000000 -4.000001
v 0.000000 5.000000 -3.000001
v 1.000000 5.000000 -3.000001
v 0.000000 6.000000 -3.000001
v 1.000000 6.000000 -3.000001
v 1.000000 5.000000 -4.000001
v 1.000000 6.000000 -4.000000
v 0.000000 5.000000 -4.000001
v 0.000000 6.000000 -4.000001
v 1.000000 5.000000 -3.000001
v 1.000000 6.000000 -3.000001
v 1.000000 5.000000 -4.000001
v 1.000000 6.000000 -4.000001
v 1.000000 6.000000 -3.000001
v 1.000000 7.000000 -3.000001
v 1.000000 6.000000 -4.000001
v 1.000000 7.000000 -4.000001
v 1.000000 6.000000 -4.000000
v 1.000000 7.000000 -4.000000
v 0.000000 6.000000 -4.000001
v 0.000000 7.000000 -4.000001
v 0.000000 7.000000 -3.000001
v 1.000000 7.000000 -3.000001
v 0.000000 8.000000 -3.000001
v 1.000000 8.000000 -3.000001
v 1.000000 7.000000 -4.000001
v 1.000000 8.000000 -4.000000
v 0.000000 7.000000 -4.000001
v 0.000000 8.000000 -4.000001
v 1.000000 7.000000 -3.000001
v 1.000000 8.000000 -3.000001
v 1.000000 7.000000 -4.000001
v 1.000000 8.000000 -4.000001
v 0.000000 8.000000 -3.000001
v 0.000000 9.000000 -3.000001
v 1.000000 8.000000 -3.000001
v 1.000000 9.000000 -3.000001
v 1.000000 8.000000 -4.000001
v 1.000000 9.000000 -4.000000
v 0.000000 8.000000 -4.000001
v 0.000000 9.000000 -4.000001
v 1.000000 8.000000 -3.000001
v 1.000000 9.000000 -3.000001
v 1.000000 8.000000 -4.000001
v 1.000000 9.000000 -4.000001
v 1.000000 9.000000 -3.000001
v 1.000000 10.000000 -3.000001
v 1.000000 9.000000 -4.000001
v 1.000000 10.000000 -4.000001
v 1.000000 9.000000 -4.000001
v 1.000000 10.000000 -4.000000
v 0.000000 9.000000 -4.000001
v 0.000000 10.000000 -4.000001
v 1.000000 10.000000 -3.000001
v 1.000000 10.000000 -4.000001
v 0.000000 10.000000 -3.000001
v 0.000000 10.000000 -4.000001
v 0.500000 10.000000 -4.000001
v 0.500000 11.000000 -3.000001
v 0.500000 11.000000 -4.000001
v 0.000000 10.000000 -4.000001
v -0.000000 11.000000 -3.000001
v -0.000000 11.000000 -4.000001
v 0.500000 10.000000 -3.000001
v 0.500000 11.000000 -3.000001
v 0.500000 10.000000 -4.000001
v 0.500000 11.000000 -4.000001
v -0.000000 11.000000 -3.000001
v -0.000000 12.000000 -3.000001
v -0.000000 11.000000 -4.000001
v -0.000000 12.000000 -4.000001
v 1.000000 12.000000 -3.000001
v 1.000000 13.000000 -3.000001
v 1.000000 12.000000 -4.000001
v 1.000000 13.000000 -4.000001
v 1.000000 12.000000 -4.000000
v 1.000000 13.000000 -4.000000
v -0.000000 12.000000 -4.000001
v -0.000000 13.000000 -4.000001
v -0.000000 13.000000 -3.000001
v 1.000000 13.000000 -3.000001
v -0.000000 14.000000 -3.000001
v 1.000000 14.000000 -3.000001
v 1.000000 13.000000 -3.000001
v 1.000000 14.000000 -3.000001
v 1.000000 13.000000 -4.000001
v 1.000000 14.000000 -4.000001
v 1.000000 13.000000 -4.000000
v 1.000000 14.000000 -4.000000
v -0.000000 13.000000 -4.000001
v -0.000000 14.000000 -4.000001
v -0.000000 14.725000 -3.000001
v -0.000000 14.725000 -4.000001
v 0.065187 14.515028 -3.000001
v 0.065187 14.515028 -4.000001
v 0.215147 14.327541 -3.000001
v 0.215147 14.327541 -4.000001
v 0.432202 14.175603 -3.000001
v 0.700040 14.070631 -3.000001
v 0.432202 14.175603 -4.000001
v 0.700040 14.070631 -4.000001
v 0.432202 14.175734 -4.432203
v 0.700040 14.204001 -4.700041
v 0.215147 14.327541 -4.215148
v 0.065187 14.515028 -4.065188
v 1.000000 14.357248 -5.000001
v 1.000000 14.331794 -5.000001
v 1.000000 14.023460 -4.000001
v 1.000000 14.025000 -3.000001
v 1.000000 13.998915 -4.000001
v 1.000000 14.000000 -3.000001
v 0.432202 14.175668 -4.216103
v 0.215147 14.327541 -4.107574
v 0.065187 14.515028 -4.032595
v 0.700040 14.118969 -4.350021
v 1.000000 14.105600 -4.500001
v 1.000000 14.080601 -4.500001
v 0.457973 13.648438 -4.457974
v 0.400563 13.736328 -4.400564
v 0.442590 13.648438 -4.515384
v 0.515383 13.648438 -4.442591
v 0.542027 13.648438 -4.542028
v 0.599437 13.736328 -4.599438
v 0.484617 13.648438 -4.557411
v 0.557410 13.648438 -4.484618
v 0.635833 13.736328 -4.463605
v 0.536396 13.736328 -4.364168
v 0.635833 13.912109 -4.463605
v 0.557410 14.000000 -4.484618
v 0.599437 13.912109 -4.599438
v 0.536396 13.912109 -4.364168
v 0.515383 14.000000 -4.442591
v 0.400563 13.912109 -4.400564
v 0.364166 13.912109 -4.536398
v 0.457973 14.000000 -4.457974
v 0.442590 14.000000 -4.515384
v 0.542027 14.000000 -4.542028
v 0.484617 14.000000 -4.557411
v 0.463603 13.912109 -4.635835
v 0.463603 13.736328 -4.635835
v 0.364166 13.736328 -4.536398
v 0.000000 14.725000 -0.000001
v 0.000001 14.725000 -1.000001
v 1.000000 14.023460 -0.000001
v 1.000000 14.025000 -1.000001
v 1.000000 13.998915 -0.000001
v 1.000000 14.000000 -1.000001
v 0.065188 14.515028 -1.000001
v 0.215148 14.327541 -1.000001
v 0.432203 14.175603 -1.000001
v 0.700041 14.070631 -1.000001
v 0.700041 14.070631 -0.000001
v 0.432203 14.175603 -0.000001
v 0.215148 14.327541 -0.000001
v 0.065188 14.515028 -0.000001
v 1.000000 14.357248 0.999999
v 1.000000 14.331794 0.999999
v 0.700040 14.204001 0.700039
v 0.432202 14.175734 0.432201
v 0.215148 14.327541 0.215146
v 0.065187 14.515028 0.065186
v 1.000000 14.105600 0.499999
v 1.000000 14.080601 0.499999
v 0.700041 14.118969 0.350019
v 0.432202 14.175668 0.216100
v 0.215148 14.327541 0.107573
v 0.065188 14.515028 0.032592
v -4.240000 0.825000 0.039999
v -4.240000 0.825000 0.239999
v -4.040000 0.825000 0.239999
v -4.240000 0.700000 0.039999
v -4.240000 0.700000 0.239999
v -4.040000 0.700000 0.239999
v -4.040000 0.825000 0.039998
v -4.040000 0.700000 0.039998
v -4.215000 0.700000 0.064999
v -4.215000 0.700000 0.214999
v -4.065001 0.700000 0.214999
v -4.065001 0.700000 0.064998
v -4.215000 0.125000 0.064999
v -4.215000 0.125000 0.214999
v -4.065001 0.125000 0.214999
v -4.065001 0.125000 0.064998
v -4.280000 0.825000 -0.000001
v -4.280000 0.825000 0.279999
v -4.000000 0.825000 0.279999
v -4.000000 0.825000 -0.000002
v -4.280000 1.000000 -0.000001
v -4.280000 1.000000 0.279999
v -4.000000 1.000000 0.279999
v -4.000000 1.000000 -0.000002
v -4.240000 0.125000 0.039999
v -4.240000 0.125000 0.239999
v -4.040000 0.125000 0.239999
v -4.240000 0.000000 0.039999
v -4.240000 0.000000 0.239999
v -4.040000 0.000000 0.239999
v -4.040000 0.125000 0.039999
v -4.040000 0.000000 0.039999
v -4.240000 1.825000 0.039999
v -4.240000 1.825000 0.239999
v -4.040000 1.825000 0.239999
v -4.240000 1.700000 0.039999
v -4.240000 1.700000 0.239999
v -4.040000 1.700000 0.239999
v -4.040000 1.825000 0.039998
v -4.040000 1.700000 0.039998
v -4.215000 1.700000 0.064999
v -4.215000 1.700000 0.214999
v -4.065001 1.700000 0.214999
v -4.065001 1.700000 0.064998
v -4.215000 1.125000 0.064999
v -4.215000 1.125000 0.214999
v -4.065001 1.125000 0.214999
v -4.065001 1.125000 0.064998
v -4.280000 1.825000 -0.000001
v -4.280000 1.825000 0.279999
v -4.000000 1.825000 0.279999
v -4.000000 1.825000 -0.000002
v -4.280000 2.000000 -0.000001
v -4.280000 2.000000 0.279999
v -4.000000 2.000000 0.279999
v -4.000000 2.000000 -0.000002
v -4.240000 1.125000 0.039999
v -4.240000 1.125000 0.239999
v -4.040000 1.125000 0.239999
v -4.240000 1.000000 0.039999
v -4.240000 1.000000 0.239999
v -4.040000 1.000000 0.239999
v -4.040000 1.125000 0.039999
v -4.040000 1.000000 0.039999
v -4.240000 2.825000 0.039999
v -4.240000 2.825000 0.239999
v -4.040000 2.825000 0.239999
v -4.240000 2.700000 0.039999
v -4.240000 2.700000 0.239999
v -4.040000 2.700000 0.239999
v -4.040000 2.825000 0.039998
v -4.040000 2.700000 0.039998
v -4.215000 2.700000 0.064999
v -4.215000 2.700000 0.214999
v -4.065000 2.700000 0.214999
v -4.065000 2.700000 0.064998
v -4.215000 2.125000 0.064999
v -4.215000 2.125000 0.214999
v -4.065000 2.125000 0.214999
v -4.065000 2.125000 0.064998
v -4.280000 2.825000 -0.000001
v -4.280000 2.825000 0.279999
v -4.000000 2.825000 0.279999
v -4.000000 2.825000 -0.000002
v -4.280000 3.000000 -0.000001
v -4.280000 3.000000 0.279999
v -4.000000 3.000000 0.279999
v -4.000000 3.000000 -0.000002
v -4.240000 2.125000 0.039999
v -4.240000 2.125000 0.239999
v -4.040000 2.125000 0.239999
v -4.240000 2.000000 0.039999
v -4.240000 2.000000 0.239999
v -4.040000 2.000000 0.239999
v -4.040000 2.125000 0.039999
v -4.040000 2.000000 0.039999
v -4.240000 3.825000 0.039999
v -4.240000 3.825000 0.239999
v -4.040000 3.825000 0.239999
v -4.240000 3.700000 0.039999
v -4.240000 3.700000 0.239999
v -4.040000 3.700000 0.239999
v -4.040000 3.825000 0.039998
v -4.040000 3.700000 0.039998
v -4.215000 3.700000 0.064999
v -4.215000 3.700000 0.214999
v -4.065000 3.700000 0.214999
v -4.065000 3.700000 0.064998
v -4.215000 3.125000 0.064999
v -4.215000 3.125000 0.214999
v -4.065000 3.125000 0.214999
v -4.065000 3.125000 0.064998
v -4.280000 3.825000 -0.000001
v -4.280000 3.825000 0.279999
v -4.000000 3.825000 0.279999
v -4.000000 3.825000 -0.000002
v -4.280000 4.000000 -0.000001
v -4.280000 4.000000 0.279999
v -4.000000 4.000000 0.279999
v -4.000000 4.000000 -0.000002
v -4.240000 3.125000 0.039999
v -4.240000 3.125000 0.239999
v -4.040000 3.125000 0.239999
v -4.240000 3.000000 0.039999
v -4.240000 3.000000 0.239999
v -4.040000 3.000000 0.239999
v -4.040000 3.125000 0.039999
v -4.040000 3.000000 0.039999
v -4.240000 4.824999 0.039999
v -4.240000 4.824999 0.239999
v -4.040000 4.824999 0.239999
v -4.240000 4.699999 0.039999
v -4.240000 4.699999 0.239999
v -4.040000 4.699999 0.239999
v -4.040000 4.824999 0.039998
v -4.040000 4.699999 0.039998
v -4.215000 4.699999 0.064999
v -4.215000 4.699999 0.214999
v -4.065000 4.699999 0.214999
v -4.065000 4.699999 0.064998
v -4.215000 4.125000 0.064999
v -4.215000 4.125000 0.214999
v -4.065000 4.125000 0.214999
v -4.065000 4.125000 0.064998
v -4.280000 4.824999 -0.000001
v -4.280000 4.824999 0.279999
v -4.000000 4.824999 0.279999
v -4.000000 4.824999 -0.000002
v -4.280000 5.000000 -0.000001
v -4.280000 5.000000 0.279999
v -4.000000 5.000000 0.279999
v -4.000000 5.000000 -0.000002
v -4.240000 4.125000 0.039999
v -4.240000 4.125000 0.239999
v -4.040000 4.125000 0.239999
v -4.240000 4.000000 0.039999
v -4.240000 4.000000 0.239999
v -4.040000 4.000000 0.239999
v -4.040000 4.125000 0.039999
v -4.040000 4.000000 0.039999
v -4.240000 5.824999 0.039999
v -4.240000 5.824999 0.239999
v -4.040000 5.824999 0.239999
v -4.240000 5.699999 0.039999
v -4.240000 5.699999 0.239999
v -4.040000 5.699999 0.239999
v -4.040000 5.824999 0.039998
v -4.040000 5.699999 0.039998
v -4.215000 5.699999 0.064999
v -4.215000 5.699999 0.214999
v -4.065000 5.699999 0.214999
v -4.065000 5.699999 0.064998
v -4.215000 5.125000 0.064999
v -4.215000 5.125000 0.214999
v -4.065000 5.125000 0.214999
v -4.065000 5.125000 0.064998
v -4.280000 5.824999 -0.000001
v -4.280000 5.824999 0.279999
v -4.000000 5.824999 0.279999
v -4.000000 5.824999 -0.000002
v -4.280000 6.000000 -0.000001
v -4.280000 6.000000 0.279999
v -4.000000 6.000000 0.279999
v -4.000000 6.000000 -0.000002
v -4.240000 5.125000 0.039999
v -4.240000 5.125000 0.239999
v -4.040000 5.125000 0.239999
v -4.240000 5.000000 0.039999
v -4.240000 5.000000 0.239999
v -4.040000 5.000000 0.239999
v -4.040000 5.125000 0.039999
v -4.040000 5.000000 0.039999
v -4.240000 6.824999 0.039999
v -4.240000 6.824999 0.239999
v -4.040000 6.824999 0.239999
v -4.240000 6.699999 0.039999
v -4.240000 6.699999 0.239999
v -4.040000 6.699999 0.239999
v -4.040000 6.824999 0.039998
v -4.040000 6.699999 0.039998
v -4.215000 6.699999 0.064999
v -4.215000 6.699999 0.214999
v -4.065000 6.699999 0.214999
v -4.065000 6.699999 0.064998
v -4.215000 6.125000 0.064999
v -4.215000 6.125000 0.214999
v -4.065000 6.125000 0.214999
v -4.065000 6.125000 0.064998
v -4.280000 6.824999 -0.000001
v -4.280000 6.824999 0.279999
v -4.000000 6.824999 0.279999
v -4.000000 6.824999 -0.000002
v -4.280000 7.000000 -0.000001
v -4.280000 7.000000 0.279999
v -4.000000 7.000000 0.279999
v -4.000000 7.000000 -0.000002
v -4.240000 6.125000 0.039999
v -4.240000 6.125000 0.239999
v -4.040000 6.125000 0.239999
v -4.240000 6.000000 0.039999
v -4.240000 6.000000 0.239999
v -4.040000 6.000000 0.239999
v -4.040000 6.125000 0.039999
v -4.040000 6.000000 0.039999
v -4.240000 7.824999 0.039999
v -4.240000 7.824999 0.239999
v -4.040000 7.824999 0.239999
v -4.240000 7.699999 0.039999
v -4.240000 7.699999 0.239999
v -4.040000 7.699999 0.239999
v -4.040000 7.824999 0.039998
v -4.040000 7.699999 0.039998
v -4.215000 7.699999 0.064999
v -4.215000 7.699999 0.214999
v -4.065000 7.699999 0.214999
v -4.065000 7.699999 0.064998
v -4.215000 7.125000 0.064999
v -4.215000 7.125000 0.214999
v -4.065000 7.125000 0.214999
v -4.065000 7.125000 0.064998
v -4.280000 7.824999 -0.000001
v -4.280000 7.824999 0.279999
v -4.000000 7.824999 0.279999
v -4.000000 7.824999 -0.000002
v -4.280000 8.000000 -0.000001
v -4.280000 8.000000 0.279999
v -4.000000 8.000000 0.279999
v -4.000000 8.000000 -0.000002
v -4.240000 7.125000 0.039999
v -4.240000 7.125000 0.239999
v -4.040000 7.125000 0.239999
v -4.240000 7.000000 0.039999
v -4.240000 7.000000 0.239999
v -4.040000 7.000000 0.239999
v -4.040000 7.125000 0.039999
v -4.040000 7.000000 0.039999
v -4.240000 8.825000 0.039999
v -4.240000 8.825000 0.239999
v -4.040000 8.825000 0.239999
v -4.240000 8.700000 0.039999
v -4.240000 8.700000 0.239999
v -4.040000 8.700000 0.239999
v -4.040000 8.825000 0.039998
v -4.040000 8.700000 0.039998
v -4.215000 8.700000 0.064999
v -4.215000 8.700000 0.214999
v -4.065000 8.700000 0.214999
v -4.065000 8.700000 0.064998
v -4.215000 8.125000 0.064999
v -4.215000 8.125000 0.214999
v -4.065000 8.125000 0.214999
v -4.065000 8.125000 0.064998
v -4.280000 8.825000 -0.000001
v -4.280000 8.825000 0.279999
v -4.000000 8.825000 0.279999
v -4.000000 8.825000 -0.000002
v -4.280000 9.000000 -0.000001
v -4.280000 9.000000 0.279999
v -4.000000 9.000000 0.279999
v -4.000000 9.000000 -0.000002
v -4.240000 8.125000 0.039999
v -4.240000 8.125000 0.239999
v -4.040000 8.125000 0.239999
v -4.240000 8.000000 0.039999
v -4.240000 8.000000 0.239999
v -4.040000 8.000000 0.239999
v -4.040000 8.125000 0.039999
v -4.040000 8.000000 0.039999
v -4.240000 9.825000 0.039999
v -4.240000 9.825000 0.239999
v -4.040000 9.825000 0.239999
v -4.240000 9.700000 0.039999
v -4.240000 9.700000 0.239999
v -4.040000 9.700000 0.239999
v -4.040000 9.825000 0.039998
v -4.040000 9.700000 0.039998
v -4.215000 9.700000 0.064999
v -4.215000 9.700000 0.214999
v -4.065000 9.700000 0.214999
v -4.065000 9.700000 0.064998
v -4.215000 9.125000 0.064999
v -4.215000 9.125000 0.214999
v -4.065000 9.125000 0.214999
v -4.065000 9.125000 0.064998
v -4.280000 9.825000 -0.000001
v -4.280000 9.825000 0.279999
v -4.000000 9.825000 0.279999
v -4.000000 9.825000 -0.000002
v -4.280000 10.000000 -0.000001
v -4.280000 10.000000 0.279999
v -4.000000 10.000000 0.279999
v -4.000000 10.000000 -0.000002
v -4.240000 9.125000 0.039999
v -4.240000 9.125000 0.239999
v -4.040000 9.125000 0.239999
v -4.240000 9.000000 0.039999
v -4.240000 9.000000 0.239999
v -4.040000 9.000000 0.239999
v -4.040000 9.125000 0.039999
v -4.040000 9.000000 0.039999
v -4.240000 10.825000 0.039999
v -4.240000 10.825000 0.239999
v -4.040000 10.825000 0.239999
v -4.240000 10.700000 0.039999
v -4.240000 10.700000 0.239999
v -4.040000 10.700000 0.239999
v -4.040000 10.825000 0.039998
v -4.040000 10.700000 0.039998
v -4.215000 10.700000 0.064999
v -4.215000 10.700000 0.214999
v -4.065000 10.700000 0.214999
v -4.065000 10.700000 0.064998
v -4.215000 10.125000 0.064999
v -4.215000 10.125000 0.214999
v -4.065000 10.125000 0.214999
v -4.065000 10.125000 0.064998
v -4.280000 10.825000 -0.000001
v -4.280000 10.825000 0.279999
v -4.000000 10.825000 0.279999
v -4.000000 10.825000 -0.000002
v -4.280000 11.000000 -0.000001
v -4.280000 11.000000 0.279999
v -4.000000 11.000000 0.279999
v -4.000000 11.000000 -0.000002
v -4.240000 10.125000 0.039999
v -4.240000 10.125000 0.239999
v -4.040000 10.125000 0.239999
v -4.240000 10.000000 0.039999
v -4.240000 10.000000 0.239999
v -4.040000 10.000000 0.239999
v -4.040000 10.125000 0.039999
v -4.040000 10.000000 0.039999
v -4.240000 11.825000 0.039999
v -4.240000 11.825000 0.239999
v -4.040000 11.825000 0.239999
v -4.240000 11.700000 0.039999
v -4.240000 11.700000 0.239999
v -4.040000 11.700000 0.239999
v -4.040000 11.825000 0.039998
v -4.040000 11.700000 0.039998
v -4.215000 11.700000 0.064999
v -4.215000 11.700000 0.214999
v -4.065000 11.700000 0.214999
v -4.065000 11.700000 0.064998
v -4.215000 11.125000 0.064999
v -4.215000 11.125000 0.214999
v -4.065000 11.125000 0.214999
v -4.065000 11.125000 0.064998
v -4.280000 11.825000 -0.000001
v -4.280000 11.825000 0.279999
v -4.000000 11.825000 0.279999
v -4.000000 11.825000 -0.000002
v -4.280000 12.000000 -0.000001
v -4.280000 12.000000 0.279999
v -4.000000 12.000000 0.279999
v -4.000000 12.000000 -0.000002
v -4.240000 11.125000 0.039999
v -4.240000 11.125000 0.239999
v -4.040000 11.125000 0.239999
v -4.240000 11.000000 0.039999
v -4.240000 11.000000 0.239999
v -4.040000 11.000000 0.239999
v -4.040000 11.125000 0.039999
v -4.040000 11.000000 0.039999
v -4.240000 12.825000 0.039999
v -4.240000 12.825000 0.239999
v -4.040000 12.825000 0.239999
v -4.240000 12.700000 0.039999
v -4.240000 12.700000 0.239999
v -4.040000 12.700000 0.239999
v -4.040000 12.825000 0.039998
v -4.040000 12.700000 0.039998
v -4.215000 12.700000 0.064999
v -4.215000 12.700000 0.214999
v -4.065000 12.700000 0.214999
v -4.065000 12.700000 0.064998
v -4.215000 12.125000 0.064999
v -4.215000 12.125000 0.214999
v -4.065000 12.125000 0.214999
v -4.065000 12.125000 0.064998
v -4.280000 12.825000 -0.000001
v -4.280000 12.825000 0.279999
v -4.000000 12.825000 0.279999
v -4.000000 12.825000 -0.000002
v -4.280000 13.000000 -0.000001
v -4.280000 13.000000 0.279999
v -4.000000 13.000000 0.279999
v -4.000000 13.000000 -0.000002
v -4.240000 12.125000 0.039999
v -4.240000 12.125000 0.239999
v -4.040000 12.125000 0.239999
v -4.240000 12.000000 0.039999
v -4.240000 12.000000 0.239999
v -4.040000 12.000000 0.239999
v -4.040000 12.125000 0.039999
v -4.040000 12.000000 0.039999
v -4.240000 13.825000 0.039999
v -4.240000 13.825000 0.239999
v -4.040000 13.825000 0.239999
v -4.240000 13.700000 0.039999
v -4.240000 13.700000 0.239999
v -4.040000 13.700000 0.239999
v -4.040000 13.825000 0.039998
v -4.040000 13.700000 0.039998
v -4.215000 13.700000 0.064999
v -4.215000 13.700000 0.214999
v -4.065000 13.700000 0.214999
v -4.065000 13.700000 0.064998
v -4.215000 13.125000 0.064999
v -4.215000 13.125000 0.214999
v -4.065000 13.125000 0.214999
v -4.065000 13.125000 0.064998
v -4.280000 13.825000 -0.000001
v -4.280000 13.825000 0.279999
v -4.000000 13.825000 0.279999
v -4.000000 13.825000 -0.000002
v -4.280000 14.000000 -0.000001
v -4.280000 14.000000 0.279999
v -4.000000 14.000000 0.279999
v -4.000000 14.000000 -0.000002
v -4.240000 13.125000 0.039999
v -4.240000 13.125000 0.239999
v -4.040000 13.125000 0.239999
v -4.240000 13.000000 0.039999
v -4.240000 13.000000 0.239999
v -4.040000 13.000000 0.239999
v -4.040000 13.125000 0.039999
v -4.040000 13.000000 0.039999
v -4.457973 13.648438 0.457972
v -4.400563 13.736328 0.400562
v -4.442590 13.648438 0.515382
v -4.515383 13.648438 0.442589
v -4.542027 13.648438 0.542026
v -4.599437 13.736328 0.599436
v -4.484617 13.648438 0.557409
v -4.557410 13.648438 0.484616
v -4.635833 13.736328 0.463602
v -4.536396 13.736328 0.364165
v -4.635833 13.912109 0.463602
v -4.557410 14.000000 0.484616
v -4.599437 13.912109 0.599436
v -4.536396 13.912109 0.364165
v -4.515383 14.000000 0.442589
v -4.400563 13.912109 0.400562
v -4.364166 13.912109 0.536395
v -4.457973 14.000000 0.457972
v -4.442590 14.000000 0.515382
v -4.542027 14.000000 0.542026
v -4.484617 14.000000 0.557409
v -4.463603 13.912109 0.635832
v -4.463603 13.736328 0.635832
v -4.364166 13.736328 0.536395
v -4.000000 1.000000 0.000000
v -3.000000 1.000000 0.000000
v -4.000000 0.100000 0.000000
v -3.000000 0.100000 0.000000
v -4.000000 0.100000 0.100000
v -4.000000 0.000000 0.100000
v -3.000000 0.000000 0.100000
v -3.000000 0.100000 0.100000
v -3.000000 1.000000 0.000000
v -2.000000 1.000000 0.000000
v -3.000000 0.100000 0.000000
v -2.000000 0.100000 0.000000
v -3.000000 0.100000 0.100000
v -3.000000 0.000000 0.100000
v -2.000000 0.000000 0.100000
v -2.000000 0.100000 0.100000
v -2.000000 1.000000 0.000000
v -1.000000 1.000000 0.000000
v -2.000000 0.100000 0.000000
v -1.000000 0.100000 0.000000
v -2.000000 0.100000 0.100000
v -2.000000 0.000000 0.100000
v -1.000000 0.000000 0.100000
v -1.000000 0.100000 0.100000
v -1.000000 1.000000 0.000000
v 0.000000 1.000000 0.000000
v -1.000000 0.100000 0.000000
v 0.000000 0.100000 0.000000
v -1.000000 0.100000 0.100000
v -1.000000 0.000000 0.100000
v 0.099998 0.000000 0.100000
v 0.099998 0.100000 0.100000
v -4.000000 1.000000 0.000000
v -3.000000 1.000000 0.000000
v -4.000000 2.000000 0.000000
v -3.000000 2.000000 0.000000
v -4.000000 2.000000 0.000000
v -4.000000 3.000000 0.000000
v -3.000000 2.000000 0.000000
v -3.000000 3.000000 0.000000
v -4.000000 3.000000 0.000000
v -3.000000 3.000000 0.000000
v -4.000000 4.000000 0.000000
v -3.000000 4.000000 0.000000
v -4.000000 4.000000 -0.000000
v -4.000000 4.000000 1.000000
v -4.000000 5.000000 -0.000000
v -4.000000 5.000000 1.000000
v -4.000000 4.000000 1.000000
v -4.000000 5.000000 1.000000
v -3.000000 4.000000 1.000000
v -3.000000 5.000000 1.000000
v -3.000000 4.000000 1.000000
v -3.000000 5.000000 1.000000
v -2.999999 4.000000 -0.000000
v -3.000000 5.000000 -0.000000
v -4.000000 5.000000 -0.000000
v -4.000000 6.000000 -0.000000
v -4.000000 5.000000 1.000000
v -4.000000 6.000000 1.000000
v -3.000000 5.000000 1.000000
v -3.000000 6.000000 1.000000
v -3.000000 5.000000 -0.000000
v -3.000000 6.000000 -0.000000
v -4.000000 6.000000 1.000000
v -3.000000 6.000000 1.000000
v -4.000000 6.000000 -0.000000
v -3.000000 6.000000 0.000000
v -4.000000 5.000000 1.000000
v -4.000000 6.000000 1.000000
v -3.000000 5.000000 1.000000
v -3.000000 6.000000 1.000000
v -4.000000 6.000000 -0.000000
v -3.000000 6.000000 -0.000000
v -4.000000 7.000000 -0.000000
v -3.000000 7.000000 -0.000000
v -4.000000 7.000000 -0.000000
v -4.000000 7.000000 1.000000
v -4.000000 8.000000 -0.000000
v -4.000000 8.000000 1.000000
v -4.000000 7.000000 1.000000
v -4.000000 8.000000 1.000000
v -3.000000 7.000000 1.000000
v -3.000000 8.000000 1.000000
v -4.000000 8.000000 1.000000
v -3.000000 8.000000 1.000000
v -4.000000 8.000000 -0.000000
v -3.000000 8.000000 -0.000000
v -4.000000 8.000000 0.500000
v -4.000000 9.000000 0.500000
v -4.000000 8.000000 -0.000000
v -4.000000 9.000000 -0.000000
v -4.000000 8.000000 0.500000
v -4.000000 9.000000 0.500000
v -3.000000 8.000000 0.500000
v -3.000000 9.000000 0.500000
v -4.000000 9.000000 -0.000000
v -4.000000 10.000000 -0.000000
v -4.000000 9.000000 1.000000
v -4.000000 10.000000 1.000000
v -3.000000 9.000000 1.000000
v -3.000000 10.000000 1.000000
v -3.000000 9.000000 -0.000000
v -3.000000 10.000000 -0.000000
v -4.000000 10.000000 1.000000
v -3.000000 10.000000 1.000000
v -4.000000 10.000000 -0.000000
v -3.000000 10.000000 0.000000
v -4.000000 9.000000 1.000000
v -4.000000 10.000000 1.000000
v -3.000000 9.000000 1.000000
v -3.000000 10.000000 1.000000
v -4.000000 10.000000 0.500000
v -4.000000 11.000000 0.500000
v -3.000000 11.000000 0.500000
v -4.000000 10.000000 -0.000000
v -4.000000 11.000000 -0.000000
v -3.000000 11.000000 -0.000000
v -4.000000 10.000000 0.500000
v -4.000000 11.000000 0.500000
v -3.000000 10.000000 0.500000
v -3.000000 11.000000 0.500000
v -4.000000 11.000000 -0.000000
v -3.000000 11.000000 -0.000000
v -4.000000 12.000000 -0.000000
v -3.000000 12.000000 -0.000000
v -4.000000 12.000000 -0.000000
v -3.000000 12.000000 -0.000000
v -4.000000 13.000000 -0.000000
v -3.000000 13.000000 -0.000000
v -4.000000 13.000000 -0.000000
v -3.000000 13.000000 -0.000000
v -4.000000 14.000000 -0.000000
v -3.000000 14.000000 -0.000000
v -3.000000 1.000000 0.000000
v -3.000000 1.000000 1.000000
v -3.000000 2.000000 0.000000
v -3.000000 2.000000 1.000000
v -3.000000 1.000000 1.000000
v -3.000000 2.000000 1.000000
v -2.000000 1.000000 1.000000
v -2.000000 2.000000 1.000000
v -2.000000 1.000000 1.000000
v -2.000000 2.000000 1.000000
v -2.000000 1.000000 0.000000
v -2.000000 2.000000 0.000000
v -3.000000 2.000000 0.000000
v -3.000000 2.000000 1.000000
v -3.000000 3.000000 0.000000
v -3.000000 3.000000 1.000000
v -3.000000 2.000000 1.000000
v -3.000000 3.000000 1.000000
v -2.000000 2.000000 1.000000
v -2.000000 3.000000 1.000000
v -3.000000 3.000000 0.000000
v -3.000000 3.000000 1.000000
v -3.000000 4.000000 0.000000
v -3.000000 4.000000 1.000000
v -3.000000 4.000000 1.000000
v -2.000000 4.000000 1.000000
v -3.000000 4.000000 0.000000
v -2.000000 4.000000 0.000000
v -3.000000 3.000000 1.000000
v -3.000000 4.000000 1.000000
v -2.000000 3.000000 1.000000
v -2.000000 4.000000 1.000000
v -2.000000 3.000000 1.000000
v -2.000000 4.000000 1.000000
v -2.000000 3.000000 0.000000
v -2.000000 4.000000 0.000000
v -3.000000 4.000000 -0.000000
v -2.000000 4.000000 -0.000000
v -3.000000 5.000000 -0.000000
v -2.000000 5.000000 -0.000000
v -3.000000 5.000000 0.500000
v -3.000000 6.000000 0.500000
v -2.000000 5.000000 0.500000
v -2.000000 6.000000 0.500000
v -3.000000 6.000000 0.500000
v -3.000000 7.000000 0.500000
v -3.000000 6.000000 -0.000000
v -3.000000 7.000000 -0.000000
v -3.000000 6.000000 0.500000
v -3.000000 7.000000 0.500000
v -2.000000 6.000000 0.500000
v -2.000000 7.000000 0.500000
v -3.000000 7.000000 1.000000
v -3.000000 8.000000 1.000000
v -2.000000 7.000000 1.000000
v -2.000000 8.000000 1.000000
v -3.000000 8.000000 -0.000000
v -3.000000 8.000000 1.000000
v -3.000000 9.000000 -0.000000
v -3.000000 9.000000 1.000000
v -3.000000 8.000000 1.000000
v -3.000000 9.000000 1.000000
v -2.000000 8.000000 1.000000
v -2.000000 9.000000 1.000000
v -3.000000 9.000000 1.000000
v -2.000000 9.000000 1.000000
v -3.000000 9.000000 -0.000000
v -2.000000 9.000000 -0.000000
v -3.000000 9.000000 -0.000000
v -2.000000 9.000000 -0.000000
v -3.000000 10.000000 -0.000000
v -2.000000 10.000000 -0.000000
v -3.000000 10.000000 -0.000000
v -3.000000 10.000000 1.000000
v -3.000000 11.000000 -0.000000
v -3.000000 11.000000 1.000000
v -3.000000 10.000000 1.000000
v -3.000000 11.000000 1.000000
v -2.000000 10.000000 1.000000
v -2.000000 11.000000 1.000000
v -2.000000 10.000000 1.000000
v -2.000000 11.000000 1.000000
v -1.999999 10.000000 -0.000000
v -1.999999 11.000000 -0.000000
v -3.000000 11.000000 -0.000000
v -3.000000 11.000000 1.000000
v -3.000000 12.000000 -0.000000
v -3.000000 12.000000 1.000000
v -3.000000 12.000000 1.000000
v -2.000000 12.000000 1.000000
v -3.000000 12.000000 -0.000000
v -2.000000 12.000000 -0.000000
v -3.000000 11.000000 1.000000
v -3.000000 12.000000 1.000000
v -2.000000 11.000000 1.000000
v -2.000000 12.000000 1.000000
v -3.000000 12.000000 0.500000
v -3.000000 13.000000 0.499999
v -3.000000 12.000000 -0.000000
v -3.000000 13.000000 -0.000000
v -3.000000 12.000000 0.500000
v -3.000000 13.000000 0.499999
v -2.000000 12.000000 0.500000
v -2.000000 13.000000 0.499999
v -3.000000 13.000000 -0.000000
v -3.000000 13.000000 1.000000
v -3.000000 14.000000 -0.000000
v -3.000000 14.000000 1.000000
v -3.000000 13.000000 1.000000
v -3.000000 14.000000 1.000000
v -2.000000 13.000000 1.000000
v -2.000000 14.000000 1.000000
v -2.000000 1.000000 0.000000
v -2.000000 2.000000 0.000000
v -1.000000 1.000000 0.000000
v -1.000000 2.000000 0.000000
v -2.000000 3.000000 1.000000
v -1.000000 3.000000 1.000000
v -2.000000 3.000000 0.000000
v -1.000000 3.000000 0.000000
v -2.000000 2.000000 1.000000
v -2.000000 3.000000 1.000000
v -1.000000 2.000000 1.000000
v -1.000000 3.000000 1.000000
v -2.000000 3.000000 0.000000
v -2.000000 4.000000 0.000000
v -1.000000 3.000000 0.000000
v -1.000000 4.000000 0.000000
v -2.000000 4.000000 -0.000000
v -2.000000 5.000000 -0.000000
v -2.000000 4.000000 1.000000
v -2.000000 5.000000 1.000000
v -2.000000 4.000000 1.000000
v -2.000000 5.000000 1.000000
v -1.000000 4.000000 1.000000
v -1.000000 5.000000 1.000000
v -1.000000 4.000000 1.000000
v -1.000000 5.000000 1.000000
v -1.000000 4.000000 -0.000000
v -1.000000 5.000000 -0.000000
v -2.000000 5.000000 -0.000000
v -2.000000 5.000000 1.000000
v -2.000000 6.000000 -0.000000
v -2.000000 6.000000 1.000000
v -2.000000 5.000000 1.000000
v -2.000000 6.000000 1.000000
v -1.000000 5.000000 1.000000
v -1.000000 6.000000 1.000000
v -2.000000 6.000000 -0.000000
v -2.000000 6.000000 1.000000
v -2.000000 7.000000 -0.000000
v -2.000000 7.000000 1.000000
v -2.000000 6.000000 1.000000
v -2.000000 7.000000 1.000000
v -1.000000 6.000000 1.000000
v -1.000000 7.000000 1.000000
v -2.000000 7.000000 1.000000
v -2.000000 8.000000 1.000000
v -1.000000 7.000000 1.000000
v -1.000000 8.000000 1.000000
v -2.000000 9.000000 1.000000
v -1.000000 9.000000 1.000000
v -2.000000 9.000000 -0.000000
v -1.000000 9.000000 -0.000000
v -2.000000 8.000000 1.000000
v -2.000000 9.000000 1.000000
v -1.000000 8.000000 1.000000
v -1.000000 9.000000 1.000000
v -2.000000 9.000000 -0.000000
v -1.000000 9.000000 -0.000000
v -2.000000 10.000000 -0.000000
v -1.000000 10.000000 -0.000000
v -2.000000 10.000000 0.500000
v -2.000000 11.000000 0.500000
v -1.000000 10.000000 0.500000
v -1.000000 11.000000 0.500000
v -2.000000 11.000000 1.000000
v -2.000000 12.000000 1.000000
v -1.000000 11.000000 1.000000
v -1.000000 12.000000 1.000000
v -2.000000 12.000000 -0.000000
v -2.000000 12.000000 1.000000
v -2.000000 13.000000 -0.000000
v -2.000000 13.000000 1.000000
v -2.000000 12.000000 1.000000
v -2.000000 13.000000 1.000000
v -1.000000 12.000000 1.000000
v -1.000000 13.000000 0.999999
v -2.000000 13.000000 1.000000
v -2.000000 14.000000 1.000000
v -1.000000 13.000000 1.000000
v -1.000000 14.000000 1.000000
v -1.000000 1.000000 0.000000
v 0.000000 1.000000 0.000000
v -1.000000 2.000000 0.000000
v 0.000000 2.000000 0.000000
v -1.000000 2.000000 1.000000
v -1.000000 3.000000 1.000000
v 0.000000 2.000000 1.000000
v 0.000000 3.000000 1.000000
v -0.000000 2.000000 1.000000
v -0.000000 3.000000 1.000000
v -0.000000 2.000000 0.000000
v -0.000000 3.000000 0.000000
v -1.000000 3.000000 1.000000
v 0.000000 3.000000 1.000000
v -1.000000 3.000000 0.000000
v 0.000000 3.000000 0.000000
v -1.000000 3.000000 0.500000
v 0.000000 3.000000 0.500000
v -1.000000 4.000000 0.500000
v 0.000000 4.000000 0.500000
v -1.000000 3.000000 0.000000
v 0.000000 3.000000 0.000000
v -1.000000 4.000000 0.000000
v 0.000000 4.000000 0.000000
v -1.000000 3.000000 0.500000
v -1.000000 4.000000 0.500000
v 0.000000 3.000000 0.500000
v 0.000000 4.000000 0.500000
v -1.000000 4.000000 -0.000000
v -1.000000 5.000000 -0.000000
v 0.000000 4.000000 -0.000000
v 0.000000 5.000000 -0.000000
v -1.000000 5.000000 1.000000
v -1.000000 6.000000 1.000000
v 0.000000 5.000000 1.000000
v 0.000000 6.000000 1.000000
v -0.000000 5.000000 1.000000
v -0.000000 6.000000 1.000000
v -0.000000 5.000000 -0.000000
v -0.000000 6.000000 -0.000000
v -1.000000 6.000000 1.000000
v -1.000000 7.000000 1.000000
v 0.000000 6.000000 1.000000
v 0.000000 7.000000 1.000000
v -0.000000 6.000000 1.000000
v -0.000000 7.000000 1.000000
v -0.000000 6.000000 -0.000000
v -0.000000 7.000000 -0.000000
v -1.000000 7.000000 1.000000
v -1.000000 8.000000 1.000000
v 0.000000 7.000000 1.000000
v 0.000000 8.000000 1.000000
v -0.000000 7.000000 1.000000
v -0.000000 8.000000 1.000000
v -0.000000 7.000000 -0.000000
v -0.000000 8.000000 -0.000000
v -0.000000 8.000000 1.000000
v -0.000000 9.000000 1.000000
v -0.000000 8.000000 -0.000000
v -0.000000 9.000000 -0.000000
v -1.000000 9.000000 1.000000
v 0.000000 9.000000 1.000000
v -1.000000 9.000000 -0.000000
v 0.000000 9.000000 -0.000000
v -1.000000 8.000000 1.000000
v -1.000000 9.000000 1.000000
v 0.000000 8.000000 1.000000
v 0.000000 9.000000 1.000000
v -1.000000 9.000000 0.500000
v 0.000000 9.000000 0.500000
v -1.000000 10.000000 0.500000
v 0.000000 10.000000 0.500000
v -1.000000 9.000000 -0.000000
v 0.000000 9.000000 -0.000000
v -1.000000 10.000000 -0.000000
v 0.000000 10.000000 -0.000000
v -1.000000 9.000000 0.500000
v -1.000000 10.000000 0.500000
v 0.000000 9.000000 0.500000
v 0.000000 10.000000 0.500000
v -1.000000 10.000000 -0.000000
v -1.000000 11.000000 -0.000000
v -1.000000 10.000000 1.000000
v -1.000000 11.000000 1.000000
v -1.000000 10.000000 1.000000
v -1.000000 11.000000 1.000000
v 0.000000 10.000000 1.000000
v 0.000000 11.000000 1.000000
v -0.000000 10.000000 1.000000
v -0.000000 11.000000 1.000000
v -0.000000 10.000000 -0.000000
v -0.000000 11.000000 -0.000000
v -0.000000 11.000000 1.000000
v -0.000000 12.000000 1.000000
v -0.000000 11.000000 -0.000000
v -0.000000 12.000000 -0.000000
v -1.000000 11.000000 1.000000
v -1.000000 12.000000 1.000000
v 0.000000 11.000000 1.000000
v 0.000000 12.000000 1.000000
v -0.000000 12.000000 1.000000
v -0.000000 13.000000 1.000000
v -0.000000 12.000000 -0.000000
v -0.000000 13.000000 -0.000000
v -1.000000 12.000000 1.000000
v -1.000000 13.000000 1.000000
v 0.000000 12.000000 1.000000
v 0.000000 13.000000 1.000000
v -1.000000 13.000000 1.000000
v -1.000000 14.000000 1.000000
v 0.000000 13.000000 1.000000
v 0.000000 14.000000 1.000000
v -0.000000 13.000000 1.000000
v -0.000000 14.000000 1.000000
v -0.000000 13.000000 -0.000000
v -0.000000 14.000000 -0.000000
v -1.000000 14.725000 -0.000000
v 0.000000 14.725000 -0.000000
v -1.000000 14.515028 0.065187
v 0.000000 14.515028 0.065187
v -1.000000 14.327541 0.215147
v 0.000000 14.327541 0.215147
v -1.000000 14.175603 0.432201
v -1.000000 14.070631 0.700040
v 0.000000 14.175603 0.432201
v 0.000000 14.070631 0.700040
v 0.432202 14.175734 0.432201
v 0.700040 14.204001 0.700040
v 0.215147 14.327541 0.215147
v 0.065187 14.515028 0.065187
v 1.000000 14.357248 1.000000
v 1.000000 14.331794 1.000000
v 0.000000 14.023460 1.000000
v -1.000000 14.025000 1.000000
v 0.000000 13.998915 1.000000
v -1.000000 14.000000 1.000000
v 0.216101 14.175668 0.432201
v 0.107574 14.327541 0.215147
v 0.032594 14.515028 0.065187
v 0.350020 14.118969 0.700040
v 0.500000 14.105600 1.000000
v 0.500000 14.080601 1.000000
v 0.457973 13.648438 0.457973
v 0.400563 13.736328 0.400563
v 0.515383 13.648438 0.442590
v 0.442590 13.648438 0.515383
v 0.542027 13.648438 0.542027
v 0.599437 13.736328 0.599437
v 0.557410 13.648438 0.484617
v 0.484617 13.648438 0.557410
v 0.463603 13.736328 0.635833
v 0.364167 13.736328 0.536396
v 0.463603 13.912109 0.635833
v 0.484617 14.000000 0.557410
v 0.599437 13.912109 0.599437
v 0.364167 13.912109 0.536396
v 0.442590 14.000000 0.515383
v 0.400563 13.912109 0.400563
v 0.536397 13.912109 0.364166
v 0.457973 14.000000 0.457973
v 0.515383 14.000000 0.442590
v 0.542027 14.000000 0.542027
v 0.557410 14.000000 0.484617
v 0.635834 13.912109 0.463603
v 0.635834 13.736328 0.463603
v 0.536397 13.736328 0.364166
v 0.040000 0.825000 0.240000
v 0.240000 0.825000 0.240000
v 0.240000 0.825000 0.040000
v 0.040000 0.700000 0.240000
v 0.240000 0.700000 0.240000
v 0.240000 0.700000 0.040000
v 0.040000 0.825000 0.040000
v 0.040000 0.700000 0.040000
v 0.065000 0.700000 0.215000
v 0.215000 0.700000 0.215000
v 0.215000 0.700000 0.065000
v 0.064999 0.700000 0.065000
v 0.065000 0.125000 0.215000
v 0.215000 0.125000 0.215000
v 0.215000 0.125000 0.065000
v 0.064999 0.125000 0.065000
v 0.000000 0.825000 0.280000
v 0.280000 0.825000 0.280000
v 0.280000 0.825000 0.000000
v -0.000001 0.825000 0.000000
v 0.000000 1.000000 0.280000
v 0.280000 1.000000 0.280000
v 0.280000 1.000000 0.000000
v -0.000000 1.000000 0.000000
v 0.040000 0.125000 0.240000
v 0.240000 0.125000 0.240000
v 0.240000 0.125000 0.040000
v 0.040000 0.000000 0.240000
v 0.240000 0.000000 0.240000
v 0.240000 0.000000 0.040000
v 0.040000 0.125000 0.040000
v 0.040000 0.000000 0.040000
v 0.040000 1.825000 0.240000
v 0.240000 1.825000 0.240000
v 0.240000 1.825000 0.040000
v 0.040000 1.700000 0.240000
v 0.240000 1.700000 0.240000
v 0.240000 1.700000 0.040000
v 0.040000 1.825000 0.040000
v 0.040000 1.700000 0.040000
v 0.065000 1.700000 0.215000
v 0.215000 1.700000 0.215000
v 0.215000 1.700000 0.065000
v 0.064999 1.700000 0.065000
v 0.065000 1.125000 0.215000
v 0.215000 1.125000 0.215000
v 0.215000 1.125000 0.065000
v 0.064999 1.125000 0.065000
v 0.000000 1.825000 0.280000
v 0.280000 1.825000 0.280000
v 0.280000 1.825000 0.000000
v -0.000001 1.825000 0.000000
v 0.000000 2.000000 0.280000
v 0.280000 2.000000 0.280000
v 0.280000 2.000000 0.000000
v -0.000000 2.000000 0.000000
v 0.040000 1.125000 0.240000
v 0.240000 1.125000 0.240000
v 0.240000 1.125000 0.040000
v 0.040000 1.000000 0.240000
v 0.240000 1.000000 0.240000
v 0.240000 1.000000 0.040000
v 0.040000 1.125000 0.040000
v 0.040000 1.000000 0.040000
v 0.040000 2.825000 0.240000
v 0.240000 2.825000 0.240000
v 0.240000 2.825000 0.040000
v 0.040000 2.700000 0.240000
v 0.240000 2.700000 0.240000
v 0.240000 2.700000 0.040000
v 0.040000 2.825000 0.040000
v 0.040000 2.700000 0.040000
v 0.065000 2.700000 0.215000
v 0.215000 2.700000 0.215000
v 0.215000 2.700000 0.065000
v 0.064999 2.700000 0.065000
v 0.065000 2.125000 0.215000
v 0.215000 2.125000 0.215000
v 0.215000 2.125000 0.065000
v 0.064999 2.125000 0.065000
v 0.000000 2.825000 0.280000
v 0.280000 2.825000 0.280000
v 0.280000 2.825000 0.000000
v -0.000001 2.825000 0.000000
v 0.000000 3.000000 0.280000
v 0.280000 3.000000 0.280000
v 0.280000 3.000000 0.000000
v -0.000000 3.000000 0.000000
v 0.040000 2.125000 0.240000
v 0.240000 2.125000 0.240000
v 0.240000 2.125000 0.040000
v 0.040000 2.000000 0.240000
v 0.240000 2.000000 0.240000
v 0.240000 2.000000 0.040000
v 0.040000 2.125000 0.040000
v 0.040000 2.000000 0.040000
v 0.040000 3.825000 0.240000
v 0.240000 3.825000 0.240000
v 0.240000 3.825000 0.040000
v 0.040000 3.700000 0.240000
v 0.240000 3.700000 0.240000
v 0.240000 3.700000 0.040000
v 0.040000 3.825000 0.040000
v 0.040000 3.700000 0.040000
v 0.065000 3.700000 0.215000
v 0.215000 3.700000 0.215000
v 0.215000 3.700000 0.065000
v 0.064999 3.700000 0.065000
v 0.065000 3.125000 0.215000
v 0.215000 3.125000 0.215000
v 0.215000 3.125000 0.065000
v 0.064999 3.125000 0.065000
v 0.000000 3.825000 0.280000
v 0.280000 3.825000 0.280000
v 0.280000 3.825000 0.000000
v -0.000001 3.825000 0.000000
v 0.000000 4.000000 0.280000
v 0.280000 4.000000 0.280000
v 0.280000 4.000000 0.000000
v -0.000000 4.000000 0.000000
v 0.040000 3.125000 0.240000
v 0.240000 3.125000 0.240000
v 0.240000 3.125000 0.040000
v 0.040000 3.000000 0.240000
v 0.240000 3.000000 0.240000
v 0.240000 3.000000 0.040000
v 0.040000 3.125000 0.040000
v 0.040000 3.000000 0.040000
v 0.040000 4.824999 0.240000
v 0.240000 4.824999 0.240000
v 0.240000 4.824999 0.040000
v 0.040000 4.699999 0.240000
v 0.240000 4.699999 0.240000
v 0.240000 4.699999 0.040000
v 0.040000 4.824999 0.040000
v 0.040000 4.699999 0.040000
v 0.065000 4.699999 0.215000
v 0.215000 4.699999 0.215000
v 0.215000 4.699999 0.065000
v 0.064999 4.699999 0.065000
v 0.065000 4.125000 0.215000
v 0.215000 4.125000 0.215000
v 0.215000 4.125000 0.065000
v 0.064999 4.125000 0.065000
v 0.000000 4.824999 0.280000
v 0.280000 4.824999 0.280000
v 0.280000 4.824999 -0.000000
v -0.000001 4.824999 -0.000000
v 0.000000 5.000000 0.280000
v 0.280000 5.000000 0.280000
v 0.280000 5.000000 -0.000000
v -0.000000 5.000000 -0.000000
v 0.040000 4.125000 0.240000
v 0.240000 4.125000 0.240000
v 0.240000 4.125000 0.040000
v 0.040000 4.000000 0.240000
v 0.240000 4.000000 0.240000
v 0.240000 4.000000 0.040000
v 0.040000 4.125000 0.040000
v 0.040000 4.000000 0.040000
v 0.040000 5.824999 0.240000
v 0.240000 5.824999 0.240000
v 0.240000 5.824999 0.040000
v 0.040000 5.699999 0.240000
v 0.240000 5.699999 0.240000
v 0.240000 5.699999 0.040000
v 0.040000 5.824999 0.040000
v 0.040000 5.699999 0.040000
v 0.065000 5.699999 0.215000
v 0.215000 5.699999 0.215000
v 0.215000 5.699999 0.065000
v 0.064999 5.699999 0.065000
v 0.065000 5.125000 0.215000
v 0.215000 5.125000 0.215000
v 0.215000 5.125000 0.065000
v 0.064999 5.125000 0.065000
v 0.000000 5.824999 0.280000
v 0.280000 5.824999 0.280000
v 0.280000 5.824999 -0.000000
v -0.000001 5.824999 -0.000000
v 0.000000 6.000000 0.280000
v 0.280000 6.000000 0.280000
v 0.280000 6.000000 -0.000000
v -0.000000 6.000000 -0.000000
v 0.040000 5.125000 0.240000
v 0.240000 5.125000 0.240000
v 0.240000 5.125000 0.040000
v 0.040000 5.000000 0.240000
v 0.240000 5.000000 0.240000
v 0.240000 5.000000 0.040000
v 0.040000 5.125000 0.040000
v 0.040000 5.000000 0.040000
v 0.040000 6.824999 0.240000
v 0.240000 6.824999 0.240000
v 0.240000 6.824999 0.040000
v 0.040000 6.699999 0.240000
v 0.240000 6.699999 0.240000
v 0.240000 6.699999 0.040000
v 0.040000 6.824999 0.040000
v 0.040000 6.699999 0.040000
v 0.065000 6.699999 0.215000
v 0.215000 6.699999 0.215000
v 0.215000 6.699999 0.065000
v 0.064999 6.699999 0.065000
v 0.065000 6.125000 0.215000
v 0.215000 6.125000 0.215000
v 0.215000 6.125000 0.065000
v 0.064999 6.125000 0.065000
v 0.000000 6.824999 0.280000
v 0.280000 6.824999 0.280000
v 0.280000 6.824999 -0.000000
v -0.000001 6.824999 -0.000000
v 0.000000 7.000000 0.280000
v 0.280000 7.000000 0.280000
v 0.280000 7.000000 -0.000000
v -0.000000 7.000000 -0.000000
v 0.040000 6.125000 0.240000
v 0.240000 6.125000 0.240000
v 0.240000 6.125000 0.040000
v 0.040000 6.000000 0.240000
v 0.240000 6.000000 0.240000
v 0.240000 6.000000 0.040000
v 0.040000 6.125000 0.040000
v 0.040000 6.000000 0.040000
v 0.040000 7.824999 0.240000
v 0.240000 7.824999 0.240000
v 0.240000 7.824999 0.040000
v 0.040000 7.699999 0.240000
v 0.240000 7.699999 0.240000
v 0.240000 7.699999 0.040000
v 0.040000 7.824999 0.040000
v 0.040000 7.699999 0.040000
v 0.065000 7.699999 0.215000
v 0.215000 7.699999 0.215000
v 0.215000 7.699999 0.065000
v 0.064999 7.699999 0.065000
v 0.065000 7.125000 0.215000
v 0.215000 7.125000 0.215000
v 0.215000 7.125000 0.065000
v 0.064999 7.125000 0.065000
v 0.000000 7.824999 0.280000
v 0.280000 7.824999 0.280000
v 0.280000 7.824999 -0.000000
v -0.000001 7.824999 -0.000000
v 0.000000 8.000000 0.280000
v 0.280000 8.000000 0.280000
v 0.280000 8.000000 -0.000000
v -0.000000 8.000000 -0.000000
v 0.040000 7.125000 0.240000
v 0.240000 7.125000 0.240000
v 0.240000 7.125000 0.040000
v 0.040000 7.000000 0.240000
v 0.240000 7.000000 0.240000
v 0.240000 7.000000 0.040000
v 0.040000 7.125000 0.040000
v 0.040000 7.000000 0.040000
v 0.040000 8.825000 0.240000
v 0.240000 8.825000 0.240000
v 0.240000 8.825000 0.040000
v 0.040000 8.700000 0.240000
v 0.240000 8.700000 0.240000
v 0.240000 8.700000 0.040000
v 0.040000 8.825000 0.040000
v 0.040000 8.700000 0.040000
v 0.065000 8.700000 0.215000
v 0.215000 8.700000 0.215000
v 0.215000 8.700000 0.065000
v 0.064999 8.700000 0.065000
v 0.065000 8.125000 0.215000
v 0.215000 8.125000 0.215000
v 0.215000 8.125000 0.065000
v 0.064999 8.125000 0.065000
v 0.000000 8.825000 0.280000
v 0.280000 8.825000 0.280000
v 0.280000 8.825000 -0.000000
v -0.000001 8.825000 -0.000000
v 0.000000 9.000000 0.280000
v 0.280000 9.000000 0.280000
v 0.280000 9.000000 -0.000000
v -0.000000 9.000000 -0.000000
v 0.040000 8.125000 0.240000
v 0.240000 8.125000 0.240000
v 0.240000 8.125000 0.040000
v 0.040000 8.000000 0.240000
v 0.240000 8.000000 0.240000
v 0.240000 8.000000 0.040000
v 0.040000 8.125000 0.040000
v 0.040000 8.000000 0.040000
v 0.040000 9.825000 0.240000
v 0.240000 9.825000 0.240000
v 0.240000 9.825000 0.040000
v 0.040000 9.700000 0.240000
v 0.240000 9.700000 0.240000
v 0.240000 9.700000 0.040000
v 0.040000 9.825000 0.040000
v 0.040000 9.700000 0.040000
v 0.065000 9.700000 0.215000
v 0.215000 9.700000 0.215000
v 0.215000 9.700000 0.065000
v 0.064999 9.700000 0.065000
v 0.065000 9.125000 0.215000
v 0.215000 9.125000 0.215000
v 0.215000 9.125000 0.065000
v 0.064999 9.125000 0.065000
v 0.000000 9.825000 0.280000
v 0.280000 9.825000 0.280000
v 0.280000 9.825000 -0.000000
v -0.000001 9.825000 -0.000000
v 0.000000 10.000000 0.280000
v 0.280000 10.000000 0.280000
v 0.280000 10.000000 -0.000000
v -0.000000 10.000000 -0.000000
v 0.040000 9.125000 0.240000
v 0.240000 9.125000 0.240000
v 0.240000 9.125000 0.040000
v 0.040000 9.000000 0.240000
v 0.240000 9.000000 0.240000
v 0.240000 9.000000 0.040000
v 0.040000 9.125000 0.040000
v 0.040000 9.000000 0.040000
v 0.040000 10.825000 0.240000
v 0.240000 10.825000 0.240000
v 0.240000 10.825000 0.040000
v 0.040000 10.700000 0.240000
v 0.240000 10.700000 0.240000
v 0.240000 10.700000 0.040000
v 0.040000 10.825000 0.040000
v 0.040000 10.700000 0.040000
v 0.065000 10.700000 0.215000
v 0.215000 10.700000 0.215000
v 0.215000 10.700000 0.065000
v 0.064999 10.700000 0.065000
v 0.065000 10.125000 0.215000
v 0.215000 10.125000 0.215000
v 0.215000 10.125000 0.065000
v 0.064999 10.125000 0.065000
v 0.000000 10.825000 0.280000
v 0.280000 10.825000 0.280000
v 0.280000 10.825000 -0.000000
v -0.000001 10.825000 -0.000000
v 0.000000 11.000000 0.280000
v 0.280000 11.000000 0.280000
v 0.280000 11.000000 -0.000000
v -0.000000 11.000000 -0.000000
v 0.040000 10.125000 0.240000
v 0.240000 10.125000 0.240000
v 0.240000 10.125000 0.040000
v 0.040000 10.000000 0.240000
v 0.240000 10.000000 0.240000
v 0.240000 10.000000 0.040000
v 0.040000 10.125000 0.040000
v 0.040000 10.000000 0.040000
v 0.040000 11.825000 0.240000
v 0.240000 11.825000 0.240000
v 0.240000 11.825000 0.039999
v 0.040000 11.700000 0.240000
v 0.240000 11.700000 0.240000
v 0.240000 11.700000 0.039999
v 0.040000 11.825000 0.039999
v 0.040000 11.700000 0.039999
v 0.065000 11.700000 0.214999
v 0.215000 11.700000 0.214999
v 0.215000 11.700000 0.065000
v 0.064999 11.700000 0.065000
v 0.065000 11.125000 0.214999
v 0.215000 11.125000 0.214999
v 0.215000 11.125000 0.065000
v 0.064999 11.125000 0.065000
v 0.000000 11.825000 0.279999
v 0.280000 11.825000 0.279999
v 0.280000 11.825000 -0.000000
v -0.000001 11.825000 -0.000000
v 0.000000 12.000000 0.279999
v 0.280000 12.000000 0.279999
v 0.280000 12.000000 -0.000000
v -0.000000 12.000000 -0.000000
v 0.040000 11.125000 0.240000
v 0.240000 11.125000 0.240000
v 0.240000 11.125000 0.039999
v 0.040000 11.000000 0.240000
v 0.240000 11.000000 0.240000
v 0.240000 11.000000 0.039999
v 0.040000 11.125000 0.039999
v 0.040000 11.000000 0.039999
v 0.040000 12.825000 0.240000
v 0.240000 12.825000 0.240000
v 0.240000 12.825000 0.039999
v 0.040000 12.700000 0.240000
v 0.240000 12.700000 0.240000
v 0.240000 12.700000 0.039999
v 0.040000 12.825000 0.039999
v 0.040000 12.700000 0.039999
v 0.065000 12.700000 0.214999
v 0.215000 12.700000 0.214999
v 0.215000 12.700000 0.065000
v 0.064999 12.700000 0.065000
v 0.065000 12.125000 0.214999
v 0.215000 12.125000 0.214999
v 0.215000 12.125000 0.065000
v 0.064999 12.125000 0.065000
v 0.000000 12.825000 0.279999
v 0.280000 12.825000 0.279999
v 0.280000 12.825000 -0.000000
v -0.000001 12.825000 -0.000000
v 0.000000 13.000000 0.279999
v 0.280000 13.000000 0.279999
v 0.280000 13.000000 -0.000000
v -0.000000 13.000000 -0.000000
v 0.040000 12.125000 0.240000
v 0.240000 12.125000 0.240000
v 0.240000 12.125000 0.039999
v 0.040000 12.000000 0.240000
v 0.240000 12.000000 0.240000
v 0.240000 12.000000 0.039999
v 0.040000 12.125000 0.039999
v 0.040000 12.000000 0.039999
v 0.040000 13.825000 0.240000
v 0.240000 13.825000 0.240000
v 0.240000 13.825000 0.039999
v 0.040000 13.700000 0.240000
v 0.240000 13.700000 0.240000
v 0.240000 13.700000 0.039999
v 0.040000 13.825000 0.039999
v 0.040000 13.700000 0.039999
v 0.065000 13.700000 0.214999
v 0.215000 13.700000 0.214999
v 0.215000 13.700000 0.065000
v 0.064999 13.700000 0.065000
v 0.065000 13.125000 0.214999
v 0.215000 13.125000 0.214999
v 0.215000 13.125000 0.065000
v 0.064999 13.125000 0.065000
v 0.000000 13.825000 0.279999
v 0.280000 13.825000 0.279999
v 0.280000 13.825000 -0.000000
v -0.000001 13.825000 -0.000000
v 0.000000 14.000000 0.279999
v 0.280000 14.000000 0.279999
v 0.280000 14.000000 -0.000000
v -0.000000 14.000000 -0.000000
v 0.040000 13.125000 0.240000
v 0.240000 13.125000 0.240000
v 0.240000 13.125000 0.039999
v 0.040000 13.000000 0.240000
v 0.240000 13.000000 0.240000
v 0.240000 13.000000 0.039999
v 0.040000 13.125000 0.039999
v 0.040000 13.000000 0.039999
v -3.000000 14.725000 -0.000000
v -2.000000 14.725000 -0.000000
v -3.000000 14.025000 1.000000
v -2.000000 14.025000 1.000000
v -3.000000 14.000000 1.000000
v -2.000000 14.000000 1.000000
v -2.000000 14.515028 0.065187
v -2.000000 14.327541 0.215147
v -2.000000 14.175603 0.432201
v -2.000000 14.070631 0.700040
v -3.000000 14.070631 0.700040
v -3.000000 14.175603 0.432201
v -3.000000 14.327541 0.215147
v -3.000000 14.515028 0.065187
v -2.000000 14.725000 -0.000000
v -1.000000 14.725000 -0.000000
v -2.000000 14.025000 1.000000
v -1.000000 14.025000 1.000000
v -2.000000 14.000000 1.000000
v -1.000000 14.000000 1.000000
v -1.000000 14.515028 0.065187
v -1.000000 14.327541 0.215147
v -1.000000 14.175603 0.432201
v -1.000000 14.070631 0.700040
v -2.000000 14.070631 0.700040
v -2.000000 14.175603 0.432201
v -2.000000 14.327541 0.215147
v -2.000000 14.515028 0.065187
v -4.000000 14.725000 0.000000
v -3.000000 14.725000 0.000001
v -4.000000 14.023460 1.000000
v -3.000000 14.025000 1.000001
v -4.000000 13.998915 1.000000
v -3.000000 14.000000 1.000001
v -3.000000 14.515028 0.065188
v -3.000000 14.327541 0.215148
v -3.000000 14.175603 0.432203
v -3.000000 14.070631 0.700041
v -4.000000 14.070631 0.700041
v -4.000000 14.175603 0.432202
v -4.000000 14.327541 0.215148
v -4.000000 14.515028 0.065187
v -5.000000 14.357248 1.000000
v -5.000000 14.331794 1.000000
v -4.700040 14.204001 0.700040
v -4.432202 14.175734 0.432202
v -4.215147 14.327541 0.215148
v -4.065187 14.515028 0.065187
v -4.500000 14.105600 1.000000
v -4.500000 14.080601 1.000000
v -4.350020 14.118969 0.700041
v -4.216101 14.175668 0.432202
v -4.107574 14.327541 0.215148
v -4.032594 14.515028 0.065187
vn -0.0000 -0.0000 -1.0000
vn -0.0000 -0.0000 1.0000
vn 1.0000 -0.0000 -0.0000
vn -0.0000 1.0000 -0.0000
vn 0.1504 0.9886 -0.0000
vn 0.2593 0.9658 -0.0000
vn 0.4725 0.8813 -0.0000
vn 0.6842 0.7293 -0.0000
vn 0.8834 0.4687 -0.0000
vn 0.9550 0.2965 -0.0000
vn 0.8833 0.4687 -0.0000
vn 0.6841 0.7294 -0.0000
vn 0.4590 0.8882 0.0205
vn 0.2605 0.9655 -0.0004
vn 0.2410 0.9688 0.0582
vn 0.1628 0.9706 0.1771
vn 0.0853 0.9455 0.3144
vn 0.2803 0.9537 0.1090
vn 0.4219 0.9051 0.0532
vn 0.6432 0.7657 0.0001
vn 0.6841 0.7294 0.0001
vn 0.8604 0.5096 -0.0000
vn 0.0879 0.9528 0.2905
vn 0.0593 0.9281 0.3676
vn 0.1529 0.9882 -0.0008
vn 0.1451 0.9866 0.0744
vn 0.2443 -0.3300 0.9118
vn -0.6675 -0.3300 0.6675
vn -0.5194 -0.6785 0.5194
vn 0.1901 -0.6786 0.7095
vn -0.9118 -0.3300 -0.2443
vn -0.7095 -0.6786 -0.1901
vn 0.6675 -0.3300 -0.6675
vn 0.9118 -0.3300 0.2443
vn 0.7095 -0.6785 0.1901
vn 0.5194 -0.6786 -0.5194
vn -0.2443 -0.3300 -0.9118
vn -0.1901 -0.6786 -0.7095
vn 0.6675 0.3300 -0.6675
vn 0.9118 0.3300 0.2443
vn 0.2443 0.3300 0.9118
vn 0.4831 0.8660 0.1294
vn 0.1294 0.8660 0.4831
vn 0.3536 0.8660 -0.3536
vn -0.6675 0.3300 0.6675
vn -0.3536 0.8660 0.3536
vn -0.9118 0.3300 -0.2443
vn -0.4831 0.8660 -0.1294
vn -0.1294 0.8660 -0.4831
vn -0.2443 0.3300 -0.9118
vn 0.1451 0.9866 -0.0744
vn 0.1529 0.9882 0.0008
vn 0.2605 0.9655 0.0004
vn 0.2410 0.9688 -0.0582
vn 0.4591 0.8882 -0.0205
vn 0.0879 0.9528 -0.2905
vn 0.1628 0.9706 -0.1771
vn 0.4219 0.9051 -0.0532
vn 0.6841 0.7294 -0.0001
vn 0.6432 0.7657 -0.0001
vn 0.2803 0.9537 -0.1090
vn 0.0854 0.9455 -0.3144
vn 0.0593 0.9281 -0.3676
vn -1.0000 -0.0000 -0.0000
vn 0.5194 -0.6785 -0.5194
vn 0.7095 -0.6786 0.1901
vn -0.7095 -0.6785 -0.1901
vn -0.0000 0.2965 0.9550
vn -0.0000 0.4687 0.8834
vn -0.0000 0.7293 0.6842
vn -0.0000 0.7294 0.6841
vn -0.0000 0.8813 0.4725
vn -0.0205 0.8882 0.4591
vn 0.0004 0.9655 0.2605
vn -0.0582 0.9688 0.2410
vn -0.1771 0.9706 0.1628
vn -0.3144 0.9455 0.0854
vn -0.1090 0.9537 0.2803
vn -0.0532 0.9051 0.4219
vn -0.0001 0.7657 0.6432
vn -0.0001 0.7294 0.6841
vn -0.0000 0.5096 0.8604
vn -0.2905 0.9528 0.0879
vn -0.3676 0.9281 0.0593
vn 0.0008 0.9882 0.1529
vn -0.0744 0.9866 0.1451
vn -0.9118 -0.3300 0.2443
vn -0.6675 -0.3300 -0.6675
vn -0.5194 -0.6786 -0.5194
vn -0.7095 -0.6786 0.1901
vn 0.2443 -0.3300 -0.9118
vn 0.1901 -0.6786 -0.7095
vn 0.6675 -0.3300 0.6675
vn -0.2443 -0.3300 0.9118
vn -0.1901 -0.6786 0.7095
vn 0.5194 -0.6786 0.5194
vn 0.9118 -0.3300 -0.2443
vn 0.7095 -0.6786 -0.1901
vn 0.6675 0.3300 0.6675
vn -0.2443 0.3300 0.9118
vn -0.9118 0.3300 0.2443
vn -0.1294 0.8660 0.4831
vn -0.4831 0.8660 0.1294
vn 0.3536 0.8660 0.3536
vn -0.6675 0.3300 -0.6675
vn -0.3536 0.8660 -0.3536
vn 0.2443 0.3300 -0.9118
vn 0.1294 0.8660 -0.4831
vn 0.4831 0.8660 -0.1294
vn 0.9118 0.3300 -0.2443
vn -0.0000 0.9886 0.1504
vn -0.0000 0.9658 0.2593
vn 0.0744 0.9866 0.1451
vn -0.0008 0.9882 0.1529
vn -0.0004 0.9655 0.2605
vn 0.0582 0.9688 0.2410
vn 0.0205 0.8882 0.4591
vn 0.2905 0.9528 0.0879
vn 0.1771 0.9706 0.1628
vn 0.0532 0.9051 0.4219
vn 0.0001 0.7294 0.6841
vn 0.0001 0.7657 0.6432
vn 0.1090 0.9537 0.2803
vn 0.3144 0.9455 0.0854
vn 0.3676 0.9281 0.0593
vt 0.999993 0.399767
vt 0.833686 0.399768
vt 0.833686 0.509719
vt 0.999993 0.509719
vt 0.833686 0.399767
vt 0.770482 0.286379
vt 0.831992 0.286379
vt 0.831992 0.999426
vt 0.770482 0.999426
vt 0.770482 0.286379
vt 0.831991 0.286379
vt 0.831991 0.999426
vt 0.770483 0.286379
vt 0.831992 0.999426
vt 0.770483 0.999426
vt 0.767581 0.344285
vt 0.767581 0.999426
vt 0.673283 0.999426
vt 0.673283 0.344285
vt 0.764372 0.283546
vt 0.764372 0.458730
vt 0.675622 0.458730
vt 0.675622 0.283546
vt 0.673283 0.999427
vt 0.673283 0.344286
vt 0.767581 0.344286
vt 0.767581 0.999427
vt 0.767581 0.344285
vt 0.673283 0.999427
vt 0.673283 0.344285
vt 0.833686 0.509719
vt 0.999992 0.509719
vt 0.999992 0.399767
vt 0.833686 0.399767
vt 0.833686 0.399768
vt 0.833686 0.509720
vt 0.999993 0.509719
vt 0.999993 0.399767
vt 0.998299 0.526081
vt 0.998299 0.636033
vt 0.831992 0.636033
vt 0.831992 0.526081
vt 0.331700 0.030964
vt 0.665276 0.030964
vt 0.665276 0.498948
vt 0.331700 0.498948
vt 0.766085 0.999996
vt 0.766085 0.498948
vt 0.832784 0.498948
vt 0.832784 0.999996
vt 0.333335 0.509319
vt 0.000002 0.509319
vt 0.000002 0.499998
vt 0.333335 0.499998
vt 0.333335 0.622450
vt 0.000002 0.622450
vt 0.333335 0.729713
vt 0.000002 0.729713
vt 0.333335 0.828503
vt 0.000002 0.828503
vt 0.333335 0.918021
vt 0.000002 0.918021
vt 0.333335 0.999998
vt 0.000002 0.999998
vt 0.999996 0.499995
vt 0.999996 0.999995
vt 0.833352 0.999995
vt 0.833352 0.499995
vt -0.001316 -0.000785
vt 0.332017 -0.000785
vt 0.332017 0.499215
vt -0.001316 0.499215
vt 0.999996 0.999995
vt 0.833352 0.499995
vt 0.833352 0.499995
vt 0.332017 -0.000785
vt 0.332017 0.499215
vt -0.001316 0.499215
vt -0.001316 -0.000785
vt 0.999996 0.874995
vt 0.833352 0.874995
vt 0.833352 0.624995
vt 0.999996 0.624995
vt 0.999996 0.874995
vt 0.833352 0.874995
vt 0.833352 0.624995
vt 0.999996 0.624995
vt 0.332018 0.999215
vt 0.332017 0.499215
vt 0.665351 0.499215
vt 0.665351 0.999215
vt 0.000003 0.000674
vt 0.331884 0.000674
vt 0.332529 0.498846
vt 0.000003 0.498846
vt 0.833352 0.499995
vt 0.833352 0.499995
vt 0.665351 0.499215
vt 0.332017 0.999215
vt 0.332017 0.499215
vt -0.001316 0.499215
vt -0.001316 -0.000785
vt 0.332017 -0.000785
vt 0.833352 0.999995
vt 0.665351 0.999215
vt 0.332017 0.999215
vt 0.332017 0.499215
vt 0.665351 0.499215
vt 0.332017 0.999215
vt 0.332017 0.499215
vt 0.331641 0.999999
vt 0.331641 0.499999
vt 0.664974 0.499999
vt 0.664974 0.999998
vt 0.833352 0.624995
vt 0.999996 0.499995
vt 0.833352 0.499995
vt 0.333611 0.999099
vt 0.000025 0.999993
vt 0.000025 0.916463
vt 0.333347 0.915571
vt 0.000025 0.825248
vt 0.333055 0.824366
vt 0.000025 0.724584
vt 0.332703 0.723739
vt 0.000025 0.615153
vt 0.332177 0.614862
vt 0.105854 0.615153
vt 0.207194 0.615153
vt 0.128972 0.724584
vt 0.065037 0.724584
vt 0.059689 0.825137
vt 0.032513 0.825137
vt 0.020135 0.916270
vt 0.010237 0.916270
vt 0.000025 0.916270
vt 0.153396 0.516219
vt 0.258050 0.516219
vt 0.000025 0.516219
vt 0.000025 0.500393
vt 0.153396 0.500393
vt 0.332556 0.516219
vt 0.000025 0.516219
vt 0.000025 0.500393
vt 0.332556 0.500393
vt 0.272633 0.500393
vt 0.000025 0.825137
vt 0.237264 0.412307
vt 0.231837 0.412307
vt 0.231837 0.402570
vt 0.237264 0.402570
vt 0.264399 0.412307
vt 0.258972 0.412307
vt 0.258972 0.402570
vt 0.264399 0.402570
vt 0.248118 0.412307
vt 0.242691 0.412307
vt 0.242691 0.402570
vt 0.248118 0.402570
vt 0.253545 0.412307
vt 0.253545 0.402570
vt 0.248118 0.426612
vt 0.242691 0.426612
vt 0.237264 0.426612
vt 0.242691 0.436349
vt 0.237264 0.436349
vt 0.248118 0.436349
vt 0.231837 0.426612
vt 0.231837 0.436349
vt 0.264399 0.426612
vt 0.258972 0.426612
vt 0.264399 0.436349
vt 0.258972 0.436349
vt 0.226626 0.449890
vt 0.226626 0.440863
vt 0.237049 0.449890
vt 0.231837 0.454403
vt 0.237049 0.440863
vt 0.253545 0.426612
vt 0.253545 0.436349
vt 0.332556 0.516219
vt 0.332145 0.615110
vt 0.000025 0.724576
vt 0.332546 0.723969
vt 0.332814 0.824543
vt 0.333016 0.915682
vt 0.000025 0.999728
vt 0.333192 0.999144
vt 0.258050 0.516219
vt 0.272633 0.500393
vt 0.000025 0.516219
vt 0.831992 0.286379
vt 0.831992 0.999426
vt 0.770482 0.999426
vt 0.767581 0.999430
vt 0.673283 0.999430
s 0
f 3/1/1 2/2/1 5/3/1 6/4/1
f 4/4/2 1/1/2 7/5/2 8/3/2
f 11/6/1 10/7/1 14/8/1 15/9/1
f 9/10/2 12/11/2 16/12/2 13/9/2
f 10/13/3 9/7/3 13/14/3 14/15/3
f 2/2/3 1/1/3 4/4/3 5/3/3
f 20/16/2 17/17/2 21/18/2 24/19/2
f 23/20/4 24/21/4 21/22/4 22/23/4
f 23/24/1 22/25/1 18/26/1 19/27/1
f 17/28/3 18/27/3 22/29/3 21/30/3
f 27/31/1 26/32/1 29/33/1 30/34/1
f 28/35/2 25/36/2 31/37/2 32/38/2
f 26/32/3 25/36/3 28/35/3 29/33/3
f 27/39/4 31/40/4 25/41/4 26/42/4
f 35/1/1 34/2/1 37/3/1 38/4/1
f 36/4/2 33/1/2 39/5/2 40/3/2
f 43/6/1 42/7/1 46/8/1 47/9/1
f 41/10/2 44/11/2 48/12/2 45/9/2
f 42/13/3 41/7/3 45/14/3 46/15/3
f 34/2/3 33/1/3 36/4/3 37/3/3
f 52/16/2 49/17/2 53/18/2 56/19/2
f 55/20/4 56/21/4 53/22/4 54/23/4
f 55/24/1 54/25/1 50/26/1 51/27/1
f 49/28/3 50/27/3 54/29/3 53/30/3
f 59/31/1 58/32/1 61/33/1 62/34/1
f 60/35/2 57/36/2 63/37/2 64/38/2
f 58/32/3 57/36/3 60/35/3 61/33/3
f 59/39/4 63/40/4 57/41/4 58/42/4
f 67/1/1 66/2/1 69/3/1 70/4/1
f 68/4/2 65/1/2 71/5/2 72/3/2
f 75/6/1 74/7/1 78/8/1 79/9/1
f 73/10/2 76/11/2 80/12/2 77/9/2
f 74/13/3 73/7/3 77/14/3 78/15/3
f 66/2/3 65/1/3 68/4/3 69/3/3
f 84/16/2 81/17/2 85/18/2 88/19/2
f 87/20/4 88/21/4 85/22/4 86/23/4
f 87/24/1 86/25/1 82/26/1 83/27/1
f 81/28/3 82/27/3 86/29/3 85/30/3
f 91/31/1 90/32/1 93/33/1 94/34/1
f 92/35/2 89/36/2 95/37/2 96/38/2
f 90/32/3 89/36/3 92/35/3 93/33/3
f 91/39/4 95/40/4 89/41/4 90/42/4
f 99/1/1 98/2/1 101/3/1 102/4/1
f 100/4/2 97/1/2 103/5/2 104/3/2
f 107/6/1 106/7/1 110/8/1 111/9/1
f 105/10/2 108/11/2 112/12/2 109/9/2
f 106/13/3 105/7/3 109/14/3 110/15/3
f 98/2/3 97/1/3 100/4/3 101/3/3
f 116/16/2 113/17/2 117/18/2 120/19/2
f 119/20/4 120/21/4 117/22/4 118/23/4
f 119/24/1 118/25/1 114/26/1 115/27/1
f 113/28/3 114/27/3 118/29/3 117/30/3
f 123/31/1 122/32/1 125/33/1 126/34/1
f 124/35/2 121/36/2 127/37/2 128/38/2
f 122/32/3 121/36/3 124/35/3 125/33/3
f 123/39/4 127/40/4 121/41/4 122/42/4
f 131/1/1 130/2/1 133/3/1 134/4/1
f 132/4/2 129/1/2 135/5/2 136/3/2
f 139/6/1 138/7/1 142/8/1 143/9/1
f 137/10/2 140/11/2 144/12/2 141/9/2
f 138/13/3 137/7/3 141/14/3 142/15/3
f 130/2/3 129/1/3 132/4/3 133/3/3
f 148/16/2 145/17/2 149/18/2 152/19/2
f 151/20/4 152/21/4 149/22/4 150/23/4
f 151/24/1 150/25/1 146/26/1 147/27/1
f 145/28/3 146/27/3 150/29/3 149/30/3
f 155/31/1 154/32/1 157/33/1 158/34/1
f 156/35/2 153/36/2 159/37/2 160/38/2
f 154/32/3 153/36/3 156/35/3 157/33/3
f 155/39/4 159/40/4 153/41/4 154/42/4
f 163/1/1 162/2/1 165/3/1 166/4/1
f 164/4/2 161/1/2 167/5/2 168/3/2
f 171/6/1 170/7/1 174/8/1 175/9/1
f 169/10/2 172/11/2 176/12/2 173/9/2
f 170/13/3 169/7/3 173/14/3 174/15/3
f 162/2/3 161/1/3 164/4/3 165/3/3
f 180/16/2 177/17/2 181/18/2 184/19/2
f 183/20/4 184/21/4 181/22/4 182/23/4
f 183/24/1 182/25/1 178/26/1 179/27/1
f 177/28/3 178/27/3 182/29/3 181/30/3
f 187/31/1 186/32/1 189/33/1 190/34/1
f 188/35/2 185/36/2 191/37/2 192/38/2
f 186/32/3 185/36/3 188/35/3 189/33/3
f 187/39/4 191/40/4 185/41/4 186/42/4
f 195/1/1 194/2/1 197/3/1 198/4/1
f 196/4/2 193/1/2 199/5/2 200/3/2
f 203/6/1 202/7/1 206/8/1 207/9/1
f 201/10/2 204/11/2 208/12/2 205/9/2
f 202/13/3 201/7/3 205/14/3 206/15/3
f 194/2/3 193/1/3 196/4/3 197/3/3
f 212/16/2 209/17/2 213/18/2 216/19/2
f 215/20/4 216/21/4 213/22/4 214/23/4
f 215/24/1 214/25/1 210/26/1 211/27/1
f 209/28/3 210/27/3 214/29/3 213/30/3
f 219/31/1 218/32/1 221/33/1 222/34/1
f 220/35/2 217/36/2 223/37/2 224/38/2
f 218/32/3 217/36/3 220/35/3 221/33/3
f 219/39/4 223/40/4 217/41/4 218/42/4
f 227/1/1 226/2/1 229/3/1 230/4/1
f 228/4/2 225/1/2 231/5/2 232/3/2
f 235/6/1 234/7/1 238/8/1 239/9/1
f 233/10/2 236/11/2 240/12/2 237/9/2
f 234/13/3 233/7/3 237/14/3 238/15/3
f 226/2/3 225/1/3 228/4/3 229/3/3
f 244/16/2 241/17/2 245/18/2 248/19/2
f 247/20/4 248/21/4 245/22/4 246/23/4
f 247/24/1 246/25/1 242/26/1 243/27/1
f 241/28/3 242/27/3 246/29/3 245/30/3
f 251/31/1 250/32/1 253/33/1 254/34/1
f 252/35/2 249/36/2 255/37/2 256/38/2
f 250/32/3 249/36/3 252/35/3 253/33/3
f 251/39/4 255/40/4 249/41/4 250/42/4
f 259/1/1 258/2/1 261/3/1 262/4/1
f 260/4/2 257/1/2 263/5/2 264/3/2
f 267/6/1 266/7/1 270/8/1 271/9/1
f 265/10/2 268/11/2 272/12/2 269/9/2
f 266/13/3 265/7/3 269/14/3 270/15/3
f 258/2/3 257/1/3 260/4/3 261/3/3
f 276/16/2 273/17/2 277/18/2 280/19/2
f 279/20/4 280/21/4 277/22/4 278/23/4
f 279/24/1 278/25/1 274/26/1 275/27/1
f 273/28/3 274/27/3 278/29/3 277/30/3
f 283/31/1 282/32/1 285/33/1 286/34/1
f 284/35/2 281/36/2 287/37/2 288/38/2
f 282/32/3 281/36/3 284/35/3 285/33/3
f 283/39/4 287/40/4 281/41/4 282/42/4
f 291/1/1 290/2/1 293/3/1 294/4/1
f 292/4/2 289/1/2 295/5/2 296/3/2
f 299/6/1 298/7/1 302/8/1 303/9/1
f 297/10/2 300/11/2 304/12/2 301/9/2
f 298/13/3 297/7/3 301/14/3 302/15/3
f 290/2/3 289/1/3 292/4/3 293/3/3
f 308/16/2 305/17/2 309/18/2 312/19/2
f 311/20/4 312/21/4 309/22/4 310/23/4
f 311/24/1 310/25/1 306/26/1 307/27/1
f 305/28/3 306/27/3 310/29/3 309/30/3
f 315/31/1 314/32/1 317/33/1 318/34/1
f 316/35/2 313/36/2 319/37/2 320/38/2
f 314/32/3 313/36/3 316/35/3 317/33/3
f 315/39/4 319/40/4 313/41/4 314/42/4
f 323/1/1 322/2/1 325/3/1 326/4/1
f 324/4/2 321/1/2 327/5/2 328/3/2
f 331/6/1 330/7/1 334/8/1 335/9/1
f 329/10/2 332/11/2 336/12/2 333/9/2
f 330/13/3 329/7/3 333/14/3 334/15/3
f 322/2/3 321/1/3 324/4/3 325/3/3
f 340/16/2 337/17/2 341/18/2 344/19/2
f 343/20/4 344/21/4 341/22/4 342/23/4
f 343/24/1 342/25/1 338/26/1 339/27/1
f 337/28/3 338/27/3 342/29/3 341/30/3
f 347/31/1 346/32/1 349/33/1 350/34/1
f 348/35/2 345/36/2 351/37/2 352/38/2
f 346/32/3 345/36/3 348/35/3 349/33/3
f 347/39/4 351/40/4 345/41/4 346/42/4
f 355/1/1 354/2/1 357/3/1 358/4/1
f 356/4/2 353/1/2 359/5/2 360/3/2
f 363/6/1 362/7/1 366/8/1 367/9/1
f 361/10/2 364/11/2 368/12/2 365/9/2
f 362/13/3 361/7/3 365/14/3 366/15/3
f 354/2/3 353/1/3 356/4/3 357/3/3
f 372/16/2 369/17/2 373/18/2 376/19/2
f 375/20/4 376/21/4 373/22/4 374/23/4
f 375/24/1 374/25/1 370/26/1 371/27/1
f 369/28/3 370/27/3 374/29/3 373/30/3
f 379/31/1 378/32/1 381/33/1 382/34/1
f 380/35/2 377/36/2 383/37/2 384/38/2
f 378/32/3 377/36/3 380/35/3 381/33/3
f 379/39/4 383/40/4 377/41/4 378/42/4
f 387/1/1 386/2/1 389/3/1 390/4/1
f 388/4/2 385/1/2 391/5/2 392/3/2
f 395/6/1 394/7/1 398/8/1 399/9/1
f 393/10/2 396/11/2 400/12/2 397/9/2
f 394/13/3 393/7/3 397/14/3 398/15/3
f 386/2/3 385/1/3 388/4/3 389/3/3
f 404/16/2 401/17/2 405/18/2 408/19/2
f 407/20/4 408/21/4 405/22/4 406/23/4
f 407/24/1 406/25/1 402/26/1 403/27/1
f 401/28/3 402/27/3 406/29/3 405/30/3
f 411/31/1 410/32/1 413/33/1 414/34/1
f 412/35/2 409/36/2 415/37/2 416/38/2
f 410/32/3 409/36/3 412/35/3 413/33/3
f 411/39/4 415/40/4 409/41/4 410/42/4
f 419/1/1 418/2/1 421/3/1 422/4/1
f 420/4/2 417/1/2 423/5/2 424/3/2
f 427/6/1 426/7/1 430/8/1 431/9/1
f 425/10/2 428/11/2 432/12/2 429/9/2
f 426/13/3 425/7/3 429/14/3 430/15/3
f 418/2/3 417/1/3 420/4/3 421/3/3
f 436/16/2 433/17/2 437/18/2 440/19/2
f 439/24/1 438/25/1 434/26/1 435/27/1
f 433/28/3 434/27/3 438/29/3 437/30/3
f 443/31/1 442/32/1 445/33/1 446/34/1
f 444/35/2 441/36/2 447/37/2 448/38/2
f 442/32/3 441/36/3 444/35/3 445/33/3
f 443/39/4 447/40/4 441/41/4 442/42/4
f 451/43/3 452/44/3 450/45/3 449/46/3
f 454/47/3 455/48/3 456/49/3 453/50/3
f 452/49/4 451/50/4 453/47/4 456/48/4
f 459/43/3 460/44/3 458/45/3 457/46/3
f 462/47/3 463/48/3 464/49/3 461/50/3
f 460/49/4 459/50/4 461/47/4 464/48/4
f 467/43/3 468/44/3 466/45/3 465/46/3
f 470/47/3 471/48/3 472/49/3 469/50/3
f 468/49/4 467/50/4 469/47/4 472/48/4
f 475/43/3 476/44/3 474/45/3 473/46/3
f 478/47/3 479/48/3 480/49/3 477/50/3
f 476/49/4 475/50/4 477/47/4 480/48/4
s 1
f 484/51/3 483/52/3 485/53/3 486/54/3
f 483/52/5 484/51/5 490/55/6 491/56/6
f 491/56/6 490/55/6 489/57/7 492/58/7
f 492/58/7 489/57/7 488/59/8 493/60/8
f 493/60/8 488/59/8 487/61/9 494/62/9
f 494/62/9 487/61/9 482/63/10 481/64/10
f 498/51/3 497/52/3 499/53/3 500/54/3
f 497/52/5 498/51/5 504/55/6 505/56/6
f 505/56/6 504/55/6 503/57/7 506/58/7
f 506/58/7 503/57/7 502/59/8 507/60/8
f 507/60/8 502/59/8 501/61/9 508/62/9
f 508/62/9 501/61/9 496/63/10 495/64/10
s 0
f 510/65/2 509/66/2 511/67/2 512/68/2
f 513/69/3 515/70/3 516/71/3 514/72/3
f 517/73/2 518/67/2 520/74/2 519/65/2
f 521/73/1 523/67/1 524/75/1 522/65/1
f 525/65/4 526/73/4 528/67/4 527/68/4
f 530/76/3 529/77/3 531/78/3 532/79/3
f 536/80/1 534/81/1 538/82/1 540/83/1
f 533/84/2 535/85/2 539/86/2 537/87/2
f 542/88/3 541/89/3 543/90/3 544/91/3
f 546/65/2 545/66/2 547/67/2 548/68/2
f 549/69/3 551/70/3 552/71/3 550/72/3
f 553/67/4 554/75/4 556/65/4 555/73/4
f 557/92/3 558/93/3 560/94/3 559/95/3
f 561/73/2 562/67/2 564/74/2 563/65/2
f 566/76/3 565/77/3 567/78/3 568/79/3
f 570/65/2 569/66/2 571/67/2 572/68/2
f 573/69/3 575/70/3 576/71/3 574/72/3
f 577/96/1 579/65/1 580/66/1 578/67/1
f 581/73/2 582/67/2 584/74/2 583/65/2
f 585/65/4 586/73/4 588/67/4 587/97/4
f 590/98/3 589/91/3 591/99/3 592/100/3
f 594/67/1 593/68/1 595/65/1 596/73/1
f 600/80/1 598/81/1 602/82/1 604/83/1
f 597/84/2 599/85/2 603/86/2 601/87/2
f 606/88/3 605/89/3 607/90/3 608/91/3
f 612/80/1 610/81/1 614/82/1 616/83/1
f 609/84/2 611/85/2 615/86/2 613/87/2
f 618/101/3 617/102/3 619/103/3 620/71/3
f 621/66/2 622/104/2 624/68/2 623/65/2
f 625/105/3 627/106/3 628/107/3 626/108/3
f 630/65/2 629/73/2 631/67/2 632/68/2
f 633/66/1 635/67/1 636/68/1 634/65/1
f 637/67/4 638/97/4 640/65/4 639/66/4
f 642/109/3 641/110/3 643/108/3 644/91/3
f 646/111/3 645/112/3 647/113/3 648/114/3
f 649/73/1 651/67/1 652/75/1 650/65/1
f 653/65/4 654/73/4 656/67/4 655/68/4
f 658/76/3 657/77/3 659/78/3 660/79/3
f 662/111/3 661/112/3 663/113/3 664/114/3
f 665/92/3 666/93/3 668/94/3 667/95/3
f 669/67/4 670/97/4 672/65/4 671/66/4
f 674/109/3 673/110/3 675/108/3 676/91/3
f 678/111/3 677/112/3 679/113/3 680/114/3
f 681/65/4 682/73/4 684/67/4 683/68/4
f 686/76/3 685/77/3 687/78/3 688/79/3
f 690/101/3 689/102/3 691/103/3 692/71/3
f 693/84/4 694/85/4 696/115/4 695/83/4
f 698/88/3 697/89/3 699/90/3 700/91/3
f 701/92/3 702/93/3 704/94/3 703/95/3
f 705/92/3 706/93/3 708/94/3 707/95/3
f 709/69/3 711/70/3 712/71/3 710/72/3
f 713/96/1 715/65/1 716/66/1 714/67/1
f 717/67/4 718/75/4 720/65/4 719/73/4
f 721/92/3 722/93/3 724/94/3 723/95/3
f 725/73/2 726/67/2 728/74/2 727/65/2
f 729/73/1 731/67/1 732/75/1 730/65/1
f 734/76/3 733/77/3 735/78/3 736/79/3
f 737/92/3 738/93/3 740/94/3 739/95/3
f 742/65/2 741/66/2 743/67/2 744/68/2
f 745/69/3 747/70/3 748/71/3 746/72/3
f 749/73/2 750/67/2 752/74/2 751/65/2
f 754/98/3 753/91/3 755/99/3 756/100/3
f 757/67/4 758/97/4 760/65/4 759/66/4
f 762/109/3 761/110/3 763/108/3 764/91/3
f 765/84/2 766/85/2 768/86/2 767/87/2
f 770/101/3 769/102/3 771/103/3 772/71/3
f 773/105/3 775/106/3 776/107/3 774/108/3
f 777/65/4 778/73/4 780/67/4 779/68/4
f 782/101/3 781/102/3 783/103/3 784/71/3
f 786/101/3 785/102/3 787/103/3 788/71/3
f 790/65/2 789/66/2 791/67/2 792/68/2
f 793/69/3 795/70/3 796/71/3 794/72/3
f 798/65/2 797/66/2 799/67/2 800/68/2
f 801/69/3 803/70/3 804/71/3 802/72/3
f 805/96/1 807/65/1 808/66/1 806/67/1
f 809/67/4 810/75/4 812/65/4 811/73/4
f 814/111/3 813/112/3 815/113/3 816/114/3
f 817/73/2 818/67/2 820/74/2 819/65/2
f 821/65/4 822/73/4 824/67/4 823/97/4
f 826/98/3 825/91/3 827/99/3 828/100/3
f 830/88/3 829/89/3 831/90/3 832/91/3
f 833/73/2 834/67/2 836/74/2 835/65/2
f 837/73/1 839/67/1 840/75/1 838/65/1
f 842/76/3 841/77/3 843/78/3 844/79/3
f 845/105/3 847/106/3 848/107/3 846/108/3
f 850/116/1 849/66/1 851/67/1 852/117/1
f 853/66/1 855/67/1 856/68/1 854/65/1
f 858/109/3 857/110/3 859/108/3 860/91/3
f 861/69/3 863/70/3 864/71/3 862/72/3
f 865/96/1 867/65/1 868/66/1 866/67/1
f 869/73/2 870/67/2 872/74/2 871/65/2
f 873/73/1 875/67/1 876/75/1 874/65/1
f 878/76/3 877/77/3 879/78/3 880/79/3
f 882/98/3 881/91/3 883/99/3 884/100/3
f 886/67/1 885/68/1 887/65/1 888/73/1
f 889/73/2 890/67/2 892/74/2 891/65/2
f 893/73/1 895/67/1 896/75/1 894/65/1
f 898/76/3 897/77/3 899/78/3 900/79/3
f 902/65/2 901/73/2 903/67/2 904/68/2
f 905/66/1 907/67/1 908/68/1 906/65/1
f 910/109/3 909/110/3 911/108/3 912/91/3
f 913/69/3 915/70/3 916/71/3 914/72/3
f 917/96/1 919/65/1 920/66/1 918/67/1
f 921/67/4 922/75/4 924/65/4 923/73/4
f 926/84/4 927/85/4 930/115/4 929/83/4
f 927/80/1 925/81/1 928/82/1 930/83/1
f 932/101/3 931/102/3 933/103/3 934/71/3
f 936/111/3 935/112/3 937/113/3 938/114/3
f 940/98/3 939/91/3 941/99/3 942/100/3
f 944/67/1 943/68/1 945/65/1 946/73/1
f 947/73/2 948/67/2 950/74/2 949/65/2
f 952/98/3 951/91/3 953/99/3 954/100/3
f 956/67/1 955/68/1 957/65/1 958/73/1
s 1
f 960/118/10 959/119/10 961/120/9 962/121/11
f 962/121/11 961/120/9 963/122/8 964/123/12
f 964/123/12 963/122/8 965/124/7 967/125/13
f 967/125/13 965/124/7 966/126/14 968/127/15
f 982/128/16 970/129/17 969/130/18 979/131/19
f 979/131/19 969/130/18 971/132/20 980/133/21
f 980/133/21 971/132/20 972/134/22 981/135/11
f 962/136/11 981/135/11 972/134/22 960/119/10
f 983/137/23 973/138/24 970/129/17 982/128/16
f 983/137/3 975/139/3 977/140/3 984/141/3
f 975/142/3 976/143/3 978/144/3 977/145/3
f 968/127/15 966/126/14 976/143/25 975/142/26
f 973/138/3 983/137/3 984/141/3 974/146/3
f 975/139/26 983/137/23 982/128/16 968/126/15
f 964/147/12 980/133/21 981/135/11 962/136/11
f 967/124/13 979/131/19 980/133/21 964/147/12
f 968/126/15 982/128/16 979/131/19 967/124/13
f 994/148/27 986/149/28 985/150/29 988/151/30
f 986/152/28 1008/153/31 987/154/32 985/155/29
f 990/156/33 993/157/34 992/158/35 989/159/36
f 1007/160/37 990/156/33 989/159/36 991/161/38
f 993/157/34 994/148/27 988/151/30 992/158/35
f 990/156/33 997/162/39 995/163/40 993/157/34
f 993/157/34 995/163/40 998/164/41 994/148/27
f 998/164/41 995/163/40 996/165/42 999/166/43
f 995/163/40 997/162/39 1004/167/44 996/165/42
f 1000/168/45 998/164/41 999/166/43 1002/169/46
f 994/148/27 998/164/41 1000/168/45 986/149/28
f 986/152/28 1000/170/45 1001/171/47 1008/153/31
f 1001/171/47 1000/170/45 1002/172/46 1003/173/48
f 1003/174/48 1002/175/46 1004/176/44 1005/177/49
f 1004/176/44 1002/175/46 999/169/43 996/178/42
f 997/162/39 1006/179/50 1005/180/49 1004/167/44
f 1006/179/50 1001/171/47 1003/173/48 1005/180/49
f 1008/153/31 1001/171/47 1006/179/50 1007/160/37
f 1007/160/37 1006/179/50 997/162/39 990/156/33
f 1008/153/31 1007/160/37 991/161/38 987/154/32
f 1012/143/3 1011/181/3 1013/145/3 1014/144/3
f 1011/181/51 1012/143/52 1018/126/53 1019/182/54
f 1019/182/54 1018/126/53 1017/183/7 1020/184/55
f 1020/184/55 1017/183/7 1016/147/8 1021/185/12
f 1021/185/12 1016/147/8 1015/136/9 1022/186/9
f 1022/186/9 1015/136/9 1010/187/10 1009/188/10
f 1029/137/3 1023/189/3 1024/190/3 1030/141/3
f 1029/137/56 1011/191/51 1019/126/54 1031/128/57
f 1031/128/57 1019/126/54 1020/124/55 1032/131/58
f 1032/131/58 1020/124/55 1021/147/12 1033/133/59
f 1033/133/59 1021/147/12 1022/136/9 1034/135/11
f 1028/134/22 1034/135/11 1022/136/9 1009/119/10
f 1027/132/60 1033/133/59 1034/135/11 1028/134/22
f 1026/130/61 1032/131/58 1033/133/59 1027/132/60
f 1025/129/62 1031/128/57 1032/131/58 1026/130/61
f 1023/189/63 1029/137/56 1031/128/57 1025/129/62
f 1011/191/3 1029/137/3 1030/141/3 1013/140/3
s 0
f 1037/1/2 1036/2/2 1039/3/2 1040/4/2
f 1038/4/1 1035/1/1 1041/5/1 1042/3/1
f 1045/6/2 1044/7/2 1048/8/2 1049/9/2
f 1043/10/1 1046/11/1 1050/12/1 1047/9/1
f 1044/13/64 1043/7/64 1047/14/64 1048/15/64
f 1046/6/3 1045/192/3 1049/193/3 1050/194/3
f 1036/2/64 1035/1/64 1038/4/64 1039/3/64
f 1040/4/3 1042/3/3 1041/5/3 1037/1/3
f 1053/26/3 1054/195/3 1058/196/3 1057/25/3
f 1054/16/1 1051/17/1 1055/18/1 1058/19/1
f 1057/20/4 1058/21/4 1055/22/4 1056/23/4
f 1057/24/2 1056/25/2 1052/26/2 1053/27/2
f 1051/28/64 1052/27/64 1056/29/64 1055/30/64
f 1061/31/2 1060/32/2 1063/33/2 1064/34/2
f 1062/35/1 1059/36/1 1065/37/1 1066/38/1
f 1060/32/64 1059/36/64 1062/35/64 1063/33/64
f 1064/34/3 1066/38/3 1065/37/3 1061/31/3
f 1061/39/4 1065/40/4 1059/41/4 1060/42/4
f 1069/1/2 1068/2/2 1071/3/2 1072/4/2
f 1070/4/1 1067/1/1 1073/5/1 1074/3/1
f 1077/6/2 1076/7/2 1080/8/2 1081/9/2
f 1075/10/1 1078/11/1 1082/12/1 1079/9/1
f 1076/13/64 1075/7/64 1079/14/64 1080/15/64
f 1078/6/3 1077/192/3 1081/193/3 1082/194/3
f 1068/2/64 1067/1/64 1070/4/64 1071/3/64
f 1072/4/3 1074/3/3 1073/5/3 1069/1/3
f 1085/26/3 1086/195/3 1090/196/3 1089/25/3
f 1086/16/1 1083/17/1 1087/18/1 1090/19/1
f 1089/20/4 1090/21/4 1087/22/4 1088/23/4
f 1089/24/2 1088/25/2 1084/26/2 1085/27/2
f 1083/28/64 1084/27/64 1088/29/64 1087/30/64
f 1093/31/2 1092/32/2 1095/33/2 1096/34/2
f 1094/35/1 1091/36/1 1097/37/1 1098/38/1
f 1092/32/64 1091/36/64 1094/35/64 1095/33/64
f 1096/34/3 1098/38/3 1097/37/3 1093/31/3
f 1093/39/4 1097/40/4 1091/41/4 1092/42/4
f 1101/1/2 1100/2/2 1103/3/2 1104/4/2
f 1102/4/1 1099/1/1 1105/5/1 1106/3/1
f 1109/6/2 1108/7/2 1112/8/2 1113/9/2
f 1107/10/1 1110/11/1 1114/12/1 1111/9/1
f 1108/13/64 1107/7/64 1111/14/64 1112/15/64
f 1110/6/3 1109/192/3 1113/193/3 1114/194/3
f 1100/2/64 1099/1/64 1102/4/64 1103/3/64
f 1104/4/3 1106/3/3 1105/5/3 1101/1/3
f 1117/26/3 1118/195/3 1122/196/3 1121/25/3
f 1118/16/1 1115/17/1 1119/18/1 1122/19/1
f 1121/20/4 1122/21/4 1119/22/4 1120/23/4
f 1121/24/2 1120/25/2 1116/26/2 1117/27/2
f 1115/28/64 1116/27/64 1120/29/64 1119/30/64
f 1125/31/2 1124/32/2 1127/33/2 1128/34/2
f 1126/35/1 1123/36/1 1129/37/1 1130/38/1
f 1124/32/64 1123/36/64 1126/35/64 1127/33/64
f 1128/34/3 1130/38/3 1129/37/3 1125/31/3
f 1125/39/4 1129/40/4 1123/41/4 1124/42/4
f 1133/1/2 1132/2/2 1135/3/2 1136/4/2
f 1134/4/1 1131/1/1 1137/5/1 1138/3/1
f 1141/6/2 1140/7/2 1144/8/2 1145/9/2
f 1139/10/1 1142/11/1 1146/12/1 1143/9/1
f 1140/13/64 1139/7/64 1143/14/64 1144/15/64
f 1142/6/3 1141/192/3 1145/193/3 1146/194/3
f 1132/2/64 1131/1/64 1134/4/64 1135/3/64
f 1136/4/3 1138/3/3 1137/5/3 1133/1/3
f 1149/26/3 1150/195/3 1154/196/3 1153/25/3
f 1150/16/1 1147/17/1 1151/18/1 1154/19/1
f 1153/20/4 1154/21/4 1151/22/4 1152/23/4
f 1153/24/2 1152/25/2 1148/26/2 1149/27/2
f 1147/28/64 1148/27/64 1152/29/64 1151/30/64
f 1157/31/2 1156/32/2 1159/33/2 1160/34/2
f 1158/35/1 1155/36/1 1161/37/1 1162/38/1
f 1156/32/64 1155/36/64 1158/35/64 1159/33/64
f 1160/34/3 1162/38/3 1161/37/3 1157/31/3
f 1157/39/4 1161/40/4 1155/41/4 1156/42/4
f 1165/1/2 1164/2/2 1167/3/2 1168/4/2
f 1166/4/1 1163/1/1 1169/5/1 1170/3/1
f 1173/6/2 1172/7/2 1176/8/2 1177/9/2
f 1171/10/1 1174/11/1 1178/12/1 1175/9/1
f 1172/13/64 1171/7/64 1175/14/64 1176/15/64
f 1174/6/3 1173/192/3 1177/193/3 1178/194/3
f 1164/2/64 1163/1/64 1166/4/64 1167/3/64
f 1168/4/3 1170/3/3 1169/5/3 1165/1/3
f 1181/26/3 1182/195/3 1186/196/3 1185/25/3
f 1182/16/1 1179/17/1 1183/18/1 1186/19/1
f 1185/20/4 1186/21/4 1183/22/4 1184/23/4
f 1185/24/2 1184/25/2 1180/26/2 1181/27/2
f 1179/28/64 1180/27/64 1184/29/64 1183/30/64
f 1189/31/2 1188/32/2 1191/33/2 1192/34/2
f 1190/35/1 1187/36/1 1193/37/1 1194/38/1
f 1188/32/64 1187/36/64 1190/35/64 1191/33/64
f 1192/34/3 1194/38/3 1193/37/3 1189/31/3
f 1189/39/4 1193/40/4 1187/41/4 1188/42/4
f 1197/1/2 1196/2/2 1199/3/2 1200/4/2
f 1198/4/1 1195/1/1 1201/5/1 1202/3/1
f 1205/6/2 1204/7/2 1208/8/2 1209/9/2
f 1203/10/1 1206/11/1 1210/12/1 1207/9/1
f 1204/13/64 1203/7/64 1207/14/64 1208/15/64
f 1206/6/3 1205/192/3 1209/193/3 1210/194/3
f 1196/2/64 1195/1/64 1198/4/64 1199/3/64
f 1200/4/3 1202/3/3 1201/5/3 1197/1/3
f 1213/26/3 1214/195/3 1218/196/3 1217/25/3
f 1214/16/1 1211/17/1 1215/18/1 1218/19/1
f 1217/20/4 1218/21/4 1215/22/4 1216/23/4
f 1217/24/2 1216/25/2 1212/26/2 1213/27/2
f 1211/28/64 1212/27/64 1216/29/64 1215/30/64
f 1221/31/2 1220/32/2 1223/33/2 1224/34/2
f 1222/35/1 1219/36/1 1225/37/1 1226/38/1
f 1220/32/64 1219/36/64 1222/35/64 1223/33/64
f 1224/34/3 1226/38/3 1225/37/3 1221/31/3
f 1221/39/4 1225/40/4 1219/41/4 1220/42/4
f 1229/1/2 1228/2/2 1231/3/2 1232/4/2
f 1230/4/1 1227/1/1 1233/5/1 1234/3/1
f 1237/6/2 1236/7/2 1240/8/2 1241/9/2
f 1235/10/1 1238/11/1 1242/12/1 1239/9/1
f 1236/13/64 1235/7/64 1239/14/64 1240/15/64
f 1238/6/3 1237/192/3 1241/193/3 1242/194/3
f 1228/2/64 1227/1/64 1230/4/64 1231/3/64
f 1232/4/3 1234/3/3 1233/5/3 1229/1/3
f 1245/26/3 1246/195/3 1250/196/3 1249/25/3
f 1246/16/1 1243/17/1 1247/18/1 1250/19/1
f 1249/20/4 1250/21/4 1247/22/4 1248/23/4
f 1249/24/2 1248/25/2 1244/26/2 1245/27/2
f 1243/28/64 1244/27/64 1248/29/64 1247/30/64
f 1253/31/2 1252/32/2 1255/33/2 1256/34/2
f 1254/35/1 1251/36/1 1257/37/1 1258/38/1
f 1252/32/64 1251/36/64 1254/35/64 1255/33/64
f 1256/34/3 1258/38/3 1257/37/3 1253/31/3
f 1253/39/4 1257/40/4 1251/41/4 1252/42/4
f 1261/1/2 1260/2/2 1263/3/2 1264/4/2
f 1262/4/1 1259/1/1 1265/5/1 1266/3/1
f 1269/6/2 1268/7/2 1272/8/2 1273/9/2
f 1267/10/1 1270/11/1 1274/12/1 1271/9/1
f 1268/13/64 1267/7/64 1271/14/64 1272/15/64
f 1270/6/3 1269/192/3 1273/193/3 1274/194/3
f 1260/2/64 1259/1/64 1262/4/64 1263/3/64
f 1264/4/3 1266/3/3 1265/5/3 1261/1/3
f 1277/26/3 1278/195/3 1282/196/3 1281/25/3
f 1278/16/1 1275/17/1 1279/18/1 1282/19/1
f 1281/20/4 1282/21/4 1279/22/4 1280/23/4
f 1281/24/2 1280/25/2 1276/26/2 1277/27/2
f 1275/28/64 1276/27/64 1280/29/64 1279/30/64
f 1285/31/2 1284/32/2 1287/33/2 1288/34/2
f 1286/35/1 1283/36/1 1289/37/1 1290/38/1
f 1284/32/64 1283/36/64 1286/35/64 1287/33/64
f 1288/34/3 1290/38/3 1289/37/3 1285/31/3
f 1285/39/4 1289/40/4 1283/41/4 1284/42/4
f 1293/1/2 1292/2/2 1295/3/2 1296/4/2
f 1294/4/1 1291/1/1 1297/5/1 1298/3/1
f 1301/6/2 1300/7/2 1304/8/2 1305/9/2
f 1299/10/1 1302/11/1 1306/12/1 1303/9/1
f 1300/13/64 1299/7/64 1303/14/64 1304/15/64
f 1302/6/3 1301/192/3 1305/193/3 1306/194/3
f 1292/2/64 1291/1/64 1294/4/64 1295/3/64
f 1296/4/3 1298/3/3 1297/5/3 1293/1/3
f 1309/26/3 1310/195/3 1314/196/3 1313/25/3
f 1310/16/1 1307/17/1 1311/18/1 1314/19/1
f 1313/20/4 1314/21/4 1311/22/4 1312/23/4
f 1313/24/2 1312/25/2 1308/26/2 1309/27/2
f 1307/28/64 1308/27/64 1312/29/64 1311/30/64
f 1317/31/2 1316/32/2 1319/33/2 1320/34/2
f 1318/35/1 1315/36/1 1321/37/1 1322/38/1
f 1316/32/64 1315/36/64 1318/35/64 1319/33/64
f 1320/34/3 1322/38/3 1321/37/3 1317/31/3
f 1317/39/4 1321/40/4 1315/41/4 1316/42/4
f 1325/1/2 1324/2/2 1327/3/2 1328/4/2
f 1326/4/1 1323/1/1 1329/5/1 1330/3/1
f 1333/6/2 1332/7/2 1336/8/2 1337/9/2
f 1331/10/1 1334/11/1 1338/12/1 1335/9/1
f 1332/13/64 1331/7/64 1335/14/64 1336/15/64
f 1334/6/3 1333/192/3 1337/193/3 1338/194/3
f 1324/2/64 1323/1/64 1326/4/64 1327/3/64
f 1328/4/3 1330/3/3 1329/5/3 1325/1/3
f 1341/26/3 1342/195/3 1346/196/3 1345/25/3
f 1342/16/1 1339/17/1 1343/18/1 1346/19/1
f 1345/20/4 1346/21/4 1343/22/4 1344/23/4
f 1345/24/2 1344/25/2 1340/26/2 1341/27/2
f 1339/28/64 1340/27/64 1344/29/64 1343/30/64
f 1349/31/2 1348/32/2 1351/33/2 1352/34/2
f 1350/35/1 1347/36/1 1353/37/1 1354/38/1
f 1348/32/64 1347/36/64 1350/35/64 1351/33/64
f 1352/34/3 1354/38/3 1353/37/3 1349/31/3
f 1349/39/4 1353/40/4 1347/41/4 1348/42/4
f 1357/1/2 1356/2/2 1359/3/2 1360/4/2
f 1358/4/1 1355/1/1 1361/5/1 1362/3/1
f 1365/6/2 1364/7/2 1368/8/2 1369/9/2
f 1363/10/1 1366/11/1 1370/12/1 1367/9/1
f 1364/13/64 1363/7/64 1367/14/64 1368/15/64
f 1366/6/3 1365/192/3 1369/193/3 1370/194/3
f 1356/2/64 1355/1/64 1358/4/64 1359/3/64
f 1360/4/3 1362/3/3 1361/5/3 1357/1/3
f 1373/26/3 1374/195/3 1378/196/3 1377/25/3
f 1374/16/1 1371/17/1 1375/18/1 1378/19/1
f 1377/20/4 1378/21/4 1375/22/4 1376/23/4
f 1377/24/2 1376/25/2 1372/26/2 1373/27/2
f 1371/28/64 1372/27/64 1376/29/64 1375/30/64
f 1381/31/2 1380/32/2 1383/33/2 1384/34/2
f 1382/35/1 1379/36/1 1385/37/1 1386/38/1
f 1380/32/64 1379/36/64 1382/35/64 1383/33/64
f 1384/34/3 1386/38/3 1385/37/3 1381/31/3
f 1381/39/4 1385/40/4 1379/41/4 1380/42/4
f 1389/1/2 1388/2/2 1391/3/2 1392/4/2
f 1390/4/1 1387/1/1 1393/5/1 1394/3/1
f 1397/6/2 1396/7/2 1400/8/2 1401/9/2
f 1395/10/1 1398/11/1 1402/12/1 1399/9/1
f 1396/13/64 1395/7/64 1399/14/64 1400/15/64
f 1398/6/3 1397/192/3 1401/193/3 1402/194/3
f 1388/2/64 1387/1/64 1390/4/64 1391/3/64
f 1392/4/3 1394/3/3 1393/5/3 1389/1/3
f 1405/26/3 1406/195/3 1410/196/3 1409/25/3
f 1406/16/1 1403/17/1 1407/18/1 1410/19/1
f 1409/20/4 1410/21/4 1407/22/4 1408/23/4
f 1409/24/2 1408/25/2 1404/26/2 1405/27/2
f 1403/28/64 1404/27/64 1408/29/64 1407/30/64
f 1413/31/2 1412/32/2 1415/33/2 1416/34/2
f 1414/35/1 1411/36/1 1417/37/1 1418/38/1
f 1412/32/64 1411/36/64 1414/35/64 1415/33/64
f 1416/34/3 1418/38/3 1417/37/3 1413/31/3
f 1413/39/4 1417/40/4 1411/41/4 1412/42/4
f 1421/1/2 1420/2/2 1423/3/2 1424/4/2
f 1422/4/1 1419/1/1 1425/5/1 1426/3/1
f 1429/6/2 1428/7/2 1432/8/2 1433/9/2
f 1427/10/1 1430/11/1 1434/12/1 1431/9/1
f 1428/13/64 1427/7/64 1431/14/64 1432/15/64
f 1430/6/3 1429/192/3 1433/193/3 1434/194/3
f 1420/2/64 1419/1/64 1422/4/64 1423/3/64
f 1424/4/3 1426/3/3 1425/5/3 1421/1/3
f 1437/26/3 1438/195/3 1442/196/3 1441/25/3
f 1438/16/1 1435/17/1 1439/18/1 1442/19/1
f 1441/20/4 1442/21/4 1439/22/4 1440/23/4
f 1441/24/2 1440/25/2 1436/26/2 1437/27/2
f 1435/28/64 1436/27/64 1440/29/64 1439/30/64
f 1445/31/2 1444/32/2 1447/33/2 1448/34/2
f 1446/35/1 1443/36/1 1449/37/1 1450/38/1
f 1444/32/64 1443/36/64 1446/35/64 1447/33/64
f 1448/34/3 1450/38/3 1449/37/3 1445/31/3
f 1445/39/4 1449/40/4 1443/41/4 1444/42/4
f 1453/1/2 1452/2/2 1455/3/2 1456/4/2
f 1454/4/1 1451/1/1 1457/5/1 1458/3/1
f 1461/6/2 1460/7/2 1464/8/2 1465/9/2
f 1459/10/1 1462/11/1 1466/12/1 1463/9/1
f 1460/13/64 1459/7/64 1463/14/64 1464/15/64
f 1462/6/3 1461/192/3 1465/193/3 1466/194/3
f 1452/2/64 1451/1/64 1454/4/64 1455/3/64
f 1456/4/3 1458/3/3 1457/5/3 1453/1/3
f 1469/26/3 1470/195/3 1474/196/3 1473/25/3
f 1470/16/1 1467/17/1 1471/18/1 1474/19/1
f 1473/20/4 1474/21/4 1471/22/4 1472/23/4
f 1473/24/2 1472/25/2 1468/26/2 1469/27/2
f 1467/28/64 1468/27/64 1472/29/64 1471/30/64
f 1477/31/2 1476/32/2 1479/33/2 1480/34/2
f 1478/35/1 1475/36/1 1481/37/1 1482/38/1
f 1476/32/64 1475/36/64 1478/35/64 1479/33/64
f 1480/34/3 1482/38/3 1481/37/3 1477/31/3
f 1477/39/4 1481/40/4 1475/41/4 1476/42/4
s 1
f 1492/148/37 1484/149/33 1483/150/65 1486/151/38
f 1484/152/33 1506/153/34 1485/154/66 1483/155/65
f 1488/156/28 1491/157/31 1490/158/67 1487/159/29
f 1505/160/27 1488/156/28 1487/159/29 1489/161/30
f 1491/157/31 1492/148/37 1486/151/38 1490/158/67
f 1488/156/28 1495/162/45 1493/163/47 1491/157/31
f 1491/157/31 1493/163/47 1496/164/50 1492/148/37
f 1496/164/50 1493/163/47 1494/165/48 1497/166/49
f 1493/163/47 1495/162/45 1502/167/46 1494/165/48
f 1498/168/39 1496/164/50 1497/166/49 1500/169/44
f 1492/148/37 1496/164/50 1498/168/39 1484/149/33
f 1484/152/33 1498/170/39 1499/171/40 1506/153/34
f 1499/171/40 1498/170/39 1500/172/44 1501/173/42
f 1501/174/42 1500/175/44 1502/176/46 1503/177/43
f 1502/176/46 1500/175/44 1497/169/49 1494/178/48
f 1495/162/45 1504/179/41 1503/180/43 1502/167/46
f 1504/179/41 1499/171/40 1501/173/42 1503/180/43
f 1506/153/34 1499/171/40 1504/179/41 1505/160/27
f 1505/160/27 1504/179/41 1495/162/45 1488/156/28
f 1506/153/34 1505/160/27 1489/161/30 1485/154/66
s 0
f 1509/43/2 1510/44/2 1508/45/2 1507/46/2
f 1512/47/2 1513/48/2 1514/49/2 1511/50/2
f 1510/49/4 1509/50/4 1511/47/4 1514/48/4
f 1517/43/2 1518/44/2 1516/45/2 1515/46/2
f 1520/47/2 1521/48/2 1522/49/2 1519/50/2
f 1518/49/4 1517/50/4 1519/47/4 1522/48/4
f 1525/43/2 1526/44/2 1524/45/2 1523/46/2
f 1528/47/2 1529/48/2 1530/49/2 1527/50/2
f 1526/49/4 1525/50/4 1527/47/4 1530/48/4
f 1533/43/2 1534/44/2 1532/45/2 1531/46/2
f 1536/47/2 1537/48/2 1538/49/2 1535/50/2
f 1534/49/4 1533/50/4 1535/47/4 1538/48/4
f 1539/92/2 1540/93/2 1542/94/2 1541/95/2
f 1544/111/2 1543/112/2 1545/113/2 1546/114/2
f 1547/92/2 1548/93/2 1550/94/2 1549/95/2
f 1551/66/64 1552/104/64 1554/68/64 1553/65/64
f 1555/105/2 1557/106/2 1558/107/2 1556/108/2
f 1560/116/3 1559/66/3 1561/67/3 1562/117/3
f 1564/65/64 1563/73/64 1565/67/64 1566/68/64
f 1567/66/3 1569/67/3 1570/68/3 1568/65/3
f 1571/67/4 1572/97/4 1574/65/4 1573/66/4
f 1576/109/2 1575/110/2 1577/108/2 1578/91/2
f 1579/92/2 1580/93/2 1582/94/2 1581/95/2
f 1583/66/64 1584/104/64 1586/68/64 1585/65/64
f 1587/105/2 1589/106/2 1590/107/2 1588/108/2
f 1591/65/4 1592/73/4 1594/67/4 1593/68/4
f 1595/84/64 1596/85/64 1598/86/64 1597/87/64
f 1600/101/2 1599/102/2 1601/103/2 1602/71/2
f 1604/65/64 1603/73/64 1605/67/64 1606/68/64
f 1607/66/3 1609/67/3 1610/68/3 1608/65/3
f 1611/67/4 1612/97/4 1614/65/4 1613/66/4
f 1616/109/2 1615/110/2 1617/108/2 1618/91/2
f 1620/84/4 1621/85/4 1624/115/4 1623/83/4
f 1619/84/64 1620/85/64 1623/86/64 1622/87/64
f 1626/88/2 1625/89/2 1627/90/2 1628/91/2
f 1629/92/2 1630/93/2 1632/94/2 1631/95/2
f 1633/92/2 1634/93/2 1636/94/2 1635/95/2
f 1637/92/2 1638/93/2 1640/94/2 1639/95/2
f 1641/73/64 1642/67/64 1644/74/64 1643/65/64
f 1646/98/2 1645/91/2 1647/99/2 1648/100/2
f 1650/67/3 1649/68/3 1651/65/3 1652/73/3
f 1653/73/64 1654/67/64 1656/74/64 1655/65/64
f 1658/76/2 1657/77/2 1659/78/2 1660/79/2
f 1661/73/64 1662/67/64 1664/74/64 1663/65/64
f 1665/65/4 1666/73/4 1668/67/4 1667/97/4
f 1670/98/2 1669/91/2 1671/99/2 1672/100/2
f 1674/67/3 1673/68/3 1675/65/3 1676/73/3
f 1677/92/2 1678/93/2 1680/94/2 1679/95/2
f 1682/88/2 1681/89/2 1683/90/2 1684/91/2
f 1685/84/64 1686/85/64 1688/86/64 1687/87/64
f 1690/101/2 1689/102/2 1691/103/2 1692/71/2
f 1694/98/2 1693/91/2 1695/99/2 1696/100/2
f 1697/66/64 1698/104/64 1700/68/64 1699/65/64
f 1701/105/2 1703/106/2 1704/107/2 1702/108/2
f 1705/65/4 1706/73/4 1708/67/4 1707/68/4
f 1709/92/2 1710/93/2 1712/94/2 1711/95/2
f 1713/66/64 1714/104/64 1716/68/64 1715/65/64
f 1717/105/2 1719/106/2 1720/107/2 1718/108/2
f 1722/116/3 1721/66/3 1723/67/3 1724/117/3
f 1725/73/64 1726/67/64 1728/74/64 1727/65/64
f 1729/65/4 1730/73/4 1732/67/4 1731/97/4
f 1734/98/2 1733/91/2 1735/99/2 1736/100/2
f 1737/84/64 1738/85/64 1740/86/64 1739/87/64
f 1742/88/2 1741/89/2 1743/90/2 1744/91/2
f 1745/73/64 1746/67/64 1748/74/64 1747/65/64
f 1750/76/2 1749/77/2 1751/78/2 1752/79/2
f 1754/111/2 1753/112/2 1755/113/2 1756/114/2
f 1757/65/4 1758/73/4 1760/67/4 1759/68/4
f 1762/76/2 1761/77/2 1763/78/2 1764/79/2
f 1766/111/2 1765/112/2 1767/113/2 1768/114/2
f 1770/65/64 1769/66/64 1771/67/64 1772/68/64
f 1773/69/2 1775/70/2 1776/71/2 1774/72/2
f 1777/96/3 1779/65/3 1780/66/3 1778/67/3
f 1781/73/64 1782/67/64 1784/74/64 1783/65/64
f 1786/98/2 1785/91/2 1787/99/2 1788/100/2
f 1789/73/64 1790/67/64 1792/74/64 1791/65/64
f 1794/98/2 1793/91/2 1795/99/2 1796/100/2
f 1797/69/2 1799/70/2 1800/71/2 1798/72/2
f 1801/65/4 1802/73/4 1804/67/4 1803/97/4
f 1806/98/2 1805/91/2 1807/99/2 1808/100/2
f 1809/92/2 1810/93/2 1812/94/2 1811/95/2
f 1814/101/2 1813/102/2 1815/103/2 1816/71/2
f 1818/98/2 1817/91/2 1819/99/2 1820/100/2
f 1821/66/64 1822/104/64 1824/68/64 1823/65/64
f 1825/105/2 1827/106/2 1828/107/2 1826/108/2
f 1829/69/2 1831/70/2 1832/71/2 1830/72/2
f 1833/92/2 1834/93/2 1836/94/2 1835/95/2
f 1837/69/2 1839/70/2 1840/71/2 1838/72/2
f 1841/96/3 1843/65/3 1844/66/3 1842/67/3
f 1845/67/4 1846/75/4 1848/65/4 1847/73/4
f 1851/84/4 1852/85/4 1856/115/4 1855/83/4
f 1852/80/3 1850/81/3 1854/82/3 1856/83/3
f 1849/84/64 1851/85/64 1855/86/64 1853/87/64
f 1858/101/2 1857/102/2 1859/103/2 1860/71/2
f 1862/111/2 1861/112/2 1863/113/2 1864/114/2
f 1865/69/2 1867/70/2 1868/71/2 1866/72/2
f 1869/96/3 1871/65/3 1872/66/3 1870/67/3
f 1873/69/2 1875/70/2 1876/71/2 1874/72/2
f 1877/96/3 1879/65/3 1880/66/3 1878/67/3
f 1881/69/2 1883/70/2 1884/71/2 1882/72/2
f 1885/96/3 1887/65/3 1888/66/3 1886/67/3
f 1889/73/3 1891/67/3 1892/75/3 1890/65/3
f 1893/65/4 1894/73/4 1896/67/4 1895/68/4
f 1898/76/2 1897/77/2 1899/78/2 1900/79/2
f 1904/80/3 1902/81/3 1906/82/3 1908/83/3
f 1901/84/64 1903/85/64 1907/86/64 1905/87/64
f 1910/88/2 1909/89/2 1911/90/2 1912/91/2
f 1914/65/64 1913/66/64 1915/67/64 1916/68/64
f 1917/69/2 1919/70/2 1920/71/2 1918/72/2
f 1921/96/3 1923/65/3 1924/66/3 1922/67/3
f 1925/66/3 1927/67/3 1928/68/3 1926/65/3
f 1930/109/2 1929/110/2 1931/108/2 1932/91/2
f 1933/73/3 1935/67/3 1936/75/3 1934/65/3
f 1938/76/2 1937/77/2 1939/78/2 1940/79/2
f 1942/98/2 1941/91/2 1943/99/2 1944/100/2
f 1946/67/3 1945/68/3 1947/65/3 1948/73/3
s 1
f 1950/118/68 1949/119/68 1951/120/69 1952/121/69
f 1952/121/69 1951/120/69 1953/122/70 1954/123/71
f 1954/123/71 1953/122/70 1955/124/72 1957/125/73
f 1957/125/73 1955/124/72 1956/126/74 1958/127/75
f 1972/128/76 1960/129/77 1959/130/78 1969/131/79
f 1969/131/79 1959/130/78 1961/132/80 1970/133/81
f 1970/133/81 1961/132/80 1962/134/82 1971/135/69
f 1952/136/69 1971/135/69 1962/134/82 1950/119/68
f 1973/137/83 1963/138/84 1960/129/77 1972/128/76
f 1973/137/2 1965/139/2 1967/140/2 1974/141/2
f 1965/142/2 1966/143/2 1968/144/2 1967/145/2
f 1958/127/75 1956/126/74 1966/143/85 1965/142/86
f 1963/138/2 1973/137/2 1974/141/2 1964/146/2
f 1965/139/86 1973/137/83 1972/128/76 1958/126/75
f 1954/147/71 1970/133/81 1971/135/69 1952/136/69
f 1957/124/73 1969/131/79 1970/133/81 1954/147/71
f 1958/126/75 1972/128/76 1969/131/79 1957/124/73
f 1984/148/87 1976/149/88 1975/150/89 1978/151/90
f 1976/152/88 1998/153/91 1977/154/92 1975/155/89
f 1980/156/93 1983/157/94 1982/158/95 1979/159/96
f 1997/160/97 1980/156/93 1979/159/96 1981/161/98
f 1983/157/94 1984/148/87 1978/151/90 1982/158/95
f 1980/156/93 1987/162/99 1985/163/100 1983/157/94
f 1983/157/94 1985/163/100 1988/164/101 1984/148/87
f 1988/164/101 1985/163/100 1986/165/102 1989/166/103
f 1985/163/100 1987/162/99 1994/167/104 1986/165/102
f 1990/168/105 1988/164/101 1989/166/103 1992/169/106
f 1984/148/87 1988/164/101 1990/168/105 1976/149/88
f 1976/152/88 1990/170/105 1991/171/107 1998/153/91
f 1991/171/107 1990/170/105 1992/172/106 1993/173/108
f 1993/174/108 1992/175/106 1994/176/104 1995/177/109
f 1994/176/104 1992/175/106 1989/169/103 1986/178/102
f 1987/162/99 1996/179/110 1995/180/109 1994/167/104
f 1996/179/110 1991/171/107 1993/173/108 1995/180/109
f 1998/153/91 1991/171/107 1996/179/110 1997/160/97
f 1997/160/97 1996/179/110 1987/162/99 1980/156/93
f 1998/153/91 1997/160/97 1981/161/98 1977/154/92
s 0
f 2001/1/3 2000/2/3 2003/3/3 2004/4/3
f 2002/4/64 1999/1/64 2005/5/64 2006/3/64
f 2009/6/3 2008/7/3 2012/8/3 2013/9/3
f 2007/10/64 2010/11/64 2014/12/64 2011/9/64
f 2008/13/2 2007/7/2 2011/14/2 2012/15/2
f 2010/6/1 2009/192/1 2013/193/1 2014/194/1
f 2000/2/2 1999/1/2 2002/4/2 2003/3/2
f 2004/4/1 2006/3/1 2005/5/1 2001/1/1
f 2017/26/1 2018/195/1 2022/196/1 2021/25/1
f 2018/16/64 2015/17/64 2019/18/64 2022/19/64
f 2021/20/4 2022/21/4 2019/22/4 2020/23/4
f 2021/24/3 2020/25/3 2016/26/3 2017/27/3
f 2015/28/2 2016/27/2 2020/29/2 2019/30/2
f 2025/31/3 2024/32/3 2027/33/3 2028/34/3
f 2026/35/64 2023/36/64 2029/37/64 2030/38/64
f 2024/32/2 2023/36/2 2026/35/2 2027/33/2
f 2028/34/1 2030/38/1 2029/37/1 2025/31/1
f 2025/39/4 2029/40/4 2023/41/4 2024/42/4
f 2033/1/3 2032/2/3 2035/3/3 2036/4/3
f 2034/4/64 2031/1/64 2037/5/64 2038/3/64
f 2041/6/3 2040/7/3 2044/8/3 2045/9/3
f 2039/10/64 2042/11/64 2046/12/64 2043/9/64
f 2040/13/2 2039/7/2 2043/14/2 2044/15/2
f 2042/6/1 2041/192/1 2045/193/1 2046/194/1
f 2032/2/2 2031/1/2 2034/4/2 2035/3/2
f 2036/4/1 2038/3/1 2037/5/1 2033/1/1
f 2049/26/1 2050/195/1 2054/196/1 2053/25/1
f 2050/16/64 2047/17/64 2051/18/64 2054/19/64
f 2053/20/4 2054/21/4 2051/22/4 2052/23/4
f 2053/24/3 2052/25/3 2048/26/3 2049/27/3
f 2047/28/2 2048/27/2 2052/29/2 2051/30/2
f 2057/31/3 2056/32/3 2059/33/3 2060/34/3
f 2058/35/64 2055/36/64 2061/37/64 2062/38/64
f 2056/32/2 2055/36/2 2058/35/2 2059/33/2
f 2060/34/1 2062/38/1 2061/37/1 2057/31/1
f 2057/39/4 2061/40/4 2055/41/4 2056/42/4
f 2065/1/3 2064/2/3 2067/3/3 2068/4/3
f 2066/4/64 2063/1/64 2069/5/64 2070/3/64
f 2073/6/3 2072/7/3 2076/8/3 2077/9/3
f 2071/10/64 2074/11/64 2078/12/64 2075/9/64
f 2072/13/2 2071/7/2 2075/14/2 2076/15/2
f 2074/6/1 2073/192/1 2077/193/1 2078/194/1
f 2064/2/2 2063/1/2 2066/4/2 2067/3/2
f 2068/4/1 2070/3/1 2069/5/1 2065/1/1
f 2081/26/1 2082/195/1 2086/196/1 2085/25/1
f 2082/16/64 2079/17/64 2083/18/64 2086/19/64
f 2085/20/4 2086/21/4 2083/22/4 2084/23/4
f 2085/24/3 2084/25/3 2080/26/3 2081/27/3
f 2079/28/2 2080/27/2 2084/29/2 2083/30/2
f 2089/31/3 2088/32/3 2091/33/3 2092/34/3
f 2090/35/64 2087/36/64 2093/37/64 2094/38/64
f 2088/32/2 2087/36/2 2090/35/2 2091/33/2
f 2092/34/1 2094/38/1 2093/37/1 2089/31/1
f 2089/39/4 2093/40/4 2087/41/4 2088/42/4
f 2097/1/3 2096/2/3 2099/3/3 2100/4/3
f 2098/4/64 2095/1/64 2101/5/64 2102/3/64
f 2105/6/3 2104/7/3 2108/8/3 2109/9/3
f 2103/10/64 2106/11/64 2110/12/64 2107/9/64
f 2104/13/2 2103/7/2 2107/14/2 2108/15/2
f 2106/6/1 2105/192/1 2109/193/1 2110/194/1
f 2096/2/2 2095/1/2 2098/4/2 2099/3/2
f 2100/4/1 2102/3/1 2101/5/1 2097/1/1
f 2113/26/1 2114/195/1 2118/196/1 2117/25/1
f 2114/16/64 2111/17/64 2115/18/64 2118/19/64
f 2117/20/4 2118/21/4 2115/22/4 2116/23/4
f 2117/24/3 2116/25/3 2112/26/3 2113/27/3
f 2111/28/2 2112/27/2 2116/29/2 2115/30/2
f 2121/31/3 2120/32/3 2123/33/3 2124/34/3
f 2122/35/64 2119/36/64 2125/37/64 2126/38/64
f 2120/32/2 2119/36/2 2122/35/2 2123/33/2
f 2124/34/1 2126/38/1 2125/37/1 2121/31/1
f 2121/39/4 2125/40/4 2119/41/4 2120/42/4
f 2129/1/3 2128/2/3 2131/3/3 2132/4/3
f 2130/4/64 2127/1/64 2133/5/64 2134/3/64
f 2137/6/3 2136/7/3 2140/8/3 2141/9/3
f 2135/10/64 2138/11/64 2142/12/64 2139/9/64
f 2136/13/2 2135/7/2 2139/14/2 2140/15/2
f 2138/6/1 2137/192/1 2141/193/1 2142/194/1
f 2128/2/2 2127/1/2 2130/4/2 2131/3/2
f 2132/4/1 2134/3/1 2133/5/1 2129/1/1
f 2145/26/1 2146/195/1 2150/196/1 2149/25/1
f 2146/16/64 2143/17/64 2147/18/64 2150/19/64
f 2149/20/4 2150/21/4 2147/22/4 2148/23/4
f 2149/24/3 2148/25/3 2144/26/3 2145/27/3
f 2143/28/2 2144/27/2 2148/29/2 2147/30/2
f 2153/31/3 2152/32/3 2155/33/3 2156/34/3
f 2154/35/64 2151/36/64 2157/37/64 2158/38/64
f 2152/32/2 2151/36/2 2154/35/2 2155/33/2
f 2156/34/1 2158/38/1 2157/37/1 2153/31/1
f 2153/39/4 2157/40/4 2151/41/4 2152/42/4
f 2161/1/3 2160/2/3 2163/3/3 2164/4/3
f 2162/4/64 2159/1/64 2165/5/64 2166/3/64
f 2169/6/3 2168/7/3 2172/8/3 2173/9/3
f 2167/10/64 2170/11/64 2174/12/64 2171/9/64
f 2168/13/2 2167/7/2 2171/14/2 2172/15/2
f 2170/6/1 2169/192/1 2173/193/1 2174/194/1
f 2160/2/2 2159/1/2 2162/4/2 2163/3/2
f 2164/4/1 2166/3/1 2165/5/1 2161/1/1
f 2177/26/1 2178/195/1 2182/196/1 2181/25/1
f 2178/16/64 2175/17/64 2179/18/64 2182/19/64
f 2181/20/4 2182/21/4 2179/22/4 2180/23/4
f 2181/24/3 2180/25/3 2176/26/3 2177/27/3
f 2175/28/2 2176/27/2 2180/29/2 2179/30/2
f 2185/31/3 2184/32/3 2187/33/3 2188/34/3
f 2186/35/64 2183/36/64 2189/37/64 2190/38/64
f 2184/32/2 2183/36/2 2186/35/2 2187/33/2
f 2188/34/1 2190/38/1 2189/37/1 2185/31/1
f 2185/39/4 2189/40/4 2183/41/4 2184/42/4
f 2193/1/3 2192/2/3 2195/3/3 2196/4/3
f 2194/4/64 2191/1/64 2197/5/64 2198/3/64
f 2201/6/3 2200/7/3 2204/8/3 2205/9/3
f 2199/10/64 2202/11/64 2206/12/64 2203/9/64
f 2200/13/2 2199/7/2 2203/14/2 2204/15/2
f 2202/6/1 2201/192/1 2205/193/1 2206/194/1
f 2192/2/2 2191/1/2 2194/4/2 2195/3/2
f 2196/4/1 2198/3/1 2197/5/1 2193/1/1
f 2209/26/1 2210/195/1 2214/196/1 2213/25/1
f 2210/16/64 2207/17/64 2211/18/64 2214/19/64
f 2213/20/4 2214/21/4 2211/22/4 2212/23/4
f 2213/24/3 2212/25/3 2208/26/3 2209/27/3
f 2207/28/2 2208/27/2 2212/29/2 2211/30/2
f 2217/31/3 2216/32/3 2219/33/3 2220/34/3
f 2218/35/64 2215/36/64 2221/37/64 2222/38/64
f 2216/32/2 2215/36/2 2218/35/2 2219/33/2
f 2220/34/1 2222/38/1 2221/37/1 2217/31/1
f 2217/39/4 2221/40/4 2215/41/4 2216/42/4
f 2225/1/3 2224/2/3 2227/3/3 2228/4/3
f 2226/4/64 2223/1/64 2229/5/64 2230/3/64
f 2233/6/3 2232/7/3 2236/8/3 2237/9/3
f 2231/10/64 2234/11/64 2238/12/64 2235/9/64
f 2232/13/2 2231/7/2 2235/14/2 2236/15/2
f 2234/6/1 2233/192/1 2237/193/1 2238/194/1
f 2224/2/2 2223/1/2 2226/4/2 2227/3/2
f 2228/4/1 2230/3/1 2229/5/1 2225/1/1
f 2241/26/1 2242/195/1 2246/196/1 2245/25/1
f 2242/16/64 2239/17/64 2243/18/64 2246/19/64
f 2245/20/4 2246/21/4 2243/22/4 2244/23/4
f 2245/24/3 2244/25/3 2240/26/3 2241/27/3
f 2239/28/2 2240/27/2 2244/29/2 2243/30/2
f 2249/31/3 2248/32/3 2251/33/3 2252/34/3
f 2250/35/64 2247/36/64 2253/37/64 2254/38/64
f 2248/32/2 2247/36/2 2250/35/2 2251/33/2
f 2252/34/1 2254/38/1 2253/37/1 2249/31/1
f 2249/39/4 2253/40/4 2247/41/4 2248/42/4
f 2257/1/3 2256/2/3 2259/3/3 2260/4/3
f 2258/4/64 2255/1/64 2261/5/64 2262/3/64
f 2265/6/3 2264/7/3 2268/8/3 2269/9/3
f 2263/10/64 2266/11/64 2270/12/64 2267/9/64
f 2264/13/2 2263/7/2 2267/14/2 2268/15/2
f 2266/6/1 2265/192/1 2269/193/1 2270/194/1
f 2256/2/2 2255/1/2 2258/4/2 2259/3/2
f 2260/4/1 2262/3/1 2261/5/1 2257/1/1
f 2273/26/1 2274/195/1 2278/196/1 2277/25/1
f 2274/16/64 2271/17/64 2275/18/64 2278/19/64
f 2277/20/4 2278/21/4 2275/22/4 2276/23/4
f 2277/24/3 2276/25/3 2272/26/3 2273/27/3
f 2271/28/2 2272/27/2 2276/29/2 2275/30/2
f 2281/31/3 2280/32/3 2283/33/3 2284/34/3
f 2282/35/64 2279/36/64 2285/37/64 2286/38/64
f 2280/32/2 2279/36/2 2282/35/2 2283/33/2
f 2284/34/1 2286/38/1 2285/37/1 2281/31/1
f 2281/39/4 2285/40/4 2279/41/4 2280/42/4
f 2289/1/3 2288/2/3 2291/3/3 2292/4/3
f 2290/4/64 2287/1/64 2293/5/64 2294/3/64
f 2297/6/3 2296/7/3 2300/8/3 2301/9/3
f 2295/10/64 2298/11/64 2302/12/64 2299/9/64
f 2296/13/2 2295/7/2 2299/14/2 2300/15/2
f 2298/6/1 2297/192/1 2301/193/1 2302/194/1
f 2288/2/2 2287/1/2 2290/4/2 2291/3/2
f 2292/4/1 2294/3/1 2293/5/1 2289/1/1
f 2305/26/1 2306/195/1 2310/196/1 2309/25/1
f 2306/16/64 2303/17/64 2307/18/64 2310/19/64
f 2309/20/4 2310/21/4 2307/22/4 2308/23/4
f 2309/24/3 2308/25/3 2304/26/3 2305/27/3
f 2303/28/2 2304/27/2 2308/29/2 2307/30/2
f 2313/31/3 2312/32/3 2315/33/3 2316/34/3
f 2314/35/64 2311/36/64 2317/37/64 2318/38/64
f 2312/32/2 2311/36/2 2314/35/2 2315/33/2
f 2316/34/1 2318/38/1 2317/37/1 2313/31/1
f 2313/39/4 2317/40/4 2311/41/4 2312/42/4
f 2321/1/3 2320/2/3 2323/3/3 2324/4/3
f 2322/4/64 2319/1/64 2325/5/64 2326/3/64
f 2329/6/3 2328/7/3 2332/8/3 2333/9/3
f 2327/10/64 2330/11/64 2334/12/64 2331/9/64
f 2328/13/2 2327/7/2 2331/14/2 2332/15/2
f 2330/6/1 2329/192/1 2333/193/1 2334/194/1
f 2320/2/2 2319/1/2 2322/4/2 2323/3/2
f 2324/4/1 2326/3/1 2325/5/1 2321/1/1
f 2337/26/1 2338/195/1 2342/196/1 2341/25/1
f 2338/16/64 2335/17/64 2339/18/64 2342/19/64
f 2341/20/4 2342/21/4 2339/22/4 2340/23/4
f 2341/24/3 2340/25/3 2336/26/3 2337/27/3
f 2335/28/2 2336/27/2 2340/29/2 2339/30/2
f 2345/31/3 2344/32/3 2347/33/3 2348/34/3
f 2346/35/64 2343/36/64 2349/37/64 2350/38/64
f 2344/32/2 2343/36/2 2346/35/2 2347/33/2
f 2348/34/1 2350/38/1 2349/37/1 2345/31/1
f 2345/39/4 2349/40/4 2343/41/4 2344/42/4
f 2353/1/3 2352/2/3 2355/3/3 2356/4/3
f 2354/4/64 2351/1/64 2357/5/64 2358/3/64
f 2361/6/3 2360/7/3 2364/8/3 2365/9/3
f 2359/10/64 2362/11/64 2366/12/64 2363/9/64
f 2360/13/2 2359/7/2 2363/14/2 2364/15/2
f 2362/6/1 2361/192/1 2365/193/1 2366/194/1
f 2352/2/2 2351/1/2 2354/4/2 2355/3/2
f 2356/4/1 2358/3/1 2357/5/1 2353/1/1
f 2369/26/1 2370/195/1 2374/196/1 2373/25/1
f 2370/16/64 2367/17/64 2371/18/64 2374/19/64
f 2373/20/4 2374/21/4 2371/22/4 2372/23/4
f 2373/24/3 2372/25/3 2368/26/3 2369/27/3
f 2367/28/2 2368/27/2 2372/29/2 2371/30/2
f 2377/31/3 2376/32/3 2379/33/3 2380/34/3
f 2378/35/64 2375/36/64 2381/37/64 2382/38/64
f 2376/32/2 2375/36/2 2378/35/2 2379/33/2
f 2380/34/1 2382/38/1 2381/37/1 2377/31/1
f 2377/39/4 2381/40/4 2375/41/4 2376/42/4
f 2385/1/3 2384/2/3 2387/3/3 2388/4/3
f 2386/4/64 2383/1/64 2389/5/64 2390/3/64
f 2393/6/3 2392/7/3 2396/8/3 2397/9/3
f 2391/10/64 2394/11/64 2398/12/64 2395/9/64
f 2392/13/2 2391/7/2 2395/14/2 2396/15/2
f 2394/6/1 2393/192/1 2397/193/1 2398/194/1
f 2384/2/2 2383/1/2 2386/4/2 2387/3/2
f 2388/4/1 2390/3/1 2389/5/1 2385/1/1
f 2401/26/1 2402/195/1 2406/196/1 2405/25/1
f 2402/16/64 2399/17/64 2403/18/64 2406/19/64
f 2405/20/4 2406/21/4 2403/22/4 2404/23/4
f 2405/24/3 2404/25/3 2400/26/3 2401/27/3
f 2399/28/2 2400/27/2 2404/29/2 2403/30/2
f 2409/31/3 2408/32/3 2411/33/3 2412/34/3
f 2410/35/64 2407/36/64 2413/37/64 2414/38/64
f 2408/32/2 2407/36/2 2410/35/2 2411/33/2
f 2412/34/1 2414/38/1 2413/37/1 2409/31/1
f 2409/39/4 2413/40/4 2407/41/4 2408/42/4
f 2417/1/3 2416/2/3 2419/3/3 2420/4/3
f 2418/4/64 2415/1/64 2421/5/64 2422/3/64
f 2425/6/3 2424/7/3 2428/8/3 2429/9/3
f 2423/10/64 2426/11/64 2430/12/64 2427/9/64
f 2424/13/2 2423/7/2 2427/14/2 2428/15/2
f 2426/6/1 2425/192/1 2429/193/1 2430/194/1
f 2416/2/2 2415/1/2 2418/4/2 2419/3/2
f 2420/4/1 2422/3/1 2421/5/1 2417/1/1
f 2433/26/1 2434/195/1 2438/196/1 2437/25/1
f 2434/16/64 2431/17/64 2435/18/64 2438/19/64
f 2437/20/4 2438/21/4 2435/22/4 2436/23/4
f 2437/24/3 2436/25/3 2432/26/3 2433/27/3
f 2431/28/2 2432/27/2 2436/29/2 2435/30/2
f 2441/31/3 2440/32/3 2443/33/3 2444/34/3
f 2442/35/64 2439/36/64 2445/37/64 2446/38/64
f 2440/32/2 2439/36/2 2442/35/2 2443/33/2
f 2444/34/1 2446/38/1 2445/37/1 2441/31/1
f 2441/39/4 2445/40/4 2439/41/4 2440/42/4
s 1
f 2450/51/2 2449/52/2 2451/53/2 2452/54/2
f 2449/52/111 2450/51/111 2456/55/112 2457/56/112
f 2457/56/112 2456/55/112 2455/57/72 2458/58/72
f 2458/58/72 2455/57/72 2454/59/70 2459/60/70
f 2459/60/70 2454/59/70 2453/61/69 2460/62/69
f 2460/62/69 2453/61/69 2448/63/68 2447/64/68
f 2464/51/2 2463/52/2 2465/53/2 2466/54/2
f 2463/52/111 2464/51/111 2470/55/112 2471/56/112
f 2471/56/112 2470/55/112 2469/57/72 2472/58/72
f 2472/58/72 2469/57/72 2468/59/70 2473/60/70
f 2473/60/70 2468/59/70 2467/61/69 2474/62/69
f 2474/62/69 2467/61/69 2462/63/68 2461/64/68
f 2478/143/2 2477/181/2 2479/145/2 2480/144/2
f 2477/181/113 2478/143/114 2484/126/115 2485/182/116
f 2485/182/116 2484/126/115 2483/183/72 2486/184/117
f 2486/184/117 2483/183/72 2482/147/70 2487/185/71
f 2487/185/71 2482/147/70 2481/136/69 2488/186/69
f 2488/186/69 2481/136/69 2476/187/68 2475/188/68
f 2495/137/2 2489/189/2 2490/190/2 2496/141/2
f 2495/137/118 2477/191/113 2485/126/116 2497/128/119
f 2497/128/119 2485/126/116 2486/124/117 2498/131/120
f 2498/131/120 2486/124/117 2487/147/71 2499/133/121
f 2499/133/121 2487/147/71 2488/136/69 2500/135/69
f 2494/134/82 2500/135/69 2488/136/69 2475/119/68
f 2493/132/122 2499/133/121 2500/135/69 2494/134/82
f 2492/130/123 2498/131/120 2499/133/121 2493/132/122
f 2491/129/124 2497/128/119 2498/131/120 2492/130/123
f 2489/189/125 2495/137/118 2497/128/119 2491/129/124
f 2477/191/2 2495/137/2 2496/141/2 2479/140/2
